Frame,Time,FPS,Original_Frame,Landmark_ID,Visibility,Detection_OK,X_clean,Y_clean,Z_clean,X_raw,Y_raw,Z_raw
0,0.0,30.0,0,0,1.0,True,0.052176,0.553181,-0.448229,0.052675,0.556011,-0.440219
0,0.0,30.0,0,1,0.999998,True,0.06324,0.572575,-0.435314,0.063634,0.57508,-0.427215
0,0.0,30.0,0,2,0.999997,True,0.063476,0.571534,-0.427237,0.06397,0.574066,-0.419281
0,0.0,30.0,0,3,0.999997,True,0.062306,0.572843,-0.429393,0.062779,0.575325,-0.421502
0,0.0,30.0,0,4,0.999999,True,0.04166,0.577002,-0.453061,0.042268,0.579983,-0.444825
0,0.0,30.0,0,5,0.999999,True,0.043967,0.576577,-0.464633,0.044571,0.579537,-0.456233
0,0.0,30.0,0,6,0.999999,True,0.046551,0.564416,-0.442888,0.047152,0.56735,-0.434611
0,0.0,30.0,0,7,0.999998,True,0.125548,0.557413,-0.326302,0.126358,0.559585,-0.319362
0,0.0,30.0,0,8,0.999997,True,-0.021982,0.500043,-0.330545,-0.020731,0.503745,-0.322081
0,0.0,30.0,0,9,0.999998,True,0.093836,0.537607,-0.395244,0.094616,0.540448,-0.387565
0,0.0,30.0,0,10,0.999998,True,0.054657,0.50187,-0.427721,0.055542,0.504965,-0.419719
0,0.0,30.0,0,11,0.999997,True,0.234183,0.407205,-0.174601,0.235873,0.409056,-0.169789
0,0.0,30.0,0,12,0.999986,True,-0.063834,0.468945,-0.147755,-0.062458,0.473035,-0.139463
0,0.0,30.0,0,13,0.998701,True,0.440545,0.332968,-0.146882,0.444814,0.335863,-0.142829
0,0.0,30.0,0,14,0.998564,True,-0.277839,0.340657,-0.18324,-0.275485,0.345796,-0.175307
0,0.0,30.0,0,15,0.999474,True,0.659611,0.261751,-0.126835,0.670364,0.265617,-0.121915
0,0.0,30.0,0,16,0.999244,True,-0.51412,0.304339,-0.306781,-0.512084,0.316067,-0.303548
0,0.0,30.0,0,17,0.998422,True,0.709171,0.262499,-0.109123,0.720522,0.265346,-0.103315
0,0.0,30.0,0,18,0.997704,True,-0.55187,0.303407,-0.346188,-0.551124,0.316332,-0.344209
0,0.0,30.0,0,19,0.998791,True,0.710701,0.273293,-0.149328,0.722705,0.277368,-0.143022
0,0.0,30.0,0,20,0.998122,True,-0.523942,0.331268,-0.382623,-0.521442,0.344707,-0.380271
0,0.0,30.0,0,21,0.998586,True,0.673006,0.24288,-0.145969,0.683943,0.247247,-0.140767
0,0.0,30.0,0,22,0.997509,True,-0.518501,0.307387,-0.332737,-0.516329,0.320143,-0.329027
0,0.0,30.0,0,23,0.99997,True,0.079067,-0.04343,0.022312,0.078733,-0.04507,0.021471
0,0.0,30.0,0,24,0.999961,True,-0.076623,0.048359,-0.019115,-0.076221,0.050259,-0.018335
0,0.0,30.0,0,25,0.992427,True,0.014548,-0.431704,-0.034879,-0.010089,-0.443927,-0.001196
0,0.0,30.0,0,26,0.996199,True,-0.373908,0.056877,-0.152321,-0.382902,0.097014,-0.164983
0,0.0,30.0,0,27,0.996926,True,-0.078744,-0.788263,0.105028,-0.086348,-0.806189,0.135547
0,0.0,30.0,0,28,0.995371,True,-0.724251,-0.182132,-0.005922,-0.754516,-0.151103,-0.045691
0,0.0,30.0,0,29,0.98825,True,-0.107679,-0.822228,0.124321,-0.112932,-0.841554,0.153496
0,0.0,30.0,0,30,0.979074,True,-0.761839,-0.195203,-0.026478,-0.794768,-0.16541,-0.067621
0,0.0,30.0,0,31,0.996841,True,-0.069966,-0.846518,0.059854,-0.069698,-0.857357,0.090822
0,0.0,30.0,0,32,0.996164,True,-0.810867,-0.179805,-0.087318,-0.849769,-0.132592,-0.133472
1,0.03333333333333333,30.0,1,0,1.0,True,0.047573,0.556848,-0.42792,0.048004,0.553254,-0.443445
1,0.03333333333333333,30.0,1,1,0.999998,True,0.05981,0.575794,-0.415826,0.060205,0.572586,-0.43127
1,0.03333333333333333,30.0,1,2,0.999997,True,0.059557,0.575355,-0.407153,0.059628,0.572136,-0.422384
1,0.03333333333333333,30.0,1,3,0.999998,True,0.058778,0.576256,-0.409129,0.058969,0.573096,-0.424356
1,0.03333333333333333,30.0,1,4,0.999999,True,0.038349,0.580967,-0.431266,0.038163,0.577187,-0.447234
1,0.03333333333333333,30.0,1,5,0.999999,True,0.040324,0.580761,-0.442484,0.040068,0.577058,-0.458781
1,0.03333333333333333,30.0,1,6,0.999999,True,0.043182,0.567667,-0.421939,0.042947,0.563911,-0.437865
1,0.03333333333333333,30.0,1,7,0.999998,True,0.124176,0.558833,-0.309112,0.123973,0.556208,-0.321271
1,0.03333333333333333,30.0,1,8,0.999997,True,-0.022859,0.507292,-0.30568,-0.024643,0.502709,-0.322107
1,0.03333333333333333,30.0,1,9,0.999998,True,0.089756,0.539748,-0.376646,0.089743,0.536123,-0.391109
1,0.03333333333333333,30.0,1,10,0.999998,True,0.050682,0.505263,-0.405441,0.050255,0.501445,-0.421026
1,0.03333333333333333,30.0,1,11,0.999997,True,0.229956,0.408516,-0.163851,0.228821,0.406387,-0.171406
1,0.03333333333333333,30.0,1,12,0.999984,True,-0.067421,0.472458,-0.117802,-0.070753,0.467626,-0.133777
1,0.03333333333333333,30.0,1,13,0.998684,True,0.432112,0.337208,-0.138332,0.429141,0.334318,-0.145308
1,0.03333333333333333,30.0,1,14,0.998505,True,-0.287281,0.338893,-0.140335,-0.291766,0.332056,-0.156232
1,0.03333333333333333,30.0,1,15,0.999449,True,0.639563,0.26024,-0.118673,0.626664,0.255171,-0.131476
1,0.03333333333333333,30.0,1,16,0.999062,True,-0.521213,0.291066,-0.251958,-0.526432,0.272655,-0.262364
1,0.03333333333333333,30.0,1,17,0.99835,True,0.687553,0.25833,-0.103526,0.673689,0.254602,-0.119324
1,0.03333333333333333,30.0,1,18,0.997127,True,-0.55574,0.287995,-0.286656,-0.559599,0.268234,-0.295616
1,0.03333333333333333,30.0,1,19,0.998743,True,0.687094,0.2642,-0.144863,0.67213,0.258291,-0.161325
1,0.03333333333333333,30.0,1,20,0.997661,True,-0.531412,0.316089,-0.323187,-0.53728,0.295145,-0.334381
1,0.03333333333333333,30.0,1,21,0.998534,True,0.652355,0.239984,-0.139007,0.63912,0.234048,-0.152316
1,0.03333333333333333,30.0,1,22,0.997083,True,-0.526065,0.292867,-0.278649,-0.531358,0.273064,-0.289907
1,0.03333333333333333,30.0,1,23,0.999968,True,0.080924,-0.038,0.018528,0.082214,-0.035901,0.019772
1,0.03333333333333333,30.0,1,24,0.999954,True,-0.07834,0.042247,-0.01544,-0.079745,0.039704,-0.016579
1,0.03333333333333333,30.0,1,25,0.991397,True,0.038875,-0.39649,-0.111098,0.085956,-0.378553,-0.16519
1,0.03333333333333333,30.0,1,26,0.976391,True,-0.34104,-0.011837,-0.102833,-0.33489,-0.068299,-0.075584
1,0.03333333333333333,30.0,1,27,0.993622,True,-0.058548,-0.760325,-0.004525,-0.043272,-0.727398,-0.050317
1,0.03333333333333333,30.0,1,28,0.939009,False,-0.512732748706646,-0.246263,0.090596,-0.273876,-0.27285,0.173512
1,0.03333333333333333,30.0,1,29,0.977074,True,-0.088845,-0.793807,0.012357,-0.077817,-0.7581,-0.03071
1,0.03333333333333333,30.0,1,30,0.917889,False,-0.529767034482452,-0.258665,0.073814,-0.263231,-0.282882,0.161425
1,0.03333333333333333,30.0,1,31,0.993558,True,-0.064112,-0.827343,-0.057821,-0.063598,-0.806674,-0.103194
1,0.03333333333333333,30.0,1,32,0.949131,False,-0.5539817561918982,-0.266967,0.034686,-0.256861,-0.31991,0.139758
2,0.06666666666666667,30.0,2,0,1.0,True,0.044976,0.560606,-0.413455,0.045605,0.555513,-0.4122
2,0.06666666666666667,30.0,2,1,0.999998,True,0.058059,0.579164,-0.401784,0.059375,0.574629,-0.40072
2,0.06666666666666667,30.0,2,2,0.999998,True,0.057382,0.579227,-0.392724,0.058649,0.574673,-0.391321
2,0.06666666666666667,30.0,2,3,0.999998,True,0.056901,0.579789,-0.394564,0.058214,0.575297,-0.393091
2,0.06666666666666667,30.0,2,4,0.999999,True,0.036687,0.584975,-0.415872,0.037468,0.579696,-0.413885
2,0.06666666666666667,30.0,2,5,0.999999,True,0.03838,0.58495,-0.426753,0.039197,0.579757,-0.424862
2,0.06666666666666667,30.0,2,6,0.999999,True,0.041516,0.571093,-0.407184,0.042317,0.565873,-0.405762
2,0.06666666666666667,30.0,2,7,0.999998,True,0.123292,0.560649,-0.296159,0.124,0.556931,-0.295996
2,0.06666666666666667,30.0,2,8,0.999997,True,-0.023352,0.514015,-0.288274,-0.024334,0.508159,-0.284473
2,0.06666666666666667,30.0,2,9,0.999998,True,0.087323,0.542219,-0.36324,0.08781,0.537306,-0.362667
2,0.06666666666666667,30.0,2,10,0.999998,True,0.048283,0.508783,-0.389648,0.048414,0.503377,-0.387672
2,0.06666666666666667,30.0,2,11,0.999997,True,0.228549,0.410226,-0.154329,0.229028,0.40663,-0.156896
2,0.06666666666666667,30.0,2,12,0.999983,True,-0.07215,0.47632,-0.097248,-0.07382,0.470197,-0.09226
2,0.06666666666666667,30.0,2,13,0.998678,True,0.431932,0.342478,-0.129205,0.429972,0.335617,-0.139235
2,0.06666666666666667,30.0,2,14,0.998383,True,-0.299915,0.339906,-0.110371,-0.301205,0.332886,-0.103696
2,0.06666666666666667,30.0,2,15,0.999433,True,0.635945,0.259946,-0.111791,0.622893,0.252747,-0.130404
2,0.06666666666666667,30.0,2,16,0.99891,True,-0.533297,0.284129,-0.213726,-0.53476,0.273329,-0.203044
2,0.06666666666666667,30.0,2,17,0.998293,True,0.684137,0.255619,-0.098661,0.668723,0.247803,-0.118159
2,0.06666666666666667,30.0,2,18,0.996718,True,-0.565791,0.279727,-0.244794,-0.565411,0.266191,-0.232695
2,0.06666666666666667,30.0,2,19,0.998706,True,0.682275,0.257627,-0.141984,0.664326,0.24905,-0.159831
2,0.06666666666666667,30.0,2,20,0.997341,True,-0.544146,0.307891,-0.280431,-0.54499,0.294008,-0.272987
2,0.06666666666666667,30.0,2,21,0.99849,True,0.648492,0.23853,-0.133746,0.634046,0.230816,-0.151843
2,0.06666666666666667,30.0,2,22,0.996808,True,-0.538545,0.285035,-0.241096,-0.539867,0.273587,-0.23068
2,0.06666666666666667,30.0,2,23,0.999964,True,0.083155,-0.033449,0.016225,0.084657,-0.032505,0.016849
2,0.06666666666666667,30.0,2,24,0.999944,True,-0.080443,0.037129,-0.013233,-0.081976,0.036032,-0.013864
2,0.06666666666666667,30.0,2,25,0.988386,True,0.060574,-0.367998,-0.172326,0.063657,-0.362249,-0.194071
2,0.06666666666666667,30.0,2,26,0.943382,True,-0.314639,-0.069799,-0.064539,-0.298665,-0.088488,-0.067393
2,0.06666666666666667,30.0,2,27,0.98968,True,-0.042275,-0.736043,-0.091545,-0.043885,-0.735261,-0.128535
2,0.06666666666666667,30.0,2,28,0.873261,True,-0.369943,-0.311788,0.162021,-0.23919,-0.310519,0.174018
2,0.06666666666666667,30.0,2,29,0.963778,True,-0.073878,-0.769012,-0.076658,-0.076077,-0.768562,-0.115082
2,0.06666666666666667,30.0,2,30,0.850574,True,-0.373158,-0.324768,0.147504,-0.228986,-0.322481,0.160288
2,0.06666666666666667,30.0,2,31,0.990326,True,-0.059917,-0.809306,-0.152623,-0.063179,-0.814365,-0.194651
2,0.06666666666666667,30.0,2,32,0.894528,True,-0.380254,-0.350122,0.12206,-0.214165,-0.367645,0.139118
3,0.1,30.0,3,0,1.0,True,0.045922,0.564113,-0.407033,0.045459,0.567584,-0.389789
3,0.1,30.0,3,1,0.999998,True,0.059488,0.582423,-0.395156,0.059639,0.585545,-0.378119
3,0.1,30.0,3,2,0.999998,True,0.058505,0.58282,-0.385982,0.058875,0.586141,-0.368774
3,0.1,30.0,3,3,0.999998,True,0.058189,0.583162,-0.38777,0.058512,0.586305,-0.37054
3,0.1,30.0,3,4,0.999999,True,0.037975,0.588657,-0.409224,0.037732,0.592374,-0.390876
3,0.1,30.0,3,5,0.999999,True,0.039462,0.588768,-0.419839,0.039294,0.592586,-0.401313
3,0.1,30.0,3,6,0.999999,True,0.04286,0.574407,-0.400887,0.042545,0.577811,-0.382739
3,0.1,30.0,3,7,0.999998,True,0.12388,0.56288,-0.288581,0.125796,0.565282,-0.272834
3,0.1,30.0,3,8,0.999997,True,-0.023145,0.519613,-0.280826,-0.02252,0.525775,-0.260147
3,0.1,30.0,3,9,0.999998,True,0.087874,0.544865,-0.356824,0.087731,0.547817,-0.340248
3,0.1,30.0,3,10,0.999998,True,0.048613,0.512149,-0.382723,0.048233,0.515839,-0.364386
3,0.1,30.0,3,11,0.999997,True,0.231277,0.412239,-0.14662,0.229305,0.41371,-0.139641
3,0.1,30.0,3,12,0.999983,True,-0.078352,0.480455,-0.088929,-0.076698,0.485067,-0.065214
3,0.1,30.0,3,13,0.998728,True,0.442888,0.348242,-0.121597,0.435069,0.349098,-0.126314
3,0.1,30.0,3,14,0.998414,True,-0.314818,0.343925,-0.098091,-0.30465,0.342661,-0.073111
3,0.1,30.0,3,15,0.99945,True,0.651875,0.260818,-0.111312,0.628088,0.262351,-0.121888
3,0.1,30.0,3,16,0.998929,True,-0.550095,0.284491,-0.198787,-0.537939,0.278393,-0.174522
3,0.1,30.0,3,17,0.998331,True,0.701942,0.254342,-0.100045,0.674452,0.25417,-0.113405
3,0.1,30.0,3,18,0.996773,True,-0.581969,0.279575,-0.228038,-0.567293,0.272926,-0.204187
3,0.1,30.0,3,19,0.998737,True,0.699032,0.254127,-0.145713,0.669856,0.252824,-0.155882
3,0.1,30.0,3,20,0.997389,True,-0.561557,0.307475,-0.263131,-0.547633,0.300966,-0.245288
3,0.1,30.0,3,21,0.998524,True,0.664314,0.238593,-0.135048,0.639096,0.240178,-0.144156
3,0.1,30.0,3,22,0.996892,True,-0.555482,0.285078,-0.226698,-0.542961,0.279706,-0.202051
3,0.1,30.0,3,23,0.99996,True,0.086243,-0.030349,0.015888,0.087118,-0.030209,0.013336
3,0.1,30.0,3,24,0.999936,True,-0.083426,0.033629,-0.012969,-0.084238,0.033471,-0.010436
3,0.1,30.0,3,25,0.98786,True,0.079165,-0.350277,-0.210939,0.070515,-0.351483,-0.220103
3,0.1,30.0,3,26,0.927465,True,-0.299552,-0.109714,-0.043903,-0.304129,-0.112903,-0.041278
3,0.1,30.0,3,27,0.988001,True,-0.031791,-0.717506,-0.144603,-0.0312,-0.723144,-0.166689
3,0.1,30.0,3,28,0.842237,True,-0.290746,-0.37117,0.19626,-0.311586,-0.390303,0.186348
3,0.1,30.0,3,29,0.956643,True,-0.064679,-0.7499,-0.1311,-0.063216,-0.75585,-0.155309
3,0.1,30.0,3,30,0.809325,True,-0.286359,-0.3867,0.182027,-0.309814,-0.409181,0.170113
3,0.1,30.0,3,31,0.989098,True,-0.058381,-0.793607,-0.212748,-0.05843,-0.795174,-0.238052
3,0.1,30.0,3,32,0.870595,True,-0.283547,-0.420409,0.159024,-0.314645,-0.441105,0.139329
4,0.13333333333333333,30.0,4,0,1.0,True,0.050191,0.566595,-0.404781,0.047425,0.566991,-0.395577
4,0.13333333333333333,30.0,4,1,0.999998,True,0.064331,0.584883,-0.392216,0.062246,0.585112,-0.383706
4,0.13333333333333333,30.0,4,2,0.999998,True,0.063218,0.585422,-0.383054,0.061257,0.585524,-0.374399
4,0.13333333333333333,30.0,4,3,0.999998,True,0.062967,0.585673,-0.384884,0.061113,0.585808,-0.376262
4,0.13333333333333333,30.0,4,4,0.999999,True,0.042144,0.591261,-0.406971,0.040253,0.591736,-0.39713
4,0.13333333333333333,30.0,4,5,0.999999,True,0.043491,0.591482,-0.417487,0.04147,0.591858,-0.407814
4,0.13333333333333333,30.0,4,6,0.999999,True,0.047066,0.576867,-0.398784,0.044999,0.577448,-0.388864
4,0.13333333333333333,30.0,4,7,0.999998,True,0.127157,0.565056,-0.282814,0.128265,0.565101,-0.276109
4,0.13333333333333333,30.0,4,8,0.999997,True,-0.022151,0.523577,-0.27779,-0.020975,0.523914,-0.266718
4,0.13333333333333333,30.0,4,9,0.999998,True,0.091413,0.547,-0.353648,0.089634,0.547573,-0.344906
4,0.13333333333333333,30.0,4,10,0.999998,True,0.05142,0.514672,-0.380245,0.049726,0.515294,-0.370172
4,0.13333333333333333,30.0,4,11,0.999997,True,0.236287,0.413864,-0.140469,0.2295,0.413567,-0.139575
4,0.13333333333333333,30.0,4,12,0.999983,True,-0.084428,0.484216,-0.085055,-0.076249,0.484653,-0.068291
4,0.13333333333333333,30.0,4,13,0.998761,True,0.457432,0.35171,-0.120689,0.435632,0.348516,-0.120944
4,0.13333333333333333,30.0,4,14,0.998406,True,-0.324304,0.347367,-0.094607,-0.303433,0.342629,-0.071387
4,0.13333333333333333,30.0,4,15,0.999465,True,0.668049,0.261119,-0.124456,0.629017,0.26104,-0.112409
4,0.13333333333333333,30.0,4,16,0.998913,True,-0.562272,0.285371,-0.197188,-0.53646,0.27841,-0.171073
4,0.13333333333333333,30.0,4,17,0.998367,True,0.718767,0.252667,-0.116234,0.67476,0.253446,-0.104145
4,0.13333333333333333,30.0,4,18,0.996726,True,-0.593657,0.279622,-0.226555,-0.566798,0.27146,-0.200046
4,0.13333333333333333,30.0,4,19,0.998768,True,0.714008,0.251789,-0.162204,0.670211,0.253166,-0.146209
4,0.13333333333333333,30.0,4,20,0.997357,True,-0.573185,0.306918,-0.265286,-0.546136,0.299935,-0.241105
4,0.13333333333333333,30.0,4,21,0.998555,True,0.679565,0.238482,-0.148828,0.640064,0.23895,-0.134039
4,0.13333333333333333,30.0,4,22,0.996893,True,-0.567256,0.286149,-0.225343,-0.541437,0.27905,-0.198645
4,0.13333333333333333,30.0,4,23,0.999958,True,0.090347,-0.028614,0.016112,0.088005,-0.029663,0.011346
4,0.13333333333333333,30.0,4,24,0.999928,True,-0.087452,0.031649,-0.013235,-0.085092,0.032852,-0.008492
4,0.13333333333333333,30.0,4,25,0.986641,True,0.095742,-0.342526,-0.229251,0.087547,-0.341949,-0.208473
4,0.13333333333333333,30.0,4,26,0.906799,True,-0.297163,-0.130519,-0.040005,-0.313962,-0.090167,-0.034576
4,0.13333333333333333,30.0,4,27,0.986186,True,-0.025837,-0.704709,-0.167046,-0.022635,-0.712857,-0.137761
4,0.13333333333333333,30.0,4,28,0.792851,True,-0.26938,-0.407743,0.198864,-0.274557,-0.317453,0.218286
4,0.13333333333333333,30.0,4,29,0.949177,True,-0.059965,-0.736505,-0.154347,-0.055492,-0.745882,-0.123693
4,0.13333333333333333,30.0,4,30,0.760826,True,-0.262591,-0.427364,0.183701,-0.265745,-0.332651,0.205529
4,0.13333333333333333,30.0,4,31,0.98765,True,-0.058894,-0.781386,-0.240444,-0.053366,-0.791663,-0.202917
4,0.13333333333333333,30.0,4,32,0.832035,True,-0.255954,-0.46412,0.154932,-0.256344,-0.35691,0.187003
5,0.16666666666666666,30.0,5,0,1.0,True,0.054483,0.567472,-0.397143,0.045955,0.56784,-0.395488
5,0.16666666666666666,30.0,5,1,0.999998,True,0.070074,0.585979,-0.384063,0.061599,0.586294,-0.383204
5,0.16666666666666666,30.0,5,2,0.999998,True,0.069104,0.58648,-0.374764,0.060773,0.586743,-0.373937
5,0.16666666666666666,30.0,5,3,0.999998,True,0.068891,0.586743,-0.376686,0.060589,0.587017,-0.375689
5,0.16666666666666666,30.0,5,4,0.999999,True,0.046656,0.592267,-0.39871,0.039529,0.59271,-0.397271
5,0.16666666666666666,30.0,5,5,0.999999,True,0.047891,0.592573,-0.40939,0.040679,0.592824,-0.407945
5,0.16666666666666666,30.0,5,6,0.999999,True,0.051474,0.577901,-0.390649,0.044276,0.57841,-0.388926
5,0.16666666666666666,30.0,5,7,0.999998,True,0.133178,0.566513,-0.271795,0.1279,0.566481,-0.273411
5,0.16666666666666666,30.0,5,8,0.999997,True,-0.020581,0.525879,-0.266966,-0.021939,0.525803,-0.26622
5,0.16666666666666666,30.0,5,9,0.999999,True,0.095352,0.547987,-0.344988,0.087977,0.548458,-0.344269
5,0.16666666666666666,30.0,5,10,0.999998,True,0.054121,0.515808,-0.371658,0.047647,0.516149,-0.370064
5,0.16666666666666666,30.0,5,11,0.999997,True,0.23758,0.414278,-0.134886,0.228422,0.415151,-0.135577
5,0.16666666666666666,30.0,5,12,0.999983,True,-0.086143,0.486671,-0.06948,-0.081124,0.485838,-0.068449
5,0.16666666666666666,30.0,5,13,0.998804,True,0.456386,0.348901,-0.131385,0.435863,0.348615,-0.118975
5,0.16666666666666666,30.0,5,14,0.998439,True,-0.315306,0.344197,-0.079503,-0.310272,0.34433,-0.076204
5,0.16666666666666666,30.0,5,15,0.999484,True,0.645748,0.258582,-0.152557,0.62962,0.260375,-0.112529
5,0.16666666666666666,30.0,5,16,0.998909,True,-0.552371,0.275558,-0.183972,-0.54107,0.279035,-0.174412
5,0.16666666666666666,30.0,5,17,0.998409,True,0.691216,0.248535,-0.149611,0.676191,0.252861,-0.104419
5,0.16666666666666666,30.0,5,18,0.996695,True,-0.581056,0.26694,-0.21472,-0.569726,0.271061,-0.205087
5,0.16666666666666666,30.0,5,19,0.998802,True,0.682588,0.248044,-0.19057,0.670152,0.253671,-0.146732
5,0.16666666666666666,30.0,5,20,0.997335,True,-0.560131,0.293727,-0.264429,-0.549009,0.298793,-0.245549
5,0.16666666666666666,30.0,5,21,0.998596,True,0.654404,0.235998,-0.174497,0.639775,0.23829,-0.134261
5,0.16666666666666666,30.0,5,22,0.996899,True,-0.55623,0.276596,-0.211801,-0.545054,0.279075,-0.201933
5,0.16666666666666666,30.0,5,23,0.999955,True,0.0943,-0.027329,0.01368,0.089308,-0.024583,0.011504
5,0.16666666666666666,30.0,5,24,0.999923,True,-0.091347,0.030224,-0.010822,-0.086345,0.027532,-0.008637
5,0.16666666666666666,30.0,5,25,0.98549,True,0.109624,-0.338669,-0.235467,0.101766,-0.330491,-0.22409
5,0.16666666666666666,30.0,5,26,0.895316,True,-0.303116,-0.13812,-0.045151,-0.275166,-0.167513,-0.041817
5,0.16666666666666666,30.0,5,27,0.981625,True,-0.0206,-0.696339,-0.171029,-0.019281,-0.689657,-0.149323
5,0.16666666666666666,30.0,5,28,0.774233,True,-0.264202,-0.406874,0.186585,-0.250815,-0.466098,0.163134
5,0.16666666666666666,30.0,5,29,0.937733,True,-0.055517,-0.727713,-0.158629,-0.052933,-0.720783,-0.135364
5,0.16666666666666666,30.0,5,30,0.728013,True,-0.256079,-0.430165,0.17046,-0.245904,-0.487393,0.145802
5,0.16666666666666666,30.0,5,31,0.984382,True,-0.058533,-0.773354,-0.245212,-0.052053,-0.761643,-0.214479
5,0.16666666666666666,30.0,5,32,0.815312,True,-0.247086,-0.46989,0.134312,-0.242557,-0.520858,0.108835
6,0.2,30.0,6,0,1.0,True,0.052258,0.567267,-0.373002,0.050193,0.570414,-0.393196
6,0.2,30.0,6,1,0.999998,True,0.070673,0.586087,-0.360691,0.066579,0.588992,-0.380586
6,0.2,30.0,6,2,0.999998,True,0.070229,0.586425,-0.350894,0.066279,0.589308,-0.371603
6,0.2,30.0,6,3,0.999998,True,0.070085,0.586734,-0.352859,0.06575,0.589615,-0.373238
6,0.2,30.0,6,4,0.999999,True,0.046296,0.592266,-0.372867,0.04439,0.595216,-0.395863
6,0.2,30.0,6,5,0.999999,True,0.047413,0.59255,-0.383971,0.045647,0.595239,-0.406409
6,0.2,30.0,6,6,0.999999,True,0.050812,0.578015,-0.365,0.049359,0.581086,-0.387323
6,0.2,30.0,6,7,0.999998,True,0.138799,0.566927,-0.249423,0.130497,0.56838,-0.269348
6,0.2,30.0,6,8,0.999997,True,-0.018908,0.527254,-0.236417,-0.019676,0.528211,-0.266015
6,0.2,30.0,6,9,0.999999,True,0.094028,0.548092,-0.321247,0.090853,0.550734,-0.340866
6,0.2,30.0,6,10,0.999998,True,0.051804,0.515954,-0.345292,0.050399,0.518343,-0.36822
6,0.2,30.0,6,11,0.999997,True,0.226158,0.413374,-0.128737,0.229231,0.415813,-0.132635
6,0.2,30.0,6,12,0.999983,True,-0.077595,0.487172,-0.027739,-0.081244,0.487805,-0.066804
6,0.2,30.0,6,13,0.998862,True,0.41549,0.337408,-0.153161,0.439677,0.349452,-0.118332
6,0.2,30.0,6,14,0.998475,True,-0.276458,0.329841,-0.032529,-0.308496,0.344152,-0.075602
6,0.2,30.0,6,15,0.999497,True,0.546106,0.25256,-0.183792,0.630648,0.260568,-0.112844
6,0.2,30.0,6,16,0.998897,True,-0.503875,0.247902,-0.132178,-0.540486,0.275833,-0.174317
6,0.2,30.0,6,17,0.998431,True,0.577016,0.242172,-0.187559,0.677333,0.253058,-0.10535
6,0.2,30.0,6,18,0.996656,True,-0.525808,0.233546,-0.164139,-0.567063,0.266419,-0.204337
6,0.2,30.0,6,19,0.998819,True,0.562636,0.242587,-0.216543,0.670882,0.254052,-0.14777
6,0.2,30.0,6,20,0.997304,True,-0.505362,0.260853,-0.230111,-0.548775,0.294725,-0.245618
6,0.2,30.0,6,21,0.998618,True,0.549711,0.230672,-0.19903,0.640406,0.238657,-0.134357
6,0.2,30.0,6,22,0.996892,True,-0.506167,0.24859,-0.158794,-0.544737,0.275898,-0.201706
6,0.2,30.0,6,23,0.999953,True,0.094842,-0.024979,0.005184,0.091646,-0.023649,0.011577
6,0.2,30.0,6,24,0.999921,True,-0.091832,0.027817,-0.002351,-0.088641,0.026529,-0.008712
6,0.2,30.0,6,25,0.986057,True,0.115359,-0.329989,-0.236344,0.113225,-0.322239,-0.233933
6,0.2,30.0,6,26,0.900778,True,-0.305766,-0.142904,-0.048292,-0.291463,-0.183969,-0.055646
6,0.2,30.0,6,27,0.981048,True,-0.011844,-0.691019,-0.167429,-0.016515,-0.685987,-0.145515
6,0.2,30.0,6,28,0.789799,True,-0.235193,-0.372518,0.175533,-0.35009,-0.531354,0.126872
6,0.2,30.0,6,29,0.933044,True,-0.04615,-0.722477,-0.154797,-0.051731,-0.717335,-0.130899
6,0.2,30.0,6,30,0.730727,True,-0.2238,-0.395531,0.158886,-0.354351,-0.558143,0.100374
6,0.2,30.0,6,31,0.983913,True,-0.05256,-0.769309,-0.234085,-0.055098,-0.757989,-0.214731
6,0.2,30.0,6,32,0.826741,True,-0.210586,-0.440643,0.119618,-0.353419,-0.57539,0.019548
7,0.23333333333333334,30.0,7,0,1.0,True,0.036297,0.567951,-0.324921,0.042998,0.570028,-0.381308
7,0.23333333333333334,30.0,7,1,0.999998,True,0.058274,0.586854,-0.315928,0.062435,0.588548,-0.370047
7,0.23333333333333334,30.0,7,2,0.999998,True,0.058738,0.587004,-0.305319,0.061688,0.588995,-0.360581
7,0.23333333333333334,30.0,7,3,0.999998,True,0.058705,0.58731,-0.307193,0.061516,0.589228,-0.363059
7,0.23333333333333334,30.0,7,4,0.999999,True,0.035246,0.59322,-0.322835,0.038468,0.594967,-0.382331
7,0.23333333333333334,30.0,7,5,0.999999,True,0.036198,0.593239,-0.334472,0.040129,0.595047,-0.393732
7,0.23333333333333334,30.0,7,6,0.999999,True,0.03938,0.579081,-0.31514,0.043431,0.580657,-0.374683
7,0.23333333333333334,30.0,7,7,0.999998,True,0.136792,0.56668,-0.215075,0.130449,0.56755,-0.265096
7,0.23333333333333334,30.0,7,8,0.999997,True,-0.017493,0.528905,-0.183072,-0.020011,0.527327,-0.249205
7,0.23333333333333334,30.0,7,9,0.999998,True,0.080467,0.548839,-0.276887,0.084817,0.550568,-0.331978
7,0.23333333333333334,30.0,7,10,0.999998,True,0.039265,0.516702,-0.294783,0.044559,0.517947,-0.355608
7,0.23333333333333334,30.0,7,11,0.999996,True,0.193535,0.412323,-0.121145,0.227525,0.415756,-0.134265
7,0.23333333333333334,30.0,7,12,0.999981,True,-0.054071,0.485744,0.040745,-0.081388,0.487585,-0.05695
7,0.23333333333333334,30.0,7,13,0.996405,True,0.318886,0.318896,-0.176974,0.391961,0.337066,-0.20997
7,0.23333333333333334,30.0,7,14,0.997536,True,-0.206437,0.305059,0.050951,-0.305169,0.334143,-0.064916
7,0.23333333333333334,30.0,7,15,0.997878,True,0.357764,0.245417,-0.194821,0.470181,0.251777,-0.334979
7,0.23333333333333334,30.0,7,16,0.998542,True,-0.414127,0.207198,-0.031407,-0.515868,0.262977,-0.170464
7,0.23333333333333334,30.0,7,17,0.996208,True,0.3695584217535435,0.237279,-0.203722,0.487743,0.23916,-0.353361
7,0.23333333333333334,30.0,7,18,0.995997,True,-0.425763,0.185791,-0.062526,-0.537856,0.248503,-0.202422
7,0.23333333333333334,30.0,7,19,0.997003,True,0.35065148455664474,0.238821,-0.215897,0.465787,0.239705,-0.381899
7,0.23333333333333334,30.0,7,20,0.99674,True,-0.407863,0.215622,-0.141723,-0.513837,0.275262,-0.241063
7,0.23333333333333334,30.0,7,21,0.995871,True,0.355532,0.225086,-0.200019,0.467062,0.230252,-0.353522
7,0.23333333333333334,30.0,7,22,0.996184,True,-0.415391,0.206582,-0.055702,-0.518339,0.261431,-0.196769
7,0.23333333333333334,30.0,7,23,0.999949,True,0.087215,-0.020281,-0.010217,0.092533,-0.024325,0.005054
7,0.23333333333333334,30.0,7,24,0.999914,True,-0.084141,0.023183,0.01296,-0.089347,0.027297,-0.002474
7,0.23333333333333334,30.0,7,25,0.98015,True,0.104512,-0.311117,-0.232118,0.098789,-0.333969,-0.237446
7,0.23333333333333334,30.0,7,26,0.863029,True,-0.287266,-0.153342,-0.039847,-0.307466,-0.11032,-0.051569
7,0.23333333333333334,30.0,7,27,0.978473,True,0.002496,-0.688074,-0.160031,-0.011145,-0.693201,-0.197317
7,0.23333333333333334,30.0,7,28,0.723901,True,-0.168093,-0.333571,0.172648,-0.229581,-0.295921,0.214518
7,0.23333333333333334,30.0,7,29,0.917768,True,-0.028758,-0.720351,-0.146707,-0.041435,-0.723194,-0.187711
7,0.23333333333333334,30.0,7,30,0.67367,True,-0.152052,-0.348037,0.155317,-0.212836,-0.304638,0.203476
7,0.23333333333333334,30.0,7,31,0.981454,True,-0.03682,-0.768128,-0.20811,-0.049793,-0.77973,-0.270213
7,0.23333333333333334,30.0,7,32,0.765785,True,-0.13307,-0.399583,0.120097,-0.201687,-0.404228,0.20331
8,0.26666666666666666,30.0,8,0,0.999998,True,0.003982,0.57204,-0.251677,0.016411,0.569534,-0.167308
8,0.26666666666666666,30.0,8,1,0.999998,True,0.028088,0.590444,-0.249409,0.037594,0.588368,-0.168578
8,0.26666666666666666,30.0,8,2,0.999998,True,0.029622,0.590533,-0.237963,0.039142,0.588572,-0.155669
8,0.26666666666666666,30.0,8,3,0.999998,True,0.029711,0.590714,-0.23964,0.039772,0.588816,-0.157747
8,0.26666666666666666,30.0,8,4,0.999999,True,0.011506,0.597533,-0.249735,0.024854,0.594547,-0.166595
8,0.26666666666666666,30.0,8,5,0.999998,True,0.01216,0.596948,-0.26175,0.02447,0.594606,-0.179124
8,0.26666666666666666,30.0,8,6,0.999998,True,0.015485,0.583439,-0.241965,0.028467,0.580344,-0.159313
8,0.26666666666666666,30.0,8,7,0.999998,True,0.118276,0.566684,-0.173663,0.120849,0.566045,-0.107403
8,0.26666666666666666,30.0,8,8,0.99999,True,-0.015775,0.531678,-0.116049,-0.008967,0.529033,-0.044618
8,0.26666666666666666,30.0,8,9,0.999995,True,0.050762,0.552251,-0.212232,0.059598,0.549837,-0.132067
8,0.26666666666666666,30.0,8,10,0.999989,True,0.014954,0.52007,-0.222014,0.025161,0.517655,-0.140748
8,0.26666666666666666,30.0,8,11,0.999996,True,0.13617,0.413085,-0.11089,0.107331,0.410391,-0.088521
8,0.26666666666666666,30.0,8,12,0.99988,True,-0.015242,0.48304,0.118698,0.003756,0.481034,0.209786
8,0.26666666666666666,30.0,8,13,0.996282,False,0.171546,0.298886,-0.187314,-0.018643,0.278456,-0.177816
8,0.26666666666666666,30.0,8,14,0.898727,True,-0.115749,0.276372,0.15279,-0.00654,0.244153,0.253238
8,0.26666666666666666,30.0,8,15,0.997739,False,0.12126835873073365,0.241585,-0.162543,-0.233385,0.232719,-0.126323
8,0.26666666666666666,30.0,8,16,0.901426,False,-0.299616,0.169917,0.101483,-0.059613,0.117118,0.213281
8,0.26666666666666666,30.0,8,17,0.995908,False,0.09133084345113099,0.239183,-0.171324,-0.289608,0.228916,-0.140702
8,0.26666666666666666,30.0,8,18,0.90195,False,-0.300698,0.144135,0.07485,-0.033428,0.089452,0.186436
8,0.26666666666666666,30.0,8,19,0.996572,False,0.07053400990126417,0.24194,-0.167348,-0.316899,0.231239,-0.110095
8,0.26666666666666666,30.0,8,20,0.902709,False,-0.287854,0.178636,-0.00501,-0.028608,0.123546,0.170484
8,0.26666666666666666,30.0,8,21,0.994525,False,0.11570119303655302,0.223715,-0.157538,-0.246128,0.215382,-0.105764
8,0.26666666666666666,30.0,8,22,0.902312,False,-0.301794,0.16775,0.080602,-0.057881,0.123917,0.195349
8,0.26666666666666666,30.0,8,23,0.999953,True,0.067522,-0.013319,-0.028748,0.068353,-0.017188,-0.032012
8,0.26666666666666666,30.0,8,24,0.999917,True,-0.064422,0.016463,0.031253,-0.06568,0.020362,0.034466
8,0.26666666666666666,30.0,8,25,0.980769,True,0.072698,-0.286167,-0.216975,0.104349,-0.321981,-0.212036
8,0.26666666666666666,30.0,8,26,0.842983,True,-0.229497,-0.168243,-0.016255,-0.21304,-0.108189,-0.013463
8,0.26666666666666666,30.0,8,27,0.979356,True,0.020877,-0.687609,-0.147244,0.028248,-0.696794,-0.164309
8,0.26666666666666666,30.0,8,28,0.700105,True,-0.077401,-0.327796,0.174691,0.055067,-0.206646,0.17478
8,0.26666666666666666,30.0,8,29,0.91908,True,-0.004741,-0.721341,-0.133302,-0.001872,-0.731181,-0.156115
8,0.26666666666666666,30.0,8,30,0.657203,True,-0.058944,-0.322682,0.155592,0.083916,-0.199682,0.161792
8,0.26666666666666666,30.0,8,31,0.981036,True,-0.011174,-0.768609,-0.166905,-0.011224,-0.78153,-0.179737
8,0.26666666666666666,30.0,8,32,0.744483,True,-0.03546,-0.379211,0.132276,0.132178,-0.255655,0.145267
9,0.3,30.0,9,0,0.999997,True,-0.037924,0.580806,-0.15783,0.00085,0.569494,-0.150057
9,0.3,30.0,9,1,0.999998,True,-0.016051,0.597985,-0.165461,0.024838,0.588267,-0.152133
9,0.3,30.0,9,2,0.999997,True,-0.013676,0.598292,-0.153491,0.026976,0.588303,-0.139179
9,0.3,30.0,9,3,0.999998,True,-0.013479,0.59821,-0.155041,0.027522,0.588597,-0.14088
9,0.3,30.0,9,4,0.999998,True,-0.019124,0.606322,-0.160922,0.015712,0.596052,-0.149035
9,0.3,30.0,9,5,0.999998,True,-0.019045,0.604851,-0.172926,0.014587,0.595333,-0.161544
9,0.3,30.0,9,6,0.999998,True,-0.014726,0.592187,-0.152651,0.019008,0.582092,-0.1417
9,0.3,30.0,9,7,0.999998,True,0.078452,0.567755,-0.131044,0.114748,0.565374,-0.094591
9,0.3,30.0,9,8,0.999985,True,-0.011673,0.535325,-0.051603,-0.003041,0.534322,-0.027287
9,0.3,30.0,9,9,0.999992,True,0.008745,0.559323,-0.131979,0.044334,0.549666,-0.116306
9,0.3,30.0,9,10,0.999983,True,-0.015656,0.527046,-0.135367,0.012098,0.519197,-0.123334
9,0.3,30.0,9,11,0.999995,True,0.058626,0.416917,-0.095457,0.084145,0.408607,-0.081826
9,0.3,30.0,9,12,0.999801,True,0.033476,0.479979,0.180173,0.022012,0.480619,0.226659
9,0.3,30.0,9,13,0.996062,True,0.001166,0.283518,-0.169478,-0.033214,0.26529,-0.170316
9,0.3,30.0,9,14,0.809577,True,-0.019972,0.252279,0.240324,0.0281,0.236728,0.269015
9,0.3,30.0,9,15,0.997527,True,-0.12528427405626244,0.244758,-0.078712,-0.236407,0.225065,-0.091762
9,0.3,30.0,9,16,0.81324,True,-0.186781,0.154198,0.229353,-0.03605,0.104771,0.230554
9,0.3,30.0,9,17,0.995468,True,-0.16718615657684704,0.251037,-0.080368,-0.28941,0.22506,-0.100093
9,0.3,30.0,9,18,0.815727,True,-0.181331,0.13092,0.211142,-0.014219,0.07767,0.205456
9,0.3,30.0,9,19,0.996,True,-0.18417496970474856,0.254908,-0.066568,-0.314796,0.228114,-0.077057
9,0.3,30.0,9,20,0.816499,True,-0.175656,0.170944,0.146499,-0.013216,0.108434,0.189154
9,0.3,30.0,9,21,0.99291,True,-0.131335846800889,0.22993,-0.067104,-0.247841,0.208924,-0.074878
9,0.3,30.0,9,22,0.816318,True,-0.192829,0.151938,0.212674,-0.036929,0.110534,0.212982
9,0.3,30.0,9,23,0.999956,True,0.035737,-0.00611,-0.04278,0.05664,-0.012138,-0.043904
9,0.3,30.0,9,24,0.99992,True,-0.03274,0.00967,0.044829,-0.054052,0.015242,0.046397
9,0.3,30.0,9,25,0.980843,True,0.026024,-0.268653,-0.184219,0.098977,-0.308933,-0.191043
9,0.3,30.0,9,26,0.821994,True,-0.124417,-0.174655,0.017783,-0.178699,-0.136174,0.00058
9,0.3,30.0,9,27,0.979354,True,0.039012,-0.690173,-0.127331,0.035357,-0.67987,-0.110416
9,0.3,30.0,9,28,0.672823,True,0.010175,-0.370894,0.17307,0.074387,-0.220272,0.169415
9,0.3,30.0,9,29,0.917769,True,0.020204,-0.725562,-0.113808,0.005951,-0.716568,-0.091921
9,0.3,30.0,9,30,0.638327,True,0.025188,-0.337567,0.150976,0.101021,-0.214084,0.149984
9,0.3,30.0,9,31,0.979511,True,0.018713,-0.770602,-0.114636,-0.007121,-0.761054,-0.100562
9,0.3,30.0,9,32,0.719883,True,0.049727,-0.39702,0.14736,0.146561,-0.257608,0.149776
10,0.3333333333333333,30.0,10,0,0.999994,True,-0.073719,0.592916,-0.053178,-0.099832,0.591325,-0.132628
10,0.3333333333333333,30.0,10,1,0.999996,True,-0.060243,0.608383,-0.072064,-0.075371,0.606666,-0.148957
10,0.3333333333333333,30.0,10,2,0.999995,True,-0.057593,0.609244,-0.060037,-0.070164,0.607141,-0.137131
10,0.3333333333333333,30.0,10,3,0.999996,True,-0.057295,0.608819,-0.061738,-0.070961,0.606287,-0.138382
10,0.3333333333333333,30.0,10,4,0.999996,True,-0.043691,0.618193,-0.067365,-0.069328,0.617265,-0.137377
10,0.3333333333333333,30.0,10,5,0.999994,True,-0.044536,0.615791,-0.078915,-0.06856,0.613569,-0.148819
10,0.3333333333333333,30.0,10,6,0.999995,True,-0.038174,0.603976,-0.058204,-0.063853,0.603918,-0.127569
10,0.3333333333333333,30.0,10,7,0.999996,True,0.022017,0.569968,-0.089616,0.03786,0.566395,-0.139611
10,0.3333333333333333,30.0,10,8,0.999977,True,-0.002378,0.538477,-0.003728,-0.009066,0.539349,-0.028684
10,0.3333333333333333,30.0,10,9,0.999976,True,-0.033197,0.568927,-0.043777,-0.048732,0.568445,-0.117014
10,0.3333333333333333,30.0,10,10,0.999959,True,-0.040732,0.536554,-0.046364,-0.061887,0.535227,-0.109211
10,0.3333333333333333,30.0,10,11,0.999992,True,-0.026467,0.422972,-0.071314,-0.025639,0.418674,-0.093598
10,0.3333333333333333,30.0,10,12,0.999807,True,0.082529,0.47736,0.206341,0.087544,0.475745,0.201473
10,0.3333333333333333,30.0,10,13,0.991884,True,-0.152844,0.275942,-0.118049,-0.19088,0.279364,-0.164699
10,0.3333333333333333,30.0,10,14,0.729063,True,0.068936,0.238251,0.284867,0.019507,0.240159,0.302389
10,0.3333333333333333,30.0,10,15,0.980416,True,-0.281108,0.255727,0.043187,-0.363304,0.259449,0.014479
10,0.3333333333333333,30.0,10,16,0.736757,True,-0.095275,0.167459,0.315887,-0.11021,0.148167,0.36098
10,0.3333333333333333,30.0,10,17,0.976674,True,-0.315512,0.271559,0.053928,-0.405577,0.280228,0.026831
10,0.3333333333333333,30.0,10,18,0.743581,True,-0.089624,0.154785,0.308487,-0.096678,0.102895,0.352259
10,0.3333333333333333,30.0,10,19,0.977689,True,-0.319934,0.276127,0.068966,-0.412592,0.285106,0.038409
10,0.3333333333333333,30.0,10,20,0.744732,True,-0.092172,0.198847,0.269013,-0.097335,0.160029,0.336186
10,0.3333333333333333,30.0,10,21,0.965095,True,-0.280643,0.243864,0.055764,-0.365797,0.247569,0.026246
10,0.3333333333333333,30.0,10,22,0.744195,True,-0.107879,0.168044,0.303682,-0.120166,0.115101,0.347105
10,0.3333333333333333,30.0,10,23,0.999958,True,-0.002939,-0.001749,-0.044689,-0.011175,0.010034,-0.0599
10,0.3333333333333333,30.0,10,24,0.999927,True,0.005628,0.005792,0.046064,0.015229,-0.006947,0.060729
10,0.3333333333333333,30.0,10,25,0.974137,True,-0.019991,-0.272655,-0.13257,-0.126151,-0.095498,-0.148544
10,0.3333333333333333,30.0,10,26,0.802377,True,0.017395,-0.15646,0.051264,-0.034205,-0.329741,0.04737
10,0.3333333333333333,30.0,10,27,0.976978,False,0.0527,-0.6962,-0.101619,0.074848,-0.2592,-0.073651
10,0.3333333333333333,30.0,10,28,0.698335,False,0.07568,-0.438054,0.160469,-0.010961,-0.734683,0.14453
10,0.3333333333333333,30.0,10,29,0.919949,False,0.039444,-0.732931,-0.090296,0.080107,-0.271239,-0.054258
10,0.3333333333333333,30.0,10,30,0.660502,False,0.080765,-0.377238,0.135114,-0.008701,-0.765074,0.111389
10,0.3333333333333333,30.0,10,31,0.978271,False,0.043612,-0.775247,-0.060674,0.081967,-0.346964,-0.005651
10,0.3333333333333333,30.0,10,32,0.740836,False,0.103238,-0.439095,0.157973,-0.025488,-0.837112,0.101999
11,0.36666666666666664,30.0,11,0,0.999985,True,-0.086076,0.604722,0.046985,-0.133372,0.617127,0.045035
11,0.36666666666666664,30.0,11,1,0.99999,True,-0.086146,0.618558,0.018731,-0.126708,0.629722,0.012179
11,0.36666666666666664,30.0,11,2,0.999989,True,-0.083824,0.620187,0.030444,-0.124849,0.630726,0.022895
11,0.36666666666666664,30.0,11,3,0.999992,True,-0.083406,0.619461,0.028271,-0.123489,0.630471,0.023066
11,0.36666666666666664,30.0,11,4,0.999989,True,-0.048621,0.62963,0.017705,-0.095473,0.641328,0.019274
11,0.36666666666666664,30.0,11,5,0.999988,True,-0.050547,0.626547,0.006884,-0.094192,0.638451,0.007679
11,0.36666666666666664,30.0,11,6,0.999989,True,-0.041537,0.615354,0.027893,-0.089116,0.625779,0.028959
11,0.36666666666666664,30.0,11,7,0.999994,True,-0.036572,0.572564,-0.048373,-0.069644,0.57709,-0.081254
11,0.36666666666666664,30.0,11,8,0.999966,True,0.013257,0.539418,0.022368,-0.008982,0.543551,0.02606
11,0.36666666666666664,30.0,11,9,0.999958,True,-0.059207,0.578149,0.041411,-0.100789,0.58855,0.031399
11,0.36666666666666664,30.0,11,10,0.999936,True,-0.047816,0.545725,0.032406,-0.083343,0.555034,0.03424
11,0.36666666666666664,30.0,11,11,0.99999,True,-0.102141,0.42839,-0.035743,-0.113936,0.436685,-0.07032
11,0.36666666666666664,30.0,11,12,0.999803,True,0.121896,0.475674,0.195485,0.131329,0.475759,0.182237
11,0.36666666666666664,30.0,11,13,0.988903,True,-0.256017,0.275529,-0.040248,-0.262381,0.288421,-0.06027
11,0.36666666666666664,30.0,11,14,0.665899,True,0.145521,0.23465,0.276741,0.093641,0.245152,0.271928
11,0.36666666666666664,30.0,11,15,0.941199,True,-0.333882,0.272802,0.174841,-0.357129,0.294077,0.187529
11,0.36666666666666664,30.0,11,16,0.664416,True,-0.02742,0.201819,0.345149,-0.136387,0.256247,0.381696
11,0.36666666666666664,30.0,11,17,0.933342,True,-0.358178,0.296608,0.198928,-0.384786,0.324273,0.220417
11,0.36666666666666664,30.0,11,18,0.671116,True,-0.026414,0.204668,0.347926,-0.149398,0.286011,0.393117
11,0.36666666666666664,30.0,11,19,0.933268,True,-0.349406,0.301186,0.208827,-0.371566,0.332264,0.222685
11,0.36666666666666664,30.0,11,20,0.672184,True,-0.036747,0.249177,0.332678,-0.157047,0.332108,0.386627
11,0.36666666666666664,30.0,11,21,0.912237,True,-0.324467,0.263144,0.183633,-0.348163,0.286867,0.19588
11,0.36666666666666664,30.0,11,22,0.671944,True,-0.047462,0.207981,0.337137,-0.16135,0.276812,0.37393
11,0.36666666666666664,30.0,11,23,0.999955,True,-0.039812,-0.002462,-0.031276,-0.050931,0.005992,-0.049064
11,0.36666666666666664,30.0,11,24,0.999913,True,0.042019,0.006901,0.031882,0.053025,0.000629,0.050799
11,0.36666666666666664,30.0,11,25,0.975281,True,-0.049188,-0.301644,-0.06946,-0.064447,-0.36145,-0.099426
11,0.36666666666666664,30.0,11,26,0.771071,True,0.168139,-0.108448,0.072316,0.228729,-0.116256,0.127574
11,0.36666666666666664,30.0,11,27,0.978433,False,0.060628,-0.705562,-0.074004,0.050873,-0.709316,-0.116577
11,0.36666666666666664,30.0,11,28,0.701964,True,0.116745,-0.479425,0.135128,0.1095,-0.722248,0.194815
11,0.36666666666666664,30.0,11,29,0.92673,False,0.049703,-0.743032,-0.066413,0.040411,-0.747254,-0.11175
11,0.36666666666666664,30.0,11,30,0.672222,True,0.108417,-0.40454,0.107569,0.09297,-0.637137,0.162881
11,0.36666666666666664,30.0,11,31,0.978097,False,0.056276,-0.783898,-0.014996,0.06548,-0.772166,-0.064529
11,0.36666666666666664,30.0,11,32,0.730572,True,0.127878,-0.46985,0.160119,0.112588,-0.702436,0.205682
12,0.4,30.0,12,0,0.999955,True,-0.066244,0.612156,0.122972,-0.050881,0.612776,0.181361
12,0.4,30.0,12,1,0.999951,True,-0.081133,0.625064,0.090867,-0.083996,0.625489,0.151396
12,0.4,30.0,12,2,0.999956,True,-0.079439,0.627407,0.102111,-0.083735,0.628748,0.162337
12,0.4,30.0,12,3,0.999966,True,-0.078887,0.626548,0.099368,-0.083804,0.627436,0.157581
12,0.4,30.0,12,4,0.999965,True,-0.028293,0.636841,0.07955,-0.007493,0.63701,0.127107
12,0.4,30.0,12,5,0.999969,True,-0.030978,0.633513,0.069473,-0.01301,0.633372,0.119097
12,0.4,30.0,12,6,0.999968,True,-0.019739,0.622573,0.090614,0.00234,0.622571,0.13974
12,0.4,30.0,12,7,0.999986,True,-0.079328,0.574517,-0.006967,-0.090491,0.576303,0.044143
12,0.4,30.0,12,8,0.999936,True,0.032299,0.537166,0.029608,0.041884,0.536078,0.03696
12,0.4,30.0,12,9,0.999888,True,-0.058381,0.583937,0.10899,-0.047466,0.584633,0.165997
12,0.4,30.0,12,10,0.999864,True,-0.031381,0.551396,0.088126,-0.018229,0.551731,0.130132
12,0.4,30.0,12,11,0.999989,True,-0.153014,0.430232,0.010946,-0.164855,0.435435,0.071636
12,0.4,30.0,12,12,0.999811,True,0.14462,0.475213,0.160247,0.147396,0.476406,0.137279
12,0.4,30.0,12,13,0.97123,True,-0.290951,0.280432,0.048755,-0.263242,0.291188,0.14786
12,0.4,30.0,12,14,0.65626,True,0.207036,0.23899,0.2264,0.246465,0.249419,0.215769
12,0.4,30.0,12,15,0.867165,True,-0.28992,0.293879,0.289244,-0.169822,0.301816,0.389547
12,0.4,30.0,12,16,0.601788,True,0.028938,0.240758,0.32449,0.080104,0.261704,0.274429
12,0.4,30.0,12,17,0.858557,True,-0.298426,0.322729,0.323484,-0.159724,0.333533,0.427136
12,0.4,30.0,12,18,0.607738,True,0.025028,0.258281,0.333445,0.077452,0.289938,0.284973
12,0.4,30.0,12,19,0.858926,True,-0.280118,0.326605,0.326326,-0.136858,0.335264,0.425476
12,0.4,30.0,12,20,0.608785,True,0.009101,0.299059,0.33357,0.060288,0.327241,0.285836
12,0.4,30.0,12,21,0.839411,True,-0.272209,0.285304,0.292449,-0.146033,0.29396,0.386516
12,0.4,30.0,12,22,0.608579,True,0.003258,0.253095,0.320021,0.053103,0.281266,0.274212
12,0.4,30.0,12,23,0.999956,True,-0.066623,-0.008034,-0.005453,-0.073204,-0.01414,0.019291
12,0.4,30.0,12,24,0.999915,True,0.068327,0.012695,0.005442,0.074408,0.018279,-0.020015
12,0.4,30.0,12,25,0.97514,True,-0.054198,-0.344874,-0.008802,-0.033031,-0.390519,0.044045
12,0.4,30.0,12,26,0.776928,True,0.295076,-0.043155,0.07308,0.362026,0.049008,0.055577
12,0.4,30.0,12,27,0.979178,True,0.065032,-0.717804,-0.048483,0.06572,-0.720058,-0.032648
12,0.4,30.0,12,28,0.709418,False,0.142654,-0.45906,0.100382,0.163975,-0.315742,0.0567
12,0.4,30.0,12,29,0.93298,True,0.052997,-0.755514,-0.044833,0.049667,-0.757459,-0.035426
12,0.4,30.0,12,30,0.687477,True,0.122117,-0.391563,0.072313,0.13916,-0.329383,0.032238
12,0.4,30.0,12,31,0.974905,True,0.056488,-0.796864,0.016733,0.055155,-0.792904,0.028071
12,0.4,30.0,12,32,0.716648,True,0.139982,-0.461136,0.151271,0.16871,-0.413918,0.146751
13,0.43333333333333335,30.0,13,0,0.999923,True,-0.020029,0.61288,0.155763,-0.042374,0.612493,0.142045
13,0.43333333333333335,30.0,13,1,0.999914,True,-0.046178,0.625922,0.127596,-0.062014,0.625271,0.107612
13,0.43333333333333335,30.0,13,2,0.999922,True,-0.044986,0.628646,0.138393,-0.060928,0.628671,0.118812
13,0.43333333333333335,30.0,13,3,0.999942,True,-0.04435,0.627886,0.135319,-0.060436,0.627748,0.115171
13,0.43333333333333335,30.0,13,4,0.99994,True,0.010663,0.637748,0.104517,-0.007096,0.637605,0.088067
13,0.43333333333333335,30.0,13,5,0.999948,True,0.00801,0.63457,0.095023,-0.011954,0.634292,0.077757
13,0.43333333333333335,30.0,13,6,0.999947,True,0.020046,0.623548,0.116176,0.002865,0.624086,0.099249
13,0.43333333333333335,30.0,13,7,0.999976,True,-0.093723,0.5753,0.030528,-0.107253,0.576141,0.000345
13,0.43333333333333335,30.0,13,8,0.999899,True,0.047742,0.532092,0.023294,0.04369,0.535655,0.002045
13,0.43333333333333335,30.0,13,9,0.999822,True,-0.030969,0.584844,0.143559,-0.044746,0.584154,0.125687
13,0.43333333333333335,30.0,13,10,0.99979,True,0.003191,0.551795,0.10952,-0.014886,0.551345,0.094214
13,0.43333333333333335,30.0,13,11,0.999988,True,-0.170734,0.427875,0.064064,-0.178682,0.435087,0.03128
13,0.43333333333333335,30.0,13,12,0.999816,True,0.148575,0.476247,0.116494,0.142576,0.479294,0.107026
13,0.43333333333333335,30.0,13,13,0.956861,True,-0.260337,0.290267,0.134495,-0.278092,0.290491,0.098645
13,0.43333333333333335,30.0,13,14,0.643941,True,0.249481,0.249592,0.15362,0.249105,0.25255,0.112599
13,0.43333333333333335,30.0,13,15,0.800579,True,-0.185919,0.31704,0.373991,-0.180328,0.294608,0.311342
13,0.43333333333333335,30.0,13,16,0.543648,True,0.088887,0.270565,0.271324,0.085111,0.258848,0.193034
13,0.43333333333333335,30.0,13,17,0.790114,True,-0.181027,0.348239,0.4137,-0.167228,0.318623,0.350471
13,0.43333333333333335,30.0,13,18,0.548777,True,0.084783,0.297227,0.27995,0.077843,0.281766,0.194137
13,0.43333333333333335,30.0,13,19,0.790433,True,-0.160346,0.350883,0.41096,-0.136902,0.320719,0.345951
13,0.43333333333333335,30.0,13,20,0.549725,True,0.067216,0.331426,0.286272,0.060495,0.31692,0.191989
13,0.43333333333333335,30.0,13,21,0.771299,True,-0.163654,0.308488,0.372823,-0.151833,0.284139,0.309918
13,0.43333333333333335,30.0,13,22,0.549538,True,0.061741,0.286969,0.269679,0.058732,0.276643,0.187898
13,0.43333333333333335,30.0,13,23,0.999958,True,-0.079049,-0.015931,0.025788,-0.07731,-0.020599,0.030228
13,0.43333333333333335,30.0,13,24,0.999916,True,0.080427,0.02069,-0.025993,0.078318,0.02493,-0.030513
13,0.43333333333333335,30.0,13,25,0.972567,True,-0.038927,-0.384906,0.035673,-0.021172,-0.39611,0.037425
13,0.43333333333333335,30.0,13,26,0.766905,True,0.375247,0.016554,0.050501,0.347515,0.050102,0.031386
13,0.43333333333333335,30.0,13,27,0.978348,True,0.069807,-0.732944,-0.027028,0.058423,-0.745348,-0.017325
13,0.43333333333333335,30.0,13,28,0.699063,True,0.16399,-0.382925,0.060396,0.17128,-0.27144,0.059057
13,0.43333333333333335,30.0,13,29,0.937308,True,0.054761,-0.770819,-0.025886,0.04079,-0.784335,-0.014749
13,0.43333333333333335,30.0,13,30,0.690466,True,0.136178,-0.341583,0.033168,0.147864,-0.29419,0.035917
13,0.43333333333333335,30.0,13,31,0.966515,True,0.051784,-0.813335,0.034698,0.0411,-0.826273,0.038864
13,0.43333333333333335,30.0,13,32,0.685146,True,0.155676,-0.414258,0.12806,0.179474,-0.360757,0.13432
14,0.4666666666666667,30.0,14,0,0.999869,True,0.035152,0.607117,0.135328,0.062666,0.608942,0.156897
14,0.4666666666666667,30.0,14,1,0.999838,True,0.004445,0.621313,0.118248,0.023799,0.623,0.135806
14,0.4666666666666667,30.0,14,2,0.999853,True,0.005549,0.623942,0.128725,0.025132,0.625293,0.147077
14,0.4666666666666667,30.0,14,3,0.999889,True,0.006123,0.623471,0.125746,0.026265,0.624674,0.143431
14,0.4666666666666667,30.0,14,4,0.999906,True,0.052975,0.632644,0.085327,0.079007,0.63421,0.101682
14,0.4666666666666667,30.0,14,5,0.999921,True,0.051209,0.629795,0.076221,0.076655,0.631754,0.093043
14,0.4666666666666667,30.0,14,6,0.999918,True,0.062303,0.618562,0.097349,0.088281,0.620513,0.11386
14,0.4666666666666667,30.0,14,7,0.999961,True,-0.078523,0.575189,0.056074,-0.065693,0.573643,0.068893
14,0.4666666666666667,30.0,14,8,0.99985,True,0.051943,0.52559,0.00626,0.067636,0.522555,0.006785
14,0.4666666666666667,30.0,14,9,0.999688,True,0.01196,0.581539,0.135356,0.023709,0.582743,0.155143
14,0.4666666666666667,30.0,14,10,0.99968,True,0.042496,0.547201,0.09087,0.067729,0.550521,0.105498
14,0.4666666666666667,30.0,14,11,0.999986,True,-0.156414,0.423755,0.11505,-0.158825,0.418503,0.09984
14,0.4666666666666667,30.0,14,12,0.999817,True,0.136364,0.478876,0.074083,0.142074,0.476156,0.101469
14,0.4666666666666667,30.0,14,13,0.914681,True,-0.182985,0.305265,0.208738,-0.216658,0.291097,0.214561
14,0.4666666666666667,30.0,14,14,0.651723,True,0.269597,0.26635,0.075662,0.290266,0.256318,0.105501
14,0.4666666666666667,30.0,14,15,0.725869,True,-0.062526,0.338087,0.432032,-0.114717,0.329758,0.490448
14,0.4666666666666667,30.0,14,16,0.496583,True,0.160834,0.286826,0.198797,0.171062,0.27699,0.229337
14,0.4666666666666667,30.0,14,17,0.716038,True,-0.051152,0.369805,0.473929,-0.105226,0.358634,0.535592
14,0.4666666666666667,30.0,14,18,0.50091,True,0.163987,0.316056,0.199791,0.176415,0.305031,0.232699
14,0.4666666666666667,30.0,14,19,0.716406,True,-0.034724,0.370846,0.467859,-0.086379,0.357658,0.534077
14,0.4666666666666667,30.0,14,20,0.501893,True,0.1499,0.34339,0.208173,0.16134,0.330982,0.237309
14,0.4666666666666667,30.0,14,21,0.699919,True,-0.040187,0.328755,0.429247,-0.091306,0.319371,0.490066
14,0.4666666666666667,30.0,14,22,0.501329,True,0.137397,0.303841,0.199382,0.147946,0.292938,0.231328
14,0.4666666666666667,30.0,14,23,0.999959,True,-0.077594,-0.022965,0.055178,-0.074435,-0.024988,0.04634
14,0.4666666666666667,30.0,14,24,0.999917,True,0.07893,0.02785,-0.055007,0.075732,0.02958,-0.046607
14,0.4666666666666667,30.0,14,25,0.968965,True,-0.013068,-0.409864,0.057367,-0.000279,-0.407506,0.058677
14,0.4666666666666667,30.0,14,26,0.775955,True,0.402608,0.052136,0.004371,0.382485,0.041854,-0.023867
14,0.4666666666666667,30.0,14,27,0.975901,True,0.077385,-0.751512,-0.008635,0.085668,-0.74506,-0.002434
14,0.4666666666666667,30.0,14,28,0.708131,True,0.186138,-0.292825,0.016238,0.17016,-0.222813,-0.018207
14,0.4666666666666667,30.0,14,29,0.940394,True,0.059482,-0.789962,-0.0076,0.067025,-0.783404,-0.000692
14,0.4666666666666667,30.0,14,30,0.704423,True,0.157331,-0.28442,-0.009543,0.14235,-0.24231,-0.044412
14,0.4666666666666667,30.0,14,31,0.954044,True,0.052734,-0.832106,0.043613,0.055227,-0.833242,0.054473
14,0.4666666666666667,30.0,14,32,0.675886,True,0.183097,-0.356738,0.086083,0.168323,-0.308604,0.041688
15,0.5,30.0,15,0,0.999877,True,0.080191,0.596824,0.066997,0.103763,0.587967,0.05797
15,0.5,30.0,15,1,0.999847,True,0.051562,0.612882,0.064445,0.076524,0.605178,0.051974
15,0.5,30.0,15,2,0.999859,True,0.052996,0.614969,0.074808,0.078039,0.606583,0.062565
15,0.5,30.0,15,3,0.999893,True,0.053313,0.614868,0.072213,0.078486,0.607109,0.060965
15,0.5,30.0,15,4,0.999913,True,0.083742,0.623312,0.025946,0.102969,0.61426,0.016907
15,0.5,30.0,15,5,0.999926,True,0.083256,0.62074,0.017039,0.105369,0.612116,0.006021
15,0.5,30.0,15,6,0.999923,True,0.092284,0.609439,0.03818,0.111467,0.600241,0.027356
15,0.5,30.0,15,7,0.999961,True,-0.043087,0.574961,0.06181,-0.047719,0.57029,0.063445
15,0.5,30.0,15,8,0.999859,True,0.041464,0.519145,-0.02134,0.057066,0.511628,-0.01888
15,0.5,30.0,15,9,0.999698,True,0.054915,0.575892,0.086223,0.070209,0.568165,0.078238
15,0.5,30.0,15,10,0.999694,True,0.072876,0.539302,0.035965,0.090533,0.530197,0.025153
15,0.5,30.0,15,11,0.999979,True,-0.118846,0.421742,0.154065,-0.103389,0.407934,0.166126
15,0.5,30.0,15,12,0.999814,True,0.113755,0.482627,0.03509,0.116244,0.474181,0.01311
15,0.5,30.0,15,13,0.835769,True,-0.086044,0.322526,0.26818,-0.067093,0.291141,0.220335
15,0.5,30.0,15,14,0.680484,True,0.27021,0.287959,0.002305,0.286042,0.260795,0.003703
15,0.5,30.0,15,15,0.656382,True,0.049251,0.347783,0.470024,0.032085,0.331052,0.336737
15,0.5,30.0,15,16,0.467305,True,0.244259,0.292315,0.112689,0.205463,0.287488,0.193442
15,0.5,30.0,15,17,0.648947,True,0.060195,0.378279,0.513079,0.037177,0.360279,0.366051
15,0.5,30.0,15,18,0.467236,True,0.261547,0.319759,0.099988,0.212048,0.309847,0.190675
15,0.5,30.0,15,19,0.649486,True,0.06951,0.377385,0.504983,0.031132,0.362064,0.361711
15,0.5,30.0,15,20,0.467258,True,0.25588,0.342563,0.111071,0.197796,0.33191,0.19021
15,0.5,30.0,15,21,0.635561,True,0.068715,0.337022,0.468176,0.042149,0.32075,0.334132
15,0.5,30.0,15,22,0.465564,True,0.228979,0.30732,0.114988,0.183933,0.300407,0.191999
15,0.5,30.0,15,23,0.999961,True,-0.065819,-0.027054,0.078072,-0.061945,-0.025955,0.081536
15,0.5,30.0,15,24,0.999922,True,0.06735,0.032227,-0.077041,0.063801,0.031378,-0.08061
15,0.5,30.0,15,25,0.966149,True,0.014995,-0.419664,0.059784,0.008355,-0.408389,0.054389
15,0.5,30.0,15,26,0.794369,True,0.384668,0.05711,-0.062656,0.372666,0.017199,-0.036545
15,0.5,30.0,15,27,0.976107,True,0.086221,-0.772689,0.010802,0.081785,-0.75589,0.005765
15,0.5,30.0,15,28,0.731589,True,0.208136,-0.236198,-0.033297,0.194564,-0.238311,-0.005635
15,0.5,30.0,15,29,0.944082,True,0.066744,-0.812313,0.014029,0.062222,-0.793065,0.009779
15,0.5,30.0,15,30,0.723803,True,0.183713,-0.254302,-0.057545,0.166969,-0.254436,-0.031588
15,0.5,30.0,15,31,0.953851,True,0.065239,-0.851353,0.051104,0.050634,-0.840543,0.05004
15,0.5,30.0,15,32,0.697495,True,0.22088,-0.321543,0.022404,0.171896,-0.320591,0.041827
16,0.5333333333333333,30.0,16,0,0.999889,True,0.103946,0.58441,-0.029607,0.103493,0.588465,0.0029
16,0.5333333333333333,30.0,16,1,0.999862,True,0.08135,0.602715,-0.019212,0.084549,0.605794,0.028595
16,0.5333333333333333,30.0,16,2,0.999873,True,0.083338,0.603947,-0.008695,0.086646,0.607309,0.037249
16,0.5333333333333333,30.0,16,3,0.999903,True,0.083238,0.604196,-0.010969,0.086347,0.607519,0.035198
16,0.5333333333333333,30.0,16,4,0.999921,True,0.096044,0.611867,-0.05837,0.092976,0.615553,-0.018694
16,0.5333333333333333,30.0,16,5,0.999933,True,0.096562,0.609408,-0.067348,0.093769,0.612896,-0.026846
16,0.5333333333333333,30.0,16,6,0.999931,True,0.103485,0.598385,-0.046123,0.099752,0.60142,-0.005839
16,0.5333333333333333,30.0,16,7,0.999965,True,-0.001512,0.575487,0.044318,0.003712,0.578748,0.048844
16,0.5333333333333333,30.0,16,8,0.999873,True,0.019439,0.513777,-0.058858,0.012667,0.518892,-0.025552
16,0.5333333333333333,30.0,16,9,0.999722,True,0.08572,0.569775,0.010008,0.088969,0.572088,0.038964
16,0.5333333333333333,30.0,16,10,0.999721,True,0.087296,0.53019,-0.041778,0.083541,0.533551,-0.003769
16,0.5333333333333333,30.0,16,11,0.999957,True,-0.069643,0.424591,0.173616,-0.07727,0.426831,0.204222
16,0.5333333333333333,30.0,16,12,0.999814,True,0.087112,0.486371,-0.002432,0.084803,0.493124,0.010662
16,0.5333333333333333,30.0,16,13,0.754924,True,0.005238,0.334604,0.309132,0.030344,0.345701,0.338767
16,0.5333333333333333,30.0,16,14,0.703605,True,0.260648,0.309368,-0.062847,0.239453,0.322072,-0.060199
16,0.5333333333333333,30.0,16,15,0.599103,True,0.13252,0.33436,0.485461,0.157713,0.345569,0.507693
16,0.5333333333333333,30.0,16,16,0.505733,True,0.331195,0.290931,0.017338,0.360393,0.28949,0.017681
16,0.5333333333333333,30.0,16,17,0.596046,True,0.138063,0.360785,0.529325,0.153711,0.375909,0.547795
16,0.5333333333333333,30.0,16,18,0.503733,True,0.366318,0.315166,-0.012221,0.409751,0.312063,-0.012838
16,0.5333333333333333,30.0,16,19,0.596591,True,0.141514,0.357841,0.519479,0.155175,0.372735,0.540778
16,0.5333333333333333,30.0,16,20,0.502396,True,0.3723,0.33756,0.003324,0.422516,0.334608,0.00887
16,0.5333333333333333,30.0,16,21,0.583931,True,0.148429,0.321475,0.485776,0.171707,0.333523,0.507939
16,0.5333333333333333,30.0,16,22,0.491475,True,0.326526,0.303432,0.020702,0.359909,0.301426,0.02368
16,0.5333333333333333,30.0,16,23,0.999959,True,-0.047747,-0.02773,0.09312,-0.051249,-0.025102,0.094651
16,0.5333333333333333,30.0,16,24,0.999921,True,0.049555,0.033368,-0.09107,0.053102,0.03077,-0.09241
16,0.5333333333333333,30.0,16,25,0.96512,True,0.04041,-0.421727,0.053996,0.008688,-0.410405,0.048906
16,0.5333333333333333,30.0,16,26,0.810138,True,0.33438,0.032425,-0.141324,0.357649,0.006939,-0.048588
16,0.5333333333333333,30.0,16,27,0.976619,True,0.090421,-0.791535,0.037792,0.073638,-0.791983,0.007269
16,0.5333333333333333,30.0,16,28,0.75464,True,0.223345,-0.240489,-0.08586,0.235409,-0.285929,-0.005569
16,0.5333333333333333,30.0,16,29,0.947461,True,0.070341,-0.832549,0.044745,0.053929,-0.833117,0.011129
16,0.5333333333333333,30.0,16,30,0.742548,True,0.206432,-0.272297,-0.108775,0.216973,-0.309106,-0.032954
16,0.5333333333333333,30.0,16,31,0.956051,True,0.084796,-0.866836,0.06654,0.05666,-0.863667,0.0327
16,0.5333333333333333,30.0,16,32,0.72253,True,0.258516,-0.330349,-0.060017,0.274368,-0.384433,0.014654
17,0.5666666666666667,30.0,17,0,0.9999,True,0.106637,0.572273,-0.128916,0.095493,0.573304,-0.17876
17,0.5666666666666667,30.0,17,1,0.999875,True,0.090735,0.593036,-0.11083,0.082678,0.596253,-0.158501
17,0.5666666666666667,30.0,17,2,0.999885,True,0.093268,0.593279,-0.099922,0.085379,0.596547,-0.14725
17,0.5666666666666667,30.0,17,3,0.999912,True,0.092704,0.593816,-0.102219,0.084736,0.597057,-0.149118
17,0.5666666666666667,30.0,17,4,0.999929,True,0.092364,0.600521,-0.1467,0.079554,0.603386,-0.192692
17,0.5666666666666667,30.0,17,5,0.99994,True,0.093238,0.598061,-0.156169,0.080353,0.600917,-0.201372
17,0.5666666666666667,30.0,17,6,0.999938,True,0.098819,0.587667,-0.1348,0.086066,0.590783,-0.179776
17,0.5666666666666667,30.0,17,7,0.999968,True,0.034269,0.577631,0.006731,0.04611,0.582317,0.017318
17,0.5666666666666667,30.0,17,8,0.999885,True,-0.006449,0.510387,-0.102202,-0.026517,0.515313,-0.120712
17,0.5666666666666667,30.0,17,9,0.999743,True,0.099916,0.564676,-0.073183,0.096964,0.568363,-0.109612
17,0.5666666666666667,30.0,17,10,0.999746,True,0.087009,0.521952,-0.1239,0.075943,0.524264,-0.162845
17,0.5666666666666667,30.0,17,11,0.999939,True,-0.018204,0.432546,0.171477,0.00071,0.440072,0.162841
17,0.5666666666666667,30.0,17,12,0.999829,True,0.060719,0.488993,-0.039698,0.042907,0.492525,-0.04279
17,0.5666666666666667,30.0,17,13,0.69734,True,0.07772,0.334013,0.324929,0.128846,0.372634,0.315864
17,0.5666666666666667,30.0,17,14,0.732907,True,0.249383,0.323073,-0.119431,0.217219,0.339355,-0.136778
17,0.5666666666666667,30.0,17,15,0.575372,True,0.187118,0.292579,0.46611,0.278232,0.340722,0.485094
17,0.5666666666666667,30.0,17,16,0.555041,True,0.406497,0.284204,-0.08033,0.397521,0.286768,-0.143833
17,0.5666666666666667,30.0,17,17,0.578807,True,0.183438,0.310901,0.50899,0.271971,0.359889,0.53473
17,0.5666666666666667,30.0,17,18,0.55319,True,0.458747,0.305329,-0.12647,0.443731,0.308026,-0.202039
17,0.5666666666666667,30.0,17,19,0.580348,True,0.184175,0.306598,0.497204,0.274062,0.359714,0.512185
17,0.5666666666666667,30.0,17,20,0.551987,True,0.477138,0.331963,-0.106629,0.463144,0.335615,-0.170565
17,0.5666666666666667,30.0,17,21,0.567403,True,0.20032,0.276812,0.468129,0.294886,0.326076,0.485695
17,0.5666666666666667,30.0,17,22,0.54197,True,0.4126,0.295532,-0.076824,0.407714,0.296784,-0.137675
17,0.5666666666666667,30.0,17,23,0.999958,True,-0.026325,-0.02545,0.101294,-0.021667,-0.024805,0.104007
17,0.5666666666666667,30.0,17,24,0.999926,True,0.028334,0.03161,-0.098493,0.023782,0.030727,-0.101036
17,0.5666666666666667,30.0,17,25,0.967554,True,0.059859,-0.422075,0.052392,0.069847,-0.413366,0.06403
17,0.5666666666666667,30.0,17,26,0.829103,True,0.264642,-0.021136,-0.21336,0.268133,0.010339,-0.297773
17,0.5666666666666667,30.0,17,27,0.978876,True,0.082383,-0.798487,0.078561,0.093197,-0.788915,0.14591
17,0.5666666666666667,30.0,17,28,0.779155,True,0.221049,-0.30792,-0.13098,0.208746,-0.313118,-0.195424
17,0.5666666666666667,30.0,17,29,0.952572,True,0.061505,-0.840193,0.089981,0.071559,-0.830229,0.163786
17,0.5666666666666667,30.0,17,30,0.768227,True,0.212126,-0.342848,-0.153158,0.200592,-0.343549,-0.212769
17,0.5666666666666667,30.0,17,31,0.960368,True,0.097351,-0.870681,0.098277,0.113639,-0.85193,0.163591
17,0.5666666666666667,30.0,17,32,0.750253,True,0.278871,-0.389955,-0.148792,0.283914,-0.394441,-0.214431
18,0.6,30.0,18,0,0.99991,True,0.096513,0.563036,-0.209834,0.091475,0.573578,-0.22675
18,0.6,30.0,18,1,0.999887,True,0.085945,0.586362,-0.189874,0.081331,0.594779,-0.209621
18,0.6,30.0,18,2,0.999896,True,0.088848,0.585683,-0.178507,0.083926,0.59498,-0.197227
18,0.6,30.0,18,3,0.999921,True,0.08789,0.586461,-0.181167,0.082876,0.59521,-0.199604
18,0.6,30.0,18,4,0.999936,True,0.080579,0.591972,-0.220523,0.074111,0.602979,-0.237034
18,0.6,30.0,18,5,0.999946,True,0.081319,0.589547,-0.230953,0.075004,0.600343,-0.246696
18,0.6,30.0,18,6,0.999944,True,0.086424,0.579921,-0.209414,0.080296,0.590284,-0.225438
18,0.6,30.0,18,7,0.99997,True,0.0589,0.582182,-0.041813,0.063136,0.582535,-0.044885
18,0.6,30.0,18,8,0.999896,True,-0.028475,0.510316,-0.143883,-0.03053,0.515685,-0.154916
18,0.6,30.0,18,9,0.999763,True,0.100572,0.561947,-0.145132,0.100686,0.568544,-0.159894
18,0.6,30.0,18,10,0.999767,True,0.07841,0.51674,-0.193738,0.074709,0.524543,-0.209215
18,0.6,30.0,18,11,0.999895,True,0.030862,0.443722,0.151243,0.017516,0.446738,0.141034
18,0.6,30.0,18,12,0.99984,True,0.035599,0.490355,-0.074549,0.036295,0.495319,-0.05985
18,0.6,30.0,18,13,0.629173,True,0.134627,0.320311,0.309455,0.113715,0.362614,0.340939
18,0.6,30.0,18,14,0.757895,True,0.235587,0.323839,-0.168654,0.211759,0.34051,-0.169499
18,0.6,30.0,18,15,0.525387,True,0.230042,0.232024,0.403018,0.219907,0.305539,0.55754
18,0.6,30.0,18,16,0.598941,True,0.448368,0.272439,-0.174402,0.413923,0.284179,-0.210371
18,0.6,30.0,18,17,0.531068,True,0.214166,0.238525,0.441275,0.211688,0.325116,0.610524
18,0.6,30.0,18,18,0.596852,True,0.512619,0.290409,-0.234264,0.477946,0.307051,-0.270921
18,0.6,30.0,18,19,0.532566,True,0.214581,0.234895,0.427005,0.216477,0.319432,0.597525
18,0.6,30.0,18,20,0.595687,True,0.542137,0.325083,-0.212681,0.513946,0.335425,-0.25034
18,0.6,30.0,18,21,0.519184,True,0.241804,0.212769,0.404874,0.235215,0.286254,0.562114
18,0.6,30.0,18,22,0.584819,True,0.463629,0.284468,-0.171915,0.429634,0.295132,-0.210234
18,0.6,30.0,18,23,0.999953,True,-0.003419,-0.020869,0.104466,-0.009899,-0.020767,0.100904
18,0.6,30.0,18,24,0.999926,True,0.005474,0.027417,-0.101487,0.011714,0.027364,-0.097557
18,0.6,30.0,18,25,0.966436,True,0.070481,-0.420661,0.061937,0.093235,-0.422728,0.043175
18,0.6,30.0,18,26,0.844633,True,0.186592,-0.101385,-0.257338,0.196933,-0.105168,-0.221569
18,0.6,30.0,18,27,0.980001,True,0.057619,-0.784008,0.133689,0.085361,-0.79933,0.082866
18,0.6,30.0,18,28,0.79978,True,0.190308,-0.421525,-0.154316,0.202202,-0.440412,-0.1193
18,0.6,30.0,18,29,0.955848,True,0.034749,-0.824778,0.149724,0.067723,-0.84209,0.095054
18,0.6,30.0,18,30,0.78827,True,0.187624,-0.455144,-0.176934,0.207207,-0.472059,-0.142249
18,0.6,30.0,18,31,0.963186,True,0.087642,-0.854278,0.147687,0.108889,-0.868601,0.097005
18,0.6,30.0,18,32,0.773473,True,0.264845,-0.492152,-0.224352,0.303066,-0.482945,-0.159496
19,0.6333333333333333,30.0,19,0,0.99991,True,0.08366,0.559347,-0.262673,0.082266,0.548041,-0.243778
19,0.6333333333333333,30.0,19,1,0.999892,True,0.076953,0.585069,-0.244417,0.075682,0.572033,-0.229381
19,0.6333333333333333,30.0,19,2,0.999894,True,0.079967,0.583743,-0.232774,0.078881,0.570156,-0.218138
19,0.6333333333333333,30.0,19,3,0.999919,True,0.078737,0.584742,-0.23588,0.077507,0.571567,-0.222031
19,0.6333333333333333,30.0,19,4,0.999939,True,0.068673,0.589099,-0.270098,0.072843,0.576415,-0.254337
19,0.6333333333333333,30.0,19,5,0.999949,True,0.069268,0.586884,-0.281762,0.071933,0.574315,-0.266527
19,0.6333333333333333,30.0,19,6,0.999947,True,0.074318,0.57786,-0.260054,0.077585,0.566213,-0.24455
19,0.6333333333333333,30.0,19,7,0.999952,True,0.07405,0.589349,-0.08958,0.074219,0.577805,-0.089967
19,0.6333333333333333,30.0,19,8,0.999899,True,-0.042219,0.515002,-0.176362,-0.033382,0.503642,-0.167204
19,0.6333333333333333,30.0,19,9,0.999729,True,0.094999,0.562754,-0.195781,0.093511,0.551142,-0.182754
19,0.6333333333333333,30.0,19,10,0.999744,True,0.068523,0.516445,-0.242137,0.070161,0.505357,-0.229155
19,0.6333333333333333,30.0,19,11,0.999865,True,0.077047,0.455256,0.119742,0.086686,0.4441,0.117767
19,0.6333333333333333,30.0,19,12,0.999849,True,0.010885,0.491537,-0.101974,0.024871,0.484735,-0.097824
19,0.6333333333333333,30.0,19,13,0.569839,True,0.189237,0.302286,0.262946,0.15171,0.245194,0.273026
19,0.6333333333333333,30.0,19,14,0.77955,True,0.208481,0.312975,-0.21224,0.230606,0.298003,-0.197405
19,0.6333333333333333,30.0,19,15,0.476833,True,0.286266,0.175239,0.30361,0.231598,0.045622,0.21034
19,0.6333333333333333,30.0,19,16,0.638243,True,0.433894,0.257994,-0.265184,0.433494,0.252781,-0.243637
19,0.6333333333333333,30.0,19,17,0.484475,True,0.258643,0.16854,0.333659,0.234122,0.022623,0.235112
19,0.6333333333333333,30.0,19,18,0.635854,True,0.501606,0.27206,-0.334993,0.498842,0.264694,-0.309175
19,0.6333333333333333,30.0,19,19,0.486048,True,0.259254,0.168666,0.315716,0.23914,0.017304,0.218999
19,0.6333333333333333,30.0,19,20,0.634761,True,0.539954,0.316482,-0.315216,0.531419,0.313717,-0.297195
19,0.6333333333333333,30.0,19,21,0.472555,True,0.297708,0.152333,0.302785,0.243737,0.018633,0.209648
19,0.6333333333333333,30.0,19,22,0.623006,True,0.455639,0.271906,-0.264987,0.45076,0.268454,-0.245933
19,0.6333333333333333,30.0,19,23,0.999955,True,0.019439,-0.014899,0.104183,0.023889,-0.019751,0.100483
19,0.6333333333333333,30.0,19,24,0.999932,True,-0.017482,0.021528,-0.101595,-0.021646,0.026526,-0.097589
19,0.6333333333333333,30.0,19,25,0.958058,True,0.071602,-0.413933,0.080139,0.083046,-0.426675,0.042079
19,0.6333333333333333,30.0,19,26,0.859742,True,0.108158,-0.194749,-0.262211,0.056332,-0.093274,-0.388512
19,0.6333333333333333,30.0,19,27,0.980436,True,0.018832,-0.74703,0.193079,0.027847,-0.785285,0.129425
19,0.6333333333333333,30.0,19,28,0.818421,True,0.124302,-0.548066,-0.149884,0.175481,-0.39846,-0.298708
19,0.6333333333333333,30.0,19,29,0.958041,True,-0.007355,-0.785064,0.213246,-0.001156,-0.826243,0.147419
19,0.6333333333333333,30.0,19,30,0.805615,True,0.124784,-0.580335,-0.174495,0.173727,-0.425611,-0.322783
19,0.6333333333333333,30.0,19,31,0.965005,True,0.050403,-0.815673,0.203382,0.100652,-0.85494,0.132106
19,0.6333333333333333,30.0,19,32,0.79498,True,0.206332,-0.608541,-0.270068,0.227495,-0.452935,-0.37433
20,0.6666666666666666,30.0,20,0,0.99991,True,0.075228,0.562722,-0.289819,0.07718,0.553064,-0.30004
20,0.6666666666666666,30.0,20,1,0.999894,True,0.07195,0.590135,-0.273756,0.071334,0.582015,-0.287457
20,0.6666666666666666,30.0,20,2,0.999889,True,0.074805,0.588568,-0.26223,0.074159,0.579245,-0.275633
20,0.6666666666666666,30.0,20,3,0.999917,True,0.073399,0.589784,-0.26556,0.072859,0.58058,-0.279673
20,0.6666666666666666,30.0,20,4,0.999941,True,0.06159,0.593487,-0.296207,0.066837,0.581679,-0.309331
20,0.6666666666666666,30.0,20,5,0.99995,True,0.06243,0.591709,-0.308977,0.067645,0.579588,-0.323038
20,0.6666666666666666,30.0,20,6,0.99995,True,0.067336,0.582885,-0.287117,0.073303,0.57105,-0.301007
20,0.6666666666666666,30.0,20,7,0.999935,True,0.085353,0.598083,-0.127327,0.074993,0.599168,-0.162254
20,0.6666666666666666,30.0,20,8,0.999896,True,-0.046893,0.524608,-0.196148,-0.039383,0.515342,-0.222125
20,0.6666666666666666,30.0,20,9,0.999704,True,0.090661,0.56736,-0.225019,0.088665,0.563436,-0.239276
20,0.6666666666666666,30.0,20,10,0.999721,True,0.062186,0.521686,-0.269357,0.069452,0.514403,-0.284081
20,0.6666666666666666,30.0,20,11,0.999846,True,0.121167,0.464137,0.083099,0.104928,0.468799,0.072758
20,0.6666666666666666,30.0,20,12,0.99986,True,-0.013338,0.493935,-0.117084,0.010904,0.48748,-0.159437
20,0.6666666666666666,30.0,20,13,0.515319,True,0.251823,0.292079,0.194044,0.1986,0.25814,0.166524
20,0.6666666666666666,30.0,20,14,0.799175,True,0.156039,0.298568,-0.250014,0.237581,0.29724,-0.255412
20,0.6666666666666666,30.0,20,15,0.432686,True,0.370735,0.145085,0.19144,0.219794,0.129648,0.134068
20,0.6666666666666666,30.0,20,16,0.673207,True,0.349592,0.247122,-0.356175,0.465219,0.253313,-0.290504
20,0.6666666666666666,30.0,20,17,0.441789,True,0.338459,0.127244,0.212323,0.205212,0.1126,0.15051
20,0.6666666666666666,30.0,20,18,0.670222,True,0.410712,0.256455,-0.432429,0.53838,0.263759,-0.361335
20,0.6666666666666666,30.0,20,19,0.443419,True,0.338572,0.133924,0.188994,0.202178,0.11716,0.135786
20,0.6666666666666666,30.0,20,20,0.669111,True,0.455219,0.309485,-0.41758,0.573592,0.315885,-0.34488
20,0.6666666666666666,30.0,20,21,0.430203,True,0.382726,0.119031,0.185802,0.224055,0.109085,0.131666
20,0.6666666666666666,30.0,20,22,0.655017,True,0.374476,0.262844,-0.35952,0.486506,0.269325,-0.290974
20,0.6666666666666666,30.0,20,23,0.999948,True,0.040516,-0.009187,0.100881,0.034267,-0.010598,0.099513
20,0.6666666666666666,30.0,20,24,0.999934,True,-0.038728,0.01553,-0.09893,-0.032556,0.017216,-0.096845
20,0.6666666666666666,30.0,20,25,0.867096,True,0.066267,-0.400842,0.096199,0.050312,-0.425267,0.132192
20,0.6666666666666666,30.0,20,26,0.832125,True,0.032058,-0.271039,-0.237417,0.047738,-0.318117,-0.193391
20,0.6666666666666666,30.0,20,27,0.902762,True,-0.02414,-0.700323,0.237204,-0.048677,-0.730034,0.273731
20,0.6666666666666666,30.0,20,28,0.809786,True,0.021858,-0.64005,-0.128937,-0.032405,-0.684078,-0.051964
20,0.6666666666666666,30.0,20,29,0.890108,True,-0.05417,-0.73479,0.260173,-0.078047,-0.766312,0.295151
20,0.6666666666666666,30.0,20,30,0.769918,True,0.02193,-0.671406,-0.156831,-0.037449,-0.71813,-0.078621
20,0.6666666666666666,30.0,20,31,0.904588,True,-0.003836,-0.765622,0.242882,-0.017238,-0.806801,0.279443
20,0.6666666666666666,30.0,20,32,0.788541,True,0.10141,-0.689176,-0.283894,0.051762,-0.741018,-0.305821
21,0.7,30.0,21,0,0.999918,True,0.073805,0.572277,-0.300744,0.072213,0.577792,-0.283167
21,0.7,30.0,21,1,0.999904,True,0.074385,0.600085,-0.285419,0.068395,0.606647,-0.266268
21,0.7,30.0,21,2,0.999899,True,0.076864,0.598638,-0.274491,0.070996,0.605554,-0.25573
21,0.7,30.0,21,3,0.999924,True,0.075317,0.600074,-0.277648,0.069746,0.60692,-0.258341
21,0.7,30.0,21,4,0.999946,True,0.060788,0.603911,-0.306705,0.055695,0.609872,-0.288502
21,0.7,30.0,21,5,0.999954,True,0.062329,0.602732,-0.320052,0.057765,0.608879,-0.301635
21,0.7,30.0,21,6,0.999955,True,0.06679,0.593638,-0.298072,0.061942,0.59922,-0.27996
21,0.7,30.0,21,7,0.99994,True,0.097847,0.606013,-0.15196,0.086335,0.610987,-0.13857
21,0.7,30.0,21,8,0.999904,True,-0.043799,0.536924,-0.205074,-0.048923,0.542367,-0.191347
21,0.7,30.0,21,9,0.999731,True,0.092041,0.574431,-0.239578,0.085026,0.578892,-0.222623
21,0.7,30.0,21,10,0.999747,True,0.061407,0.530938,-0.282234,0.055348,0.536104,-0.264754
21,0.7,30.0,21,11,0.999858,True,0.162651,0.467672,0.0449,0.165017,0.465874,0.053045
21,0.7,30.0,21,12,0.999869,True,-0.034515,0.497949,-0.118145,-0.062779,0.50096,-0.106018
21,0.7,30.0,21,13,0.55166,True,0.320496,0.296209,0.116772,0.365497,0.307515,0.106575
21,0.7,30.0,21,14,0.809642,True,0.075737,0.291188,-0.276606,0.036888,0.299792,-0.261536
21,0.7,30.0,21,15,0.486578,True,0.475693,0.150905,0.09312,0.590022,0.171921,0.091577
21,0.7,30.0,21,16,0.701977,True,0.200628,0.248056,-0.442657,0.170471,0.268014,-0.450433
21,0.7,30.0,21,17,0.493377,False,0.451714,0.12696,0.107451,0.639612,0.152696,0.101977
21,0.7,30.0,21,18,0.697934,True,0.246052,0.252761,-0.522042,0.214579,0.275313,-0.532741
21,0.7,30.0,21,19,0.495817,False,0.450677,0.141055,0.077454,0.634816,0.168115,0.067008
21,0.7,30.0,21,20,0.697255,True,0.293595,0.310527,-0.514384,0.275647,0.33392,-0.524487
21,0.7,30.0,21,21,0.48369,True,0.488737,0.12293,0.081829,0.605065,0.142857,0.076564
21,0.7,30.0,21,22,0.680287,True,0.224747,0.264448,-0.450586,0.202272,0.285414,-0.457602
21,0.7,30.0,21,23,0.999933,True,0.058027,-0.006068,0.094014,0.065642,-0.004412,0.096238
21,0.7,30.0,21,24,0.999924,True,-0.056384,0.011871,-0.092503,-0.064247,0.010556,-0.095978
21,0.7,30.0,21,25,0.793056,True,0.059504,-0.386105,0.097477,0.043455,-0.386959,0.110742
21,0.7,30.0,21,26,0.816505,True,-0.04347,-0.293823,-0.208379,-0.057551,-0.333036,-0.164319
21,0.7,30.0,21,27,0.818057,True,-0.059278,-0.665833,0.247241,-0.070364,-0.61596,0.310904
21,0.7,30.0,21,28,0.795237,True,-0.113283,-0.64985,-0.114817,-0.1648,-0.699363,-0.075798
21,0.7,30.0,21,29,0.808947,True,-0.092433,-0.697533,0.2709,-0.104256,-0.641545,0.340355
21,0.7,30.0,21,30,0.722704,True,-0.117351,-0.678858,-0.146377,-0.171219,-0.730253,-0.109566
21,0.7,30.0,21,31,0.824866,True,-0.053992,-0.724745,0.244758,-0.096211,-0.667688,0.323467
21,0.7,30.0,21,32,0.77295,True,-0.04698,-0.680158,-0.280526,-0.121748,-0.734868,-0.234388
22,0.7333333333333333,30.0,22,0,0.999927,True,0.078057,0.584643,-0.305231,0.072612,0.587117,-0.307172
22,0.7333333333333333,30.0,22,1,0.999913,True,0.082768,0.611321,-0.289056,0.079034,0.615311,-0.289539
22,0.7333333333333333,30.0,22,2,0.999909,True,0.084769,0.610134,-0.279156,0.081357,0.614671,-0.279832
22,0.7333333333333333,30.0,22,3,0.999932,True,0.083082,0.611791,-0.281763,0.079571,0.616163,-0.281618
22,0.7333333333333333,30.0,22,4,0.999951,True,0.064995,0.61636,-0.310572,0.05767,0.620593,-0.310436
22,0.7333333333333333,30.0,22,5,0.999959,True,0.067463,0.615814,-0.323777,0.060156,0.620039,-0.323457
22,0.7333333333333333,30.0,22,6,0.999959,True,0.071303,0.606047,-0.301756,0.063893,0.609945,-0.301812
22,0.7333333333333333,30.0,22,7,0.999946,True,0.112748,0.610475,-0.166344,0.116578,0.614134,-0.154895
22,0.7333333333333333,30.0,22,8,0.999913,True,-0.035166,0.54796,-0.20783,-0.047142,0.556185,-0.193945
22,0.7333333333333333,30.0,22,9,0.999757,True,0.099326,0.581289,-0.247552,0.09552,0.583989,-0.244819
22,0.7333333333333333,30.0,22,10,0.999771,True,0.06565,0.540831,-0.288732,0.057315,0.544346,-0.28363
22,0.7333333333333333,30.0,22,11,0.999872,True,0.198651,0.464268,0.007526,0.20012,0.470497,0.024282
22,0.7333333333333333,30.0,22,12,0.999876,True,-0.049057,0.502522,-0.107402,-0.059383,0.504555,-0.088975
22,0.7333333333333333,30.0,22,13,0.59499,True,0.383157,0.311577,0.045522,0.416618,0.334435,0.06112
22,0.7333333333333333,30.0,22,14,0.794798,True,-0.02169,0.29797,-0.281591,-0.035065,0.265242,-0.250864
22,0.7333333333333333,30.0,22,15,0.537629,True,0.575895,0.184322,0.024695,0.641771,0.198215,0.046424
22,0.7333333333333333,30.0,22,16,0.685087,True,0.01191,0.265941,-0.504533,-0.031058,0.196882,-0.456015
22,0.7333333333333333,30.0,22,17,0.543405,True,0.573042,0.160632,0.037131,0.697074,0.171118,0.053122
22,0.7333333333333333,30.0,22,18,0.677297,True,0.042746153246628456,0.267497,-0.583104,-0.013691,0.195465,-0.531639
22,0.7333333333333333,30.0,22,19,0.545764,True,0.570918,0.180353,0.000756,0.693629,0.19761,0.016802
22,0.7333333333333333,30.0,22,20,0.679923,True,0.08895737008956277,0.324568,-0.584205,0.023112,0.254942,-0.534071
22,0.7333333333333333,30.0,22,21,0.534781,True,0.58993,0.156186,0.008492,0.658705,0.167274,0.029129
22,0.7333333333333333,30.0,22,22,0.65476,True,0.031182,0.281451,-0.517515,-0.014202,0.212663,-0.469317
22,0.7333333333333333,30.0,22,23,0.999933,True,0.070724,-0.007572,0.083076,0.070539,9.2e-05,0.092527
22,0.7333333333333333,30.0,22,24,0.999921,True,-0.069113,0.012834,-0.081546,-0.068511,0.004999,-0.092985
22,0.7333333333333333,30.0,22,25,0.74487,True,0.054307,-0.377438,0.077426,0.052332,-0.330811,0.110055
22,0.7333333333333333,30.0,22,26,0.815322,True,-0.120027,-0.242429,-0.199024,-0.026283,-0.333225,-0.138556
22,0.7333333333333333,30.0,22,27,0.757135,True,-0.079035,-0.661233,0.217827,-0.090127,-0.579417,0.28096
22,0.7333333333333333,30.0,22,28,0.801156,True,-0.272324,-0.55659,-0.125946,-0.149912,-0.733503,-0.075555
22,0.7333333333333333,30.0,22,29,0.751038,True,-0.113623,-0.69218,0.239934,-0.127252,-0.606768,0.306916
22,0.7333333333333333,30.0,22,30,0.702667,True,-0.284225,-0.580435,-0.160434,-0.155387,-0.767744,-0.10965
22,0.7333333333333333,30.0,22,31,0.778675,True,-0.08179,-0.711404,0.203464,-0.115392,-0.636105,0.277858
22,0.7333333333333333,30.0,22,32,0.778995,True,-0.231703,-0.557607,-0.280252,-0.099253,-0.772029,-0.220006
23,0.7666666666666667,30.0,23,0,0.999934,True,0.084146,0.595436,-0.309394,0.087871,0.598364,-0.299122
23,0.7666666666666667,30.0,23,1,0.999922,True,0.092344,0.619856,-0.291791,0.100693,0.622175,-0.281263
23,0.7666666666666667,30.0,23,2,0.999918,True,0.093896,0.618807,-0.28317,0.101739,0.621503,-0.271724
23,0.7666666666666667,30.0,23,3,0.999939,True,0.092088,0.620676,-0.28501,0.099832,0.623287,-0.274642
23,0.7666666666666667,30.0,23,4,0.999956,True,0.070993,0.625989,-0.313844,0.075713,0.63078,-0.303876
23,0.7666666666666667,30.0,23,5,0.999963,True,0.074281,0.625974,-0.326287,0.079203,0.630838,-0.316377
23,0.7666666666666667,30.0,23,6,0.999963,True,0.077594,0.615268,-0.30438,0.08193,0.620369,-0.294368
23,0.7666666666666667,30.0,23,7,0.999951,True,0.127357,0.609995,-0.176118,0.137095,0.610479,-0.16174
23,0.7666666666666667,30.0,23,8,0.999921,True,-0.02408,0.554082,-0.208576,-0.019397,0.556283,-0.199055
23,0.7666666666666667,30.0,23,9,0.999781,True,0.109063,0.58518,-0.254515,0.115921,0.586717,-0.244605
23,0.7666666666666667,30.0,23,10,0.999794,True,0.072251,0.547737,-0.294057,0.075955,0.55048,-0.285183
23,0.7666666666666667,30.0,23,11,0.999885,True,0.225311,0.454446,-0.026216,0.23229,0.46218,-0.018887
23,0.7666666666666667,30.0,23,12,0.999883,True,-0.055452,0.505902,-0.089683,-0.050909,0.508974,-0.081463
23,0.7666666666666667,30.0,23,13,0.635056,True,0.42746,0.32947,-0.00925,0.427204,0.338319,0.015949
23,0.7666666666666667,30.0,23,14,0.799648,True,-0.117997,0.318863,-0.256422,-0.134836,0.329463,-0.302909
23,0.7666666666666667,30.0,23,15,0.583758,True,0.647672,0.22713,-0.012299,0.649437,0.243995,0.037333
23,0.7666666666666667,30.0,23,16,0.708645,True,-0.18064,0.29839,-0.515488,-0.177632,0.316726,-0.590764
23,0.7666666666666667,30.0,23,17,0.588833,True,0.6717,0.209337,0.002238,0.694915,0.225446,0.059364
23,0.7666666666666667,30.0,23,18,0.701482,True,-0.17658731497651164,0.299038,-0.588564,-0.171368,0.31211,-0.671054
23,0.7666666666666667,30.0,23,19,0.59101,True,0.669219,0.231106,-0.03846,0.695071,0.247311,0.01583
23,0.7666666666666667,30.0,23,20,0.704148,True,-0.13502163373217685,0.350366,-0.59914,-0.117483,0.365286,-0.674093
23,0.7666666666666667,30.0,23,21,0.581086,True,0.662175,0.200651,-0.031622,0.665264,0.21692,0.018777
23,0.7666666666666667,30.0,23,22,0.676842,True,-0.16674640594155266,0.311707,-0.533047,-0.161496,0.329025,-0.606817
23,0.7666666666666667,30.0,23,23,0.999939,True,0.078361,-0.014098,0.068683,0.07724,-0.014683,0.06412
23,0.7666666666666667,30.0,23,24,0.999926,True,-0.076631,0.019068,-0.066744,-0.075839,0.01894,-0.060582
23,0.7666666666666667,30.0,23,25,0.770189,True,0.049517,-0.379169,0.038973,0.055105,-0.377195,0.009151
23,0.7666666666666667,30.0,23,26,0.832562,False,-0.194459,-0.128907,-0.215164,-0.269361,0.083521,-0.240136
23,0.7666666666666667,30.0,23,27,0.781303,True,-0.083901,-0.687852,0.161066,-0.066178,-0.717522,0.077028
23,0.7666666666666667,30.0,23,28,0.819631,False,-0.439875,-0.38612,-0.160641,-0.469987,-0.064651,-0.18296
23,0.7666666666666667,30.0,23,29,0.77547,True,-0.118015,-0.720057,0.180202,-0.098652,-0.752586,0.090704
23,0.7666666666666667,30.0,23,30,0.72824,False,-0.462595,-0.402819,-0.196489,-0.487715,-0.068751,-0.219416
23,0.7666666666666667,30.0,23,31,0.80061,True,-0.083263,-0.729465,0.133498,-0.071536,-0.753362,0.027513
23,0.7666666666666667,30.0,23,32,0.799926,False,-0.4385654911290809,-0.35869359608673407,-0.292578,-0.530004,0.019537,-0.290467
24,0.8,30.0,24,0,0.99994,True,0.087393,0.601282,-0.315982,0.087798,0.603443,-0.336812
24,0.8,30.0,24,1,0.99993,True,0.097664,0.62318,-0.297458,0.099106,0.62375,-0.317677
24,0.8,30.0,24,2,0.999926,True,0.098868,0.622028,-0.290076,0.099971,0.622551,-0.310011
24,0.8,30.0,24,3,0.999945,True,0.097015,0.624063,-0.291161,0.098176,0.624801,-0.31136
24,0.8,30.0,24,4,0.99996,True,0.074604,0.629563,-0.319449,0.075935,0.631326,-0.340476
24,0.8,30.0,24,5,0.999966,True,0.078361,0.629897,-0.330838,0.079655,0.631824,-0.352804
24,0.8,30.0,24,6,0.999967,True,0.081419,0.61814,-0.309251,0.082451,0.620882,-0.330159
24,0.8,30.0,24,7,0.999956,True,0.137544,0.605006,-0.186497,0.138555,0.605116,-0.20939
24,0.8,30.0,24,8,0.999929,True,-0.014354,0.553961,-0.209854,-0.008138,0.554982,-0.236137
24,0.8,30.0,24,9,0.999803,True,0.116336,0.584611,-0.263229,0.12014,0.586518,-0.286834
24,0.8,30.0,24,10,0.999814,True,0.0773,0.549493,-0.300575,0.081598,0.550938,-0.32703
24,0.8,30.0,24,11,0.999896,True,0.240029,0.441014,-0.053836,0.243819,0.434399,-0.100544
24,0.8,30.0,24,12,0.999894,True,-0.055968,0.506805,-0.07066,-0.050494,0.506763,-0.09897
24,0.8,30.0,24,13,0.671504,True,0.449461,0.342915,-0.043856,0.432249,0.338942,-0.109247
24,0.8,30.0,24,14,0.818152,True,-0.197338,0.347069,-0.204092,-0.182452,0.346749,-0.308537
24,0.8,30.0,24,15,0.625339,True,0.684843,0.263525,-0.026336,0.65301,0.262341,-0.100745
24,0.8,30.0,24,16,0.736884,True,-0.344081,0.335469,-0.464237,-0.332106,0.358555,-0.577808
24,0.8,30.0,24,17,0.629832,True,0.73209,0.254862,-0.008201,0.70237,0.248746,-0.080001
24,0.8,30.0,24,18,0.73015,True,-0.361911,0.336902,-0.527693,-0.354602,0.361055,-0.646098
24,0.8,30.0,24,19,0.631818,True,0.730297,0.27516,-0.05056,0.704056,0.271023,-0.127118
24,0.8,30.0,24,20,0.732661,True,-0.326894,0.379665,-0.547081,-0.320291,0.407148,-0.668093
24,0.8,30.0,24,21,0.622874,True,0.699379,0.239945,-0.046973,0.668849,0.239686,-0.123649
24,0.8,30.0,24,22,0.707532,True,-0.342067,0.345813,-0.484978,-0.33129,0.369561,-0.601864
24,0.8,30.0,24,23,0.999945,True,0.081704,-0.023878,0.05275,0.080737,-0.024172,0.048817
24,0.8,30.0,24,24,0.999933,True,-0.079741,0.028888,-0.050313,-0.079163,0.028599,-0.044916
24,0.8,30.0,24,25,0.793144,True,0.042109,-0.387996,-0.009299,0.058323,-0.403114,-0.033472
24,0.8,30.0,24,26,0.849214,True,-0.258923,0.004873,-0.241798,-0.258347,0.078373,-0.270647
24,0.8,30.0,24,27,0.803144,True,-0.08062,-0.729956,0.096933,-0.083402,-0.780008,0.037209
24,0.8,30.0,24,28,0.837495,True,-0.593291,-0.203039,-0.196195,-0.628653,-0.024592,-0.23161
24,0.8,30.0,24,29,0.797816,True,-0.112905,-0.764328,0.113056,-0.116241,-0.817866,0.051039
24,0.8,30.0,24,30,0.754649,True,-0.627757,-0.213247,-0.231517,-0.667566,-0.022251,-0.268568
24,0.8,30.0,24,31,0.820516,True,-0.069702,-0.766308,0.057803,-0.050958,-0.814124,-0.008882
24,0.8,30.0,24,32,0.819822,True,-0.634468,-0.13098872130689565,-0.307411,-0.712681,0.090482,-0.341182
25,0.8333333333333334,30.0,25,0,0.999946,True,0.084225,0.600985,-0.326534,0.086267,0.597248,-0.331808
25,0.8333333333333334,30.0,25,1,0.999937,True,0.095215,0.620941,-0.30813,0.0956,0.616517,-0.313849
25,0.8333333333333334,30.0,25,2,0.999934,True,0.096137,0.619534,-0.30161,0.096574,0.614978,-0.308377
25,0.8333333333333334,30.0,25,3,0.99995,True,0.09436,0.621636,-0.302174,0.094722,0.616979,-0.308049
25,0.8333333333333334,30.0,25,4,0.999964,True,0.072368,0.626601,-0.329117,0.074051,0.620902,-0.334895
25,0.8333333333333334,30.0,25,5,0.99997,True,0.076172,0.627109,-0.33956,0.077837,0.621413,-0.344302
25,0.8333333333333334,30.0,25,6,0.99997,True,0.079236,0.61435,-0.318452,0.081234,0.607913,-0.323684
25,0.8333333333333334,30.0,25,7,0.99996,True,0.140645,0.597256,-0.200916,0.13782,0.59078,-0.209174
25,0.8333333333333334,30.0,25,8,0.999936,True,-0.009335,0.548759,-0.213938,-0.008058,0.541078,-0.2217
25,0.8333333333333334,30.0,25,9,0.999823,True,0.117399,0.579758,-0.27531,0.11681,0.574709,-0.279995
25,0.8333333333333334,30.0,25,10,0.999833,True,0.077352,0.546039,-0.309866,0.078777,0.541176,-0.313365
25,0.8333333333333334,30.0,25,11,0.999906,True,0.243118,0.427747,-0.075185,0.236394,0.418447,-0.069799
25,0.8333333333333334,30.0,25,12,0.999904,True,-0.055261,0.504933,-0.056026,-0.051559,0.501101,-0.057139
25,0.8333333333333334,30.0,25,13,0.704292,True,0.454691,0.350431,-0.06231,0.452621,0.344895,-0.054175
25,0.8333333333333334,30.0,25,14,0.836131,True,-0.25274,0.372859,-0.142002,-0.268131,0.386182,-0.047357
25,0.8333333333333334,30.0,25,15,0.662791,True,0.698201,0.286812,-0.030624,0.688033,0.283082,-0.024538
25,0.8333333333333334,30.0,25,16,0.763081,False,-0.459642,0.364412,-0.36862,-0.506082,0.370175,-0.102444
25,0.8333333333333334,30.0,25,17,0.66681,True,0.759309,0.287261,-0.010031,0.745731,0.289935,-0.004813
25,0.8333333333333334,30.0,25,18,0.756883,False,-0.49044,0.366737,-0.420707,-0.539617,0.375344,-0.123618
25,0.8333333333333334,30.0,25,19,0.668606,True,0.759057,0.304106,-0.052396,0.741024,0.299924,-0.043685
25,0.8333333333333334,30.0,25,20,0.759178,False,-0.462937,0.401092,-0.446778,-0.519931,0.400402,-0.166084
25,0.8333333333333334,30.0,25,21,0.660546,True,0.712841,0.266325,-0.051695,0.699308,0.26324,-0.04451
25,0.8333333333333334,30.0,25,22,0.736508,False,-0.465374,0.371444,-0.390893,-0.518538,0.374628,-0.128531
25,0.8333333333333334,30.0,25,23,0.999949,True,0.08216,-0.033805,0.037728,0.08216,-0.037687,0.036336
25,0.8333333333333334,30.0,25,24,0.999937,True,-0.079952,0.039042,-0.034972,-0.079617,0.043653,-0.034209
25,0.8333333333333334,30.0,25,25,0.813773,True,0.031756,-0.394922,-0.05996,0.035468,-0.401398,-0.075129
25,0.8333333333333334,30.0,25,26,0.864247,True,-0.305746,0.109549,-0.255592,-0.310664,0.148517,-0.259052
25,0.8333333333333334,30.0,25,27,0.822784,True,-0.076999,-0.765851,0.038729,-0.072863,-0.775275,0.041477
25,0.8333333333333334,30.0,25,28,0.853602,True,-0.705308,-0.075972,-0.203085,-0.703635,-0.05004,-0.191357
25,0.8333333333333334,30.0,25,29,0.817869,True,-0.107069,-0.801945,0.05289,-0.102031,-0.811236,0.05589
25,0.8333333333333334,30.0,25,30,0.778511,True,-0.749001,-0.082899,-0.236056,-0.748335,-0.057697,-0.221127
25,0.8333333333333334,30.0,25,31,0.838422,True,-0.05807,-0.802635,-0.009025,-0.042068,-0.813706,-0.003199
25,0.8333333333333334,30.0,25,32,0.837753,True,-0.785416,0.000564,-0.301135,-0.79643,0.00787,-0.282584
26,0.8666666666666667,30.0,26,0,0.999952,True,0.073977,0.595413,-0.342056,0.084502,0.596388,-0.324811
26,0.8666666666666667,30.0,26,1,0.999943,True,0.085129,0.614393,-0.324758,0.092124,0.615843,-0.307185
26,0.8666666666666667,30.0,26,2,0.99994,True,0.085731,0.612799,-0.318496,0.093327,0.614096,-0.301438
26,0.8666666666666667,30.0,26,3,0.999955,True,0.084153,0.614829,-0.318906,0.091542,0.616161,-0.301579
26,0.8666666666666667,30.0,26,4,0.999968,True,0.063445,0.618815,-0.344091,0.072783,0.619331,-0.328066
26,0.8666666666666667,30.0,26,5,0.999973,True,0.066959,0.619389,-0.353996,0.076555,0.619789,-0.337375
26,0.8666666666666667,30.0,26,6,0.999973,True,0.070161,0.605827,-0.333385,0.080513,0.605944,-0.317118
26,0.8666666666666667,30.0,26,7,0.999964,True,0.137013,0.588589,-0.22067,0.138994,0.590253,-0.200207
26,0.8666666666666667,30.0,26,8,0.999942,True,-0.010154,0.540762,-0.223726,-0.008249,0.540505,-0.212438
26,0.8666666666666667,30.0,26,9,0.99984,True,0.111521,0.571945,-0.291831,0.11558,0.573107,-0.272827
26,0.8666666666666667,30.0,26,10,0.999849,True,0.071327,0.538834,-0.323523,0.077098,0.539444,-0.305876
26,0.8666666666666667,30.0,26,11,0.999916,True,0.238038,0.417424,-0.092707,0.242857,0.419616,-0.060879
26,0.8666666666666667,30.0,26,12,0.999912,True,-0.05725,0.500706,-0.050541,-0.055262,0.501034,-0.038447
26,0.8666666666666667,30.0,26,13,0.733826,True,0.452955,0.354111,-0.074627,0.460948,0.349898,-0.039516
26,0.8666666666666667,30.0,26,14,0.852326,True,-0.285987,0.388236,-0.09311,-0.280296,0.393296,-0.044027
26,0.8666666666666667,30.0,26,15,0.6965,True,0.70103,0.29802,-0.040469,0.69103,0.293221,-0.013164
26,0.8666666666666667,30.0,26,16,0.786653,True,-0.525612,0.375811,-0.267813,-0.511719,0.374559,-0.128452
26,0.8666666666666667,30.0,26,17,0.700093,True,0.76652,0.304619,-0.020246,0.745488,0.303136,0.005752
26,0.8666666666666667,30.0,26,18,0.780914,True,-0.562572,0.377624,-0.309955,-0.54701,0.379805,-0.159068
26,0.8666666666666667,30.0,26,19,0.701718,True,0.76766,0.317774,-0.062621,0.741379,0.315055,-0.032546
26,0.8666666666666667,30.0,26,20,0.783018,True,-0.540573,0.405971,-0.33996,-0.525736,0.405515,-0.197893
26,0.8666666666666667,30.0,26,21,0.694457,True,0.715951,0.27979,-0.06226,0.702125,0.275594,-0.03337
26,0.8666666666666667,30.0,26,22,0.762565,True,-0.535827,0.379429,-0.290598,-0.52175,0.378973,-0.152739
26,0.8666666666666667,30.0,26,23,0.999953,True,0.081374,-0.041137,0.025576,0.083342,-0.043321,0.031104
26,0.8666666666666667,30.0,26,24,0.99994,True,-0.079014,0.046532,-0.022748,-0.080605,0.049129,-0.028926
26,0.8666666666666667,30.0,26,25,0.832344,True,0.023024,-0.392136,-0.109804,0.027017,-0.400251,-0.069604
26,0.8666666666666667,30.0,26,26,0.877786,True,-0.332955,0.154715,-0.242047,-0.31509,0.156464,-0.274686
26,0.8666666666666667,30.0,26,27,0.840463,True,-0.077191,-0.781674,-0.012637,-0.068352,-0.76769,0.057406
26,0.8666666666666667,30.0,26,28,0.868119,True,-0.751139,-0.040229,-0.164111,-0.721642,-0.05296,-0.201132
26,0.8666666666666667,30.0,26,29,0.835896,True,-0.105582,-0.818278,0.000857,-0.096411,-0.802741,0.072964
26,0.8666666666666667,30.0,26,30,0.800149,True,-0.797723,-0.047834,-0.193177,-0.767049,-0.062108,-0.228762
26,0.8666666666666667,30.0,26,31,0.854529,True,-0.059024,-0.825517,-0.066895,-0.044132,-0.814567,0.019848
26,0.8666666666666667,30.0,26,32,0.853898,True,-0.852708,0.027486,-0.253982,-0.811406,0.004289,-0.296585
27,0.9,30.0,27,0,0.999957,True,0.059522,0.586689,-0.361345,0.055495,0.588545,-0.349168
27,0.9,30.0,27,1,0.999949,True,0.071226,0.605508,-0.34578,0.068626,0.607655,-0.334358
27,0.9,30.0,27,2,0.999946,True,0.071391,0.60396,-0.339171,0.068839,0.605789,-0.327486
27,0.9,30.0,27,3,0.999959,True,0.070101,0.605792,-0.339787,0.067878,0.607894,-0.328526
27,0.9,30.0,27,4,0.999971,True,0.050444,0.608808,-0.363426,0.047014,0.610799,-0.350821
27,0.9,30.0,27,5,0.999975,True,0.053509,0.609421,-0.373291,0.049989,0.611267,-0.361039
27,0.9,30.0,27,6,0.999976,True,0.056843,0.595356,-0.353029,0.052801,0.5976,-0.34064
27,0.9,30.0,27,7,0.999968,True,0.129919,0.580198,-0.243987,0.13106,0.582915,-0.235027
27,0.9,30.0,27,8,0.999948,True,-0.014888,0.531973,-0.240578,-0.014922,0.534319,-0.224909
27,0.9,30.0,27,9,0.999856,True,0.101255,0.562904,-0.311755,0.100237,0.565407,-0.300901
27,0.9,30.0,27,10,0.999864,True,0.061298,0.529907,-0.341264,0.059024,0.532076,-0.329296
27,0.9,30.0,27,11,0.999924,True,0.230389,0.410688,-0.108922,0.230018,0.414337,-0.107445
27,0.9,30.0,27,12,0.999919,True,-0.062984,0.494809,-0.055271,-0.063878,0.497026,-0.039666
27,0.9,30.0,27,13,0.760428,True,0.452019,0.355472,-0.092108,0.444654,0.352707,-0.099379
27,0.9,30.0,27,14,0.867032,True,-0.303418,0.389752,-0.070835,-0.298444,0.382286,-0.074283
27,0.9,30.0,27,15,0.726837,True,0.694774,0.300893,-0.069835,0.669948,0.298158,-0.081749
27,0.9,30.0,27,16,0.807934,True,-0.552767,0.367141,-0.197471,-0.541523,0.360795,-0.180807
27,0.9,30.0,27,17,0.73004,True,0.757255,0.309147,-0.053455,0.723432,0.304573,-0.067869
27,0.9,30.0,27,18,0.802683,True,-0.590377,0.3667,-0.233371,-0.579397,0.363178,-0.221001
27,0.9,30.0,27,19,0.731513,True,0.757737,0.319383,-0.096458,0.725461,0.317275,-0.108283
27,0.9,30.0,27,20,0.804598,True,-0.570703,0.392014,-0.265154,-0.556936,0.39297,-0.239348
27,0.9,30.0,27,21,0.724974,True,0.70914,0.283635,-0.093093,0.683916,0.281457,-0.103611
27,0.9,30.0,27,22,0.786181,True,-0.56388,0.367512,-0.220737,-0.550713,0.365556,-0.196394
27,0.9,30.0,27,23,0.999956,True,0.080991,-0.044849,0.017142,0.08017,-0.04584,0.014068
27,0.9,30.0,27,24,0.999943,True,-0.078604,0.050167,-0.014394,-0.077748,0.051357,-0.011422
27,0.9,30.0,27,25,0.849079,True,0.022787,-0.379155,-0.157462,-0.004167,-0.399579,-0.120834
27,0.9,30.0,27,26,0.88993,True,-0.345934,0.141997,-0.204647,-0.363228,0.147655,-0.210035
27,0.9,30.0,27,27,0.856369,True,-0.079954,-0.777635,-0.061718,-0.084968,-0.78257,-0.02709
27,0.9,30.0,27,28,0.881164,True,-0.718286,-0.08342,-0.08585,-0.746937,-0.096514,-0.123383
27,0.9,30.0,27,29,0.852012,True,-0.10776,-0.813571,-0.048033,-0.112703,-0.818452,-0.013704
27,0.9,30.0,27,30,0.819508,True,-0.758943,-0.094323,-0.110037,-0.789676,-0.109631,-0.152213
27,0.9,30.0,27,31,0.869021,True,-0.07127,-0.834224,-0.121742,-0.082846,-0.83492,-0.091578
27,0.9,30.0,27,32,0.868397,True,-0.816406,-0.043894,-0.166459,-0.85175,-0.049753,-0.22074
28,0.9333333333333333,30.0,28,0,0.999961,True,0.046099,0.577262,-0.379131,0.039161,0.579059,-0.375643
28,0.9333333333333333,30.0,28,1,0.999953,True,0.059337,0.596303,-0.365522,0.055091,0.598217,-0.362031
28,0.9333333333333333,30.0,28,2,0.999951,True,0.058982,0.595042,-0.358172,0.054481,0.596783,-0.354432
28,0.9333333333333333,30.0,28,3,0.999963,True,0.058016,0.596611,-0.359206,0.053478,0.598175,-0.355264
28,0.9333333333333333,30.0,28,4,0.999974,True,0.038368,0.599012,-0.381841,0.032876,0.601278,-0.374902
28,0.9333333333333333,30.0,28,5,0.999978,True,0.040998,0.599676,-0.392044,0.035171,0.601966,-0.385131
28,0.9333333333333333,30.0,28,6,0.999978,True,0.044371,0.585425,-0.371916,0.038334,0.587429,-0.36527
28,0.9333333333333333,30.0,28,7,0.999971,True,0.12443,0.572635,-0.264949,0.126979,0.573676,-0.262236
28,0.9333333333333333,30.0,28,8,0.999953,True,-0.019445,0.523719,-0.26024,-0.019579,0.527863,-0.241207
28,0.9333333333333333,30.0,28,9,0.999871,True,0.091218,0.554229,-0.330043,0.088677,0.555081,-0.327866
28,0.9333333333333333,30.0,28,10,0.999878,True,0.051497,0.521145,-0.358357,0.047271,0.52312,-0.352021
28,0.9333333333333333,30.0,28,11,0.999931,True,0.22607,0.406417,-0.12344,0.22768,0.406145,-0.132593
28,0.9333333333333333,30.0,28,12,0.999925,True,-0.070685,0.48798,-0.064182,-0.073201,0.490032,-0.043878
28,0.9333333333333333,30.0,28,13,0.784365,True,0.453355,0.353359,-0.121051,0.448811,0.352477,-0.127131
28,0.9333333333333333,30.0,28,14,0.880262,True,-0.311308,0.378427,-0.069361,-0.311363,0.375108,-0.078249
28,0.9333333333333333,30.0,28,15,0.754138,True,0.666188,0.29827,-0.124471,0.671681,0.298172,-0.111113
28,0.9333333333333333,30.0,28,16,0.827061,True,-0.556295,0.342003,-0.167304,-0.557049,0.346235,-0.191583
28,0.9333333333333333,30.0,28,17,0.756983,True,0.718774,0.3041,-0.115308,0.727417,0.304022,-0.100165
28,0.9333333333333333,30.0,28,18,0.822194,True,-0.591273,0.33853,-0.201061,-0.591436,0.335555,-0.224146
28,0.9333333333333333,30.0,28,19,0.758321,True,0.714574,0.312448,-0.157922,0.727673,0.314918,-0.142751
28,0.9333333333333333,30.0,28,20,0.823954,True,-0.571142,0.362872,-0.23367,-0.571582,0.361357,-0.258467
28,0.9333333333333333,30.0,28,21,0.75243,True,0.677387,0.281047,-0.148978,0.685603,0.281616,-0.134851
28,0.9333333333333333,30.0,28,22,0.807372,True,-0.565722,0.339837,-0.191537,-0.565743,0.341672,-0.213927
28,0.9333333333333333,30.0,28,23,0.999955,True,0.082427,-0.045708,0.012015,0.081681,-0.044749,0.007933
28,0.9333333333333333,30.0,28,24,0.999939,True,-0.080077,0.05075,-0.009384,-0.079591,0.049818,-0.005114
28,0.9333333333333333,30.0,28,25,0.864125,True,0.034831,-0.362871,-0.199847,0.028409,-0.341175,-0.275992
28,0.9333333333333333,30.0,28,26,0.900224,True,-0.353807,0.097683,-0.160777,-0.371066,0.099536,-0.119742
28,0.9333333333333333,30.0,28,27,0.870571,True,-0.080071,-0.763714,-0.108129,-0.077555,-0.765191,-0.190008
28,0.9333333333333333,30.0,28,28,0.891987,True,-0.614264,-0.160484,0.004502,-0.680002,-0.156208,0.041974
28,0.9333333333333333,30.0,28,29,0.865888,True,-0.108417,-0.798335,-0.093884,-0.107494,-0.800615,-0.175442
28,0.9333333333333333,30.0,28,30,0.833813,True,-0.640505,-0.174973,-0.014966,-0.714217,-0.17107,0.019136
28,0.9333333333333333,30.0,28,31,0.881949,True,-0.084643,-0.835859,-0.173278,-0.100333,-0.82852,-0.26445
28,0.9333333333333333,30.0,28,32,0.88063,True,-0.685286,-0.15998,-0.062623,-0.763827,-0.126737,-0.034962
29,0.9666666666666667,30.0,29,0,0.999965,True,0.038646,0.569097,-0.38696,0.041338,0.561118,-0.410714
29,0.9666666666666667,30.0,29,1,0.999958,True,0.054543,0.58836,-0.375144,0.055096,0.580865,-0.398673
29,0.9666666666666667,30.0,29,2,0.999956,True,0.053744,0.587487,-0.366937,0.054418,0.580419,-0.389725
29,0.9666666666666667,30.0,29,3,0.999967,True,0.053095,0.588802,-0.368395,0.053649,0.581583,-0.391473
29,0.9666666666666667,30.0,29,4,0.999976,True,0.032064,0.591099,-0.390309,0.033029,0.58371,-0.413887
29,0.9666666666666667,30.0,29,5,0.99998,True,0.034372,0.591797,-0.401017,0.035235,0.584451,-0.425276
29,0.9666666666666667,30.0,29,6,0.99998,True,0.037628,0.577617,-0.380896,0.038383,0.57048,-0.40532
29,0.9666666666666667,30.0,29,7,0.999974,True,0.125567,0.566178,-0.274596,0.124393,0.561731,-0.290789
29,0.9666666666666667,30.0,29,8,0.999957,True,-0.019782,0.517055,-0.271579,-0.023636,0.512407,-0.282888
29,0.9666666666666667,30.0,29,9,0.999883,True,0.085934,0.547029,-0.338349,0.088333,0.540481,-0.359555
29,0.9666666666666667,30.0,29,10,0.99989,True,0.046025,0.513914,-0.365887,0.047291,0.506972,-0.386723
29,0.9666666666666667,30.0,29,11,0.999937,True,0.228706,0.403115,-0.132863,0.223223,0.402314,-0.135521
29,0.9666666666666667,30.0,29,12,0.999929,True,-0.076953,0.481009,-0.064264,-0.077681,0.477075,-0.089561
29,0.9666666666666667,30.0,29,13,0.805701,True,0.450265,0.345343,-0.158982,0.435795,0.349472,-0.109303
29,0.9666666666666667,30.0,29,14,0.891968,True,-0.312389,0.357884,-0.067348,-0.30766,0.36358,-0.098218
29,0.9666666666666667,30.0,29,15,0.778635,True,0.596311,0.291536,-0.196417,0.637317,0.295531,-0.10403
29,0.9666666666666667,30.0,29,16,0.844032,True,-0.547447,0.306899,-0.157785,-0.532466,0.309024,-0.193732
29,0.9666666666666667,30.0,29,17,0.781063,True,0.631161,0.292804,-0.197102,0.686295,0.300441,-0.095183
29,0.9666666666666667,30.0,29,18,0.839075,True,-0.578483,0.300851,-0.19227,-0.562556,0.304315,-0.237877
29,0.9666666666666667,30.0,29,19,0.782325,True,0.617741,0.300331,-0.234685,0.681975,0.311417,-0.134521
29,0.9666666666666667,30.0,29,20,0.840816,True,-0.556699,0.324905,-0.225567,-0.54223,0.328214,-0.269477
29,0.9666666666666667,30.0,29,21,0.776984,True,0.600603,0.274258,-0.219538,0.649415,0.278929,-0.125272
29,0.9666666666666667,30.0,29,22,0.82583,True,-0.554104,0.303596,-0.183171,-0.538741,0.30479,-0.226014
29,0.9666666666666667,30.0,29,23,0.999955,True,0.086345,-0.045087,0.008538,0.086235,-0.041173,0.013684
29,0.9666666666666667,30.0,29,24,0.999936,True,-0.083972,0.049833,-0.006028,-0.084045,0.045237,-0.010824
29,0.9666666666666667,30.0,29,25,0.876383,True,0.055793,-0.351303,-0.23194,0.06879,-0.337546,-0.189894
29,0.9666666666666667,30.0,29,26,0.901892,True,-0.36281,0.051774,-0.128538,-0.305679,-0.013487,-0.138356
29,0.9666666666666667,30.0,29,27,0.882463,True,-0.071768,-0.74985,-0.143732,-0.076758,-0.735012,-0.099398
29,0.9666666666666667,30.0,29,28,0.868844,False,-0.466923,-0.223851,0.075273,-0.26167,-0.277263,0.093117
29,0.9666666666666667,30.0,29,29,0.875583,True,-0.101177,-0.783111,-0.128629,-0.102906,-0.768015,-0.083483
29,0.9666666666666667,30.0,29,30,0.806877,False,-0.473735,-0.240281,0.058834,-0.249342,-0.293883,0.080937
29,0.9666666666666667,30.0,29,31,0.892719,True,-0.08791,-0.836428,-0.211537,-0.084941,-0.825083,-0.162074
29,0.9666666666666667,30.0,29,32,0.867511,False,-0.49679,-0.263127,0.023628,-0.242071,-0.350781,0.045826
30,1.0,30.0,30,0,0.999968,True,0.038807,0.56321,-0.3772,0.030614,0.563259,-0.376249
30,1.0,30.0,30,1,0.999962,True,0.058264,0.582529,-0.366619,0.048917,0.582754,-0.364835
30,1.0,30.0,30,2,0.99996,True,0.057312,0.581968,-0.357635,0.047903,0.582372,-0.356035
30,1.0,30.0,30,3,0.99997,True,0.056942,0.583063,-0.359388,0.047665,0.583398,-0.357979
30,1.0,30.0,30,4,0.999979,True,0.033402,0.585807,-0.380285,0.025703,0.585983,-0.380672
30,1.0,30.0,30,5,0.999982,True,0.035477,0.586452,-0.391481,0.027899,0.586643,-0.391812
30,1.0,30.0,30,6,0.999982,True,0.038412,0.572519,-0.371422,0.030957,0.572711,-0.371526
30,1.0,30.0,30,7,0.999976,True,0.13561,0.561046,-0.265394,0.124762,0.563244,-0.2691
30,1.0,30.0,30,8,0.999961,True,-0.014212,0.513132,-0.261639,-0.021587,0.513636,-0.280226
30,1.0,30.0,30,9,0.999895,True,0.087287,0.54181,-0.328914,0.078855,0.54295,-0.32733
30,1.0,30.0,30,10,0.9999,True,0.046368,0.508929,-0.355082,0.039733,0.509379,-0.356561
30,1.0,30.0,30,11,0.999942,True,0.236666,0.400149,-0.13418,0.222946,0.403493,-0.145996
30,1.0,30.0,30,12,0.999929,True,-0.077814,0.474692,-0.041918,-0.073321,0.473757,-0.047608
30,1.0,30.0,30,13,0.823543,True,0.429102,0.330819,-0.19665,0.41623,0.350199,-0.249842
30,1.0,30.0,30,14,0.901088,True,-0.303915,0.33249,-0.042221,-0.300622,0.33339,-0.031928
30,1.0,30.0,30,15,0.799056,True,0.473926,0.28189,-0.266722,0.491272,0.290558,-0.380945
30,1.0,30.0,30,16,0.858383,True,-0.527733,0.268218,-0.136566,-0.525409,0.264608,-0.12554
30,1.0,30.0,30,17,0.800343,True,0.483891,0.278813,-0.27838,0.513278,0.279886,-0.404712
30,1.0,30.0,30,18,0.852765,True,-0.55433,0.260345,-0.172677,-0.548318,0.251981,-0.151831
30,1.0,30.0,30,19,0.801855,True,0.458742,0.286611,-0.302738,0.485069,0.276966,-0.427488
30,1.0,30.0,30,20,0.854639,True,-0.531664,0.283978,-0.20646,-0.525979,0.275539,-0.191786
30,1.0,30.0,30,21,0.796008,True,0.468442,0.265182,-0.283057,0.486472,0.26792,-0.398709
30,1.0,30.0,30,22,0.840928,True,-0.5318,0.265498,-0.162561,-0.529806,0.260356,-0.152771
30,1.0,30.0,30,23,0.999956,True,0.091748,-0.043502,0.004058,0.089275,-0.040584,-0.003884
30,1.0,30.0,30,24,0.999936,True,-0.089194,0.048074,-0.001688,-0.086504,0.045012,0.00614
30,1.0,30.0,30,25,0.886713,True,0.075482,-0.346288,-0.249724,0.06424,-0.327511,-0.278742
30,1.0,30.0,30,26,0.890105,True,-0.370485,0.018496,-0.113557,-0.380417,-0.008141,-0.063203
30,1.0,30.0,30,27,0.892243,True,-0.052447,-0.738247,-0.159075,-0.067218,-0.711885,-0.189942
30,1.0,30.0,30,28,0.824313,True,-0.314585,-0.248769,0.110253,-0.246735,-0.270725,0.1893
30,1.0,30.0,30,29,0.878459,True,-0.082291,-0.770602,-0.142581,-0.095757,-0.743545,-0.173427
30,1.0,30.0,30,30,0.767669,True,-0.302443,-0.264644,0.094078,-0.226723,-0.286842,0.177331
30,1.0,30.0,30,31,0.90118,True,-0.075706,-0.83518,-0.224101,-0.082932,-0.823877,-0.247934
30,1.0,30.0,30,32,0.830974,True,-0.303339,-0.321523,0.07114,-0.225666,-0.362081,0.178842
31,1.0333333333333334,30.0,31,0,0.999971,True,0.043141,0.559863,-0.346947,0.039192,0.563908,-0.361809
31,1.0333333333333334,30.0,31,1,0.999965,True,0.066422,0.57904,-0.336797,0.064271,0.582253,-0.349974
31,1.0333333333333334,30.0,31,2,0.999963,True,0.065759,0.578642,-0.327207,0.063553,0.581922,-0.3414
31,1.0333333333333334,30.0,31,3,0.999972,True,0.065607,0.579503,-0.329159,0.063237,0.582661,-0.343153
31,1.0333333333333334,30.0,31,4,0.99998,True,0.039603,0.583245,-0.348463,0.03827,0.586748,-0.367617
31,1.0333333333333334,30.0,31,5,0.999983,True,0.041403,0.583664,-0.360006,0.040158,0.587134,-0.378181
31,1.0333333333333334,30.0,31,6,0.999983,True,0.043857,0.570091,-0.340202,0.043034,0.573562,-0.357647
31,1.0333333333333334,30.0,31,7,0.999977,True,0.151076,0.557377,-0.236576,0.145892,0.557605,-0.252931
31,1.0333333333333334,30.0,31,8,0.999963,True,-0.004468,0.512969,-0.224443,-0.004873,0.514622,-0.261572
31,1.0333333333333334,30.0,31,9,0.999904,True,0.092448,0.538722,-0.298774,0.086674,0.542087,-0.312837
31,1.0333333333333334,30.0,31,10,0.999909,True,0.049921,0.50647,-0.322505,0.046628,0.510288,-0.344984
31,1.0333333333333334,30.0,31,11,0.999944,True,0.241252,0.398048,-0.12818,0.235026,0.398317,-0.128943
31,1.0333333333333334,30.0,31,12,0.999921,True,-0.0693,0.469722,0.007295,-0.069863,0.472448,-0.03035
31,1.0333333333333334,30.0,31,13,0.836643,True,0.374748,0.312793,-0.223566,0.408858,0.307073,-0.240529
31,1.0333333333333334,30.0,31,14,0.904952,True,-0.278343,0.306277,0.015458,-0.262263,0.30083,-0.018467
31,1.0333333333333334,30.0,31,15,0.814729,True,0.305351,0.271284,-0.314889,0.300086,0.263348,-0.349883
31,1.0333333333333334,30.0,31,16,0.870562,True,-0.489018,0.230817,-0.080902,-0.4684,0.217239,-0.1171
31,1.0333333333333334,30.0,31,17,0.81435,True,0.287854,0.265873,-0.336333,0.270693,0.257356,-0.36999
31,1.0333333333333334,30.0,31,18,0.864521,True,-0.510275,0.221093,-0.11749,-0.48965,0.208265,-0.153224
31,1.0333333333333334,30.0,31,19,0.816039,True,0.25556667457479104,0.274771,-0.338847,0.228032,0.269488,-0.382217
31,1.0333333333333334,30.0,31,20,0.866512,True,-0.489009,0.244332,-0.150882,-0.465967,0.231283,-0.185505
31,1.0333333333333334,30.0,31,21,0.807518,True,0.290208,0.255893,-0.317998,0.278896,0.249486,-0.358889
31,1.0333333333333334,30.0,31,22,0.853657,True,-0.491455,0.229836,-0.106439,-0.471035,0.214644,-0.140626
31,1.0333333333333334,30.0,31,23,0.999957,True,0.095237,-0.04014,-0.003983,0.089819,-0.039976,-0.000409
31,1.0333333333333334,30.0,31,24,0.999937,True,-0.092346,0.044624,0.006172,-0.087018,0.044407,0.002488
31,1.0333333333333334,30.0,31,25,0.8959,True,0.081923,-0.342151,-0.252152,0.090463,-0.334647,-0.239962
31,1.0333333333333334,30.0,31,26,0.890399,True,-0.364303,-0.008185,-0.105211,-0.358523,-0.004413,-0.098409
31,1.0333333333333334,30.0,31,27,0.901805,True,-0.024739,-0.723426,-0.151525,-0.021877,-0.714325,-0.157962
31,1.0333333333333334,30.0,31,28,0.802547,True,-0.189213,-0.241709,0.118889,-0.150493,-0.267441,0.109559
31,1.0333333333333334,30.0,31,29,0.882984,True,-0.053193,-0.755677,-0.133149,-0.05331,-0.747163,-0.141941
31,1.0333333333333334,30.0,31,30,0.74062,True,-0.163889,-0.254682,0.100659,-0.122312,-0.280384,0.094621
31,1.0333333333333334,30.0,31,31,0.909344,True,-0.051126,-0.826488,-0.205867,-0.058175,-0.827125,-0.21563
31,1.0333333333333334,30.0,31,32,0.811961,True,-0.149795,-0.339895,0.086077,-0.101823,-0.348524,0.080086
32,1.0666666666666667,30.0,32,0,0.999974,True,0.044037,0.559343,-0.297961,0.040523,0.56438,-0.28641
32,1.0666666666666667,30.0,32,1,0.999968,True,0.070149,0.578094,-0.287869,0.064753,0.582357,-0.280964
32,1.0666666666666667,30.0,32,2,0.999966,True,0.070211,0.577806,-0.277871,0.06447,0.582062,-0.270952
32,1.0666666666666667,30.0,32,3,0.999975,True,0.070188,0.578325,-0.280113,0.064269,0.582774,-0.273858
32,1.0666666666666667,30.0,32,4,0.999982,True,0.043963,0.583522,-0.297621,0.040161,0.587766,-0.287866
32,1.0666666666666667,30.0,32,5,0.999984,True,0.045274,0.583488,-0.309279,0.041423,0.58785,-0.299612
32,1.0666666666666667,30.0,32,6,0.999985,True,0.047358,0.570368,-0.289886,0.044203,0.574692,-0.28051
32,1.0666666666666667,30.0,32,7,0.999979,True,0.161523,0.555168,-0.19557,0.150986,0.554292,-0.203594
32,1.0666666666666667,30.0,32,8,0.999965,True,0.00535,0.516717,-0.166274,0.009454,0.515313,-0.157682
32,1.0666666666666667,30.0,32,9,0.999914,True,0.093845,0.538093,-0.250434,0.086755,0.541112,-0.245179
32,1.0666666666666667,30.0,32,10,0.999917,True,0.050711,0.506829,-0.271274,0.047047,0.510321,-0.261165
32,1.0666666666666667,30.0,32,11,0.999948,True,0.228536,0.397896,-0.118884,0.230736,0.394885,-0.120358
32,1.0666666666666667,30.0,32,12,0.999912,True,-0.048133,0.466547,0.072977,-0.050335,0.469187,0.070287
32,1.0666666666666667,30.0,32,13,0.852514,True,0.2788,0.296614,-0.231779,0.322052,0.279105,-0.211116
32,1.0666666666666667,30.0,32,14,0.893435,True,-0.227424,0.282256,0.096205,-0.249384,0.287685,0.099201
32,1.0666666666666667,30.0,32,15,0.832984,True,0.115385,0.26199,-0.32637,0.119416,0.256402,-0.274672
32,1.0666666666666667,30.0,32,16,0.878148,True,-0.420766,0.198216,0.008689,-0.438487,0.208466,0.010624
32,1.0666666666666667,30.0,32,17,0.832306,True,0.07672143342559855,0.25722,-0.35362,0.066456,0.256982,-0.288158
32,1.0666666666666667,30.0,32,18,0.870773,True,-0.435152,0.186132,-0.025497,-0.455423,0.204667,-0.024873
32,1.0666666666666667,30.0,32,19,0.833788,True,0.03408887365363884,0.267201,-0.330336,0.02281,0.26998,-0.28818
32,1.0666666666666667,30.0,32,20,0.873233,True,-0.417996,0.209924,-0.056829,-0.434136,0.228603,-0.053739
32,1.0666666666666667,30.0,32,21,0.82539,True,0.094504,0.248229,-0.312287,0.093665,0.246641,-0.274819
32,1.0666666666666667,30.0,32,22,0.8612,True,-0.422987,0.198847,-0.01521,-0.440584,0.209552,-0.010698
32,1.0666666666666667,30.0,32,23,0.999958,True,0.091411,-0.033915,-0.016031,0.089231,-0.039508,-0.005906
32,1.0666666666666667,30.0,32,24,0.999938,True,-0.088165,0.038197,0.017982,-0.086257,0.043944,0.007382
32,1.0666666666666667,30.0,32,25,0.904956,True,0.068482,-0.332529,-0.239525,0.083558,-0.386159,-0.221449
32,1.0666666666666667,30.0,32,26,0.896047,True,-0.326721,-0.041535,-0.086008,-0.334757,0.024289,-0.144782
32,1.0666666666666667,30.0,32,27,0.911194,True,0.004494,-0.700077,-0.127421,0.007476,-0.759605,-0.116209
32,1.0666666666666667,30.0,32,28,0.790015,True,-0.102619,-0.22991,0.127473,-0.10574,-0.196933,0.078629
32,1.0666666666666667,30.0,32,29,0.890502,True,-0.020319,-0.733182,-0.107491,-0.021067,-0.792844,-0.099878
32,1.0666666666666667,30.0,32,30,0.727552,True,-0.07288,-0.238478,0.107056,-0.076293,-0.204042,0.054443
32,1.0666666666666667,30.0,32,31,0.917633,True,-0.02334,-0.807322,-0.162914,-0.01979,-0.85093,-0.165015
32,1.0666666666666667,30.0,32,32,0.805691,True,-0.05416,-0.347551,0.095034,-0.047809,-0.318055,0.019183
33,1.1,30.0,33,0,0.999976,True,0.033809,0.562486,-0.233093,0.046496,0.561059,-0.199797
33,1.1,30.0,33,1,0.999971,True,0.059963,0.580325,-0.224194,0.068749,0.579396,-0.196161
33,1.1,30.0,33,2,0.999969,True,0.060992,0.58031,-0.21396,0.069136,0.579547,-0.184765
33,1.1,30.0,33,3,0.999977,True,0.061007,0.580322,-0.216786,0.069872,0.580062,-0.187328
33,1.1,30.0,33,4,0.999984,True,0.039355,0.587171,-0.233021,0.047885,0.585142,-0.200841
33,1.1,30.0,33,5,0.999986,True,0.039831,0.586453,-0.244505,0.048229,0.584467,-0.213061
33,1.1,30.0,33,6,0.999986,True,0.042164,0.573887,-0.225463,0.05052,0.571977,-0.194016
33,1.1,30.0,33,7,0.999981,True,0.152953,0.554349,-0.153351,0.154788,0.555291,-0.120102
33,1.1,30.0,33,8,0.999968,True,0.011597,0.523069,-0.10243,0.020213,0.513861,-0.072127
33,1.1,30.0,33,9,0.999921,True,0.08261,0.540679,-0.188737,0.093713,0.539086,-0.160097
33,1.1,30.0,33,10,0.999924,True,0.042697,0.5105,-0.207403,0.054857,0.50662,-0.17379
33,1.1,30.0,33,11,0.999952,True,0.185986,0.40036,-0.109213,0.209576,0.396978,-0.077626
33,1.1,30.0,33,12,0.999894,True,-0.013133,0.465254,0.134017,-0.018512,0.457801,0.155034
33,1.1,30.0,33,13,0.864245,True,0.146064,0.286605,-0.216243,0.100692,0.284072,-0.179165
33,1.1,30.0,33,14,0.830661,True,-0.148276,0.261838,0.176547,-0.186895,0.249834,0.165053
33,1.1,30.0,33,15,0.847762,True,-0.061349,0.25551,-0.293379,-0.063647,0.255102,-0.238775
33,1.1,30.0,33,16,0.847866,True,-0.320642,0.173526,0.109969,-0.414493,0.198708,0.060622
33,1.1,30.0,33,17,0.845751,True,-0.112306,0.254691,-0.320012,-0.103257,0.256236,-0.282307
33,1.1,30.0,33,18,0.841044,True,-0.327071,0.159881,0.081978,-0.435669,0.196974,0.024063
33,1.1,30.0,33,19,0.847098,True,-0.146946,0.264584,-0.275448,-0.126932,0.264671,-0.2091
33,1.1,30.0,33,20,0.845851,True,-0.315962,0.186244,0.055029,-0.427207,0.226357,0.001246
33,1.1,30.0,33,21,0.836723,True,-0.08127,0.243171,-0.263843,-0.076426,0.242347,-0.199822
33,1.1,30.0,33,22,0.835203,True,-0.324363,0.174639,0.088888,-0.41926,0.205224,0.039815
33,1.1,30.0,33,23,0.999961,True,0.07513,-0.025129,-0.028903,0.088066,-0.038703,-0.017828
33,1.1,30.0,33,24,0.999941,True,-0.071739,0.028888,0.030538,-0.085182,0.043221,0.020181
33,1.1,30.0,33,25,0.91173,True,0.038341,-0.318762,-0.211055,0.081894,-0.403352,-0.208923
33,1.1,30.0,33,26,0.893521,True,-0.245174,-0.083657,-0.047143,-0.321748,0.056251,-0.128018
33,1.1,30.0,33,27,0.917633,True,0.027793,-0.671451,-0.097573,0.04304,-0.769595,-0.106006
33,1.1,30.0,33,28,0.75681,True,-0.045792,-0.239235,0.156414,-0.082258,-0.141686,0.053896
33,1.1,30.0,33,29,0.884433,True,0.00797,-0.706207,-0.0778,0.01891,-0.803907,-0.085039
33,1.1,30.0,33,30,0.694599,True,-0.020237,-0.243228,0.13633,-0.051479,-0.148636,0.031389
33,1.1,30.0,33,31,0.921651,True,-0.002087,-0.782992,-0.108797,0.013176,-0.854322,-0.132615
33,1.1,30.0,33,32,0.77912,True,-0.004687,-0.371858,0.121096,-0.020128,-0.236844,0.013958
34,1.1333333333333333,30.0,34,0,0.999977,True,0.010396,0.570079,-0.154115,0.033833,0.566524,-0.143257
34,1.1333333333333333,30.0,34,1,0.999973,True,0.032206,0.58636,-0.149523,0.060486,0.583661,-0.139527
34,1.1333333333333333,30.0,34,2,0.999971,True,0.034134,0.586989,-0.139133,0.06372,0.583915,-0.127824
34,1.1333333333333333,30.0,34,3,0.999979,True,0.034137,0.586369,-0.142871,0.063285,0.582949,-0.129233
34,1.1333333333333333,30.0,34,4,0.999984,True,0.023198,0.594673,-0.158877,0.045058,0.592786,-0.138231
34,1.1333333333333333,30.0,34,5,0.999985,True,0.022496,0.593092,-0.169933,0.044724,0.590994,-0.15021
34,1.1333333333333333,30.0,34,6,0.999986,True,0.026215,0.5812,-0.150924,0.048014,0.579286,-0.130828
34,1.1333333333333333,30.0,34,7,0.999982,True,0.116028,0.554819,-0.117168,0.151124,0.555927,-0.075585
34,1.1333333333333333,30.0,34,8,0.99996,True,0.013865,0.529454,-0.048051,0.023556,0.537448,-0.007096
34,1.1333333333333333,30.0,34,9,0.999925,True,0.054693,0.547058,-0.117802,0.08248,0.544885,-0.106732
34,1.1333333333333333,30.0,34,10,0.999923,True,0.02432,0.517637,-0.135788,0.044483,0.516697,-0.112996
34,1.1333333333333333,30.0,34,11,0.999956,True,0.111123,0.404926,-0.097411,0.132686,0.408159,-0.074009
34,1.1333333333333333,30.0,34,12,0.999893,True,0.03293,0.465509,0.170629,0.035875,0.468053,0.230749
34,1.1333333333333333,30.0,34,13,0.877653,True,-0.004325,0.28335,-0.17475,0.007208,0.286485,-0.177183
34,1.1333333333333333,30.0,34,14,0.750319,True,-0.047673,0.244973,0.23143,-0.012992,0.242876,0.284417
34,1.1333333333333333,30.0,34,15,0.862634,True,-0.194202,0.252376,-0.212988,-0.229545,0.255242,-0.226648
34,1.1333333333333333,30.0,34,16,0.777661,True,-0.200774,0.159946,0.1936,-0.132264,0.123413,0.264051
34,1.1333333333333333,30.0,34,17,0.860437,True,-0.241838,0.258616,-0.231609,-0.284482,0.256774,-0.241393
34,1.1333333333333333,30.0,34,18,0.779629,True,-0.200086,0.148417,0.175157,-0.118068,0.095774,0.247139
34,1.1333333333333333,30.0,34,19,0.86165,True,-0.263222,0.266568,-0.178091,-0.310093,0.265487,-0.17517
34,1.1333333333333333,30.0,34,20,0.785299,True,-0.195532,0.179713,0.155121,-0.11443,0.123518,0.222306
34,1.1333333333333333,30.0,34,21,0.851352,True,-0.206193,0.24108,-0.175806,-0.244966,0.242611,-0.172172
34,1.1333333333333333,30.0,34,22,0.774563,True,-0.207812,0.160724,0.176619,-0.137253,0.128563,0.246238
34,1.1333333333333333,30.0,34,23,0.999963,True,0.044931,-0.016103,-0.036697,0.047791,-0.001975,-0.046819
34,1.1333333333333333,30.0,34,24,0.999944,True,-0.041793,0.018976,0.037912,-0.043557,0.004401,0.047824
34,1.1333333333333333,30.0,34,25,0.914427,True,0.002825,-0.310488,-0.165893,-0.060933,-0.160646,-0.175882
34,1.1333333333333333,30.0,34,26,0.851562,True,-0.121494,-0.119257,0.003241,-0.025644,-0.308922,0.058567
34,1.1333333333333333,30.0,34,27,0.915841,True,0.041024,-0.649466,-0.070935,0.042384,-0.467692,-0.013228
34,1.1333333333333333,30.0,34,28,0.756466,False,-0.001345,-0.274934,0.202088,-0.031428,-0.687514,0.209547
34,1.1333333333333333,30.0,34,29,0.880611,True,0.025675,-0.686159,-0.053963,0.03786,-0.500563,0.014235
34,1.1333333333333333,30.0,34,30,0.689586,False,0.014023,-0.275792,0.185877,-0.029802,-0.717292,0.185969
34,1.1333333333333333,30.0,34,31,0.922107,True,0.007573,-0.764899,-0.057277,0.028846,-0.601932,0.045735
34,1.1333333333333333,30.0,34,32,0.776986,False,0.024715,-0.415993,0.16415,-0.055239,-0.790511,0.170722
35,1.1666666666666667,30.0,35,0,0.999979,True,-0.018965,0.581427,-0.06393,-0.016382,0.56678,-0.173874
35,1.1666666666666667,30.0,35,1,0.999976,True,-0.006303,0.595652,-0.067663,0.008568,0.582937,-0.148248
35,1.1666666666666667,30.0,35,2,0.999974,True,-0.003823,0.597371,-0.05708,0.010819,0.583275,-0.141279
35,1.1666666666666667,30.0,35,3,0.999981,True,-0.003811,0.596106,-0.061835,0.010981,0.582285,-0.147618
35,1.1666666666666667,30.0,35,4,0.999986,True,0.000944,0.605329,-0.078877,0.001716,0.592945,-0.180142
35,1.1666666666666667,30.0,35,5,0.999987,True,-0.001125,0.602787,-0.089363,0.000844,0.591198,-0.189807
35,1.1666666666666667,30.0,35,6,0.999987,True,0.00527,0.591688,-0.069967,0.004039,0.579189,-0.172724
35,1.1666666666666667,30.0,35,7,0.999984,True,0.054125,0.556326,-0.086696,0.107267,0.552293,-0.144257
35,1.1666666666666667,30.0,35,8,0.999962,True,0.015566,0.533083,-0.010686,0.002096,0.536861,-0.058066
35,1.1666666666666667,30.0,35,9,0.999931,True,0.015721,0.556448,-0.041225,0.029374,0.544839,-0.11623
35,1.1666666666666667,30.0,35,10,0.999928,True,0.001334,0.52711,-0.060201,-0.002741,0.517385,-0.15932
35,1.1666666666666667,30.0,35,11,0.99996,True,0.016057,0.409806,-0.07806,0.04274,0.406657,-0.155824
35,1.1666666666666667,30.0,35,12,0.999763,True,0.082659,0.466616,0.175483,0.052426,0.468621,0.162549
35,1.1666666666666667,30.0,35,13,0.888914,True,-0.144103,0.283914,-0.109615,-0.114292,0.288025,-0.223278
35,1.1666666666666667,30.0,35,14,0.675581,True,0.058975,0.231407,0.247231,0.027235,0.256916,0.275918
35,1.1666666666666667,30.0,35,15,0.875842,True,-0.267572,0.253445,-0.088636,-0.313825,0.260962,-0.20323
35,1.1666666666666667,30.0,35,16,0.701426,True,-0.083934,0.16027,0.241709,-0.093393,0.167255,0.34558
35,1.1666666666666667,30.0,35,17,0.873398,True,-0.300862,0.268971,-0.093163,-0.36575,0.26866,-0.212766
35,1.1666666666666667,30.0,35,18,0.704461,True,-0.079297,0.156748,0.234344,-0.082635,0.152532,0.34361
35,1.1666666666666667,30.0,35,19,0.874515,True,-0.304092,0.273568,-0.045337,-0.390451,0.278773,-0.16189
35,1.1666666666666667,30.0,35,20,0.709708,True,-0.080651,0.194219,0.222993,-0.090796,0.178566,0.322354
35,1.1666666666666667,30.0,35,21,0.86389,True,-0.26721,0.243071,-0.054318,-0.326858,0.249999,-0.165562
35,1.1666666666666667,30.0,35,22,0.700165,True,-0.095821,0.161452,0.230012,-0.10447,0.166821,0.328192
35,1.1666666666666667,30.0,35,23,0.999956,True,0.005238,-0.010015,-0.034178,0.028574,-0.004597,-0.063612
35,1.1666666666666667,30.0,35,24,0.99989,True,-0.002754,0.01183,0.034872,-0.024975,0.007315,0.064371
35,1.1666666666666667,30.0,35,25,0.902261,True,-0.025456,-0.31724,-0.107182,-0.030296,-0.314802,-0.16937
35,1.1666666666666667,30.0,35,26,0.769255,True,0.025744,-0.127372,0.046503,-0.105177,-0.155303,0.124358
35,1.1666666666666667,30.0,35,27,0.911076,True,0.04503,-0.645741,-0.05121,0.038811,-0.667258,-0.105343
35,1.1666666666666667,30.0,35,28,0.683775,True,0.04204,-0.318678,0.239317,0.037862,-0.394973,0.339228
35,1.1666666666666667,30.0,35,29,0.866543,True,0.031965,-0.683986,-0.039214,0.026801,-0.711399,-0.093673
35,1.1666666666666667,30.0,35,30,0.629219,True,0.044692,-0.319188,0.228773,0.052367,-0.392159,0.324813
35,1.1666666666666667,30.0,35,31,0.917388,True,0.00708,-0.762014,-0.016705,-0.015326,-0.801683,-0.09355
35,1.1666666666666667,30.0,35,32,0.705553,True,0.053967,-0.457764,0.203295,0.056405,-0.592499,0.370451
36,1.2,30.0,36,0,0.999922,True,-0.03974,0.5936,0.029525,-0.051203,0.604502,0.094101
36,1.2,30.0,36,1,0.999925,True,-0.03981,0.605812,0.014732,-0.064196,0.615039,0.061003
36,1.2,30.0,36,2,0.999924,True,-0.037231,0.609,0.025593,-0.061391,0.620087,0.073294
36,1.2,30.0,36,3,0.999944,True,-0.037145,0.607169,0.020099,-0.061707,0.617435,0.066799
36,1.2,30.0,36,4,0.999945,True,-0.015153,0.616679,0.000513,-0.019949,0.626096,0.049785
36,1.2,30.0,36,5,0.999948,True,-0.01855,0.613119,-0.009308,-0.025223,0.621312,0.041345
36,1.2,30.0,36,6,0.99995,True,-0.008651,0.602912,0.010726,-0.013339,0.612111,0.062749
36,1.2,30.0,36,7,0.999969,True,-0.015728,0.558365,-0.056528,-0.074932,0.559971,-0.053696
36,1.2,30.0,36,8,0.999902,True,0.021573,0.532265,0.010207,0.020233,0.532705,0.005329
36,1.2,30.0,36,9,0.999809,True,-0.019921,0.566222,0.035323,-0.045605,0.574607,0.076255
36,1.2,30.0,36,10,0.99979,True,-0.014886,0.536238,0.013498,-0.021871,0.543939,0.057544
36,1.2,30.0,36,11,0.99996,True,-0.076656,0.412744,-0.046734,-0.139828,0.415093,-0.025222
36,1.2,30.0,36,12,0.999767,True,0.126095,0.467776,0.155691,0.162726,0.467729,0.127454
36,1.2,30.0,36,13,0.864132,True,-0.24528,0.284856,-0.029174,-0.293955,0.291063,0.048139
36,1.2,30.0,36,14,0.620893,True,0.153995,0.222145,0.227362,0.214843,0.210775,0.211667
36,1.2,30.0,36,15,0.802445,False,-0.283006,0.261333,0.065654,-0.228478,0.267673,0.29155
36,1.2,30.0,36,16,0.631593,True,0.008738,0.175603,0.257514,0.072065,0.186155,0.177045
36,1.2,30.0,36,17,0.800029,False,-0.29801,0.286823,0.077828,-0.222173,0.301219,0.324384
36,1.2,30.0,36,18,0.634373,True,0.013211,0.18519,0.26034,0.07464,0.194196,0.178726
36,1.2,30.0,36,19,0.801392,False,-0.284024,0.288043,0.109968,-0.19045,0.297273,0.328031
36,1.2,30.0,36,20,0.639094,True,0.006984,0.227639,0.257509,0.073421,0.246239,0.182714
36,1.2,30.0,36,21,0.789559,False,-0.270164,0.252151,0.088945,-0.202435,0.258804,0.290145
36,1.2,30.0,36,22,0.630516,True,-0.008734,0.179366,0.251542,0.053075,0.172359,0.173086
36,1.2,30.0,36,23,0.999953,True,-0.034942,-0.008871,-0.020187,-0.067025,-0.009319,-0.007848
36,1.2,30.0,36,24,0.999884,True,0.036595,0.009768,0.020315,0.067338,0.009235,0.007875
36,1.2,30.0,36,25,0.893974,True,-0.039784,-0.339349,-0.044288,-0.03712,-0.376994,0.011052
36,1.2,30.0,36,26,0.713102,True,0.168575,-0.099535,0.068622,0.279054,-0.071317,0.061404
36,1.2,30.0,36,27,0.910435,True,0.044178,-0.661977,-0.03769,0.04017,-0.692529,-0.031951
36,1.2,30.0,36,28,0.643781,True,0.084609,-0.343101,0.242643,0.12107,-0.362926,0.280821
36,1.2,30.0,36,29,0.874741,True,0.03075,-0.700924,-0.031049,0.023906,-0.73084,-0.0329
36,1.2,30.0,36,30,0.609631,True,0.075053,-0.346413,0.236109,0.105056,-0.360484,0.28863
36,1.2,30.0,36,31,0.902433,True,0.001992,-0.774057,0.0111,-0.008615,-0.801231,0.020886
36,1.2,30.0,36,32,0.654259,True,0.0872,-0.468947,0.217695,0.128506,-0.470173,0.197208
37,1.2333333333333334,30.0,37,0,0.999909,True,-0.037959,0.602541,0.111998,-0.062042,0.608265,0.140137
37,1.2333333333333334,30.0,37,1,0.999913,True,-0.051803,0.613491,0.08644,-0.081501,0.617617,0.105891
37,1.2333333333333334,30.0,37,2,0.999912,True,-0.049468,0.618363,0.097565,-0.079319,0.623182,0.117453
37,1.2333333333333334,30.0,37,3,0.999935,True,-0.049282,0.616037,0.091955,-0.079271,0.620448,0.111896
37,1.2333333333333334,30.0,37,4,0.999935,True,-0.012642,0.625395,0.067949,-0.029525,0.629255,0.094583
37,1.2333333333333334,30.0,37,5,0.999938,True,-0.017148,0.620743,0.059022,-0.034817,0.624118,0.086591
37,1.2333333333333334,30.0,37,6,0.99994,True,-0.003865,0.61148,0.079618,-0.021336,0.615018,0.107582
37,1.2333333333333334,30.0,37,7,0.999967,True,-0.071024,0.560346,-0.022681,-0.103215,0.56023,-0.017602
37,1.2333333333333334,30.0,37,8,0.99989,True,0.034358,0.527231,0.018138,0.025746,0.523758,0.032562
37,1.2333333333333334,30.0,37,9,0.999776,True,-0.03642,0.572993,0.102128,-0.061084,0.577379,0.118513
37,1.2333333333333334,30.0,37,10,0.99975,True,-0.013585,0.541932,0.074966,-0.028008,0.546105,0.100529
37,1.2333333333333334,30.0,37,11,0.999962,True,-0.144753,0.412478,-0.004184,-0.158589,0.415039,0.01825
37,1.2333333333333334,30.0,37,12,0.999777,True,0.154852,0.468507,0.125071,0.164748,0.467077,0.110417
37,1.2333333333333334,30.0,37,13,0.854999,True,-0.289486,0.285532,0.054221,-0.299318,0.288264,0.091337
37,1.2333333333333334,30.0,37,14,0.5792,True,0.22479,0.219766,0.186666,0.211195,0.212747,0.151216
37,1.2333333333333334,30.0,37,15,0.741507,True,-0.252629,0.27968,0.225414,-0.231523,0.275746,0.342638
37,1.2333333333333334,30.0,37,16,0.568909,True,0.069869,0.203989,0.258123,0.048585,0.196375,0.234809
37,1.2333333333333334,30.0,37,17,0.738478,True,-0.252692,0.314062,0.252697,-0.224326,0.316956,0.37811
37,1.2333333333333334,30.0,37,18,0.571455,True,0.07156,0.227837,0.268205,0.048995,0.236637,0.249324
37,1.2333333333333334,30.0,37,19,0.740021,True,-0.227979,0.313325,0.267559,-0.190432,0.313306,0.378662
37,1.2333333333333334,30.0,37,20,0.5757,True,0.061506,0.271615,0.271357,0.044711,0.288576,0.259515
37,1.2333333333333334,30.0,37,21,0.726699,True,-0.2312,0.272107,0.235228,-0.204706,0.269234,0.33993
37,1.2333333333333334,30.0,37,22,0.568029,True,0.047338,0.212384,0.25698,0.026497,0.21165,0.237852
37,1.2333333333333334,30.0,37,23,0.999951,True,-0.06646,-0.012276,0.001706,-0.077102,-0.015878,0.012987
37,1.2333333333333334,30.0,37,24,0.99988,True,0.067429,0.012637,-0.00209,0.077441,0.015142,-0.013516
37,1.2333333333333334,30.0,37,25,0.893122,True,-0.04175,-0.367109,0.010116,-0.030472,-0.389143,0.023639
37,1.2333333333333334,30.0,37,26,0.674677,True,0.282267,-0.047297,0.069795,0.303773,-0.027051,0.051464
37,1.2333333333333334,30.0,37,27,0.912527,True,0.043163,-0.688965,-0.028107,0.044231,-0.705992,-0.030126
37,1.2333333333333334,30.0,37,28,0.612602,True,0.121181,-0.331825,0.207479,0.131417,-0.346429,0.20968
37,1.2333333333333334,30.0,37,29,0.883561,True,0.027564,-0.727781,-0.02527,0.026446,-0.743682,-0.031663
37,1.2333333333333334,30.0,37,30,0.600368,True,0.101943,-0.34015,0.200691,0.111475,-0.356206,0.209541
37,1.2333333333333334,30.0,37,31,0.893352,True,-0.002262,-0.792732,0.028255,-0.002901,-0.802923,0.020345
37,1.2333333333333334,30.0,37,32,0.61068,True,0.118378,-0.438046,0.204919,0.132581,-0.431486,0.18048
38,1.2666666666666666,30.0,38,0,0.999884,True,-0.009156,0.605346,0.165769,-0.041,0.611827,0.140024
38,1.2666666666666666,30.0,38,1,0.999883,True,-0.03478,0.616269,0.132973,-0.050626,0.622911,0.105133
38,1.2666666666666666,30.0,38,2,0.999888,True,-0.032794,0.622799,0.144182,-0.048778,0.627325,0.116207
38,1.2666666666666666,30.0,38,3,0.999918,True,-0.032595,0.619988,0.13921,-0.048346,0.625882,0.112809
38,1.2666666666666666,30.0,38,4,0.999914,True,0.01289,0.629086,0.108904,-0.02822,0.635075,0.086245
38,1.2666666666666666,30.0,38,5,0.999921,True,0.0076,0.623269,0.101272,-0.031786,0.631159,0.075619
38,1.2666666666666666,30.0,38,6,0.999921,True,0.023139,0.614902,0.122101,-0.01446,0.621594,0.097309
38,1.2666666666666666,30.0,38,7,0.999962,True,-0.095464,0.561995,0.012482,-0.097278,0.566667,-0.00813
38,1.2666666666666666,30.0,38,8,0.999859,True,0.05134,0.519921,0.014555,0.04807,0.524288,0.000829
38,1.2666666666666666,30.0,38,9,0.99973,True,-0.025621,0.574647,0.146296,-0.037049,0.581729,0.122512
38,1.2666666666666666,30.0,38,10,0.999691,True,0.008432,0.54251,0.110857,-0.021183,0.549003,0.091826
38,1.2666666666666666,30.0,38,11,0.999964,True,-0.176073,0.409954,0.043365,-0.172425,0.41694,0.020674
38,1.2666666666666666,30.0,38,12,0.999786,True,0.165469,0.468982,0.093984,0.159202,0.471476,0.088202
38,1.2666666666666666,30.0,38,13,0.852681,True,-0.27354,0.288876,0.129947,-0.286804,0.289677,0.093292
38,1.2666666666666666,30.0,38,14,0.565302,True,0.267255,0.227094,0.139366,0.24815,0.22761,0.110188
38,1.2666666666666666,30.0,38,15,0.692261,True,-0.190386,0.309516,0.364284,-0.204633,0.279473,0.315045
38,1.2666666666666666,30.0,38,16,0.513712,True,0.109018,0.239968,0.255951,0.093287,0.226024,0.180746
38,1.2666666666666666,30.0,38,17,0.68607,True,-0.182944,0.350385,0.40219,-0.196072,0.313754,0.355303
38,1.2666666666666666,30.0,38,18,0.51597,True,0.108705,0.27448,0.268972,0.089957,0.26271,0.186665
38,1.2666666666666666,30.0,38,19,0.687469,True,-0.156586,0.349656,0.404887,-0.16597,0.312373,0.352149
38,1.2666666666666666,30.0,38,20,0.519788,True,0.096323,0.315123,0.274279,0.074309,0.303196,0.190323
38,1.2666666666666666,30.0,38,21,0.673179,True,-0.166125,0.303689,0.363634,-0.177965,0.271377,0.314989
38,1.2666666666666666,30.0,38,22,0.512863,True,0.083466,0.253258,0.257525,0.067848,0.24749,0.180461
38,1.2666666666666666,30.0,38,23,0.999953,True,-0.084296,-0.017916,0.025784,-0.079984,-0.019064,0.027377
38,1.2666666666666666,30.0,38,24,0.999884,True,0.084962,0.018192,-0.026486,0.080814,0.02032,-0.0276
38,1.2666666666666666,30.0,38,25,0.897549,True,-0.037557,-0.389021,0.046397,-0.030667,-0.392758,0.047235
38,1.2666666666666666,30.0,38,26,0.672262,True,0.354632,0.006897,0.059367,0.329916,0.049003,0.02459
38,1.2666666666666666,30.0,38,27,0.917473,True,0.044347,-0.71523,-0.020288,0.038829,-0.724794,-0.002003
38,1.2666666666666666,30.0,38,28,0.607337,True,0.14918,-0.289992,0.152171,0.146989,-0.271094,0.110624
38,1.2666666666666666,30.0,38,29,0.892508,True,0.026081,-0.753573,-0.018893,0.020551,-0.762991,0.001504
38,1.2666666666666666,30.0,38,30,0.609051,True,0.123829,-0.303842,0.141045,0.123859,-0.293003,0.094084
38,1.2666666666666666,30.0,38,31,0.890761,True,-0.003003,-0.809732,0.037829,0.007606,-0.8133,0.061898
38,1.2666666666666666,30.0,38,32,0.585757,True,0.143118,-0.378636,0.179343,0.154912,-0.36709,0.150136
39,1.3,30.0,39,0,0.99987,True,0.038194,0.601787,0.17554,0.072245,0.595479,0.15414
39,1.3,30.0,39,1,0.999851,True,0.005273,0.613935,0.141178,0.031603,0.608564,0.133231
39,1.3,30.0,39,2,0.999857,True,0.007024,0.621738,0.152227,0.033177,0.616057,0.144723
39,1.3,30.0,39,3,0.999892,True,0.007061,0.618473,0.148486,0.033624,0.613104,0.140199
39,1.3,30.0,39,4,0.999905,True,0.053973,0.627444,0.111013,0.084824,0.621833,0.097938
39,1.3,30.0,39,5,0.999915,True,0.048344,0.620528,0.104949,0.07981,0.615003,0.090977
39,1.3,30.0,39,6,0.999916,True,0.064386,0.612851,0.125681,0.094636,0.607376,0.111104
39,1.3,30.0,39,7,0.999954,True,-0.086003,0.563575,0.040906,-0.058193,0.562399,0.062813
39,1.3,30.0,39,8,0.999852,True,0.065528,0.512834,-0.001518,0.071149,0.508889,0.001201
39,1.3,30.0,39,9,0.999668,True,0.008462,0.571619,0.155895,0.02973,0.566778,0.150786
39,1.3,30.0,39,10,0.999655,True,0.044256,0.53863,0.110192,0.070788,0.5328,0.100777
39,1.3,30.0,39,11,0.999965,True,-0.171135,0.408192,0.087686,-0.143887,0.407046,0.108014
39,1.3,30.0,39,12,0.999799,True,0.159694,0.469968,0.064988,0.145372,0.470546,0.07975
39,1.3,30.0,39,13,0.809635,True,-0.209722,0.2986,0.194008,-0.172919,0.294054,0.219522
39,1.3,30.0,39,14,0.587492,True,0.284509,0.244912,0.090717,0.283003,0.248368,0.10392
39,1.3,30.0,39,15,0.62585,True,-0.108434,0.344763,0.464883,-0.106542,0.355456,0.497873
39,1.3,30.0,39,16,0.473543,True,0.14521,0.275499,0.24552,0.151368,0.290185,0.275828
39,1.3,30.0,39,17,0.620367,True,-0.100593,0.388887,0.508444,-0.105706,0.398102,0.540675
39,1.3,30.0,39,18,0.474586,True,0.147191,0.314393,0.256133,0.156702,0.327638,0.283829
39,1.3,30.0,39,19,0.621749,True,-0.080098,0.389471,0.505746,-0.093431,0.401125,0.543109
39,1.3,30.0,39,20,0.478111,True,0.135156,0.348979,0.260665,0.145651,0.356641,0.290622
39,1.3,30.0,39,21,0.609342,True,-0.086192,0.340132,0.459316,-0.091278,0.350916,0.496075
39,1.3,30.0,39,22,0.470906,True,0.120034,0.291862,0.247438,0.127761,0.307683,0.279979
39,1.3,30.0,39,23,0.999953,True,-0.088501,-0.023143,0.047621,-0.076619,-0.022961,0.049637
39,1.3,30.0,39,24,0.999885,True,0.089271,0.023719,-0.048306,0.077826,0.024306,-0.050353
39,1.3,30.0,39,25,0.896268,True,-0.031875,-0.400767,0.062653,-0.028696,-0.397669,0.054203
39,1.3,30.0,39,26,0.676219,True,0.386449,0.044839,0.04171,0.373646,0.036469,0.013346
39,1.3,30.0,39,27,0.917614,True,0.047091,-0.736289,-0.011549,0.047967,-0.738809,-0.009056
39,1.3,30.0,39,28,0.604065,True,0.170597,-0.23982,0.100009,0.161055,-0.223216,0.035753
39,1.3,30.0,39,29,0.899036,True,0.026525,-0.774457,-0.009688,0.027379,-0.777142,-0.001321
39,1.3,30.0,39,30,0.617408,True,0.143017,-0.258285,0.083222,0.133448,-0.241537,0.013339
39,1.3,30.0,39,31,0.880444,True,9.3e-05,-0.823455,0.043166,0.004801,-0.824559,0.039417
39,1.3,30.0,39,32,0.566385,True,0.164258,-0.319501,0.153822,0.151438,-0.297642,0.108483
40,1.3333333333333333,30.0,40,0,0.999863,True,0.087384,0.59384,0.135063,0.095034,0.588613,0.157159
40,1.3333333333333333,30.0,40,1,0.999831,True,0.052697,0.608077,0.105404,0.054007,0.602271,0.137962
40,1.3333333333333333,30.0,40,2,0.999838,True,0.054408,0.616333,0.116199,0.055517,0.611123,0.149871
40,1.3333333333333333,30.0,40,3,0.999873,True,0.054134,0.612814,0.113845,0.055811,0.607368,0.144751
40,1.3333333333333333,30.0,40,4,0.999902,True,0.094971,0.621803,0.070372,0.107227,0.616663,0.100103
40,1.3333333333333333,30.0,40,5,0.999915,True,0.089653,0.614154,0.065557,0.101953,0.608552,0.093538
40,1.3333333333333333,30.0,40,6,0.999915,True,0.104428,0.606816,0.086081,0.116346,0.60207,0.113673
40,1.3333333333333333,30.0,40,7,0.999949,True,-0.051589,0.565605,0.053784,-0.051565,0.560305,0.072578
40,1.3333333333333333,30.0,40,8,0.999853,True,0.069252,0.507723,-0.029973,0.077866,0.50449,-0.000832
40,1.3333333333333333,30.0,40,9,0.999627,True,0.052496,0.566325,0.125642,0.051127,0.560557,0.154779
40,1.3333333333333333,30.0,40,10,0.999638,True,0.080673,0.532526,0.070406,0.091507,0.526999,0.101429
40,1.3333333333333333,30.0,40,11,0.999965,True,-0.13861,0.410507,0.122409,-0.144006,0.398363,0.118942
40,1.3333333333333333,30.0,40,12,0.999813,True,0.142042,0.472286,0.035889,0.141266,0.470586,0.065206
40,1.3333333333333333,30.0,40,13,0.76744,True,-0.120785,0.314503,0.247643,-0.158859,0.294066,0.227508
40,1.3333333333333333,30.0,40,14,0.619579,True,0.28382,0.270144,0.038624,0.305461,0.259452,0.09144
40,1.3333333333333333,30.0,40,15,0.564883,True,-0.019772,0.370621,0.521474,-0.085492,0.363052,0.504287
40,1.3333333333333333,30.0,40,16,0.445851,True,0.19499,0.301893,0.208919,0.16913,0.300011,0.263305
40,1.3333333333333333,30.0,40,17,0.560075,True,-0.015406,0.413925,0.566965,-0.082911,0.405139,0.545911
40,1.3333333333333333,30.0,40,18,0.444389,True,0.205432,0.339287,0.211111,0.17225,0.33287,0.269586
40,1.3333333333333333,30.0,40,19,0.561393,True,-0.003823,0.415747,0.563059,-0.07387,0.409092,0.550422
40,1.3333333333333333,30.0,40,20,0.447709,True,0.197599,0.368002,0.214528,0.159571,0.359771,0.274423
40,1.3333333333333333,30.0,40,21,0.550628,True,-0.001816,0.365792,0.515948,-0.068952,0.359263,0.502164
40,1.3333333333333333,30.0,40,22,0.439336,True,0.174275,0.318744,0.20969,0.144256,0.314652,0.267209
40,1.3333333333333333,30.0,40,23,0.999954,True,-0.081684,-0.026282,0.06554,-0.078163,-0.027594,0.057225
40,1.3333333333333333,30.0,40,24,0.999891,True,0.082826,0.027459,-0.065794,0.079388,0.028759,-0.057959
40,1.3333333333333333,30.0,40,25,0.897572,True,-0.024493,-0.40624,0.064124,-0.023873,-0.398012,0.059075
40,1.3333333333333333,30.0,40,26,0.690657,True,0.384541,0.059022,0.008767,0.374835,0.031963,0.002898
40,1.3333333333333333,30.0,40,27,0.919379,True,0.048921,-0.754989,0.002177,0.055373,-0.737135,-0.009811
40,1.3333333333333333,30.0,40,28,0.615533,True,0.187134,-0.207893,0.059667,0.156464,-0.204425,0.014529
40,1.3333333333333333,30.0,40,29,0.905956,True,0.026541,-0.793625,0.005586,0.03458,-0.774998,-0.00513
40,1.3333333333333333,30.0,40,30,0.636174,True,0.160975,-0.229647,0.039171,0.128145,-0.22143,-0.009492
40,1.3333333333333333,30.0,40,31,0.874418,True,0.006589,-0.837677,0.048807,0.005261,-0.823667,0.043783
40,1.3333333333333333,30.0,40,32,0.562811,True,0.186976,-0.288003,0.125168,0.14691,-0.269568,0.086846
41,1.3666666666666667,30.0,41,0,0.999875,True,0.122748,0.583947,0.051623,0.137511,0.582969,0.137794
41,1.3666666666666667,30.0,41,1,0.999846,True,0.091111,0.600614,0.031949,0.102615,0.600366,0.08083
41,1.3666666666666667,30.0,41,2,0.999852,True,0.092911,0.608184,0.042631,0.104465,0.609971,0.088551
41,1.3666666666666667,30.0,41,3,0.999884,True,0.092317,0.604839,0.041284,0.102883,0.605343,0.090126
41,1.3666666666666667,30.0,41,4,0.999911,True,0.120784,0.613797,-0.004933,0.134539,0.613643,0.044741
41,1.3666666666666667,30.0,41,5,0.999923,True,0.116631,0.606098,-0.009577,0.127933,0.604632,0.047912
41,1.3666666666666667,30.0,41,6,0.999923,True,0.128894,0.598719,0.010878,0.142362,0.598157,0.067733
41,1.3666666666666667,30.0,41,7,0.999953,True,-0.006536,0.568316,0.046215,-0.028947,0.567894,0.027014
41,1.3666666666666667,30.0,41,8,0.999866,True,0.05858,0.504992,-0.066826,0.071036,0.505038,-0.073773
41,1.3666666666666667,30.0,41,9,0.999655,True,0.091378,0.561312,0.060891,0.098973,0.559663,0.098951
41,1.3666666666666667,30.0,41,10,0.999666,True,0.105402,0.526328,7.5e-05,0.112377,0.525457,0.031617
41,1.3666666666666667,30.0,41,11,0.999961,True,-0.089128,0.418184,0.144374,-0.096831,0.410557,0.137741
41,1.3666666666666667,30.0,41,12,0.999808,True,0.117034,0.476142,0.004866,0.128822,0.470612,-0.017407
41,1.3666666666666667,30.0,41,13,0.696234,True,-0.031033,0.329977,0.290581,-0.011631,0.313388,0.259692
41,1.3666666666666667,30.0,41,14,0.638863,True,0.273916,0.295929,-0.018576,0.27547,0.292864,-0.017623
41,1.3666666666666667,30.0,41,15,0.511424,True,0.05988,0.368534,0.533355,0.095377,0.356275,0.468903
41,1.3666666666666667,30.0,41,16,0.439428,True,0.263747,0.312433,0.134747,0.251395,0.318457,0.226181
41,1.3666666666666667,30.0,41,17,0.508514,True,0.059906,0.405843,0.578251,0.096628,0.391908,0.506151
41,1.3666666666666667,30.0,41,18,0.436341,True,0.288267,0.344683,0.122909,0.274226,0.350035,0.226594
41,1.3666666666666667,30.0,41,19,0.509898,True,0.063912,0.407686,0.573811,0.099044,0.391436,0.505462
41,1.3666666666666667,30.0,41,20,0.437595,True,0.288557,0.37072,0.127313,0.27149,0.377527,0.212657
41,1.3666666666666667,30.0,41,21,0.501245,True,0.073647,0.361537,0.530607,0.108533,0.350013,0.461463
41,1.3666666666666667,30.0,41,22,0.425019,True,0.251175,0.328162,0.134296,0.236427,0.332686,0.215656
41,1.3666666666666667,30.0,41,23,0.999957,True,-0.066083,-0.026881,0.079629,-0.064134,-0.0269,0.077326
41,1.3666666666666667,30.0,41,24,0.999896,True,0.067688,0.028913,-0.079101,0.065653,0.02759,-0.077353
41,1.3666666666666667,30.0,41,25,0.904547,True,-0.011629,-0.410792,0.058556,-0.019741,-0.395258,0.057915
41,1.3666666666666667,30.0,41,26,0.711311,True,0.354731,0.048032,-0.051417,0.33864,0.025,0.022042
41,1.3666666666666667,30.0,41,27,0.925609,True,0.047372,-0.773479,0.024897,0.04638,-0.748505,0.025136
41,1.3666666666666667,30.0,41,28,0.643221,True,0.195357,-0.214217,0.022615,0.186102,-0.214541,0.137364
41,1.3666666666666667,30.0,41,29,0.91302,True,0.023357,-0.813021,0.030602,0.021235,-0.787556,0.026724
41,1.3666666666666667,30.0,41,30,0.654049,True,0.17355,-0.238406,0.001918,0.165324,-0.238402,0.122213
41,1.3666666666666667,30.0,41,31,0.883495,True,0.015598,-0.854076,0.059937,0.001589,-0.838288,0.061656
41,1.3666666666666667,30.0,41,32,0.588978,True,0.21066,-0.299786,0.078644,0.188694,-0.316602,0.20546
42,1.4,30.0,42,0,0.999887,True,0.13695,0.573836,-0.054365,0.132623,0.577747,-0.120014
42,1.4,30.0,42,1,0.999861,True,0.111235,0.592854,-0.061297,0.11559,0.596831,-0.111574
42,1.4,30.0,42,2,0.999866,True,0.113131,0.59865,-0.050459,0.117804,0.602439,-0.099948
42,1.4,30.0,42,3,0.999895,True,0.112333,0.596002,-0.051567,0.116722,0.59982,-0.100299
42,1.4,30.0,42,4,0.99992,True,0.12456,0.604649,-0.096408,0.120409,0.608714,-0.148657
42,1.4,30.0,42,5,0.99993,True,0.122398,0.597681,-0.102302,0.119002,0.60163,-0.157594
42,1.4,30.0,42,6,0.999931,True,0.131709,0.590023,-0.081673,0.126754,0.593179,-0.136297
42,1.4,30.0,42,7,0.999957,True,0.035999,0.571414,0.019094,0.053614,0.575333,0.014113
42,1.4,30.0,42,8,0.999878,True,0.035548,0.504099,-0.105014,0.02824,0.507143,-0.128196
42,1.4,30.0,42,9,0.99968,True,0.11526,0.55784,-0.022722,0.121501,0.56004,-0.064593
42,1.4,30.0,42,10,0.999693,True,0.112792,0.521045,-0.083467,0.109068,0.524582,-0.128176
42,1.4,30.0,42,11,0.999919,True,-0.032118,0.429459,0.152942,-0.036639,0.440483,0.155555
42,1.4,30.0,42,12,0.999795,True,0.088057,0.480867,-0.027449,0.089824,0.48345,-0.047053
42,1.4,30.0,42,13,0.628601,True,0.043212,0.335196,0.316602,0.075941,0.36333,0.318801
42,1.4,30.0,42,14,0.667635,True,0.262166,0.314044,-0.077211,0.252506,0.320804,-0.11156
42,1.4,30.0,42,15,0.465664,True,0.117978,0.32758,0.499921,0.161016,0.368946,0.496267
42,1.4,30.0,42,16,0.481812,True,0.343375,0.305075,0.030994,0.37469,0.30524,-0.026204
42,1.4,30.0,42,17,0.46558,True,0.113152,0.35334,0.541763,0.147012,0.399367,0.538305
42,1.4,30.0,42,18,0.475565,True,0.384941,0.330728,0.001539,0.423545,0.32988,-0.061286
42,1.4,30.0,42,19,0.466859,True,0.112823,0.353846,0.53564,0.14331,0.402197,0.528008
42,1.4,30.0,42,20,0.475561,True,0.395915,0.358842,0.009748,0.435635,0.358717,-0.04438
42,1.4,30.0,42,21,0.458557,True,0.128609,0.316631,0.500349,0.170501,0.358653,0.497293
42,1.4,30.0,42,22,0.454476,True,0.341174,0.319799,0.030271,0.375028,0.318833,-0.022985
42,1.4,30.0,42,23,0.999951,True,-0.043099,-0.025191,0.090184,-0.061227,-0.022684,0.096006
42,1.4,30.0,42,24,0.999891,True,0.045134,0.02826,-0.088748,0.063238,0.026009,-0.094306
42,1.4,30.0,42,25,0.907673,True,0.010342,-0.414303,0.051858,-0.005019,-0.404989,0.051691
42,1.4,30.0,42,26,0.73251,True,0.301086,0.01087,-0.138056,0.343187,0.021042,-0.062523
42,1.4,30.0,42,27,0.930683,True,0.041408,-0.785993,0.057098,0.039898,-0.778867,0.044196
42,1.4,30.0,42,28,0.672543,True,0.188142,-0.266539,-0.023441,0.234334,-0.2766,0.042315
42,1.4,30.0,42,29,0.918534,True,0.015663,-0.826211,0.065932,0.014151,-0.818431,0.050991
42,1.4,30.0,42,30,0.675889,True,0.172491,-0.292944,-0.0419,0.21763,-0.304961,0.019196
42,1.4,30.0,42,31,0.892157,True,0.024892,-0.866435,0.079308,0.018556,-0.851811,0.066065
42,1.4,30.0,42,32,0.62281,True,0.226976,-0.356918,0.004535,0.280468,-0.377973,0.062022
43,1.4333333333333333,30.0,43,0,0.999898,True,0.132202,0.564833,-0.15604,0.125072,0.569137,-0.183413
43,1.4333333333333333,30.0,43,1,0.999874,True,0.113346,0.585867,-0.150959,0.112089,0.5894,-0.168175
43,1.4333333333333333,30.0,43,2,0.999878,True,0.115278,0.589292,-0.139793,0.114507,0.592281,-0.156109
43,1.4333333333333333,30.0,43,3,0.999905,True,0.114393,0.587722,-0.14143,0.113499,0.590986,-0.157398
43,1.4333333333333333,30.0,43,4,0.999927,True,0.109757,0.595711,-0.181709,0.109311,0.600594,-0.199427
43,1.4333333333333333,30.0,43,5,0.999937,True,0.110015,0.590045,-0.189896,0.108941,0.595479,-0.208182
43,1.4333333333333333,30.0,43,6,0.999937,True,0.116713,0.582099,-0.168905,0.115286,0.586496,-0.187092
43,1.4333333333333333,30.0,43,7,0.99996,True,0.067694,0.574437,-0.021429,0.077999,0.575927,0.002341
43,1.4333333333333333,30.0,43,8,0.99989,True,0.006993,0.504638,-0.137662,0.001178,0.508015,-0.138706
43,1.4333333333333333,30.0,43,9,0.999701,True,0.122423,0.55597,-0.104628,0.12626,0.559097,-0.116246
43,1.4333333333333333,30.0,43,10,0.999719,True,0.104883,0.516993,-0.160547,0.103601,0.520269,-0.171638
43,1.4333333333333333,30.0,43,11,0.999884,True,0.024507,0.440658,0.148974,0.024171,0.445887,0.157204
43,1.4333333333333333,30.0,43,12,0.99981,True,0.057627,0.485343,-0.058956,0.048772,0.490161,-0.04377
43,1.4333333333333333,30.0,43,13,0.570211,True,0.099216,0.324614,0.316541,0.115712,0.379828,0.365729
43,1.4333333333333333,30.0,43,14,0.699977,True,0.250639,0.318799,-0.130671,0.222829,0.337842,-0.146635
43,1.4333333333333333,30.0,43,15,0.4355,True,0.155783,0.25503,0.424703,0.207056,0.357652,0.601471
43,1.4333333333333333,30.0,43,16,0.533403,True,0.414344,0.28394,-0.081117,0.396827,0.297816,-0.167343
43,1.4333333333333333,30.0,43,17,0.440631,True,0.143573,0.265495,0.460585,0.194854,0.389102,0.655468
43,1.4333333333333333,30.0,43,18,0.527667,True,0.472001,0.302787,-0.128658,0.453503,0.320607,-0.223911
43,1.4333333333333333,30.0,43,19,0.442203,True,0.141358,0.264266,0.451658,0.194827,0.390591,0.642496
43,1.4333333333333333,30.0,43,20,0.527659,True,0.494302,0.337472,-0.114981,0.48567,0.349621,-0.201163
43,1.4333333333333333,30.0,43,21,0.432238,True,0.164168,0.239432,0.426947,0.219939,0.346602,0.606695
43,1.4333333333333333,30.0,43,22,0.508172,True,0.422782,0.298909,-0.081075,0.40908,0.311432,-0.165524
43,1.4333333333333333,30.0,43,23,0.999948,True,-0.014918,-0.021632,0.097139,-0.018023,-0.021404,0.100413
43,1.4333333333333333,30.0,43,24,0.999897,True,0.017259,0.02577,-0.094954,0.020061,0.025916,-0.097485
43,1.4333333333333333,30.0,43,25,0.915478,True,0.041708,-0.410743,0.04674,0.062484,-0.41697,0.045581
43,1.4333333333333333,30.0,43,26,0.759106,True,0.229749,-0.050841,-0.230515,0.275716,-0.002037,-0.28234
43,1.4333333333333333,30.0,43,27,0.937447,True,0.031811,-0.780559,0.093486,0.038915,-0.796219,0.083834
43,1.4333333333333333,30.0,43,28,0.705102,True,0.160739,-0.356897,-0.082376,0.202665,-0.330305,-0.147444
43,1.4333333333333333,30.0,43,29,0.926356,True,0.004219,-0.820528,0.106091,0.013592,-0.83813,0.095939
43,1.4333333333333333,30.0,43,30,0.707762,True,0.151696,-0.385381,-0.09911,0.19404,-0.359358,-0.163799
43,1.4333333333333333,30.0,43,31,0.902756,True,0.03108,-0.862862,0.104282,0.047424,-0.876001,0.088998
43,1.4333333333333333,30.0,43,32,0.660333,True,0.225319,-0.447542,-0.09261,0.264853,-0.421868,-0.172278
44,1.4666666666666666,30.0,44,0,0.999887,True,0.116475,0.55881,-0.231066,0.112437,0.559145,-0.238081
44,1.4666666666666666,30.0,44,1,0.999867,True,0.104563,0.581379,-0.217715,0.098752,0.58205,-0.223075
44,1.4666666666666666,30.0,44,2,0.999853,True,0.106524,0.582525,-0.20629,0.100381,0.581976,-0.211661
44,1.4666666666666666,30.0,44,3,0.999884,True,0.10554,0.582127,-0.208824,0.099936,0.582348,-0.215576
44,1.4666666666666666,30.0,44,4,0.999926,True,0.086498,0.589301,-0.243567,0.079323,0.589165,-0.246387
44,1.4666666666666666,30.0,44,5,0.999937,True,0.08899,0.585125,-0.254215,0.083366,0.585878,-0.258193
44,1.4666666666666666,30.0,44,6,0.999939,True,0.09388,0.577033,-0.232786,0.087661,0.578115,-0.236651
44,1.4666666666666666,30.0,44,7,0.999884,True,0.086342,0.577337,-0.066,0.086474,0.576774,-0.074421
44,1.4666666666666666,30.0,44,8,0.999886,True,-0.018859,0.507158,-0.160983,-0.024026,0.508647,-0.153451
44,1.4666666666666666,30.0,44,9,0.999523,True,0.117811,0.55568,-0.167599,0.111514,0.557632,-0.174327
44,1.4666666666666666,30.0,44,10,0.999623,True,0.088574,0.514888,-0.216787,0.084085,0.516274,-0.219138
44,1.4666666666666666,30.0,44,11,0.999764,True,0.074829,0.448561,0.134079,0.088922,0.447606,0.125484
44,1.4666666666666666,30.0,44,12,0.999821,True,0.027847,0.488823,-0.087167,0.022245,0.48964,-0.079837
44,1.4666666666666666,30.0,44,13,0.514088,True,0.146139,0.302582,0.285601,0.122234,0.274692,0.298536
44,1.4666666666666666,30.0,44,14,0.727212,True,0.233156,0.310434,-0.175099,0.221351,0.310718,-0.168444
44,1.4666666666666666,30.0,44,15,0.392735,True,0.1917,0.176236,0.321718,0.165526,0.077601,0.243898
44,1.4666666666666666,30.0,44,16,0.579074,True,0.450287,0.25847,-0.184743,0.42762,0.247565,-0.202526
44,1.4666666666666666,30.0,44,17,0.398257,True,0.168399,0.171663,0.349261,0.152373,0.054217,0.265479
44,1.4666666666666666,30.0,44,18,0.573291,True,0.518782,0.270838,-0.247926,0.491364,0.259011,-0.268553
44,1.4666666666666666,30.0,44,19,0.3997,True,0.164882,0.16975,0.336797,0.154916,0.047713,0.24958
44,1.4666666666666666,30.0,44,20,0.573233,True,0.551664,0.314866,-0.229327,0.523847,0.307947,-0.253063
44,1.4666666666666666,30.0,44,21,0.390405,True,0.198492,0.156717,0.323395,0.174439,0.051203,0.244482
44,1.4666666666666666,30.0,44,22,0.553242,True,0.467842,0.274876,-0.183766,0.445233,0.265714,-0.202618
44,1.4666666666666666,30.0,44,23,0.999949,True,0.014477,-0.01674,0.100322,0.027549,-0.018054,0.09699
44,1.4666666666666666,30.0,44,24,0.999905,True,-0.01203,0.021772,-0.097713,-0.024969,0.023387,-0.094111
44,1.4666666666666666,30.0,44,25,0.879151,True,0.078087,-0.394612,0.043633,0.076155,-0.418598,0.04691
44,1.4666666666666666,30.0,44,26,0.781895,True,0.150063,-0.124662,-0.29976,0.075082,-0.127791,-0.387784
44,1.4666666666666666,30.0,44,27,0.935348,True,0.020443,-0.74975,0.124474,0.013526,-0.783852,0.150807
44,1.4666666666666666,30.0,44,28,0.73062,True,0.113912,-0.4587,-0.150545,0.054757,-0.444339,-0.23896
44,1.4666666666666666,30.0,44,29,0.921702,True,-0.008913,-0.788396,0.14063,-0.018397,-0.823852,0.170344
44,1.4666666666666666,30.0,44,30,0.727486,True,0.110618,-0.48839,-0.169186,0.053736,-0.470676,-0.255831
44,1.4666666666666666,30.0,44,31,0.904627,True,0.031987,-0.835613,0.126986,0.037929,-0.873791,0.152818
44,1.4666666666666666,30.0,44,32,0.690883,True,0.198474,-0.542987,-0.200268,0.146562,-0.51135,-0.296653
45,1.5,30.0,45,0,0.999867,True,0.098593,0.558234,-0.270893,0.105554,0.555684,-0.255619
45,1.5,30.0,45,1,0.999851,True,0.09388,0.581759,-0.25398,0.090724,0.579767,-0.240961
45,1.5,30.0,45,2,0.999815,True,0.095966,0.581214,-0.24259,0.092475,0.578668,-0.229845
45,1.5,30.0,45,3,0.999856,True,0.094745,0.581845,-0.245846,0.091987,0.57961,-0.234043
45,1.5,30.0,45,4,0.99992,True,0.065658,0.588395,-0.276335,0.065476,0.584985,-0.262563
45,1.5,30.0,45,5,0.999931,True,0.069718,0.585583,-0.288805,0.070551,0.582401,-0.275077
45,1.5,30.0,45,6,0.999937,True,0.073626,0.577465,-0.266942,0.074146,0.574687,-0.253363
45,1.5,30.0,45,7,0.999809,True,0.095261,0.580671,-0.105174,0.096534,0.579257,-0.104375
45,1.5,30.0,45,8,0.999868,True,-0.035806,0.51289,-0.174978,-0.030961,0.508816,-0.16086
45,1.5,30.0,45,9,0.999348,True,0.109165,0.557649,-0.204488,0.103594,0.557113,-0.193697
45,1.5,30.0,45,10,0.999477,True,0.07173,0.516195,-0.248076,0.075825,0.514522,-0.235746
45,1.5,30.0,45,11,0.999701,True,0.116282,0.452122,0.110098,0.134287,0.451054,0.113903
45,1.5,30.0,45,12,0.999827,True,0.00061,0.491412,-0.109058,0.006276,0.48937,-0.094767
45,1.5,30.0,45,13,0.465068,True,0.196336,0.281687,0.228149,0.168984,0.250012,0.204291
45,1.5,30.0,45,14,0.751178,True,0.197694,0.295807,-0.21111,0.21227,0.289281,-0.196779
45,1.5,30.0,45,15,0.354961,True,0.249492,0.121688,0.21378,0.193272,0.051673,0.138721
45,1.5,30.0,45,16,0.619037,True,0.425869,0.240303,-0.277043,0.417881,0.239427,-0.246982
45,1.5,30.0,45,17,0.361301,True,0.214628,0.106529,0.232745,0.182281,0.02018,0.15445
45,1.5,30.0,45,18,0.612532,True,0.496286,0.246931,-0.351479,0.485077,0.244588,-0.314245
45,1.5,30.0,45,19,0.362699,True,0.209285,0.10599,0.21572,0.180601,0.01623,0.139309
45,1.5,30.0,45,20,0.612408,True,0.538264,0.300444,-0.331123,0.519469,0.296805,-0.302322
45,1.5,30.0,45,21,0.353701,True,0.25558,0.09984,0.212297,0.198245,0.024769,0.137322
45,1.5,30.0,45,22,0.589902,True,0.44967,0.258379,-0.276428,0.436819,0.257172,-0.248896
45,1.5,30.0,45,23,0.999951,True,0.040407,-0.011492,0.099664,0.047954,-0.016624,0.095088
45,1.5,30.0,45,24,0.999913,True,-0.038097,0.01711,-0.096896,-0.045252,0.022404,-0.092437
45,1.5,30.0,45,25,0.857215,True,0.111381,-0.36834,0.041875,0.068035,-0.425563,0.045876
45,1.5,30.0,45,26,0.802488,True,0.070416,-0.184319,-0.328766,0.037323,-0.114051,-0.392992
45,1.5,30.0,45,27,0.936916,True,0.009022,-0.701399,0.140899,0.003728,-0.783993,0.144596
45,1.5,30.0,45,28,0.752675,True,0.049541,-0.529994,-0.223887,0.036503,-0.431551,-0.264001
45,1.5,30.0,45,29,0.921437,True,-0.021747,-0.738267,0.159243,-0.026809,-0.824526,0.162337
45,1.5,30.0,45,30,0.742152,True,0.049934,-0.558752,-0.249463,0.038192,-0.457355,-0.283803
45,1.5,30.0,45,31,0.908991,True,0.029152,-0.790507,0.138144,0.043375,-0.865092,0.136848
45,1.5,30.0,45,32,0.717988,True,0.141805,-0.599083,-0.30823,0.13712,-0.493901,-0.331292
46,1.5333333333333334,30.0,46,0,0.999877,True,0.084905,0.564783,-0.282184,0.082477,0.557277,-0.301032
46,1.5333333333333334,30.0,46,1,0.999861,True,0.087739,0.588629,-0.265059,0.08579,0.580312,-0.289024
46,1.5333333333333334,30.0,46,2,0.999826,True,0.090074,0.587101,-0.254106,0.087658,0.579844,-0.277998
46,1.5333333333333334,30.0,46,3,0.999865,True,0.08849,0.588534,-0.257549,0.085739,0.580509,-0.2809
46,1.5333333333333334,30.0,46,4,0.999926,True,0.054142,0.594904,-0.2862,0.05,0.586243,-0.307429
46,1.5333333333333334,30.0,46,5,0.999936,True,0.058987,0.593198,-0.299519,0.054076,0.583507,-0.320545
46,1.5333333333333334,30.0,46,6,0.999942,True,0.062418,0.585044,-0.277281,0.058447,0.5754,-0.298463
46,1.5333333333333334,30.0,46,7,0.999818,True,0.100492,0.585144,-0.132953,0.091719,0.583649,-0.165161
46,1.5333333333333334,30.0,46,8,0.999876,True,-0.04154,0.522435,-0.182195,-0.041115,0.514045,-0.206747
46,1.5333333333333334,30.0,46,9,0.999386,True,0.102994,0.56283,-0.219396,0.10284,0.557348,-0.24264
46,1.5333333333333334,30.0,46,10,0.99951,True,0.060286,0.522155,-0.260094,0.05963,0.514751,-0.280924
46,1.5333333333333334,30.0,46,11,0.999696,True,0.149805,0.452417,0.079093,0.126403,0.450858,0.066116
46,1.5333333333333334,30.0,46,12,0.999841,True,-0.022313,0.493828,-0.121094,-0.001439,0.489148,-0.147572
46,1.5333333333333334,30.0,46,13,0.422319,True,0.255172,0.27463,0.156453,0.222082,0.265172,0.123944
46,1.5333333333333334,30.0,46,14,0.773841,True,0.134639,0.285461,-0.239326,0.211677,0.279879,-0.231099
46,1.5333333333333334,30.0,46,15,0.322452,True,0.338876,0.110036,0.122184,0.219899,0.134675,0.096536
46,1.5333333333333334,30.0,46,16,0.655934,True,0.327544,0.238929,-0.360799,0.44843,0.230115,-0.255041
46,1.5333333333333334,30.0,46,17,0.33034,True,0.299381,0.090737,0.135064,0.200019,0.121449,0.102974
46,1.5333333333333334,30.0,46,18,0.649304,True,0.38917,0.2411,-0.440775,0.527924,0.232973,-0.325438
46,1.5333333333333334,30.0,46,19,0.331648,True,0.291992,0.093526,0.111969,0.184826,0.127751,0.09024
46,1.5333333333333334,30.0,46,20,0.649049,True,0.437891,0.301352,-0.424655,0.568067,0.291316,-0.308725
46,1.5333333333333334,30.0,46,21,0.322781,True,0.34551,0.087295,0.11563,0.217748,0.116493,0.09227
46,1.5333333333333334,30.0,46,22,0.626049,True,0.353735,0.257734,-0.363378,0.4736,0.249582,-0.255479
46,1.5333333333333334,30.0,46,23,0.999944,True,0.059638,-0.007511,0.095132,0.052863,-0.004126,0.096647
46,1.5333333333333334,30.0,46,24,0.999917,True,-0.057663,0.013405,-0.092259,-0.050817,0.009722,-0.093902
46,1.5333333333333334,30.0,46,25,0.786951,True,0.132958,-0.343416,0.040175,0.186466,-0.26762,0.025248
46,1.5333333333333334,30.0,46,26,0.787418,True,-0.00633,-0.200381,-0.322904,0.033681,-0.322202,-0.216122
46,1.5333333333333334,30.0,46,27,0.854788,True,-0.001678,-0.658069,0.139195,0.004829,-0.557711,0.124788
46,1.5333333333333334,30.0,46,28,0.747655,True,-0.036663,-0.529766,-0.297533,-0.05936,-0.693379,-0.085685
46,1.5333333333333334,30.0,46,29,0.84482,True,-0.033289,-0.69371,0.157754,-0.026193,-0.58502,0.144157
46,1.5333333333333334,30.0,46,30,0.709116,True,-0.035916,-0.554454,-0.333548,-0.065532,-0.72581,-0.117144
46,1.5333333333333334,30.0,46,31,0.840366,True,0.027283,-0.746516,0.132598,0.008053,-0.636459,0.126832
46,1.5333333333333334,30.0,46,32,0.71447,True,0.047975,-0.572104,-0.408067,0.02507,-0.724538,-0.185938
47,1.5666666666666667,30.0,47,0,0.999889,True,0.077877,0.577659,-0.279983,0.066035,0.575406,-0.258997
47,1.5666666666666667,30.0,47,1,0.999875,True,0.087741,0.601206,-0.263689,0.079994,0.599434,-0.24261
47,1.5666666666666667,30.0,47,2,0.999843,True,0.090337,0.599239,-0.253554,0.082756,0.598356,-0.232785
47,1.5666666666666667,30.0,47,3,0.999879,True,0.088416,0.601261,-0.256636,0.080273,0.599745,-0.23538
47,1.5666666666666667,30.0,47,4,0.999933,True,0.05289,0.607874,-0.285475,0.04298,0.606402,-0.26626
47,1.5666666666666667,30.0,47,5,0.999943,True,0.057912,0.606994,-0.298786,0.046571,0.605107,-0.278602
47,1.5666666666666667,30.0,47,6,0.999948,True,0.060991,0.598705,-0.276317,0.050635,0.597172,-0.256626
47,1.5666666666666667,30.0,47,7,0.999836,True,0.106763,0.590914,-0.149053,0.088694,0.591947,-0.139309
47,1.5666666666666667,30.0,47,8,0.999888,True,-0.037803,0.534598,-0.185938,-0.050455,0.537614,-0.179751
47,1.5666666666666667,30.0,47,9,0.999447,True,0.102009,0.571262,-0.223064,0.0966,0.570156,-0.201253
47,1.5666666666666667,30.0,47,10,0.999558,True,0.056644,0.532368,-0.263203,0.04447,0.531995,-0.243386
47,1.5666666666666667,30.0,47,11,0.999725,True,0.177651,0.451327,0.043865,0.160702,0.451054,0.066507
47,1.5666666666666667,30.0,47,12,0.999856,True,-0.039533,0.496715,-0.120841,-0.068008,0.500793,-0.129715
47,1.5666666666666667,30.0,47,13,0.472918,True,0.316991,0.286116,0.085109,0.359382,0.295477,0.128436
47,1.5666666666666667,30.0,47,14,0.790967,True,0.045084,0.288325,-0.25522,0.000493,0.28689,-0.223968
47,1.5666666666666667,30.0,47,15,0.388999,True,0.446028,0.139192,0.056755,0.565503,0.168693,0.140673
47,1.5666666666666667,30.0,47,16,0.689305,True,0.16263,0.257769,-0.429032,0.118376,0.252603,-0.420619
47,1.5666666666666667,30.0,47,17,0.395363,False,0.415252,0.121297,0.067594,0.611683,0.166855,0.152778
47,1.5666666666666667,30.0,47,18,0.683088,True,0.205865,0.257312,-0.507687,0.158277,0.252187,-0.505335
47,1.5666666666666667,30.0,47,19,0.396932,False,0.406659,0.128177,0.037347,0.604037,0.170867,0.122943
47,1.5666666666666667,30.0,47,20,0.682938,True,0.25755,0.319301,-0.504068,0.220677,0.316043,-0.502865
47,1.5666666666666667,30.0,47,21,0.388789,True,0.454292,0.116242,0.044551,0.578027,0.152612,0.128049
47,1.5666666666666667,30.0,47,22,0.660811,True,0.186781,0.275649,-0.438502,0.147378,0.270412,-0.430218
47,1.5666666666666667,30.0,47,23,0.999947,True,0.071565,-0.006642,0.086783,0.070721,-0.005035,0.092472
47,1.5666666666666667,30.0,47,24,0.999923,True,-0.069958,0.012595,-0.083702,-0.068971,0.010663,-0.090915
47,1.5666666666666667,30.0,47,25,0.755349,True,0.137495,-0.333401,0.036538,0.145541,-0.322928,0.044627
47,1.5666666666666667,30.0,47,26,0.803296,True,-0.082228,-0.15891,-0.301507,-0.046166,-0.262536,-0.253399
47,1.5666666666666667,30.0,47,27,0.807036,True,-0.011772,-0.643359,0.123582,-0.015015,-0.591416,0.16195
47,1.5666666666666667,30.0,47,28,0.765256,True,-0.154978,-0.442303,-0.35815,-0.166287,-0.538585,-0.330894
47,1.5666666666666667,30.0,47,29,0.80628,True,-0.043522,-0.678941,0.140794,-0.046494,-0.625816,0.181786
47,1.5666666666666667,30.0,47,30,0.718235,True,-0.158449,-0.459962,-0.404092,-0.173741,-0.560336,-0.377386
47,1.5666666666666667,30.0,47,31,0.810222,True,0.030201,-0.724171,0.112721,0.003038,-0.702599,0.155632
47,1.5666666666666667,30.0,47,32,0.737083,True,-0.093054,-0.44622,-0.484243,-0.12203,-0.606481,-0.475542
48,1.6,30.0,48,0,0.9999,True,0.076123,0.59322,-0.278374,0.076769,0.593636,-0.26889
48,1.6,30.0,48,1,0.999888,True,0.091023,0.615982,-0.262373,0.095619,0.616873,-0.252333
48,1.6,30.0,48,2,0.999859,True,0.093705,0.613899,-0.253318,0.09902,0.61389,-0.242821
48,1.6,30.0,48,3,0.999891,True,0.091645,0.616307,-0.255725,0.096904,0.617004,-0.245187
48,1.6,30.0,48,4,0.99994,True,0.057711,0.623317,-0.285407,0.063111,0.625606,-0.276768
48,1.6,30.0,48,5,0.999948,True,0.062531,0.622962,-0.298157,0.068304,0.625772,-0.290023
48,1.6,30.0,48,6,0.999953,True,0.065209,0.614458,-0.275714,0.07034,0.617217,-0.267054
48,1.6,30.0,48,7,0.999852,True,0.11491,0.597226,-0.158156,0.128772,0.594438,-0.142583
48,1.6,30.0,48,8,0.999899,True,-0.02925,0.546511,-0.189033,-0.02459,0.550091,-0.178935
48,1.6,30.0,48,9,0.999502,True,0.104865,0.581313,-0.2262,0.106711,0.57904,-0.217469
48,1.6,30.0,48,10,0.999603,True,0.059306,0.544316,-0.266525,0.059354,0.544205,-0.259903
48,1.6,30.0,48,11,0.999753,True,0.200621,0.450203,0.008242,0.217977,0.449735,0.010136
48,1.6,30.0,48,12,0.999869,True,-0.050784,0.500163,-0.109123,-0.050672,0.499417,-0.097077
48,1.6,30.0,48,13,0.524238,True,0.370043,0.311014,0.025457,0.399435,0.314942,0.010129
48,1.6,30.0,48,14,0.789899,True,-0.057655,0.307014,-0.250402,-0.066225,0.293065,-0.286695
48,1.6,30.0,48,15,0.449432,True,0.543367,0.191102,0.014944,0.597077,0.186714,-0.006873
48,1.6,30.0,48,16,0.707625,True,-0.03882307689939464,0.292497,-0.462242,-0.049937,0.288751,-0.54176
48,1.6,30.0,48,17,0.454779,True,0.534453,0.177664,0.027283,0.640605,0.168622,0.007174
48,1.6,30.0,48,18,0.704621,True,-0.011152812681702056,0.291493,-0.532533,-0.034509,0.288256,-0.622625
48,1.6,30.0,48,19,0.456423,True,0.526278,0.187885,-0.009651,0.633985,0.183416,-0.040091
48,1.6,30.0,48,20,0.704691,True,0.03773546420442484,0.349568,-0.549311,0.022162,0.352909,-0.624491
48,1.6,30.0,48,21,0.449033,True,0.553604,0.168098,-0.0021,0.60999,0.160455,-0.027157
48,1.6,30.0,48,22,0.678802,True,-0.013834490658177934,0.307926,-0.481696,-0.028416,0.306199,-0.557039
48,1.6,30.0,48,23,0.999952,True,0.077609,-0.009979,0.075083,0.077878,-0.007011,0.076245
48,1.6,30.0,48,24,0.99993,True,-0.076212,0.015874,-0.07172,-0.077136,0.013155,-0.072178
48,1.6,30.0,48,25,0.77906,True,0.125172,-0.344202,0.02792,0.10444,-0.339721,0.037699
48,1.6,30.0,48,26,0.822097,True,-0.158668,-0.072289,-0.280287,-0.180912,0.048705,-0.30244
48,1.6,30.0,48,27,0.824072,True,-0.021728,-0.665513,0.102699,-0.010337,-0.666814,0.087259
48,1.6,30.0,48,28,0.78589,False,-0.310113,-0.291803,-0.383174,-0.158128,0.080519,-0.555808
48,1.6,30.0,48,29,0.823567,True,-0.052878,-0.701991,0.11816,-0.041155,-0.707605,0.100328
48,1.6,30.0,48,30,0.741673,False,-0.322814,-0.301136,-0.434238,-0.151941,0.098961,-0.622202
48,1.6,30.0,48,31,0.827472,True,0.036616,-0.731796,0.086005,0.053452,-0.732648,0.066016
48,1.6,30.0,48,32,0.762431,False,-0.283279,-0.25158,-0.51331,-0.131345,0.239383,-0.68754
49,1.6333333333333333,30.0,49,0,0.99991,True,0.075723,0.60651,-0.284784,0.08296,0.618491,-0.270776
49,1.6333333333333333,30.0,49,1,0.999899,True,0.092711,0.628248,-0.26826,0.098946,0.639904,-0.253905
49,1.6333333333333333,30.0,49,2,0.999873,True,0.095186,0.626236,-0.260345,0.101782,0.637584,-0.24528
49,1.6333333333333333,30.0,49,3,0.999902,True,0.09324,0.6288,-0.262046,0.099848,0.640575,-0.24761
49,1.6333333333333333,30.0,49,4,0.999946,True,0.06224,0.636049,-0.291905,0.071985,0.647393,-0.27882
49,1.6333333333333333,30.0,49,5,0.999953,True,0.066601,0.635899,-0.303844,0.077135,0.648086,-0.291351
49,1.6333333333333333,30.0,49,6,0.999958,True,0.068911,0.627151,-0.281743,0.079113,0.63838,-0.268388
49,1.6333333333333333,30.0,49,7,0.999867,True,0.122498,0.602615,-0.166504,0.129849,0.606358,-0.152274
49,1.6333333333333333,30.0,49,8,0.999909,True,-0.02145,0.555053,-0.19338,-0.013642,0.560049,-0.186169
49,1.6333333333333333,30.0,49,9,0.999552,True,0.107923,0.590097,-0.234941,0.112598,0.598308,-0.222827
49,1.6333333333333333,30.0,49,10,0.999642,True,0.063969,0.55438,-0.274697,0.070561,0.563268,-0.264953
49,1.6333333333333333,30.0,49,11,0.999777,True,0.217309,0.449284,-0.023851,0.219588,0.449449,-0.042392
49,1.6333333333333333,30.0,49,12,0.999879,True,-0.057535,0.503707,-0.090575,-0.052091,0.504466,-0.085248
49,1.6333333333333333,30.0,49,13,0.571242,True,0.405556,0.339201,-0.017111,0.386607,0.348278,-0.031226
49,1.6333333333333333,30.0,49,14,0.79338,True,-0.154684,0.336544,-0.220601,-0.154922,0.330284,-0.27421
49,1.6333333333333333,30.0,49,15,0.504123,True,0.610124,0.244737,-0.01071,0.60149,0.254003,-0.008866
49,1.6333333333333333,30.0,49,16,0.727704,True,-0.238893,0.332677,-0.44376,-0.232884,0.332451,-0.539236
49,1.6333333333333333,30.0,49,17,0.508483,True,0.628785,0.236614,0.0048,0.650272,0.237746,0.009734
49,1.6333333333333333,30.0,49,18,0.725222,True,-0.23889553334946567,0.332919,-0.50089,-0.236791,0.329407,-0.609302
49,1.6333333333333333,30.0,49,19,0.510123,True,0.622689,0.248548,-0.036747,0.648319,0.252152,-0.032791
49,1.6333333333333333,30.0,49,20,0.725636,True,-0.19671653238170117,0.38281,-0.541174,-0.193204,0.381196,-0.622511
49,1.6333333333333333,30.0,49,21,0.503406,True,0.622001,0.221949,-0.030986,0.616251,0.22768,-0.029892
49,1.6333333333333333,30.0,49,22,0.697863,True,-0.22623510592427065,0.345024,-0.473962,-0.223387,0.346007,-0.559726
49,1.6333333333333333,30.0,49,23,0.999957,True,0.07979,-0.017045,0.061153,0.080118,-0.015734,0.054765
49,1.6333333333333333,30.0,49,24,0.999936,True,-0.078335,0.022811,-0.057601,-0.07895,0.021557,-0.049977
49,1.6333333333333333,30.0,49,25,0.800543,True,0.101151,-0.369431,0.010012,0.093922,-0.38484,-0.005996
49,1.6333333333333333,30.0,49,26,0.838594,True,-0.231495,0.02719,-0.261644,-0.227756,0.05742,-0.302878
49,1.6333333333333333,30.0,49,27,0.840924,True,-0.031914,-0.711864,0.082059,-0.048361,-0.752766,0.03414
49,1.6333333333333333,30.0,49,28,0.805787,True,-0.487774,-0.132871,-0.354401,-0.514164,0.008927,-0.438395
49,1.6333333333333333,30.0,49,29,0.839861,True,-0.061877,-0.749401,0.096475,-0.080273,-0.791977,0.044413
49,1.6333333333333333,30.0,49,30,0.763353,True,-0.513365,-0.135014,-0.403856,-0.542708,0.016258,-0.492862
49,1.6333333333333333,30.0,49,31,0.843977,True,0.039766,-0.760795,0.05764,0.041818,-0.790694,-0.002372
49,1.6333333333333333,30.0,49,32,0.785383,False,-0.502954947581362,-0.054142,-0.478516,-0.581493,0.15416,-0.571276
50,1.6666666666666667,30.0,50,0,0.999919,True,0.072582,0.613661,-0.299769,0.075922,0.612213,-0.332381
50,1.6666666666666667,30.0,50,1,0.999909,True,0.089044,0.634417,-0.282412,0.091081,0.632783,-0.313746
50,1.6666666666666667,30.0,50,2,0.999886,True,0.091049,0.632602,-0.275441,0.092508,0.631206,-0.307796
50,1.6666666666666667,30.0,50,3,0.999911,True,0.089377,0.635075,-0.276604,0.090967,0.633436,-0.308301
50,1.6666666666666667,30.0,50,4,0.999951,True,0.061504,0.642241,-0.305474,0.063374,0.640591,-0.335685
50,1.6666666666666667,30.0,50,5,0.999958,True,0.065205,0.642046,-0.316588,0.067256,0.640172,-0.34634
50,1.6666666666666667,30.0,50,6,0.999962,True,0.067366,0.632986,-0.295082,0.069306,0.631361,-0.325412
50,1.6666666666666667,30.0,50,7,0.99988,True,0.12658,0.605485,-0.178469,0.126874,0.604131,-0.205069
50,1.6666666666666667,30.0,50,8,0.999918,True,-0.018564,0.558429,-0.200104,-0.015446,0.556839,-0.22058
50,1.6666666666666667,30.0,50,9,0.999597,True,0.107781,0.594807,-0.250224,0.109421,0.593693,-0.280951
50,1.6666666666666667,30.0,50,10,0.999678,True,0.065947,0.559593,-0.28812,0.07027,0.558173,-0.316332
50,1.6666666666666667,30.0,50,11,0.9998,True,0.225993,0.447858,-0.050137,0.229358,0.445633,-0.065759
50,1.6666666666666667,30.0,50,12,0.999891,True,-0.062524,0.506596,-0.072001,-0.056877,0.504527,-0.076362
50,1.6666666666666667,30.0,50,13,0.614068,True,0.4234,0.362108,-0.043056,0.424037,0.362161,-0.052544
50,1.6666666666666667,30.0,50,14,0.813911,True,-0.231163,0.367215,-0.172944,-0.255938,0.389254,-0.15398
50,1.6666666666666667,30.0,50,15,0.553695,True,0.645671,0.286489,-0.025868,0.636912,0.290443,-0.038093
50,1.6666666666666667,30.0,50,16,0.754828,True,-0.399629,0.366074,-0.378127,-0.47328,0.382596,-0.337586
50,1.6666666666666667,30.0,50,17,0.557588,True,0.688142,0.283428,-0.007374,0.683937,0.291761,-0.018949
50,1.6666666666666667,30.0,50,18,0.752464,True,-0.422482,0.368467,-0.422002,-0.505192,0.386137,-0.360608
50,1.6666666666666667,30.0,50,19,0.559075,True,0.685295,0.295575,-0.051013,0.681317,0.300691,-0.061863
50,1.6666666666666667,30.0,50,20,0.752867,True,-0.388728,0.408717,-0.481009,-0.480471,0.417657,-0.462988
50,1.6666666666666667,30.0,50,21,0.553021,True,0.658845,0.264594,-0.04783,0.648884,0.268924,-0.059808
50,1.6666666666666667,30.0,50,22,0.727798,True,-0.399477,0.375799,-0.41674,-0.480258,0.388175,-0.395658
50,1.6666666666666667,30.0,50,23,0.999961,True,0.079798,-0.02585,0.046679,0.079124,-0.029189,0.045353
50,1.6666666666666667,30.0,50,24,0.999941,True,-0.078069,0.031415,-0.043158,-0.077196,0.034647,-0.042066
50,1.6666666666666667,30.0,50,25,0.820463,True,0.073044,-0.394519,-0.021619,0.079311,-0.401385,-0.037065
50,1.6666666666666667,30.0,50,26,0.85469,True,-0.291846,0.10559,-0.23972,-0.313505,0.100109,-0.233782
50,1.6666666666666667,30.0,50,27,0.856805,True,-0.042346,-0.758345,0.058758,-0.039958,-0.785013,0.034843
50,1.6666666666666667,30.0,50,28,0.825077,True,-0.652564,-0.021453,-0.274763,-0.744262,-0.014625,-0.164592
50,1.6666666666666667,30.0,50,29,0.855778,True,-0.070948,-0.796395,0.073196,-0.068649,-0.822562,0.050508
50,1.6666666666666667,30.0,50,30,0.786295,True,-0.691272,-0.01949,-0.31732,-0.791494,-0.014525,-0.195775
50,1.6666666666666667,30.0,50,31,0.85955,True,0.031836,-0.793337,0.024974,0.037856,-0.813037,0.017215
50,1.6666666666666667,30.0,50,32,0.806754,True,-0.7226535832459375,0.078571,-0.386659,-0.838407,0.075315,-0.261533
51,1.7,30.0,51,0,0.999927,True,0.064887,0.613495,-0.320117,0.071287,0.611054,-0.316083
51,1.7,30.0,51,1,0.999918,True,0.079545,0.633518,-0.302176,0.084942,0.630613,-0.298148
51,1.7,30.0,51,2,0.999897,True,0.080948,0.631976,-0.295739,0.08603,0.629334,-0.292085
51,1.7,30.0,51,3,0.99992,True,0.079561,0.634158,-0.296622,0.084825,0.631237,-0.292929
51,1.7,30.0,51,4,0.999956,True,0.054305,0.640926,-0.323727,0.057618,0.637165,-0.320616
51,1.7,30.0,51,5,0.999962,True,0.057263,0.640628,-0.334183,0.060623,0.636719,-0.330752
51,1.7,30.0,51,6,0.999966,True,0.059585,0.631039,-0.313347,0.062778,0.626756,-0.310224
51,1.7,30.0,51,7,0.999892,True,0.126152,0.604752,-0.195237,0.123459,0.605103,-0.1893
51,1.7,30.0,51,8,0.999926,True,-0.021653,0.556726,-0.209905,-0.019853,0.553923,-0.208399
51,1.7,30.0,51,9,0.999637,True,0.103235,0.59401,-0.269881,0.107202,0.592867,-0.264241
51,1.7,30.0,51,10,0.99971,True,0.062801,0.558902,-0.305102,0.069238,0.55691,-0.300085
51,1.7,30.0,51,11,0.99982,True,0.227178,0.444899,-0.070909,0.229505,0.446374,-0.047015
51,1.7,30.0,51,12,0.9999,True,-0.068194,0.508008,-0.059748,-0.062396,0.50874,-0.0656
51,1.7,30.0,51,13,0.652547,True,0.430847,0.376087,-0.057369,0.428712,0.378447,-0.03146
51,1.7,30.0,51,14,0.832221,True,-0.281926,0.389637,-0.12476,-0.262696,0.39939,-0.104279
51,1.7,30.0,51,15,0.598293,True,0.664706,0.312254,-0.034812,0.63534,0.310723,-0.027847
51,1.7,30.0,51,16,0.779177,True,-0.505237,0.383375,-0.293392,-0.480582,0.390351,-0.252752
51,1.7,30.0,51,17,0.601742,True,0.721782,0.313473,-0.014656,0.680112,0.313248,-0.009398
51,1.7,30.0,51,18,0.776861,True,-0.539308,0.387562,-0.328719,-0.513419,0.395966,-0.281778
51,1.7,30.0,51,19,0.603099,True,0.722536,0.325043,-0.058618,0.676676,0.321886,-0.049762
51,1.7,30.0,51,20,0.777274,True,-0.514042,0.419561,-0.395207,-0.489829,0.424803,-0.361178
51,1.7,30.0,51,21,0.597631,True,0.679234,0.291962,-0.057483,0.645814,0.290481,-0.048337
51,1.7,30.0,51,22,0.754599,True,-0.512,0.39146,-0.335915,-0.4882,0.396187,-0.29796
51,1.7,30.0,51,23,0.999964,True,0.078971,-0.033877,0.033564,0.079764,-0.035407,0.042609
51,1.7,30.0,51,24,0.999945,True,-0.076917,0.03917,-0.030266,-0.077296,0.040848,-0.039698
51,1.7,30.0,51,25,0.838307,True,0.048193,-0.406197,-0.068188,0.059849,-0.414116,-0.031378
51,1.7,30.0,51,26,0.869146,True,-0.331859,0.143541,-0.211718,-0.313171,0.120843,-0.234932
51,1.7,30.0,51,27,0.871065,True,-0.052302,-0.78555,0.024557,-0.038849,-0.785403,0.087809
51,1.7,30.0,51,28,0.842365,True,-0.760725,0.013275,-0.170408,-0.740312,-0.004344,-0.161465
51,1.7,30.0,51,29,0.869982,True,-0.079996,-0.823382,0.039628,-0.065666,-0.821601,0.104505
51,1.7,30.0,51,30,0.806692,True,-0.808173,0.015595,-0.204228,-0.786978,-0.004487,-0.190557
51,1.7,30.0,51,31,0.873528,True,0.009913,-0.815087,-0.019416,0.035931,-0.814615,0.041338
51,1.7,30.0,51,32,0.825936,True,-0.854129,0.111166,-0.268272,-0.842157,0.075165,-0.254174
52,1.7333333333333334,30.0,52,0,0.999934,True,0.054251,0.60745,-0.341801,0.045503,0.608711,-0.330124
52,1.7333333333333334,30.0,52,1,0.999926,True,0.067274,0.627021,-0.323823,0.058625,0.628497,-0.313388
52,1.7333333333333334,30.0,52,2,0.999907,True,0.068058,0.625782,-0.317424,0.059132,0.627406,-0.306732
52,1.7333333333333334,30.0,52,3,0.999928,True,0.066875,0.627574,-0.318297,0.058091,0.62924,-0.30788
52,1.7333333333333334,30.0,52,4,0.999961,True,0.043368,0.633714,-0.343641,0.033817,0.635944,-0.332157
52,1.7333333333333334,30.0,52,5,0.999966,True,0.045702,0.633461,-0.353731,0.035508,0.634835,-0.34229
52,1.7333333333333334,30.0,52,6,0.999969,True,0.048403,0.623016,-0.333458,0.038304,0.62619,-0.322238
52,1.7333333333333334,30.0,52,7,0.999903,True,0.122763,0.600253,-0.215226,0.118692,0.603752,-0.205756
52,1.7333333333333334,30.0,52,8,0.999933,True,-0.028504,0.551285,-0.222836,-0.035562,0.551829,-0.211455
52,1.7333333333333334,30.0,52,9,0.999673,True,0.095874,0.588123,-0.290803,0.091073,0.591647,-0.279442
52,1.7333333333333334,30.0,52,10,0.999739,True,0.055656,0.553212,-0.323444,0.048179,0.555195,-0.311171
52,1.7333333333333334,30.0,52,11,0.999837,True,0.224362,0.439824,-0.087903,0.215916,0.445582,-0.08226
52,1.7333333333333334,30.0,52,12,0.999909,True,-0.075285,0.507173,-0.057184,-0.086388,0.507887,-0.048838
52,1.7333333333333334,30.0,52,13,0.687269,True,0.436702,0.381554,-0.06768,0.431491,0.377999,-0.074544
52,1.7333333333333334,30.0,52,14,0.84891,True,-0.310365,0.398566,-0.093215,-0.316369,0.39398,-0.056335
52,1.7333333333333334,30.0,52,15,0.638454,True,0.679727,0.323666,-0.044711,0.652127,0.316422,-0.06327
52,1.7333333333333334,30.0,52,16,0.801205,True,-0.559063,0.380836,-0.223766,-0.54931,0.372154,-0.176013
52,1.7333333333333334,30.0,52,17,0.641534,True,0.742138,0.327786,-0.024881,0.701823,0.319087,-0.046304
52,1.7333333333333334,30.0,52,18,0.799042,True,-0.597622,0.385371,-0.257126,-0.582502,0.374504,-0.205239
52,1.7333333333333334,30.0,52,19,0.642762,True,0.745467,0.338609,-0.068183,0.702087,0.330641,-0.08505
52,1.7333333333333334,30.0,52,20,0.799434,True,-0.577859,0.412067,-0.319119,-0.559672,0.406719,-0.258876
52,1.7333333333333334,30.0,52,21,0.637835,True,0.695487,0.305147,-0.067478,0.665166,0.298932,-0.083597
52,1.7333333333333334,30.0,52,22,0.779006,True,-0.569494,0.38787,-0.265594,-0.556695,0.378323,-0.2082
52,1.7333333333333334,30.0,52,23,0.999966,True,0.078592,-0.039344,0.023501,0.079452,-0.040558,0.019793
52,1.7333333333333334,30.0,52,24,0.999947,True,-0.07631,0.044321,-0.020478,-0.076954,0.045489,-0.017168
52,1.7333333333333334,30.0,52,25,0.854455,True,0.03212,-0.400335,-0.12413,0.021479,-0.409755,-0.097571
52,1.7333333333333334,30.0,52,26,0.88215,True,-0.350257,0.140762,-0.183008,-0.368601,0.15181,-0.152091
52,1.7333333333333334,30.0,52,27,0.883928,True,-0.059846,-0.788659,-0.02411,-0.064013,-0.777618,0.032435
52,1.7333333333333334,30.0,52,28,0.858013,True,-0.780052,-0.022142,-0.074514,-0.780592,-0.049969,-0.03161
52,1.7333333333333334,30.0,52,29,0.882814,True,-0.087616,-0.825765,-0.008541,-0.090762,-0.813998,0.050287
52,1.7333333333333334,30.0,52,30,0.825444,True,-0.827895,-0.022643,-0.100779,-0.826125,-0.058972,-0.056865
52,1.7333333333333334,30.0,52,31,0.886139,True,-0.021117,-0.822664,-0.077647,-0.042917,-0.814345,-0.019424
52,1.7333333333333334,30.0,52,32,0.843246,True,-0.892845,0.051395,-0.15917,-0.883802,0.017075,-0.114549
53,1.7666666666666666,30.0,53,0,0.999941,True,0.044896,0.598173,-0.360489,0.047626,0.596698,-0.361633
53,1.7666666666666666,30.0,53,1,0.999933,True,0.057318,0.617455,-0.343117,0.05937,0.615833,-0.344851
53,1.7666666666666666,30.0,53,2,0.999916,True,0.057517,0.61652,-0.336318,0.060264,0.614541,-0.337662
53,1.7666666666666666,30.0,53,3,0.999935,True,0.056474,0.617917,-0.337414,0.059174,0.616116,-0.33893
53,1.7666666666666666,30.0,53,4,0.999964,True,0.033628,0.623298,-0.361563,0.03706,0.621811,-0.362554
53,1.7666666666666666,30.0,53,5,0.999969,True,0.035621,0.62331,-0.371621,0.038753,0.621933,-0.372956
53,1.7666666666666666,30.0,53,6,0.999972,True,0.038711,0.611765,-0.351718,0.042036,0.610137,-0.352743
53,1.7666666666666666,30.0,53,7,0.999913,True,0.119642,0.592744,-0.234407,0.124937,0.590962,-0.238285
53,1.7666666666666666,30.0,53,8,0.99994,True,-0.034903,0.543687,-0.236808,-0.033732,0.543536,-0.236639
53,1.7666666666666666,30.0,53,9,0.999706,True,0.089293,0.578871,-0.309146,0.091268,0.577218,-0.31128
53,1.7666666666666666,30.0,53,10,0.999765,True,0.048443,0.544462,-0.339933,0.049219,0.543544,-0.341574
53,1.7666666666666666,30.0,53,11,0.999853,True,0.222466,0.432868,-0.101726,0.22733,0.431136,-0.111893
53,1.7666666666666666,30.0,53,12,0.999916,True,-0.082699,0.503574,-0.062358,-0.079547,0.504296,-0.053391
53,1.7666666666666666,30.0,53,13,0.71852,True,0.445332,0.380031,-0.081377,0.445074,0.372474,-0.097656
53,1.7666666666666666,30.0,53,14,0.863952,True,-0.323279,0.393536,-0.083134,-0.312879,0.380324,-0.080844
53,1.7666666666666666,30.0,53,15,0.674592,True,0.686487,0.323616,-0.065961,0.680237,0.319096,-0.080177
53,1.7666666666666666,30.0,53,16,0.820978,True,-0.575963,0.359924,-0.187213,-0.562297,0.359673,-0.184828
53,1.7666666666666666,30.0,53,17,0.677324,True,0.746544,0.328612,-0.049105,0.735222,0.323478,-0.065019
53,1.7666666666666666,30.0,53,18,0.818864,True,-0.614419,0.362979,-0.223243,-0.601056,0.371467,-0.230888
53,1.7666666666666666,30.0,53,19,0.678444,True,0.749338,0.338788,-0.090516,0.739279,0.33558,-0.107055
53,1.7666666666666666,30.0,53,20,0.819259,True,-0.596587,0.387167,-0.273991,-0.582925,0.393522,-0.268471
53,1.7666666666666666,30.0,53,21,0.674005,True,0.701951,0.306377,-0.087976,0.6961,0.302637,-0.103032
53,1.7666666666666666,30.0,53,22,0.800862,True,-0.586979,0.365596,-0.225397,-0.573254,0.374162,-0.220786
53,1.7666666666666666,30.0,53,23,0.999968,True,0.079921,-0.041874,0.017439,0.079497,-0.041926,0.012279
53,1.7666666666666666,30.0,53,24,0.999949,True,-0.077545,0.04655,-0.014629,-0.07728,0.046596,-0.009506
53,1.7666666666666666,30.0,53,25,0.868993,True,0.027842,-0.383284,-0.177351,0.020539,-0.392222,-0.190528
53,1.7666666666666666,30.0,53,26,0.893828,True,-0.353744,0.110352,-0.162886,-0.366462,0.119702,-0.148631
53,1.7666666666666666,30.0,53,27,0.895503,True,-0.061836,-0.775976,-0.078567,-0.062692,-0.777717,-0.095397
53,1.7666666666666666,30.0,53,28,0.872064,True,-0.705196,-0.096632,-0.008257,-0.725595,-0.082546,-0.036248
53,1.7666666666666666,30.0,53,29,0.894351,True,-0.090706,-0.812115,-0.063004,-0.09019,-0.814565,-0.080752
53,1.7666666666666666,30.0,53,30,0.842221,True,-0.743571,-0.101785,-0.029296,-0.766178,-0.072497,-0.063372
53,1.7666666666666666,30.0,53,31,0.897487,True,-0.050677,-0.822058,-0.139432,-0.050661,-0.822136,-0.16099
53,1.7666666666666666,30.0,53,32,0.858796,True,-0.816386,-0.062769,-0.081058,-0.830847,-0.029572,-0.119128
54,1.8,30.0,54,0,0.999947,True,0.041403,0.587963,-0.370458,0.040564,0.584653,-0.359591
54,1.8,30.0,54,1,0.99994,True,0.054421,0.606978,-0.354296,0.053922,0.604235,-0.342025
54,1.8,30.0,54,2,0.999924,True,0.054117,0.606338,-0.346799,0.053942,0.603494,-0.334566
54,1.8,30.0,54,3,0.999941,True,0.053244,0.607395,-0.348277,0.052851,0.604398,-0.335661
54,1.8,30.0,54,4,0.999968,True,0.029868,0.611998,-0.371788,0.030953,0.609059,-0.358677
54,1.8,30.0,54,5,0.999972,True,0.031795,0.612374,-0.382107,0.032951,0.609831,-0.368788
54,1.8,30.0,54,6,0.999975,True,0.035093,0.599794,-0.362422,0.036498,0.596326,-0.349111
54,1.8,30.0,54,7,0.999921,True,0.120463,0.583531,-0.246147,0.121693,0.58058,-0.233528
54,1.8,30.0,54,8,0.999945,True,-0.036475,0.535229,-0.2458,-0.033809,0.534755,-0.232037
54,1.8,30.0,54,9,0.999735,True,0.087401,0.568257,-0.319289,0.086112,0.563862,-0.308949
54,1.8,30.0,54,10,0.999788,True,0.045646,0.534527,-0.348907,0.044574,0.531254,-0.337981
54,1.8,30.0,54,11,0.999868,True,0.22513,0.42483,-0.110201,0.22227,0.419275,-0.104407
54,1.8,30.0,54,12,0.999922,True,-0.08822,0.497236,-0.066586,-0.089852,0.496569,-0.053571
54,1.8,30.0,54,13,0.746604,True,0.453144,0.371945,-0.102168,0.440905,0.367938,-0.088335
54,1.8,30.0,54,14,0.877452,True,-0.325669,0.376979,-0.082621,-0.329509,0.375986,-0.091751
54,1.8,30.0,54,15,0.707097,True,0.663787,0.314112,-0.105851,0.667172,0.314962,-0.068681
54,1.8,30.0,54,16,0.838708,True,-0.570732,0.325072,-0.17586,-0.575048,0.320469,-0.191165
54,1.8,30.0,54,17,0.709484,True,0.713572,0.317744,-0.095029,0.722887,0.320387,-0.053074
54,1.8,30.0,54,18,0.836517,True,-0.6066,0.325194,-0.215466,-0.611865,0.313491,-0.242291
54,1.8,30.0,54,19,0.710517,True,0.710724,0.327542,-0.132368,0.722904,0.332406,-0.095199
54,1.8,30.0,54,20,0.836949,True,-0.588081,0.348453,-0.25533,-0.593481,0.336822,-0.271996
54,1.8,30.0,54,21,0.706513,True,0.675453,0.297454,-0.125827,0.681871,0.299441,-0.091662
54,1.8,30.0,54,22,0.820366,True,-0.580238,0.328512,-0.209551,-0.585029,0.320922,-0.227863
54,1.8,30.0,54,23,0.999967,True,0.083751,-0.042216,0.014921,0.082292,-0.041343,0.013389
54,1.8,30.0,54,24,0.999945,True,-0.081338,0.046657,-0.012261,-0.080187,0.045847,-0.010452
54,1.8,30.0,54,25,0.882015,True,0.035154,-0.366762,-0.214946,0.031548,-0.339432,-0.286622
54,1.8,30.0,54,26,0.903457,True,-0.352941,0.069745,-0.156987,-0.352278,0.096297,-0.160049
54,1.8,30.0,54,27,0.905791,True,-0.054958,-0.760407,-0.121067,-0.062583,-0.754143,-0.211825
54,1.8,30.0,54,28,0.883019,True,-0.559982,-0.173857,0.025606,-0.639099,-0.137151,0.004133
54,1.8,30.0,54,29,0.90416,True,-0.085367,-0.795523,-0.105784,-0.093784,-0.790535,-0.19786
54,1.8,30.0,54,30,0.852315,True,-0.580847,-0.183722,0.007826,-0.671037,-0.150091,-0.015947
54,1.8,30.0,54,31,0.907581,True,-0.067777,-0.821867,-0.186296,-0.07634,-0.817604,-0.28733
54,1.8,30.0,54,32,0.871539,True,-0.647335,-0.185216,-0.0367,-0.70829,-0.139074,-0.066891
55,1.8333333333333333,30.0,55,0,0.999952,True,0.045941,0.578068,-0.365357,0.044222,0.579138,-0.363724
55,1.8333333333333333,30.0,55,1,0.999945,True,0.060537,0.5968,-0.35079,0.058973,0.598404,-0.347849
55,1.8333333333333333,30.0,55,2,0.999931,True,0.059925,0.596432,-0.342436,0.058311,0.598164,-0.339709
55,1.8333333333333333,30.0,55,3,0.999947,True,0.059337,0.597222,-0.34434,0.057641,0.599021,-0.341415
55,1.8333333333333333,30.0,55,4,0.999971,True,0.034469,0.601184,-0.367271,0.033507,0.60269,-0.36513
55,1.8333333333333333,30.0,55,5,0.999975,True,0.036418,0.601807,-0.37805,0.035569,0.603425,-0.375481
55,1.8333333333333333,30.0,55,6,0.999977,True,0.039657,0.588607,-0.358533,0.038872,0.590203,-0.35616
55,1.8333333333333333,30.0,55,7,0.999928,True,0.12801,0.574056,-0.242992,0.127521,0.575363,-0.238164
55,1.8333333333333333,30.0,55,8,0.99995,True,-0.030423,0.527075,-0.240915,-0.03099,0.52883,-0.237913
55,1.8333333333333333,30.0,55,9,0.999761,True,0.092238,0.557775,-0.314754,0.09179,0.55876,-0.311934
55,1.8333333333333333,30.0,55,10,0.999809,True,0.049628,0.524675,-0.343239,0.049186,0.525509,-0.34082
55,1.8333333333333333,30.0,55,11,0.99988,True,0.232095,0.416524,-0.110019,0.225517,0.415329,-0.098777
55,1.8333333333333333,30.0,55,12,0.999926,True,-0.089016,0.488941,-0.056621,-0.081931,0.491011,-0.054335
55,1.8333333333333333,30.0,55,13,0.771736,True,0.448299,0.356928,-0.128439,0.440071,0.365952,-0.073042
55,1.8333333333333333,30.0,55,14,0.889461,True,-0.317862,0.352225,-0.070336,-0.307027,0.369448,-0.080057
55,1.8333333333333333,30.0,55,15,0.736304,True,0.586883,0.296935,-0.160996,0.640984,0.308735,-0.059224
55,1.8333333333333333,30.0,55,16,0.854654,True,-0.550245,0.281671,-0.164654,-0.53743,0.289985,-0.175829
55,1.8333333333333333,30.0,55,17,0.738312,True,0.617301,0.297497,-0.158637,0.689068,0.312754,-0.045448
55,1.8333333333333333,30.0,55,18,0.852325,True,-0.582168,0.277999,-0.20603,-0.569394,0.284295,-0.211481
55,1.8333333333333333,30.0,55,19,0.739298,True,0.603437,0.307539,-0.189488,0.684343,0.323413,-0.08379
55,1.8333333333333333,30.0,55,20,0.852811,True,-0.562164,0.300745,-0.2396,-0.553441,0.308694,-0.250773
55,1.8333333333333333,30.0,55,21,0.735653,True,0.590388,0.280532,-0.177871,0.652671,0.292349,-0.079429
55,1.8333333333333333,30.0,55,22,0.837855,True,-0.55732,0.282342,-0.194363,-0.545413,0.289143,-0.205659
55,1.8333333333333333,30.0,55,23,0.999963,True,0.089577,-0.041315,0.013612,0.087916,-0.038668,0.017135
55,1.8333333333333333,30.0,55,24,0.999939,True,-0.087073,0.045599,-0.011103,-0.085356,0.04266,-0.01431
55,1.8333333333333333,30.0,55,25,0.892007,True,0.050156,-0.360085,-0.230759,0.060227,-0.34642,-0.20176
55,1.8333333333333333,30.0,55,26,0.907807,True,-0.354392,0.032219,-0.162053,-0.296194,-0.036586,-0.198144
55,1.8333333333333333,30.0,55,27,0.913872,True,-0.037636,-0.75119,-0.137078,-0.033798,-0.741409,-0.119038
55,1.8333333333333333,30.0,55,28,0.867592,True,-0.386238,-0.228562,0.038055,-0.297408,-0.313307,0.012559
55,1.8333333333333333,30.0,55,29,0.907835,True,-0.069056,-0.785459,-0.121822,-0.067325,-0.776075,-0.104323
55,1.8333333333333333,30.0,55,30,0.826447,True,-0.386271,-0.241388,0.022255,-0.292206,-0.331307,-0.000228
55,1.8333333333333333,30.0,55,31,0.915417,True,-0.066321,-0.82712,-0.204244,-0.064401,-0.817226,-0.179901
55,1.8333333333333333,30.0,55,32,0.863996,False,-0.44416628900543226,-0.280345,-0.015704,-0.291496,-0.379742,-0.040208
56,1.8666666666666667,30.0,56,0,0.999957,True,0.055881,0.569015,-0.342416,0.044835,0.571829,-0.372116
56,1.8666666666666667,30.0,56,1,0.99995,True,0.07282,0.587521,-0.329378,0.06356,0.589921,-0.360052
56,1.8666666666666667,30.0,56,2,0.999938,True,0.072237,0.587369,-0.320127,0.06221,0.589931,-0.350691
56,1.8666666666666667,30.0,56,3,0.999952,True,0.072046,0.587962,-0.32238,0.062091,0.590486,-0.353212
56,1.8666666666666667,30.0,56,4,0.999974,True,0.045481,0.591592,-0.344169,0.034488,0.593526,-0.374931
56,1.8666666666666667,30.0,56,5,0.999977,True,0.047326,0.5922,-0.355506,0.03687,0.594563,-0.386994
56,1.8666666666666667,30.0,56,6,0.999979,True,0.050258,0.578939,-0.336165,0.039424,0.580621,-0.36729
56,1.8666666666666667,30.0,56,7,0.999935,True,0.142196,0.565618,-0.221847,0.135055,0.568964,-0.255074
56,1.8666666666666667,30.0,56,8,0.999954,True,-0.017059,0.520562,-0.215872,-0.023241,0.522923,-0.244015
56,1.8666666666666667,30.0,56,9,0.999785,True,0.101792,0.548319,-0.292515,0.092683,0.551212,-0.321706
56,1.8666666666666667,30.0,56,10,0.999827,True,0.058488,0.515734,-0.319068,0.0499,0.518757,-0.347901
56,1.8666666666666667,30.0,56,11,0.99989,True,0.237705,0.408568,-0.101246,0.229444,0.414797,-0.133848
56,1.8666666666666667,30.0,56,12,0.999925,True,-0.081869,0.480147,-0.021987,-0.078548,0.479882,-0.052859
56,1.8666666666666667,30.0,56,13,0.792173,True,0.41458,0.335864,-0.155074,0.414313,0.356176,-0.228489
56,1.8666666666666667,30.0,56,14,0.898628,True,-0.296042,0.322893,-0.029543,-0.295811,0.318922,-0.059887
56,1.8666666666666667,30.0,56,15,0.760197,True,0.444774,0.275409,-0.216141,0.474148,0.286217,-0.354645
56,1.8666666666666667,30.0,56,16,0.868287,True,-0.512915,0.235632,-0.129233,-0.509145,0.235264,-0.166426
56,1.8666666666666667,30.0,56,17,0.760794,True,0.448047,0.272468,-0.222539,0.484626,0.278473,-0.376289
56,1.8666666666666667,30.0,56,18,0.865486,True,-0.539667,0.227704,-0.169942,-0.532329,0.224605,-0.199154
56,1.8666666666666667,30.0,56,19,0.762193,True,0.42047,0.283705,-0.245851,0.456636,0.281223,-0.39732
56,1.8666666666666667,30.0,56,20,0.866142,True,-0.519348,0.249996,-0.201535,-0.509589,0.249967,-0.23789
56,1.8666666666666667,30.0,56,21,0.757566,True,0.437303,0.25951,-0.230039,0.466859,0.265676,-0.370032
56,1.8666666666666667,30.0,56,22,0.852447,True,-0.517654,0.234101,-0.155861,-0.512684,0.233253,-0.193794
56,1.8666666666666667,30.0,56,23,0.999964,True,0.094813,-0.039508,0.009723,0.091735,-0.038234,0.004214
56,1.8666666666666667,30.0,56,24,0.99994,True,-0.092108,0.043661,-0.007407,-0.088942,0.042292,-0.001884
56,1.8666666666666667,30.0,56,25,0.901101,True,0.065965,-0.364947,-0.228597,0.059838,-0.360979,-0.216271
56,1.8666666666666667,30.0,56,26,0.905912,True,-0.353493,0.001016,-0.165014,-0.354977,-0.016583,-0.097031
56,1.8666666666666667,30.0,56,27,0.921269,True,-0.011717,-0.750361,-0.126054,-0.016858,-0.739917,-0.117875
56,1.8666666666666667,30.0,56,28,0.839588,True,-0.225747,-0.255363,0.047917,-0.174239,-0.272721,0.15908
56,1.8666666666666667,30.0,56,29,0.908981,True,-0.04278,-0.78431,-0.110239,-0.047003,-0.77277,-0.10098
56,1.8666666666666667,30.0,56,30,0.792766,True,-0.207605,-0.268331,0.033185,-0.14738,-0.287704,0.147583
56,1.8666666666666667,30.0,56,31,0.9224,True,-0.048021,-0.837185,-0.193345,-0.054124,-0.829513,-0.174647
56,1.8666666666666667,30.0,56,32,0.842865,True,-0.23110995261495995,-0.334344,0.000545,-0.134417,-0.366921,0.139671
57,1.9,30.0,57,0,0.99996,True,0.063151,0.561582,-0.305855,0.054414,0.560749,-0.36194
57,1.9,30.0,57,1,0.999954,True,0.08306,0.579934,-0.293872,0.073352,0.577935,-0.350161
57,1.9,30.0,57,2,0.999942,True,0.082885,0.579916,-0.283835,0.072865,0.577839,-0.340231
57,1.9,30.0,57,3,0.999956,True,0.083107,0.580365,-0.286272,0.07273,0.578186,-0.34307
57,1.9,30.0,57,4,0.999976,True,0.055902,0.584133,-0.306049,0.044506,0.582602,-0.366052
57,1.9,30.0,57,5,0.999979,True,0.057437,0.584466,-0.317958,0.046269,0.582561,-0.377974
57,1.9,30.0,57,6,0.999981,True,0.059894,0.57153,-0.298761,0.048539,0.569967,-0.358341
57,1.9,30.0,57,7,0.999939,True,0.157833,0.559274,-0.188752,0.141117,0.556121,-0.244048
57,1.9,30.0,57,8,0.999956,True,-0.000528,0.517103,-0.173075,-0.018186,0.513452,-0.239224
57,1.9,30.0,57,9,0.999805,True,0.109009,0.54075,-0.256687,0.098053,0.539932,-0.310525
57,1.9,30.0,57,10,0.999843,True,0.065578,0.508705,-0.280016,0.055763,0.507402,-0.338491
57,1.9,30.0,57,11,0.999896,True,0.231784,0.401691,-0.090393,0.226794,0.404731,-0.121482
57,1.9,30.0,57,12,0.999919,True,-0.063974,0.472561,0.036324,-0.077862,0.471423,-0.032919
57,1.9,30.0,57,13,0.805965,True,0.339245,0.312239,-0.176975,0.378084,0.299997,-0.188969
57,1.9,30.0,57,14,0.901316,True,-0.255945,0.293129,0.040699,-0.261218,0.285594,0.004936
57,1.9,30.0,57,15,0.775147,True,0.250345,0.254859,-0.250762,0.224438,0.236188,-0.246806
57,1.9,30.0,57,16,0.880022,True,-0.454815,0.194185,-0.060024,-0.462941,0.188627,-0.068126
57,1.9,30.0,57,17,0.770426,True,0.2359540140904904,0.249732,-0.263141,0.177746,0.231577,-0.253984
57,1.9,30.0,57,18,0.87639,True,-0.475051,0.182115,-0.098043,-0.485121,0.184849,-0.105265
57,1.9,30.0,57,19,0.771812,True,0.1908170617332717,0.262922,-0.28002,0.133296,0.248345,-0.264263
57,1.9,30.0,57,20,0.877237,True,-0.456917,0.204523,-0.129116,-0.464878,0.203579,-0.135763
57,1.9,30.0,57,21,0.760032,True,0.23620235757479044,0.24003,-0.263042,0.199739,0.223399,-0.251618
57,1.9,30.0,57,22,0.864364,True,-0.458108,0.192281,-0.084304,-0.466076,0.186648,-0.09038
57,1.9,30.0,57,23,0.999959,True,0.094904,-0.036493,-0.000159,0.091152,-0.03799,0.004965
57,1.9,30.0,57,24,0.999936,True,-0.091924,0.040458,0.002271,-0.088257,0.042184,-0.003164
57,1.9,30.0,57,25,0.901869,True,0.074877,-0.376138,-0.217961,0.07484,-0.39339,-0.207988
57,1.9,30.0,57,26,0.899698,True,-0.33467,-0.029906,-0.147747,-0.340789,-0.010823,-0.13519
57,1.9,30.0,57,27,0.926793,True,0.017361,-0.754463,-0.101338,0.010303,-0.766674,-0.090652
57,1.9,30.0,57,28,0.801605,True,-0.104483,-0.267333,0.076203,-0.121838,-0.260034,0.054545
57,1.9,30.0,57,29,0.901337,True,-0.011657,-0.788895,-0.084532,-0.019487,-0.799611,-0.074965
57,1.9,30.0,57,30,0.751552,True,-0.075807,-0.278147,0.06181,-0.094798,-0.272907,0.037816
57,1.9,30.0,57,31,0.926419,True,-0.021726,-0.847929,-0.165984,-0.03811,-0.865735,-0.145635
57,1.9,30.0,57,32,0.810168,True,-0.067872,-0.35667,0.034821,-0.072489,-0.350684,0.01371
58,1.9333333333333333,30.0,58,0,0.999964,True,0.057008,0.557669,-0.263794,0.063954,0.561553,-0.174125
58,1.9333333333333333,30.0,58,1,0.999959,True,0.080148,0.575718,-0.252698,0.085705,0.579136,-0.163846
58,1.9333333333333333,30.0,58,2,0.999948,True,0.080621,0.575779,-0.242165,0.08656,0.579256,-0.154326
58,1.9333333333333333,30.0,58,3,0.99996,True,0.081146,0.576107,-0.244622,0.087385,0.579714,-0.156855
58,1.9333333333333333,30.0,58,4,0.999978,True,0.055853,0.580618,-0.261695,0.06456,0.584681,-0.170937
58,1.9333333333333333,30.0,58,5,0.99998,True,0.056971,0.580522,-0.274111,0.065481,0.584398,-0.182665
58,1.9333333333333333,30.0,58,6,0.999982,True,0.058928,0.567929,-0.254908,0.067704,0.572164,-0.164261
58,1.9333333333333333,30.0,58,7,0.999945,True,0.164352,0.555817,-0.157101,0.168103,0.553525,-0.083877
58,1.9333333333333333,30.0,58,8,0.999959,True,0.012575,0.517648,-0.123864,0.030061,0.514469,-0.040132
58,1.9333333333333333,30.0,58,9,0.999824,True,0.10379,0.536609,-0.216051,0.109356,0.538919,-0.132426
58,1.9333333333333333,30.0,58,10,0.999857,True,0.061939,0.505304,-0.235025,0.069615,0.507482,-0.147987
58,1.9333333333333333,30.0,58,11,0.999905,True,0.203615,0.397128,-0.0876,0.229285,0.39052,-0.036072
58,1.9333333333333333,30.0,58,12,0.99991,True,-0.034434,0.46754,0.103298,-0.035514,0.464739,0.169415
58,1.9333333333333333,30.0,58,13,0.824902,True,0.221287,0.291138,-0.190675,0.256562,0.271053,-0.15588
58,1.9333333333333333,30.0,58,14,0.872554,True,-0.197085,0.267256,0.124157,-0.237094,0.269675,0.179675
58,1.9333333333333333,30.0,58,15,0.797462,True,0.039024113612468034,0.240837,-0.248281,0.056981,0.23441,-0.21897
58,1.9333333333333333,30.0,58,16,0.885167,True,-0.377311,0.165921,0.034101,-0.431307,0.182756,0.074642
58,1.9333333333333333,30.0,58,17,0.793076,True,-0.0038428666441938097,0.236562,-0.261217,0.007986,0.233201,-0.236645
58,1.9333333333333333,30.0,58,18,0.880902,True,-0.390234,0.151381,0.000669,-0.450498,0.175738,0.036521
58,1.9333333333333333,30.0,58,19,0.79432,True,-0.05561453065587724,0.251532,-0.273976,-0.041747,0.250747,-0.232673
58,1.9333333333333333,30.0,58,20,0.882608,True,-0.376825,0.175357,-0.028693,-0.428939,0.198585,0.007506
58,1.9333333333333333,30.0,58,21,0.78332,True,0.013407415948452392,0.22753,-0.260254,0.030029,0.22322,-0.216785
58,1.9333333333333333,30.0,58,22,0.870512,True,-0.380628,0.166307,0.011795,-0.434268,0.184668,0.052303
58,1.9333333333333333,30.0,58,23,0.999962,True,0.084934,-0.032034,-0.016478,0.091506,-0.037898,-0.005575
58,1.9333333333333333,30.0,58,24,0.99994,True,-0.081732,0.035708,0.018418,-0.088398,0.041993,0.007135
58,1.9333333333333333,30.0,58,25,0.909327,True,0.071292,-0.38694,-0.205591,0.074896,-0.417655,-0.204787
58,1.9333333333333333,30.0,58,26,0.906425,True,-0.280851,-0.066858,-0.097414,-0.320933,0.005797,-0.203547
58,1.9333333333333333,30.0,58,27,0.933411,True,0.042469,-0.758904,-0.079766,0.052392,-0.79053,-0.066792
58,1.9333333333333333,30.0,58,28,0.795644,True,-0.026648,-0.283624,0.135619,-0.048202,-0.230195,0.039833
58,1.9333333333333333,30.0,58,29,0.903686,True,0.016866,-0.794549,-0.062127,0.027521,-0.826525,-0.049386
58,1.9333333333333333,30.0,58,30,0.738931,True,0.002865,-0.292113,0.121051,-0.018197,-0.239074,0.02613
58,1.9333333333333333,30.0,58,31,0.932612,True,0.000787,-0.855486,-0.136424,0.024406,-0.880777,-0.139581
58,1.9333333333333333,30.0,58,32,0.80969,True,0.024914,-0.369274,0.103356,0.016577,-0.307613,-0.025762
59,1.9666666666666666,30.0,59,0,0.999967,True,0.030312,0.560094,-0.219998,0.059677,0.562632,-0.177949
59,1.9666666666666666,30.0,59,1,0.999962,True,0.055958,0.577301,-0.211135,0.081881,0.580411,-0.175843
59,1.9666666666666666,30.0,59,2,0.999952,True,0.057056,0.577465,-0.200496,0.08283,0.580665,-0.163722
59,1.9666666666666666,30.0,59,3,0.999964,True,0.057714,0.577665,-0.202903,0.084546,0.580898,-0.16578
59,1.9666666666666666,30.0,59,4,0.99998,True,0.038123,0.583573,-0.217141,0.064267,0.586928,-0.180186
59,1.9666666666666666,30.0,59,5,0.999982,True,0.03886,0.583002,-0.229899,0.064687,0.58604,-0.193257
59,1.9666666666666666,30.0,59,6,0.999983,True,0.040585,0.570481,-0.210429,0.066917,0.574003,-0.173796
59,1.9666666666666666,30.0,59,7,0.99995,True,0.149682,0.555724,-0.138478,0.159492,0.55949,-0.103951
59,1.9666666666666666,30.0,59,8,0.99996,True,0.017011,0.522104,-0.081617,0.030288,0.523535,-0.061651
59,1.9666666666666666,30.0,59,9,0.99984,True,0.078451,0.538105,-0.176252,0.104453,0.540764,-0.140048
59,1.9666666666666666,30.0,59,10,0.999869,True,0.041541,0.507751,-0.190536,0.067627,0.510116,-0.154927
59,1.9666666666666666,30.0,59,11,0.999914,True,0.14781,0.39642,-0.098478,0.156153,0.398721,-0.067621
59,1.9666666666666666,30.0,59,12,0.999839,True,0.004578,0.465653,0.15706,0.000305,0.46665,0.18125
59,1.9666666666666666,30.0,59,13,0.841947,True,0.074931,0.27665,-0.192775,0.018916,0.285047,-0.160558
59,1.9666666666666666,30.0,59,14,0.788396,True,-0.123744,0.248428,0.195862,-0.117987,0.249365,0.190137
59,1.9666666666666666,30.0,59,15,0.817365,True,-0.151472,0.236554,-0.202027,-0.210265,0.240401,-0.175259
59,1.9666666666666666,30.0,59,16,0.801145,True,-0.289312,0.158131,0.131539,-0.302766,0.164664,0.098985
59,1.9666666666666666,30.0,59,17,0.813027,True,-0.2149128140567811,0.237129,-0.209181,-0.268877,0.239212,-0.178939
59,1.9666666666666666,30.0,59,18,0.799817,True,-0.295692,0.145189,0.104875,-0.312609,0.148444,0.068862
59,1.9666666666666666,30.0,59,19,0.814147,True,-0.248206,0.252425,-0.219557,-0.301912,0.253288,-0.211918
59,1.9666666666666666,30.0,59,20,0.802005,True,-0.288346,0.17271,0.079416,-0.312985,0.179435,0.046009
59,1.9666666666666666,30.0,59,21,0.803319,True,-0.172125,0.224837,-0.213503,-0.227904,0.227766,-0.203148
59,1.9666666666666666,30.0,59,22,0.792041,True,-0.294462,0.163488,0.111282,-0.309343,0.170114,0.078021
59,1.9666666666666666,30.0,59,23,0.999965,True,0.062299,-0.026704,-0.035093,0.07817,-0.025744,-0.029822
59,1.9666666666666666,30.0,59,24,0.999942,True,-0.059085,0.030021,0.036896,-0.075212,0.029117,0.032205
59,1.9666666666666666,30.0,59,25,0.915759,True,0.05421,-0.394122,-0.190026,0.073812,-0.373132,-0.177026
59,1.9666666666666666,30.0,59,26,0.882347,True,-0.185851,-0.105751,-0.01718,-0.269716,-0.080996,-0.031802
59,1.9666666666666666,30.0,59,27,0.936569,True,0.057928,-0.761181,-0.070118,0.069118,-0.740108,-0.06416
59,1.9666666666666666,30.0,59,28,0.748741,True,0.019548,-0.312928,0.217932,0.017399,-0.208108,0.139252
59,1.9666666666666666,30.0,59,29,0.895781,True,0.036315,-0.798269,-0.052509,0.046004,-0.777745,-0.046569
59,1.9666666666666666,30.0,59,30,0.701271,True,0.041589,-0.321396,0.202784,0.048375,-0.202922,0.117599
59,1.9666666666666666,30.0,59,31,0.933975,True,0.010908,-0.858328,-0.111236,0.025959,-0.827668,-0.127249
59,1.9666666666666666,30.0,59,32,0.770629,True,0.06355,-0.388846,0.200934,0.096037,-0.278099,0.126351
60,2.0,30.0,60,0,0.99997,True,-0.013983,0.570819,-0.169306,0.004675,0.563813,-0.188603
60,2.0,30.0,60,1,0.999966,True,0.011806,0.586398,-0.166097,0.033006,0.581728,-0.187755
60,2.0,30.0,60,2,0.999957,True,0.013297,0.586792,-0.155638,0.035895,0.581942,-0.174811
60,2.0,30.0,60,3,0.999967,True,0.013959,0.58684,-0.15807,0.035538,0.582045,-0.176402
60,2.0,30.0,60,4,0.999981,True,0.004259,0.594645,-0.170138,0.022755,0.587267,-0.185277
60,2.0,30.0,60,5,0.999983,True,0.004622,0.593591,-0.182943,0.02206,0.586869,-0.198117
60,2.0,30.0,60,6,0.999984,True,0.00688,0.580883,-0.162928,0.025401,0.5749,-0.177707
60,2.0,30.0,60,7,0.999955,True,0.107547,0.55895,-0.133311,0.135369,0.559707,-0.120223
60,2.0,30.0,60,8,0.999956,True,0.012969,0.529137,-0.05337,0.027376,0.531687,-0.056398
60,2.0,30.0,60,9,0.999853,True,0.033907,0.546785,-0.134452,0.052337,0.542524,-0.153108
60,2.0,30.0,60,10,0.999875,True,0.006516,0.517388,-0.144964,0.019522,0.512376,-0.158523
60,2.0,30.0,60,11,0.999923,True,0.068878,0.400428,-0.117145,0.070547,0.400277,-0.103849
60,2.0,30.0,60,12,0.999816,True,0.048016,0.466613,0.181193,0.067301,0.46829,0.197406
60,2.0,30.0,60,13,0.857227,True,-0.074251,0.269908,-0.177979,-0.047547,0.276718,-0.189566
60,2.0,30.0,60,14,0.710037,True,-0.042141,0.237435,0.234852,0.051223,0.224538,0.246694
60,2.0,30.0,60,15,0.835053,True,-0.283299,0.24182,-0.115997,-0.261866,0.242839,-0.157928
60,2.0,30.0,60,16,0.724248,True,-0.202215,0.172401,0.208923,-0.056928,0.092207,0.210577
60,2.0,30.0,60,17,0.830436,True,-0.340825,0.250812,-0.112339,-0.32424,0.242921,-0.158946
60,2.0,30.0,60,18,0.725438,True,-0.204724,0.16673,0.191048,-0.044711,0.062601,0.192252
60,2.0,30.0,60,19,0.831397,True,-0.361116,0.264166,-0.120555,-0.348816,0.255827,-0.17073
60,2.0,30.0,60,20,0.727812,True,-0.203264,0.19933,0.171204,-0.051082,0.087799,0.169158
60,2.0,30.0,60,21,0.81967,True,-0.295188,0.231415,-0.125254,-0.275107,0.230378,-0.180295
60,2.0,30.0,60,22,0.718804,True,-0.211032,0.18444,0.191218,-0.06541,0.09649,0.192307
60,2.0,30.0,60,23,0.999963,True,0.028834,-0.02192,-0.048397,0.019956,-0.017667,-0.055398
60,2.0,30.0,60,24,0.999925,True,-0.025927,0.024912,0.050041,-0.016349,0.019987,0.056848
60,2.0,30.0,60,25,0.901485,True,0.028008,-0.398538,-0.163876,0.017882,-0.378706,-0.169228
60,2.0,30.0,60,26,0.798184,True,-0.059866,-0.130491,0.071507,0.075409,-0.215384,0.094973
60,2.0,30.0,60,27,0.921249,True,0.062181,-0.760972,-0.069174,0.061722,-0.736449,-0.046793
60,2.0,30.0,60,28,0.680693,True,0.050075,-0.345611,0.292125,0.049596,-0.473767,0.356002
60,2.0,30.0,60,29,0.866539,True,0.044177,-0.799068,-0.052897,0.045682,-0.774888,-0.026335
60,2.0,30.0,60,30,0.644014,True,0.059977,-0.357525,0.275852,0.045141,-0.493112,0.344816
60,2.0,30.0,60,31,0.91965,True,0.007793,-0.856636,-0.087572,0.01786,-0.841546,-0.038887
60,2.0,30.0,60,32,0.706106,True,0.073674,-0.415252,0.296852,0.019704,-0.562433,0.369966
61,2.033333333333333,30.0,61,0,0.999973,True,-0.061313,0.588573,-0.103327,-0.072118,0.568586,-0.212233
61,2.033333333333333,30.0,61,1,0.999969,True,-0.03946,0.60199,-0.110013,-0.046025,0.582641,-0.189949
61,2.033333333333333,30.0,61,2,0.999961,True,-0.037831,0.602829,-0.09975,-0.044933,0.583346,-0.18438
61,2.033333333333333,30.0,61,3,0.99997,True,-0.037213,0.602683,-0.102401,-0.044831,0.582987,-0.189107
61,2.033333333333333,30.0,61,4,0.999983,True,-0.033674,0.612462,-0.113919,-0.046785,0.593317,-0.211815
61,2.033333333333333,30.0,61,5,0.999984,True,-0.033924,0.610896,-0.126346,-0.047301,0.591515,-0.223961
61,2.033333333333333,30.0,61,6,0.999986,True,-0.029851,0.598018,-0.105639,-0.043983,0.578006,-0.204042
61,2.033333333333333,30.0,61,7,0.999959,True,0.043522,0.564657,-0.130077,0.063887,0.557913,-0.195903
61,2.033333333333333,30.0,61,8,0.99996,True,0.006819,0.536513,-0.037074,-0.009278,0.532465,-0.084533
61,2.033333333333333,30.0,61,9,0.999867,True,-0.018182,0.561609,-0.082951,-0.023377,0.543939,-0.162341
61,2.033333333333333,30.0,61,10,0.999886,True,-0.031705,0.532884,-0.092093,-0.045551,0.517634,-0.186557
61,2.033333333333333,30.0,61,11,0.999929,True,-0.018869,0.408226,-0.127637,-0.012774,0.399162,-0.172387
61,2.033333333333333,30.0,61,12,0.999796,True,0.089477,0.469523,0.173137,0.070639,0.469351,0.146257
61,2.033333333333333,30.0,61,13,0.865083,True,-0.19866,0.269275,-0.140547,-0.215935,0.264512,-0.190262
61,2.033333333333333,30.0,61,14,0.639537,True,0.042306,0.233009,0.233919,-0.022982,0.242946,0.246278
61,2.033333333333333,30.0,61,15,0.843336,True,-0.342896,0.254504,-0.002384,-0.372818,0.256358,-0.039964
61,2.033333333333333,30.0,61,16,0.655161,True,-0.123072,0.202535,0.252491,-0.180089,0.244766,0.303058
61,2.033333333333333,30.0,61,17,0.836554,True,-0.385368,0.273687,0.014154,-0.423204,0.279534,-0.025648
61,2.033333333333333,30.0,61,18,0.65868,True,-0.125328,0.20882,0.244314,-0.18135,0.25774,0.297109
61,2.033333333333333,30.0,61,19,0.837577,True,-0.386695,0.283151,0.008818,-0.42692,0.293586,-0.021251
61,2.033333333333333,30.0,61,20,0.660914,True,-0.128801,0.246546,0.230694,-0.18006,0.298966,0.281843
61,2.033333333333333,30.0,61,21,0.819869,True,-0.342443,0.245067,-0.007732,-0.375796,0.249635,-0.035162
61,2.033333333333333,30.0,61,22,0.653174,True,-0.136986,0.221168,0.238112,-0.19035,0.267799,0.287339
61,2.033333333333333,30.0,61,23,0.999953,True,-0.009214,-0.01919,-0.049216,-0.004924,-0.018365,-0.064374
61,2.033333333333333,30.0,61,24,0.999893,True,0.011519,0.021962,0.050601,0.007505,0.021032,0.065588
61,2.033333333333333,30.0,61,25,0.901466,True,0.000621,-0.402112,-0.121666,0.001371,-0.406287,-0.162313
61,2.033333333333333,30.0,61,26,0.723796,True,0.075487,-0.123957,0.139809,0.034701,-0.131923,0.210026
61,2.033333333333333,30.0,61,27,0.921185,True,0.058386,-0.758362,-0.066923,0.055215,-0.770302,-0.106693
61,2.033333333333333,30.0,61,28,0.621294,True,0.076178,-0.361575,0.321915,0.071498,-0.36677,0.438866
61,2.033333333333333,30.0,61,29,0.861428,True,0.042824,-0.796623,-0.053206,0.038413,-0.809581,-0.096982
61,2.033333333333333,30.0,61,30,0.597577,True,0.073225,-0.379493,0.303829,0.071095,-0.383759,0.424546
61,2.033333333333333,30.0,61,31,0.917398,True,-0.001801,-0.850806,-0.05894,-0.017261,-0.867085,-0.099836
61,2.033333333333333,30.0,61,32,0.648253,True,0.079663,-0.434831,0.352216,0.067766,-0.423244,0.483782
62,2.066666666666667,30.0,62,0,0.99994,True,-0.091533,0.608072,-0.022484,-0.128293,0.617714,0.002375
62,2.066666666666667,30.0,62,1,0.999949,True,-0.078518,0.619545,-0.041313,-0.115595,0.62708,-0.029977
62,2.066666666666667,30.0,62,2,0.999941,True,-0.076875,0.621101,-0.031,-0.11505,0.628572,-0.018347
62,2.066666666666667,30.0,62,3,0.999955,True,-0.076306,0.620687,-0.034089,-0.113828,0.628208,-0.01955
62,2.066666666666667,30.0,62,4,0.999962,True,-0.058237,0.631956,-0.047605,-0.086642,0.641628,-0.022985
62,2.066666666666667,30.0,62,5,0.999962,True,-0.05959,0.629788,-0.059201,-0.085952,0.639567,-0.035479
62,2.066666666666667,30.0,62,6,0.999966,True,-0.052342,0.617082,-0.037893,-0.081123,0.624848,-0.013993
62,2.066666666666667,30.0,62,7,0.999954,True,-0.02537,0.571217,-0.114444,-0.05632,0.571577,-0.128273
62,2.066666666666667,30.0,62,8,0.999927,True,0.006988,0.541844,-0.026217,-0.008457,0.543343,-0.01072
62,2.066666666666667,30.0,62,9,0.999803,True,-0.059912,0.578216,-0.019397,-0.097008,0.584963,-0.009382
62,2.066666666666667,30.0,62,10,0.999808,True,-0.057215,0.549686,-0.03089,-0.081089,0.555605,-0.006153
62,2.066666666666667,30.0,62,11,0.999929,True,-0.09691,0.416998,-0.113878,-0.120368,0.42029,-0.168582
62,2.066666666666667,30.0,62,12,0.999772,True,0.123205,0.473253,0.142943,0.130943,0.469615,0.14964
62,2.066666666666667,30.0,62,13,0.859858,True,-0.278092,0.272309,-0.078916,-0.303863,0.271248,-0.090887
62,2.066666666666667,30.0,62,14,0.579907,True,0.124484,0.233558,0.200986,0.078059,0.238819,0.224357
62,2.066666666666667,30.0,62,15,0.783727,True,-0.335043,0.273009,0.121964,-0.351363,0.281704,0.172225
62,2.066666666666667,30.0,62,16,0.590307,True,-0.052142,0.237581,0.263921,-0.148792,0.27142,0.306068
62,2.066666666666667,30.0,62,17,0.776917,True,-0.357463,0.301885,0.150136,-0.36796,0.317824,0.209358
62,2.066666666666667,30.0,62,18,0.5937,True,-0.056794,0.256875,0.264666,-0.163329,0.3046,0.314433
62,2.066666666666667,30.0,62,19,0.777425,True,-0.342967,0.306939,0.148055,-0.345111,0.32257,0.208391
62,2.066666666666667,30.0,62,20,0.595708,True,-0.06447,0.29784,0.257066,-0.166359,0.34786,0.311276
62,2.066666666666667,30.0,62,21,0.755613,True,-0.322833,0.264436,0.120499,-0.33512,0.273675,0.179155
62,2.066666666666667,30.0,62,22,0.588844,True,-0.071699,0.260754,0.253714,-0.171152,0.299181,0.298569
62,2.066666666666667,30.0,62,23,0.999942,True,-0.043742,-0.019182,-0.035034,-0.052088,-0.018859,-0.051335
62,2.066666666666667,30.0,62,24,0.999868,True,0.045329,0.021822,0.036029,0.053478,0.021714,0.052728
62,2.066666666666667,30.0,62,25,0.903031,True,-0.020229,-0.405135,-0.066422,-0.041738,-0.418602,-0.084867
62,2.066666666666667,30.0,62,26,0.659808,True,0.197815,-0.082633,0.16922,0.174798,-0.125495,0.203703
62,2.066666666666667,30.0,62,27,0.924946,True,0.052446,-0.753006,-0.055452,0.047423,-0.7735,-0.093028
62,2.066666666666667,30.0,62,28,0.590176,True,0.102656,-0.347333,0.292341,0.100054,-0.366716,0.362066
62,2.066666666666667,30.0,62,29,0.869856,True,0.037821,-0.790688,-0.044949,0.035311,-0.811382,-0.080387
62,2.066666666666667,30.0,62,30,0.586316,True,0.08894,-0.371498,0.272038,0.088134,-0.390399,0.340276
62,2.066666666666667,30.0,62,31,0.914709,True,-0.008547,-0.841321,-0.022648,-0.036695,-0.863702,-0.072275
62,2.066666666666667,30.0,62,32,0.605398,True,0.094518,-0.434228,0.348031,0.0881,-0.420693,0.390934
63,2.1,30.0,63,0,0.999924,True,-0.089561,0.622172,0.057204,-0.088111,0.639256,0.080541
63,2.1,30.0,63,1,0.999932,True,-0.089332,0.632764,0.028463,-0.093786,0.648533,0.045271
63,2.1,30.0,63,2,0.999925,True,-0.087655,0.635309,0.039147,-0.09162,0.652107,0.056566
63,2.1,30.0,63,3,0.999942,True,-0.08717,0.634509,0.035512,-0.091263,0.651033,0.052896
63,2.1,30.0,63,4,0.999951,True,-0.056189,0.646383,0.016979,-0.056744,0.663103,0.034293
63,2.1,30.0,63,5,0.999953,True,-0.059036,0.643477,0.00651,-0.057627,0.659395,0.023969
63,2.1,30.0,63,6,0.999955,True,-0.047993,0.631404,0.028123,-0.050075,0.648842,0.046653
63,2.1,30.0,63,7,0.999952,True,-0.078364,0.576726,-0.080518,-0.101837,0.582315,-0.069388
63,2.1,30.0,63,8,0.999911,True,0.017535,0.543472,-0.016833,0.006582,0.547567,-0.017409
63,2.1,30.0,63,9,0.999751,True,-0.075914,0.590639,0.046122,-0.077832,0.604935,0.063779
63,2.1,30.0,63,10,0.999752,True,-0.057969,0.5618,0.028004,-0.053091,0.575452,0.044547
63,2.1,30.0,63,11,0.999931,True,-0.150528,0.42336,-0.070298,-0.164176,0.429774,-0.030974
63,2.1,30.0,63,12,0.999776,True,0.145635,0.476848,0.104796,0.154213,0.480729,0.083546
63,2.1,30.0,63,13,0.841296,True,-0.304437,0.277771,0.001362,-0.288351,0.285077,0.048455
63,2.1,30.0,63,14,0.558459,True,0.197423,0.238924,0.151995,0.232889,0.242545,0.096256
63,2.1,30.0,63,15,0.722217,True,-0.277248,0.296913,0.240222,-0.222753,0.300476,0.262857
63,2.1,30.0,63,16,0.532442,True,0.014852,0.267972,0.256173,0.08617,0.269682,0.182646
63,2.1,30.0,63,17,0.716381,True,-0.281903,0.333351,0.276537,-0.218449,0.339992,0.299723
63,2.1,30.0,63,18,0.535573,True,0.007943,0.297136,0.263413,0.084241,0.300809,0.181318
63,2.1,30.0,63,19,0.71695,True,-0.259506,0.33524,0.277027,-0.191453,0.337126,0.298821
63,2.1,30.0,63,20,0.537373,True,-0.003744,0.338034,0.261734,0.073246,0.342105,0.183485
63,2.1,30.0,63,21,0.695413,True,-0.257237,0.289433,0.24075,-0.19903,0.292196,0.261993
63,2.1,30.0,63,22,0.531188,True,-0.009635,0.292424,0.250954,0.061999,0.29411,0.176914
63,2.1,30.0,63,23,0.999943,True,-0.068461,-0.021364,-0.009354,-0.077247,-0.022541,0.013772
63,2.1,30.0,63,24,0.999872,True,0.069466,0.023881,0.009883,0.077633,0.025285,-0.013114
63,2.1,30.0,63,25,0.899092,True,-0.0303,-0.406493,-0.009475,-0.025972,-0.407204,0.041927
63,2.1,30.0,63,26,0.647055,True,0.292495,-0.021622,0.161506,0.335703,0.038225,0.123423
63,2.1,30.0,63,27,0.926543,True,0.049694,-0.745406,-0.034285,0.04825,-0.73844,0.000976
63,2.1,30.0,63,28,0.586557,True,0.13083,-0.308136,0.222283,0.147301,-0.28691,0.10741
63,2.1,30.0,63,29,0.879636,True,0.034704,-0.782312,-0.026814,0.032725,-0.774209,0.006745
63,2.1,30.0,63,30,0.594712,True,0.109737,-0.336649,0.200148,0.124718,-0.319074,0.081465
63,2.1,30.0,63,31,0.907684,True,-0.006505,-0.830106,0.017116,0.002149,-0.814616,0.061412
63,2.1,30.0,63,32,0.58466,True,0.120171,-0.412645,0.299082,0.150473,-0.414037,0.200815
64,2.1333333333333333,30.0,64,0,0.999913,True,-0.053969,0.625821,0.110346,-0.06777,0.628052,0.139265
64,2.1333333333333333,30.0,64,1,0.999917,True,-0.067571,0.636996,0.078527,-0.063369,0.639515,0.104397
64,2.1333333333333333,30.0,64,2,0.999914,True,-0.065797,0.64069,0.089754,-0.06165,0.642002,0.115499
64,2.1333333333333333,30.0,64,3,0.999934,True,-0.06549,0.639389,0.085682,-0.061192,0.641302,0.11124
64,2.1333333333333333,30.0,64,4,0.99994,True,-0.026281,0.650976,0.05964,-0.042847,0.652293,0.08519
64,2.1333333333333333,30.0,64,5,0.999945,True,-0.030472,0.647213,0.050277,-0.048935,0.649426,0.075555
64,2.1333333333333333,30.0,64,6,0.999946,True,-0.016392,0.636074,0.071843,-0.029726,0.638197,0.096929
64,2.1333333333333333,30.0,64,7,0.999952,True,-0.101058,0.57989,-0.034985,-0.105306,0.581526,-0.01606
64,2.1333333333333333,30.0,64,8,0.999898,True,0.034492,0.541089,-0.010495,0.037722,0.540486,-0.004546
64,2.1333333333333333,30.0,64,9,0.999727,True,-0.060924,0.594635,0.094518,-0.050591,0.598133,0.119761
64,2.1333333333333333,30.0,64,10,0.999718,True,-0.032444,0.565033,0.066283,-0.051377,0.568348,0.090353
64,2.1333333333333333,30.0,64,11,0.999937,True,-0.174165,0.425425,-0.004895,-0.177137,0.429098,0.017906
64,2.1333333333333333,30.0,64,12,0.999784,True,0.155874,0.479865,0.068967,0.152137,0.480608,0.070082
64,2.1333333333333333,30.0,64,13,0.842984,True,-0.281256,0.286109,0.089832,-0.2827,0.288097,0.095666
64,2.1333333333333333,30.0,64,14,0.56031,True,0.252633,0.250505,0.100934,0.26724,0.24503,0.086979
64,2.1333333333333333,30.0,64,15,0.675546,True,-0.190646,0.324536,0.341052,-0.187337,0.299875,0.318236
64,2.1333333333333333,30.0,64,16,0.481021,True,0.083387,0.289816,0.241331,0.10125,0.268448,0.200971
64,2.1333333333333333,30.0,64,17,0.667045,True,-0.184874,0.365823,0.381699,-0.177053,0.333608,0.35762
64,2.1333333333333333,30.0,64,18,0.483743,True,0.077805,0.323496,0.251159,0.096306,0.29838,0.20981
64,2.1333333333333333,30.0,64,19,0.667312,True,-0.163222,0.366799,0.383301,-0.148997,0.332704,0.356532
64,2.1333333333333333,30.0,64,20,0.48536,True,0.062391,0.360916,0.25617,0.076283,0.337472,0.214992
64,2.1333333333333333,30.0,64,21,0.646067,True,-0.168009,0.318418,0.341364,-0.16042,0.290829,0.316869
64,2.1333333333333333,30.0,64,22,0.479842,True,0.056063,0.312449,0.241732,0.073316,0.290215,0.202395
64,2.1333333333333333,30.0,64,23,0.999947,True,-0.081216,-0.024435,0.020705,-0.079311,-0.024883,0.030516
64,2.1333333333333333,30.0,64,24,0.999878,True,0.081961,0.026784,-0.020597,0.080028,0.027421,-0.030625
64,2.1333333333333333,30.0,64,25,0.906284,True,-0.029312,-0.405793,0.036072,-0.016654,-0.405609,0.051062
64,2.1333333333333333,30.0,64,26,0.655234,True,0.354385,0.034223,0.131758,0.344111,0.054367,0.087751
64,2.1333333333333333,30.0,64,27,0.932053,True,0.05235,-0.738585,-0.008957,0.044746,-0.74017,0.016595
64,2.1333333333333333,30.0,64,28,0.587972,True,0.161336,-0.265891,0.149824,0.156981,-0.264708,0.109797
64,2.1333333333333333,30.0,64,29,0.890379,True,0.036207,-0.775179,-0.003565,0.027457,-0.776299,0.022752
64,2.1333333333333333,30.0,64,30,0.608877,True,0.136569,-0.296216,0.127094,0.133721,-0.29869,0.087713
64,2.1333333333333333,30.0,64,31,0.909527,True,0.004583,-0.821282,0.052238,0.015716,-0.818313,0.081123
64,2.1333333333333333,30.0,64,32,0.566134,True,0.154383,-0.383582,0.239513,0.169982,-0.40962,0.190418
65,2.1666666666666665,30.0,65,0,0.999907,True,0.00214,0.618786,0.117139,0.002749,0.622607,0.132536
65,2.1666666666666665,30.0,65,1,0.999907,True,-0.022519,0.631752,0.090918,-0.035778,0.635026,0.103156
65,2.1666666666666665,30.0,65,2,0.999906,True,-0.020633,0.636472,0.10263,-0.033529,0.638556,0.115018
65,2.1666666666666665,30.0,65,3,0.999927,True,-0.02061,0.634661,0.098432,-0.033203,0.637277,0.110004
65,2.1666666666666665,30.0,65,4,0.999936,True,0.019994,0.645418,0.0641,0.027749,0.64806,0.076527
65,2.1666666666666665,30.0,65,5,0.999943,True,0.015304,0.640813,0.055488,0.020811,0.644426,0.069123
65,2.1666666666666665,30.0,65,6,0.999943,True,0.030421,0.630608,0.076771,0.039291,0.63405,0.089965
65,2.1666666666666665,30.0,65,7,0.999953,True,-0.09139,0.580666,0.007831,-0.083726,0.581927,0.002672
65,2.1666666666666665,30.0,65,8,0.999896,True,0.048082,0.535722,-0.011874,0.062773,0.539918,-0.016099
65,2.1666666666666665,30.0,65,9,0.999713,True,-0.021762,0.590134,0.109062,-0.039096,0.593698,0.120167
65,2.1666666666666665,30.0,65,10,0.999709,True,0.009659,0.559285,0.069406,0.017743,0.56362,0.081428
65,2.1666666666666665,30.0,65,11,0.999941,True,-0.170898,0.424088,0.066175,-0.15735,0.428454,0.046484
65,2.1666666666666665,30.0,65,12,0.9998,True,0.154987,0.482454,0.039278,0.15797,0.484671,0.054481
65,2.1666666666666665,30.0,65,13,0.828367,True,-0.220661,0.298076,0.175786,-0.209221,0.295679,0.1612
65,2.1666666666666665,30.0,65,14,0.587955,True,0.284252,0.269187,0.053826,0.323615,0.264434,0.075378
65,2.1666666666666665,30.0,65,15,0.61837,True,-0.093837,0.349473,0.420818,-0.126578,0.337758,0.438682
65,2.1666666666666665,30.0,65,16,0.450962,True,0.157922,0.303997,0.21966,0.191085,0.291061,0.214359
65,2.1666666666666665,30.0,65,17,0.610188,True,-0.086122,0.392747,0.463285,-0.125977,0.375564,0.48247
65,2.1666666666666665,30.0,65,18,0.452093,True,0.159725,0.337479,0.226783,0.192296,0.322495,0.221195
65,2.1666666666666665,30.0,65,19,0.610577,True,-0.070566,0.394609,0.464431,-0.115135,0.377117,0.485618
65,2.1666666666666665,30.0,65,20,0.453853,True,0.142168,0.369412,0.239725,0.17548,0.354572,0.225588
65,2.1666666666666665,30.0,65,21,0.591861,True,-0.072607,0.344437,0.420078,-0.108953,0.332139,0.4374
65,2.1666666666666665,30.0,65,22,0.44669,True,0.13109,0.323063,0.225661,0.164775,0.308841,0.216785
65,2.1666666666666665,30.0,65,23,0.999949,True,-0.083448,-0.027087,0.048434,-0.080331,-0.028054,0.03814
65,2.1666666666666665,30.0,65,24,0.999882,True,0.084272,0.029274,-0.048564,0.081121,0.030195,-0.038677
65,2.1666666666666665,30.0,65,25,0.910636,True,-0.018938,-0.404431,0.062669,-0.013259,-0.400688,0.054286
65,2.1666666666666665,30.0,65,26,0.657765,True,0.38392,0.064792,0.091449,0.380264,0.067099,0.062594
65,2.1666666666666665,30.0,65,27,0.934228,True,0.059045,-0.737307,0.014448,0.069078,-0.732516,0.01047
65,2.1666666666666665,30.0,65,28,0.580961,True,0.193753,-0.245312,0.101843,0.198695,-0.233172,0.065748
65,2.1666666666666665,30.0,65,29,0.898905,True,0.041371,-0.77448,0.019171,0.050312,-0.770203,0.015144
65,2.1666666666666665,30.0,65,30,0.619247,True,0.16902,-0.275874,0.080041,0.175889,-0.262807,0.04461
65,2.1666666666666665,30.0,65,31,0.904308,True,0.021366,-0.81947,0.076403,0.034634,-0.818063,0.075426
65,2.1666666666666665,30.0,65,32,0.545051,True,0.195913,-0.366281,0.192415,0.208399,-0.348765,0.159765
66,2.2,30.0,66,0,0.999911,True,0.058413,0.604985,0.075071,0.078917,0.586798,0.057294
66,2.2,30.0,66,1,0.999908,True,0.028356,0.620286,0.060989,0.039707,0.60425,0.046196
66,2.2,30.0,66,2,0.999907,True,0.030341,0.625513,0.072973,0.041876,0.61105,0.058455
66,2.2,30.0,66,3,0.999927,True,0.030027,0.62338,0.06902,0.040941,0.608037,0.054044
66,2.2,30.0,66,4,0.999939,True,0.065038,0.633153,0.027947,0.081743,0.616558,0.010266
66,2.2,30.0,66,5,0.999946,True,0.061095,0.627951,0.019542,0.077109,0.610067,0.002289
66,2.2,30.0,66,6,0.999946,True,0.074919,0.618446,0.040522,0.090357,0.601452,0.023131
66,2.2,30.0,66,7,0.999955,True,-0.058474,0.580048,0.034488,-0.054746,0.574152,0.030782
66,2.2,30.0,66,8,0.999901,True,0.049208,0.528945,-0.024346,0.058323,0.519356,-0.019151
66,2.2,30.0,66,9,0.999723,True,0.026802,0.580734,0.085141,0.032684,0.566038,0.069633
66,2.2,30.0,66,10,0.999723,True,0.052789,0.547984,0.035646,0.062938,0.531876,0.018227
66,2.2,30.0,66,11,0.999941,True,-0.147268,0.422368,0.126769,-0.131361,0.412984,0.125049
66,2.2,30.0,66,12,0.999799,True,0.144339,0.484939,0.015209,0.130859,0.480475,0.010287
66,2.2,30.0,66,13,0.757875,True,-0.13867,0.312406,0.249928,-0.202579,0.293485,0.243942
66,2.2,30.0,66,14,0.614398,True,0.292744,0.292444,0.009789,0.252531,0.275875,0.02531
66,2.2,30.0,66,15,0.558443,True,0.000396,0.360239,0.478636,-0.038346,0.372029,0.478949
66,2.2,30.0,66,16,0.415187,True,0.239368,0.311776,0.179823,0.129421,0.321593,0.225846
66,2.2,30.0,66,17,0.551824,True,0.004285,0.402094,0.521926,-0.034725,0.418643,0.516249
66,2.2,30.0,66,18,0.415723,True,0.254898,0.342586,0.17807,0.131332,0.353772,0.230382
66,2.2,30.0,66,19,0.552379,True,0.013265,0.405029,0.521235,-0.036273,0.423115,0.518902
66,2.2,30.0,66,20,0.417102,True,0.23947,0.369397,0.198993,0.119547,0.376964,0.235158
66,2.2,30.0,66,21,0.536301,True,0.018632,0.354992,0.477609,-0.025172,0.369141,0.474745
66,2.2,30.0,66,22,0.410298,True,0.217409,0.327243,0.190097,0.105665,0.335916,0.228816
66,2.2,30.0,66,23,0.999951,True,-0.077481,-0.028526,0.07017,-0.06817,-0.028293,0.069413
66,2.2,30.0,66,24,0.999886,True,0.078596,0.030701,-0.070242,0.0697,0.030262,-0.069252
66,2.2,30.0,66,25,0.913292,True,-0.000948,-0.404409,0.070846,-0.008139,-0.401038,0.044319
66,2.2,30.0,66,26,0.681987,True,0.382366,0.063756,0.038358,0.354802,0.045359,0.04489
66,2.2,30.0,66,27,0.937935,True,0.066041,-0.744606,0.033376,0.065866,-0.733554,0.005363
66,2.2,30.0,66,28,0.608867,True,0.223419,-0.258147,0.073421,0.183012,-0.231617,0.074368
66,2.2,30.0,66,29,0.906512,True,0.04649,-0.78321,0.038884,0.045333,-0.771706,0.009152
66,2.2,30.0,66,30,0.638116,True,0.202228,-0.288717,0.053381,0.158419,-0.253855,0.054788
66,2.2,30.0,66,31,0.907792,True,0.040014,-0.826557,0.088589,0.028934,-0.819472,0.050317
66,2.2,30.0,66,32,0.566612,True,0.242437,-0.372958,0.150213,0.164255,-0.339015,0.155883
67,2.2333333333333334,30.0,67,0,0.999917,True,0.097597,0.589297,-0.000546,0.125253,0.58643,0.026514
67,2.2333333333333334,30.0,67,1,0.999914,True,0.068348,0.606874,-0.000707,0.098834,0.604518,0.026688
67,2.2333333333333334,30.0,67,2,0.999912,True,0.070479,0.611769,0.011291,0.10066,0.610164,0.037719
67,2.2333333333333334,30.0,67,3,0.999932,True,0.069853,0.609689,0.007816,0.100254,0.607901,0.035137
67,2.2333333333333334,30.0,67,4,0.999944,True,0.094411,0.61848,-0.036626,0.117131,0.616168,-0.011164
67,2.2333333333333334,30.0,67,5,0.99995,True,0.092334,0.613139,-0.045348,0.118261,0.610562,-0.021304
67,2.2333333333333334,30.0,67,6,0.99995,True,0.103267,0.604056,-0.024503,0.125444,0.60108,-0.000463
67,2.2333333333333334,30.0,67,7,0.999957,True,-0.016412,0.579081,0.038381,-0.015021,0.577815,0.05925
67,2.2333333333333334,30.0,67,8,0.999908,True,0.035211,0.52188,-0.047299,0.049071,0.52029,-0.033682
67,2.2333333333333334,30.0,67,9,0.999733,True,0.069212,0.570773,0.031811,0.094561,0.566253,0.053855
67,2.2333333333333334,30.0,67,10,0.999737,True,0.083211,0.535337,-0.023608,0.104701,0.531329,-0.003437
67,2.2333333333333334,30.0,67,11,0.999929,True,-0.108217,0.423065,0.166024,-0.105318,0.414297,0.185261
67,2.2333333333333334,30.0,67,12,0.999799,True,0.124011,0.487122,-0.00479,0.128235,0.482118,-0.008771
67,2.2333333333333334,30.0,67,13,0.686157,True,-0.049293,0.324727,0.302412,0.0371,0.31964,0.275064
67,2.2333333333333334,30.0,67,14,0.637428,True,0.283154,0.313496,-0.033345,0.26698,0.321017,-0.025907
67,2.2333333333333334,30.0,67,15,0.504997,True,0.087703,0.345683,0.508366,0.197511,0.35088,0.409209
67,2.2333333333333334,30.0,67,16,0.427829,True,0.32085,0.31204,0.110626,0.340778,0.31287,0.180743
67,2.2333333333333334,30.0,67,17,0.500271,True,0.087017,0.381961,0.551724,0.205906,0.388258,0.44913
67,2.2333333333333334,30.0,67,18,0.421578,True,0.354286,0.339606,0.09436,0.383166,0.335711,0.169126
67,2.2333333333333334,30.0,67,19,0.500722,True,0.092147,0.384607,0.547818,0.208616,0.396947,0.438084
67,2.2333333333333334,30.0,67,20,0.419327,True,0.34911,0.364063,0.120581,0.382634,0.361953,0.222845
67,2.2333333333333334,30.0,67,21,0.486926,True,0.103487,0.338119,0.508081,0.2138,0.345287,0.406016
67,2.2333333333333334,30.0,67,22,0.405922,True,0.309024,0.325154,0.122324,0.333672,0.326647,0.207989
67,2.2333333333333334,30.0,67,23,0.999954,True,-0.064103,-0.028554,0.085316,-0.058147,-0.027923,0.088902
67,2.2333333333333334,30.0,67,24,0.999896,True,0.06554,0.031005,-0.084934,0.059718,0.030312,-0.088412
67,2.2333333333333334,30.0,67,25,0.91731,True,0.022484,-0.406399,0.066128,0.010011,-0.402537,0.079559
67,2.2333333333333334,30.0,67,26,0.704729,True,0.349896,0.038338,-0.036781,0.366165,0.041017,0.025896
67,2.2333333333333334,30.0,67,27,0.940845,True,0.069038,-0.758714,0.048421,0.062862,-0.747196,0.060205
67,2.2333333333333334,30.0,67,28,0.639363,True,0.239131,-0.294477,0.033064,0.240574,-0.270587,0.081627
67,2.2333333333333334,30.0,67,29,0.910656,True,0.047082,-0.799105,0.055828,0.043131,-0.786312,0.069291
67,2.2333333333333334,30.0,67,30,0.65494,True,0.224145,-0.325037,0.013932,0.2226,-0.299484,0.060322
67,2.2333333333333334,30.0,67,31,0.910452,True,0.05732,-0.839864,0.091762,0.03483,-0.837077,0.108271
67,2.2333333333333334,30.0,67,32,0.593373,True,0.284198,-0.398152,0.081377,0.283095,-0.373778,0.137656
68,2.2666666666666666,30.0,68,0,0.999925,True,0.112576,0.574958,-0.085539,0.097189,0.582792,-0.124683
68,2.2666666666666666,30.0,68,1,0.999923,True,0.088625,0.594474,-0.074623,0.07973,0.601086,-0.106376
68,2.2666666666666666,30.0,68,2,0.99992,True,0.091074,0.598177,-0.062848,0.08208,0.605138,-0.093941
68,2.2666666666666666,30.0,68,3,0.999938,True,0.090203,0.596584,-0.065847,0.08117,0.603281,-0.096841
68,2.2666666666666666,30.0,68,4,0.99995,True,0.102834,0.604344,-0.109896,0.090624,0.612513,-0.142629
68,2.2666666666666666,30.0,68,5,0.999955,True,0.103224,0.599375,-0.119299,0.090701,0.607095,-0.151929
68,2.2666666666666666,30.0,68,6,0.999955,True,0.110894,0.590529,-0.09834,0.09823,0.597779,-0.130718
68,2.2666666666666666,30.0,68,7,0.999961,True,0.022373,0.578022,0.02112,0.024603,0.578725,0.014573
68,2.2666666666666666,30.0,68,8,0.999917,True,0.010871,0.514941,-0.076162,-0.0114,0.519815,-0.091751
68,2.2666666666666666,30.0,68,9,0.999757,True,0.095316,0.562675,-0.033982,0.089833,0.566392,-0.060699
68,2.2666666666666666,30.0,68,10,0.999761,True,0.094446,0.524004,-0.090655,0.083148,0.530416,-0.119844
68,2.2666666666666666,30.0,68,11,0.99989,True,-0.056255,0.426633,0.17962,-0.080716,0.430354,0.170373
68,2.2666666666666666,30.0,68,12,0.999803,True,0.093037,0.488049,-0.021196,0.088097,0.490726,-0.020061
68,2.2666666666666666,30.0,68,13,0.620053,True,0.039962,0.329505,0.322551,0.053701,0.356851,0.337564
68,2.2666666666666666,30.0,68,14,0.665241,True,0.25943,0.324243,-0.0749,0.252773,0.338274,-0.086808
68,2.2666666666666666,30.0,68,15,0.4615,True,0.172712,0.30368,0.497815,0.170676,0.360268,0.538768
68,2.2666666666666666,30.0,68,16,0.47347,True,0.385389,0.303094,0.012694,0.403147,0.30958,-0.015563
68,2.2666666666666666,30.0,68,17,0.460381,True,0.171674,0.33049,0.539279,0.162392,0.396259,0.580481
68,2.2666666666666666,30.0,68,18,0.4661,True,0.436953,0.327475,-0.021291,0.459132,0.333495,-0.05178
68,2.2666666666666666,30.0,68,19,0.460878,True,0.175555,0.331229,0.530517,0.166409,0.396993,0.572597
68,2.2666666666666666,30.0,68,20,0.462853,True,0.453603,0.353814,0.005044,0.47659,0.360368,-0.026697
68,2.2666666666666666,30.0,68,21,0.44806,True,0.187339,0.291815,0.498001,0.184753,0.350827,0.540416
68,2.2666666666666666,30.0,68,22,0.441364,True,0.389118,0.315579,0.022171,0.407099,0.322785,-0.008354
68,2.2666666666666666,30.0,68,23,0.999953,True,-0.042662,-0.027377,0.094782,-0.057322,-0.027497,0.094411
68,2.2666666666666666,30.0,68,24,0.999899,True,0.044306,0.03043,-0.09343,0.058665,0.030258,-0.092517
68,2.2666666666666666,30.0,68,25,0.924166,True,0.047211,-0.409147,0.054454,0.042971,-0.414207,0.055215
68,2.2666666666666666,30.0,68,26,0.732391,True,0.287585,0.003387,-0.134393,0.301742,0.022513,-0.060939
68,2.2666666666666666,30.0,68,27,0.946229,True,0.064861,-0.773499,0.060339,0.067357,-0.793517,0.059949
68,2.2666666666666666,30.0,68,28,0.673894,True,0.225982,-0.326201,-0.052347,0.249615,-0.325832,0.015241
68,2.2666666666666666,30.0,68,29,0.91879,True,0.040066,-0.815317,0.070118,0.04627,-0.836713,0.068933
68,2.2666666666666666,30.0,68,30,0.685286,True,0.218045,-0.355296,-0.073656,0.243131,-0.357343,-0.009543
68,2.2666666666666666,30.0,68,31,0.918637,True,0.070162,-0.853414,0.088961,0.087422,-0.861204,0.087293
68,2.2666666666666666,30.0,68,32,0.631861,True,0.301811,-0.416489,-0.044016,0.341841,-0.405149,0.018065
69,2.3,30.0,69,0,0.999932,True,0.106986,0.563492,-0.158346,0.100925,0.571401,-0.158612
69,2.3,30.0,69,1,0.99993,True,0.090339,0.584593,-0.14146,0.088682,0.591175,-0.140492
69,2.3,30.0,69,2,0.999928,True,0.09335,0.586576,-0.130093,0.091882,0.592408,-0.12906
69,2.3,30.0,69,3,0.999944,True,0.09229,0.585803,-0.132794,0.090791,0.592028,-0.13105
69,2.3,30.0,69,4,0.999955,True,0.094312,0.592492,-0.173797,0.084355,0.601031,-0.171127
69,2.3,30.0,69,5,0.999959,True,0.097172,0.588266,-0.184058,0.085356,0.597473,-0.180529
69,2.3,30.0,69,6,0.99996,True,0.102161,0.579576,-0.16276,0.091235,0.588669,-0.159416
69,2.3,30.0,69,7,0.999964,True,0.05118,0.576525,-0.0096,0.062762,0.578755,-0.002222
69,2.3,30.0,69,8,0.999925,True,-0.015263,0.508641,-0.104534,-0.020134,0.515539,-0.09692
69,2.3,30.0,69,9,0.999772,True,0.10323,0.556741,-0.095518,0.106383,0.563882,-0.090724
69,2.3,30.0,69,10,0.999781,True,0.088328,0.515035,-0.149746,0.083814,0.522977,-0.143902
69,2.3,30.0,69,11,0.999828,True,0.005498,0.431053,0.16914,-0.003835,0.433186,0.181817
69,2.3,30.0,69,12,0.999817,True,0.052079,0.486789,-0.033361,0.067391,0.494077,-0.014303
69,2.3,30.0,69,13,0.560413,True,0.127602,0.324125,0.303785,0.090747,0.342899,0.360308
69,2.3,30.0,69,14,0.697246,True,0.221482,0.320555,-0.112789,0.230564,0.334523,-0.12202
69,2.3,30.0,69,15,0.422352,True,0.264,0.245832,0.438744,0.213987,0.247129,0.568727
69,2.3,30.0,69,16,0.525891,True,0.410957,0.286614,-0.101699,0.429189,0.302249,-0.164134
69,2.3,30.0,69,17,0.424363,True,0.269398,0.261312,0.475113,0.210739,0.264908,0.619257
69,2.3,30.0,69,18,0.519133,True,0.476289,0.307589,-0.1531,0.492044,0.332374,-0.223217
69,2.3,30.0,69,19,0.424796,True,0.272248,0.259759,0.459705,0.222021,0.26087,0.609335
69,2.3,30.0,69,20,0.51619,True,0.525872,0.339942,-0.13206,0.530463,0.356759,-0.204428
69,2.3,30.0,69,21,0.412119,True,0.278277,0.228865,0.437437,0.23111,0.228216,0.573847
69,2.3,30.0,69,22,0.496235,True,0.433819,0.299949,-0.097499,0.444057,0.313781,-0.163311
69,2.3,30.0,69,23,0.999951,True,-0.013545,-0.025401,0.099618,-0.023731,-0.026124,0.097651
69,2.3,30.0,69,24,0.999905,True,0.015201,0.029269,-0.096681,0.024987,0.030049,-0.094555
69,2.3,30.0,69,25,0.930608,True,0.067052,-0.4107,0.040292,0.078617,-0.413286,0.041062
69,2.3,30.0,69,26,0.758994,True,0.201384,-0.025498,-0.237659,0.22903,-0.037161,-0.311337
69,2.3,30.0,69,27,0.951374,True,0.052637,-0.782404,0.06848,0.066248,-0.7899,0.066363
69,2.3,30.0,69,28,0.706231,True,0.173052,-0.32264,-0.191973,0.200142,-0.36144,-0.245592
69,2.3,30.0,69,29,0.926569,True,0.025191,-0.824749,0.080353,0.037056,-0.833425,0.077699
69,2.3,30.0,69,30,0.71601,True,0.170608,-0.346869,-0.220172,0.196454,-0.389437,-0.270691
69,2.3,30.0,69,31,0.926434,True,0.075582,-0.861401,0.081276,0.086205,-0.868723,0.080537
69,2.3,30.0,69,32,0.668349,True,0.273035,-0.394237,-0.229369,0.277782,-0.409211,-0.292874
70,2.3333333333333335,30.0,70,0,0.999931,True,0.090748,0.556302,-0.207923,0.086981,0.551548,-0.221464
70,2.3333333333333335,30.0,70,1,0.999929,True,0.081752,0.578639,-0.189572,0.076965,0.575689,-0.206581
70,2.3333333333333335,30.0,70,2,0.999921,True,0.085476,0.578887,-0.178712,0.080111,0.574816,-0.19526
70,2.3333333333333335,30.0,70,3,0.999938,True,0.084243,0.579072,-0.181316,0.078918,0.57563,-0.199191
70,2.3333333333333335,30.0,70,4,0.999956,True,0.077876,0.584901,-0.218431,0.07815,0.578967,-0.232097
70,2.3333333333333335,30.0,70,5,0.99996,True,0.082746,0.581578,-0.229576,0.083466,0.576569,-0.243694
70,2.3333333333333335,30.0,70,6,0.999961,True,0.085966,0.572991,-0.207811,0.08725,0.568553,-0.222005
70,2.3333333333333335,30.0,70,7,0.999945,True,0.069768,0.574699,-0.044102,0.067085,0.578728,-0.063501
70,2.3333333333333335,30.0,70,8,0.999924,True,-0.035763,0.504631,-0.127258,-0.036359,0.502412,-0.142052
70,2.3333333333333335,30.0,70,9,0.999729,True,0.098369,0.55294,-0.142482,0.095892,0.554353,-0.157884
70,2.3333333333333335,30.0,70,10,0.999751,True,0.07238,0.509417,-0.192558,0.076291,0.506738,-0.205081
70,2.3333333333333335,30.0,70,11,0.999793,True,0.070634,0.433785,0.140619,0.071332,0.442247,0.138489
70,2.3333333333333335,30.0,70,12,0.999827,True,0.006296,0.483762,-0.040933,0.035472,0.485515,-0.071141
70,2.3333333333333335,30.0,70,13,0.507744,True,0.2131,0.311709,0.2499,0.137756,0.290763,0.258216
70,2.3333333333333335,30.0,70,14,0.724342,True,0.167965,0.306003,-0.147989,0.229219,0.308142,-0.171175
70,2.3333333333333335,30.0,70,15,0.385272,True,0.364677,0.192855,0.338482,0.247411,0.115401,0.327154
70,2.3333333333333335,30.0,70,16,0.572363,True,0.381446,0.269375,-0.219136,0.428541,0.257896,-0.224925
70,2.3333333333333335,30.0,70,17,0.389897,True,0.382194,0.19795,0.36698,0.256413,0.100229,0.357583
70,2.3333333333333335,30.0,70,18,0.56578,True,0.452263,0.286323,-0.284693,0.493541,0.26944,-0.291144
70,2.3333333333333335,30.0,70,19,0.390619,True,0.382229,0.195512,0.343573,0.266249,0.092285,0.336306
70,2.3333333333333335,30.0,70,20,0.563099,True,0.538451,0.327121,-0.271913,0.528929,0.315117,-0.280187
70,2.3333333333333335,30.0,70,21,0.377621,True,0.378623,0.171523,0.333112,0.263709,0.088953,0.325956
70,2.3333333333333335,30.0,70,22,0.543115,True,0.422396,0.284296,-0.221518,0.447187,0.272877,-0.227069
70,2.3333333333333335,30.0,70,23,0.999952,True,0.019568,-0.023135,0.100522,0.016834,-0.022673,0.100002
70,2.3333333333333335,30.0,70,24,0.999912,True,-0.018095,0.027826,-0.095457,-0.014489,0.027612,-0.097226
70,2.3333333333333335,30.0,70,25,0.927381,True,0.076562,-0.410344,0.027403,0.087835,-0.41365,0.032971
70,2.3333333333333335,30.0,70,26,0.782454,True,0.103511,-0.037443,-0.320243,0.08872,-0.059193,-0.384647
70,2.3333333333333335,30.0,70,27,0.954968,True,0.034005,-0.783031,0.072068,0.029529,-0.785792,0.083292
70,2.3333333333333335,30.0,70,28,0.733704,True,0.079755,-0.269957,-0.360553,0.125243,-0.399383,-0.27091
70,2.3333333333333335,30.0,70,29,0.931591,True,0.004902,-0.824968,0.085167,-0.004339,-0.828242,0.098206
70,2.3333333333333335,30.0,70,30,0.73924,True,0.079209,-0.285398,-0.399885,0.137088,-0.428902,-0.292992
70,2.3333333333333335,30.0,70,31,0.932113,True,0.072252,-0.861526,0.069197,0.072928,-0.86564,0.081273
70,2.3333333333333335,30.0,70,32,0.699834,True,0.18436,-0.311295,-0.4437665467436253,0.229103,-0.447988,-0.336103
71,2.3666666666666667,30.0,71,0,0.999936,True,0.074135,0.555511,-0.235283,0.082266,0.556636,-0.230316
71,2.3666666666666667,30.0,71,1,0.999933,True,0.072667,0.578607,-0.217639,0.07116,0.579105,-0.21455
71,2.3666666666666667,30.0,71,2,0.999924,True,0.076976,0.577537,-0.207297,0.074719,0.578697,-0.205049
71,2.3666666666666667,30.0,71,3,0.999942,True,0.075561,0.578641,-0.209915,0.073551,0.579368,-0.207333
71,2.3666666666666667,30.0,71,4,0.999959,True,0.06238,0.584195,-0.243745,0.07037,0.584152,-0.241099
71,2.3666666666666667,30.0,71,5,0.999963,True,0.068536,0.581784,-0.25568,0.078071,0.58131,-0.253207
71,2.3666666666666667,30.0,71,6,0.999964,True,0.070768,0.5732,-0.233444,0.079711,0.572374,-0.230899
71,2.3666666666666667,30.0,71,7,0.999947,True,0.082299,0.573875,-0.075063,0.083207,0.576741,-0.080899
71,2.3666666666666667,30.0,71,8,0.999919,True,-0.047114,0.505556,-0.142687,-0.038275,0.504803,-0.143959
71,2.3666666666666667,30.0,71,9,0.999742,True,0.089529,0.552406,-0.173115,0.087802,0.554179,-0.173511
71,2.3666666666666667,30.0,71,10,0.99976,True,0.05564,0.508996,-0.219225,0.059788,0.509787,-0.218827
71,2.3666666666666667,30.0,71,11,0.999813,True,0.130462,0.433972,0.102074,0.166948,0.436009,0.08584
71,2.3666666666666667,30.0,71,12,0.999833,True,-0.03509,0.481243,-0.045045,-0.068943,0.481608,-0.045312
71,2.3666666666666667,30.0,71,13,0.547952,True,0.292171,0.29985,0.17559,0.367187,0.292708,0.120869
71,2.3666666666666667,30.0,71,14,0.692331,True,0.100725,0.290713,-0.185205,0.046607,0.27701,-0.184264
71,2.3666666666666667,30.0,71,15,0.44339,True,0.466236,0.163288,0.220998,0.586089,0.169186,0.120965
71,2.3666666666666667,30.0,71,16,0.591835,True,0.295038,0.26077,-0.332409,0.2435,0.256345,-0.353906
71,2.3666666666666667,30.0,71,17,0.446164,True,0.49746,0.160637,0.241243,0.633904,0.166263,0.129398
71,2.3666666666666667,30.0,71,18,0.592296,True,0.360945,0.273064,-0.407555,0.315505,0.266304,-0.429956
71,2.3666666666666667,30.0,71,19,0.447607,True,0.493073,0.159831,0.209674,0.619983,0.167945,0.091745
71,2.3666666666666667,30.0,71,20,0.590577,True,0.474665,0.322059,-0.402644,0.468678,0.316964,-0.431372
71,2.3666666666666667,30.0,71,21,0.435927,True,0.479547,0.139296,0.210027,0.5971,0.145811,0.102693
71,2.3666666666666667,30.0,71,22,0.562888,True,0.347014,0.277064,-0.3408,0.327667,0.273545,-0.365253
71,2.3666666666666667,30.0,71,23,0.999956,True,0.050223,-0.021188,0.09782,0.06939,-0.021085,0.098916
71,2.3666666666666667,30.0,71,24,0.999919,True,-0.049053,0.026506,-0.090471,-0.068274,0.026569,-0.09126
71,2.3666666666666667,30.0,71,25,0.923349,True,0.074612,-0.409523,0.019017,0.080001,-0.412955,0.017861
71,2.3666666666666667,30.0,71,26,0.796877,True,0.008341,-0.029271,-0.363001,-0.035577,-0.050302,-0.346042
71,2.3666666666666667,30.0,71,27,0.941491,True,0.012231,-0.778921,0.071906,0.00105,-0.780978,0.072704
71,2.3666666666666667,30.0,71,28,0.743535,True,-0.044961,-0.180666,-0.50815,-0.155201,-0.089175,-0.569411
71,2.3666666666666667,30.0,71,29,0.92592,True,-0.017194,-0.820006,0.085188,-0.028504,-0.821795,0.0859
71,2.3666666666666667,30.0,71,30,0.742872,True,-0.048085,-0.185288,-0.559621,-0.168242,-0.077559,-0.630161
71,2.3666666666666667,30.0,71,31,0.925492,True,0.061612,-0.856134,0.05443,0.055853,-0.854706,0.053518
71,2.3666666666666667,30.0,71,32,0.722883,False,0.038282,-0.178181,-0.626885,-0.176564,0.025673,-0.698547
72,2.4,30.0,72,0,0.99994,True,0.063532,0.562744,-0.249162,0.052635,0.557332,-0.242416
72,2.4,30.0,72,1,0.999937,True,0.069328,0.585928,-0.232123,0.062185,0.579729,-0.226643
72,2.4,30.0,72,2,0.999925,True,0.07377,0.584138,-0.222277,0.068119,0.578577,-0.217314
72,2.4,30.0,72,3,0.999945,True,0.072181,0.586003,-0.224897,0.066333,0.579801,-0.219434
72,2.4,30.0,72,4,0.999961,True,0.053018,0.592034,-0.256497,0.041774,0.58607,-0.252286
72,2.4,30.0,72,5,0.999964,True,0.059655,0.590497,-0.269002,0.047901,0.583639,-0.264516
72,2.4,30.0,72,6,0.999966,True,0.061418,0.581745,-0.246431,0.04969,0.574875,-0.241884
72,2.4,30.0,72,7,0.999946,True,0.093644,0.576037,-0.099881,0.078877,0.56918,-0.097149
72,2.4,30.0,72,8,0.999911,True,-0.049626,0.513295,-0.152575,-0.053058,0.506635,-0.148399
72,2.4,30.0,72,9,0.999749,True,0.08411,0.556844,-0.192152,0.075,0.549541,-0.187187
72,2.4,30.0,72,10,0.999762,True,0.044875,0.515404,-0.235388,0.031432,0.509566,-0.2302
72,2.4,30.0,72,11,0.99983,True,0.177722,0.432909,0.06084,0.167007,0.425954,0.061179
72,2.4,30.0,72,12,0.999832,True,-0.063271,0.482143,-0.047783,-0.088248,0.474827,-0.034553
72,2.4,30.0,72,13,0.573952,True,0.356987,0.295914,0.099802,0.378775,0.293088,0.08942
72,2.4,30.0,72,14,0.642886,True,0.025753,0.285601,-0.226719,0.018754,0.275593,-0.162389
72,2.4,30.0,72,15,0.487933,True,0.552316,0.163863,0.115087,0.583831,0.175584,0.096786
72,2.4,30.0,72,16,0.57869,True,0.163998,0.267614,-0.435463,0.173317,0.257703,-0.309482
72,2.4,30.0,72,17,0.487328,True,0.594245,0.155922,0.129583,0.631316,0.176861,0.107331
72,2.4,30.0,72,18,0.589039,True,0.215087,0.275093,-0.515621,0.237089,0.268027,-0.38045
72,2.4,30.0,72,19,0.490713,True,0.58581,0.159047,0.091228,0.615881,0.181463,0.070802
72,2.4,30.0,72,20,0.588166,True,0.336233,0.329491,-0.516305,0.426083,0.320827,-0.382205
72,2.4,30.0,72,21,0.480108,True,0.564905,0.138943,0.098889,0.594211,0.152928,0.078569
72,2.4,30.0,72,22,0.550756,True,0.215788,0.28427,-0.448276,0.240085,0.274601,-0.321049
72,2.4,30.0,72,23,0.99996,True,0.07238,-0.020262,0.091545,0.078712,-0.021011,0.092457
72,2.4,30.0,72,24,0.999925,True,-0.071485,0.025901,-0.082406,-0.077957,0.026634,-0.082305
72,2.4,30.0,72,25,0.914958,True,0.065212,-0.410715,0.015599,0.066115,-0.403574,-0.001255
72,2.4,30.0,72,26,0.805499,True,-0.074429,-0.005006,-0.364764,-0.074805,0.037571,-0.355149
72,2.4,30.0,72,27,0.920808,True,-0.009234,-0.776973,0.069702,-0.006996,-0.765793,0.066653
72,2.4,30.0,72,28,0.747531,True,-0.188854,-0.085692,-0.584355,-0.184241,-0.035446,-0.6205
72,2.4,30.0,72,29,0.913293,True,-0.038078,-0.817419,0.082471,-0.034611,-0.804481,0.080227
72,2.4,30.0,72,30,0.739332,True,-0.198632,-0.080953,-0.644214,-0.195838,-0.031708,-0.685043
72,2.4,30.0,72,31,0.911831,True,0.046941,-0.850382,0.039189,0.041461,-0.84498,0.030138
72,2.4,30.0,72,32,0.741342,True,-0.14853,-0.033034,-0.727082,-0.197832,0.071389,-0.765147
73,2.433333333333333,30.0,73,0,0.999946,True,0.059977,0.576992,-0.259258,0.05366,0.562266,-0.234197
73,2.433333333333333,30.0,73,1,0.999943,True,0.072149,0.599534,-0.241763,0.06649,0.587083,-0.21862
73,2.433333333333333,30.0,73,2,0.999933,True,0.076113,0.597553,-0.232429,0.071646,0.583863,-0.208579
73,2.433333333333333,30.0,73,3,0.99995,True,0.074408,0.599948,-0.234954,0.069905,0.587032,-0.211276
73,2.433333333333333,30.0,73,4,0.999965,True,0.050246,0.606951,-0.264946,0.043893,0.593244,-0.24255
73,2.433333333333333,30.0,73,5,0.999968,True,0.056645,0.606225,-0.277675,0.050069,0.59252,-0.255147
73,2.433333333333333,30.0,73,6,0.999969,True,0.058261,0.597074,-0.255029,0.051902,0.584176,-0.232535
73,2.433333333333333,30.0,73,7,0.999952,True,0.105985,0.582187,-0.120024,0.098847,0.57071,-0.104229
73,2.433333333333333,30.0,73,8,0.999919,True,-0.045925,0.526903,-0.159919,-0.050625,0.51216,-0.143985
73,2.433333333333333,30.0,73,9,0.999774,True,0.084889,0.566435,-0.206369,0.078475,0.552292,-0.183611
73,2.433333333333333,30.0,73,10,0.999785,True,0.042309,0.52797,-0.24755,0.035424,0.512909,-0.225594
73,2.433333333333333,30.0,73,11,0.999847,True,0.209465,0.432558,0.021995,0.194113,0.424,0.037434
73,2.433333333333333,30.0,73,12,0.999846,True,-0.075102,0.487816,-0.05029,-0.063247,0.475165,-0.031144
73,2.433333333333333,30.0,73,13,0.615057,True,0.40122,0.302663,0.036902,0.374839,0.294187,0.05444
73,2.433333333333333,30.0,73,14,0.632832,True,-0.049807,0.295942,-0.264864,-0.035385,0.277038,-0.246589
73,2.433333333333333,30.0,73,15,0.538575,True,0.610207,0.188159,0.039249,0.585224,0.188968,0.069686
73,2.433333333333333,30.0,73,16,0.598181,True,0.008085,0.28979,-0.513148,0.01605,0.273834,-0.501116
73,2.433333333333333,30.0,73,17,0.537607,True,0.657515,0.176419,0.051896,0.6304,0.189692,0.084847
73,2.433333333333333,30.0,73,18,0.612813,True,0.037602,0.292993,-0.593876,0.035675,0.280234,-0.582951
73,2.433333333333333,30.0,73,19,0.540853,True,0.647429,0.184492,0.00924,0.624563,0.197122,0.039389
73,2.433333333333333,30.0,73,20,0.61216,True,0.14402,0.348712,-0.598501,0.105508,0.340867,-0.584607
73,2.433333333333333,30.0,73,21,0.5313,True,0.622378,0.163504,0.019635,0.598877,0.167325,0.049676
73,2.433333333333333,30.0,73,22,0.570231,True,0.048915,0.30547,-0.528889,0.041687,0.29152,-0.516154
73,2.433333333333333,30.0,73,23,0.999964,True,0.083603,-0.021012,0.081582,0.077146,-0.021071,0.080418
73,2.433333333333333,30.0,73,24,0.999932,True,-0.082813,0.026672,-0.07175,-0.076904,0.026746,-0.069501
73,2.433333333333333,30.0,73,25,0.921288,True,0.054288,-0.415007,0.012214,0.024373,-0.400795,-0.00261
73,2.433333333333333,30.0,73,26,0.822367,True,-0.143501,0.027636,-0.338461,-0.108336,0.033437,-0.338784
73,2.433333333333333,30.0,73,27,0.92159,True,-0.02794,-0.782376,0.065205,-0.023712,-0.765391,0.041814
73,2.433333333333333,30.0,73,28,0.765851,True,-0.341163,-0.015447,-0.563353,-0.256864,0.006647,-0.64195
73,2.433333333333333,30.0,73,29,0.915688,True,-0.056099,-0.822702,0.077435,-0.047317,-0.804168,0.053111
73,2.433333333333333,30.0,73,30,0.754366,True,-0.360387,-0.006016,-0.624348,-0.270252,0.01752,-0.714048
73,2.433333333333333,30.0,73,31,0.91557,True,0.030886,-0.848695,0.023415,0.027749,-0.838497,0.008435
73,2.433333333333333,30.0,73,32,0.764825,True,-0.35233208548399225,0.080212,-0.714853,-0.286399,0.161677,-0.79457
74,2.466666666666667,30.0,74,0,0.999951,True,0.060071,0.593885,-0.271641,0.062489,0.606635,-0.287904
74,2.466666666666667,30.0,74,1,0.999949,True,0.076778,0.615253,-0.253087,0.083316,0.627437,-0.265489
74,2.466666666666667,30.0,74,2,0.999939,True,0.079777,0.613414,-0.244326,0.084946,0.62619,-0.256096
74,2.466666666666667,30.0,74,3,0.999955,True,0.078064,0.616051,-0.246621,0.083316,0.62864,-0.25883
74,2.466666666666667,30.0,74,4,0.999968,True,0.050697,0.623948,-0.274927,0.053825,0.638364,-0.285489
74,2.466666666666667,30.0,74,5,0.999971,True,0.056346,0.6239,-0.287469,0.058935,0.639025,-0.298448
74,2.466666666666667,30.0,74,6,0.999972,True,0.058031,0.614071,-0.265076,0.060678,0.62787,-0.276148
74,2.466666666666667,30.0,74,7,0.999956,True,0.117779,0.591057,-0.138732,0.133669,0.60127,-0.14076
74,2.466666666666667,30.0,74,8,0.999927,True,-0.039585,0.542255,-0.167103,-0.039935,0.561492,-0.168111
74,2.466666666666667,30.0,74,9,0.999796,True,0.089674,0.578465,-0.220963,0.096102,0.589929,-0.233164
74,2.466666666666667,30.0,74,10,0.999806,True,0.045404,0.542865,-0.259985,0.048642,0.557083,-0.271151
74,2.466666666666667,30.0,74,11,0.999862,True,0.226899,0.433638,-0.012073,0.240015,0.439976,-0.014739
74,2.466666666666667,30.0,74,12,0.999851,True,-0.074785,0.496751,-0.051766,-0.068863,0.510174,-0.060038
74,2.466666666666667,30.0,74,13,0.653158,True,0.424793,0.317496,-0.008111,0.435392,0.33294,0.0022
74,2.466666666666667,30.0,74,14,0.652434,True,-0.120852,0.318802,-0.28249,-0.125823,0.340083,-0.323808
74,2.466666666666667,30.0,74,15,0.584602,True,0.639962,0.2231,-0.004677,0.642801,0.238628,0.021427
74,2.466666666666667,30.0,74,16,0.627837,True,-0.152244,0.319744,-0.541892,-0.162908,0.337327,-0.62183
74,2.466666666666667,30.0,74,17,0.583602,True,0.688348,0.208916,0.009186,0.687076,0.215281,0.036155
74,2.466666666666667,30.0,74,18,0.640495,True,-0.146154,0.319794,-0.618495,-0.15972,0.331305,-0.701543
74,2.466666666666667,30.0,74,19,0.586579,True,0.67966,0.221384,-0.035215,0.676839,0.226282,-0.006524
74,2.466666666666667,30.0,74,20,0.640681,True,-0.06657384538519046,0.373211,-0.627546,-0.103929,0.385024,-0.70794
74,2.466666666666667,30.0,74,21,0.577943,True,0.652269,0.199411,-0.025757,0.655112,0.21205,0.002372
74,2.466666666666667,30.0,74,22,0.597358,True,-0.128268,0.333367,-0.559761,-0.146245,0.349327,-0.639188
74,2.466666666666667,30.0,74,23,0.999967,True,0.085753,-0.023747,0.067979,0.083716,-0.022072,0.066169
74,2.466666666666667,30.0,74,24,0.999934,True,-0.084835,0.029214,-0.058761,-0.082693,0.027325,-0.056869
74,2.466666666666667,30.0,74,25,0.928702,True,0.045214,-0.420462,-0.000686,0.045533,-0.426961,0.012775
74,2.466666666666667,30.0,74,26,0.83745,True,-0.203344,0.061196,-0.298284,-0.226602,0.035894,-0.226022
74,2.466666666666667,30.0,74,27,0.929232,True,-0.04288,-0.794929,0.05419,-0.036842,-0.799458,0.057566
74,2.466666666666667,30.0,74,28,0.787512,False,-0.491563,0.01525,-0.455737,-0.531306,-0.024248,-0.167453
74,2.466666666666667,30.0,74,29,0.923418,True,-0.070729,-0.835382,0.06639,-0.065107,-0.840886,0.068333
74,2.466666666666667,30.0,74,30,0.774423,False,-0.521294,0.023335,-0.51061,-0.561872,-0.018862,-0.204613
74,2.466666666666667,30.0,74,31,0.92376,True,0.013792,-0.852004,0.003083,0.019726,-0.850885,0.007594
74,2.466666666666667,30.0,74,32,0.787089,False,-0.55045,0.135299,-0.601731,-0.59947,0.07754,-0.283941
75,2.5,30.0,75,0,0.999956,True,0.058614,0.607355,-0.288538,0.065252,0.615228,-0.300326
75,2.5,30.0,75,1,0.999954,True,0.077483,0.627419,-0.269379,0.083346,0.634092,-0.280994
75,2.5,30.0,75,2,0.999945,True,0.079363,0.625844,-0.261211,0.084519,0.632709,-0.272941
75,2.5,30.0,75,3,0.99996,True,0.077766,0.628419,-0.263164,0.082817,0.635386,-0.274717
75,2.5,30.0,75,4,0.999971,True,0.049547,0.636597,-0.289357,0.056933,0.643517,-0.303047
75,2.5,30.0,75,5,0.999974,True,0.054175,0.637015,-0.301354,0.061903,0.644321,-0.315351
75,2.5,30.0,75,6,0.999975,True,0.056094,0.626191,-0.279507,0.063885,0.633445,-0.292956
75,2.5,30.0,75,7,0.999961,True,0.125535,0.599306,-0.15929,0.125432,0.599747,-0.175367
75,2.5,30.0,75,8,0.999934,True,-0.034143,0.553901,-0.176107,-0.029437,0.557419,-0.200083
75,2.5,30.0,75,9,0.999817,True,0.09365,0.588165,-0.238749,0.098383,0.593886,-0.251266
75,2.5,30.0,75,10,0.999825,True,0.048879,0.554562,-0.274805,0.056672,0.560695,-0.290975
75,2.5,30.0,75,11,0.999876,True,0.23323,0.434973,-0.041554,0.223357,0.435221,-0.066482
75,2.5,30.0,75,12,0.999865,True,-0.070526,0.505272,-0.051157,-0.06151,0.506765,-0.075732
75,2.5,30.0,75,13,0.687778,True,0.433596,0.33508,-0.038413,0.415757,0.334706,-0.064725
75,2.5,30.0,75,14,0.685822,True,-0.184558,0.345647,-0.264487,-0.180309,0.345364,-0.307815
75,2.5,30.0,75,15,0.626098,True,0.652924,0.256824,-0.026542,0.632168,0.255813,-0.04788
75,2.5,30.0,75,16,0.664695,True,-0.299264,0.346202,-0.506131,-0.300442,0.353218,-0.598246
75,2.5,30.0,75,17,0.625126,True,0.701203,0.242509,-0.010484,0.680606,0.235182,-0.027297
75,2.5,30.0,75,18,0.675982,True,-0.313581,0.344408,-0.574026,-0.315183,0.353287,-0.670701
75,2.5,30.0,75,19,0.627829,True,0.696178,0.257629,-0.054987,0.680946,0.25441,-0.07246
75,2.5,30.0,75,20,0.676186,True,-0.265308,0.393541,-0.58963,-0.272729,0.400982,-0.689958
75,2.5,30.0,75,21,0.620043,True,0.666011,0.234575,-0.048043,0.647597,0.233082,-0.068956
75,2.5,30.0,75,22,0.636914,True,-0.291713,0.35727,-0.525922,-0.295012,0.364753,-0.620733
75,2.5,30.0,75,23,0.99997,True,0.083041,-0.028141,0.051484,0.079553,-0.026326,0.053408
75,2.5,30.0,75,24,0.99994,True,-0.081822,0.033305,-0.043861,-0.078283,0.031496,-0.046102
75,2.5,30.0,75,25,0.935796,True,0.037251,-0.422952,-0.031531,0.048688,-0.428998,-0.016624
75,2.5,30.0,75,26,0.853594,True,-0.257612,0.090236,-0.251557,-0.232014,0.094074,-0.286548
75,2.5,30.0,75,27,0.936283,True,-0.054244,-0.809277,0.030361,-0.072233,-0.821607,0.033531
75,2.5,30.0,75,28,0.808594,True,-0.62539,0.008637,-0.300987,-0.614892,-0.00723,-0.225888
75,2.5,30.0,75,29,0.93096,True,-0.082075,-0.849506,0.043011,-0.103976,-0.863945,0.045
75,2.5,30.0,75,30,0.796212,True,-0.664644,0.010216,-0.345802,-0.654947,-0.004739,-0.260945
75,2.5,30.0,75,31,0.931352,True,-0.005603,-0.857588,-0.027653,-0.013156,-0.867149,-0.029199
75,2.5,30.0,75,32,0.808275,True,-0.718866,0.131532,-0.431374,-0.696271,0.103928,-0.366492
76,2.533333333333333,30.0,76,0,0.99996,True,0.052029,0.6126,-0.310531,0.064202,0.610388,-0.313602
76,2.533333333333333,30.0,76,1,0.999958,True,0.071002,0.631643,-0.29196,0.080436,0.629699,-0.294407
76,2.533333333333333,30.0,76,2,0.999951,True,0.071951,0.630309,-0.284254,0.082234,0.628529,-0.287321
76,2.533333333333333,30.0,76,3,0.999964,True,0.070563,0.632572,-0.285838,0.080613,0.630814,-0.2889
76,2.533333333333333,30.0,76,4,0.999974,True,0.043556,0.640225,-0.309725,0.053341,0.638796,-0.31321
76,2.533333333333333,30.0,76,5,0.999976,True,0.047119,0.640882,-0.321015,0.05758,0.638896,-0.324465
76,2.533333333333333,30.0,76,6,0.999977,True,0.049404,0.628788,-0.299859,0.059564,0.628592,-0.303226
76,2.533333333333333,30.0,76,7,0.999965,True,0.126889,0.603214,-0.184331,0.130546,0.603569,-0.182998
76,2.533333333333333,30.0,76,8,0.999941,True,-0.032027,0.557812,-0.189649,-0.027753,0.553741,-0.193537
76,2.533333333333333,30.0,76,9,0.999835,True,0.09289,0.591251,-0.261178,0.098875,0.591179,-0.262058
76,2.533333333333333,30.0,76,10,0.999843,True,0.048201,0.558616,-0.293592,0.056689,0.556786,-0.295666
76,2.533333333333333,30.0,76,11,0.999888,True,0.232011,0.434479,-0.068453,0.242089,0.436129,-0.055087
76,2.533333333333333,30.0,76,12,0.999878,True,-0.069068,0.50965,-0.050129,-0.063197,0.509591,-0.06329
76,2.533333333333333,30.0,76,13,0.718978,True,0.435269,0.350438,-0.061012,0.442037,0.350663,-0.046654
76,2.533333333333333,30.0,76,14,0.717086,True,-0.238566,0.367586,-0.211912,-0.223217,0.378707,-0.272758
76,2.533333333333333,30.0,76,15,0.663482,True,0.661755,0.282186,-0.03971,0.669356,0.272245,-0.03714
76,2.533333333333333,30.0,76,16,0.698155,True,-0.419145,0.359561,-0.416136,-0.398046,0.364795,-0.433574
76,2.533333333333333,30.0,76,17,0.662593,True,0.711378,0.270717,-0.022296,0.717699,0.257226,-0.017864
76,2.533333333333333,30.0,76,18,0.708246,True,-0.44775,0.356888,-0.472299,-0.427652,0.360334,-0.496541
76,2.533333333333333,30.0,76,19,0.665031,True,0.710763,0.286254,-0.066493,0.714437,0.271043,-0.062248
76,2.533333333333333,30.0,76,20,0.708449,True,-0.420448,0.401347,-0.496257,-0.39299,0.397302,-0.502587
76,2.533333333333333,30.0,76,21,0.65802,True,0.676155,0.261645,-0.061612,0.681911,0.250181,-0.058142
76,2.533333333333333,30.0,76,22,0.673052,True,-0.423234,0.368037,-0.43773,-0.398586,0.370153,-0.446978
76,2.533333333333333,30.0,76,23,0.999972,True,0.079474,-0.033236,0.034037,0.080635,-0.034246,0.043566
76,2.533333333333333,30.0,76,24,0.999944,True,-0.077914,0.038074,-0.028327,-0.078762,0.03924,-0.038387
76,2.533333333333333,30.0,76,25,0.942195,True,0.028197,-0.41908,-0.080458,0.047349,-0.429434,-0.031165
76,2.533333333333333,30.0,76,26,0.868202,True,-0.30476,0.110882,-0.201609,-0.292476,0.110271,-0.284475
76,2.533333333333333,30.0,76,27,0.942638,True,-0.062738,-0.818293,-0.009237,-0.05495,-0.822914,0.041743
76,2.533333333333333,30.0,76,28,0.827641,True,-0.721386,-0.024681,-0.146464,-0.725964,-0.018661,-0.166534
76,2.533333333333333,30.0,76,29,0.937781,True,-0.090572,-0.85752,0.003704,-0.083646,-0.863575,0.055511
76,2.533333333333333,30.0,76,30,0.816107,True,-0.766809,-0.032245,-0.181468,-0.772672,-0.019856,-0.197155
76,2.533333333333333,30.0,76,31,0.938195,True,-0.027814,-0.861248,-0.071345,-0.006162,-0.86506,-0.019593
76,2.533333333333333,30.0,76,32,0.827384,True,-0.834174,0.084102,-0.256922,-0.824268,0.073396,-0.263161
77,2.566666666666667,30.0,77,0,0.999964,True,0.040885,0.608338,-0.33749,0.037544,0.608928,-0.327269
77,2.566666666666667,30.0,77,1,0.999962,True,0.058813,0.626887,-0.320671,0.055284,0.627531,-0.311493
77,2.566666666666667,30.0,77,2,0.999956,True,0.059172,0.625724,-0.313131,0.055102,0.626222,-0.304049
77,2.566666666666667,30.0,77,3,0.999967,True,0.058026,0.627547,-0.314451,0.054293,0.628099,-0.305351
77,2.566666666666667,30.0,77,4,0.999977,True,0.033284,0.634062,-0.336447,0.029197,0.633817,-0.325901
77,2.566666666666667,30.0,77,5,0.999979,True,0.035934,0.634797,-0.347134,0.031471,0.634436,-0.336184
77,2.566666666666667,30.0,77,6,0.99998,True,0.038657,0.621362,-0.326615,0.0341,0.620757,-0.316241
77,2.566666666666667,30.0,77,7,0.999968,True,0.122724,0.600747,-0.214782,0.120832,0.60291,-0.207323
77,2.566666666666667,30.0,77,8,0.999947,True,-0.03351,0.553201,-0.210406,-0.033673,0.552531,-0.195315
77,2.566666666666667,30.0,77,9,0.999851,True,0.087031,0.586294,-0.288499,0.087086,0.587013,-0.279671
77,2.566666666666667,30.0,77,10,0.999858,True,0.042542,0.553845,-0.317499,0.041208,0.553774,-0.305991
77,2.566666666666667,30.0,77,11,0.999899,True,0.227072,0.430792,-0.094724,0.225379,0.431559,-0.088117
77,2.566666666666667,30.0,77,12,0.999889,True,-0.07254,0.508093,-0.053231,-0.079836,0.507513,-0.034396
77,2.566666666666667,30.0,77,13,0.747071,True,0.435711,0.360158,-0.08279,0.440694,0.356959,-0.083713
77,2.566666666666667,30.0,77,14,0.745325,True,-0.280208,0.37925,-0.145036,-0.306687,0.374478,-0.070668
77,2.566666666666667,30.0,77,15,0.697126,True,0.670645,0.295793,-0.057017,0.658054,0.295576,-0.075743
77,2.566666666666667,30.0,77,16,0.728295,True,-0.503356,0.35563,-0.307974,-0.544177,0.350654,-0.201625
77,2.566666666666667,30.0,77,17,0.696307,True,0.723048,0.289139,-0.040071,0.706164,0.294043,-0.065361
77,2.566666666666667,30.0,77,18,0.737312,True,-0.539493,0.352326,-0.352407,-0.581132,0.349178,-0.233777
77,2.566666666666667,30.0,77,19,0.698508,True,0.725801,0.303078,-0.084237,0.705585,0.307381,-0.10646
77,2.566666666666667,30.0,77,20,0.73751,True,-0.522178,0.392343,-0.384438,-0.562487,0.389616,-0.282222
77,2.566666666666667,30.0,77,21,0.692194,True,0.686289,0.276809,-0.079687,0.670799,0.278259,-0.098676
77,2.566666666666667,30.0,77,22,0.705649,True,-0.513211,0.361561,-0.330945,-0.55428,0.357481,-0.231058
77,2.566666666666667,30.0,77,23,0.999973,True,0.077604,-0.037887,0.018617,0.079517,-0.040188,0.01235
77,2.566666666666667,30.0,77,24,0.999946,True,-0.075776,0.042445,-0.014506,-0.077634,0.044737,-0.008801
77,2.566666666666667,30.0,77,25,0.947966,True,0.018466,-0.408955,-0.137024,0.013762,-0.408078,-0.1735
77,2.566666666666667,30.0,77,26,0.881302,True,-0.339979,0.120427,-0.155018,-0.370364,0.130479,-0.119803
77,2.566666666666667,30.0,77,27,0.948347,True,-0.068591,-0.816969,-0.059771,-0.061959,-0.811957,-0.077236
77,2.566666666666667,30.0,77,28,0.844751,True,-0.756641,-0.073536,-0.026635,-0.745225,-0.065767,0.00741
77,2.566666666666667,30.0,77,29,0.943813,True,-0.09648,-0.854423,-0.047406,-0.088502,-0.846757,-0.063027
77,2.566666666666667,30.0,77,30,0.834024,True,-0.802448,-0.089788,-0.054544,-0.787084,-0.088533,-0.021185
77,2.566666666666667,30.0,77,31,0.944342,True,-0.05069,-0.860031,-0.123609,-0.060909,-0.857672,-0.143174
77,2.566666666666667,30.0,77,32,0.844539,True,-0.872875,0.010112,-0.117785,-0.855722,0.012359,-0.076025
78,2.6,30.0,78,0,0.999968,True,0.029933,0.596941,-0.366766,0.023127,0.603309,-0.335731
78,2.6,30.0,78,1,0.999966,True,0.046616,0.615498,-0.352179,0.041551,0.621644,-0.321384
78,2.6,30.0,78,2,0.99996,True,0.046667,0.614467,-0.344453,0.041297,0.620474,-0.313744
78,2.6,30.0,78,3,0.99997,True,0.045754,0.615872,-0.345742,0.04056,0.621711,-0.314943
78,2.6,30.0,78,4,0.999979,True,0.023045,0.621033,-0.366786,0.01725,0.626744,-0.334421
78,2.6,30.0,78,5,0.999981,True,0.025083,0.62178,-0.377195,0.018765,0.62757,-0.344339
78,2.6,30.0,78,6,0.999982,True,0.028217,0.607275,-0.357123,0.022011,0.612112,-0.324781
78,2.6,30.0,78,7,0.999971,True,0.117149,0.592528,-0.247634,0.11576,0.6008,-0.218003
78,2.6,30.0,78,8,0.999952,True,-0.036451,0.542445,-0.237397,-0.037581,0.551073,-0.199753
78,2.6,30.0,78,9,0.999866,True,0.07965,0.575199,-0.317903,0.07619,0.581236,-0.288209
78,2.6,30.0,78,10,0.999873,True,0.035306,0.5425,-0.344762,0.030716,0.54944,-0.312326
78,2.6,30.0,78,11,0.999909,True,0.222838,0.424124,-0.119667,0.22087,0.429887,-0.09773
78,2.6,30.0,78,12,0.999898,True,-0.079194,0.501359,-0.063206,-0.086012,0.506467,-0.022935
78,2.6,30.0,78,13,0.77235,True,0.437919,0.361803,-0.107783,0.438809,0.359572,-0.090974
78,2.6,30.0,78,14,0.770744,True,-0.307519,0.379265,-0.090293,-0.310548,0.373596,-0.036988
78,2.6,30.0,78,15,0.727402,True,0.671636,0.296088,-0.08913,0.655107,0.298648,-0.075336
78,2.6,30.0,78,16,0.755426,True,-0.550185,0.335893,-0.222315,-0.550281,0.343634,-0.162014
78,2.6,30.0,78,17,0.726635,True,0.725085,0.293776,-0.075006,0.70421,0.29918,-0.064432
78,2.6,30.0,78,18,0.76348,True,-0.588372,0.331558,-0.258268,-0.58631,0.34346,-0.19231
78,2.6,30.0,78,19,0.728626,True,0.728179,0.30495,-0.118924,0.705292,0.310968,-0.106148
78,2.6,30.0,78,20,0.763673,True,-0.572853,0.3671,-0.295804,-0.568223,0.388746,-0.238977
78,2.6,30.0,78,21,0.722939,True,0.687113,0.278041,-0.112472,0.668624,0.281662,-0.098362
78,2.6,30.0,78,22,0.734994,True,-0.561129,0.339182,-0.245992,-0.560582,0.350911,-0.190817
78,2.6,30.0,78,23,0.999974,True,0.078691,-0.04138,0.008101,0.079101,-0.043109,0.00026
78,2.6,30.0,78,24,0.999949,True,-0.076686,0.045765,-0.004969,-0.077173,0.047468,0.002886
78,2.6,30.0,78,25,0.95316,True,0.012375,-0.396637,-0.185571,0.005725,-0.387989,-0.224876
78,2.6,30.0,78,26,0.89306,True,-0.361003,0.118247,-0.12362,-0.386222,0.128073,-0.084237
78,2.6,30.0,78,27,0.953476,True,-0.070676,-0.804649,-0.109242,-0.063979,-0.801145,-0.138403
78,2.6,30.0,78,28,0.860139,True,-0.717159,-0.127373,0.045535,-0.752023,-0.092156,0.031649
78,2.6,30.0,78,29,0.949183,True,-0.099025,-0.839886,-0.098357,-0.090246,-0.834955,-0.125132
78,2.6,30.0,78,30,0.850038,True,-0.755908,-0.149322,0.021971,-0.793773,-0.11815,0.002168
78,2.6,30.0,78,31,0.949865,True,-0.069488,-0.853886,-0.174316,-0.069469,-0.850934,-0.204706
78,2.6,30.0,78,32,0.859965,True,-0.819789,-0.076725,-0.029437,-0.869044,-0.017336,-0.046923
79,2.6333333333333333,30.0,79,0,0.999971,True,0.025463,0.582566,-0.390894,0.026265,0.570748,-0.419059
79,2.6333333333333333,30.0,79,1,0.999969,True,0.041362,0.601405,-0.378077,0.041884,0.589592,-0.40566
79,2.6333333333333333,30.0,79,2,0.999964,True,0.041264,0.600531,-0.369902,0.042582,0.588607,-0.397217
79,2.6333333333333333,30.0,79,3,0.999973,True,0.040567,0.601634,-0.371439,0.04172,0.589469,-0.398741
79,2.6333333333333333,30.0,79,4,0.999981,True,0.018575,0.60563,-0.392539,0.020425,0.593833,-0.420145
79,2.6333333333333333,30.0,79,5,0.999983,True,0.020329,0.606356,-0.403065,0.021995,0.594563,-0.431138
79,2.6333333333333333,30.0,79,6,0.999983,True,0.023724,0.591405,-0.383244,0.025633,0.579171,-0.410699
79,2.6333333333333333,30.0,79,7,0.999974,True,0.115617,0.581114,-0.274142,0.119121,0.569321,-0.300698
79,2.6333333333333333,30.0,79,8,0.999956,True,-0.037361,0.529481,-0.262381,-0.037294,0.520106,-0.289654
79,2.6333333333333333,30.0,79,9,0.999879,True,0.076273,0.561629,-0.341596,0.077434,0.549553,-0.368916
79,2.6333333333333333,30.0,79,10,0.999885,True,0.031916,0.528533,-0.368008,0.03169,0.517567,-0.396113
79,2.6333333333333333,30.0,79,11,0.999918,True,0.223456,0.415826,-0.138448,0.226677,0.405466,-0.166669
79,2.6333333333333333,30.0,79,12,0.999906,True,-0.085947,0.491872,-0.074972,-0.08206,0.487905,-0.086906
79,2.6333333333333333,30.0,79,13,0.795054,True,0.440957,0.353409,-0.135372,0.433583,0.348034,-0.160182
79,2.6333333333333333,30.0,79,14,0.79351,True,-0.320108,0.368444,-0.061066,-0.301392,0.364796,-0.049863
79,2.6333333333333333,30.0,79,15,0.754611,True,0.647704,0.283143,-0.140138,0.65113,0.290049,-0.143358
79,2.6333333333333333,30.0,79,16,0.779678,True,-0.564358,0.305002,-0.178925,-0.545409,0.292181,-0.204546
79,2.6333333333333333,30.0,79,17,0.753822,True,0.69571,0.282515,-0.131502,0.702005,0.290707,-0.131202
79,2.6333333333333333,30.0,79,18,0.786623,True,-0.601108,0.299061,-0.211611,-0.582889,0.280786,-0.24637
79,2.6333333333333333,30.0,79,19,0.75565,True,0.694425,0.290971,-0.173375,0.705018,0.302438,-0.174746
79,2.6333333333333333,30.0,79,20,0.786887,True,-0.583163,0.329825,-0.251095,-0.564796,0.308996,-0.274204
79,2.6333333333333333,30.0,79,21,0.750521,True,0.659938,0.265296,-0.16301,0.666178,0.274251,-0.166505
79,2.6333333333333333,30.0,79,22,0.761062,True,-0.573564,0.30557,-0.202756,-0.555241,0.290441,-0.220302
79,2.6333333333333333,30.0,79,23,0.999973,True,0.083096,-0.043666,0.003654,0.081436,-0.04326,0.003061
79,2.6333333333333333,30.0,79,24,0.999946,True,-0.08095,0.048031,-0.00094,-0.079496,0.047558,-0.000153
79,2.6333333333333333,30.0,79,25,0.957753,True,0.014835,-0.387824,-0.214003,0.006555,-0.390233,-0.219378
79,2.6333333333333333,30.0,79,26,0.902661,True,-0.371128,0.106154,-0.118358,-0.375232,0.099006,-0.093261
79,2.6333333333333333,30.0,79,27,0.958011,True,-0.066741,-0.785129,-0.143733,-0.074059,-0.800119,-0.15431
79,2.6333333333333333,30.0,79,28,0.872834,True,-0.607534,-0.174756,0.073974,-0.655734,-0.215805,0.071323
79,2.6333333333333333,30.0,79,29,0.953574,True,-0.096138,-0.818091,-0.134275,-0.104231,-0.834686,-0.14305
79,2.6333333333333333,30.0,79,30,0.860729,True,-0.631998,-0.198237,0.05326,-0.687398,-0.237329,0.048772
79,2.6333333333333333,30.0,79,31,0.954753,True,-0.079013,-0.845636,-0.21183,-0.085633,-0.854337,-0.232496
79,2.6333333333333333,30.0,79,32,0.872905,True,-0.679594,-0.163101,0.011883,-0.745984,-0.203147,-0.001402
80,2.6666666666666665,30.0,80,0,0.999974,True,0.031284,0.568986,-0.398589,0.028722,0.564832,-0.383756
80,2.6666666666666665,30.0,80,1,0.999972,True,0.047246,0.588082,-0.386346,0.043118,0.584423,-0.370611
80,2.6666666666666665,30.0,80,2,0.999967,True,0.047117,0.587434,-0.377612,0.043737,0.584022,-0.361717
80,2.6666666666666665,30.0,80,3,0.999975,True,0.046647,0.58836,-0.379604,0.043017,0.585049,-0.36338
80,2.6666666666666665,30.0,80,4,0.999982,True,0.023595,0.591673,-0.401254,0.021864,0.58811,-0.38659
80,2.6666666666666665,30.0,80,5,0.999984,True,0.025264,0.592311,-0.412199,0.023586,0.588687,-0.397272
80,2.6666666666666665,30.0,80,6,0.999985,True,0.028677,0.577696,-0.392548,0.027093,0.574686,-0.377761
80,2.6666666666666665,30.0,80,7,0.999976,True,0.122113,0.569408,-0.28169,0.116678,0.565331,-0.261551
80,2.6666666666666665,30.0,80,8,0.99996,True,-0.033379,0.518039,-0.270989,-0.03816,0.514132,-0.25873
80,2.6666666666666665,30.0,80,9,0.999891,True,0.080925,0.548921,-0.348236,0.077435,0.545026,-0.332368
80,2.6666666666666665,30.0,80,10,0.999896,True,0.036185,0.51555,-0.375286,0.032937,0.511001,-0.360902
80,2.6666666666666665,30.0,80,11,0.999925,True,0.230323,0.407445,-0.144076,0.221926,0.405996,-0.124361
80,2.6666666666666665,30.0,80,12,0.99991,True,-0.08994,0.482251,-0.074953,-0.088984,0.477012,-0.073788
80,2.6666666666666665,30.0,80,13,0.815217,True,0.437944,0.334721,-0.160707,0.419207,0.34587,-0.103438
80,2.6666666666666665,30.0,80,14,0.813828,True,-0.318443,0.348329,-0.048513,-0.324017,0.355734,-0.06681
80,2.6666666666666665,30.0,80,15,0.778938,True,0.580648,0.260146,-0.201996,0.616028,0.261642,-0.083289
80,2.6666666666666665,30.0,80,16,0.801499,True,-0.553738,0.26807,-0.166935,-0.557256,0.265449,-0.182946
80,2.6666666666666665,30.0,80,17,0.777925,True,0.613457,0.25817,-0.201126,0.664997,0.262285,-0.068344
80,2.6666666666666665,30.0,80,18,0.807378,True,-0.587219,0.260303,-0.201492,-0.589773,0.260895,-0.218456
80,2.6666666666666665,30.0,80,19,0.779709,True,0.602852,0.265053,-0.237348,0.663332,0.265642,-0.10829
80,2.6666666666666665,30.0,80,20,0.807736,True,-0.565458,0.286502,-0.240033,-0.568331,0.285256,-0.25645
80,2.6666666666666665,30.0,80,21,0.775031,True,0.585765,0.242141,-0.222139,0.629256,0.241376,-0.102694
80,2.6666666666666665,30.0,80,22,0.784475,True,-0.559997,0.266299,-0.190785,-0.562734,0.263985,-0.208093
80,2.6666666666666665,30.0,80,23,0.99997,True,0.090002,-0.04485,0.003674,0.088534,-0.04128,0.007762
80,2.6666666666666665,30.0,80,24,0.999942,True,-0.087667,0.049333,-0.001084,-0.086165,0.045682,-0.004715
80,2.6666666666666665,30.0,80,25,0.959862,True,0.025661,-0.386191,-0.219165,0.017179,-0.382455,-0.171016
80,2.6666666666666665,30.0,80,26,0.90536,True,-0.375245,0.085905,-0.13942,-0.308409,0.079807,-0.207043
80,2.6666666666666665,30.0,80,27,0.961003,True,-0.055397,-0.765064,-0.1533,-0.066173,-0.764428,-0.118474
80,2.6666666666666665,30.0,80,28,0.834748,False,-0.452939,-0.205488,0.071366,-0.142138,-0.192376,-0.000793
80,2.6666666666666665,30.0,80,29,0.953337,True,-0.085908,-0.79606,-0.143782,-0.095505,-0.797293,-0.11708
80,2.6666666666666665,30.0,80,30,0.820171,False,-0.458657,-0.226775,0.05305,-0.11638,-0.212501,-0.017132
80,2.6666666666666665,30.0,80,31,0.957956,True,-0.07675,-0.839536,-0.226174,-0.075244,-0.840559,-0.162698
80,2.6666666666666665,30.0,80,32,0.851895,False,-0.482536,-0.234736,0.019929,-0.066847,-0.210456,-0.055822
81,2.7,30.0,81,0,0.999976,True,0.04529,0.558792,-0.380361,0.033358,0.566578,-0.398447
81,2.7,30.0,81,1,0.999974,True,0.062356,0.577839,-0.367509,0.052178,0.585501,-0.38831
81,2.7,30.0,81,2,0.99997,True,0.062392,0.577503,-0.358215,0.051247,0.585249,-0.378816
81,2.7,30.0,81,3,0.999977,True,0.062177,0.578313,-0.360666,0.051308,0.586146,-0.381434
81,2.7,30.0,81,4,0.999984,True,0.036883,0.581614,-0.382453,0.026395,0.589696,-0.401468
81,2.7,30.0,81,5,0.999986,True,0.038461,0.582029,-0.393942,0.028468,0.590209,-0.413465
81,2.7,30.0,81,6,0.999986,True,0.041621,0.568374,-0.374499,0.031287,0.576189,-0.393879
81,2.7,30.0,81,7,0.999978,True,0.136204,0.559576,-0.260821,0.128087,0.565176,-0.285486
81,2.7,30.0,81,8,0.999963,True,-0.024039,0.510733,-0.250595,-0.027542,0.515515,-0.27
81,2.7,30.0,81,9,0.999902,True,0.092647,0.539243,-0.328919,0.081309,0.546805,-0.349053
81,2.7,30.0,81,10,0.999906,True,0.047168,0.505983,-0.356239,0.037957,0.513009,-0.37409
81,2.7,30.0,81,11,0.999931,True,0.239152,0.400302,-0.133021,0.227072,0.407068,-0.159859
81,2.7,30.0,81,12,0.999914,True,-0.088256,0.474323,-0.049003,-0.083766,0.475596,-0.073869
81,2.7,30.0,81,13,0.83065,True,0.415531,0.309334,-0.178702,0.403545,0.33568,-0.246286
81,2.7,30.0,81,14,0.831304,True,-0.302194,0.321603,-0.029856,-0.299465,0.325705,-0.07424
81,2.7,30.0,81,15,0.798871,True,0.460625,0.234555,-0.254928,0.468782,0.245981,-0.373286
81,2.7,30.0,81,16,0.820829,True,-0.524631,0.230161,-0.155794,-0.515924,0.238893,-0.186901
81,2.7,30.0,81,17,0.797152,True,0.469457,0.229893,-0.262374,0.483305,0.235427,-0.393135
81,2.7,30.0,81,18,0.825597,True,-0.553733,0.221021,-0.195255,-0.542185,0.226658,-0.219428
81,2.7,30.0,81,19,0.799295,True,0.446878,0.236835,-0.288624,0.459103,0.235232,-0.420178
81,2.7,30.0,81,20,0.826087,True,-0.52845,0.244104,-0.231421,-0.517996,0.249946,-0.258184
81,2.7,30.0,81,21,0.7939,True,0.455924,0.216674,-0.269522,0.463924,0.224266,-0.390748
81,2.7,30.0,81,22,0.804958,True,-0.527974,0.22727,-0.179857,-0.519314,0.235781,-0.21269
81,2.7,30.0,81,23,0.999964,True,0.096584,-0.044333,0.004164,0.093131,-0.040896,0.000881
81,2.7,30.0,81,24,0.999936,True,-0.093952,0.048967,-0.001673,-0.090267,0.045372,0.001554
81,2.7,30.0,81,25,0.956384,True,0.03632,-0.390665,-0.205938,0.024621,-0.379742,-0.227404
81,2.7,30.0,81,26,0.874356,True,-0.371745,0.055606,-0.170286,-0.374756,0.02469,-0.08766
81,2.7,30.0,81,27,0.960087,True,-0.03849,-0.751328,-0.135606,-0.046805,-0.735931,-0.149168
81,2.7,30.0,81,28,0.776585,True,-0.290439,-0.217136,0.056241,-0.233113,-0.247953,0.180745
81,2.7,30.0,81,29,0.934447,True,-0.068932,-0.78107,-0.123665,-0.076852,-0.765306,-0.136874
81,2.7,30.0,81,30,0.760608,True,-0.277851,-0.234127,0.040099,-0.214882,-0.264142,0.169964
81,2.7,30.0,81,31,0.957469,True,-0.065181,-0.839166,-0.210541,-0.072289,-0.821241,-0.212507
81,2.7,30.0,81,32,0.801445,True,-0.2802945033928862,-0.282236,0.014662,-0.20449,-0.338418,0.163919
82,2.7333333333333334,30.0,82,0,0.999978,True,0.058602,0.55407,-0.33507,0.051646,0.560806,-0.371596
82,2.7333333333333334,30.0,82,1,0.999975,True,0.077746,0.572533,-0.321625,0.070259,0.579024,-0.360673
82,2.7333333333333334,30.0,82,2,0.999969,True,0.078215,0.572582,-0.311787,0.070257,0.578785,-0.351184
82,2.7333333333333334,30.0,82,3,0.999977,True,0.078265,0.573255,-0.314441,0.070018,0.579573,-0.353766
82,2.7333333333333334,30.0,82,4,0.999984,True,0.051392,0.577323,-0.335046,0.043902,0.583504,-0.375591
82,2.7333333333333334,30.0,82,5,0.999986,True,0.05274,0.57734,-0.347038,0.045788,0.583567,-0.387383
82,2.7333333333333334,30.0,82,6,0.999986,True,0.055433,0.564807,-0.327844,0.048449,0.570719,-0.367567
82,2.7333333333333334,30.0,82,7,0.999976,True,0.151186,0.553036,-0.213708,0.140783,0.5586,-0.258301
82,2.7333333333333334,30.0,82,8,0.999962,True,-0.011667,0.509014,-0.200401,-0.015074,0.512651,-0.252251
82,2.7333333333333334,30.0,82,9,0.99991,True,0.103882,0.534227,-0.283959,0.094909,0.541099,-0.322228
82,2.7333333333333334,30.0,82,10,0.999913,True,0.058296,0.501635,-0.309549,0.052974,0.508036,-0.349994
82,2.7333333333333334,30.0,82,11,0.999933,True,0.23913,0.395788,-0.110481,0.230477,0.400424,-0.132001
82,2.7333333333333334,30.0,82,12,0.999912,True,-0.077184,0.46904,0.00587,-0.075919,0.473408,-0.043701
82,2.7333333333333334,30.0,82,13,0.841938,True,0.358275,0.285028,-0.188712,0.385275,0.262455,-0.203587
82,2.7333333333333334,30.0,82,14,0.842842,True,-0.269737,0.293393,0.013238,-0.263703,0.296005,-0.01208
82,2.7333333333333334,30.0,82,15,0.815018,True,0.293239,0.216748,-0.27625,0.29048,0.201818,-0.299658
82,2.7333333333333334,30.0,82,16,0.837737,True,-0.479261,0.198157,-0.115726,-0.465803,0.200522,-0.113689
82,2.7333333333333334,30.0,82,17,0.812089,True,0.274911,0.210869,-0.289612,0.261369,0.199136,-0.312757
82,2.7333333333333334,30.0,82,18,0.841294,True,-0.502816,0.188952,-0.159441,-0.489692,0.192767,-0.15496
82,2.7333333333333334,30.0,82,19,0.814391,True,0.24459510626737987,0.219198,-0.30293,0.225515,0.217169,-0.327996
82,2.7333333333333334,30.0,82,20,0.841956,True,-0.475599,0.211461,-0.192733,-0.465683,0.212674,-0.187449
82,2.7333333333333334,30.0,82,21,0.805718,True,0.279132,0.19979,-0.283004,0.272216,0.190398,-0.307191
82,2.7333333333333334,30.0,82,22,0.82254,True,-0.48071,0.196247,-0.139967,-0.468058,0.198194,-0.137074
82,2.7333333333333334,30.0,82,23,0.999958,True,0.097792,-0.040689,0.000633,0.092345,-0.040681,0.002157
82,2.7333333333333334,30.0,82,24,0.999931,True,-0.094764,0.04532,0.001635,-0.089396,0.04516,-5e-06
82,2.7333333333333334,30.0,82,25,0.950677,True,0.033319,-0.395723,-0.182535,0.034924,-0.391416,-0.190875
82,2.7333333333333334,30.0,82,26,0.874232,True,-0.348568,0.010482,-0.182136,-0.346127,0.01482,-0.181213
82,2.7333333333333334,30.0,82,27,0.961935,True,-0.020963,-0.748106,-0.097258,-0.019145,-0.741016,-0.118293
82,2.7333333333333334,30.0,82,28,0.751623,True,-0.153197,-0.219782,0.052733,-0.134059,-0.244153,0.0588
82,2.7333333333333334,30.0,82,29,0.926156,True,-0.048873,-0.777723,-0.081044,-0.048375,-0.768042,-0.098882
82,2.7333333333333334,30.0,82,30,0.729416,True,-0.128101,-0.232428,0.038247,-0.107409,-0.257815,0.038641
82,2.7333333333333334,30.0,82,31,0.958485,True,-0.051223,-0.845644,-0.164375,-0.067834,-0.849004,-0.205873
82,2.7333333333333334,30.0,82,32,0.780653,True,-0.108728,-0.3087,0.021679,-0.091412,-0.342854,0.013969
83,2.7666666666666666,30.0,83,0,0.999979,True,0.058811,0.557085,-0.271244,0.065473,0.556684,-0.270267
83,2.7666666666666666,30.0,83,1,0.999977,True,0.080498,0.574289,-0.25945,0.085238,0.573346,-0.261056
83,2.7666666666666666,30.0,83,2,0.999972,True,0.08157,0.574763,-0.249048,0.086043,0.573647,-0.250776
83,2.7666666666666666,30.0,83,3,0.999979,True,0.081849,0.575229,-0.251485,0.086179,0.574209,-0.253387
83,2.7666666666666666,30.0,83,4,0.999986,True,0.056653,0.580835,-0.269158,0.063499,0.579799,-0.271117
83,2.7666666666666666,30.0,83,5,0.999986,True,0.057656,0.58031,-0.2815,0.064378,0.579393,-0.283364
83,2.7666666666666666,30.0,83,6,0.999987,True,0.059858,0.568495,-0.26246,0.067149,0.567152,-0.264727
83,2.7666666666666666,30.0,83,7,0.999977,True,0.155339,0.550953,-0.156308,0.156993,0.549484,-0.1697
83,2.7666666666666666,30.0,83,8,0.999964,True,-1.5e-05,0.51337,-0.134834,0.012723,0.511204,-0.142474
83,2.7666666666666666,30.0,83,9,0.999918,True,0.102841,0.53575,-0.223985,0.106612,0.534981,-0.224689
83,2.7666666666666666,30.0,83,10,0.99992,True,0.05993,0.504329,-0.24493,0.066655,0.503949,-0.245016
83,2.7666666666666666,30.0,83,11,0.999939,True,0.21665,0.395551,-0.089481,0.228489,0.392177,-0.098541
83,2.7666666666666666,30.0,83,12,0.999905,True,-0.053078,0.46696,0.075935,-0.048374,0.469492,0.081486
83,2.7666666666666666,30.0,83,13,0.856614,True,0.257594,0.27065,-0.194461,0.305201,0.256369,-0.181099
83,2.7666666666666666,30.0,83,14,0.823511,True,-0.219987,0.270982,0.080623,-0.229687,0.278461,0.103757
83,2.7666666666666666,30.0,83,15,0.833022,True,0.100702,0.21575,-0.251907,0.116555,0.212897,-0.250097
83,2.7666666666666666,30.0,83,16,0.8479,True,-0.417811,0.181942,-0.034409,-0.429437,0.205208,-0.002997
83,2.7666666666666666,30.0,83,17,0.829934,True,0.06054088246078007,0.212478,-0.265849,0.064014,0.21078,-0.263171
83,2.7666666666666666,30.0,83,18,0.849953,True,-0.434621,0.174887,-0.077367,-0.450125,0.201954,-0.045183
83,2.7666666666666666,30.0,83,19,0.832007,True,0.021164243169306457,0.222656,-0.266515,0.019916,0.220133,-0.266368
83,2.7666666666666666,30.0,83,20,0.851468,True,-0.408173,0.199454,-0.106966,-0.423355,0.226044,-0.073108
83,2.7666666666666666,30.0,83,21,0.823126,True,0.081239,0.200635,-0.250248,0.091591,0.196599,-0.250341
83,2.7666666666666666,30.0,83,22,0.833226,True,-0.419137,0.183574,-0.057816,-0.431024,0.207165,-0.0243
83,2.7666666666666666,30.0,83,23,0.999959,True,0.088017,-0.032867,-0.009227,0.090692,-0.039543,-0.004304
83,2.7666666666666666,30.0,83,24,0.999929,True,-0.084602,0.037157,0.011132,-0.087723,0.044193,0.005925
83,2.7666666666666666,30.0,83,25,0.946208,True,0.007667,-0.395312,-0.156136,0.043857,-0.411165,-0.154139
83,2.7666666666666666,30.0,83,26,0.867063,True,-0.289755,-0.049591,-0.149361,-0.319303,-0.003994,-0.185581
83,2.7666666666666666,30.0,83,27,0.96338,True,-0.00736,-0.755002,-0.052789,0.023267,-0.761142,-0.069086
83,2.7666666666666666,30.0,83,28,0.706045,True,-0.05693,-0.231687,0.083512,-0.06394,-0.221324,0.040172
83,2.7666666666666666,30.0,83,29,0.916407,True,-0.03002,-0.785801,-0.032347,-0.001842,-0.791967,-0.050952
83,2.7666666666666666,30.0,83,30,0.685747,True,-0.028616,-0.241664,0.069849,-0.035058,-0.2352,0.025578
83,2.7666666666666666,30.0,83,31,0.959273,True,-0.042135,-0.856994,-0.098065,-0.014632,-0.862325,-0.14053
83,2.7666666666666666,30.0,83,32,0.744614,True,-0.002949,-0.3289,0.064765,-0.00394,-0.292896,0.014758
84,2.8,30.0,84,0,0.999979,True,0.036938,0.569432,-0.201196,0.060131,0.562947,-0.112574
84,2.8,30.0,84,1,0.999978,True,0.060644,0.584733,-0.195411,0.08171,0.57922,-0.099481
84,2.8,30.0,84,2,0.999973,True,0.062225,0.58564,-0.184406,0.082801,0.580619,-0.088146
84,2.8,30.0,84,3,0.99998,True,0.062664,0.585837,-0.186299,0.084565,0.580545,-0.091107
84,2.8,30.0,84,4,0.999986,True,0.044433,0.593548,-0.199755,0.060808,0.587263,-0.10617
84,2.8,30.0,84,5,0.999986,True,0.045048,0.592425,-0.212214,0.060882,0.586369,-0.118519
84,2.8,30.0,84,6,0.999987,True,0.047109,0.58058,-0.193063,0.062898,0.575992,-0.100007
84,2.8,30.0,84,7,0.999977,True,0.137337,0.554176,-0.109985,0.149656,0.549964,-0.010052
84,2.8,30.0,84,8,0.999959,True,0.00809,0.523174,-0.075762,0.008578,0.516515,0.022757
84,2.8,30.0,84,9,0.999919,True,0.080133,0.545319,-0.163071,0.103969,0.538763,-0.071771
84,2.8,30.0,84,10,0.999918,True,0.044897,0.515276,-0.177075,0.062413,0.508185,-0.089893
84,2.8,30.0,84,11,0.999941,True,0.163106,0.400774,-0.082398,0.197945,0.394028,0.006529
84,2.8,30.0,84,12,0.999848,True,-0.015094,0.468516,0.137079,-0.045638,0.46295,0.201883
84,2.8,30.0,84,13,0.865727,True,0.119931,0.271041,-0.198128,0.096719,0.268854,-0.108978
84,2.8,30.0,84,14,0.752638,True,-0.154634,0.260444,0.153089,-0.197192,0.242724,0.142127
84,2.8,30.0,84,15,0.842742,True,-0.084047,0.233983,-0.183118,-0.100718,0.222705,-0.099903
84,2.8,30.0,84,16,0.809921,True,-0.342431,0.190775,0.076525,-0.426396,0.202434,-0.023998
84,2.8,30.0,84,17,0.83676,True,-0.13707,0.237668,-0.191098,-0.150479,0.216676,-0.108513
84,2.8,30.0,84,18,0.817099,True,-0.352102,0.188427,0.042671,-0.445778,0.206001,-0.072842
84,2.8,30.0,84,19,0.838536,True,-0.167944,0.249183,-0.182947,-0.179596,0.222997,-0.092141
84,2.8,30.0,84,20,0.821349,True,-0.329627,0.216608,0.018825,-0.408005,0.23658,-0.092302
84,2.8,30.0,84,21,0.823914,True,-0.102516,0.221291,-0.174806,-0.117634,0.206412,-0.087928
84,2.8,30.0,84,22,0.803332,True,-0.345756,0.198089,0.05638,-0.427081,0.21045,-0.043756
84,2.8,30.0,84,23,0.999962,True,0.064339,-0.021849,-0.023559,0.089794,-0.038127,-0.008826
84,2.8,30.0,84,24,0.999935,True,-0.060745,0.025382,0.025025,-0.086912,0.042853,0.011072
84,2.8,30.0,84,25,0.94772,True,-0.036551,-0.387872,-0.130578,0.050434,-0.42453,-0.117631
84,2.8,30.0,84,26,0.872959,True,-0.188933,-0.112289,-0.068093,-0.268819,0.001087,-0.218032
84,2.8,30.0,84,27,0.965093,True,0.001754,-0.767274,-0.019312,0.028177,-0.771016,-0.034969
84,2.8,30.0,84,28,0.685492,True,0.002503,-0.266,0.154488,0.025309,-0.164553,0.005513
84,2.8,30.0,84,29,0.910247,True,-0.014315,-0.800268,0.003026,0.002314,-0.80458,-0.017488
84,2.8,30.0,84,30,0.664899,True,0.02477,-0.275803,0.140701,0.059069,-0.165055,-0.003024
84,2.8,30.0,84,31,0.959351,True,-0.040459,-0.868913,-0.032398,0.003746,-0.869604,-0.093985
84,2.8,30.0,84,32,0.728436,True,0.045491,-0.357614,0.149789,0.107806,-0.273874,0.003265
85,2.8333333333333335,30.0,85,0,0.99998,True,-0.005475,0.589895,-0.132924,0.030381,0.564827,-0.177442
85,2.8333333333333335,30.0,85,1,0.999979,True,0.018493,0.602956,-0.137877,0.061704,0.580092,-0.170038
85,2.8333333333333335,30.0,85,2,0.999974,True,0.020235,0.604308,-0.126281,0.066869,0.58113,-0.158986
85,2.8333333333333335,30.0,85,3,0.999981,True,0.020776,0.604204,-0.127684,0.065784,0.581272,-0.160731
85,2.8333333333333335,30.0,85,4,0.999986,True,0.014914,0.614162,-0.137102,0.045597,0.591731,-0.173339
85,2.8333333333333335,30.0,85,5,0.999985,True,0.015038,0.612475,-0.149385,0.044144,0.589376,-0.185708
85,2.8333333333333335,30.0,85,6,0.999987,True,0.017846,0.599992,-0.129787,0.047808,0.579615,-0.16606
85,2.8333333333333335,30.0,85,7,0.999978,True,0.093504,0.562302,-0.087602,0.146519,0.552266,-0.082873
85,2.8333333333333335,30.0,85,8,0.999949,True,0.012642,0.536213,-0.038924,0.01218,0.535037,-0.03789
85,2.8333333333333335,30.0,85,9,0.99992,True,0.036148,0.562151,-0.10925,0.078909,0.542209,-0.137082
85,2.8333333333333335,30.0,85,10,0.999912,True,0.014074,0.533302,-0.11638,0.037861,0.515085,-0.149248
85,2.8333333333333335,30.0,85,11,0.999946,True,0.081944,0.410792,-0.090955,0.111157,0.404094,-0.090923
85,2.8333333333333335,30.0,85,12,0.999854,True,0.032524,0.473571,0.168839,0.028006,0.471794,0.188072
85,2.8333333333333335,30.0,85,13,0.878464,True,-0.032411,0.283725,-0.194511,-0.006132,0.276333,-0.229303
85,2.8333333333333335,30.0,85,14,0.678339,True,-0.078135,0.262179,0.204246,-0.018772,0.227284,0.219607
85,2.8333333333333335,30.0,85,15,0.855799,True,-0.228308,0.26484,-0.084488,-0.231273,0.237031,-0.204507
85,2.8333333333333335,30.0,85,16,0.731603,True,-0.258655,0.225667,0.187179,-0.145072,0.079474,0.189757
85,2.8333333333333335,30.0,85,17,0.848451,True,-0.280691,0.278081,-0.081405,-0.282916,0.247112,-0.214802
85,2.8333333333333335,30.0,85,18,0.740635,True,-0.262444,0.229477,0.170918,-0.13252,0.048703,0.172729
85,2.8333333333333335,30.0,85,19,0.850204,True,-0.298054,0.289777,-0.070182,-0.305489,0.263286,-0.195004
85,2.8333333333333335,30.0,85,20,0.74467,True,-0.24671,0.261203,0.155805,-0.129755,0.077386,0.148964
85,2.8333333333333335,30.0,85,21,0.832626,True,-0.239522,0.254504,-0.073151,-0.244265,0.227799,-0.188783
85,2.8333333333333335,30.0,85,22,0.728747,True,-0.265909,0.239294,0.173665,-0.150975,0.083514,0.174203
85,2.8333333333333335,30.0,85,23,0.999963,True,0.02916,-0.010995,-0.036554,0.030225,0.007488,-0.044816
85,2.8333333333333335,30.0,85,24,0.999939,True,-0.02577,0.013433,0.03759,-0.02487,-0.006652,0.045348
85,2.8333333333333335,30.0,85,25,0.931475,False,-0.08257,-0.378004,-0.105755,-0.207541,-0.007061,-0.0887
85,2.8333333333333335,30.0,85,26,0.849842,True,-0.057842,-0.154839,0.036455,-0.019777,-0.330821,0.077348
85,2.8333333333333335,30.0,85,27,0.921332,False,0.009621,-0.778213,-0.00739,-0.06795,-0.145202,0.146629
85,2.8333333333333335,30.0,85,28,0.699959,False,0.039902,-0.318541,0.244131,-0.042474,-0.720781,0.244748
85,2.8333333333333335,30.0,85,29,0.875262,False,-0.000997,-0.813683,0.013269,-0.063368,-0.157107,0.186226
85,2.8333333333333335,30.0,85,30,0.671421,False,0.050196,-0.330329,0.229352,-0.040633,-0.74852,0.226277
85,2.8333333333333335,30.0,85,31,0.927019,False,-0.042218,-0.876573,0.011966,-0.092719,-0.213196,0.270554
85,2.8333333333333335,30.0,85,32,0.730353,False,0.061115,-0.396576,0.253664,-0.051259,-0.801236,0.241857
86,2.8666666666666667,30.0,86,0,0.999974,True,-0.054346,0.613269,-0.067055,-0.084736,0.632336,-0.059765
86,2.8666666666666667,30.0,86,1,0.999976,True,-0.033033,0.624284,-0.08529,-0.06745,0.640506,-0.090485
86,2.8666666666666667,30.0,86,2,0.999972,True,-0.031502,0.626166,-0.073222,-0.067688,0.643147,-0.077956
86,2.8666666666666667,30.0,86,3,0.99998,True,-0.030878,0.625748,-0.074647,-0.066474,0.642249,-0.078083
86,2.8666666666666667,30.0,86,4,0.99998,True,-0.021035,0.637534,-0.082177,-0.039718,0.65427,-0.08169
86,2.8666666666666667,30.0,86,5,0.999979,True,-0.021729,0.635331,-0.093978,-0.039904,0.651911,-0.093633
86,2.8666666666666667,30.0,86,6,0.99998,True,-0.016846,0.622204,-0.073703,-0.035318,0.63604,-0.073134
86,2.8666666666666667,30.0,86,7,0.999979,True,0.031835,0.572883,-0.084945,-0.00666,0.579586,-0.100287
86,2.8666666666666667,30.0,86,8,0.999938,True,0.016517,0.548593,-0.025307,0.01928,0.551485,-0.053011
86,2.8666666666666667,30.0,86,9,0.999914,True,-0.016472,0.581939,-0.06073,-0.052669,0.596448,-0.069031
86,2.8666666666666667,30.0,86,10,0.999897,True,-0.021989,0.553761,-0.064252,-0.040743,0.567192,-0.06479
86,2.8666666666666667,30.0,86,11,0.99995,True,-0.010722,0.422401,-0.103375,-0.065757,0.429791,-0.140219
86,2.8666666666666667,30.0,86,12,0.999834,True,0.081099,0.480611,0.165735,0.115346,0.478513,0.139184
86,2.8666666666666667,30.0,86,13,0.884729,True,-0.169523,0.300255,-0.172332,-0.233294,0.317542,-0.217258
86,2.8666666666666667,30.0,86,14,0.612894,True,0.00394,0.269716,0.216623,0.023618,0.291472,0.242489
86,2.8666666666666667,30.0,86,15,0.83798,True,-0.31113,0.29597,0.024348,-0.346693,0.337297,0.097816
86,2.8666666666666667,30.0,86,16,0.659467,True,-0.173679,0.275051,0.265842,-0.170119,0.359514,0.368661
86,2.8666666666666667,30.0,86,17,0.825788,True,-0.352106,0.318337,0.040197,-0.382855,0.371247,0.127883
86,2.8666666666666667,30.0,86,18,0.668095,True,-0.174463,0.284087,0.271487,-0.172705,0.390636,0.379154
86,2.8666666666666667,30.0,86,19,0.827096,True,-0.351977,0.328922,0.049427,-0.374152,0.38135,0.129303
86,2.8666666666666667,30.0,86,20,0.671713,True,-0.167119,0.318027,0.267309,-0.169449,0.430009,0.372683
86,2.8666666666666667,30.0,86,21,0.79926,True,-0.311019,0.287284,0.03461,-0.341582,0.331241,0.105526
86,2.8666666666666667,30.0,86,22,0.657643,True,-0.186126,0.293473,0.261656,-0.186725,0.385752,0.359531
86,2.8666666666666667,30.0,86,23,0.999956,True,-0.010136,-0.004334,-0.041316,-0.033227,0.000808,-0.052533
86,2.8666666666666667,30.0,86,24,0.999907,True,0.012916,0.005539,0.041972,0.035617,0.000583,0.052734
86,2.8666666666666667,30.0,86,25,0.934086,True,-0.111034,-0.37277,-0.078898,-0.12181,-0.308266,-0.090532
86,2.8666666666666667,30.0,86,26,0.773104,True,0.078288,-0.157444,0.122919,0.139876,-0.16113,0.272183
86,2.8666666666666667,30.0,86,27,0.926285,False,0.019702,-0.782349,-0.014662,0.039084,-0.683263,-0.088663
86,2.8666666666666667,30.0,86,28,0.655319,True,0.068578,-0.36781,0.31209,0.099153,-0.453963,0.495104
86,2.8666666666666667,30.0,86,29,0.881237,False,0.011286,-0.819767,0.001315,0.0323,-0.722075,-0.081859
86,2.8666666666666667,30.0,86,30,0.645983,True,0.065661,-0.382549,0.295691,0.089423,-0.47542,0.480903
86,2.8666666666666667,30.0,86,31,0.928017,False,-0.040177,-0.876611,0.027708,-0.049509,-0.775485,-0.054043
86,2.8666666666666667,30.0,86,32,0.677997,True,0.06963,-0.432067,0.334009,0.07442,-0.509383,0.547678
87,2.9,30.0,87,0,0.999965,True,-0.088664,0.631977,-0.001691,-0.112019,0.642438,-0.038204
87,2.9,30.0,87,1,0.999971,True,-0.073703,0.641671,-0.031794,-0.09643,0.65168,-0.069981
87,2.9,30.0,87,2,0.999968,True,-0.07253,0.644291,-0.019485,-0.096127,0.653694,-0.057962
87,2.9,30.0,87,3,0.999977,True,-0.07181,0.643531,-0.021628,-0.094897,0.653318,-0.057557
87,2.9,30.0,87,4,0.999974,True,-0.046206,0.656242,-0.030877,-0.066976,0.666305,-0.062099
87,2.9,30.0,87,5,0.999972,True,-0.048172,0.65349,-0.04198,-0.066106,0.663883,-0.073542
87,2.9,30.0,87,6,0.999973,True,-0.039981,0.640391,-0.021018,-0.06126,0.64858,-0.05276
87,2.9,30.0,87,7,0.999979,True,-0.030718,0.582007,-0.084918,-0.034059,0.586732,-0.117388
87,2.9,30.0,87,8,0.999929,True,0.023405,0.555807,-0.024036,0.016812,0.55876,-0.041879
87,2.9,30.0,87,9,0.999903,True,-0.058084,0.598107,-0.01134,-0.081053,0.606562,-0.04648
87,2.9,30.0,87,10,0.999881,True,-0.047368,0.56987,-0.016757,-0.065228,0.577729,-0.043001
87,2.9,30.0,87,11,0.999953,True,-0.093226,0.430912,-0.101916,-0.09295,0.434261,-0.131993
87,2.9,30.0,87,12,0.999811,True,0.121109,0.486701,0.13802,0.114808,0.486418,0.148846
87,2.9,30.0,87,13,0.889523,True,-0.265887,0.31147,-0.122737,-0.264524,0.319626,-0.155484
87,2.9,30.0,87,14,0.553755,True,0.085639,0.274015,0.191407,0.012252,0.308278,0.269327
87,2.9,30.0,87,15,0.819833,True,-0.329589,0.316916,0.127742,-0.366197,0.34055,0.141972
87,2.9,30.0,87,16,0.594531,True,-0.093837,0.319779,0.29732,-0.189891,0.370568,0.399786
87,2.9,30.0,87,17,0.80582,True,-0.352787,0.345625,0.154534,-0.399065,0.374871,0.172049
87,2.9,30.0,87,18,0.603002,True,-0.094944,0.331201,0.322134,-0.19523,0.401523,0.409128
87,2.9,30.0,87,19,0.806781,True,-0.336398,0.354115,0.159247,-0.387037,0.383479,0.172065
87,2.9,30.0,87,20,0.606297,True,-0.096305,0.365727,0.328345,-0.191442,0.438837,0.401482
87,2.9,30.0,87,21,0.770419,True,-0.317235,0.308909,0.133928,-0.358932,0.333524,0.148756
87,2.9,30.0,87,22,0.593899,True,-0.11181,0.339878,0.302557,-0.207974,0.395454,0.390118
87,2.9,30.0,87,23,0.99995,True,-0.044631,-0.003993,-0.03379,-0.041361,-0.002669,-0.049
87,2.9,30.0,87,24,0.999885,True,0.046599,0.004084,0.034114,0.043454,0.003644,0.049557
87,2.9,30.0,87,25,0.937575,True,-0.111989,-0.375831,-0.047889,-0.095435,-0.401959,-0.09306
87,2.9,30.0,87,26,0.72071,True,0.194782,-0.118001,0.160048,0.19371,-0.11398,0.185761
87,2.9,30.0,87,27,0.931877,True,0.032515,-0.777864,-0.028535,0.0533,-0.788775,-0.105517
87,2.9,30.0,87,28,0.643172,True,0.0944,-0.388759,0.325248,0.113759,-0.404124,0.348403
87,2.9,30.0,87,29,0.888474,True,0.022645,-0.816243,-0.018309,0.040925,-0.828606,-0.100452
87,2.9,30.0,87,30,0.639915,True,0.080694,-0.406055,0.306975,0.099194,-0.426802,0.328238
87,2.9,30.0,87,31,0.931634,True,-0.029527,-0.868528,0.024239,-0.031976,-0.881136,-0.092726
87,2.9,30.0,87,32,0.660353,True,0.084604,-0.44572,0.356822,0.096602,-0.462176,0.375041
88,2.933333333333333,30.0,88,0,0.999896,True,-0.091179,0.639836,0.059589,-0.085899,0.639674,0.046191
88,2.933333333333333,30.0,88,1,0.9999,True,-0.086201,0.6492,0.022823,-0.089457,0.649037,0.007825
88,2.933333333333333,30.0,88,2,0.999897,True,-0.085248,0.652833,0.035116,-0.088548,0.65228,0.020611
88,2.933333333333333,30.0,88,3,0.999926,True,-0.084438,0.651683,0.031816,-0.088386,0.651237,0.015778
88,2.933333333333333,30.0,88,4,0.999917,True,-0.046182,0.664235,0.017252,-0.050776,0.664372,0.001283
88,2.933333333333333,30.0,88,5,0.99992,True,-0.049652,0.660796,0.006863,-0.052436,0.661233,-0.009626
88,2.933333333333333,30.0,88,6,0.999926,True,-0.037794,0.648653,0.028312,-0.043423,0.649639,0.012743
88,2.933333333333333,30.0,88,7,0.999955,True,-0.076317,0.586223,-0.071401,-0.094287,0.586777,-0.104887
88,2.933333333333333,30.0,88,8,0.999835,True,0.034831,0.554788,-0.023438,0.02508,0.555628,-0.046745
88,2.933333333333333,30.0,88,9,0.999723,True,-0.072132,0.605137,0.039826,-0.075841,0.606473,0.025241
88,2.933333333333333,30.0,88,10,0.999685,True,-0.049035,0.576062,0.027202,-0.04768,0.57797,0.010182
88,2.933333333333333,30.0,88,11,0.999952,True,-0.148583,0.432657,-0.075082,-0.156805,0.432905,-0.087282
88,2.933333333333333,30.0,88,12,0.999799,True,0.146345,0.488863,0.102536,0.14383,0.495395,0.065911
88,2.933333333333333,30.0,88,13,0.859881,True,-0.308509,0.313033,-0.047126,-0.289758,0.311454,-0.020794
88,2.933333333333333,30.0,88,14,0.515079,True,0.160056,0.270478,0.145428,0.178811,0.272495,0.034588
88,2.933333333333333,30.0,88,15,0.746004,True,-0.296167,0.325586,0.219118,-0.227945,0.320694,0.207663
88,2.933333333333333,30.0,88,16,0.535288,True,-0.022447,0.344919,0.289707,0.029368,0.346863,0.15204
88,2.933333333333333,30.0,88,17,0.733691,True,-0.300513,0.357639,0.253136,-0.226116,0.350475,0.24149
88,2.933333333333333,30.0,88,18,0.542921,True,-0.02582,0.356295,0.324682,0.028006,0.355076,0.228557
88,2.933333333333333,30.0,88,19,0.734549,True,-0.273337,0.363603,0.253492,-0.194018,0.356515,0.241242
88,2.933333333333333,30.0,88,20,0.545882,True,-0.03483,0.390326,0.337585,0.023995,0.380906,0.276524
88,2.933333333333333,30.0,88,21,0.700245,True,-0.273607,0.317564,0.220251,-0.200904,0.3116,0.207011
88,2.933333333333333,30.0,88,22,0.534722,True,-0.045213,0.363623,0.301224,0.009783,0.370594,0.197614
88,2.933333333333333,30.0,88,23,0.999949,True,-0.068195,-0.008894,-0.014997,-0.073311,-0.01312,-0.002105
88,2.933333333333333,30.0,88,24,0.999882,True,0.069484,0.008209,0.015031,0.07363,0.012128,0.002791
88,2.933333333333333,30.0,88,25,0.928424,True,-0.089563,-0.384809,-0.014424,-0.067459,-0.402429,0.012187
88,2.933333333333333,30.0,88,26,0.666689,True,0.279449,-0.05518,0.146027,0.270487,-0.024849,0.101758
88,2.933333333333333,30.0,88,27,0.930753,True,0.045781,-0.767336,-0.036093,0.051161,-0.764341,-0.010965
88,2.933333333333333,30.0,88,28,0.611097,True,0.117874,-0.370306,0.280716,0.113697,-0.384661,0.244366
88,2.933333333333333,30.0,88,29,0.894374,True,0.032243,-0.805759,-0.030669,0.034859,-0.801637,-0.005845
88,2.933333333333333,30.0,88,30,0.623144,True,0.097203,-0.388947,0.260712,0.095289,-0.391131,0.224813
88,2.933333333333333,30.0,88,31,0.914942,True,-0.011165,-0.855117,0.017969,0.003039,-0.849458,0.045984
88,2.933333333333333,30.0,88,32,0.612984,True,0.10664,-0.429452,0.3199,0.118406,-0.419186,0.263896
89,2.966666666666667,30.0,89,0,0.999883,True,-0.057954,0.635314,0.104862,-0.076486,0.633962,0.131675
89,2.966666666666667,30.0,89,1,0.999887,True,-0.065133,0.645247,0.068558,-0.060201,0.6452,0.096844
89,2.966666666666667,30.0,89,2,0.999887,True,-0.064126,0.650058,0.080676,-0.058953,0.64972,0.109334
89,2.966666666666667,30.0,89,3,0.99992,True,-0.063318,0.648479,0.076318,-0.058804,0.647934,0.102563
89,2.966666666666667,30.0,89,4,0.999907,True,-0.0178,0.660026,0.054385,-0.029847,0.659544,0.078054
89,2.966666666666667,30.0,89,5,0.999911,True,-0.022485,0.655738,0.044528,-0.0401,0.655434,0.070003
89,2.966666666666667,30.0,89,6,0.999915,True,-0.007893,0.645126,0.066162,-0.017865,0.645384,0.090879
89,2.966666666666667,30.0,89,7,0.999954,True,-0.094324,0.584491,-0.041122,-0.093744,0.587537,-0.02544
89,2.966666666666667,30.0,89,8,0.999822,True,0.048338,0.545708,-0.020047,0.048446,0.554273,-0.004526
89,2.966666666666667,30.0,89,9,0.999697,True,-0.053666,0.60161,0.083898,-0.047477,0.602233,0.111217
89,2.966666666666667,30.0,89,10,0.999646,True,-0.024228,0.571057,0.06125,-0.040407,0.573011,0.083687
89,2.966666666666667,30.0,89,11,0.999955,True,-0.171078,0.427377,-0.024706,-0.17209,0.432952,0.005734
89,2.966666666666667,30.0,89,12,0.999794,True,0.155954,0.486103,0.071921,0.156499,0.493742,0.069307
89,2.966666666666667,30.0,89,13,0.859706,True,-0.29808,0.307721,0.043209,-0.299069,0.311364,0.09389
89,2.966666666666667,30.0,89,14,0.496614,True,0.219473,0.262885,0.098322,0.234204,0.253009,0.076066
89,2.966666666666667,30.0,89,15,0.703929,True,-0.229623,0.328224,0.300726,-0.215939,0.312929,0.326857
89,2.966666666666667,30.0,89,16,0.482615,True,0.041775,0.348731,0.263487,0.068706,0.337848,0.233905
89,2.966666666666667,30.0,89,17,0.688863,True,-0.219132,0.362246,0.338563,-0.205073,0.341706,0.361431
89,2.966666666666667,30.0,89,18,0.489497,True,0.037095,0.360264,0.297275,0.068726,0.32801,0.255472
89,2.966666666666667,30.0,89,19,0.689632,True,-0.188478,0.365787,0.33618,-0.171397,0.343351,0.362429
89,2.966666666666667,30.0,89,20,0.492169,True,0.023052,0.393464,0.311979,0.054094,0.361916,0.264583
89,2.966666666666667,30.0,89,21,0.655696,True,-0.200908,0.320062,0.297787,-0.186642,0.303385,0.322552
89,2.966666666666667,30.0,89,22,0.482161,True,0.016116,0.364666,0.276406,0.04401,0.34323,0.240839
89,2.966666666666667,30.0,89,23,0.99995,True,-0.079676,-0.015738,0.010012,-0.078828,-0.020012,0.020773
89,2.966666666666667,30.0,89,24,0.99988,True,0.080672,0.014742,-0.010182,0.079668,0.018066,-0.021135
89,2.966666666666667,30.0,89,25,0.926527,True,-0.056487,-0.394158,0.015947,-0.060776,-0.401506,0.03349
89,2.966666666666667,30.0,89,26,0.645362,True,0.333809,0.003539,0.104447,0.322967,0.038078,0.059192
89,2.966666666666667,30.0,89,27,0.931492,True,0.05706,-0.756657,-0.032583,0.047112,-0.756772,-0.008616
89,2.966666666666667,30.0,89,28,0.586317,True,0.139399,-0.323302,0.20505,0.143638,-0.297124,0.171335
89,2.966666666666667,30.0,89,29,0.901002,True,0.039808,-0.794692,-0.03001,0.028777,-0.794889,-0.005121
89,2.966666666666667,30.0,89,30,0.612187,True,0.115207,-0.342167,0.183677,0.123594,-0.320874,0.150977
89,2.966666666666667,30.0,89,31,0.904652,True,0.010074,-0.841727,0.018918,0.016904,-0.841136,0.043452
89,2.966666666666667,30.0,89,32,0.573469,True,0.132024,-0.39231,0.25099,0.157806,-0.385714,0.215747
90,3.0,30.0,90,0,0.999845,True,-0.00066,0.621814,0.119472,-0.022903,0.629889,0.148214
90,3.0,30.0,90,1,0.999839,True,-0.019319,0.632912,0.090307,-0.0513,0.640248,0.117705
90,3.0,30.0,90,2,0.999847,True,-0.018035,0.638743,0.102273,-0.049602,0.646472,0.12899
90,3.0,30.0,90,3,0.999889,True,-0.017421,0.636774,0.097388,-0.047725,0.644659,0.124449
90,3.0,30.0,90,4,0.999877,True,0.02873,0.646999,0.06817,0.015432,0.655163,0.094608
90,3.0,30.0,90,5,0.999888,True,0.023585,0.641828,0.058588,0.010138,0.649852,0.084537
90,3.0,30.0,90,6,0.999891,True,0.039018,0.632635,0.080149,0.027009,0.642046,0.106275
90,3.0,30.0,90,7,0.999946,True,-0.084487,0.578648,-0.004385,-0.079883,0.580158,0.011575
90,3.0,30.0,90,8,0.999787,True,0.058221,0.532031,-0.018605,0.065455,0.533071,0.004499
90,3.0,30.0,90,9,0.999623,True,-0.011027,0.590623,0.106996,-0.034873,0.595446,0.13295
90,3.0,30.0,90,10,0.999564,True,0.017883,0.558242,0.074567,0.006119,0.563283,0.09833
90,3.0,30.0,90,11,0.999957,True,-0.1655,0.418716,0.0368,-0.161617,0.425059,0.033993
90,3.0,30.0,90,12,0.999796,True,0.153355,0.480362,0.049922,0.160774,0.479491,0.069212
90,3.0,30.0,90,13,0.850532,True,-0.245468,0.303182,0.134283,-0.259958,0.306536,0.102125
90,3.0,30.0,90,14,0.504784,True,0.257953,0.260435,0.060052,0.286252,0.249411,0.076585
90,3.0,30.0,90,15,0.647528,True,-0.146346,0.332494,0.37804,-0.158368,0.307743,0.312316
90,3.0,30.0,90,16,0.437053,True,0.10486,0.340798,0.23214,0.120985,0.315023,0.206135
90,3.0,30.0,90,17,0.632126,True,-0.128723,0.368655,0.417961,-0.145702,0.335224,0.349496
90,3.0,30.0,90,18,0.443044,True,0.103036,0.355203,0.25531,0.115373,0.326884,0.213689
90,3.0,30.0,90,19,0.632654,True,-0.101032,0.370115,0.414486,-0.119705,0.33646,0.347018
90,3.0,30.0,90,20,0.445466,True,0.088192,0.387577,0.268635,0.095133,0.363003,0.216957
90,3.0,30.0,90,21,0.601745,True,-0.11621,0.324355,0.373197,-0.131663,0.297686,0.309083
90,3.0,30.0,90,22,0.436408,True,0.079373,0.354666,0.242481,0.093406,0.326212,0.207746
90,3.0,30.0,90,23,0.999952,True,-0.081693,-0.021333,0.035418,-0.078071,-0.022502,0.029937
90,3.0,30.0,90,24,0.999883,True,0.082803,0.020479,-0.035594,0.079269,0.021973,-0.030312
90,3.0,30.0,90,25,0.926923,True,-0.024238,-0.400376,0.037194,-0.019162,-0.398355,0.034956
90,3.0,30.0,90,26,0.639461,True,0.364759,0.038657,0.060791,0.349591,0.043467,0.024682
90,3.0,30.0,90,27,0.933567,True,0.065617,-0.752333,-0.021541,0.057536,-0.749393,-0.011269
90,3.0,30.0,90,28,0.572035,True,0.161542,-0.273627,0.129918,0.162127,-0.268325,0.078498
90,3.0,30.0,90,29,0.907851,True,0.04601,-0.790143,-0.020013,0.037466,-0.787176,-0.00647
90,3.0,30.0,90,30,0.615153,True,0.136502,-0.292536,0.107427,0.139173,-0.293659,0.055002
90,3.0,30.0,90,31,0.896869,True,0.029938,-0.834264,0.026063,0.031062,-0.83338,0.043105
90,3.0,30.0,90,32,0.542337,True,0.160816,-0.354658,0.182435,0.171877,-0.356713,0.148884
91,3.033333333333333,30.0,91,0,0.999808,True,0.060014,0.60486,0.095296,0.105213,0.589322,0.0885
91,3.033333333333333,30.0,91,1,0.999773,True,0.033745,0.617493,0.077702,0.067639,0.602357,0.076215
91,3.033333333333333,30.0,91,2,0.999781,True,0.035407,0.623753,0.089675,0.069521,0.608768,0.087913
91,3.033333333333333,30.0,91,3,0.999842,True,0.035608,0.621572,0.084877,0.06988,0.606735,0.084337
91,3.033333333333333,30.0,91,4,0.999854,True,0.075664,0.630663,0.049998,0.110118,0.613944,0.039155
91,3.033333333333333,30.0,91,5,0.999867,True,0.070906,0.62482,0.040513,0.107629,0.607853,0.030108
91,3.033333333333333,30.0,91,6,0.999868,True,0.085243,0.616415,0.061869,0.118576,0.599835,0.051569
91,3.033333333333333,30.0,91,7,0.999929,True,-0.054546,0.572079,0.023738,-0.050195,0.564469,0.053148
91,3.033333333333333,30.0,91,8,0.999741,True,0.058675,0.518485,-0.025705,0.061895,0.501922,-0.019466
91,3.033333333333333,30.0,91,9,0.999499,True,0.039715,0.577367,0.099387,0.068491,0.564217,0.099415
91,3.033333333333333,30.0,91,10,0.99947,True,0.061495,0.543053,0.059212,0.094918,0.52706,0.046806
91,3.033333333333333,30.0,91,11,0.999954,True,-0.140995,0.412188,0.094801,-0.13079,0.399275,0.114318
91,3.033333333333333,30.0,91,12,0.999765,True,0.143293,0.475277,0.033487,0.133243,0.465144,0.046988
91,3.033333333333333,30.0,91,13,0.775223,True,-0.166836,0.306336,0.215383,-0.176993,0.288384,0.223386
91,3.033333333333333,30.0,91,14,0.498838,True,0.275151,0.269897,0.02794,0.258791,0.250893,0.06133
91,3.033333333333333,30.0,91,15,0.583736,True,-0.057005,0.339233,0.4512,-0.111895,0.338372,0.477916
91,3.033333333333333,30.0,91,16,0.394722,True,0.174836,0.33127,0.192446,0.129123,0.30787,0.234926
91,3.033333333333333,30.0,91,17,0.570092,True,-0.040728,0.377399,0.492981,-0.079604,0.38171,0.520208
91,3.033333333333333,30.0,91,18,0.400268,True,0.181941,0.3512,0.199548,0.130511,0.333001,0.238902
91,3.033333333333333,30.0,91,19,0.570652,True,-0.019614,0.377029,0.489252,-0.059603,0.382078,0.515094
91,3.033333333333333,30.0,91,20,0.402458,True,0.171426,0.382619,0.211446,0.116807,0.361316,0.244258
91,3.033333333333333,30.0,91,21,0.543208,True,-0.029405,0.330918,0.446787,-0.076843,0.330619,0.472934
91,3.033333333333333,30.0,91,22,0.394374,True,0.153326,0.344725,0.198858,0.10538,0.321631,0.237355
91,3.033333333333333,30.0,91,23,0.999951,True,-0.077437,-0.024261,0.057439,-0.072001,-0.023299,0.05929
91,3.033333333333333,30.0,91,24,0.999882,True,0.078887,0.023892,-0.057308,0.073905,0.02328,-0.059136
91,3.033333333333333,30.0,91,25,0.908224,True,0.002783,-0.404335,0.046637,0.011268,-0.394887,0.042685
91,3.033333333333333,30.0,91,26,0.642987,True,0.375454,0.046555,0.021232,0.375735,0.027178,0.007573
91,3.033333333333333,30.0,91,27,0.926956,True,0.071657,-0.758105,-0.008288,0.078997,-0.744682,-0.013151
91,3.033333333333333,30.0,91,28,0.582283,True,0.186337,-0.246874,0.067319,0.161209,-0.230414,0.014098
91,3.033333333333333,30.0,91,29,0.907808,True,0.050998,-0.79624,-0.006547,0.058063,-0.781901,-0.010983
91,3.033333333333333,30.0,91,30,0.621559,True,0.162841,-0.266953,0.043657,0.132241,-0.245759,-0.014167
91,3.033333333333333,30.0,91,31,0.879954,True,0.047313,-0.836474,0.03374,0.045919,-0.829336,0.027901
91,3.033333333333333,30.0,91,32,0.538282,True,0.196456,-0.335861,0.126467,0.137425,-0.301753,0.065135
92,3.066666666666667,30.0,92,0,0.999825,True,0.10539,0.588615,0.036301,0.127336,0.582806,0.039791
92,3.066666666666667,30.0,92,1,0.999793,True,0.077216,0.603155,0.031565,0.098732,0.598295,0.022329
92,3.066666666666667,30.0,92,2,0.9998,True,0.07929,0.608926,0.043688,0.100422,0.604097,0.03383
92,3.066666666666667,30.0,92,3,0.999855,True,0.078942,0.606849,0.03936,0.099714,0.602068,0.03049
92,3.066666666666667,30.0,92,4,0.999867,True,0.107538,0.615161,0.00095,0.127957,0.609853,0.008086
92,3.066666666666667,30.0,92,5,0.999879,True,0.103759,0.609107,-0.008508,0.125534,0.604021,-0.004066
92,3.066666666666667,30.0,92,6,0.99988,True,0.115852,0.600807,0.012658,0.136152,0.594854,0.017224
92,3.066666666666667,30.0,92,7,0.999935,True,-0.015255,0.567627,0.032923,-0.022876,0.565119,0.012706
92,3.066666666666667,30.0,92,8,0.999764,True,0.047464,0.50842,-0.044202,0.058097,0.505745,-0.067423
92,3.066666666666667,30.0,92,9,0.999537,True,0.083213,0.565897,0.06128,0.096722,0.56105,0.046303
92,3.066666666666667,30.0,92,10,0.999513,True,0.092843,0.529569,0.015593,0.11036,0.52407,0.02531
92,3.066666666666667,30.0,92,11,0.99995,True,-0.104764,0.41182,0.139019,-0.095655,0.400915,0.112534
92,3.066666666666667,30.0,92,12,0.999768,True,0.129147,0.473546,0.017371,0.122364,0.466477,-0.00936
92,3.066666666666667,30.0,92,13,0.706858,True,-0.078482,0.318005,0.278912,-0.064518,0.294399,0.244074
92,3.066666666666667,30.0,92,14,0.53519,True,0.277277,0.289482,-0.005949,0.278516,0.284822,-0.000279
92,3.066666666666667,30.0,92,15,0.526946,True,0.032786,0.340326,0.509344,0.069515,0.339554,0.484735
92,3.066666666666667,30.0,92,16,0.36433,True,0.255509,0.321998,0.1334,0.217666,0.334379,0.202197
92,3.066666666666667,30.0,92,17,0.515271,True,0.042245,0.378319,0.55304,0.081415,0.379966,0.531437
92,3.066666666666667,30.0,92,18,0.367698,True,0.277095,0.3474,0.122598,0.232382,0.368427,0.203488
92,3.066666666666667,30.0,92,19,0.51587,True,0.056511,0.376213,0.548815,0.095978,0.380469,0.524277
92,3.066666666666667,30.0,92,20,0.369136,True,0.275406,0.377659,0.134958,0.230455,0.399954,0.213622
92,3.066666666666667,30.0,92,21,0.491785,True,0.05585,0.330886,0.506918,0.090796,0.332141,0.481238
92,3.066666666666667,30.0,92,22,0.361126,True,0.241586,0.336131,0.136821,0.201371,0.352325,0.205079
92,3.066666666666667,30.0,92,23,0.999954,True,-0.068165,-0.024905,0.074884,-0.064606,-0.023249,0.072372
92,3.066666666666667,30.0,92,24,0.999887,True,0.069958,0.025211,-0.074134,0.066667,0.023819,-0.072369
92,3.066666666666667,30.0,92,25,0.914218,True,0.026078,-0.408998,0.046086,0.014953,-0.403302,0.043644
92,3.066666666666667,30.0,92,26,0.667128,True,0.363061,0.034857,-0.027388,0.365217,0.021038,0.007052
92,3.066666666666667,30.0,92,27,0.932831,True,0.074533,-0.772753,0.005429,0.072165,-0.769267,-0.004685
92,3.066666666666667,30.0,92,28,0.611026,True,0.211052,-0.255435,0.00782,0.206716,-0.239069,0.070938
92,3.066666666666667,30.0,92,29,0.915476,True,0.053011,-0.81177,0.008379,0.051627,-0.808006,-0.003145
92,3.066666666666667,30.0,92,30,0.638872,True,0.191445,-0.278715,-0.017048,0.185421,-0.259331,0.052906
92,3.066666666666667,30.0,92,31,0.888811,True,0.062796,-0.847954,0.039787,0.049929,-0.838254,0.036372
92,3.066666666666667,30.0,92,32,0.561456,True,0.238422,-0.345107,0.073434,0.227437,-0.342161,0.156004
93,3.1,30.0,93,0,0.999842,True,0.127209,0.574423,-0.043008,0.122344,0.578573,-0.051068
93,3.1,30.0,93,1,0.999813,True,0.102218,0.591355,-0.036675,0.100782,0.594728,-0.034854
93,3.1,30.0,93,2,0.999819,True,0.104728,0.595709,-0.02442,0.103121,0.599974,-0.021252
93,3.1,30.0,93,3,0.999869,True,0.103847,0.594092,-0.028201,0.101649,0.597477,-0.027245
93,3.1,30.0,93,4,0.99988,True,0.118469,0.601761,-0.068138,0.113329,0.606091,-0.071541
93,3.1,30.0,93,5,0.999891,True,0.115938,0.596085,-0.077638,0.109523,0.599789,-0.079029
93,3.1,30.0,93,6,0.999892,True,0.125645,0.587522,-0.056555,0.119797,0.590955,-0.058628
93,3.1,30.0,93,7,0.999941,True,0.023958,0.566293,0.021346,0.036034,0.566004,0.010586
93,3.1,30.0,93,8,0.999787,True,0.027585,0.502587,-0.071979,0.029768,0.508576,-0.072326
93,3.1,30.0,93,9,0.99957,True,0.110973,0.557554,0.002128,0.110403,0.561092,0.005095
93,3.1,30.0,93,10,0.999553,True,0.106567,0.518981,-0.047199,0.101041,0.524557,-0.051458
93,3.1,30.0,93,11,0.999903,True,-0.059669,0.417799,0.165116,-0.063156,0.418431,0.177543
93,3.1,30.0,93,12,0.999751,True,0.111801,0.475121,-0.002219,0.116699,0.475986,0.000552
93,3.1,30.0,93,13,0.637667,True,0.008216,0.33184,0.317482,0.048291,0.338159,0.332331
93,3.1,30.0,93,14,0.562349,True,0.272622,0.309612,-0.045348,0.258531,0.32548,-0.041868
93,3.1,30.0,93,15,0.477856,True,0.121512,0.325175,0.533302,0.169361,0.344848,0.53578
93,3.1,30.0,93,16,0.395008,True,0.340022,0.307581,0.052289,0.364742,0.322701,0.072688
93,3.1,30.0,93,17,0.469452,True,0.124341,0.358926,0.577929,0.162855,0.383495,0.574146
93,3.1,30.0,93,18,0.395965,True,0.378675,0.335455,0.024027,0.413929,0.351653,0.048523
93,3.1,30.0,93,19,0.469986,True,0.133763,0.355265,0.571889,0.16849,0.377922,0.570038
93,3.1,30.0,93,20,0.394851,True,0.388379,0.364866,0.038221,0.427556,0.389438,0.071102
93,3.1,30.0,93,21,0.448211,True,0.140275,0.31322,0.532975,0.183419,0.334898,0.532858
93,3.1,30.0,93,22,0.376404,True,0.33605,0.322344,0.05422,0.363672,0.342261,0.079925
93,3.1,30.0,93,23,0.999952,True,-0.053038,-0.024351,0.087898,-0.057288,-0.023201,0.08736
93,3.1,30.0,93,24,0.999889,True,0.055066,0.025412,-0.086371,0.059332,0.024034,-0.085648
93,3.1,30.0,93,25,0.92047,True,0.048209,-0.415729,0.040292,0.036295,-0.414205,0.034577
93,3.1,30.0,93,26,0.693567,True,0.323767,0.012614,-0.098675,0.343702,0.009079,-0.009163
93,3.1,30.0,93,27,0.938657,True,0.072345,-0.790524,0.021467,0.070782,-0.80438,0.01095
93,3.1,30.0,93,28,0.64529,True,0.226976,-0.293968,-0.059556,0.244739,-0.29782,0.080692
93,3.1,30.0,93,29,0.92215,True,0.049021,-0.830638,0.026642,0.048692,-0.845694,0.013509
93,3.1,30.0,93,30,0.663152,True,0.213051,-0.322015,-0.084881,0.232244,-0.324771,0.061099
93,3.1,30.0,93,31,0.898413,True,0.075551,-0.864122,0.047304,0.074765,-0.877499,0.033441
93,3.1,30.0,93,32,0.5984,True,0.276367,-0.379353,0.010113,0.30068,-0.400292,0.130926
94,3.1333333333333333,30.0,94,0,0.999856,True,0.128895,0.562069,-0.124096,0.108763,0.576159,-0.130466
94,3.1333333333333333,30.0,94,1,0.999831,True,0.109658,0.581842,-0.110473,0.093314,0.593618,-0.111022
94,3.1333333333333333,30.0,94,2,0.999835,True,0.112609,0.584226,-0.098296,0.095872,0.596372,-0.098836
94,3.1333333333333333,30.0,94,3,0.99988,True,0.111332,0.583311,-0.101649,0.094809,0.595267,-0.101151
94,3.1333333333333333,30.0,94,4,0.999892,True,0.11292,0.590108,-0.141364,0.096636,0.60352,-0.143604
94,3.1333333333333333,30.0,94,5,0.999902,True,0.11174,0.585356,-0.151105,0.094538,0.598792,-0.153066
94,3.1333333333333333,30.0,94,6,0.999902,True,0.119542,0.576536,-0.129959,0.103049,0.589396,-0.13174
94,3.1333333333333333,30.0,94,7,0.999944,True,0.057304,0.567467,-0.006011,0.060264,0.573102,0.000515
94,3.1333333333333333,30.0,94,8,0.999807,True,0.005709,0.500183,-0.103734,-0.011035,0.51023,-0.084865
94,3.1333333333333333,30.0,94,9,0.999584,True,0.122694,0.551833,-0.064191,0.111134,0.561755,-0.06128
94,3.1333333333333333,30.0,94,10,0.999582,True,0.106223,0.510787,-0.115295,0.090781,0.52411,-0.116818
94,3.1333333333333333,30.0,94,11,0.999788,True,-0.006325,0.426831,0.173074,-0.022366,0.439513,0.179912
94,3.1333333333333333,30.0,94,12,0.999757,True,0.090262,0.477834,-0.025881,0.094731,0.490003,-0.001786
94,3.1333333333333333,30.0,94,13,0.575314,True,0.089404,0.338748,0.324301,0.084923,0.388361,0.352102
94,3.1333333333333333,30.0,94,14,0.60018,True,0.264631,0.319743,-0.08754,0.25222,0.345473,-0.101
94,3.1333333333333333,30.0,94,15,0.43367,True,0.210876,0.290186,0.506524,0.1964,0.363854,0.560035
94,3.1333333333333333,30.0,94,16,0.453161,True,0.41002,0.283777,-0.040953,0.428502,0.321478,-0.105645
94,3.1333333333333333,30.0,94,17,0.427887,True,0.212564,0.315738,0.549498,0.185913,0.398374,0.606786
94,3.1333333333333333,30.0,94,18,0.453339,True,0.464118,0.310215,-0.084917,0.485966,0.350103,-0.156605
94,3.1333333333333333,30.0,94,19,0.428285,True,0.219423,0.311127,0.539541,0.18807,0.393622,0.598254
94,3.1333333333333333,30.0,94,20,0.452092,True,0.485864,0.340158,-0.069376,0.511817,0.367845,-0.135257
94,3.1333333333333333,30.0,94,21,0.40821,True,0.226986,0.274708,0.506847,0.20933,0.349652,0.564947
94,3.1333333333333333,30.0,94,22,0.431855,True,0.416606,0.298611,-0.039829,0.437351,0.333168,-0.102794
94,3.1333333333333333,30.0,94,23,0.999944,True,-0.031095,-0.02333,0.096663,-0.042131,-0.023297,0.09476
94,3.1333333333333333,30.0,94,24,0.99989,True,0.033255,0.025182,-0.094418,0.043847,0.024873,-0.091808
94,3.1333333333333333,30.0,94,25,0.925201,True,0.068904,-0.422842,0.034958,0.068899,-0.432474,0.050846
94,3.1333333333333333,30.0,94,26,0.723177,True,0.259553,-0.015591,-0.188682,0.283925,-0.013507,-0.162235
94,3.1333333333333333,30.0,94,27,0.944242,True,0.06319,-0.803791,0.042642,0.068205,-0.807953,0.064846
94,3.1333333333333333,30.0,94,28,0.680106,True,0.222699,-0.342637,-0.13039,0.222831,-0.353782,-0.103286
94,3.1333333333333333,30.0,94,29,0.929051,True,0.036875,-0.844711,0.050937,0.04488,-0.848097,0.073644
94,3.1333333333333333,30.0,94,30,0.695051,True,0.214915,-0.37443,-0.154393,0.214647,-0.383958,-0.130173
94,3.1333333333333333,30.0,94,31,0.90778,True,0.08204,-0.877964,0.061296,0.079755,-0.880405,0.075605
94,3.1333333333333333,30.0,94,32,0.637667,True,0.292314,-0.425297,-0.064494,0.291512,-0.441957,-0.130541
95,3.1666666666666665,30.0,95,0,0.99987,True,0.120332,0.552214,-0.191338,0.115295,0.552003,-0.191039
95,3.1666666666666665,30.0,95,1,0.999847,True,0.106865,0.574888,-0.174452,0.103941,0.576266,-0.176085
95,3.1666666666666665,30.0,95,2,0.99985,True,0.110206,0.575354,-0.162646,0.108225,0.575544,-0.164936
95,3.1666666666666665,30.0,95,3,0.999891,True,0.10869,0.575159,-0.165737,0.106873,0.576263,-0.167407
95,3.1666666666666665,30.0,95,4,0.999903,True,0.100741,0.580732,-0.203829,0.094811,0.581708,-0.20818
95,3.1666666666666665,30.0,95,5,0.999911,True,0.100962,0.57726,-0.214152,0.095551,0.578897,-0.219048
95,3.1666666666666665,30.0,95,6,0.999912,True,0.10744,0.568389,-0.19279,0.101674,0.57083,-0.196989
95,3.1666666666666665,30.0,95,7,0.999949,True,0.082944,0.570244,-0.040881,0.078858,0.573133,-0.016304
95,3.1666666666666665,30.0,95,8,0.999826,True,-0.011287,0.500884,-0.133351,-0.016399,0.501999,-0.130801
95,3.1666666666666665,30.0,95,9,0.999619,True,0.123584,0.548436,-0.124442,0.121144,0.550424,-0.123428
95,3.1666666666666665,30.0,95,10,0.99962,True,0.099747,0.505144,-0.175302,0.094195,0.504696,-0.178399
95,3.1666666666666665,30.0,95,11,0.99978,True,0.052874,0.434824,0.165134,0.046424,0.438679,0.162191
95,3.1666666666666665,30.0,95,12,0.99978,True,0.063726,0.479791,-0.050942,0.059608,0.485445,-0.05022
95,3.1666666666666665,30.0,95,13,0.523621,True,0.16623,0.333619,0.297692,0.12464,0.317935,0.30156
95,3.1666666666666665,30.0,95,14,0.639718,True,0.248685,0.315644,-0.128644,0.238729,0.315367,-0.166922
95,3.1666666666666665,30.0,95,15,0.398406,True,0.302624,0.243014,0.427631,0.244601,0.156353,0.440233
95,3.1666666666666665,30.0,95,16,0.507758,True,0.442652,0.254425,-0.134621,0.429052,0.23643,-0.229254
95,3.1666666666666665,30.0,95,17,0.395596,True,0.310506,0.258647,0.465386,0.25221,0.151447,0.479001
95,3.1666666666666665,30.0,95,18,0.507862,True,0.506778,0.276728,-0.191747,0.488149,0.24786,-0.295095
95,3.1666666666666665,30.0,95,19,0.396107,True,0.315722,0.254216,0.449342,0.261573,0.147142,0.467353
95,3.1666666666666665,30.0,95,20,0.506735,True,0.540331,0.309571,-0.176566,0.526747,0.281865,-0.284081
95,3.1666666666666665,30.0,95,21,0.377339,True,0.317726,0.224063,0.426185,0.260855,0.131476,0.440364
95,3.1666666666666665,30.0,95,22,0.488268,True,0.458842,0.269168,-0.134618,0.446712,0.247587,-0.232144
95,3.1666666666666665,30.0,95,23,0.999948,True,-0.003618,-0.021908,0.101105,-0.003712,-0.022421,0.106295
95,3.1666666666666665,30.0,95,24,0.999901,True,0.00584,0.024562,-0.098312,0.005656,0.025119,-0.102869
95,3.1666666666666665,30.0,95,25,0.930435,True,0.084427,-0.426881,0.0352,0.092406,-0.425999,0.036813
95,3.1666666666666665,30.0,95,26,0.750793,True,0.180706,-0.04822,-0.275627,0.158243,-0.039338,-0.392825
95,3.1666666666666665,30.0,95,27,0.948995,True,0.046504,-0.8063,0.070476,0.050959,-0.800392,0.079489
95,3.1666666666666665,30.0,95,28,0.711949,True,0.189769,-0.375215,-0.190192,0.188498,-0.364139,-0.4544
95,3.1666666666666665,30.0,95,29,0.935423,True,0.016834,-0.847312,0.082287,0.020411,-0.841966,0.093905
95,3.1666666666666665,30.0,95,30,0.725115,True,0.186948,-0.405565,-0.211301,0.189567,-0.391256,-0.494401
95,3.1666666666666665,30.0,95,31,0.916214,True,0.078076,-0.882568,0.084726,0.092955,-0.877137,0.093043
95,3.1666666666666665,30.0,95,32,0.673773,False,0.270038,-0.46132,-0.142064,0.288334,-0.417732,-0.551344
96,3.2,30.0,96,0,0.999863,True,0.110906,0.54747,-0.236273,0.115286,0.542971,-0.243491
96,3.2,30.0,96,1,0.99984,True,0.102202,0.572445,-0.218869,0.108008,0.567838,-0.231975
96,3.2,30.0,96,2,0.999833,True,0.105816,0.571558,-0.207648,0.111604,0.566579,-0.220186
96,3.2,30.0,96,3,0.999875,True,0.104151,0.571927,-0.210605,0.109909,0.567235,-0.223522
96,3.2,30.0,96,4,0.999904,True,0.090843,0.576225,-0.246355,0.094898,0.571222,-0.258941
96,3.2,30.0,96,5,0.999915,True,0.092422,0.574122,-0.257595,0.096471,0.568694,-0.269807
96,3.2,30.0,96,6,0.999917,True,0.097972,0.565401,-0.235867,0.10218,0.560107,-0.248114
96,3.2,30.0,96,7,0.999904,True,0.101975,0.574486,-0.074769,0.099199,0.571945,-0.095779
96,3.2,30.0,96,8,0.999831,True,-0.01918,0.505661,-0.155835,-0.010374,0.495994,-0.180206
96,3.2,30.0,96,9,0.999551,True,0.120283,0.548411,-0.169488,0.126505,0.542483,-0.181494
96,3.2,30.0,96,10,0.999597,True,0.093948,0.503907,-0.218517,0.098039,0.496213,-0.230385
96,3.2,30.0,96,11,0.999714,True,0.111642,0.439633,0.144569,0.112538,0.438008,0.132016
96,3.2,30.0,96,12,0.999789,True,0.033882,0.481174,-0.072678,0.046773,0.473999,-0.092349
96,3.2,30.0,96,13,0.481121,True,0.238813,0.319171,0.244869,0.216155,0.318185,0.244075
96,3.2,30.0,96,14,0.673719,True,0.215732,0.301908,-0.168256,0.241433,0.287784,-0.155235
96,3.2,30.0,96,15,0.379442,True,0.393601,0.198499,0.315327,0.374643,0.203615,0.332032
96,3.2,30.0,96,16,0.556663,True,0.420919,0.230767,-0.226206,0.449623,0.205808,-0.180343
96,3.2,30.0,96,17,0.383276,True,0.412506,0.205349,0.344915,0.397706,0.217602,0.370255
96,3.2,30.0,96,18,0.556602,True,0.487339,0.247998,-0.293689,0.518681,0.221566,-0.242959
96,3.2,30.0,96,19,0.385314,True,0.415447,0.202507,0.321512,0.408578,0.214348,0.341808
96,3.2,30.0,96,20,0.55558,True,0.532165,0.286221,-0.280427,0.551734,0.268727,-0.231002
96,3.2,30.0,96,21,0.365157,True,0.408328,0.177201,0.309867,0.394684,0.184013,0.326928
96,3.2,30.0,96,22,0.538333,True,0.444602,0.24587,-0.228094,0.470516,0.223178,-0.18286
96,3.2,30.0,96,23,0.99995,True,0.025106,-0.019906,0.101257,0.02872,-0.021105,0.101502
96,3.2,30.0,96,24,0.999908,True,-0.022897,0.023332,-0.09803,-0.026427,0.024793,-0.098779
96,3.2,30.0,96,25,0.935565,True,0.090043,-0.424977,0.043442,0.097872,-0.421823,0.020387
96,3.2,30.0,96,26,0.775507,True,0.101804,-0.081261,-0.33589,0.080976,-0.038182,-0.391677
96,3.2,30.0,96,27,0.953889,True,0.023283,-0.795811,0.103174,0.022787,-0.7924,0.064611
96,3.2,30.0,96,28,0.740282,True,0.12627,-0.369488,-0.233684,0.168908,-0.360217,-0.259261
96,3.2,30.0,96,29,0.94131,True,-0.008818,-0.836084,0.118178,-0.012912,-0.832844,0.07865
96,3.2,30.0,96,30,0.751156,True,0.125955,-0.389977,-0.252708,0.168637,-0.387543,-0.279377
96,3.2,30.0,96,31,0.924317,True,0.062279,-0.87384,0.115431,0.081918,-0.87003,0.085196
96,3.2,30.0,96,32,0.705935,True,0.203449,-0.460667,-0.219219,0.252373,-0.409787,-0.323283
97,3.2333333333333334,30.0,97,0,0.999872,True,0.105597,0.550839,-0.258466,0.109853,0.544833,-0.270893
97,3.2333333333333334,30.0,97,1,0.999852,True,0.101148,0.576894,-0.241486,0.098993,0.572273,-0.253716
97,3.2333333333333334,30.0,97,2,0.999842,True,0.104898,0.575382,-0.230907,0.101999,0.569491,-0.243094
97,3.2333333333333334,30.0,97,3,0.999883,True,0.103098,0.576147,-0.233786,0.100352,0.570821,-0.246694
97,3.2333333333333334,30.0,97,4,0.99991,True,0.087591,0.579685,-0.267384,0.090557,0.574247,-0.274599
97,3.2333333333333334,30.0,97,5,0.999919,True,0.090315,0.578779,-0.279659,0.093951,0.573104,-0.28671
97,3.2333333333333334,30.0,97,6,0.999922,True,0.095117,0.570297,-0.257457,0.098536,0.563468,-0.265654
97,3.2333333333333334,30.0,97,7,0.999902,True,0.116791,0.580638,-0.101279,0.11964,0.580594,-0.120802
97,3.2333333333333334,30.0,97,8,0.999833,True,-0.017291,0.515456,-0.168734,-0.014605,0.513559,-0.172483
97,3.2333333333333334,30.0,97,9,0.999562,True,0.117876,0.553241,-0.196002,0.116527,0.550175,-0.2104
97,3.2333333333333334,30.0,97,10,0.999594,True,0.091826,0.509208,-0.242756,0.096123,0.506693,-0.249389
97,3.2333333333333334,30.0,97,11,0.99972,True,0.16179,0.44167,0.115235,0.180155,0.440068,0.129771
97,3.2333333333333334,30.0,97,12,0.999771,True,0.005471,0.483776,-0.086258,0.010128,0.480231,-0.09626
97,3.2333333333333334,30.0,97,13,0.461454,True,0.30266,0.303926,0.180258,0.335751,0.293388,0.180842
97,3.2333333333333334,30.0,97,14,0.689936,True,0.159739,0.28861,-0.206816,0.205277,0.28412,-0.170514
97,3.2333333333333334,30.0,97,15,0.416855,True,0.474262,0.170253,0.200686,0.5318,0.178799,0.154268
97,3.2333333333333334,30.0,97,16,0.594949,True,0.34049,0.224369,-0.318611,0.351878,0.221105,-0.218892
97,3.2333333333333334,30.0,97,17,0.423256,True,0.504192,0.171196,0.221434,0.571224,0.180679,0.16969
97,3.2333333333333334,30.0,97,18,0.592898,True,0.400821,0.236653,-0.393642,0.408183,0.241739,-0.28474
97,3.2333333333333334,30.0,97,19,0.427749,True,0.503876,0.171217,0.190937,0.573012,0.178011,0.140101
97,3.2333333333333334,30.0,97,20,0.592241,True,0.455337,0.281463,-0.38333,0.447661,0.272386,-0.27788
97,3.2333333333333334,30.0,97,21,0.406413,True,0.488258,0.148209,0.190209,0.548066,0.157016,0.142448
97,3.2333333333333334,30.0,97,22,0.570805,True,0.368529,0.240297,-0.323211,0.37196,0.233724,-0.222146
97,3.2333333333333334,30.0,97,23,0.999943,True,0.049417,-0.017608,0.097421,0.052582,-0.018138,0.096392
97,3.2333333333333334,30.0,97,24,0.999894,True,-0.047332,0.021701,-0.093735,-0.049621,0.02201,-0.093769
97,3.2333333333333334,30.0,97,25,0.876857,True,0.083445,-0.416722,0.056809,0.083448,-0.419521,0.053758
97,3.2333333333333334,30.0,97,26,0.769592,True,0.033694,-0.104482,-0.360255,0.048724,-0.179728,-0.284182
97,3.2333333333333334,30.0,97,27,0.929111,True,-0.004546,-0.775649,0.133852,-0.022843,-0.789887,0.142882
97,3.2333333333333334,30.0,97,28,0.702542,True,0.034832,-0.316593,-0.272407,-0.002428,-0.439879,-0.103069
97,3.2333333333333334,30.0,97,29,0.904234,True,-0.037372,-0.814635,0.151108,-0.058564,-0.829782,0.160817
97,3.2333333333333334,30.0,97,30,0.701756,True,0.033831,-0.319734,-0.293417,-0.007502,-0.461486,-0.101086
97,3.2333333333333334,30.0,97,31,0.903763,True,0.037676,-0.853007,0.144457,0.011038,-0.867846,0.146552
97,3.2333333333333334,30.0,97,32,0.679516,True,0.095995,-0.40067,-0.301868,0.048649,-0.489911,-0.143732
98,3.2666666666666666,30.0,98,0,0.999885,True,0.105053,0.562808,-0.263536,0.102446,0.547397,-0.244712
98,3.2666666666666666,30.0,98,1,0.999866,True,0.105189,0.588508,-0.246698,0.101692,0.572838,-0.227853
98,3.2666666666666666,30.0,98,2,0.999857,True,0.108953,0.586886,-0.236716,0.106014,0.573032,-0.218764
98,3.2666666666666666,30.0,98,3,0.999894,True,0.10702,0.588007,-0.239492,0.10399,0.572573,-0.220985
98,3.2666666666666666,30.0,98,4,0.999919,True,0.090707,0.591737,-0.271709,0.088029,0.574857,-0.2531
98,3.2666666666666666,30.0,98,5,0.999927,True,0.094195,0.591658,-0.284787,0.091206,0.575357,-0.266439
98,3.2666666666666666,30.0,98,6,0.99993,True,0.098294,0.583422,-0.262134,0.09549,0.568575,-0.243339
98,3.2666666666666666,30.0,98,7,0.999911,True,0.129498,0.588616,-0.117685,0.129276,0.575956,-0.108389
98,3.2666666666666666,30.0,98,8,0.999848,True,-0.007868,0.529211,-0.172616,-0.011233,0.518821,-0.158306
98,3.2666666666666666,30.0,98,9,0.999603,True,0.118811,0.562882,-0.206364,0.113619,0.551239,-0.190888
98,3.2666666666666666,30.0,98,10,0.999631,True,0.093159,0.520971,-0.251381,0.093085,0.507279,-0.235123
98,3.2666666666666666,30.0,98,11,0.999748,True,0.197727,0.442386,0.081587,0.209653,0.427561,0.073926
98,3.2666666666666666,30.0,98,12,0.999792,True,-0.015886,0.488965,-0.088328,-0.036543,0.479159,-0.070236
98,3.2666666666666666,30.0,98,13,0.504826,True,0.351428,0.296294,0.119065,0.378244,0.28218,0.075237
98,3.2666666666666666,30.0,98,14,0.698346,True,0.082846,0.285232,-0.238418,0.043442,0.281825,-0.204659
98,3.2666666666666666,30.0,98,15,0.4694,True,0.534215,0.164308,0.111298,0.547869,0.156315,0.05257
98,3.2666666666666666,30.0,98,16,0.623236,True,0.210153,0.239745,-0.404927,0.18746,0.238761,-0.381098
98,3.2666666666666666,30.0,98,17,0.473239,True,0.571358,0.162252,0.125303,0.584956,0.150264,0.060337
98,3.2666666666666666,30.0,98,18,0.6233,True,0.256874,0.247572,-0.48423,0.240728,0.248305,-0.460562
98,3.2666666666666666,30.0,98,19,0.478783,True,0.56786,0.165952,0.089453,0.571287,0.159394,0.022045
98,3.2666666666666666,30.0,98,20,0.622988,True,0.31728,0.297785,-0.478219,0.32465,0.301915,-0.458907
98,3.2666666666666666,30.0,98,21,0.459069,True,0.546899,0.142846,0.096381,0.555206,0.134672,0.034384
98,3.2666666666666666,30.0,98,22,0.595276,True,0.23844,0.256258,-0.413047,0.225656,0.258116,-0.391688
98,3.2666666666666666,30.0,98,23,0.999949,True,0.06523,-0.016132,0.089903,0.074153,-0.018555,0.083212
98,3.2666666666666666,30.0,98,24,0.999905,True,-0.063356,0.020723,-0.085685,-0.072698,0.02337,-0.078587
98,3.2666666666666666,30.0,98,25,0.885162,True,0.066522,-0.404743,0.066734,0.069083,-0.414378,0.044424
98,3.2666666666666666,30.0,98,26,0.791907,True,-0.022757,-0.103808,-0.35637,-0.067052,0.004319,-0.351598
98,3.2666666666666666,30.0,98,27,0.919536,True,-0.034552,-0.754223,0.151737,-0.017998,-0.77926,0.105422
98,3.2666666666666666,30.0,98,28,0.730729,False,-0.082543,-0.225257,-0.318702,-0.131642,-0.095744,-0.640129
98,3.2666666666666666,30.0,98,29,0.902359,True,-0.066651,-0.791941,0.169977,-0.047929,-0.817165,0.119856
98,3.2666666666666666,30.0,98,30,0.727123,False,-0.08782,-0.209582,-0.346935,-0.137332,-0.095646,-0.706756
98,3.2666666666666666,30.0,98,31,0.902091,True,0.010032,-0.827354,0.158315,0.011744,-0.862287,0.112099
98,3.2666666666666666,30.0,98,32,0.71102,False,-0.046989,-0.277608,-0.390886,-0.123427,0.006789,-0.784727
99,3.3,30.0,99,0,0.999896,True,0.107378,0.579911,-0.259726,0.101001,0.594889,-0.261989
99,3.3,30.0,99,1,0.999879,True,0.112521,0.604162,-0.24249,0.107657,0.619645,-0.241062
99,3.3,30.0,99,2,0.999871,True,0.116189,0.602583,-0.233088,0.110964,0.618781,-0.232115
99,3.3,30.0,99,3,0.999904,True,0.114191,0.604131,-0.23568,0.109147,0.620149,-0.234276
99,3.3,30.0,99,4,0.999927,True,0.096925,0.608987,-0.267087,0.088323,0.624678,-0.267409
99,3.3,30.0,99,5,0.999934,True,0.100704,0.609277,-0.280415,0.091436,0.625052,-0.280798
99,3.3,30.0,99,6,0.999936,True,0.1041,0.601285,-0.257551,0.095198,0.616807,-0.258035
99,3.3,30.0,99,7,0.99992,True,0.140918,0.597047,-0.12515,0.135774,0.608294,-0.110178
99,3.3,30.0,99,8,0.99986,True,0.00493,0.543468,-0.170191,-0.009276,0.559793,-0.162054
99,3.3,30.0,99,9,0.99964,True,0.122994,0.574809,-0.206688,0.119416,0.588787,-0.20297
99,3.3,30.0,99,10,0.999665,True,0.096244,0.535893,-0.250467,0.089243,0.551551,-0.248332
99,3.3,30.0,99,11,0.999772,True,0.219386,0.442531,0.048708,0.215866,0.457186,0.060198
99,3.3,30.0,99,12,0.999799,True,-0.027163,0.496195,-0.077549,-0.039515,0.508192,-0.06963
99,3.3,30.0,99,13,0.548061,True,0.382916,0.29974,0.071284,0.397855,0.310119,0.083967
99,3.3,30.0,99,14,0.688206,True,-0.005221,0.296001,-0.248657,-0.023541,0.295957,-0.261629
99,3.3,30.0,99,15,0.521365,True,0.570591,0.178416,0.058861,0.592544,0.187708,0.064012
99,3.3,30.0,99,16,0.609339,True,0.04827,0.272039,-0.460771,0.045605,0.271279,-0.482758
99,3.3,30.0,99,17,0.524237,True,0.610476,0.175372,0.069846,0.632199,0.187649,0.06908
99,3.3,30.0,99,18,0.61224,True,0.076214,0.27623,-0.539905,0.07547,0.270143,-0.567785
99,3.3,30.0,99,19,0.529594,True,0.6053,0.182938,0.031147,0.624282,0.193958,0.032972
99,3.3,30.0,99,20,0.6135,True,0.136571,0.32827,-0.540594,0.138229,0.33151,-0.560659
99,3.3,30.0,99,21,0.51173,True,0.581876,0.158178,0.041119,0.602528,0.167748,0.046549
99,3.3,30.0,99,22,0.574468,True,0.072311,0.288085,-0.4731,0.072721,0.289038,-0.491569
99,3.3,30.0,99,23,0.999953,True,0.072059,-0.017057,0.078825,0.072255,-0.015317,0.081745
99,3.3,30.0,99,24,0.999912,True,-0.070375,0.021954,-0.074138,-0.070393,0.020062,-0.077228
99,3.3,30.0,99,25,0.8777,True,0.04428,-0.39347,0.062942,0.03825,-0.398077,0.121522
99,3.3,30.0,99,26,0.810791,True,-0.075734,-0.069623,-0.338101,-0.054783,-0.211422,-0.305523
99,3.3,30.0,99,27,0.911831,True,-0.063605,-0.741403,0.147791,-0.057576,-0.707707,0.273564
99,3.3,30.0,99,28,0.754815,True,-0.225326,-0.1189,-0.36406,-0.217344,-0.210998,-0.333489
99,3.3,30.0,99,29,0.891202,True,-0.094477,-0.778402,0.165788,-0.085234,-0.742052,0.297701
99,3.3,30.0,99,30,0.742643,True,-0.238505,-0.090947,-0.401976,-0.229219,-0.121899,-0.374666
99,3.3,30.0,99,31,0.896854,True,-0.015467,-0.807352,0.146072,-0.024905,-0.76127,0.275449
99,3.3,30.0,99,32,0.73703,True,-0.221894,-0.116836,-0.466508,-0.197326,-0.183185,-0.428309
100,3.3333333333333335,30.0,100,0,0.999906,True,0.109636,0.596173,-0.254844,0.113664,0.600897,-0.24881
100,3.3333333333333335,30.0,100,1,0.999891,True,0.119403,0.618589,-0.237004,0.125414,0.622392,-0.233412
100,3.3333333333333335,30.0,100,2,0.999884,True,0.122852,0.616978,-0.228251,0.129122,0.620068,-0.222995
100,3.3333333333333335,30.0,100,3,0.999914,True,0.120944,0.618989,-0.23056,0.127028,0.62278,-0.226044
100,3.3333333333333335,30.0,100,4,0.999934,True,0.101853,0.625405,-0.261006,0.109861,0.630673,-0.259295
100,3.3333333333333335,30.0,100,5,0.999941,True,0.105465,0.625652,-0.273903,0.114063,0.63062,-0.272791
100,3.3333333333333335,30.0,100,6,0.999943,True,0.108181,0.617914,-0.251271,0.116213,0.622742,-0.249545
100,3.3333333333333335,30.0,100,7,0.999928,True,0.150493,0.603643,-0.127586,0.149842,0.60685,-0.131444
100,3.3333333333333335,30.0,100,8,0.999874,True,0.016146,0.554049,-0.164841,0.028398,0.556095,-0.172653
100,3.3333333333333335,30.0,100,9,0.999676,True,0.128444,0.58502,-0.204065,0.132686,0.586699,-0.200465
100,3.3333333333333335,30.0,100,10,0.999699,True,0.099041,0.548908,-0.246219,0.102558,0.551809,-0.247239
100,3.3333333333333335,30.0,100,11,0.999795,True,0.231076,0.441678,0.02135,0.206842,0.443515,0.020525
100,3.3333333333333335,30.0,100,12,0.999819,True,-0.029875,0.503299,-0.054886,-0.018117,0.504995,-0.060408
100,3.3333333333333335,30.0,100,13,0.593049,True,0.401548,0.312156,0.039902,0.353119,0.317558,0.080306
100,3.3333333333333335,30.0,100,14,0.715508,True,-0.091902,0.318706,-0.223652,-0.078298,0.318774,-0.282037
100,3.3333333333333335,30.0,100,15,0.569179,True,0.590982,0.205392,0.038376,0.538279,0.199506,0.125803
100,3.3333333333333335,30.0,100,16,0.645256,True,-0.121689,0.310405,-0.458023,-0.099669,0.322745,-0.542597
100,3.3333333333333335,30.0,100,17,0.571696,True,0.631344,0.202713,0.049744,0.574924,0.205913,0.146996
100,3.3333333333333335,30.0,100,18,0.648085,True,-0.114064,0.312313,-0.531706,-0.093148,0.32545,-0.619673
100,3.3333333333333335,30.0,100,19,0.576546,True,0.626587,0.213606,0.010488,0.574563,0.210275,0.106571
100,3.3333333333333335,30.0,100,20,0.64915,True,-0.059893,0.361532,-0.541826,-0.042112,0.374291,-0.622429
100,3.3333333333333335,30.0,100,21,0.560458,True,0.601447,0.186384,0.01949,0.5515,0.18165,0.109044
100,3.3333333333333335,30.0,100,22,0.611907,True,-0.105486,0.324693,-0.474757,-0.084919,0.337556,-0.558025
100,3.3333333333333335,30.0,100,23,0.999958,True,0.072743,-0.021418,0.06456,0.064087,-0.016068,0.07067
100,3.3333333333333335,30.0,100,24,0.999921,True,-0.071095,0.026451,-0.059691,-0.063109,0.021236,-0.065142
100,3.3333333333333335,30.0,100,25,0.88987,True,0.022192,-0.386457,0.039715,0.011773,-0.35139,0.047084
100,3.3333333333333335,30.0,100,26,0.829648,True,-0.134321,-0.005384,-0.314514,-0.094749,0.033661,-0.337796
100,3.3333333333333335,30.0,100,27,0.919989,True,-0.087752,-0.742753,0.120829,-0.087196,-0.702038,0.084089
100,3.3333333333333335,30.0,100,28,0.779055,True,-0.387064,-0.026891,-0.379501,-0.274975,0.048073,-0.611298
100,3.3333333333333335,30.0,100,29,0.901396,True,-0.11774,-0.779728,0.137736,-0.114915,-0.738518,0.099186
100,3.3333333333333335,30.0,100,30,0.767244,True,-0.4109,0.001867,-0.424363,-0.290851,0.063802,-0.682354
100,3.3333333333333335,30.0,100,31,0.906673,True,-0.036339,-0.800835,0.106602,-0.021432,-0.771182,0.079815
100,3.3333333333333335,30.0,100,32,0.763233,True,-0.419347,0.03325,-0.494423,-0.28748,0.216106,-0.750395
101,3.3666666666666667,30.0,101,0,0.999916,True,0.108954,0.606249,-0.254887,0.110545,0.608081,-0.264738
101,3.3666666666666667,30.0,101,1,0.999902,True,0.121935,0.62714,-0.236642,0.123703,0.62828,-0.24615
101,3.3666666666666667,30.0,101,2,0.999895,True,0.125005,0.625439,-0.228608,0.126507,0.626291,-0.23809
101,3.3666666666666667,30.0,101,3,0.999923,True,0.123389,0.627791,-0.230576,0.124729,0.628987,-0.239952
101,3.3666666666666667,30.0,101,4,0.999941,True,0.101773,0.635486,-0.259369,0.106333,0.636401,-0.268772
101,3.3666666666666667,30.0,101,5,0.999947,True,0.104878,0.635443,-0.271299,0.110104,0.63671,-0.280959
101,3.3666666666666667,30.0,101,6,0.999948,True,0.107018,0.627879,-0.249374,0.112724,0.627729,-0.258318
101,3.3666666666666667,30.0,101,7,0.999935,True,0.156959,0.606328,-0.130249,0.162883,0.602727,-0.142788
101,3.3666666666666667,30.0,101,8,0.999887,True,0.02161,0.558282,-0.160152,0.029649,0.555929,-0.168978
101,3.3666666666666667,30.0,101,9,0.999709,True,0.132476,0.590071,-0.204726,0.135942,0.588858,-0.216151
101,3.3666666666666667,30.0,101,10,0.999729,True,0.099712,0.555826,-0.244109,0.101191,0.555256,-0.256005
101,3.3666666666666667,30.0,101,11,0.999815,True,0.23769,0.43888,0.001548,0.241789,0.432222,-0.0253
101,3.3666666666666667,30.0,101,12,0.999836,True,-0.02889,0.507966,-0.024804,-0.017466,0.504701,-0.057633
101,3.3666666666666667,30.0,101,13,0.633586,True,0.414862,0.328475,0.022291,0.405747,0.322745,-0.010464
101,3.3666666666666667,30.0,101,14,0.741387,True,-0.166713,0.346513,-0.164274,-0.149485,0.336579,-0.246426
101,3.3666666666666667,30.0,101,15,0.612184,True,0.608096,0.236724,0.036185,0.598519,0.232559,0.004222
101,3.3666666666666667,30.0,101,16,0.679945,True,-0.275927,0.343601,-0.390446,-0.26607,0.343231,-0.525431
101,3.3666666666666667,30.0,101,17,0.614348,True,0.649732,0.235663,0.049656,0.638331,0.220366,0.019383
101,3.3666666666666667,30.0,101,18,0.682383,True,-0.286221,0.344817,-0.454294,-0.281894,0.343334,-0.597914
101,3.3666666666666667,30.0,101,19,0.618749,True,0.646929,0.248625,0.011086,0.63912,0.240123,-0.02191
101,3.3666666666666667,30.0,101,20,0.683431,True,-0.24199,0.387437,-0.475079,-0.240404,0.385808,-0.617034
101,3.3666666666666667,30.0,101,21,0.604245,True,0.618705,0.218591,0.017125,0.610252,0.213638,-0.016036
101,3.3666666666666667,30.0,101,22,0.649395,True,-0.268934,0.355283,-0.410908,-0.261395,0.3546,-0.547262
101,3.3666666666666667,30.0,101,23,0.999962,True,0.071346,-0.028782,0.048477,0.069807,-0.026213,0.052843
101,3.3666666666666667,30.0,101,24,0.999928,True,-0.069539,0.033844,-0.043836,-0.0681,0.03132,-0.047531
101,3.3666666666666667,30.0,101,25,0.900805,True,0.004195,-0.384129,-0.000698,0.014323,-0.392263,-0.025274
101,3.3666666666666667,30.0,101,26,0.846587,True,-0.199808,0.070724,-0.288098,-0.166272,0.065478,-0.345167
101,3.3666666666666667,30.0,101,27,0.927927,True,-0.103058,-0.75557,0.078211,-0.12504,-0.783128,0.028422
101,3.3666666666666667,30.0,101,28,0.800913,True,-0.54604,0.025803,-0.34041,-0.533991,0.013554,-0.414688
101,3.3666666666666667,30.0,101,29,0.911052,True,-0.132712,-0.79286,0.093758,-0.159581,-0.822476,0.041956
101,3.3666666666666667,30.0,101,30,0.789444,True,-0.580954,0.044983,-0.38563,-0.571875,0.020786,-0.460366
101,3.3666666666666667,30.0,101,31,0.915937,True,-0.052481,-0.808125,0.049387,-0.053574,-0.829594,-0.007559
101,3.3666666666666667,30.0,101,32,0.786786,True,-0.612556,0.122776,-0.451643,-0.596558,0.121861,-0.520426
102,3.4,30.0,102,0,0.999924,True,0.103746,0.607876,-0.264091,0.108031,0.605457,-0.269768
102,3.4,30.0,102,1,0.999911,True,0.11802,0.627926,-0.24594,0.122247,0.625474,-0.252272
102,3.4,30.0,102,2,0.999906,True,0.120535,0.626237,-0.238535,0.125261,0.623843,-0.245277
102,3.4,30.0,102,3,0.99993,True,0.119369,0.628662,-0.240197,0.123804,0.626171,-0.247018
102,3.4,30.0,102,4,0.999946,True,0.095299,0.636777,-0.266743,0.097711,0.634333,-0.271878
102,3.4,30.0,102,5,0.999952,True,0.097774,0.636431,-0.277544,0.099855,0.633917,-0.282166
102,3.4,30.0,102,6,0.999953,True,0.099528,0.628737,-0.256601,0.101338,0.626625,-0.261965
102,3.4,30.0,102,7,0.999941,True,0.159368,0.604204,-0.138958,0.16086,0.602901,-0.143825
102,3.4,30.0,102,8,0.999898,True,0.019743,0.556006,-0.160566,0.020359,0.55345,-0.164937
102,3.4,30.0,102,9,0.999738,True,0.133193,0.588604,-0.213568,0.134289,0.586997,-0.218392
102,3.4,30.0,102,10,0.999756,True,0.097206,0.555143,-0.249155,0.09854,0.552964,-0.25166
102,3.4,30.0,102,11,0.999834,True,0.241896,0.433523,-0.013462,0.249304,0.432452,-0.015965
102,3.4,30.0,102,12,0.99985,True,-0.029088,0.50894,0.00368,-0.029016,0.50874,0.010024
102,3.4,30.0,102,13,0.670182,True,0.428168,0.343638,0.011946,0.451555,0.34831,-0.000859
102,3.4,30.0,102,14,0.767153,True,-0.223655,0.371249,-0.091541,-0.248092,0.385643,-0.015471
102,3.4,30.0,102,15,0.650957,True,0.63113,0.264725,0.037703,0.659876,0.275961,0.008865
102,3.4,30.0,102,16,0.711923,True,-0.395831,0.364054,-0.285854,-0.452537,0.365639,-0.166363
102,3.4,30.0,102,17,0.652887,True,0.67656,0.266375,0.053205,0.707256,0.275702,0.023008
102,3.4,30.0,102,18,0.714084,True,-0.41881,0.365544,-0.338306,-0.479031,0.365286,-0.205269
102,3.4,30.0,102,19,0.656854,True,0.676059,0.279655,0.01515,0.7056,0.289108,-0.013262
102,3.4,30.0,102,20,0.715037,True,-0.384608,0.40009,-0.368261,-0.449009,0.394226,-0.249822
102,3.4,30.0,102,21,0.643792,True,0.642763,0.246999,0.018517,0.6705,0.257745,-0.01008
102,3.4,30.0,102,22,0.684386,True,-0.396812,0.372918,-0.308612,-0.456664,0.370339,-0.192954
102,3.4,30.0,102,23,0.999963,True,0.070961,-0.037271,0.033073,0.071762,-0.041994,0.02547
102,3.4,30.0,102,24,0.999931,True,-0.068883,0.042325,-0.028983,-0.069322,0.046855,-0.022018
102,3.4,30.0,102,25,0.910698,True,-0.00748,-0.384184,-0.050175,-0.007232,-0.395562,-0.071357
102,3.4,30.0,102,26,0.861881,True,-0.264041,0.133807,-0.259321,-0.325742,0.17246,-0.219858
102,3.4,30.0,102,27,0.935114,True,-0.107239,-0.770522,0.030447,-0.100087,-0.785697,0.022054
102,3.4,30.0,102,28,0.820706,True,-0.665827,0.026456,-0.249408,-0.740528,0.008058,-0.089249
102,3.4,30.0,102,29,0.91982,True,-0.136844,-0.80781,0.044903,-0.129885,-0.822779,0.036477
102,3.4,30.0,102,30,0.809954,True,-0.708652,0.031336,-0.288465,-0.785681,0.002545,-0.113834
102,3.4,30.0,102,31,0.924316,True,-0.064551,-0.822244,-0.012044,-0.067687,-0.835116,-0.025251
102,3.4,30.0,102,32,0.808015,True,-0.756878,0.124271,-0.346373,-0.845162,0.070645,-0.168187
103,3.433333333333333,30.0,103,0,0.999932,True,0.094701,0.602188,-0.284748,0.098915,0.603755,-0.268901
103,3.433333333333333,30.0,103,1,0.99992,True,0.108612,0.622043,-0.267435,0.113155,0.623653,-0.252105
103,3.433333333333333,30.0,103,2,0.999915,True,0.110419,0.620594,-0.260325,0.114693,0.622253,-0.245494
103,3.433333333333333,30.0,103,3,0.999937,True,0.109741,0.622806,-0.261834,0.114464,0.624336,-0.246674
103,3.433333333333333,30.0,103,4,0.999952,True,0.08414,0.630291,-0.286124,0.086262,0.633187,-0.270228
103,3.433333333333333,30.0,103,5,0.999957,True,0.086102,0.629823,-0.296073,0.087489,0.632255,-0.279707
103,3.433333333333333,30.0,103,6,0.999958,True,0.087706,0.621454,-0.276049,0.088885,0.625589,-0.260214
103,3.433333333333333,30.0,103,7,0.999947,True,0.157888,0.597788,-0.158952,0.157139,0.602195,-0.144513
103,3.433333333333333,30.0,103,8,0.999908,True,0.012341,0.548924,-0.170992,0.011707,0.551516,-0.161933
103,3.433333333333333,30.0,103,9,0.999764,True,0.130536,0.581521,-0.233649,0.131188,0.58605,-0.217589
103,3.433333333333333,30.0,103,10,0.99978,True,0.091882,0.548085,-0.26529,0.096315,0.551834,-0.247798
103,3.433333333333333,30.0,103,11,0.99985,True,0.244344,0.425764,-0.030123,0.25119,0.432235,-0.013536
103,3.433333333333333,30.0,103,12,0.999864,True,-0.032653,0.5062,0.019101,-0.034348,0.509466,0.038575
103,3.433333333333333,30.0,103,13,0.703138,True,0.442476,0.353975,-0.000134,0.452426,0.355778,0.000437
103,3.433333333333333,30.0,103,14,0.790354,True,-0.261365,0.386534,-0.035659,-0.261619,0.397867,0.037115
103,3.433333333333333,30.0,103,15,0.685855,True,0.659919,0.283669,0.029688,0.651136,0.286576,0.015329
103,3.433333333333333,30.0,103,16,0.740708,True,-0.473054,0.369014,-0.191019,-0.468014,0.371778,-0.086627
103,3.433333333333333,30.0,103,17,0.687579,True,0.710714,0.288211,0.045956,0.696306,0.293387,0.027773
103,3.433333333333333,30.0,103,18,0.742628,True,-0.502756,0.370431,-0.233801,-0.49386,0.374076,-0.12383
103,3.433333333333333,30.0,103,19,0.691153,True,0.711578,0.300067,0.00724,0.692685,0.303689,-0.008335
103,3.433333333333333,30.0,103,20,0.743492,True,-0.475761,0.397838,-0.269346,-0.467117,0.400409,-0.164515
103,3.433333333333333,30.0,103,21,0.679393,True,0.672771,0.265906,0.009844,0.660429,0.26896,-0.003691
103,3.433333333333333,30.0,103,22,0.715895,True,-0.479004,0.375127,-0.214564,-0.473649,0.376186,-0.111609
103,3.433333333333333,30.0,103,23,0.999965,True,0.072798,-0.044638,0.021046,0.074224,-0.049317,0.015369
103,3.433333333333333,30.0,103,24,0.999934,True,-0.070483,0.049713,-0.017601,-0.07161,0.054388,-0.01248
103,3.433333333333333,30.0,103,25,0.919616,True,-0.011392,-0.384767,-0.099753,-0.00833,-0.399234,-0.093763
103,3.433333333333333,30.0,103,26,0.875668,True,-0.316061,0.165576,-0.229777,-0.33558,0.186797,-0.188319
103,3.433333333333333,30.0,103,27,0.941591,True,-0.100794,-0.778479,-0.014807,-0.095561,-0.787634,0.008504
103,3.433333333333333,30.0,103,28,0.83857,True,-0.710875,-0.021213,-0.134901,-0.749046,0.008332,-0.058938
103,3.433333333333333,30.0,103,29,0.92775,True,-0.130408,-0.814912,-0.000903,-0.124332,-0.823657,0.023035
103,3.433333333333333,30.0,103,30,0.828617,True,-0.754877,-0.029348,-0.164573,-0.794592,0.00155,-0.08385
103,3.433333333333333,30.0,103,31,0.931868,True,-0.07289,-0.834559,-0.068018,-0.075843,-0.840103,-0.046889
103,3.433333333333333,30.0,103,32,0.827162,True,-0.808328,0.044743,-0.213114,-0.855912,0.068376,-0.137683
104,3.466666666666667,30.0,104,0,0.999939,True,0.084632,0.592205,-0.315477,0.076889,0.588898,-0.318148
104,3.466666666666667,30.0,104,1,0.999928,True,0.097286,0.612227,-0.299833,0.088208,0.609785,-0.300374
104,3.466666666666667,30.0,104,2,0.999923,True,0.098303,0.611223,-0.292537,0.088942,0.608441,-0.293717
104,3.466666666666667,30.0,104,3,0.999943,True,0.098027,0.613056,-0.294143,0.088882,0.610302,-0.29523
104,3.466666666666667,30.0,104,4,0.999957,True,0.07221,0.619076,-0.316715,0.06306,0.615003,-0.318121
104,3.466666666666667,30.0,104,5,0.999961,True,0.073946,0.61874,-0.326393,0.064898,0.614488,-0.327673
104,3.466666666666667,30.0,104,6,0.999962,True,0.075597,0.609116,-0.306947,0.066546,0.604952,-0.307904
104,3.466666666666667,30.0,104,7,0.999952,True,0.153989,0.588581,-0.191709,0.149692,0.587243,-0.189411
104,3.466666666666667,30.0,104,8,0.999917,True,0.003396,0.539244,-0.193451,-0.005145,0.534914,-0.187079
104,3.466666666666667,30.0,104,9,0.999788,True,0.126176,0.571074,-0.264198,0.12348,0.567958,-0.265588
104,3.466666666666667,30.0,104,10,0.999802,True,0.085499,0.537335,-0.292628,0.0803,0.533325,-0.294515
104,3.466666666666667,30.0,104,11,0.999865,True,0.245694,0.416503,-0.053511,0.242061,0.416385,-0.039341
104,3.466666666666667,30.0,104,12,0.999876,True,-0.038997,0.50042,0.014066,-0.045682,0.496066,0.027665
104,3.466666666666667,30.0,104,13,0.7328,True,0.455918,0.356977,-0.022698,0.445717,0.351025,-0.00401
104,3.466666666666667,30.0,104,14,0.81127,True,-0.282304,0.389414,-0.0161,-0.288457,0.379351,-0.023601
104,3.466666666666667,30.0,104,15,0.717264,True,0.683475,0.290389,0.00044,0.665309,0.283534,0.024217
104,3.466666666666667,30.0,104,16,0.766606,True,-0.511241,0.359425,-0.141113,-0.513627,0.356482,-0.148925
104,3.466666666666667,30.0,104,17,0.718802,True,0.737567,0.296435,0.015378,0.717879,0.291582,0.040181
104,3.466666666666667,30.0,104,18,0.76828,True,-0.54295,0.359301,-0.17799,-0.54595,0.36388,-0.191895
104,3.466666666666667,30.0,104,19,0.722024,True,0.737534,0.30584,-0.024867,0.718674,0.301575,0.001487
104,3.466666666666667,30.0,104,20,0.76907,True,-0.519299,0.381881,-0.215432,-0.518483,0.39024,-0.219645
104,3.466666666666667,30.0,104,21,0.711435,True,0.696373,0.272281,-0.020459,0.677736,0.265882,0.003933
104,3.466666666666667,30.0,104,22,0.744215,True,-0.518816,0.362738,-0.164601,-0.520035,0.368135,-0.168317
104,3.466666666666667,30.0,104,23,0.999967,True,0.076692,-0.049562,0.013918,0.076998,-0.05038,0.017027
104,3.466666666666667,30.0,104,24,0.999938,True,-0.074264,0.054713,-0.010999,-0.074572,0.055592,-0.013961
104,3.466666666666667,30.0,104,25,0.927629,True,-0.006556,-0.386998,-0.143009,-0.010826,-0.39884,-0.110745
104,3.466666666666667,30.0,104,26,0.888072,True,-0.350775,0.163817,-0.201867,-0.350123,0.160559,-0.229814
104,3.466666666666667,30.0,104,27,0.947406,True,-0.086482,-0.776995,-0.053914,-0.092439,-0.792749,-0.015396
104,3.466666666666667,30.0,104,28,0.854607,True,-0.667716,-0.096977,-0.030882,-0.719513,-0.05412,-0.126078
104,3.466666666666667,30.0,104,29,0.934806,True,-0.116211,-0.811682,-0.040061,-0.12165,-0.829447,-0.001532
104,3.466666666666667,30.0,104,30,0.845225,True,-0.704341,-0.113646,-0.051738,-0.76068,-0.062258,-0.154786
104,3.466666666666667,30.0,104,31,0.938649,True,-0.077387,-0.841102,-0.115046,-0.078726,-0.856151,-0.079254
104,3.466666666666667,30.0,104,32,0.844367,True,-0.749883,-0.079564,-0.090527,-0.819309,-0.006874,-0.203944
105,3.5,30.0,105,0,0.999945,True,0.076869,0.580941,-0.348773,0.077067,0.582019,-0.331197
105,3.5,30.0,105,1,0.999935,True,0.088255,0.601195,-0.335305,0.088291,0.602175,-0.316631
105,3.5,30.0,105,2,0.999931,True,0.088531,0.600694,-0.327408,0.089003,0.601883,-0.30814
105,3.5,30.0,105,3,0.999949,True,0.088505,0.602142,-0.329372,0.088921,0.603293,-0.310245
105,3.5,30.0,105,4,0.999961,True,0.063427,0.606352,-0.350878,0.06418,0.607449,-0.332003
105,3.5,30.0,105,5,0.999965,True,0.065216,0.606322,-0.360919,0.066029,0.607743,-0.342346
105,3.5,30.0,105,6,0.999966,True,0.067029,0.595149,-0.341647,0.068073,0.596023,-0.323418
105,3.5,30.0,105,7,0.999957,True,0.150023,0.578394,-0.230507,0.153871,0.578436,-0.206793
105,3.5,30.0,105,8,0.999925,True,-0.003395,0.528833,-0.222135,-0.004194,0.532538,-0.197946
105,3.5,30.0,105,9,0.999809,True,0.122344,0.559666,-0.29791,0.122866,0.559712,-0.279975
105,3.5,30.0,105,10,0.999822,True,0.080198,0.525593,-0.324133,0.080038,0.526783,-0.306168
105,3.5,30.0,105,11,0.999878,True,0.247574,0.407119,-0.081633,0.248322,0.405509,-0.063925
105,3.5,30.0,105,12,0.999883,True,-0.046557,0.492502,-0.007211,-0.047747,0.495432,0.010582
105,3.5,30.0,105,13,0.75932,True,0.46485,0.350939,-0.059399,0.460115,0.348272,-0.037803
105,3.5,30.0,105,14,0.829608,True,-0.291003,0.380168,-0.028118,-0.277093,0.371456,-0.044121
105,3.5,30.0,105,15,0.745452,True,0.681969,0.284521,-0.056262,0.663302,0.282873,-0.031186
105,3.5,30.0,105,16,0.789416,True,-0.522016,0.338019,-0.13818,-0.497549,0.332459,-0.168714
105,3.5,30.0,105,17,0.74672,True,0.732471,0.289453,-0.045694,0.714391,0.290375,-0.022075
105,3.5,30.0,105,18,0.790277,True,-0.553082,0.334694,-0.173074,-0.527623,0.325735,-0.207865
105,3.5,30.0,105,19,0.749673,True,0.728003,0.296656,-0.08622,0.708679,0.298667,-0.060323
105,3.5,30.0,105,20,0.791185,True,-0.529528,0.354886,-0.210183,-0.504703,0.343979,-0.239083
105,3.5,30.0,105,21,0.7401,True,0.692079,0.266055,-0.077659,0.674587,0.265276,-0.051281
105,3.5,30.0,105,22,0.768788,True,-0.528659,0.338392,-0.161608,-0.503314,0.329979,-0.189192
105,3.5,30.0,105,23,0.999962,True,0.082044,-0.051963,0.011181,0.083991,-0.048614,0.014572
105,3.5,30.0,105,24,0.999929,True,-0.0796,0.057244,-0.008584,-0.081656,0.053933,-0.011817
105,3.5,30.0,105,25,0.933367,True,0.00612,-0.39264,-0.176133,0.004327,-0.361578,-0.198847
105,3.5,30.0,105,26,0.889762,True,-0.371479,0.14044,-0.177687,-0.342104,0.142671,-0.216238
105,3.5,30.0,105,27,0.951018,True,-0.067549,-0.770385,-0.084234,-0.054778,-0.743454,-0.121479
105,3.5,30.0,105,28,0.811577,False,-0.554451,-0.171015,0.040813,-0.318462,-0.18425,0.028103
105,3.5,30.0,105,29,0.935427,True,-0.097545,-0.802989,-0.070068,-0.084007,-0.775157,-0.106709
105,3.5,30.0,105,30,0.803755,False,-0.576159,-0.191367,0.025948,-0.297816,-0.202773,0.016417
105,3.5,30.0,105,31,0.943026,True,-0.077527,-0.843606,-0.151799,-0.066352,-0.827212,-0.185133
105,3.5,30.0,105,32,0.816048,False,-0.603825,-0.201607,-0.00337,-0.298708,-0.259486,4.9e-05
106,3.533333333333333,30.0,106,0,0.99995,True,0.072982,0.570312,-0.371061,0.069016,0.565286,-0.369481
106,3.533333333333333,30.0,106,1,0.999941,True,0.083909,0.590691,-0.359471,0.081225,0.585541,-0.358651
106,3.533333333333333,30.0,106,2,0.999938,True,0.083681,0.590559,-0.35079,0.081239,0.58558,-0.349451
106,3.533333333333333,30.0,106,3,0.999954,True,0.083769,0.591733,-0.353271,0.081138,0.58665,-0.3519
106,3.533333333333333,30.0,106,4,0.999965,True,0.059453,0.594387,-0.374002,0.057799,0.589746,-0.371791
106,3.533333333333333,30.0,106,5,0.999968,True,0.061403,0.594661,-0.384853,0.059766,0.590071,-0.382637
106,3.533333333333333,30.0,106,6,0.999969,True,0.063399,0.582136,-0.365526,0.061904,0.577043,-0.363283
106,3.533333333333333,30.0,106,7,0.999961,True,0.148438,0.568785,-0.259132,0.150004,0.563437,-0.256479
106,3.533333333333333,30.0,106,8,0.999932,True,-0.006582,0.519244,-0.241925,-0.005284,0.517228,-0.237436
106,3.533333333333333,30.0,106,9,0.999828,True,0.120232,0.549014,-0.320965,0.117573,0.543585,-0.320067
106,3.533333333333333,30.0,106,10,0.999839,True,0.076906,0.514771,-0.345575,0.073549,0.510083,-0.343726
106,3.533333333333333,30.0,106,11,0.999889,True,0.250982,0.39904,-0.104685,0.242013,0.393634,-0.114632
106,3.533333333333333,30.0,106,12,0.999892,True,-0.054083,0.483524,-0.027176,-0.050998,0.482355,-0.02201
106,3.533333333333333,30.0,106,13,0.783296,True,0.462486,0.335672,-0.105389,0.447796,0.34022,-0.088459
106,3.533333333333333,30.0,106,14,0.846385,True,-0.291046,0.361119,-0.045818,-0.279858,0.36903,-0.047549
106,3.533333333333333,30.0,106,15,0.770863,True,0.632581,0.268553,-0.134881,0.641344,0.279335,-0.076286
106,3.533333333333333,30.0,106,16,0.810216,True,-0.516716,0.307857,-0.153531,-0.504231,0.315523,-0.158399
106,3.533333333333333,30.0,106,17,0.771921,True,0.669313,0.269942,-0.13257,0.689656,0.285555,-0.068789
106,3.533333333333333,30.0,106,18,0.81058,True,-0.546004,0.300404,-0.189147,-0.531445,0.306426,-0.191083
106,3.533333333333333,30.0,106,19,0.774612,True,0.656386,0.276462,-0.168849,0.684802,0.293046,-0.105704
106,3.533333333333333,30.0,106,20,0.811509,True,-0.520873,0.320087,-0.225226,-0.509323,0.326623,-0.231022
106,3.533333333333333,30.0,106,21,0.765967,True,0.636153,0.250137,-0.154759,0.652354,0.261971,-0.095999
106,3.533333333333333,30.0,106,22,0.791327,True,-0.521108,0.305526,-0.177219,-0.509138,0.311767,-0.184445
106,3.533333333333333,30.0,106,23,0.999958,True,0.0881,-0.052061,0.010342,0.085773,-0.047459,0.007562
106,3.533333333333333,30.0,106,24,0.999923,True,-0.085615,0.05748,-0.007908,-0.083414,0.052849,-0.005072
106,3.533333333333333,30.0,106,25,0.937474,True,0.021562,-0.39775,-0.196964,0.005542,-0.366384,-0.193675
106,3.533333333333333,30.0,106,26,0.89048,True,-0.383757,0.109032,-0.158145,-0.372482,0.052615,-0.146164
106,3.533333333333333,30.0,106,27,0.951329,True,-0.04639,-0.763574,-0.102192,-0.054645,-0.741631,-0.095507
106,3.533333333333333,30.0,106,28,0.790254,True,-0.410403,-0.218649,0.074937,-0.328408,-0.315432,0.073648
106,3.533333333333333,30.0,106,29,0.926187,True,-0.076356,-0.794683,-0.087343,-0.083829,-0.772294,-0.080132
106,3.533333333333333,30.0,106,30,0.774006,True,-0.413336,-0.238662,0.062643,-0.329902,-0.341425,0.057661
106,3.533333333333333,30.0,106,31,0.944397,True,-0.072316,-0.844738,-0.174442,-0.075267,-0.822185,-0.152348
106,3.533333333333333,30.0,106,32,0.802991,True,-0.419722,-0.285851,0.041453,-0.311421,-0.387446,0.02935
107,3.566666666666667,30.0,107,0,0.999955,True,0.071141,0.561209,-0.368244,0.068173,0.565233,-0.375981
107,3.566666666666667,30.0,107,1,0.999947,True,0.083114,0.581513,-0.357437,0.080756,0.585169,-0.366164
107,3.566666666666667,30.0,107,2,0.999943,True,0.082833,0.581488,-0.347994,0.080343,0.585215,-0.356795
107,3.566666666666667,30.0,107,3,0.999958,True,0.082943,0.582506,-0.350956,0.080354,0.586148,-0.359609
107,3.566666666666667,30.0,107,4,0.999968,True,0.058558,0.584459,-0.370593,0.056344,0.588381,-0.379238
107,3.566666666666667,30.0,107,5,0.999971,True,0.060553,0.584848,-0.382364,0.058477,0.588877,-0.390721
107,3.566666666666667,30.0,107,6,0.999972,True,0.062702,0.571567,-0.363049,0.060572,0.574955,-0.371408
107,3.566666666666667,30.0,107,7,0.999965,True,0.150589,0.560744,-0.258572,0.148986,0.5648,-0.265206
107,3.566666666666667,30.0,107,8,0.999939,True,-0.007199,0.512099,-0.235029,-0.005904,0.515627,-0.246893
107,3.566666666666667,30.0,107,9,0.999845,True,0.118703,0.54001,-0.318919,0.116262,0.544269,-0.327424
107,3.566666666666667,30.0,107,10,0.999855,True,0.074136,0.506002,-0.341826,0.07196,0.510021,-0.351108
107,3.566666666666667,30.0,107,11,0.999899,True,0.253496,0.393274,-0.112082,0.247867,0.397193,-0.135863
107,3.566666666666667,30.0,107,12,0.999899,True,-0.060065,0.474885,-0.023486,-0.054328,0.476619,-0.043152
107,3.566666666666667,30.0,107,13,0.803323,True,0.437888,0.31378,-0.150101,0.426588,0.339827,-0.1946
107,3.566666666666667,30.0,107,14,0.860996,True,-0.282442,0.335757,-0.039066,-0.286204,0.342401,-0.054637
107,3.566666666666667,30.0,107,15,0.791968,True,0.519759,0.24753,-0.217273,0.587635,0.254306,-0.288435
107,3.566666666666667,30.0,107,16,0.82864,True,-0.499666,0.271951,-0.149073,-0.49903,0.270937,-0.167398
107,3.566666666666667,30.0,107,17,0.791815,True,0.533282,0.244701,-0.22673,0.613569,0.242339,-0.300416
107,3.566666666666667,30.0,107,18,0.828349,True,-0.526308,0.260565,-0.18629,-0.523868,0.254258,-0.200696
107,3.566666666666667,30.0,107,19,0.794823,True,0.509213,0.252657,-0.251851,0.592269,0.239915,-0.332433
107,3.566666666666667,30.0,107,20,0.829348,True,-0.499963,0.28103,-0.221159,-0.496443,0.276247,-0.23804
107,3.566666666666667,30.0,107,21,0.786283,True,0.513904,0.229929,-0.232428,0.583029,0.230829,-0.307702
107,3.566666666666667,30.0,107,22,0.811033,True,-0.50176,0.268059,-0.172961,-0.501439,0.266557,-0.192191
107,3.566666666666667,30.0,107,23,0.999956,True,0.093367,-0.049251,0.007698,0.090237,-0.046598,0.001262
107,3.566666666666667,30.0,107,24,0.999923,True,-0.090688,0.054723,-0.005365,-0.087535,0.051853,0.001101
107,3.566666666666667,30.0,107,25,0.941175,True,0.030478,-0.390315,-0.205273,0.026035,-0.367036,-0.227216
107,3.566666666666667,30.0,107,26,0.87963,True,-0.386647,0.072275,-0.141027,-0.383427,0.049412,-0.090901
107,3.566666666666667,30.0,107,27,0.953781,True,-0.024541,-0.756703,-0.105143,-0.028885,-0.743987,-0.144272
107,3.566666666666667,30.0,107,28,0.746213,True,-0.275071,-0.235935,0.080236,-0.295696,-0.249835,0.170644
107,3.566666666666667,30.0,107,29,0.919311,True,-0.053154,-0.787756,-0.08906,-0.056815,-0.775232,-0.130145
107,3.566666666666667,30.0,107,30,0.727945,True,-0.260482,-0.25275,0.067387,-0.280459,-0.267558,0.159147
107,3.566666666666667,30.0,107,31,0.947112,True,-0.060573,-0.843532,-0.176784,-0.068316,-0.82232,-0.209337
107,3.566666666666667,30.0,107,32,0.76749,True,-0.249032,-0.324533,0.052108,-0.285304,-0.302266,0.154716
108,3.6,30.0,108,0,0.999958,True,0.066231,0.554399,-0.334556,0.064709,0.557233,-0.384881
108,3.6,30.0,108,1,0.99995,True,0.081133,0.57429,-0.323605,0.078749,0.576814,-0.3751
108,3.6,30.0,108,2,0.999946,True,0.081366,0.574113,-0.313466,0.07853,0.576617,-0.365238
108,3.6,30.0,108,3,0.99996,True,0.081429,0.575001,-0.316637,0.078422,0.577328,-0.368361
108,3.6,30.0,108,4,0.99997,True,0.056159,0.577569,-0.334281,0.053857,0.579807,-0.389006
108,3.6,30.0,108,5,0.999972,True,0.057954,0.577767,-0.346714,0.055925,0.579903,-0.401335
108,3.6,30.0,108,6,0.999974,True,0.060215,0.564402,-0.327706,0.058033,0.56681,-0.381654
108,3.6,30.0,108,7,0.999965,True,0.155055,0.554726,-0.220508,0.147376,0.556169,-0.272847
108,3.6,30.0,108,8,0.99994,True,-0.00746,0.509078,-0.193689,-0.009004,0.508986,-0.259748
108,3.6,30.0,108,9,0.999859,True,0.11395,0.533275,-0.286249,0.11063,0.53627,-0.335475
108,3.6,30.0,108,10,0.999867,True,0.068121,0.500204,-0.306825,0.066632,0.502928,-0.360949
108,3.6,30.0,108,11,0.999907,True,0.248101,0.390199,-0.102533,0.242534,0.391663,-0.141702
108,3.6,30.0,108,12,0.999895,True,-0.061355,0.468257,0.015905,-0.056681,0.469358,-0.050297
108,3.6,30.0,108,13,0.820509,True,0.379236,0.29069,-0.184747,0.416374,0.26978,-0.21764
108,3.6,30.0,108,14,0.871049,True,-0.261977,0.308579,0.007922,-0.264866,0.304739,-0.034162
108,3.6,30.0,108,15,0.811107,True,0.346244,0.228102,-0.279918,0.353231,0.210614,-0.324014
108,3.6,30.0,108,16,0.844704,True,-0.468347,0.23423,-0.100499,-0.476897,0.22429,-0.12563
108,3.6,30.0,108,17,0.8101,True,0.33775929295531043,0.222822,-0.301894,0.326135,0.206105,-0.340993
108,3.6,30.0,108,18,0.843553,True,-0.490873,0.220313,-0.138211,-0.501854,0.215883,-0.163285
108,3.6,30.0,108,19,0.813028,True,0.30502352549285827,0.23394,-0.309851,0.287647,0.22644,-0.356167
108,3.6,30.0,108,20,0.844705,True,-0.465739,0.242534,-0.171336,-0.477966,0.237106,-0.198167
108,3.6,30.0,108,21,0.803627,True,0.330776,0.212181,-0.287175,0.332387,0.19896,-0.332903
108,3.6,30.0,108,22,0.827894,True,-0.469278,0.23103,-0.123892,-0.479349,0.222928,-0.149967
108,3.6,30.0,108,23,0.999952,True,0.094989,-0.04228,-0.00023,0.0917,-0.045964,0.004077
108,3.6,30.0,108,24,0.999919,True,-0.091929,0.047599,0.002451,-0.088603,0.051139,-0.001891
108,3.6,30.0,108,25,0.940785,True,0.023959,-0.359084,-0.203261,0.038953,-0.428408,-0.193954
108,3.6,30.0,108,26,0.883449,True,-0.369843,0.021154,-0.119162,-0.361916,0.035626,-0.098342
108,3.6,30.0,108,27,0.956811,True,-0.003268,-0.746596,-0.094368,-0.003155,-0.789035,-0.048028
108,3.6,30.0,108,28,0.732129,True,-0.171973,-0.2433,0.076638,-0.182824,-0.24341,0.082775
108,3.6,30.0,108,29,0.913141,True,-0.028223,-0.779315,-0.07643,-0.029103,-0.820513,-0.027175
108,3.6,30.0,108,30,0.700566,True,-0.145901,-0.255771,0.060978,-0.156166,-0.259258,0.072287
108,3.6,30.0,108,31,0.949844,True,-0.041997,-0.836702,-0.155307,-0.040982,-0.885864,-0.126435
108,3.6,30.0,108,32,0.755231,True,-0.12471,-0.338612,0.049427,-0.147926,-0.345888,0.054338
109,3.6333333333333333,30.0,109,0,0.999962,True,0.05215,0.551454,-0.276697,0.058159,0.553055,-0.339717
109,3.6333333333333333,30.0,109,1,0.999955,True,0.071447,0.570381,-0.266438,0.074628,0.571763,-0.339375
109,3.6333333333333333,30.0,109,2,0.999951,True,0.072638,0.569952,-0.255578,0.074939,0.571687,-0.327493
109,3.6333333333333333,30.0,109,3,0.999964,True,0.072597,0.57061,-0.258509,0.075068,0.572404,-0.330558
109,3.6333333333333333,30.0,109,4,0.999973,True,0.047014,0.575201,-0.272966,0.052328,0.576323,-0.341449
109,3.6333333333333333,30.0,109,5,0.999975,True,0.048389,0.574898,-0.285532,0.053922,0.575869,-0.354867
109,3.6333333333333333,30.0,109,6,0.999976,True,0.050743,0.56186,-0.267132,0.055934,0.563254,-0.336167
109,3.6333333333333333,30.0,109,7,0.999968,True,0.156267,0.550957,-0.157053,0.146344,0.54845,-0.268405
109,3.6333333333333333,30.0,109,8,0.999945,True,-0.008804,0.511227,-0.128461,-0.005607,0.50676,-0.204922
109,3.6333333333333333,30.0,109,9,0.999873,True,0.100693,0.529928,-0.231053,0.102535,0.530156,-0.300444
109,3.6333333333333333,30.0,109,10,0.99988,True,0.054701,0.498608,-0.248432,0.061252,0.498211,-0.311427
109,3.6333333333333333,30.0,109,11,0.999915,True,0.225375,0.389748,-0.087068,0.239277,0.388625,-0.122132
109,3.6333333333333333,30.0,109,12,0.999891,True,-0.05301,0.465046,0.082556,-0.053228,0.463881,0.034076
109,3.6333333333333333,30.0,109,13,0.837282,True,0.280761,0.272608,-0.206457,0.30532,0.257836,-0.219087
109,3.6333333333333333,30.0,109,14,0.852822,True,-0.226443,0.284713,0.087971,-0.238716,0.288502,0.06676
109,3.6333333333333333,30.0,109,15,0.829223,True,0.1435819124047881,0.216847,-0.302622,0.128465,0.218484,-0.287915
109,3.6333333333333333,30.0,109,16,0.848835,True,-0.419522,0.201249,-0.008666,-0.439009,0.215692,-0.018666
109,3.6333333333333333,30.0,109,17,0.827547,True,0.1009670014854615,0.21282,-0.332942,0.079441,0.2174,-0.301868
109,3.6333333333333333,30.0,109,18,0.844343,True,-0.43607,0.187638,-0.044036,-0.458788,0.208596,-0.05509
109,3.6333333333333333,30.0,109,19,0.830173,True,0.062395776870195874,0.227606,-0.322562,0.034383,0.231654,-0.304245
109,3.6333333333333333,30.0,109,20,0.84686,True,-0.415794,0.212509,-0.074375,-0.437656,0.230996,-0.083083
109,3.6333333333333333,30.0,109,21,0.820125,True,0.12272078606123886,0.203244,-0.300481,0.103129,0.205681,-0.288552
109,3.6333333333333333,30.0,109,22,0.830901,True,-0.421329,0.201789,-0.03054,-0.440324,0.216298,-0.040513
109,3.6333333333333333,30.0,109,23,0.999952,True,0.089125,-0.030883,-0.014647,0.089792,-0.044927,-0.004884
109,3.6333333333333333,30.0,109,24,0.999917,True,-0.085614,0.035745,0.016711,-0.086669,0.050189,0.006638
109,3.6333333333333333,30.0,109,25,0.941911,True,0.00048,-0.308222,-0.19399,0.057974,-0.427802,-0.165558
109,3.6333333333333333,30.0,109,26,0.876642,True,-0.320014,-0.051683,-0.083217,-0.34148,0.039249,-0.131805
109,3.6333333333333333,30.0,109,27,0.958918,True,0.01615,-0.732995,-0.075625,0.031398,-0.793774,-0.063214
109,3.6333333333333333,30.0,109,28,0.689378,True,-0.104802,-0.269762,0.088083,-0.115075,-0.186027,0.040266
109,3.6333333333333333,30.0,109,29,0.905432,True,-0.002921,-0.768547,-0.055677,0.006816,-0.825719,-0.047003
109,3.6333333333333333,30.0,109,30,0.659315,True,-0.076078,-0.278988,0.068804,-0.084137,-0.191605,0.024531
109,3.6333333333333333,30.0,109,31,0.951369,True,-0.018544,-0.824204,-0.114495,-0.014989,-0.879123,-0.129507
109,3.6333333333333333,30.0,109,32,0.720849,True,-0.054426,-0.359539,0.059891,-0.048807,-0.300313,0.010453
110,3.6666666666666665,30.0,110,0,0.999966,True,0.025666,0.554687,-0.207883,0.032958,0.554318,-0.02956
110,3.6666666666666665,30.0,110,1,0.999959,True,0.049206,0.571955,-0.201814,0.053103,0.573204,-0.016167
110,3.6666666666666665,30.0,110,2,0.999956,True,0.051417,0.571433,-0.190166,0.054963,0.572511,-0.005703
110,3.6666666666666665,30.0,110,3,0.999968,True,0.051256,0.571697,-0.192437,0.056092,0.573889,-0.008323
110,3.6666666666666665,30.0,110,4,0.999975,True,0.028459,0.579229,-0.202815,0.033231,0.577989,-0.017608
110,3.6666666666666665,30.0,110,5,0.999977,True,0.029338,0.578214,-0.214909,0.033892,0.577916,-0.029639
110,3.6666666666666665,30.0,110,6,0.999978,True,0.031841,0.565533,-0.197163,0.036822,0.564629,-0.012531
110,3.6666666666666665,30.0,110,7,0.999971,True,0.145474,0.549742,-0.095337,0.144759,0.550999,0.065096
110,3.6666666666666665,30.0,110,8,0.99995,True,-0.010359,0.518021,-0.062887,-0.005414,0.510512,0.123506
110,3.6666666666666665,30.0,110,9,0.999885,True,0.075131,0.531706,-0.168767,0.081835,0.531549,0.006727
110,3.6666666666666665,30.0,110,10,0.999892,True,0.032326,0.502586,-0.182227,0.038326,0.499698,-0.003521
110,3.6666666666666665,30.0,110,11,0.999923,True,0.178326,0.39175,-0.080123,0.195316,0.389618,0.077894
110,3.6666666666666665,30.0,110,12,0.999896,True,-0.030356,0.46558,0.151454,-0.052514,0.455652,0.28779
110,3.6666666666666665,30.0,110,13,0.852402,True,0.148517,0.263587,-0.214437,0.129577,0.267504,-0.075787
110,3.6666666666666665,30.0,110,14,0.813299,True,-0.175231,0.268289,0.176015,-0.213011,0.256607,0.227459
110,3.6666666666666665,30.0,110,15,0.845399,True,-0.0656791727419842,0.21824,-0.272639,-0.093972,0.223206,-0.166202
110,3.6666666666666665,30.0,110,16,0.844298,True,-0.354529,0.182128,0.103818,-0.412116,0.218861,0.072704
110,3.6666666666666665,30.0,110,17,0.843434,True,-0.12229504072711811,0.219822,-0.302303,-0.143491,0.221779,-0.232209
110,3.6666666666666665,30.0,110,18,0.842192,True,-0.363947,0.173101,0.074439,-0.429837,0.212862,0.026568
110,3.6666666666666665,30.0,110,19,0.845853,True,-0.15995486018756444,0.237246,-0.278889,-0.181219,0.235409,-0.170977
110,3.6666666666666665,30.0,110,20,0.845961,True,-0.351614,0.201522,0.0482,-0.402957,0.246581,0.004279
110,3.6666666666666665,30.0,110,21,0.835749,True,-0.08817565823261801,0.207142,-0.262345,-0.115172,0.209582,-0.147193
110,3.6666666666666665,30.0,110,22,0.830538,True,-0.359497,0.189361,0.084362,-0.411599,0.225413,0.052894
110,3.6666666666666665,30.0,110,23,0.999956,True,0.072607,-0.017226,-0.032662,0.088765,-0.017215,-0.02274
110,3.6666666666666665,30.0,110,24,0.999924,True,-0.068817,0.021333,0.034522,-0.085621,0.022227,0.025534
110,3.6666666666666665,30.0,110,25,0.944774,True,-0.031185,-0.261487,-0.178197,-0.034699,-0.220858,-0.1981
110,3.6666666666666665,30.0,110,26,0.880958,True,-0.230769,-0.136149,-0.030146,-0.316146,-0.075102,-0.109813
110,3.6666666666666665,30.0,110,27,0.954672,True,0.032531,-0.721705,-0.056401,0.018598,-0.646651,-0.150834
110,3.6666666666666665,30.0,110,28,0.681,True,-0.063015,-0.327226,0.127684,-0.026057,-0.229143,-0.002119
110,3.6666666666666665,30.0,110,29,0.890776,True,0.019963,-0.760093,-0.035372,-0.001095,-0.689954,-0.13609
110,3.6666666666666665,30.0,110,30,0.654669,True,-0.040312,-0.336147,0.105565,0.006541,-0.229124,-0.039007
110,3.6666666666666665,30.0,110,31,0.946353,True,0.005287,-0.812019,-0.066773,-0.016302,-0.742225,-0.183721
110,3.6666666666666665,30.0,110,32,0.715679,True,-0.024992,-0.402819,0.100127,0.052676,-0.286393,-0.040812
111,3.7,30.0,111,0,0.999969,True,-0.010047,0.565621,-0.137334,0.002261,0.561712,-0.150497
111,3.7,30.0,111,1,0.999963,True,0.015051,0.580674,-0.140572,0.030905,0.576842,-0.135736
111,3.7,30.0,111,2,0.99996,True,0.0179,0.58046,-0.128225,0.03626,0.576193,-0.126374
111,3.7,30.0,111,3,0.999971,True,0.01767,0.580217,-0.129712,0.034496,0.575372,-0.12969
111,3.7,30.0,111,4,0.999977,True,0.003264,0.590615,-0.136248,0.018742,0.588174,-0.148503
111,3.7,30.0,111,5,0.999979,True,0.003696,0.588831,-0.14743,0.018408,0.585364,-0.16014
111,3.7,30.0,111,6,0.99998,True,0.006576,0.576297,-0.129992,0.022394,0.574242,-0.141315
111,3.7,30.0,111,7,0.999974,True,0.115318,0.551412,-0.058743,0.136586,0.552186,0.032698
111,3.7,30.0,111,8,0.999953,True,-0.008852,0.527076,-0.017863,-0.00183,0.534318,-0.018808
111,3.7,30.0,111,9,0.999895,True,0.038557,0.539881,-0.110146,0.0516,0.537737,-0.105737
111,3.7,30.0,111,10,0.9999,True,0.004514,0.512617,-0.119721,0.013507,0.51249,-0.127427
111,3.7,30.0,111,11,0.999931,True,0.107341,0.396047,-0.086221,0.094881,0.399109,-0.100111
111,3.7,30.0,111,12,0.999902,True,0.007674,0.468725,0.196509,0.024258,0.473921,0.200343
111,3.7,30.0,111,13,0.867127,True,0.000843,0.263952,-0.203852,-0.005891,0.271957,-0.255702
111,3.7,30.0,111,14,0.734843,True,-0.109979,0.260271,0.24308,-0.01131,0.250827,0.285274
111,3.7,30.0,111,15,0.860763,True,-0.22338,0.233233,-0.186304,-0.238114,0.225125,-0.253993
111,3.7,30.0,111,16,0.779973,True,-0.278971,0.184556,0.20586,-0.140119,0.130439,0.340625
111,3.7,30.0,111,17,0.858882,True,-0.277227,0.243944,-0.204667,-0.285473,0.236587,-0.269091
111,3.7,30.0,111,18,0.788936,True,-0.281879,0.184714,0.185457,-0.124495,0.103544,0.34297
111,3.7,30.0,111,19,0.861079,True,-0.303313,0.261778,-0.177737,-0.31156,0.257402,-0.248189
111,3.7,30.0,111,20,0.793185,True,-0.278346,0.21739,0.16461,-0.12541,0.133887,0.320565
111,3.7,30.0,111,21,0.851702,True,-0.240181,0.224321,-0.171565,-0.253896,0.217153,-0.242297
111,3.7,30.0,111,22,0.777709,True,-0.288762,0.200047,0.189397,-0.148396,0.135527,0.330405
111,3.7,30.0,111,23,0.999958,True,0.045036,-0.005437,-0.047508,0.034832,0.010061,-0.053116
111,3.7,30.0,111,24,0.999929,True,-0.041371,0.008634,0.049115,-0.029604,-0.00812,0.053534
111,3.7,30.0,111,25,0.948816,True,-0.057004,-0.247334,-0.153013,-0.158912,-0.01628,-0.127905
111,3.7,30.0,111,26,0.884117,True,-0.108387,-0.202965,0.030133,0.01002,-0.313776,0.065353
111,3.7,30.0,111,27,0.955901,False,0.045078,-0.72033,-0.041732,0.042297,-0.218265,0.081168
111,3.7,30.0,111,28,0.71009,False,-0.030877,-0.397114,0.185518,-0.016453,-0.711067,0.221642
111,3.7,30.0,111,29,0.897536,False,0.037231,-0.760415,-0.02169,0.053611,-0.23717,0.115516
111,3.7,30.0,111,30,0.685088,False,-0.020038,-0.409011,0.162231,-0.015058,-0.740043,0.202207
111,3.7,30.0,111,31,0.949219,False,0.024244,-0.808035,-0.02554,0.051325,-0.33394,0.195723
111,3.7,30.0,111,32,0.739971,False,-0.012792,-0.455307,0.163564,-0.039904,-0.811229,0.21975
112,3.7333333333333334,30.0,112,0,0.999972,True,-0.044677,0.582915,-0.066361,-0.039285,0.564408,-0.157478
112,3.7333333333333334,30.0,112,1,0.999967,True,-0.022989,0.595693,-0.082802,-0.012898,0.577423,-0.183989
112,3.7333333333333334,30.0,112,2,0.999964,True,-0.020104,0.596282,-0.070129,-0.0098,0.577774,-0.166104
112,3.7333333333333334,30.0,112,3,0.999973,True,-0.020324,0.59554,-0.07114,-0.010566,0.576164,-0.165131
112,3.7333333333333334,30.0,112,4,0.99998,True,-0.019995,0.607706,-0.075798,-0.022373,0.591896,-0.15949
112,3.7333333333333334,30.0,112,5,0.999981,True,-0.019955,0.605233,-0.085976,-0.022558,0.589515,-0.168198
112,3.7333333333333334,30.0,112,6,0.999982,True,-0.016238,0.592679,-0.068227,-0.01971,0.577459,-0.153866
112,3.7333333333333334,30.0,112,7,0.999976,True,0.065866,0.555869,-0.050626,0.099569,0.553068,-0.124023
112,3.7333333333333334,30.0,112,8,0.999955,True,-0.000467,0.534956,0.000797,-0.017367,0.53855,-0.055488
112,3.7333333333333334,30.0,112,9,0.999904,True,-0.000858,0.553596,-0.055519,0.012173,0.53956,-0.14677
112,3.7333333333333334,30.0,112,10,0.999907,True,-0.020207,0.527073,-0.062709,-0.021194,0.516622,-0.154078
112,3.7333333333333334,30.0,112,11,0.999937,True,0.022264,0.402279,-0.095145,0.047214,0.401327,-0.163698
112,3.7333333333333334,30.0,112,12,0.999892,True,0.05616,0.472388,0.205397,0.031459,0.479315,0.179507
112,3.7333333333333334,30.0,112,13,0.876715,True,-0.136823,0.271169,-0.166658,-0.121834,0.27372,-0.222714
112,3.7333333333333334,30.0,112,14,0.662033,True,-0.03329,0.257954,0.270243,-0.077936,0.264063,0.235397
112,3.7333333333333334,30.0,112,15,0.870557,True,-0.310552,0.259349,-0.052472,-0.319761,0.251995,-0.151668
112,3.7333333333333334,30.0,112,16,0.711314,True,-0.198996,0.20907,0.273196,-0.247745,0.150687,0.168896
112,3.7333333333333334,30.0,112,17,0.865373,True,-0.354328,0.280754,-0.051952,-0.370825,0.266687,-0.145719
112,3.7333333333333334,30.0,112,18,0.724965,True,-0.197956,0.221169,0.262799,-0.2546,0.168267,0.144172
112,3.7333333333333334,30.0,112,19,0.8677,True,-0.363952,0.296397,-0.030457,-0.386422,0.283781,-0.126134
112,3.7333333333333334,30.0,112,20,0.730623,True,-0.201712,0.258068,0.248224,-0.283151,0.199852,0.120228
112,3.7333333333333334,30.0,112,21,0.851685,True,-0.316771,0.251901,-0.037898,-0.329424,0.244228,-0.131892
112,3.7333333333333334,30.0,112,22,0.714812,True,-0.214131,0.231972,0.260022,-0.273125,0.181864,0.147901
112,3.7333333333333334,30.0,112,23,0.99994,True,0.009961,0.000717,-0.051697,0.01927,0.002665,-0.068796
112,3.7333333333333334,30.0,112,24,0.999896,True,-0.006879,0.001653,0.052997,-0.015866,0.000114,0.070498
112,3.7333333333333334,30.0,112,25,0.88748,True,-0.066872,-0.276444,-0.115102,-0.0345,-0.347716,-0.146358
112,3.7333333333333334,30.0,112,26,0.796574,True,0.029851,-0.220793,0.0786,-0.033621,-0.277019,0.143994
112,3.7333333333333334,30.0,112,27,0.899646,False,0.053669,-0.730791,-0.031858,0.065231,-0.689129,-0.064457
112,3.7333333333333334,30.0,112,28,0.64217,True,0.004173,-0.442739,0.233183,-0.091525,-0.617274,0.337656
112,3.7333333333333334,30.0,112,29,0.84239,False,0.04708,-0.770934,-0.015179,0.055927,-0.728844,-0.050538
112,3.7333333333333334,30.0,112,30,0.622677,True,0.001369,-0.459557,0.210125,-0.09636,-0.644523,0.318399
112,3.7333333333333334,30.0,112,31,0.903841,False,0.035219,-0.814765,0.002953,0.040707,-0.79145,-0.058823
112,3.7333333333333334,30.0,112,32,0.672556,True,0.003958,-0.487476,0.223832,-0.107079,-0.685812,0.309297
113,3.7666666666666666,30.0,113,0,0.999964,True,-0.064292,0.601692,0.004939,-0.092732,0.614844,-0.033966
113,3.7666666666666666,30.0,113,1,0.999963,True,-0.051581,0.612797,-0.024426,-0.075891,0.624364,-0.066619
113,3.7666666666666666,30.0,113,2,0.99996,True,-0.049119,0.614568,-0.011962,-0.074757,0.625936,-0.055074
113,3.7666666666666666,30.0,113,3,0.999971,True,-0.049313,0.613439,-0.013054,-0.074163,0.625382,-0.053742
113,3.7666666666666666,30.0,113,4,0.999974,True,-0.030229,0.625789,-0.019463,-0.049695,0.637182,-0.055614
113,3.7666666666666666,30.0,113,5,0.999975,True,-0.030608,0.622766,-0.028931,-0.049082,0.634292,-0.066534
113,3.7666666666666666,30.0,113,6,0.999976,True,-0.025487,0.610249,-0.010287,-0.044696,0.619738,-0.046287
113,3.7666666666666666,30.0,113,7,0.999976,True,0.007244,0.562123,-0.054888,-0.00895,0.560561,-0.128981
113,3.7666666666666666,30.0,113,8,0.999947,True,0.016136,0.538662,0.001389,0.007821,0.538009,-0.030195
113,3.7666666666666666,30.0,113,9,0.999893,True,-0.030292,0.569185,-0.000815,-0.059406,0.577119,-0.044038
113,3.7666666666666666,30.0,113,10,0.999892,True,-0.031634,0.542031,-0.008921,-0.050826,0.549121,-0.039651
113,3.7666666666666666,30.0,113,11,0.999939,True,-0.060177,0.409609,-0.090269,-0.074391,0.406519,-0.135378
113,3.7666666666666666,30.0,113,12,0.999864,True,0.104947,0.474643,0.182908,0.112611,0.471883,0.164002
113,3.7666666666666666,30.0,113,13,0.872317,True,-0.239753,0.282081,-0.100042,-0.263049,0.277424,-0.162994
113,3.7666666666666666,30.0,113,14,0.59682,True,0.050626,0.25722,0.254969,0.00015,0.270839,0.267718
113,3.7666666666666666,30.0,113,15,0.8259,True,-0.325754,0.292027,0.104804,-0.360575,0.311009,0.110758
113,3.7666666666666666,30.0,113,16,0.640619,True,-0.118698,0.247081,0.298172,-0.197054,0.317133,0.372417
113,3.7666666666666666,30.0,113,17,0.820315,True,-0.351734,0.323368,0.125451,-0.388728,0.352286,0.138903
113,3.7666666666666666,30.0,113,18,0.65324,True,-0.117133,0.270369,0.296516,-0.200286,0.357791,0.375093
113,3.7666666666666666,30.0,113,19,0.821671,True,-0.344548,0.334796,0.137113,-0.376324,0.36489,0.14057
113,3.7666666666666666,30.0,113,20,0.658346,True,-0.125762,0.310146,0.288307,-0.198693,0.398962,0.370029
113,3.7666666666666666,30.0,113,21,0.797105,True,-0.319186,0.285122,0.115605,-0.353082,0.305939,0.118944
113,3.7666666666666666,30.0,113,22,0.64427,True,-0.138643,0.274219,0.288423,-0.215785,0.350458,0.36222
113,3.7666666666666666,30.0,113,23,0.999926,True,-0.025905,0.000161,-0.041346,-0.027086,-0.001158,-0.054631
113,3.7666666666666666,30.0,113,24,0.999856,True,0.02815,0.001699,0.042302,0.028986,0.002996,0.056252
113,3.7666666666666666,30.0,113,25,0.885693,True,-0.06013,-0.332448,-0.065915,-0.033578,-0.411422,-0.101713
113,3.7666666666666666,30.0,113,26,0.726476,True,0.162509,-0.179349,0.100129,0.177053,-0.197654,0.128755
113,3.7666666666666666,30.0,113,27,0.896403,True,0.05902,-0.746623,-0.023249,0.05712,-0.782304,-0.064243
113,3.7666666666666666,30.0,113,28,0.592923,True,0.046448,-0.437502,0.244427,0.075168,-0.413043,0.276937
113,3.7666666666666666,30.0,113,29,0.834893,True,0.050329,-0.785519,-0.011356,0.044328,-0.819971,-0.053475
113,3.7666666666666666,30.0,113,30,0.58431,True,0.03173,-0.459107,0.22195,0.058191,-0.426112,0.255444
113,3.7666666666666666,30.0,113,31,0.890675,True,0.039009,-0.826537,0.021749,0.036981,-0.85747,-0.057663
113,3.7666666666666666,30.0,113,32,0.620538,True,0.035656,-0.478974,0.254355,0.072447,-0.412842,0.295473
114,3.8,30.0,114,0,0.999936,True,-0.058007,0.615396,0.068244,-0.058123,0.623067,0.107599
114,3.8,30.0,114,1,0.999935,True,-0.05806,0.625934,0.031504,-0.064335,0.632634,0.069324
114,3.8,30.0,114,2,0.999938,True,-0.056104,0.62899,0.043378,-0.062791,0.636583,0.080289
114,3.8,30.0,114,3,0.999953,True,-0.056361,0.627612,0.041785,-0.062417,0.635078,0.077197
114,3.8,30.0,114,4,0.999947,True,-0.019631,0.638841,0.029146,-0.027508,0.644484,0.059971
114,3.8,30.0,114,5,0.999951,True,-0.020493,0.63537,0.019815,-0.027542,0.640723,0.051647
114,3.8,30.0,114,6,0.999948,True,-0.013624,0.623147,0.039625,-0.022452,0.628435,0.072022
114,3.8,30.0,114,7,0.999972,True,-0.044112,0.568399,-0.052057,-0.079776,0.566328,-0.057416
114,3.8,30.0,114,8,0.999914,True,0.037708,0.536948,-0.005311,0.039075,0.535051,-0.003488
114,3.8,30.0,114,9,0.999823,True,-0.038154,0.581506,0.051672,-0.045766,0.587387,0.085432
114,3.8,30.0,114,10,0.999803,True,-0.023061,0.552703,0.038004,-0.026682,0.556957,0.069911
114,3.8,30.0,114,11,0.999943,True,-0.122755,0.416772,-0.061945,-0.144835,0.41571,-0.034214
114,3.8,30.0,114,12,0.999853,True,0.142706,0.474748,0.14267,0.164698,0.472294,0.133691
114,3.8,30.0,114,13,0.870792,True,-0.290751,0.294387,-0.013046,-0.296918,0.294361,0.061971
114,3.8,30.0,114,14,0.550854,True,0.134078,0.255956,0.207724,0.156638,0.26372,0.213217
114,3.8,30.0,114,15,0.77363,True,-0.284926,0.325627,0.251743,-0.247745,0.324597,0.359156
114,3.8,30.0,114,16,0.576796,True,-0.039666,0.285217,0.288789,0.016317,0.309825,0.288996
114,3.8,30.0,114,17,0.76519,True,-0.290662,0.364245,0.287695,-0.247413,0.365293,0.399646
114,3.8,30.0,114,18,0.588196,True,-0.03989,0.315831,0.292882,0.027393,0.346737,0.302323
114,3.8,30.0,114,19,0.766735,True,-0.271138,0.370673,0.290323,-0.220636,0.368849,0.400222
114,3.8,30.0,114,20,0.592789,True,-0.051634,0.355836,0.290417,0.029192,0.392012,0.312211
114,3.8,30.0,114,21,0.739908,True,-0.266371,0.318391,0.257329,-0.225301,0.31695,0.361491
114,3.8,30.0,114,22,0.580159,True,-0.063184,0.312485,0.282549,-0.00143,0.337987,0.290838
114,3.8,30.0,114,23,0.999923,True,-0.055298,-0.005053,-0.018364,-0.066676,-0.008915,-0.003556
114,3.8,30.0,114,24,0.999842,True,0.056812,0.006843,0.018991,0.067289,0.01054,0.003632
114,3.8,30.0,114,25,0.880253,True,-0.043258,-0.384751,-0.013624,-0.034136,-0.415864,0.022807
114,3.8,30.0,114,26,0.681465,True,0.271282,-0.098803,0.09373,0.290738,-0.065407,0.063092
114,3.8,30.0,114,27,0.895362,True,0.062537,-0.758193,-0.011706,0.062483,-0.767801,-0.001236
114,3.8,30.0,114,28,0.564423,True,0.092082,-0.385285,0.214308,0.130178,-0.362349,0.196146
114,3.8,30.0,114,29,0.843624,True,0.050042,-0.795399,-0.004271,0.048023,-0.804567,0.001637
114,3.8,30.0,114,30,0.572665,True,0.069073,-0.410028,0.191847,0.109326,-0.390475,0.173527
114,3.8,30.0,114,31,0.873281,True,0.039549,-0.834474,0.038173,0.023594,-0.849177,0.05512
114,3.8,30.0,114,32,0.577523,True,0.079478,-0.435396,0.246733,0.1199,-0.406115,0.217259
115,3.8333333333333335,30.0,115,0,0.999919,True,-0.024458,0.619276,0.106783,-0.028816,0.622956,0.135339
115,3.8333333333333335,30.0,115,1,0.999913,True,-0.03752,0.630489,0.071735,-0.03942,0.635591,0.099672
115,3.8333333333333335,30.0,115,2,0.999919,True,-0.035825,0.634593,0.083055,-0.037747,0.639756,0.110999
115,3.8333333333333335,30.0,115,3,0.999939,True,-0.036275,0.633084,0.08096,-0.038175,0.638525,0.107296
115,3.8333333333333335,30.0,115,4,0.999932,True,0.011223,0.642646,0.058095,0.013832,0.647236,0.080856
115,3.8333333333333335,30.0,115,5,0.999938,True,0.009931,0.63877,0.048285,0.011431,0.643594,0.071257
115,3.8333333333333335,30.0,115,6,0.999935,True,0.018341,0.627096,0.069138,0.021967,0.632731,0.092191
115,3.8333333333333335,30.0,115,7,0.999969,True,-0.073555,0.572994,-0.035162,-0.069418,0.581234,-0.009325
115,3.8333333333333335,30.0,115,8,0.999891,True,0.057012,0.53073,-0.015584,0.067523,0.535458,-0.002984
115,3.8333333333333335,30.0,115,9,0.999781,True,-0.020495,0.586682,0.090132,-0.017968,0.59179,0.119715
115,3.8333333333333335,30.0,115,10,0.999753,True,0.004561,0.555813,0.066195,0.006042,0.558729,0.089536
115,3.8333333333333335,30.0,115,11,0.999947,True,-0.154576,0.422568,-0.013709,-0.155369,0.42959,0.01634
115,3.8333333333333335,30.0,115,12,0.999852,True,0.161972,0.473449,0.096986,0.164191,0.477177,0.101684
115,3.8333333333333335,30.0,115,13,0.865016,True,-0.284629,0.306508,0.076951,-0.274959,0.309362,0.126483
115,3.8333333333333335,30.0,115,14,0.533625,True,0.20608,0.255645,0.143427,0.226548,0.247347,0.112507
115,3.8333333333333335,30.0,115,15,0.720614,True,-0.210238,0.353165,0.359723,-0.16816,0.341424,0.400347
115,3.8333333333333335,30.0,115,16,0.520563,True,0.038527,0.312685,0.258083,0.07627,0.302126,0.195759
115,3.8333333333333335,30.0,115,17,0.709978,True,-0.198624,0.395317,0.403458,-0.156882,0.378524,0.443471
115,3.8333333333333335,30.0,115,18,0.531106,True,0.037132,0.345917,0.263864,0.07738,0.323593,0.190831
115,3.8333333333333335,30.0,115,19,0.71154,True,-0.173839,0.397279,0.400588,-0.13259,0.380009,0.442157
115,3.8333333333333335,30.0,115,20,0.535323,True,0.023283,0.383158,0.266391,0.063644,0.363479,0.189435
115,3.8333333333333335,30.0,115,21,0.685556,True,-0.183002,0.344928,0.360773,-0.141641,0.33234,0.401627
115,3.8333333333333335,30.0,115,22,0.523988,True,0.013304,0.336946,0.255384,0.053959,0.321116,0.189242
115,3.8333333333333335,30.0,115,23,0.999926,True,-0.073378,-0.011415,0.011113,-0.075777,-0.013624,0.023063
115,3.8333333333333335,30.0,115,24,0.999842,True,0.074553,0.013551,-0.010711,0.076834,0.015394,-0.022631
115,3.8333333333333335,30.0,115,25,0.886425,True,-0.023001,-0.411606,0.030686,-0.032042,-0.402252,0.054414
115,3.8333333333333335,30.0,115,26,0.675594,True,0.344944,-0.017163,0.069996,0.338164,0.03906,0.030356
115,3.8333333333333335,30.0,115,27,0.90233,True,0.065681,-0.760728,0.004536,0.059837,-0.753686,0.021018
115,3.8333333333333335,30.0,115,28,0.562518,True,0.133826,-0.317168,0.159523,0.138069,-0.29147,0.118712
115,3.8333333333333335,30.0,115,29,0.856613,True,0.049634,-0.796671,0.009307,0.043565,-0.79044,0.025865
115,3.8333333333333335,30.0,115,30,0.582102,True,0.106575,-0.3432,0.136297,0.114171,-0.321829,0.094631
115,3.8333333333333335,30.0,115,31,0.874824,True,0.041439,-0.834334,0.056465,0.03907,-0.83103,0.081058
115,3.8333333333333335,30.0,115,32,0.559802,True,0.126301,-0.383535,0.211268,0.147449,-0.378931,0.167506
116,3.8666666666666667,30.0,116,0,0.999857,True,0.026065,0.613051,0.106641,-0.003502,0.617586,0.151939
116,3.8666666666666667,30.0,116,1,0.999815,True,0.00342,0.625952,0.082087,-0.028476,0.631471,0.122503
116,3.8666666666666667,30.0,116,2,0.999833,True,0.005187,0.630574,0.093265,-0.026592,0.634641,0.132903
116,3.8666666666666667,30.0,116,3,0.999874,True,0.004487,0.629062,0.091008,-0.027948,0.633608,0.130441
116,3.8666666666666667,30.0,116,4,0.999881,True,0.052482,0.637129,0.055944,0.032168,0.642215,0.098198
116,3.8666666666666667,30.0,116,5,0.999899,True,0.051024,0.632899,0.045251,0.03106,0.639063,0.087419
116,3.8666666666666667,30.0,116,6,0.999894,True,0.060189,0.621853,0.06678,0.040976,0.627779,0.109293
116,3.8666666666666667,30.0,116,7,0.99995,True,-0.075181,0.575339,-0.011532,-0.075195,0.579764,0.026002
116,3.8666666666666667,30.0,116,8,0.999825,True,0.066242,0.522489,-0.031491,0.066222,0.522768,0.005124
116,3.8666666666666667,30.0,116,9,0.99964,True,0.0162,0.584324,0.101716,-0.00614,0.588242,0.139836
116,3.8666666666666667,30.0,116,10,0.999615,True,0.042231,0.551358,0.064509,0.025238,0.556864,0.102497
116,3.8666666666666667,30.0,116,11,0.999949,True,-0.154598,0.426491,0.04256,-0.162023,0.426562,0.049914
116,3.8666666666666667,30.0,116,12,0.99985,True,0.162041,0.472461,0.053415,0.158911,0.473283,0.076316
116,3.8666666666666667,30.0,116,13,0.834917,True,-0.230096,0.31684,0.155018,-0.259077,0.309444,0.1296
116,3.8666666666666667,30.0,116,14,0.541737,True,0.256404,0.259633,0.074736,0.271749,0.247722,0.075803
116,3.8666666666666667,30.0,116,15,0.65454,True,-0.120828,0.366218,0.419603,-0.131358,0.336911,0.359837
116,3.8666666666666667,30.0,116,16,0.471224,True,0.117508,0.325672,0.212879,0.101353,0.296367,0.172357
116,3.8666666666666667,30.0,116,17,0.644582,True,-0.098871,0.407818,0.464777,-0.11484,0.371794,0.400985
116,3.8666666666666667,30.0,116,18,0.480843,True,0.118939,0.358213,0.215472,0.092324,0.322862,0.168724
116,3.8666666666666667,30.0,116,19,0.64599,True,-0.07541,0.406624,0.459572,-0.094636,0.369487,0.397602
116,3.8666666666666667,30.0,116,20,0.484719,True,0.104597,0.390915,0.222621,0.071139,0.354502,0.168168
116,3.8666666666666667,30.0,116,21,0.622902,True,-0.089595,0.356492,0.418007,-0.105589,0.32535,0.35914
116,3.8666666666666667,30.0,116,22,0.474547,True,0.093297,0.345869,0.213518,0.072917,0.314197,0.169177
116,3.8666666666666667,30.0,116,23,0.99993,True,-0.079265,-0.016192,0.040395,-0.080445,-0.017344,0.037784
116,3.8666666666666667,30.0,116,24,0.999851,True,0.080531,0.018945,-0.040017,0.08177,0.020578,-0.037354
116,3.8666666666666667,30.0,116,25,0.889841,True,-0.001983,-0.412853,0.059331,-0.009978,-0.392529,0.064241
116,3.8666666666666667,30.0,116,26,0.677727,True,0.379759,0.033651,0.038635,0.379888,0.052195,0.022655
116,3.8666666666666667,30.0,116,27,0.908478,True,0.069083,-0.757605,0.023448,0.06452,-0.750443,0.02225
116,3.8666666666666667,30.0,116,28,0.567259,True,0.166853,-0.268987,0.100534,0.148395,-0.233887,0.050102
116,3.8666666666666667,30.0,116,29,0.868912,True,0.050777,-0.793249,0.027718,0.047165,-0.785372,0.028714
116,3.8666666666666667,30.0,116,30,0.597786,True,0.139197,-0.295332,0.076057,0.119438,-0.257401,0.02365
116,3.8666666666666667,30.0,116,31,0.875364,True,0.047806,-0.829683,0.074512,0.061042,-0.814127,0.086542
116,3.8666666666666667,30.0,116,32,0.547106,True,0.170102,-0.351007,0.161154,0.154764,-0.319401,0.123298
117,3.9,30.0,117,0,0.999862,True,0.076031,0.600704,0.068348,0.112339,0.59259,0.043429
117,3.9,30.0,117,1,0.99982,True,0.049388,0.615899,0.059136,0.080145,0.605276,0.027523
117,3.9,30.0,117,2,0.999836,True,0.051452,0.620329,0.070641,0.083024,0.611292,0.038468
117,3.9,30.0,117,3,0.999874,True,0.050568,0.618996,0.068534,0.081796,0.60901,0.035793
117,3.9,30.0,117,4,0.999887,True,0.089534,0.626088,0.022439,0.120024,0.616984,0.008684
117,3.9,30.0,117,5,0.999904,True,0.088333,0.62166,0.010849,0.11705,0.611326,-0.002677
117,3.9,30.0,117,6,0.999898,True,0.097228,0.611133,0.032676,0.127547,0.601821,0.018211
117,3.9,30.0,117,7,0.99995,True,-0.053176,0.576344,0.007461,-0.050777,0.568566,0.001705
117,3.9,30.0,117,8,0.999829,True,0.061127,0.515071,-0.05345,0.068419,0.508823,-0.052106
117,3.9,30.0,117,9,0.999626,True,0.058143,0.577496,0.083341,0.082045,0.569122,0.052074
117,3.9,30.0,117,10,0.999618,True,0.077011,0.542414,0.032984,0.101674,0.536119,0.021539
117,3.9,30.0,117,11,0.999945,True,-0.130035,0.429016,0.095428,-0.117508,0.425625,0.071573
117,3.9,30.0,117,12,0.999824,True,0.148102,0.473499,0.016949,0.143491,0.470548,0.02658
117,3.9,30.0,117,13,0.766425,True,-0.147217,0.323716,0.216036,-0.175336,0.326411,0.194987
117,3.9,30.0,117,14,0.54836,True,0.280977,0.26972,0.010038,0.278327,0.262627,0.044164
117,3.9,30.0,117,15,0.590526,True,-0.029888,0.357104,0.443128,-0.110884,0.393313,0.450026
117,3.9,30.0,117,16,0.425943,True,0.198642,0.32593,0.151199,0.153959,0.328671,0.21191
117,3.9,30.0,117,17,0.581894,True,-0.006298,0.394227,0.486612,-0.068563,0.440474,0.492144
117,3.9,30.0,117,18,0.43456,True,0.208842,0.356435,0.145174,0.156535,0.364195,0.217128
117,3.9,30.0,117,19,0.583243,True,0.012135,0.391183,0.480257,-0.041073,0.437081,0.488965
117,3.9,30.0,117,20,0.438032,True,0.19741,0.385172,0.156792,0.144124,0.389533,0.223625
117,3.9,30.0,117,21,0.562922,True,0.000701,0.345448,0.440899,-0.064487,0.383355,0.446801
117,3.9,30.0,117,22,0.428852,True,0.178944,0.342838,0.154443,0.130438,0.346303,0.213983
117,3.9,30.0,117,23,0.999931,True,-0.075307,-0.018537,0.065054,-0.069789,-0.017795,0.054252
117,3.9,30.0,117,24,0.999851,True,0.0769,0.021994,-0.06445,0.071785,0.021194,-0.053818
117,3.9,30.0,117,25,0.89168,True,0.020045,-0.403983,0.071513,0.022863,-0.390239,0.040692
117,3.9,30.0,117,26,0.685311,True,0.37829,0.044151,-0.00133,0.382311,0.027885,0.013577
117,3.9,30.0,117,27,0.913269,True,0.072155,-0.756918,0.040673,0.081449,-0.753121,0.016747
117,3.9,30.0,117,28,0.587887,True,0.190961,-0.259118,0.043461,0.186645,-0.253413,0.03768
117,3.9,30.0,117,29,0.878394,True,0.052765,-0.793368,0.045928,0.061485,-0.789702,0.020722
117,3.9,30.0,117,30,0.614669,True,0.166471,-0.285882,0.017558,0.16055,-0.274766,0.011915
117,3.9,30.0,117,31,0.876775,True,0.059802,-0.828423,0.087028,0.06209,-0.823862,0.056427
117,3.9,30.0,117,32,0.55307,True,0.211362,-0.348531,0.097737,0.182489,-0.331793,0.102009
118,3.933333333333333,30.0,118,0,0.999862,True,0.109584,0.587601,0.006509,0.134873,0.580647,-0.008522
118,3.933333333333333,30.0,118,1,0.999823,True,0.084547,0.605302,0.012158,0.110344,0.599658,0.010431
118,3.933333333333333,30.0,118,2,0.999833,True,0.086983,0.608809,0.0242,0.112255,0.603358,0.023558
118,3.933333333333333,30.0,118,3,0.999874,True,0.086054,0.607894,0.022234,0.111707,0.602422,0.024532
118,3.933333333333333,30.0,118,4,0.999891,True,0.110441,0.614512,-0.030753,0.127575,0.607959,-0.056011
118,3.933333333333333,30.0,118,5,0.999907,True,0.109923,0.610171,-0.042864,0.128901,0.603556,-0.068957
118,3.933333333333333,30.0,118,6,0.999902,True,0.117733,0.599994,-0.020983,0.134137,0.592726,-0.046639
118,3.933333333333333,30.0,118,7,0.999947,True,-0.017379,0.577656,0.016011,-0.021665,0.574382,-0.006946
118,3.933333333333333,30.0,118,8,0.99983,True,0.042729,0.510498,-0.076998,0.056077,0.509824,-0.114277
118,3.933333333333333,30.0,118,9,0.999587,True,0.091677,0.57045,0.043472,0.109849,0.565502,0.036887
118,3.933333333333333,30.0,118,10,0.999588,True,0.098424,0.533053,-0.016773,0.114461,0.526246,-0.044587
118,3.933333333333333,30.0,118,11,0.999915,True,-0.091106,0.431243,0.138744,-0.079429,0.43127,0.12355
118,3.933333333333333,30.0,118,12,0.99974,True,0.127447,0.477442,-0.008555,0.123562,0.470645,-0.053368
118,3.933333333333333,30.0,118,13,0.691537,True,-0.05902,0.326116,0.263053,0.014047,0.340174,0.239055
118,3.933333333333333,30.0,118,14,0.546501,True,0.283561,0.284452,-0.046166,0.270501,0.292146,-0.061688
118,3.933333333333333,30.0,118,15,0.532296,True,0.054498,0.322608,0.450506,0.115812,0.381833,0.407699
118,3.933333333333333,30.0,118,16,0.392858,True,0.281395,0.316641,0.06841,0.25448,0.335795,0.157485
118,3.933333333333333,30.0,118,17,0.525056,True,0.071922,0.351852,0.492103,0.125683,0.416437,0.448179
118,3.933333333333333,30.0,118,18,0.400766,True,0.305857,0.344765,0.048525,0.277325,0.365449,0.150015
118,3.933333333333333,30.0,118,19,0.526329,True,0.084992,0.347776,0.484047,0.122483,0.417438,0.439391
118,3.933333333333333,30.0,118,20,0.403312,True,0.302128,0.372278,0.064059,0.264934,0.388908,0.17664
118,3.933333333333333,30.0,118,21,0.508317,True,0.080932,0.308551,0.449083,0.130081,0.370534,0.406119
118,3.933333333333333,30.0,118,22,0.393976,True,0.269796,0.331768,0.072888,0.238977,0.352465,0.169377
118,3.933333333333333,30.0,118,23,0.999935,True,-0.064935,-0.019103,0.083567,-0.056305,-0.017344,0.088011
118,3.933333333333333,30.0,118,24,0.999861,True,0.066826,0.023195,-0.08251,0.05842,0.021497,-0.087094
118,3.933333333333333,30.0,118,25,0.894108,True,0.042871,-0.401315,0.071753,0.028233,-0.393116,0.076107
118,3.933333333333333,30.0,118,26,0.707827,True,0.347447,0.025791,-0.05943,0.356269,0.022559,-0.028393
118,3.933333333333333,30.0,118,27,0.919004,True,0.073692,-0.765523,0.052571,0.073782,-0.757254,0.080087
118,3.933333333333333,30.0,118,28,0.622315,True,0.208479,-0.282893,-0.02147,0.202294,-0.26983,0.043274
118,3.933333333333333,30.0,118,29,0.885496,True,0.053691,-0.803753,0.059297,0.054125,-0.794588,0.089087
118,3.933333333333333,30.0,118,30,0.634923,True,0.190381,-0.310778,-0.048854,0.180312,-0.299099,0.019778
118,3.933333333333333,30.0,118,31,0.884096,True,0.077259,-0.836982,0.090768,0.060372,-0.83648,0.115469
118,3.933333333333333,30.0,118,32,0.586987,True,0.253324,-0.368284,0.011304,0.237734,-0.387881,0.086644
119,3.966666666666667,30.0,119,0,0.999875,True,0.120752,0.577155,-0.061894,0.114309,0.57633,-0.104337
119,3.966666666666667,30.0,119,1,0.99984,True,0.101382,0.597343,-0.045335,0.100923,0.597294,-0.07851
119,3.966666666666667,30.0,119,2,0.999849,True,0.104178,0.599329,-0.032842,0.103634,0.598688,-0.065202
119,3.966666666666667,30.0,119,3,0.999886,True,0.103329,0.59906,-0.034963,0.102982,0.598749,-0.067929
119,3.966666666666667,30.0,119,4,0.999902,True,0.111839,0.605521,-0.089557,0.104255,0.605434,-0.122545
119,3.966666666666667,30.0,119,5,0.999916,True,0.112308,0.601603,-0.101645,0.104987,0.60164,-0.134951
119,3.966666666666667,30.0,119,6,0.999911,True,0.118632,0.591667,-0.079808,0.110583,0.591314,-0.113144
119,3.966666666666667,30.0,119,7,0.999951,True,0.023148,0.580395,0.01532,0.043988,0.581866,0.00963
119,3.966666666666667,30.0,119,8,0.999846,True,0.015668,0.509233,-0.096783,-0.008207,0.510519,-0.108747
119,3.966666666666667,30.0,119,9,0.999611,True,0.110459,0.565889,-0.005665,0.111366,0.565628,-0.030689
119,3.966666666666667,30.0,119,10,0.999619,True,0.10342,0.525871,-0.07113,0.097091,0.525443,-0.100896
119,3.966666666666667,30.0,119,11,0.999777,True,-0.046014,0.43408,0.171912,-0.042605,0.434041,0.201197
119,3.966666666666667,30.0,119,12,0.999756,True,0.105496,0.484034,-0.022118,0.100379,0.489596,-0.022523
119,3.966666666666667,30.0,119,13,0.623625,True,0.019421,0.324294,0.301458,0.041784,0.315355,0.336714
119,3.966666666666667,30.0,119,14,0.590216,True,0.27228,0.30071,-0.09316,0.262816,0.312349,-0.119546
119,3.966666666666667,30.0,119,15,0.481162,True,0.129075,0.266176,0.456222,0.160704,0.200392,0.472919
119,3.966666666666667,30.0,119,16,0.453055,True,0.36368,0.300404,-0.035259,0.442242,0.297535,-0.133579
119,3.966666666666667,30.0,119,17,0.475989,True,0.135038,0.284975,0.4971,0.157465,0.206816,0.5145
119,3.966666666666667,30.0,119,18,0.459982,True,0.4058,0.325808,-0.073087,0.503179,0.322241,-0.19003
119,3.966666666666667,30.0,119,19,0.476981,True,0.144374,0.280174,0.486165,0.169396,0.198952,0.501809
119,3.966666666666667,30.0,119,20,0.46219,True,0.414293,0.355562,-0.054764,0.52393,0.354441,-0.170409
119,3.966666666666667,30.0,119,21,0.460502,True,0.149292,0.249273,0.456344,0.178509,0.1799,0.474972
119,3.966666666666667,30.0,119,22,0.452872,True,0.362937,0.315013,-0.031198,0.451796,0.312344,-0.130963
119,3.966666666666667,30.0,119,23,0.999933,True,-0.050954,-0.018936,0.096658,-0.053496,-0.017742,0.102914
119,3.966666666666667,30.0,119,24,0.99987,True,0.052965,0.023533,-0.094993,0.055467,0.022398,-0.100863
119,3.966666666666667,30.0,119,25,0.903372,True,0.065148,-0.411842,0.065738,0.085671,-0.41726,0.069516
119,3.966666666666667,30.0,119,26,0.736519,True,0.296316,-0.003588,-0.14218,0.268684,-0.043188,-0.146783
119,3.966666666666667,30.0,119,27,0.926779,True,0.073012,-0.785184,0.058336,0.069834,-0.787812,0.063317
119,3.966666666666667,30.0,119,28,0.659724,True,0.221705,-0.324056,-0.105392,0.230059,-0.394085,-0.088564
119,3.966666666666667,30.0,119,29,0.896483,True,0.052294,-0.825893,0.066381,0.0502,-0.829579,0.071655
119,3.966666666666667,30.0,119,30,0.670655,True,0.212548,-0.35374,-0.134294,0.226819,-0.427742,-0.119109
119,3.966666666666667,30.0,119,31,0.895175,True,0.099205,-0.856704,0.086529,0.103134,-0.857602,0.086539
119,3.966666666666667,30.0,119,32,0.627742,True,0.297566,-0.395901,-0.10506,0.332772,-0.442348,-0.11908
120,4.0,30.0,120,0,0.999887,True,0.116355,0.569297,-0.128815,0.108382,0.572908,-0.120886
120,4.0,30.0,120,1,0.999856,True,0.104652,0.591903,-0.104878,0.098075,0.595215,-0.099072
120,4.0,30.0,120,2,0.999864,True,0.107786,0.59203,-0.092092,0.101042,0.595245,-0.086057
120,4.0,30.0,120,3,0.999897,True,0.107081,0.592549,-0.094649,0.100379,0.595886,-0.089755
120,4.0,30.0,120,4,0.999911,True,0.100286,0.598989,-0.147181,0.093816,0.602798,-0.135371
120,4.0,30.0,120,5,0.999924,True,0.10189,0.595721,-0.158857,0.094497,0.599445,-0.147611
120,4.0,30.0,120,6,0.99992,True,0.106626,0.585992,-0.137083,0.100042,0.589528,-0.125923
120,4.0,30.0,120,7,0.999955,True,0.064047,0.58437,0.009855,0.063382,0.58588,0.017418
120,4.0,30.0,120,8,0.999861,True,-0.015146,0.510112,-0.11211,-0.025904,0.511173,-0.105364
120,4.0,30.0,120,9,0.999631,True,0.118314,0.563628,-0.056514,0.111381,0.56563,-0.050201
120,4.0,30.0,120,10,0.999645,True,0.097472,0.520769,-0.123843,0.089752,0.524166,-0.112769
120,4.0,30.0,120,11,0.999667,True,0.000918,0.437596,0.198718,-0.021468,0.435383,0.212077
120,4.0,30.0,120,12,0.999769,True,0.084115,0.492143,-0.02771,0.088108,0.495457,-0.013804
120,4.0,30.0,120,13,0.562977,True,0.087467,0.319869,0.335845,0.055087,0.305176,0.337742
120,4.0,30.0,120,14,0.629883,True,0.254938,0.316655,-0.134172,0.261632,0.31765,-0.126435
120,4.0,30.0,120,15,0.435803,True,0.196377,0.197121,0.464227,0.176544,0.170905,0.459224
120,4.0,30.0,120,16,0.507365,True,0.444504,0.280125,-0.151982,0.449004,0.275044,-0.156173
120,4.0,30.0,120,17,0.432773,True,0.188343,0.20406,0.505356,0.171492,0.177092,0.499254
120,4.0,30.0,120,18,0.513459,True,0.505596,0.302413,-0.209963,0.508503,0.298131,-0.213674
120,4.0,30.0,120,19,0.433464,True,0.195446,0.198585,0.490732,0.183706,0.169712,0.485117
120,4.0,30.0,120,20,0.515387,True,0.528968,0.336751,-0.189853,0.527762,0.334136,-0.19507
120,4.0,30.0,120,21,0.418318,True,0.209488,0.177097,0.466151,0.194255,0.150608,0.460572
120,4.0,30.0,120,22,0.506366,True,0.456039,0.294843,-0.149503,0.458848,0.28979,-0.154347
120,4.0,30.0,120,23,0.999931,True,-0.035306,-0.018663,0.106599,-0.050078,-0.018045,0.10678
120,4.0,30.0,120,24,0.999878,True,0.037286,0.023668,-0.104253,0.052132,0.023022,-0.104561
120,4.0,30.0,120,25,0.911747,True,0.086332,-0.432048,0.057454,0.098766,-0.425999,0.072463
120,4.0,30.0,120,26,0.762496,True,0.234759,-0.033649,-0.243174,0.248237,-0.063477,-0.168894
120,4.0,30.0,120,27,0.93382,True,0.070711,-0.81211,0.060151,0.069526,-0.796705,0.064273
120,4.0,30.0,120,28,0.693506,True,0.232689,-0.369807,-0.205913,0.231566,-0.414159,-0.113902
120,4.0,30.0,120,29,0.90643,True,0.049043,-0.855661,0.069273,0.047629,-0.839112,0.072636
120,4.0,30.0,120,30,0.703069,True,0.233919,-0.401632,-0.236357,0.229899,-0.446939,-0.145015
120,4.0,30.0,120,31,0.905224,True,0.12379,-0.883623,0.077814,0.118142,-0.866953,0.083599
120,4.0,30.0,120,32,0.664594,True,0.343471,-0.423138,-0.243314,0.336734,-0.457584,-0.14727
