frame,timestamp_sec,wx_0,wy_0,wz_0,wvis_0,wx_1,wy_1,wz_1,wvis_1,wx_2,wy_2,wz_2,wvis_2,wx_3,wy_3,wz_3,wvis_3,wx_4,wy_4,wz_4,wvis_4,wx_5,wy_5,wz_5,wvis_5,wx_6,wy_6,wz_6,wvis_6,wx_7,wy_7,wz_7,wvis_7,wx_8,wy_8,wz_8,wvis_8,wx_9,wy_9,wz_9,wvis_9,wx_10,wy_10,wz_10,wvis_10,wx_11,wy_11,wz_11,wvis_11,wx_12,wy_12,wz_12,wvis_12,wx_13,wy_13,wz_13,wvis_13,wx_14,wy_14,wz_14,wvis_14,wx_15,wy_15,wz_15,wvis_15,wx_16,wy_16,wz_16,wvis_16,wx_17,wy_17,wz_17,wvis_17,wx_18,wy_18,wz_18,wvis_18,wx_19,wy_19,wz_19,wvis_19,wx_20,wy_20,wz_20,wvis_20,wx_21,wy_21,wz_21,wvis_21,wx_22,wy_22,wz_22,wvis_22,wx_23,wy_23,wz_23,wvis_23,wx_24,wy_24,wz_24,wvis_24,wx_25,wy_25,wz_25,wvis_25,wx_26,wy_26,wz_26,wvis_26,wx_27,wy_27,wz_27,wvis_27,wx_28,wy_28,wz_28,wvis_28,wx_29,wy_29,wz_29,wvis_29,wx_30,wy_30,wz_30,wvis_30,wx_31,wy_31,wz_31,wvis_31,wx_32,wy_32,wz_32,wvis_32
0,0.0,-0.0008855201303958893,-0.6419769525527954,-0.28727418184280396,0.9999992847442627,0.026913009583950043,-0.6596236824989319,-0.2753942906856537,0.999997615814209,0.024309810250997543,-0.6614975929260254,-0.2641168236732483,0.999997615814209,0.02357945218682289,-0.6618131399154663,-0.2674124240875244,0.9999972581863403,-0.00512938154861331,-0.6703900694847107,-0.28525540232658386,0.9999986886978149,-0.003063807263970375,-0.6718966960906982,-0.2996630072593689,0.9999991655349731,0.0005685901269316673,-0.6584479808807373,-0.2789740562438965,0.9999984502792358,0.0906418040394783,-0.6341323852539062,-0.17252056300640106,0.9999978542327881,-0.06018189340829849,-0.5944042801856995,-0.16954472661018372,0.9999948740005493,0.038387399166822433,-0.6278401017189026,-0.2414618581533432,0.9999947547912598,-0.0022298824042081833,-0.5942561030387878,-0.26726365089416504,0.9999926090240479,0.20262111723423004,-0.482649028301239,-0.053675681352615356,0.9999855756759644,-0.10990948230028152,-0.5348489284515381,-0.06448096036911011,0.9999388456344604,0.44131624698638916,-0.44991084933280945,-0.03962787240743637,0.992624044418335,-0.17611481249332428,-0.4303349554538727,-0.31218934059143066,0.9468417763710022,0.6925070285797119,-0.3948853015899658,-0.036037344485521317,0.9975005984306335,-0.31328049302101135,-0.44451192021369934,-0.5999090671539307,0.9955348968505859,0.7488555908203125,-0.38679543137550354,-0.02384757809340954,0.9975653886795044,-0.33480486273765564,-0.4499320089817047,-0.677167534828186,0.9962782263755798,0.7414324283599854,-0.39021793007850647,-0.06820529699325562,0.9983575940132141,-0.3042104244232178,-0.48524942994117737,-0.6919975876808167,0.9965684413909912,0.7112206220626831,-0.37497347593307495,-0.05696623772382736,0.9981203675270081,-0.3130621612071991,-0.4493351876735687,-0.6228179335594177,0.9956914782524109,0.08397961407899857,-0.00712506752461195,0.025934280827641487,0.9999525547027588,-0.08173613250255585,0.0025100265629589558,-0.021657338365912437,0.9998805522918701,0.0649857297539711,0.3740903437137604,-0.03746623918414116,0.9430252909660339,-0.06293521076440811,0.3075905740261078,0.015094313770532608,0.5485735535621643,-0.0013137506321072578,0.7430968880653381,0.0013998618815094233,0.9846422076225281,0.01342577114701271,0.6607044339179993,0.2409990429878235,0.8164023160934448,-0.03181513771414757,0.7816083431243896,0.009196537546813488,0.9445520043373108,0.022296085953712463,0.6875717639923096,0.21534597873687744,0.7250340580940247,-0.0034734252840280533,0.7512686252593994,-0.08207621425390244,0.9878986477851868,-0.028635922819375992,0.6788812875747681,0.15376035869121552,0.8215859532356262
1,0.03333333333333333,-0.015197858214378357,-0.6611062288284302,-0.28409385681152344,0.9999996423721313,0.010639263316988945,-0.6763243675231934,-0.272989958524704,0.9999990463256836,0.010878799483180046,-0.6775349378585815,-0.2643178105354309,0.9999991655349731,0.009693142026662827,-0.6783387064933777,-0.2658359408378601,0.9999992847442627,-0.009237967431545258,-0.6851742267608643,-0.28186729550361633,0.9999992847442627,-0.00884438306093216,-0.6866907477378845,-0.2918309271335602,0.9999994039535522,-0.004313420504331589,-0.6709482073783875,-0.27257272601127625,0.9999990463256836,0.09229227900505066,-0.6382313370704651,-0.18648970127105713,0.9999994039535522,-0.04970759153366089,-0.607466459274292,-0.15049679577350616,0.9999972581863403,0.030306395143270493,-0.635493814945221,-0.24228303134441376,0.999997615814209,-0.010523591190576553,-0.6072794795036316,-0.25792136788368225,0.9999959468841553,0.19132830202579498,-0.47057950496673584,-0.10129610449075699,0.9999884366989136,-0.10404855012893677,-0.5481323003768921,0.037315551191568375,0.9998797178268433,0.43629488348960876,-0.44068238139152527,-0.1507449597120285,0.9995132684707642,-0.2702338397502899,-0.4937790632247925,0.05159808322787285,0.9880776405334473,0.6707344055175781,-0.3842104971408844,-0.1590690314769745,0.9992499947547913,-0.4724372923374176,-0.5394109487533569,0.017455948516726494,0.9881013631820679,0.7325649261474609,-0.3852456212043762,-0.15318292379379272,0.9978779554367065,-0.49012070894241333,-0.5554507374763489,-0.005220568738877773,0.9772411584854126,0.739949107170105,-0.38389185070991516,-0.1913621425628662,0.9982954859733582,-0.4797797203063965,-0.5942445397377014,-0.040665388107299805,0.9800395369529724,0.6891447901725769,-0.36389976739883423,-0.18167395889759064,0.9980886578559875,-0.48127469420433044,-0.5523368716239929,-0.0073401001282036304,0.9839420914649963,0.08466115593910217,0.0002830724697560072,-0.02143947035074234,0.9999854564666748,-0.08112800121307373,-0.004053078126162291,0.022629287093877792,0.9999697208404541,0.12720948457717896,0.3564292788505554,-0.09534279257059097,0.9941319823265076,-0.07629450410604477,0.3098360300064087,0.05305493250489235,0.9637030363082886,0.06656917929649353,0.7403907775878906,-0.007409828249365091,0.9968026876449585,0.02712348848581314,0.6940215826034546,0.19929608702659607,0.9842701554298401,0.03704560175538063,0.7785912752151489,0.0021628059912472963,0.9859637022018433,0.033837977796792984,0.7254979014396667,0.1736728399991989,0.9755207300186157,0.019524220377206802,0.7909601330757141,-0.07327807694673538,0.9971567392349243,-0.03493600711226463,0.7346933484077454,0.12941747903823853,0.9873945713043213
2,0.06666666666666667,-0.03772405907511711,-0.6610177159309387,-0.28882381319999695,0.9999995827674866,-0.004189574625343084,-0.6762367486953735,-0.2814531922340393,0.9999988079071045,-0.004301731009036303,-0.6773466467857361,-0.2725033462047577,0.9999989867210388,-0.005654559936374426,-0.6782586574554443,-0.27408286929130554,0.9999990463256836,-0.025413762778043747,-0.6851750016212463,-0.2886173725128174,0.9999991655349731,-0.02480035275220871,-0.6867247819900513,-0.3000980019569397,0.9999993443489075,-0.020344184711575508,-0.671058714389801,-0.2803346514701843,0.999998927116394,0.08211331069469452,-0.638392984867096,-0.2029944807291031,0.9999992847442627,-0.05364406108856201,-0.6097033023834229,-0.15574876964092255,0.9999971985816956,0.004965587053447962,-0.6354542970657349,-0.25032857060432434,0.9999973773956299,-0.031028347089886665,-0.6074705123901367,-0.2637399733066559,0.999995768070221,0.1585705429315567,-0.4755800664424896,-0.13999052345752716,0.9999876618385315,-0.11400334537029266,-0.5505421757698059,0.03879817575216293,0.9998826384544373,0.3567337393760681,-0.44672536849975586,-0.24672558903694153,0.9994275569915771,-0.31525376439094543,-0.49109330773353577,0.05046510323882103,0.9866790771484375,0.5607636570930481,-0.39545634388923645,-0.3430023491382599,0.9991353154182434,-0.5727298855781555,-0.539406955242157,0.0033322537783533335,0.9883899092674255,0.618441641330719,-0.3961697220802307,-0.35811012983322144,0.9978030920028687,-0.6072618365287781,-0.5558602809906006,-0.016989344730973244,0.9782330393791199,0.6164503693580627,-0.3991628885269165,-0.3877076208591461,0.9982450604438782,-0.6026625633239746,-0.5945079922676086,-0.05675560235977173,0.980921745300293,0.5759714841842651,-0.3768875002861023,-0.3658260405063629,0.9980235695838928,-0.586071252822876,-0.552090048789978,-0.02236216701567173,0.9846938252449036,0.08268710225820541,0.00027801093528978527,-0.031330276280641556,0.9999844431877136,-0.079231858253479,-0.004044562112540007,0.033233169466257095,0.9999696612358093,0.07014833390712738,0.3721441924571991,-0.11846372485160828,0.9944401383399963,-0.09065570682287216,0.31372135877609253,0.08188620954751968,0.9642478823661804,0.07839343696832657,0.7411167025566101,0.0008229309460148215,0.9968479871749878,-0.010957511141896248,0.7118635773658752,0.22152575850486755,0.9849703311920166,0.05594872683286667,0.7786474823951721,0.015464222989976406,0.98581862449646,-0.007219504565000534,0.7436103820800781,0.19474585354328156,0.9765868782997131,0.0033380198292434216,0.7898720502853394,-0.05258272588253021,0.9972060918807983,-0.09835486114025116,0.7543312907218933,0.15720495581626892,0.9879124760627747
3,0.1,-0.04797503352165222,-0.6557132005691528,-0.29440921545028687,0.9999995827674866,-0.011678623035550117,-0.6705453395843506,-0.2875995934009552,0.9999987483024597,-0.011864935047924519,-0.6713981032371521,-0.27829599380493164,0.999998927116394,-0.014161600731313229,-0.673151433467865,-0.2803029716014862,0.999998927116394,-0.035971105098724365,-0.681079626083374,-0.2938142716884613,0.9999991655349731,-0.03446068614721298,-0.68255215883255,-0.30657875537872314,0.9999993443489075,-0.030213234946131706,-0.6678060293197632,-0.2867024540901184,0.999998927116394,0.0809856504201889,-0.6376046538352966,-0.21452073752880096,0.9999992251396179,-0.05519593507051468,-0.609578549861908,-0.1562483012676239,0.9999973773956299,-0.004136977251619101,-0.6314727663993835,-0.25637081265449524,0.9999973773956299,-0.038093578070402145,-0.6041791439056396,-0.26873543858528137,0.9999959468841553,0.13933444023132324,-0.47572243213653564,-0.17141003906726837,0.9999864101409912,-0.11570128798484802,-0.5520147085189819,0.04166436567902565,0.9998919367790222,0.2577550709247589,-0.441709041595459,-0.35866039991378784,0.9988698363304138,-0.3427932858467102,-0.4847891926765442,0.049396928399801254,0.9833244681358337,0.40284448862075806,-0.39387208223342896,-0.5271551609039307,0.9979631900787354,-0.6128552556037903,-0.5360881686210632,0.004240528214722872,0.9882672429084778,0.4518071711063385,-0.3939945697784424,-0.5537490248680115,0.9968355298042297,-0.6493415236473083,-0.5534824728965759,-0.015117010101675987,0.978425145149231,0.4487358033657074,-0.3981148302555084,-0.5779510140419006,0.997532308101654,-0.6417123079299927,-0.5920417308807373,-0.04978318139910698,0.9810203909873962,0.4154932200908661,-0.37638038396835327,-0.5488437414169312,0.9970104098320007,-0.6251401305198669,-0.546991229057312,-0.02097463421523571,0.9845505356788635,0.0803002193570137,-0.0004233322979416698,-0.03903992101550102,0.9999827146530151,-0.07760827243328094,-0.0035057729110121727,0.04230111092329025,0.9999709129333496,0.034867990761995316,0.3875613510608673,-0.1508389115333557,0.9946014881134033,-0.0960434153676033,0.3314592242240906,0.08341214805841446,0.9585821032524109,0.1148330345749855,0.7410252094268799,-0.013918580487370491,0.9965982437133789,-0.036249615252017975,0.7424681186676025,0.21969252824783325,0.9838659167289734,0.10247448086738586,0.7778749465942383,0.004322744440287352,0.9851100444793701,-0.0334848091006279,0.7749320864677429,0.19379407167434692,0.9759036898612976,0.025066277012228966,0.7999060750007629,-0.053242027759552,0.9970705509185791,-0.11880319565534592,0.797584593296051,0.15410496294498444,0.9873663187026978
4,0.13333333333333333,-0.053582414984703064,-0.6504946351051331,-0.2990298271179199,0.9999995827674866,-0.015218029730021954,-0.6648461222648621,-0.2928867042064667,0.9999986886978149,-0.015490375459194183,-0.6654199957847595,-0.28373852372169495,0.9999988675117493,-0.01774456538259983,-0.6675150394439697,-0.2855319380760193,0.9999988675117493,-0.04025331139564514,-0.6769383549690247,-0.2982215881347656,0.9999991655349731,-0.038429390639066696,-0.6782634258270264,-0.3115622103214264,0.9999993443489075,-0.03420273959636688,-0.6641790270805359,-0.29144638776779175,0.999998927116394,0.08080346137285233,-0.6334236860275269,-0.22323790192604065,0.9999991655349731,-0.05532257258892059,-0.6090947985649109,-0.1576104462146759,0.9999974966049194,-0.009288320317864418,-0.6264512538909912,-0.26212459802627563,0.9999973177909851,-0.04253493621945381,-0.6006361842155457,-0.27308744192123413,0.9999960064888,0.13307920098304749,-0.4748358428478241,-0.1793985217809677,0.9999852776527405,-0.11539596319198608,-0.5522090792655945,0.04171827808022499,0.9998993873596191,0.24239784479141235,-0.43340665102005005,-0.36721765995025635,0.9983524680137634,-0.34174031019210815,-0.47886061668395996,0.047119565308094025,0.9790853261947632,0.3774493336677551,-0.3934456706047058,-0.5275883674621582,0.9971296191215515,-0.6142081022262573,-0.5347811579704285,0.0043019456788897514,0.9879491329193115,0.4224655330181122,-0.393643319606781,-0.5525833964347839,0.9961829781532288,-0.650730311870575,-0.5531147718429565,-0.014665001071989536,0.9784999489784241,0.4194270670413971,-0.3994671702384949,-0.5765531659126282,0.9970425367355347,-0.6441214084625244,-0.5919289588928223,-0.04954869672656059,0.9810512065887451,0.3892950117588043,-0.37625569105148315,-0.5492337942123413,0.9962923526763916,-0.6273177862167358,-0.5454416275024414,-0.020115330815315247,0.984457790851593,0.07711529731750488,-0.0006224433891475201,-0.043449923396110535,0.9999796152114868,-0.07478240877389908,-0.0034082382917404175,0.04666796326637268,0.9999706149101257,0.02236575447022915,0.38709625601768494,-0.14962230622768402,0.9940608143806458,-0.08997077494859695,0.333487331867218,0.08395223319530487,0.9462013244628906,0.11988535523414612,0.7375850677490234,-0.031535886228084564,0.9959318041801453,-0.03278190642595291,0.7524133920669556,0.2070656716823578,0.9810963273048401,0.10777462273836136,0.773698627948761,-0.015885017812252045,0.9835366010665894,-0.0312841534614563,0.7854289412498474,0.17783290147781372,0.9741858839988708,0.030273549258708954,0.7995286583900452,-0.06923779100179672,0.9966897368431091,-0.11639771610498428,0.8041468858718872,0.1417410522699356,0.9858503937721252
5,0.16666666666666666,-0.08025682717561722,-0.649509847164154,-0.2673787474632263,0.999993085861206,-0.04406614601612091,-0.6641106009483337,-0.27129846811294556,0.9999889731407166,-0.04375370591878891,-0.6649255156517029,-0.25986433029174805,0.9999867081642151,-0.04552570730447769,-0.6665324568748474,-0.261538565158844,0.999989926815033,-0.06161266192793846,-0.6760360598564148,-0.2693399488925934,0.999991238117218,-0.059806179255247116,-0.6771860718727112,-0.2840742766857147,0.9999896883964539,-0.05487384647130966,-0.6637148857116699,-0.26265642046928406,0.9999918341636658,0.0609855055809021,-0.6323257088661194,-0.22073613107204437,0.9999881982803345,-0.054678771644830704,-0.6081571578979492,-0.14034897089004517,0.9999738931655884,-0.03320961818099022,-0.6250467896461487,-0.24040487408638,0.9999716877937317,-0.05759292095899582,-0.5990463495254517,-0.24430401623249054,0.9999651312828064,0.09035653620958328,-0.46946969628334045,-0.19258423149585724,0.9999606609344482,-0.09107775241136551,-0.5523115992546082,0.07766995579004288,0.9998599290847778,-0.022515423595905304,-0.41125208139419556,-0.3684830069541931,0.9867953658103943,-0.28808578848838806,-0.44736742973327637,0.08685259521007538,0.9028392434120178,-0.14805661141872406,-0.3944087326526642,-0.44832542538642883,0.977089524269104,-0.5751422047615051,-0.4884997010231018,0.021777838468551636,0.940342903137207,-0.17395663261413574,-0.39647698402404785,-0.4679938852787018,0.977035403251648,-0.614418089389801,-0.5076051950454712,-0.00828457623720169,0.9371016621589661,-0.1829310953617096,-0.40994948148727417,-0.482661634683609,0.9789782762527466,-0.6147768497467041,-0.5471274852752686,-0.03855578973889351,0.9414469003677368,-0.1513163298368454,-0.3806169331073761,-0.45932531356811523,0.9654499888420105,-0.5910789966583252,-0.5021497011184692,-0.0003294857742730528,0.942718505859375,0.06652131676673889,0.0010043731890618801,-0.04985015094280243,0.9999788999557495,-0.06469704210758209,-0.004998147487640381,0.052178703248500824,0.999971330165863,0.024803318083286285,0.40982872247695923,-0.1429770290851593,0.9782912731170654,-0.06637687236070633,0.34529241919517517,0.0828053206205368,0.9036337733268738,0.14791980385780334,0.7530586123466492,-0.030030786991119385,0.9897357821464539,-0.030241375789046288,0.7612327337265015,0.2011527121067047,0.9666993021965027,0.13918286561965942,0.7902626395225525,-0.015190321020781994,0.9618611335754395,-0.03137445077300072,0.7948907017707825,0.17107130587100983,0.9554930925369263,0.08465299010276794,0.8535250425338745,-0.06894634664058685,0.9908140897750854,-0.11014506965875626,0.8304337859153748,0.13097642362117767,0.9745708107948303
6,0.2,-0.15276171267032623,-0.6550992131233215,-0.19091030955314636,0.9998743534088135,-0.11708930879831314,-0.664688229560852,-0.21663478016853333,0.9998801350593567,-0.11575894802808762,-0.6652425527572632,-0.2047146111726761,0.9998985528945923,-0.11843587458133698,-0.6667075157165527,-0.2064712792634964,0.9999266862869263,-0.10817743092775345,-0.6803486943244934,-0.20242367684841156,0.9998552799224854,-0.10573561489582062,-0.6796001195907593,-0.21692876517772675,0.9998626708984375,-0.0997113436460495,-0.6682616472244263,-0.19438299536705017,0.999858558177948,-0.011509054340422153,-0.6160163283348083,-0.24816100299358368,0.9999716281890869,-0.025839272886514664,-0.604142963886261,-0.12109343707561493,0.9998095631599426,-0.10816840827465057,-0.6252273321151733,-0.1914982944726944,0.9999254941940308,-0.10299645364284515,-0.6011077761650085,-0.1816340535879135,0.9998555779457092,-0.015186385251581669,-0.45307981967926025,-0.2570165991783142,0.9999619722366333,0.013238627463579178,-0.5308220982551575,0.09876470267772675,0.999787449836731,-0.14062681794166565,-0.3951933681964874,-0.4476570785045624,0.9880627989768982,0.013562139123678207,-0.2766024172306061,0.2180948257446289,0.8127954006195068,-0.35974976420402527,-0.3894541263580322,-0.49324244260787964,0.9793372750282288,-0.08117098361253738,-0.13708584010601044,0.3077889084815979,0.8473849892616272,-0.4065874218940735,-0.393818199634552,-0.5136957168579102,0.9792623519897461,-0.0521233044564724,-0.10830831527709961,0.3150591552257538,0.8456395268440247,-0.4357313811779022,-0.41104382276535034,-0.5074934363365173,0.9810149073600769,-0.06657705456018448,-0.14360353350639343,0.28908196091651917,0.8496361970901489,-0.371597558259964,-0.38008642196655273,-0.4932364523410797,0.9686878323554993,-0.08870723843574524,-0.1425754725933075,0.2931813895702362,0.8507765531539917,0.019633261486887932,0.0045252954587340355,-0.062445610761642456,0.9999799728393555,-0.019806936383247375,-0.009247103706002235,0.0643855482339859,0.999971330165863,-0.022469552233815193,0.40841779112815857,-0.09525488317012787,0.9785200357437134,-0.042943309992551804,0.3343280851840973,0.12901684641838074,0.8604689240455627,0.13690544664859772,0.7523729205131531,-0.00613747164607048,0.9901369214057922,-0.0643133595585823,0.7395197749137878,0.2875179946422577,0.9588818550109863,0.12836593389511108,0.7894928455352783,0.006438324227929115,0.9628518223762512,-0.07669827342033386,0.7728468775749207,0.2661372125148773,0.9481647610664368,0.0719878226518631,0.874572217464447,-0.03828611224889755,0.9910333752632141,-0.16439272463321686,0.8151971697807312,0.24006612598896027,0.9699774384498596
7,0.23333333333333334,-0.13150008022785187,-0.6519043445587158,0.03308520466089249,0.9992944002151489,-0.11585720628499985,-0.6609834432601929,-0.002927979687228799,0.999355673789978,-0.11527375876903534,-0.6620755195617676,0.009085497818887234,0.9994251132011414,-0.11535513401031494,-0.6622197031974792,0.006370967254042625,0.9996305108070374,-0.09335364401340485,-0.6754807233810425,0.0038890147116035223,0.9991104602813721,-0.09107690304517746,-0.67420494556427,-0.008807292208075523,0.9990432262420654,-0.08499578386545181,-0.663201093673706,0.012002650648355484,0.9991585612297058,-0.06632588058710098,-0.6092678308486938,-0.11322419345378876,0.9998483061790466,0.010750303976237774,-0.5785650610923767,-0.004938509315252304,0.9986147284507751,-0.09889787435531616,-0.621636688709259,0.015147389844059944,0.9993591904640198,-0.08625577390193939,-0.5930852293968201,0.016595961526036263,0.9987969994544983,-0.11730705201625824,-0.45167970657348633,-0.18636736273765564,0.9999617338180542,0.10113759338855743,-0.5071977972984314,0.17261968553066254,0.9996405839920044,-0.31758585572242737,-0.3773532211780548,-0.28056737780570984,0.9885777831077576,0.04310893639922142,-0.2765854001045227,0.2569642663002014,0.7318588495254517,-0.551914632320404,-0.3517674207687378,-0.1510099470615387,0.9796864986419678,-0.08400578051805496,-0.17274662852287292,0.3269173502922058,0.7633637189865112,-0.6138149499893188,-0.35838645696640015,-0.13966156542301178,0.9781975746154785,-0.05626324191689491,-0.1620992124080658,0.33291831612586975,0.7625017166137695,-0.6163240671157837,-0.37135475873947144,-0.12157560884952545,0.9795204401016235,-0.07361874729394913,-0.19136272370815277,0.31404000520706177,0.7660412788391113,-0.5541855096817017,-0.3422323763370514,-0.13726432621479034,0.9636538624763489,-0.10130628198385239,-0.1839594542980194,0.3143961429595947,0.767155110836029,-0.036853156983852386,0.004767029080539942,-0.06344211101531982,0.9999809861183167,0.037574801594018936,-0.009442190639674664,0.06444051116704941,0.9999712109565735,-0.05258874595165253,0.4142233431339264,-0.09191232174634933,0.977432370185852,-0.0017686348874121904,0.32790789008140564,0.15963181853294373,0.8190038800239563,0.1045246571302414,0.7476636171340942,-0.006277416832745075,0.9887561202049255,-0.058257997035980225,0.7180807590484619,0.3037247359752655,0.9484741687774658,0.10354248434305191,0.7849693894386292,0.006102072075009346,0.958401083946228,-0.07278110831975937,0.7522886991500854,0.27981048822402954,0.9360476732254028,0.05757677182555199,0.8695960640907288,-0.00797296967357397,0.9848999977111816,-0.1478104442358017,0.7978490591049194,0.283786803483963,0.9503312706947327
8,0.26666666666666666,-0.08836375921964645,-0.6430866122245789,0.16661018133163452,0.9991218447685242,-0.09386017173528671,-0.650763213634491,0.13814601302146912,0.9991155862808228,-0.09336113929748535,-0.6522694826126099,0.14676138758659363,0.9992401599884033,-0.09584842622280121,-0.6522673964500427,0.14560094475746155,0.9995124340057373,-0.05012466385960579,-0.6610568761825562,0.12632456421852112,0.9988150000572205,-0.04498786851763725,-0.6598101854324341,0.11316234618425369,0.9987508058547974,-0.03724773973226547,-0.6492807865142822,0.13353949785232544,0.9988420605659485,-0.08740244060754776,-0.5904561281204224,0.025238260626792908,0.9997952580451965,0.03532174229621887,-0.5401814579963684,0.060519713908433914,0.9981580972671509,-0.07788097113370895,-0.6114867329597473,0.1515606790781021,0.9990285038948059,-0.03938155621290207,-0.5758298635482788,0.13052979111671448,0.9980541467666626,-0.15848509967327118,-0.44840648770332336,-0.028191277757287025,0.9999639987945557,0.1317962408065796,-0.477843701839447,0.16366669535636902,0.9994773268699646,-0.2864530384540558,-0.3442923426628113,-0.1263425499200821,0.9890655875205994,0.1686040759086609,-0.3072878122329712,0.24565599858760834,0.6614501476287842,-0.4973464012145996,-0.26913076639175415,-0.050509463995695114,0.9692538976669312,0.023447133600711823,-0.29145413637161255,0.43348419666290283,0.6871249079704285,-0.5465378165245056,-0.27430763840675354,-0.03520549461245537,0.9593448638916016,0.04997730627655983,-0.29974907636642456,0.45164424180984497,0.6863750219345093,-0.5552944540977478,-0.2766748070716858,-0.01895388960838318,0.9588349461555481,0.026284443214535713,-0.33475714921951294,0.45066699385643005,0.6895555257797241,-0.5008337497711182,-0.2560839354991913,-0.04050600528717041,0.9295104742050171,-0.0024082488380372524,-0.3082258105278015,0.43242183327674866,0.6905682682991028,-0.0559500977396965,0.0037540593184530735,-0.027336103841662407,0.9999790787696838,0.057271599769592285,-0.00919677410274744,0.025964077562093735,0.999954879283905,-0.0630076602101326,0.42153555154800415,-0.06661432236433029,0.9547483325004578,0.044794343411922455,0.3243868052959442,0.0527460016310215,0.7639173865318298,0.03365163877606392,0.7648094296455383,-0.06356329470872879,0.9626684784889221,-0.07923243194818497,0.669203519821167,0.11410974711179733,0.8722376823425293,0.02527228370308876,0.8075559735298157,-0.05563284829258919,0.9416838884353638,-0.10137427598237991,0.6990816593170166,0.08508694916963577,0.8703151941299438,0.016137439757585526,0.8676936030387878,-0.014067258685827255,0.9276642203330994,-0.13472917675971985,0.735316276550293,0.12005290389060974,0.8644891977310181
9,0.3,0.018577704206109047,-0.6259914636611938,0.19310365617275238,0.999026894569397,-0.014522958546876907,-0.6333662271499634,0.16637274622917175,0.9990162253379822,-0.014356547966599464,-0.6355626583099365,0.17556120455265045,0.9991621375083923,-0.012002827599644661,-0.6353732943534851,0.17498034238815308,0.9994526505470276,0.04147361218929291,-0.6456653475761414,0.1409984827041626,0.9987962245941162,0.04678219556808472,-0.6439035534858704,0.13069650530815125,0.998755931854248,0.05328747257590294,-0.6339462995529175,0.15009300410747528,0.998823881149292,-0.07829278707504272,-0.5774497985839844,0.07281700521707535,0.9997808337211609,0.07251966744661331,-0.5248798131942749,0.041583623737096786,0.9981092810630798,-0.006822253577411175,-0.5970232486724854,0.18493367731571198,0.9987703561782837,0.04763529822230339,-0.5592389106750488,0.14412492513656616,0.9977522492408752,-0.1799180656671524,-0.421991765499115,0.07133905589580536,0.9999640583992004,0.15746721625328064,-0.4813558757305145,0.14629390835762024,0.9994840621948242,-0.31253039836883545,-0.3231152594089508,0.15662315487861633,0.9792697429656982,0.3052050471305847,-0.3216550946235657,0.21886411309242249,0.6558733582496643,-0.32725030183792114,-0.30223023891448975,0.4356699287891388,0.8959775567054749,0.1963934302330017,-0.3302423059940338,0.3201921284198761,0.6221467852592468,-0.3452969789505005,-0.30596932768821716,0.49093201756477356,0.8819791674613953,0.21944482624530792,-0.33724018931388855,0.3274877667427063,0.6213913559913635,-0.3289678394794464,-0.31059354543685913,0.4901653826236725,0.8809083700180054,0.18512387573719025,-0.37709763646125793,0.32874053716659546,0.6241399645805359,-0.3084252178668976,-0.2886689305305481,0.44562220573425293,0.8519582152366638,0.1684156209230423,-0.3466687500476837,0.3205989599227905,0.6248800158500671,-0.0667736679315567,0.012277442030608654,0.02922070398926735,0.9999790787696838,0.06831805408000946,-0.020075256004929543,-0.030541107058525085,0.9999536871910095,-0.039606623351573944,0.4194605350494385,0.03359470143914223,0.9527026414871216,0.20700743794441223,0.2101782113313675,-0.06053910776972771,0.782774806022644,0.018634343519806862,0.7630950808525085,-0.05747314915060997,0.9612267017364502,-0.043100085109472275,0.5071508884429932,-0.030133236199617386,0.8763590455055237,0.0007931701838970184,0.8054991364479065,-0.04831759259104729,0.9431350827217102,-0.09194301068782806,0.533483624458313,-0.058769531548023224,0.872795581817627,-0.0030396271031349897,0.8687469363212585,0.0340939536690712,0.912888765335083,-0.06502966582775116,0.6126328706741333,0.010720602236688137,0.8478497266769409
10,0.3333333333333333,0.14447709918022156,-0.5864502787590027,0.19163183867931366,0.9991083145141602,0.1122455894947052,-0.5994119048118591,0.19202302396297455,0.9990878105163574,0.11247824132442474,-0.602043867111206,0.20115774869918823,0.9992112517356873,0.11475695669651031,-0.6018546223640442,0.19760404527187347,0.9994847178459167,0.14099641144275665,-0.6099817156791687,0.1531124860048294,0.9989049434661865,0.14333319664001465,-0.6078282594680786,0.14250212907791138,0.9988691210746765,0.1506015956401825,-0.5994439721107483,0.1617005169391632,0.9989324808120728,-0.034549690783023834,-0.5684274435043335,0.1894596815109253,0.9997836351394653,0.07882370799779892,-0.5083152055740356,0.08055879175662994,0.998271107673645,0.10966560244560242,-0.5682677030563354,0.2071712464094162,0.9987591505050659,0.13236203789710999,-0.5286955237388611,0.14748826622962952,0.9978707432746887,-0.10846763104200363,-0.3907787501811981,0.249585822224617,0.9999580383300781,0.12590467929840088,-0.47648999094963074,0.11734234541654587,0.9995237588882446,-0.16899755597114563,-0.23303234577178955,0.30227863788604736,0.8868177533149719,0.26041126251220703,-0.3048599660396576,0.006018631160259247,0.6849579811096191,-0.24756579101085663,-0.15757997334003448,0.4342842698097229,0.8084614276885986,0.3624241352081299,-0.28992950916290283,0.03543691709637642,0.6228227615356445,-0.25790050625801086,-0.15184259414672852,0.46876025199890137,0.7964597940444946,0.41691237688064575,-0.3094925284385681,0.00045512529322877526,0.6111747622489929,-0.19592630863189697,-0.14621224999427795,0.4669131934642792,0.7953925728797913,0.4282211661338806,-0.3449762165546417,0.030982080847024918,0.6105654239654541,-0.23420053720474243,-0.13749444484710693,0.43533748388290405,0.7693142890930176,0.36257627606391907,-0.3040063679218292,0.04951576143503189,0.5984377861022949,-0.05994283780455589,0.01871947944164276,0.07749466598033905,0.9999799132347107,0.06123196333646774,-0.024912461638450623,-0.07650014758110046,0.9999567866325378,-0.030493099242448807,0.41878461837768555,0.060487791895866394,0.9514086842536926,0.2682075500488281,0.15706801414489746,-0.11101304739713669,0.8013271689414978,0.03381013497710228,0.7617579698562622,-0.023724446073174477,0.9620606899261475,0.015190504491329193,0.3956044614315033,-0.04745355620980263,0.8793366551399231,0.017512885853648186,0.8034418821334839,-0.018824512138962746,0.9462769627571106,-0.027750074863433838,0.4144791066646576,-0.07271487265825272,0.8704118132591248,0.02919386699795723,0.8445884585380554,0.035208526998758316,0.9116786122322083,-0.0025424803607165813,0.4791027903556824,-0.025771183893084526,0.8414855003356934
11,0.36666666666666664,0.16886937618255615,-0.5656771063804626,0.08591562509536743,0.9991965889930725,0.14675813913345337,-0.5828971862792969,0.06255093961954117,0.9991779923439026,0.14842714369297028,-0.5864856243133545,0.07176249474287033,0.9992885589599609,0.14787904918193817,-0.5849329233169556,0.06975352019071579,0.999535083770752,0.16164758801460266,-0.5938990712165833,0.06227453425526619,0.9990140199661255,0.16027742624282837,-0.5897160768508911,0.045551542192697525,0.998981773853302,0.16931383311748505,-0.5806216597557068,0.06419551372528076,0.999038815498352,0.048821475356817245,-0.5612902045249939,0.08543814718723297,0.9998044371604919,0.06641488522291183,-0.5021148324012756,0.03342832252383232,0.9984428882598877,0.1452009528875351,-0.5502758026123047,0.08222324401140213,0.9988731741905212,0.1428450345993042,-0.5131898522377014,0.07567188888788223,0.9980773329734802,-0.07907547056674957,-0.38712573051452637,0.2191067785024643,0.9999397993087769,0.11785095930099487,-0.4730159342288971,0.021932143718004227,0.9995541572570801,0.00427074683830142,-0.25904223322868347,0.3424024283885956,0.8018273115158081,0.3040771186351776,-0.30854785442352295,-0.06009798124432564,0.7133190035820007,0.179764524102211,-0.1934967190027237,0.5294191241264343,0.7347255945205688,0.45785441994667053,-0.24640154838562012,0.015632586553692818,0.6499828696250916,0.18724986910820007,-0.20669837296009064,0.5756753087043762,0.7253717184066772,0.5163500905036926,-0.2626343369483948,-0.011959655210375786,0.6326453685760498,0.2104228138923645,-0.19719640910625458,0.5665209889411926,0.7242379784584045,0.5402310490608215,-0.2847979962825775,0.0158554520457983,0.6302090287208557,0.2018863558769226,-0.17492535710334778,0.5259799957275391,0.7012726664543152,0.4630822241306305,-0.25391721725463867,0.02691037580370903,0.6086728572845459,-0.05233641713857651,0.02044162154197693,0.0975874736905098,0.9999768137931824,0.053883302956819534,-0.025608837604522705,-0.09624076634645462,0.999954342842102,0.012757287360727787,0.4169408679008484,0.0999869853258133,0.9468135833740234,0.336498498916626,0.10396205633878708,-0.05760286748409271,0.8179520964622498,0.04026380181312561,0.7657697796821594,0.09297148883342743,0.9624316692352295,0.10333264619112015,0.374395489692688,0.03906761109828949,0.886897087097168,0.022715192288160324,0.8058328032493591,0.10031712055206299,0.9470621347427368,0.06991550326347351,0.39463210105895996,0.01118120551109314,0.8709453344345093,0.03718145936727524,0.8440119624137878,0.12681150436401367,0.9139087200164795,0.08276645094156265,0.4679010808467865,0.011704962700605392,0.8483253717422485
12,0.4,0.15961162745952606,-0.5602896213531494,0.07345785200595856,0.9992754459381104,0.14491787552833557,-0.5791510343551636,0.026278723031282425,0.9992583990097046,0.1465299278497696,-0.5807915329933167,0.0356646329164505,0.9993570446968079,0.14624561369419098,-0.5804200172424316,0.03297837823629379,0.9995795488357544,0.15242375433444977,-0.5889578461647034,0.04425562545657158,0.9991118311882019,0.1542077362537384,-0.5861870050430298,0.02913433127105236,0.9990828037261963,0.159888356924057,-0.5750315189361572,0.05178678780794144,0.9991341829299927,0.06989004462957382,-0.5619717240333557,0.06103769689798355,0.9998223781585693,0.05641588196158409,-0.5038027763366699,-0.013111071661114693,0.9985964894294739,0.14262306690216064,-0.5470050573348999,0.043976496905088425,0.9989659190177917,0.1359957903623581,-0.5090745687484741,0.05299118533730507,0.998256504535675,-0.0618969164788723,-0.38944804668426514,0.21191436052322388,0.9999029636383057,0.11752139776945114,-0.47610992193222046,-0.006756533868610859,0.9995673298835754,0.04317858815193176,-0.2541165351867676,0.30723896622657776,0.7242770791053772,0.3039601743221283,-0.30991822481155396,-0.06760481745004654,0.738827109336853,0.21652930974960327,-0.17859260737895966,0.4454437494277954,0.6665995717048645,0.45019257068634033,-0.2428281307220459,0.019681870937347412,0.6736230850219727,0.22587598860263824,-0.19192613661289215,0.48919105529785156,0.660053551197052,0.5066847205162048,-0.25692054629325867,-0.006565926596522331,0.6512360572814941,0.24273057281970978,-0.18153263628482819,0.47641757130622864,0.658841073513031,0.5246689319610596,-0.2772170901298523,0.01769019290804863,0.6469260454177856,0.23687589168548584,-0.15752306580543518,0.4437771439552307,0.638390064239502,0.453134149312973,-0.25066494941711426,0.029028868302702904,0.6175990104675293,-0.05119950324296951,0.020441647619009018,0.10241731256246567,0.9999730587005615,0.053174372762441635,-0.026034381240606308,-0.1010943353176117,0.9999507069587708,0.020270882174372673,0.4168851375579834,0.09560590237379074,0.942933976650238,0.34360992908477783,0.11422251909971237,-0.04656136408448219,0.83394455909729,0.04276067391037941,0.7747843265533447,0.0856267437338829,0.9636550545692444,0.11768793314695358,0.3727143704891205,0.0661972165107727,0.8950703144073486,0.027966538444161415,0.8136529922485352,0.09407486021518707,0.9482959508895874,0.08566651493310928,0.38971176743507385,0.04137640446424484,0.8744282126426697,0.0414511077105999,0.8453784584999084,0.11502855271100998,0.9177014827728271,0.09734287112951279,0.46321046352386475,0.039813388139009476,0.857160210609436
13,0.43333333333333335,0.15935717523097992,-0.5565377473831177,0.06987535208463669,0.9993458986282349,0.1469760537147522,-0.5752512812614441,0.006627275608479977,0.9993302226066589,0.14865028858184814,-0.5762978792190552,0.01622806489467621,0.9994177222251892,0.14849837124347687,-0.5763160586357117,0.013717721216380596,0.9996187686920166,0.150712251663208,-0.585254430770874,0.035545188933610916,0.999199628829956,0.1528243124485016,-0.5826923251152039,0.020446013659238815,0.9991734623908997,0.15771755576133728,-0.5712897777557373,0.040998950600624084,0.9992197155952454,0.08447673171758652,-0.5594159960746765,0.06819716840982437,0.9998373985290527,0.051276933401823044,-0.5031774640083313,-0.013866418972611427,0.998733639717102,0.14638586342334747,-0.5442229509353638,0.028344010934233665,0.9990279078483582,0.13516752421855927,-0.5066434144973755,0.041352614760398865,0.9984045624732971,-0.05465684086084366,-0.38842955231666565,0.2273246794939041,0.9998237490653992,0.12342134118080139,-0.47731930017471313,0.0023901171516627073,0.9995615482330322,0.03872857242822647,-0.23523545265197754,0.3221643567085266,0.6530441045761108,0.30429142713546753,-0.3064621090888977,-0.05156467854976654,0.7581812143325806,0.19092953205108643,-0.13477866351604462,0.45116135478019714,0.6020887494087219,0.46033158898353577,-0.2328241616487503,0.03655632585287094,0.6840339303016663,0.19654011726379395,-0.14343023300170898,0.4930126965045929,0.5972616076469421,0.5208682417869568,-0.24563832581043243,0.01085949968546629,0.6540194749832153,0.21227671205997467,-0.12874671816825867,0.4819716811180115,0.5960484147071838,0.5371938943862915,-0.26556551456451416,0.03406437113881111,0.6469628810882568,0.20987443625926971,-0.1107744425535202,0.45089077949523926,0.5777643322944641,0.46364572644233704,-0.2408478707075119,0.045217737555503845,0.6083369851112366,-0.048709169030189514,0.0204935185611248,0.10387272387742996,0.9999679327011108,0.050810497254133224,-0.02622198313474655,-0.10225621610879898,0.9999458193778992,0.037022482603788376,0.41614189743995667,0.09316035360097885,0.935364305973053,0.33463943004608154,0.1207733228802681,-0.05979347974061966,0.8467697501182556,0.04438324645161629,0.7748323678970337,0.09175889194011688,0.9632030129432678,0.11587458848953247,0.37106403708457947,0.0680685043334961,0.9001919031143188,0.03154081478714943,0.8138236999511719,0.10142111778259277,0.9476454854011536,0.08429937064647675,0.3873603343963623,0.04642844945192337,0.872783899307251,0.04666651785373688,0.8452917337417603,0.12002294510602951,0.9178274273872375,0.09684431552886963,0.45877358317375183,0.05752294883131981,0.8607718348503113
14,0.4666666666666667,0.12322650849819183,-0.5675029158592224,-0.2286805957555771,0.9994111657142639,0.14319837093353271,-0.5836707353591919,-0.2142142951488495,0.9993970394134521,0.14022938907146454,-0.5856930613517761,-0.20435208082199097,0.9994757771492004,0.1432710736989975,-0.5855639576911926,-0.20546017587184906,0.9996566772460938,0.08368784189224243,-0.5952191948890686,-0.23118440806865692,0.9992795586585999,0.08609875291585922,-0.5931198596954346,-0.24388882517814636,0.9992560744285583,0.08995398133993149,-0.5815422534942627,-0.22207804024219513,0.9992976784706116,0.08460956066846848,-0.5736100077629089,-0.0726621225476265,0.9998533725738525,-0.03190876170992851,-0.5139603018760681,-0.1394290030002594,0.9988601207733154,0.1251974105834961,-0.5519593358039856,-0.1789807826280594,0.9991244673728943,0.08173101395368576,-0.5159915089607239,-0.21411599218845367,0.9985636472702026,0.107976533472538,-0.41487833857536316,0.2078399956226349,0.9998346567153931,-0.015407178550958633,-0.48009631037712097,-0.08397100865840912,0.9996037483215332,0.24401915073394775,-0.2561565041542053,0.2246970683336258,0.6462255120277405,0.2664079964160919,-0.28634029626846313,-0.18052029609680176,0.7788740992546082,0.406451940536499,-0.18323007225990295,0.1372154951095581,0.6177816390991211,0.3200201392173767,-0.23790627717971802,-0.21186135709285736,0.7118093371391296,0.43443360924720764,-0.18992209434509277,0.13658522069454193,0.6173669695854187,0.37641215324401855,-0.24466539919376373,-0.2724270522594452,0.6831414699554443,0.4313875734806061,-0.17784039676189423,0.10844702273607254,0.6182892918586731,0.41144436597824097,-0.2904120087623596,-0.25893670320510864,0.6761664152145386,0.41574400663375854,-0.1626441329717636,0.12189330160617828,0.6020565032958984,0.3392505645751953,-0.25352826714515686,-0.21244528889656067,0.6376720666885376,0.046988241374492645,0.0005289100226946175,0.09127321094274521,0.9999693632125854,-0.04469546675682068,-0.0037474639248102903,-0.08830495178699493,0.9999505281448364,0.19272960722446442,0.1966060847043991,-0.04436066374182701,0.940752387046814,0.025286251679062843,0.3138522207736969,-0.10540023446083069,0.8618567585945129,0.04963703453540802,0.2699912488460541,0.15179525315761566,0.9418584704399109,0.006649755872786045,0.7387181520462036,0.03229178115725517,0.9098398089408875,0.024502236396074295,0.27309831976890564,0.18813911080360413,0.9230356812477112,0.006275232415646315,0.7773093581199646,0.00998113863170147,0.8810725808143616,-0.014096658676862717,0.3231697380542755,0.21565453708171844,0.9088917970657349,0.08321274071931839,0.8041301369667053,-0.05472850427031517,0.8737593293190002
15,0.5,0.09611198306083679,-0.5772371888160706,-0.1638408601284027,0.9994550347328186,0.1293584555387497,-0.5955848693847656,-0.1482757180929184,0.9994394183158875,0.12549975514411926,-0.596153199672699,-0.13860581815242767,0.9995009303092957,0.12853623926639557,-0.597492516040802,-0.14088085293769836,0.9996729493141174,0.057486601173877716,-0.6029136180877686,-0.16875433921813965,0.9993385672569275,0.061009738594293594,-0.6021409630775452,-0.18084079027175903,0.9993158578872681,0.06369812786579132,-0.59393310546875,-0.16005709767341614,0.9993544220924377,0.1025790199637413,-0.5795861482620239,-0.028522074222564697,0.9998431205749512,-0.03763419762253761,-0.524488091468811,-0.06092575192451477,0.9989250302314758,0.10840384662151337,-0.5627013444900513,-0.11821320652961731,0.9991900324821472,0.05919859558343887,-0.5276059508323669,-0.15527909994125366,0.9986768364906311,0.18161506950855255,-0.41510558128356934,0.14986185729503632,0.999843955039978,-0.07727208733558655,-0.4807775616645813,0.03285844996571541,0.9995876550674438,0.3205287754535675,-0.26456788182258606,0.06757315248250961,0.6727530360221863,-0.057712528854608536,-0.285476416349411,-0.10179342329502106,0.7607922554016113,0.379088819026947,-0.20132586359977722,-0.11074993759393692,0.653499960899353,0.1065862625837326,-0.23260486125946045,-0.2875939607620239,0.7229347229003906,0.38010135293006897,-0.20473405718803406,-0.13657166063785553,0.6534771919250488,0.17509636282920837,-0.22359484434127808,-0.3680407702922821,0.6983414888381958,0.35484036803245544,-0.20091938972473145,-0.1548023223876953,0.6546335220336914,0.2738380432128906,-0.27837708592414856,-0.3696354627609253,0.692387044429779,0.37357980012893677,-0.18322129547595978,-0.12154746800661087,0.638703465461731,0.15065601468086243,-0.2465423047542572,-0.29722660779953003,0.6492466330528259,0.08294239640235901,0.004587395582348108,0.06949486583471298,0.9999626874923706,-0.08062157034873962,-0.008275543339550495,-0.06465096026659012,0.9999325275421143,0.1326693296432495,0.205311581492424,-0.03696638345718384,0.9330317378044128,-0.18195417523384094,0.05817056819796562,-0.3208066523075104,0.8681170344352722,0.05254332721233368,0.6227162480354309,0.11334274709224701,0.9418613910675049,-0.049087535589933395,0.202605202794075,-0.14799925684928894,0.8704180121421814,0.028058702126145363,0.6635705828666687,0.1367841362953186,0.8997205495834351,-0.03064403124153614,0.2038877308368683,-0.16561509668827057,0.8305219411849976,0.027586983516812325,0.7007923126220703,0.11811753362417221,0.9071587920188904,0.04066137224435806,0.2221977263689041,-0.20236140489578247,0.8424036502838135
16,0.5333333333333333,0.08866383135318756,-0.5796686410903931,-0.1376090794801712,0.9995070099830627,0.10798956453800201,-0.5964342355728149,-0.12403258681297302,0.9994922280311584,0.1062072291970253,-0.5971240401268005,-0.11443374305963516,0.9995459318161011,0.107627734541893,-0.5981834530830383,-0.11686643958091736,0.999702513217926,0.0559556819498539,-0.6029439568519592,-0.14747759699821472,0.9994028210639954,0.05908200144767761,-0.6019730567932129,-0.15960310399532318,0.9993823766708374,0.061785511672496796,-0.5931330323219299,-0.13786229491233826,0.9994177222251892,0.12863624095916748,-0.5738972425460815,-0.01656823791563511,0.999854326248169,-0.02770361676812172,-0.5155171751976013,-0.011878586374223232,0.9990273714065552,0.10536646842956543,-0.5629147887229919,-0.0951564610004425,0.9992680549621582,0.0603807158768177,-0.5269961953163147,-0.13572928309440613,0.9988054037094116,0.23201465606689453,-0.4007025361061096,0.13026292622089386,0.9998567700386047,-0.06487952172756195,-0.47390198707580566,0.13114134967327118,0.9996228218078613,0.36322861909866333,-0.25519073009490967,0.05279615521430969,0.6995664834976196,-0.15902851521968842,-0.26602888107299805,0.046057723462581635,0.7708044052124023,0.28017735481262207,-0.1920989751815796,-0.007785213179886341,0.6810329556465149,-0.037482112646102905,-0.1869145631790161,-0.13534332811832428,0.7477715015411377,0.31218403577804565,-0.19473697245121002,-0.012806867249310017,0.6775925755500793,0.02710142731666565,-0.18514667451381683,-0.19182923436164856,0.724315345287323,0.25448310375213623,-0.20727841556072235,-0.013205754570662975,0.6782177090644836,0.09029930084943771,-0.23588678240776062,-0.1891956925392151,0.7187389135360718,0.28020694851875305,-0.1813860982656479,-0.00699244812130928,0.6571465730667114,-0.005348653066903353,-0.1996770203113556,-0.14050732553005219,0.6774529218673706,0.09424230456352234,0.01796061545610428,0.040951624512672424,0.9999640583992004,-0.09260399639606476,-0.022716645151376724,-0.03721960633993149,0.9999363422393799,0.1062755286693573,0.3907650411128998,-0.04728657379746437,0.9351819157600403,-0.3026532232761383,0.03287890926003456,-0.29128918051719666,0.8792240023612976,0.039753258228302,0.7524365186691284,0.09682822972536087,0.9460436701774597,-0.04906069487333298,0.19385305047035217,-0.06993087381124496,0.8523220419883728,0.012472575530409813,0.7876785397529602,0.11655213683843613,0.8972725868225098,-0.02463691122829914,0.19679594039916992,-0.08286898583173752,0.8023534417152405,0.016550634056329727,0.8344616293907166,0.05416399613022804,0.9134806990623474,0.03341745585203171,0.25539717078208923,-0.1173827052116394,0.8336463570594788
17,0.5666666666666667,0.08296561241149902,-0.5715121030807495,-0.14330388605594635,0.9995545148849487,0.09567844122648239,-0.5883466005325317,-0.1272282898426056,0.9995409250259399,0.09525878727436066,-0.5892170071601868,-0.1176617443561554,0.9995883703231812,0.09587431699037552,-0.5901061296463013,-0.12136140465736389,0.9997303485870361,0.05597677081823349,-0.595059335231781,-0.14248675107955933,0.9994610548019409,0.05904187634587288,-0.5938774347305298,-0.15442027151584625,0.9994425177574158,0.061661139130592346,-0.5850913524627686,-0.13478167355060577,0.9994747042655945,0.14017631113529205,-0.5651047825813293,-0.017419595271348953,0.9998661279678345,-0.021838480606675148,-0.513575553894043,-0.011444169096648693,0.9991182088851929,0.10536748170852661,-0.5536778569221497,-0.09685330837965012,0.99933922290802,0.06108713522553444,-0.5188478231430054,-0.1283062994480133,0.9989217519760132,0.23175497353076935,-0.39501509070396423,0.10451485961675644,0.9998692870140076,-0.06350074708461761,-0.4735077917575836,0.15032988786697388,0.9996509552001953,0.335557222366333,-0.2451736032962799,0.01303956750780344,0.7280673384666443,-0.19044095277786255,-0.2687276005744934,0.06929631531238556,0.7837710976600647,0.2541082501411438,-0.1980108767747879,-0.06494175642728806,0.7121375203132629,-0.13611780107021332,-0.20557211339473724,-0.1412554532289505,0.7716929316520691,0.17506283521652222,-0.2015991508960724,-0.08205719292163849,0.708632230758667,-0.089293472468853,-0.2058379054069519,-0.21478290855884552,0.750303328037262,0.11859677731990814,-0.21419650316238403,-0.07569362223148346,0.7091670036315918,-0.0322713665664196,-0.25551801919937134,-0.21783752739429474,0.7453169822692871,0.2066114991903305,-0.18854962289333344,-0.05990450829267502,0.6889343857765198,-0.10839564353227615,-0.2188831865787506,-0.15197591483592987,0.7071449756622314,0.09416849166154861,0.023785818368196487,0.0230945385992527,0.9999634623527527,-0.09207271039485931,-0.028623543679714203,-0.01917148567736149,0.9999362826347351,0.10196909308433533,0.4068531095981598,-0.07475987076759338,0.9376786947250366,-0.3047344386577606,0.025686506181955338,-0.2714120149612427,0.8889323472976685,0.030520442873239517,0.7688140273094177,0.06403644382953644,0.949444591999054,-0.05594053864479065,0.23033425211906433,-0.05558813735842705,0.8427879214286804,-0.00043363540316931903,0.8031506538391113,0.0876246765255928,0.8923234939575195,-0.026209715753793716,0.23778432607650757,-0.06839723140001297,0.7875415682792664,0.001997011713683605,0.8581171631813049,0.002252918668091297,0.9184432625770569,0.0322013758122921,0.3075369894504547,-0.1037982627749443,0.8286641240119934
18,0.6,0.0764438807964325,-0.5687729716300964,-0.14386245608329773,0.9995978474617004,0.09045697003602982,-0.5856038928031921,-0.12710820138454437,0.9995855093002319,0.09030894190073013,-0.5862386226654053,-0.11767345666885376,0.9996277093887329,0.0905289277434349,-0.5873256325721741,-0.12135760486125946,0.9997560977935791,0.05317705124616623,-0.5932427644729614,-0.13864144682884216,0.9995138645172119,0.056007664650678635,-0.5920532941818237,-0.1505538821220398,0.99949711561203,0.05815932899713516,-0.5833547711372375,-0.13145439326763153,0.9995262622833252,0.14207977056503296,-0.5600777268409729,-0.018829001113772392,0.9998776316642761,-0.0179709754884243,-0.5154200792312622,-0.0057679940946400166,0.999200701713562,0.10115416347980499,-0.54975825548172,-0.09753086417913437,0.9994034767150879,0.05965753644704819,-0.5167548060417175,-0.12433081865310669,0.9990265369415283,0.22742266952991486,-0.39105314016342163,0.07626987993717194,0.9998807907104492,-0.06004079431295395,-0.4750821590423584,0.15441203117370605,0.9996735453605652,0.32455185055732727,-0.24304494261741638,-0.021853331476449966,0.7545469999313354,-0.18173809349536896,-0.27578234672546387,0.06940606236457825,0.7901208996772766,0.2257985770702362,-0.20220448076725006,-0.09582605957984924,0.740406334400177,-0.13455729186534882,-0.21729670464992523,-0.14169716835021973,0.7911199331283569,0.1379794180393219,-0.2061111181974411,-0.11586486548185349,0.7369163036346436,-0.08974575996398926,-0.21697565913200378,-0.21764551103115082,0.7713037729263306,0.08842016011476517,-0.21665415167808533,-0.10793434083461761,0.7373821139335632,-0.03298163786530495,-0.2663528323173523,-0.22055542469024658,0.7669387459754944,0.17325645685195923,-0.19282281398773193,-0.08988843113183975,0.7182300090789795,-0.10654181241989136,-0.23021504282951355,-0.15343286097049713,0.7307172417640686,0.09467919170856476,0.02666334994137287,0.016149181872606277,0.999963104724884,-0.09237135946750641,-0.03163773939013481,-0.012433437630534172,0.9999357461929321,0.09354070574045181,0.41306009888648987,-0.07551170885562897,0.9405668377876282,-0.30131736397743225,0.033202141523361206,-0.29626479744911194,0.8986304402351379,0.02247246354818344,0.7704235911369324,0.04300369322299957,0.9526028037071228,-0.056291088461875916,0.23068217933177948,-0.10344737023115158,0.8400826454162598,-0.009201787412166595,0.8038413524627686,0.06477110832929611,0.8877735137939453,-0.026228321716189384,0.23542185127735138,-0.11645431816577911,0.7824082970619202,-0.02965352311730385,0.8504423499107361,-0.02236284129321575,0.9233902096748352,0.026410305872559547,0.2927410304546356,-0.15883737802505493,0.8309061527252197
19,0.6333333333333333,0.03865284472703934,-0.5730850100517273,-0.14327272772789001,0.9996378421783447,0.05858587846159935,-0.5905886292457581,-0.12720619142055511,0.9996267557144165,0.05912162363529205,-0.5916076898574829,-0.11680537462234497,0.9996646642684937,0.05999382585287094,-0.5925946831703186,-0.1207057386636734,0.9997802972793579,0.025095991790294647,-0.5986900329589844,-0.13618715107440948,0.9995623230934143,0.027167093008756638,-0.5975005030632019,-0.14823117852210999,0.9995472431182861,0.028927648440003395,-0.5890799164772034,-0.1293676644563675,0.9995734691619873,0.1284138709306717,-0.56451016664505,-0.02102491818368435,0.999889612197876,-0.0315425768494606,-0.5258896350860596,-0.0018894679378718138,0.9992796182632446,0.07975317537784576,-0.5534040927886963,-0.09798242151737213,0.9994627833366394,0.03217717260122299,-0.5211169719696045,-0.1222226694226265,0.9991233348846436,0.1868886649608612,-0.3928367495536804,0.03342612087726593,0.9998919367790222,-0.07920648157596588,-0.47601455450057983,0.17137259244918823,0.9996964335441589,0.22383448481559753,-0.24904876947402954,-0.047036588191986084,0.7786613702774048,-0.22197270393371582,-0.28057751059532166,0.07249840348958969,0.7966616153717041,0.021820100024342537,-0.20458464324474335,-0.08215361833572388,0.7661377191543579,-0.22615887224674225,-0.22550472617149353,-0.15694698691368103,0.8083968162536621,-0.040163204073905945,-0.20938590168952942,-0.09906575828790665,0.7628642320632935,-0.19748841226100922,-0.22448231279850006,-0.23427772521972656,0.790753185749054,-0.07803449779748917,-0.2194417417049408,-0.09694574773311615,0.7632882595062256,-0.14222665131092072,-0.271287739276886,-0.23974016308784485,0.7870103120803833,-0.003093341365456581,-0.19351507723331451,-0.07816270738840103,0.7456516027450562,-0.20143403112888336,-0.23832425475120544,-0.17229564487934113,0.7531675100326538,0.09133433550596237,0.026230160146951675,-0.001996693667024374,0.9999628067016602,-0.08890479058027267,-0.031222281977534294,0.005884950514882803,0.9999347925186157,0.06761525571346283,0.4117465913295746,-0.10018770396709442,0.9451318979263306,-0.3103425204753876,0.027413392439484596,-0.24133607745170593,0.9061893224716187,-0.0025187877472490072,0.7694286704063416,-0.0235763993114233,0.9563761353492737,-0.08409066498279572,0.22327780723571777,-0.06503161042928696,0.8351157307624817,-0.032639648765325546,0.8050720691680908,-0.005532334093004465,0.8897461295127869,-0.05166439339518547,0.22910501062870026,-0.08079072088003159,0.7739293575286865,-0.06440398097038269,0.855124831199646,-0.08016068488359451,0.9294713139533997,-0.0009972391417250037,0.3035213351249695,-0.10988478362560272,0.8311981558799744
20,0.6666666666666666,0.0068006739020347595,-0.5820912718772888,-0.21725378930568695,0.9996705651283264,0.03599635511636734,-0.5974839329719543,-0.21293862164020538,0.999662458896637,0.03579806163907051,-0.5994266271591187,-0.19898302853107452,0.9996958374977112,0.03588548302650452,-0.6000007390975952,-0.20263485610485077,0.9998009204864502,0.007972543127834797,-0.6122108697891235,-0.20806141197681427,0.9996042251586914,0.009362753480672836,-0.6108618974685669,-0.22093544900417328,0.9995899200439453,0.01096164807677269,-0.6012649536132812,-0.20102424919605255,0.9996138215065002,0.1238163411617279,-0.5688962340354919,-0.1289854645729065,0.9998988509178162,-0.026712220162153244,-0.5438849329948425,-0.061981577426195145,0.9993336796760559,0.05605726316571236,-0.5613796710968018,-0.17853020131587982,0.9995082020759583,0.011710166931152344,-0.5329186916351318,-0.18829645216464996,0.9991954565048218,0.1809198260307312,-0.3944818079471588,-0.07944514602422714,0.9998990297317505,-0.07030222564935684,-0.49978214502334595,0.14828689396381378,0.999678373336792,0.04086752608418465,-0.2436736822128296,-0.05929115042090416,0.7941519021987915,-0.17100316286087036,-0.3446333408355713,0.03967880830168724,0.7405322790145874,-0.12896554172039032,-0.21446286141872406,0.03324374184012413,0.7821945548057556,-0.14352944493293762,-0.3367902934551239,-0.23743446171283722,0.7698399424552917,-0.18976017832756042,-0.22694557905197144,0.048138804733753204,0.7762649655342102,-0.10739322751760483,-0.3443475067615509,-0.3189682364463806,0.7607948780059814,-0.1892528235912323,-0.24016781151294708,0.05019662156701088,0.7762405872344971,-0.05460423231124878,-0.3876924514770508,-0.31148743629455566,0.7572644948959351,-0.13232283294200897,-0.2062426060438156,0.04667527601122856,0.7518226504325867,-0.12040714919567108,-0.35192596912384033,-0.25092628598213196,0.7200586795806885,0.08260412514209747,0.025857586413621902,-0.025778336450457573,0.9999551773071289,-0.08031990379095078,-0.030909549444913864,0.03011513501405716,0.9999199509620667,0.050499919801950455,0.429545521736145,-0.09741543978452682,0.9435343742370605,-0.2755683660507202,0.05485888570547104,-0.07128528505563736,0.8773411512374878,-0.004625400993973017,0.7857149839401245,-0.025766519829630852,0.9583572149276733,-0.10463190823793411,0.27219370007514954,0.1577242761850357,0.800067126750946,-0.03379279002547264,0.8215904831886292,-0.008336647413671017,0.8829190135002136,-0.08088643848896027,0.28311753273010254,0.14020583033561707,0.7412939071655273,-0.0656844824552536,0.8796179294586182,-0.06931915134191513,0.9322500228881836,-0.07595702260732651,0.3509807884693146,0.13525202870368958,0.8043314814567566
21,0.7,-0.06134543567895889,-0.6088583469390869,-0.1921609789133072,0.9996914267539978,-0.027386512607336044,-0.6200568079948425,-0.18018022179603577,0.99969083070755,-0.025934573262929916,-0.6207053661346436,-0.16895350813865662,0.9997203350067139,-0.026874803006649017,-0.6208256483078003,-0.17326828837394714,0.9998171329498291,-0.02936420775949955,-0.6361742615699768,-0.18571342527866364,0.999637246131897,-0.02934916503727436,-0.6342548131942749,-0.19876526296138763,0.9996229410171509,-0.024812186136841774,-0.6233367323875427,-0.17724093794822693,0.9996457695960999,0.08784372359514236,-0.5738648176193237,-0.14820411801338196,0.9999061226844788,0.0016076929168775678,-0.5570902228355408,-0.050767865031957626,0.9993650913238525,-0.010481085628271103,-0.5812428593635559,-0.14779113233089447,0.999539315700531,-0.029426956549286842,-0.5555680394172668,-0.15450891852378845,0.9992424845695496,0.062182825058698654,-0.40299883484840393,-0.1415603756904602,0.9999076724052429,0.04778521880507469,-0.49911436438560486,0.18766751885414124,0.9996891617774963,-0.09101197868585587,-0.24696500599384308,-0.13921542465686798,0.8118133544921875,0.02732185460627079,-0.2571670114994049,0.21313752233982086,0.6674260497093201,-0.22488239407539368,-0.23183958232402802,0.036023396998643875,0.7969676852226257,-0.1290205866098404,-0.1281566023826599,0.12386518716812134,0.6969900727272034,-0.2621723711490631,-0.24874548614025116,0.05392398312687874,0.7876719832420349,-0.05995487794280052,-0.11063918471336365,0.09193676710128784,0.6923926472663879,-0.25550153851509094,-0.25921428203582764,0.06027299910783768,0.7869457006454468,-0.02892935648560524,-0.13490328192710876,0.07158670574426651,0.6897561550140381,-0.2185286581516266,-0.22334107756614685,0.049215950071811676,0.7569003701210022,-0.07996329665184021,-0.13444925844669342,0.10370723903179169,0.6568546891212463,0.04128313809633255,0.014221793971955776,-0.05495663732290268,0.9999569654464722,-0.03874200955033302,-0.01782449334859848,0.057705238461494446,0.999923586845398,-0.00219656340777874,0.3883213400840759,-0.09825857728719711,0.9446170926094055,-0.11520038545131683,0.2792049050331116,0.07076111435890198,0.8488051891326904,-0.003667035372927785,0.7098401188850403,-0.017832215875387192,0.9580852389335632,-0.10201479494571686,0.5793374180793762,0.2587452828884125,0.7893211841583252,-0.027819279581308365,0.7437447905540466,-0.006220103707164526,0.8788524270057678,-0.10092950612306595,0.6017276644706726,0.23713934421539307,0.7313268184661865,-0.06074139475822449,0.7938884496688843,-0.030051393434405327,0.932165265083313,-0.1390737146139145,0.6493629813194275,0.22125591337680817,0.7958866357803345
22,0.7333333333333333,-0.07884946465492249,-0.6321936249732971,9.058097202796489e-05,0.9997025728225708,-0.0629306435585022,-0.6415651440620422,-0.02997433952987194,0.9997124671936035,-0.061354704201221466,-0.6432176232337952,-0.019613215699791908,0.9997351169586182,-0.06143985688686371,-0.6439143419265747,-0.021230842918157578,0.9998271465301514,-0.0400669239461422,-0.6528826355934143,-0.02107914909720421,0.9996650218963623,-0.03800291568040848,-0.6504181623458862,-0.030904468148946762,0.999649167060852,-0.03325658664107323,-0.6390610337257385,-0.010566012002527714,0.99967360496521,0.0065808845683932304,-0.5766087174415588,-0.11510097235441208,0.9999091029167175,0.02677115797996521,-0.5506576299667358,0.011055373586714268,0.9994112849235535,-0.042506638914346695,-0.5968518853187561,-0.008187832310795784,0.9995435476303101,-0.03728005662560463,-0.5639981031417847,0.001170849660411477,0.9992694854736328,-0.058035340160131454,-0.4082013964653015,-0.09155477583408356,0.999907374382019,0.11567208170890808,-0.4667145311832428,0.2012109011411667,0.9996834397315979,-0.2107410430908203,-0.2864946722984314,-0.10469488054513931,0.7566309571266174,0.013767935335636139,-0.2670312523841858,0.2862643301486969,0.6008413434028625,-0.19615265727043152,-0.3154875338077545,0.2540896236896515,0.7223049402236938,-0.1294058859348297,-0.2801191806793213,0.37648117542266846,0.6276313662528992,-0.19176186621189117,-0.35497474670410156,0.2882765531539917,0.7153193354606628,-0.10370070487260818,-0.31788021326065063,0.36857181787490845,0.6238648295402527,-0.17724405229091644,-0.34471994638442993,0.2899630069732666,0.7143873572349548,-0.09032727777957916,-0.33724766969680786,0.357075035572052,0.6215192675590515,-0.17898038029670715,-0.3006875514984131,0.2601597309112549,0.6863673329353333,-0.12634052336215973,-0.30300813913345337,0.36246955394744873,0.592047393321991,-0.0035602825228124857,0.005192833486944437,-0.046141501516103745,0.9999557733535767,0.0056138476356863976,-0.010699931532144547,0.04827241972088814,0.9999260306358337,-0.018936406821012497,0.3980970084667206,-0.09312625974416733,0.9186201691627502,-0.08160687983036041,0.27860552072525024,0.016354981809854507,0.7978275418281555,-0.003759944112971425,0.7396776080131531,-0.02109210006892681,0.9382907748222351,-0.1045060008764267,0.6466622352600098,0.23594319820404053,0.7612571716308594,-0.02751285955309868,0.7755799293518066,-0.008769187144935131,0.8505558967590332,-0.11194105446338654,0.6759059429168701,0.17624394595623016,0.7032372355461121,-0.05442510545253754,0.831899106502533,-0.023437630385160446,0.8966721296310425,-0.13547618687152863,0.7294805645942688,0.20815156400203705,0.757938027381897
23,0.7666666666666666,0.019773881882429123,-0.6263623237609863,0.12380839884281158,0.9995503425598145,-0.0067221191711723804,-0.6373301148414612,0.09401453286409378,0.999489963054657,-0.006944363471120596,-0.6389058828353882,0.10259046405553818,0.9995396137237549,-0.004228559788316488,-0.6395130157470703,0.10187927633523941,0.9996971487998962,0.05604717507958412,-0.6486926674842834,0.0769670307636261,0.9995130300521851,0.05954646319150925,-0.6465098261833191,0.06653808057308197,0.9995030760765076,0.06397778540849686,-0.6358816027641296,0.08685057610273361,0.9995267987251282,-0.005139284301549196,-0.5767433643341064,-0.01605667546391487,0.9998592734336853,0.10035938769578934,-0.5299677848815918,0.011589515954256058,0.9991360902786255,-0.0018936842679977417,-0.5944405198097229,0.11079656332731247,0.9991711974143982,0.05618815869092941,-0.5632690787315369,0.08461475372314453,0.9988330602645874,-0.10653247684240341,-0.41130995750427246,-0.0046522356569767,0.999908983707428,0.16222818195819855,-0.454837828874588,0.13948893547058105,0.9995890855789185,-0.24714972078800201,-0.29496946930885315,0.047947801649570465,0.7079958915710449,0.06451362371444702,-0.23759394884109497,0.19542331993579865,0.543279230594635,-0.2198619842529297,-0.3358363211154938,0.2996364235877991,0.6531996130943298,-0.10378304123878479,-0.2855863869190216,0.2725223898887634,0.565047562122345,-0.22110770642757416,-0.3669992983341217,0.33828312158584595,0.6476415395736694,-0.07351066917181015,-0.32230091094970703,0.27331021428108215,0.5617349743843079,-0.2022380381822586,-0.3676786422729492,0.33777233958244324,0.6465681195259094,-0.06644122302532196,-0.35661429166793823,0.277591347694397,0.5596190094947815,-0.20128631591796875,-0.32374322414398193,0.3038116693496704,0.6207515597343445,-0.0999029129743576,-0.31156349182128906,0.27057045698165894,0.5331315398216248,-0.055226486176252365,0.005904851481318474,0.010137529112398624,0.9999552965164185,0.057387396693229675,-0.012357039377093315,-0.010028738528490067,0.9999167919158936,-0.04273402690887451,0.3941809833049774,-0.028246548026800156,0.9037669897079468,0.2506793141365051,0.06389141827821732,-0.01322651281952858,0.7740703821182251,0.00023840408539399505,0.7410128116607666,-0.07735449075698853,0.9353525638580322,0.02610156498849392,0.26275962591171265,0.22466111183166504,0.729284405708313,-0.025094082579016685,0.7768914103507996,-0.07548568397760391,0.8546828627586365,-0.008979684673249722,0.2701098620891571,0.16729037463665009,0.6842362284660339,-0.021350745111703873,0.8263353109359741,-0.04914958402514458,0.8760043978691101,-0.014392738230526447,0.3355427384376526,0.1498716026544571,0.70478355884552
24,0.8,0.04647349193692207,-0.6243471503257751,0.1256643682718277,0.9994096755981445,0.017527563497424126,-0.6357889175415039,0.09540533274412155,0.9992984533309937,0.016851631924510002,-0.6375681757926941,0.1040981337428093,0.9993687272071838,0.019692709669470787,-0.6380343437194824,0.10331461578607559,0.9995871782302856,0.07860914617776871,-0.6459450125694275,0.07774195820093155,0.9993783831596375,0.08192475885152817,-0.643842875957489,0.06735336035490036,0.9993698596954346,0.08626675605773926,-0.6330167055130005,0.08758799731731415,0.9993988275527954,-0.006452860776335001,-0.5772324800491333,-0.006724859122186899,0.9998193979263306,0.11748877167701721,-0.5239188075065613,0.006362251937389374,0.9988991618156433,0.02051219530403614,-0.593506932258606,0.11269067227840424,0.9988512992858887,0.07962638139724731,-0.5611248016357422,0.08469395339488983,0.99844890832901,-0.11281421035528183,-0.4118907153606415,0.009642908349633217,0.9999098181724548,0.17045432329177856,-0.45124056935310364,0.11384788900613785,0.9994959831237793,-0.2546995282173157,-0.2966965436935425,0.07101807743310928,0.6588015556335449,0.07371121644973755,-0.2291753590106964,0.16449052095413208,0.49017369747161865,-0.2217833399772644,-0.347880095243454,0.31499171257019043,0.5911729335784912,-0.09347829967737198,-0.28154030442237854,0.26032739877700806,0.5087780952453613,-0.2255953848361969,-0.3772762715816498,0.35504400730133057,0.5870674848556519,-0.06330173462629318,-0.3128671944141388,0.26076778769493103,0.5059419274330139,-0.20645107328891754,-0.3809733986854553,0.3545328378677368,0.5858461856842041,-0.04932587593793869,-0.34777337312698364,0.2635452151298523,0.504033088684082,-0.20285645127296448,-0.33673998713493347,0.3195613920688629,0.5619851350784302,-0.08526269346475601,-0.3056606948375702,0.25838059186935425,0.48024120926856995,-0.06623216718435287,0.006356946658343077,0.02536393702030182,0.9999555349349976,0.0683479830622673,-0.01336281280964613,-0.025345176458358765,0.9999114274978638,-0.048384543508291245,0.39305439591407776,-0.007210704497992992,0.8924186825752258,0.260884553194046,0.04287796467542648,-0.016769764944911003,0.7556053996086121,0.0030152068939059973,0.7417429685592651,-0.06644939631223679,0.9322677850723267,0.04164773225784302,0.23164790868759155,0.15087707340717316,0.7006610035896301,-0.02448931150138378,0.7774978876113892,-0.06277331709861755,0.8561716675758362,0.007349279243499041,0.2381056398153305,0.11427656561136246,0.6660879850387573,-0.009115444496273994,0.8199525475502014,-0.04001264274120331,0.8545095324516296,0.0022045166697353125,0.2982483208179474,0.17131078243255615,0.6563442945480347
25,0.8333333333333334,0.09478858858346939,-0.6120381951332092,0.19496682286262512,0.9994011521339417,0.06326162815093994,-0.6231043338775635,0.1716565191745758,0.9992637634277344,0.06337107717990875,-0.6252725720405579,0.17915944755077362,0.9993354082107544,0.0661861002445221,-0.6254361867904663,0.17924334108829498,0.9995595812797546,0.11799014359712601,-0.6308653354644775,0.14448510110378265,0.9993855953216553,0.12166201323270798,-0.6285126805305481,0.1355430781841278,0.9993849992752075,0.1257975548505783,-0.6165225505828857,0.154850035905838,0.9994097948074341,-0.0016660260735079646,-0.5684478878974915,0.08544006943702698,0.9998146891593933,0.1259145438671112,-0.5028818249702454,0.04987628757953644,0.9989243149757385,0.06861098110675812,-0.5809866189956665,0.1886850893497467,0.9987775683403015,0.11430760473012924,-0.54201340675354,0.14941905438899994,0.998407781124115,-0.10550487786531448,-0.40896010398864746,0.12584751844406128,0.9999142289161682,0.18924884498119354,-0.44483909010887146,0.10874805599451065,0.9995213747024536,-0.17694462835788727,-0.2954091727733612,0.22113245725631714,0.6070168614387512,0.19050092995166779,-0.2105553299188614,0.15983159840106964,0.47868087887763977,-0.2058938592672348,-0.32427769899368286,0.48830339312553406,0.5329509377479553,0.06022924929857254,-0.27889618277549744,0.3379768133163452,0.45851221680641174,-0.13909943401813507,-0.3492278754711151,0.5377512574195862,0.5294894576072693,0.07984926551580429,-0.31078994274139404,0.3489905297756195,0.4559749960899353,-0.10672163218259811,-0.3536626994609833,0.5329879522323608,0.5283292531967163,0.06834453344345093,-0.3457541763782501,0.3612290322780609,0.45423829555511475,-0.1517564356327057,-0.31293559074401855,0.49215584993362427,0.5068947076797485,0.04070142284035683,-0.30103054642677307,0.34356072545051575,0.43286070227622986,-0.07265180349349976,0.010209660977125168,0.05541255325078964,0.9999587535858154,0.07527153193950653,-0.01808677799999714,-0.055300742387771606,0.999917209148407,-0.04316185787320137,0.39289745688438416,0.03564850240945816,0.8869075179100037,0.3363260328769684,0.06597930192947388,-0.023325849324464798,0.7738930583000183,0.010532357729971409,0.7415805459022522,-0.05098513886332512,0.9344452023506165,0.04369238018989563,0.2326604723930359,-0.022753937169909477,0.7217232584953308,-0.009214668534696102,0.7773854732513428,-0.04590759426355362,0.8673173785209656,0.0051144761964678764,0.23720988631248474,-0.05295340344309807,0.6894263625144958,0.009719369001686573,0.813457190990448,-0.012343749403953552,0.8551713228225708,-0.0026103726122528315,0.30843764543533325,0.04762553796172142,0.6694056391716003
26,0.8666666666666667,0.196993887424469,-0.5741161108016968,0.1050591766834259,0.99945467710495,0.16676071286201477,-0.5896026492118835,0.09443396329879761,0.9993274211883545,0.16792675852775574,-0.5928308367729187,0.10308148711919785,0.9993932247161865,0.16856227815151215,-0.5918536186218262,0.10240072757005692,0.9995959997177124,0.2028958648443222,-0.5961642861366272,0.06892349570989609,0.9994423389434814,0.2045309841632843,-0.5926772356033325,0.059014033526182175,0.9994425773620605,0.21015234291553497,-0.5801035165786743,0.07858534902334213,0.9994635581970215,0.05483453348278999,-0.557884156703949,0.06797825545072556,0.9998306035995483,0.1347777545452118,-0.49006640911102295,-0.001316696871072054,0.999023973941803,0.16763897240161896,-0.5522404909133911,0.11539236456155777,0.9988732933998108,0.18558669090270996,-0.5124090313911438,0.07839768379926682,0.9985413551330566,-0.06367557495832443,-0.40750429034233093,0.14759467542171478,0.9999180436134338,0.17832975089550018,-0.4408853054046631,0.03594467416405678,0.9995390176773071,-0.08592700958251953,-0.2937333881855011,0.2622334659099579,0.5598136782646179,0.2547442615032196,-0.2201632708311081,0.09929761290550232,0.5062465667724609,0.05556103587150574,-0.3269748389720917,0.5094670057296753,0.48197266459465027,0.19856630265712738,-0.2869803011417389,0.3040226101875305,0.4182031750679016,0.07476607710123062,-0.3587597906589508,0.5592436790466309,0.47988831996917725,0.22741053998470306,-0.32734352350234985,0.3115523159503937,0.41576623916625977,0.08720362186431885,-0.362459659576416,0.5518414378166199,0.47891005873680115,0.22115537524223328,-0.364311546087265,0.32502231001853943,0.413971483707428,0.07721082121133804,-0.3157540261745453,0.5100425481796265,0.4604520797729492,0.1825188547372818,-0.31266751885414124,0.3108905851840973,0.39441850781440735,-0.06532741338014603,0.010477169416844845,0.07770677655935287,0.9999596476554871,0.0683814287185669,-0.018229950219392776,-0.07819171994924545,0.999915599822998,-0.04073511064052582,0.3950785994529724,0.046428341418504715,0.8942056894302368,0.3281916081905365,0.07892398536205292,-0.035183925181627274,0.7940298914909363,0.01120705809444189,0.754438579082489,-0.0437050461769104,0.9393149614334106,0.06816452741622925,0.26809337735176086,0.005728240590542555,0.742836058139801,-0.008944930508732796,0.7907949090003967,-0.0361887589097023,0.879059910774231,0.03197707608342171,0.27579790353775024,-0.012076564133167267,0.7092667818069458,0.008371093310415745,0.8148849606513977,0.010789345018565655,0.8644014000892639,0.033364806324243546,0.3478643596172333,0.12446186691522598,0.6831889748573303
27,0.9,0.21185478568077087,-0.555372416973114,0.0637519583106041,0.9995037317276001,0.18900494277477264,-0.5755374431610107,0.0879589319229126,0.9993886947631836,0.19082340598106384,-0.5773301124572754,0.09441856294870377,0.9994478821754456,0.19134671986103058,-0.5771431922912598,0.09599814563989639,0.9996315836906433,0.21021516621112823,-0.5796699523925781,0.0145382359623909,0.9994944334030151,0.21295683085918427,-0.5769075155258179,0.004080879967659712,0.999494731426239,0.2174786478281021,-0.563627302646637,0.02401212602853775,0.9995131492614746,0.08964989334344864,-0.5567612051963806,0.049519091844558716,0.9998444318771362,0.12080864608287811,-0.48945093154907227,-0.057566363364458084,0.9991129040718079,0.1875101625919342,-0.5406397581100464,0.10706580430269241,0.9989549517631531,0.19357427954673767,-0.49916237592697144,0.018610479310154915,0.9986511468887329,-0.05300036445260048,-0.4046602249145508,0.1647273451089859,0.9999163746833801,0.1660887897014618,-0.43648573756217957,-0.007797824684530497,0.9995312094688416,-0.04029732570052147,-0.22049300372600555,0.22489097714424133,0.5047574043273926,0.27051109075546265,-0.22190722823143005,0.04296540841460228,0.5113767385482788,0.040332499891519547,-0.10710471123456955,0.37263965606689453,0.43421635031700134,0.23149122297763824,-0.28478020429611206,0.2561918795108795,0.3854171633720398,0.04069588705897331,-0.10221346467733383,0.4073117673397064,0.43274903297424316,0.2565000355243683,-0.3192979097366333,0.25700342655181885,0.3827235698699951,0.04929173365235329,-0.08439673483371735,0.403560996055603,0.43184638023376465,0.24238882958889008,-0.3560085892677307,0.26847007870674133,0.38018664717674255,0.05219403654336929,-0.08058668673038483,0.37591710686683655,0.41534754633903503,0.21284374594688416,-0.30844780802726746,0.26062092185020447,0.3612443804740906,-0.0537237711250782,0.010730624198913574,0.09088752418756485,0.9999620914459229,0.05704735592007637,-0.01838630996644497,-0.09106267988681793,0.999919593334198,-0.033980511128902435,0.3952678442001343,0.03891707584261894,0.8996013402938843,0.30069392919540405,0.07718891650438309,-0.04564293846487999,0.8114821314811707,0.016384998336434364,0.756479799747467,-0.03892063349485397,0.9436912536621094,0.07021570205688477,0.2756313681602478,0.05557109788060188,0.7590869665145874,-0.0022625201381742954,0.7924377918243408,-0.03102302923798561,0.887848436832428,0.038529302924871445,0.2844734787940979,0.042517632246017456,0.7126269936561584,0.025350987911224365,0.8152194023132324,0.011854077689349651,0.8738612532615662,0.05164311081171036,0.3603206276893616,0.15337896347045898,0.6942843794822693
28,0.9333333333333333,0.16610392928123474,-0.5350949764251709,-0.14930959045886993,0.9995450377464294,0.1590929478406906,-0.5556419491767883,-0.12983396649360657,0.9994385242462158,0.16107679903507233,-0.5558152198791504,-0.12001311779022217,0.9994837045669556,0.16102290153503418,-0.5557671189308167,-0.12175555527210236,0.9996556043624878,0.16631491482257843,-0.5609148740768433,-0.16459394991397858,0.9995388388633728,0.16884203255176544,-0.5586819648742676,-0.17597712576389313,0.9995374083518982,0.17328932881355286,-0.5460473299026489,-0.15558981895446777,0.9995546936988831,0.13364626467227936,-0.5557735562324524,-0.01347305066883564,0.9998345375061035,0.05768958479166031,-0.4921993315219879,-0.10512959212064743,0.9991635680198669,0.16518738865852356,-0.5301046371459961,-0.09030408412218094,0.9988130331039429,0.15624409914016724,-0.4901989698410034,-0.14290763437747955,0.9985453486442566,0.04620040953159332,-0.4210588037967682,0.1504656821489334,0.9998123049736023,0.13733939826488495,-0.43767285346984863,-0.03046334907412529,0.9991598129272461,0.054265815764665604,-0.2333804965019226,0.19335708022117615,0.45451560616493225,0.21550463140010834,-0.2241498827934265,-0.05508391559123993,0.4997868537902832,0.06634101271629333,-0.13034647703170776,0.21947796642780304,0.39114880561828613,0.22289881110191345,-0.2475459724664688,0.034112874418497086,0.35980576276779175,0.044689759612083435,-0.12168525904417038,0.23231013119220734,0.3903208374977112,0.24575839936733246,-0.27040988206863403,0.010156056843698025,0.35593947768211365,0.043548405170440674,-0.11010989546775818,0.2225557565689087,0.38948220014572144,0.24323397874832153,-0.30938029289245605,0.02167254313826561,0.353215754032135,0.06786514073610306,-0.10421130061149597,0.2156212031841278,0.37456607818603516,0.21172603964805603,-0.26634857058525085,0.03917853161692619,0.3337778151035309,-0.04348791763186455,0.011133546940982342,0.09315381199121475,0.999954104423523,0.048423122614622116,-0.018511831760406494,-0.09153784066438675,0.9998942017555237,-0.01919979229569435,0.4010908603668213,0.04252607747912407,0.8601961731910706,0.29320189356803894,0.06873316317796707,-0.09619992971420288,0.7967642545700073,0.014970180578529835,0.7726556658744812,0.020278507843613625,0.9383332133293152,0.05598442628979683,0.1365339308977127,0.10241716355085373,0.7119721174240112,-0.005919594317674637,0.8094417452812195,0.028928613290190697,0.8830645680427551,0.026997223496437073,0.1299828737974167,0.0952935740351677,0.6687203645706177,0.026091603562235832,0.8308488726615906,0.051408179104328156,0.8672714829444885,0.0490868054330349,0.19705936312675476,0.20409013330936432,0.6545007228851318
29,0.9666666666666667,0.16330987215042114,-0.5752999186515808,-0.15165016055107117,0.9995795488357544,0.140164315700531,-0.5959575772285461,-0.13413867354393005,0.9994809627532959,0.14123938977718353,-0.594953179359436,-0.12505994737148285,0.9995182752609253,0.14247606694698334,-0.5954028367996216,-0.1264251470565796,0.9996771216392517,0.13138031959533691,-0.601513147354126,-0.15833023190498352,0.9995769262313843,0.1341533213853836,-0.6001271605491638,-0.1703180968761444,0.9995768666267395,0.13816846907138824,-0.5894973278045654,-0.14999008178710938,0.9995937943458557,0.12994889914989471,-0.58504718542099,-0.02437812089920044,0.9998366236686707,0.017966240644454956,-0.5402655005455017,-0.08533311635255814,0.9992275834083557,0.14643052220344543,-0.5667595863342285,-0.10235399752855301,0.9989203810691833,0.1271468549966812,-0.5328138470649719,-0.14440485835075378,0.9986786246299744,0.16570889949798584,-0.43513602018356323,0.14749547839164734,0.9998279809951782,0.003459123196080327,-0.49396130442619324,0.0024787660222500563,0.999239981174469,0.27127113938331604,-0.27325502038002014,0.07217774540185928,0.4758268892765045,0.08850239217281342,-0.2669737637042999,-0.08384859561920166,0.514321506023407,0.25357502698898315,-0.21736063063144684,-0.06006873399019241,0.43587908148765564,0.15785634517669678,-0.2541530728340149,-0.19085931777954102,0.4145493507385254,0.2353437840938568,-0.22192634642124176,-0.07948804646730423,0.43806925415992737,0.18655268847942352,-0.27262625098228455,-0.25580260157585144,0.4121873676776886,0.20958292484283447,-0.26409250497817993,-0.0892782211303711,0.43801775574684143,0.20325498282909393,-0.318549245595932,-0.25474053621292114,0.40940436720848083,0.24211081862449646,-0.21594998240470886,-0.06805204600095749,0.4208953082561493,0.1562967598438263,-0.27424880862236023,-0.1980716437101364,0.38659539818763733,0.05127807706594467,0.006345916539430618,0.08259373158216476,0.9999552369117737,-0.04818136990070343,-0.01175385806709528,-0.08239234983921051,0.9999023675918579,0.08585885167121887,0.29007279872894287,-0.0067103272303938866,0.8545624017715454,-0.051023539155721664,0.2857111096382141,-0.14818604290485382,0.8127442002296448,0.010742289014160633,0.492058128118515,0.16350172460079193,0.882007896900177,-0.08041076362133026,0.6548587679862976,-0.050892267376184464,0.7329460382461548,-0.01684151589870453,0.5089734196662903,0.1965208202600479,0.8249680995941162,-0.08028750121593475,0.686935544013977,-0.07747677713632584,0.6653977036476135,-0.0037981239147484303,0.5714623332023621,0.22035138309001923,0.8246894478797913,-0.04756807163357735,0.7307930588722229,-0.1398555189371109,0.6747803688049316
30,1.0,0.16003479063510895,-0.586294412612915,-0.20155587792396545,0.9996095895767212,0.1293364018201828,-0.6073032021522522,-0.18426276743412018,0.9995192289352417,0.13045188784599304,-0.606540858745575,-0.1750514954328537,0.999550461769104,0.13141120970249176,-0.6067721247673035,-0.1762228161096573,0.9996986985206604,0.11432051658630371,-0.6138847470283508,-0.2052428424358368,0.9996106624603271,0.11635924130678177,-0.6118457317352295,-0.2169499695301056,0.9996112585067749,0.11917828023433685,-0.6010850071907043,-0.1961182951927185,0.999628484249115,0.13817282021045685,-0.5950141549110413,-0.06596284359693527,0.999834418296814,0.004822878632694483,-0.5557820796966553,-0.10685733705759048,0.9992724657058716,0.13751846551895142,-0.5756337642669678,-0.1497807502746582,0.998997688293457,0.11240717768669128,-0.5427785515785217,-0.18708957731723785,0.9987737536430359,0.18004828691482544,-0.446269154548645,0.1077447235584259,0.9998337626457214,-0.0017817163607105613,-0.500471293926239,-0.011287889443337917,0.9992963075637817,0.29334843158721924,-0.2931816577911377,0.0365091934800148,0.45297831296920776,0.09628909081220627,-0.2692432999610901,-0.055939577519893646,0.4967603385448456,0.21965420246124268,-0.26343679428100586,-0.0744786262512207,0.4209335744380951,0.18817509710788727,-0.26113057136535645,-0.06174544245004654,0.4073621928691864,0.19005849957466125,-0.27667561173439026,-0.09173095971345901,0.435091495513916,0.23417988419532776,-0.27587032318115234,-0.10429469496011734,0.40878060460090637,0.16047392785549164,-0.32191506028175354,-0.09358496218919754,0.43548688292503357,0.24357476830482483,-0.33679258823394775,-0.10482960194349289,0.40443798899650574,0.20486943423748016,-0.2692332863807678,-0.07919478416442871,0.41465991735458374,0.19284427165985107,-0.2861242890357971,-0.06724242120981216,0.37813472747802734,0.06718751788139343,0.002098017605021596,0.07598590105772018,0.9999556541442871,-0.06385321170091629,-0.005671611055731773,-0.07519682496786118,0.999909520149231,0.18165268003940582,0.2205408364534378,-0.054397325962781906,0.8323718309402466,-0.04937160387635231,0.31700098514556885,-0.1305413842201233,0.8202590346336365,0.00561763159930706,0.23575519025325775,0.10597670823335648,0.8084598183631897,-0.08226701617240906,0.7110137343406677,-0.014306772500276566,0.743874728679657,-0.03294150531291962,0.22931833565235138,0.13179130852222443,0.7608721852302551,-0.0827438235282898,0.7463034987449646,-0.03721829131245613,0.6514363288879395,-0.07245070487260818,0.27743884921073914,0.15854708850383759,0.7656269073486328,-0.042147234082221985,0.7938221096992493,-0.0728284940123558,0.6776689887046814
31,1.0333333333333332,0.14199712872505188,-0.5912485122680664,-0.19580885767936707,0.9996439814567566,0.13009154796600342,-0.6125359535217285,-0.17816805839538574,0.9995619654655457,0.13205374777317047,-0.6116560697555542,-0.16903938353061676,0.9995889067649841,0.131276935338974,-0.6118952631950378,-0.169982448220253,0.9997238516807556,0.11309600621461868,-0.6184343695640564,-0.2009958028793335,0.9996459484100342,0.11517342180013657,-0.616782009601593,-0.21332091093063354,0.9996469616889954,0.11820758134126663,-0.6059999465942383,-0.19260692596435547,0.9996628165245056,0.14903277158737183,-0.5990793704986572,-0.06334362179040909,0.9998443722724915,0.010929014533758163,-0.5578263401985168,-0.10670522600412369,0.9993308186531067,0.1415700614452362,-0.5798823237419128,-0.14389683306217194,0.9990891218185425,0.11054990440607071,-0.5469486713409424,-0.18411308526992798,0.9988851547241211,0.19960148632526398,-0.4551246464252472,0.10346014052629471,0.9998470544815063,0.0008379895589314401,-0.5037575364112854,-0.006916595622897148,0.9993582963943481,0.32707861065864563,-0.3145653009414673,0.03463168814778328,0.4743184447288513,0.09565935283899307,-0.2677113711833954,-0.10438743978738785,0.4950677454471588,0.31261205673217773,-0.27516162395477295,-0.10528064519166946,0.465833842754364,0.16767731308937073,-0.2632007300853729,-0.21513788402080536,0.4443615674972534,0.29742133617401123,-0.2856926918029785,-0.1302667260169983,0.48086342215538025,0.20784786343574524,-0.2767527401447296,-0.2800137996673584,0.4497646391391754,0.2684909403324127,-0.3233634829521179,-0.14209917187690735,0.48219630122184753,0.22484323382377625,-0.3426326513290405,-0.2808317542076111,0.44550538063049316,0.2994036078453064,-0.27451860904693604,-0.115472212433815,0.4608781039714813,0.17477813363075256,-0.2891100347042084,-0.22381454706192017,0.41270169615745544,0.0703103244304657,0.0011053303023800254,0.07224714756011963,0.9999564290046692,-0.06758066266775131,-0.004431362729519606,-0.07112397253513336,0.9999151229858398,0.1234874576330185,0.2736952006816864,-0.05150635913014412,0.8269534111022949,-0.04547584056854248,0.32154256105422974,-0.12167512625455856,0.8281487822532654,0.0012270553270354867,0.4382411539554596,0.16927139461040497,0.7497107982635498,-0.09537146985530853,0.7056322693824768,-0.01706663891673088,0.7556445598602295,-0.033935949206352234,0.4521001875400543,0.203765869140625,0.7082364559173584,-0.09640533477067947,0.7405456304550171,-0.04392734169960022,0.6369699835777283,-0.05564264580607414,0.5085747241973877,0.23085202276706696,0.7210564613342285,-0.06181056797504425,0.7843971848487854,-0.10236278176307678,0.6868498921394348
32,1.0666666666666667,0.10833339393138885,-0.5841777324676514,-0.16140834987163544,0.9996311068534851,0.11383659392595291,-0.6039535999298096,-0.1466452032327652,0.9995681643486023,0.11475879698991776,-0.604056179523468,-0.13683097064495087,0.9995800256729126,0.11440983414649963,-0.6043553352355957,-0.13937117159366608,0.9997218251228333,0.08271607011556625,-0.6098535060882568,-0.16528192162513733,0.999647319316864,0.08497314155101776,-0.6088088750839233,-0.17734520137310028,0.9996441006660461,0.08680486679077148,-0.599236249923706,-0.1572454571723938,0.9996658563613892,0.14589735865592957,-0.5885409116744995,-0.05556415766477585,0.9998243451118469,0.0005874978378415108,-0.5472132563591003,-0.05075717717409134,0.9992679357528687,0.13921013474464417,-0.5703874230384827,-0.11489564925432205,0.9991292953491211,0.08823203295469284,-0.5377590656280518,-0.15001161396503448,0.9988951086997986,0.21990501880645752,-0.4193899929523468,0.07945151627063751,0.9998533725738525,-0.04052560776472092,-0.5004037618637085,0.09205108880996704,0.9992668628692627,0.2799445390701294,-0.2460125982761383,-0.015043435618281364,0.5167286992073059,-0.06997831165790558,-0.2589218318462372,-0.08533906191587448,0.49078863859176636,0.23213033378124237,-0.21877674758434296,-0.10092375427484512,0.5083298683166504,0.06699436157941818,-0.23412126302719116,-0.1904478222131729,0.452622652053833,0.19219233095645905,-0.23047679662704468,-0.1152360811829567,0.519882082939148,0.13594606518745422,-0.24074594676494598,-0.2595743238925934,0.4558696746826172,0.13644549250602722,-0.26713037490844727,-0.10781016200780869,0.5207129716873169,0.1881432980298996,-0.304403156042099,-0.25395017862319946,0.4501346945762634,0.2781444191932678,-0.21720989048480988,-0.0968957468867302,0.4920341968536377,0.09466859698295593,-0.25488507747650146,-0.19753657281398773,0.4110132157802582,0.08743920177221298,0.015567014925181866,0.03195897117257118,0.9999577403068542,-0.08501102030277252,-0.019237378612160683,-0.028960857540369034,0.9999170303344727,0.10064280778169632,0.3951999545097351,-0.05650933086872101,0.838937520980835,-0.2961772680282593,0.09964673221111298,-0.21724127233028412,0.8406288623809814,-0.00957599375396967,0.7319741249084473,0.1394633948802948,0.7729222178459167,-0.08187885582447052,0.3030509650707245,-0.0061265695840120316,0.7468789219856262,-0.04165038466453552,0.765055239200592,0.16160686314105988,0.7186910510063171,-0.09260769933462143,0.3125690221786499,-0.03883812204003334,0.6247614026069641,-0.04957909882068634,0.8296051025390625,0.0726863294839859,0.745009183883667,-0.05422622337937355,0.3939304053783417,-0.052241429686546326,0.6859570145606995
33,1.1,0.08798163384199142,-0.5838521718978882,-0.1631237119436264,0.9996252655982971,0.10262841731309891,-0.6029141545295715,-0.14744596183300018,0.9995794892311096,0.10323507338762283,-0.603269636631012,-0.13689281046390533,0.9995774030685425,0.10288252681493759,-0.6035849452018738,-0.14045079052448273,0.9997215270996094,0.06922727823257446,-0.6094096302986145,-0.15896286070346832,0.9996566772460938,0.07146642357110977,-0.6084335446357727,-0.1714320331811905,0.9996505975723267,0.07325844466686249,-0.5990477204322815,-0.15198510885238647,0.9996782541275024,0.1519746035337448,-0.585010290145874,-0.05013783648610115,0.9997977614402771,0.0008017360232770443,-0.5456225872039795,-0.035681579262018204,0.9992446899414062,0.13428343832492828,-0.5690082907676697,-0.11590477079153061,0.9991554617881775,0.0763266533613205,-0.5370249152183533,-0.14325961470603943,0.998913586139679,0.22380207479000092,-0.40632566809654236,0.056731659919023514,0.99985271692276,-0.041536565870046616,-0.4969328045845032,0.11564783751964569,0.999245822429657,0.22899863123893738,-0.23716938495635986,-0.02117171324789524,0.5457769632339478,-0.11340685188770294,-0.2587750554084778,-0.05839977785944939,0.49294549226760864,0.12636752426624298,-0.22156153619289398,-0.06998137384653091,0.5359457731246948,0.0176705215126276,-0.23499706387519836,-0.17952120304107666,0.46505728363990784,0.059839095920324326,-0.23516452312469482,-0.0787748470902443,0.5446551442146301,0.08650841563940048,-0.24290020763874054,-0.2509349584579468,0.4650786519050598,0.03656120225787163,-0.267101913690567,-0.07007674127817154,0.5447031855583191,0.14267133176326752,-0.3033924698829651,-0.24260666966438293,0.45803454518318176,0.127393439412117,-0.21818625926971436,-0.06362266838550568,0.5058475136756897,0.04723254591226578,-0.2550651729106903,-0.18625712394714355,0.41310635209083557,0.0930597335100174,0.022643886506557465,0.017302436754107475,0.999958336353302,-0.09087749570608139,-0.026455268263816833,-0.013887298293411732,0.9999195337295532,0.09769584238529205,0.4212507903575897,-0.060040056705474854,0.84872967004776,-0.2995437681674957,0.08639778941869736,-0.23058576881885529,0.8515390157699585,-0.015668582171201706,0.7738882303237915,0.1345275491476059,0.793275773525238,-0.0735262930393219,0.2891526520252228,0.0008069748873822391,0.7363142967224121,-0.04783947020769119,0.80760258436203,0.15441295504570007,0.723956823348999,-0.08042461425065994,0.2983221411705017,-0.012761387042701244,0.6098511219024658,-0.0576799139380455,0.870778501033783,0.03132620453834534,0.7657723426818848,-0.04103643819689751,0.37935471534729004,-0.03465494513511658,0.683991551399231
34,1.1333333333333333,0.07635921239852905,-0.5834316611289978,-0.1760338395833969,0.9996084570884705,0.09312165528535843,-0.6019693613052368,-0.16062438488006592,0.9995813965797424,0.09363594651222229,-0.602528989315033,-0.14953936636447906,0.9995625615119934,0.0931941345334053,-0.6028234958648682,-0.15358920395374298,0.9997146725654602,0.06081809103488922,-0.6087862849235535,-0.16853615641593933,0.999657928943634,0.06307433545589447,-0.6078562140464783,-0.18136343359947205,0.9996473789215088,0.06484355032444,-0.5986193418502808,-0.1621716171503067,0.9996834397315979,0.15076008439064026,-0.5818182826042175,-0.055909547954797745,0.9997645616531372,-0.0019799424335360527,-0.5439594984054565,-0.037529315799474716,0.9991939663887024,0.12708820402622223,-0.5675910115242004,-0.12863484025001526,0.999167799949646,0.06873153895139694,-0.5357398390769958,-0.1520344465970993,0.9989087581634521,0.22118031978607178,-0.398703396320343,0.034384939819574356,0.9998497366905212,-0.04406742751598358,-0.49571409821510315,0.11162082850933075,0.9991980791091919,0.2122468501329422,-0.23223049938678741,-0.03396712616086006,0.5693273544311523,-0.12576837837696075,-0.2571847438812256,-0.04505077376961708,0.48822370171546936,0.0793643370270729,-0.2214154303073883,-0.07194158434867859,0.5544838309288025,-0.0007634938810952008,-0.23079274594783783,-0.19232070446014404,0.4637836217880249,0.0167702566832304,-0.23668380081653595,-0.07976529747247696,0.5600624680519104,0.06602415442466736,-0.23795562982559204,-0.2641897201538086,0.46127545833587646,0.0014704186469316483,-0.26593488454818726,-0.07073494046926498,0.5592328906059265,0.11861863732337952,-0.2975699007511139,-0.2553863227367401,0.45304566621780396,0.06999596208333969,-0.21721157431602478,-0.06493956595659256,0.5098323822021484,0.027614815160632133,-0.2502732276916504,-0.19932003319263458,0.4040513038635254,0.09353883564472198,0.02598644234240055,0.011294818483293056,0.9999585747718811,-0.09143722057342529,-0.029859207570552826,-0.007802179083228111,0.9999210834503174,0.08273957669734955,0.42741864919662476,-0.0655103474855423,0.8559837341308594,-0.302739679813385,0.08467134833335876,-0.22337985038757324,0.859071671962738,-0.022630024701356888,0.7816173434257507,0.11752632260322571,0.8110842704772949,-0.07264089584350586,0.2860177755355835,0.022549837827682495,0.7208336591720581,-0.05449199303984642,0.8153649568557739,0.14364206790924072,0.7248817682266235,-0.07904306054115295,0.29509079456329346,0.016684355214238167,0.5908130407333374,-0.06509434431791306,0.8786416053771973,0.01610957458615303,0.7833894491195679,-0.03882399573922157,0.37561270594596863,-0.023631054908037186,0.6762469410896301
35,1.1666666666666667,0.02980644628405571,-0.589024543762207,-0.19528095424175262,0.9996107816696167,0.05042886734008789,-0.6077179908752441,-0.18723903596401215,0.9996005296707153,0.05096001550555229,-0.6088285446166992,-0.17453695833683014,0.999575674533844,0.05061649903655052,-0.6089130640029907,-0.17800571024417877,0.9997254610061646,0.02461659535765648,-0.6165136694908142,-0.1877078264951706,0.9996718168258667,0.02611645497381687,-0.6154165863990784,-0.19995249807834625,0.9996582269668579,0.027982767671346664,-0.6064444184303284,-0.18069297075271606,0.999695897102356,0.1445852518081665,-0.5828148722648621,-0.0977146103978157,0.9997646808624268,-0.01157260313630104,-0.5447693467140198,-0.048089928925037384,0.9991499781608582,0.08056504279375076,-0.5707013010978699,-0.1536921262741089,0.999203085899353,0.03325218707323074,-0.5386307239532471,-0.1694634109735489,0.9989454746246338,0.2037765234708786,-0.4008270800113678,-0.04351469501852989,0.9998568892478943,-0.04875282570719719,-0.4942415952682495,0.13019832968711853,0.9991810321807861,0.07162937521934509,-0.244068443775177,-0.035522446036338806,0.6030468940734863,-0.1781759262084961,-0.28162533044815063,-0.02716974727809429,0.461559921503067,-0.08826357871294022,-0.2506248950958252,0.04212568700313568,0.584128737449646,-0.09775373339653015,-0.2362890988588333,-0.2268112748861313,0.4412742257118225,-0.14394323527812958,-0.27045634388923645,0.05416641756892204,0.5823692083358765,-0.043955788016319275,-0.24177463352680206,-0.30550023913383484,0.44150397181510925,-0.14691488444805145,-0.2904498279094696,0.06443481147289276,0.5803357362747192,0.012048092670738697,-0.3003222644329071,-0.29507389664649963,0.43351393938064575,-0.09277589619159698,-0.24267810583114624,0.0568714514374733,0.5217522382736206,-0.06828442215919495,-0.2507161796092987,-0.23732855916023254,0.38427695631980896,0.08976761251688004,0.026061004027724266,-0.007009940221905708,0.99995356798172,-0.08795862644910812,-0.029980994760990143,0.011176064610481262,0.999912440776825,0.06153610348701477,0.41909751296043396,-0.12441810965538025,0.865583062171936,-0.27928033471107483,0.053347960114479065,-0.20462986826896667,0.8571906089782715,-0.02777836285531521,0.7869551181793213,-0.0005181297892704606,0.8279548287391663,-0.0887506976723671,0.27287277579307556,0.022996168583631516,0.7061748504638672,-0.05915960296988487,0.8222287893295288,0.02073066495358944,0.7320191860198975,-0.07535001635551453,0.28497159481048584,0.016626134514808655,0.5725601315498352,-0.07768562436103821,0.8764229416847229,-0.07453834265470505,0.8010411858558655,-0.04684591293334961,0.36690473556518555,-0.02320229634642601,0.6721458435058594
36,1.2,-0.029358940199017525,-0.6009275317192078,-0.25533533096313477,0.9996469020843506,-0.0003123542119283229,-0.6180495619773865,-0.25740042328834534,0.999638557434082,0.0012789114844053984,-0.6196301579475403,-0.24307818710803986,0.9996157288551331,-0.0002817514759954065,-0.6192376613616943,-0.2444743663072586,0.9997513294219971,-0.020543275400996208,-0.6330866813659668,-0.2480238527059555,0.9997025728225708,-0.02126091718673706,-0.6315043568611145,-0.2603312134742737,0.9996896386146545,-0.018811026588082314,-0.6209447979927063,-0.23960770666599274,0.9997237920761108,0.1194029450416565,-0.5899200439453125,-0.1806056946516037,0.9997861981391907,-0.027248462662100792,-0.567300021648407,-0.09531310945749283,0.9992108941078186,0.02488274872303009,-0.581279456615448,-0.21832194924354553,0.9992675185203552,-0.017832627519965172,-0.5535507202148438,-0.22003309428691864,0.9990272521972656,0.09020373970270157,-0.42221304774284363,-0.1644771844148636,0.9998680353164673,-0.047602731734514236,-0.5209702849388123,0.14602871239185333,0.9992390275001526,-0.08810906857252121,-0.2834642827510834,-0.11793497949838638,0.6233689785003662,-0.14184914529323578,-0.3351190686225891,0.06440621614456177,0.41689661145210266,-0.17128321528434753,-0.2980784773826599,0.08934192359447479,0.57679682970047,-0.20667439699172974,-0.29781731963157654,-0.17687584459781647,0.4017743766307831,-0.2022591531276703,-0.3240705132484436,0.11343039572238922,0.5681349039077759,-0.19542306661605835,-0.3001488745212555,-0.23826931416988373,0.40602749586105347,-0.1877254694700241,-0.33104875683784485,0.11367490887641907,0.5663148164749146,-0.15597276389598846,-0.3346409201622009,-0.22805309295654297,0.3993763327598572,-0.1608249545097351,-0.28567638993263245,0.10145176947116852,0.5043981075286865,-0.1948460340499878,-0.30932968854904175,-0.179753839969635,0.354739785194397,0.057268720120191574,0.014382397755980492,-0.05203397572040558,0.999944269657135,-0.055305059999227524,-0.016823681071400642,0.056400444358587265,0.9999095797538757,-0.11012058705091476,0.32238397002220154,-0.11573758721351624,0.8676795363426208,-0.2367781549692154,0.24539953470230103,0.07654473185539246,0.8186631798744202,-0.10853003710508347,0.5725548267364502,0.033477988094091415,0.8283591270446777,-0.13185147941112518,0.5432825684547424,0.22367742657661438,0.7113528847694397,-0.1292615681886673,0.5958177447319031,0.06546507030725479,0.7287889719009399,-0.13234098255634308,0.5651918649673462,0.2001262754201889,0.583692729473114,-0.1796812117099762,0.6404136419296265,0.061095185577869415,0.8018759489059448,-0.16942763328552246,0.6054490208625793,0.18140284717082977,0.6790647506713867
37,1.2333333333333334,-0.09049992263317108,-0.6001890301704407,-0.26668673753738403,0.999681830406189,-0.06300679594278336,-0.6175640225410461,-0.28008952736854553,0.9996745586395264,-0.06369772553443909,-0.6193204522132874,-0.26464489102363586,0.9996539354324341,-0.0645165890455246,-0.6187317967414856,-0.2672233283519745,0.9997760653495789,-0.07405491173267365,-0.6311098337173462,-0.26500099897384644,0.9997321367263794,-0.07412178814411163,-0.6295381784439087,-0.27780407667160034,0.9997203946113586,-0.07151443511247635,-0.6188875436782837,-0.25589779019355774,0.9997511506080627,0.0609717033803463,-0.5891895890235901,-0.23471684753894806,0.9998074173927307,-0.040141209959983826,-0.5623202919960022,-0.12727634608745575,0.9992882013320923,-0.03375118970870972,-0.580488383769989,-0.24019545316696167,0.9993388056755066,-0.06185532361268997,-0.5519198775291443,-0.23398740589618683,0.9991211295127869,0.012258612550795078,-0.4208674728870392,-0.1973225623369217,0.9998791813850403,0.005021006800234318,-0.5117229223251343,0.13285647332668304,0.9992693662643433,-0.15920335054397583,-0.282048761844635,-0.10973150283098221,0.6138502359390259,-0.10564380139112473,-0.2723269760608673,0.06348367780447006,0.37589147686958313,-0.12860099971294403,-0.30711236596107483,0.14570343494415283,0.5683236718177795,-0.12338005006313324,-0.29659032821655273,-0.17125345766544342,0.3634380102157593,-0.14085406064987183,-0.3339894711971283,0.1712857037782669,0.561426043510437,-0.10402441769838333,-0.2959127426147461,-0.21878951787948608,0.369468092918396,-0.11782025545835495,-0.3317849934101105,0.16329039633274078,0.5603166222572327,-0.07291656732559204,-0.33370324969291687,-0.22061659395694733,0.36363279819488525,-0.10607042908668518,-0.2935243546962738,0.15122771263122559,0.4969022870063782,-0.11368968337774277,-0.3078758120536804,-0.162232905626297,0.32326772809028625,0.024935418739914894,0.014557035639882088,-0.06416460871696472,0.9999377131462097,-0.02369726449251175,-0.01690106838941574,0.06883101910352707,0.9998917579650879,-0.05402402579784393,0.41792720556259155,-0.13532857596874237,0.878972053527832,-0.1977047473192215,0.17991763353347778,0.22298796474933624,0.7495105862617493,-0.0694490373134613,0.7844521999359131,-0.11633727699518204,0.8450369238853455,-0.1694207489490509,0.3566097319126129,0.5074820518493652,0.6775136590003967,-0.09531814604997635,0.8218679428100586,-0.1057845875620842,0.7527912855148315,-0.17146529257297516,0.36894264817237854,0.4932926595211029,0.5735787749290466,-0.14160743355751038,0.8701428174972534,-0.15213628113269806,0.8207799792289734,-0.21485567092895508,0.3958083391189575,0.5354901552200317,0.6573883295059204
38,1.2666666666666666,-0.07749658077955246,-0.6181501150131226,-0.060767509043216705,0.9991652965545654,-0.06874070316553116,-0.6295543909072876,-0.09368289262056351,0.9993318319320679,-0.06995555758476257,-0.632143497467041,-0.08159199357032776,0.9992619752883911,-0.06964772194623947,-0.6318767666816711,-0.08264118432998657,0.9995198249816895,-0.05182501673698425,-0.6422969102859497,-0.08546315878629684,0.9993698596954346,-0.051090143620967865,-0.6402945518493652,-0.09582825750112534,0.9992730617523193,-0.04755979776382446,-0.6264387369155884,-0.07610694319009781,0.9994331002235413,-0.012464811094105244,-0.5894328951835632,-0.1814861297607422,0.999631404876709,-0.014243141748011112,-0.5593384504318237,-0.07467590272426605,0.9986507892608643,-0.0415470153093338,-0.5900803208351135,-0.07098900526762009,0.9984011650085449,-0.04104502871632576,-0.5579506158828735,-0.06713585555553436,0.9978649616241455,-0.06130616366863251,-0.4208451807498932,-0.13166473805904388,0.999863862991333,0.0877697616815567,-0.49819937348365784,0.1307871788740158,0.9991312026977539,-0.21267499029636383,-0.2973465621471405,-0.07689838856458664,0.5575516223907471,-0.05044718459248543,-0.2948659062385559,0.20745177567005157,0.33836546540260315,-0.18602311611175537,-0.36269956827163696,0.25734201073646545,0.5124468207359314,-0.15000960230827332,-0.3851087689399719,0.316646009683609,0.3272508680820465,-0.18883571028709412,-0.41050735116004944,0.29445505142211914,0.5067787766456604,-0.14123794436454773,-0.42924004793167114,0.3136770725250244,0.3328496515750885,-0.16937413811683655,-0.4115220308303833,0.29278793931007385,0.5057946443557739,-0.1283617466688156,-0.4599183201789856,0.3086244761943817,0.32759615778923035,-0.16700224578380585,-0.3542743921279907,0.26306235790252686,0.448635995388031,-0.15848228335380554,-0.4097139239311218,0.30660703778266907,0.29134827852249146,-0.012547153979539871,0.01439494639635086,-0.050994060933589935,0.9999176263809204,0.013887113891541958,-0.016982434317469597,0.05426951125264168,0.9998599290847778,-0.04658330976963043,0.41386982798576355,-0.1154627799987793,0.8481810092926025,-0.13860076665878296,0.15151338279247284,0.19122575223445892,0.6773901581764221,-0.03642598167061806,0.7716777920722961,-0.07311408966779709,0.8352090120315552,-0.1983567476272583,0.3762463629245758,0.3913104832172394,0.6220546364784241,-0.05560329183936119,0.8096602559089661,-0.0633370503783226,0.7285054922103882,-0.21557213366031647,0.39442500472068787,0.3745219111442566,0.532263457775116,-0.1332453489303589,0.8636723160743713,-0.08433855324983597,0.7940331101417542,-0.2587718367576599,0.41673749685287476,0.41825729608535767,0.6001286506652832
39,1.3,-0.04173942655324936,-0.6172307729721069,0.07637415081262589,0.9987670183181763,-0.03749195113778114,-0.6275496482849121,0.03800438717007637,0.9989141225814819,-0.03673287481069565,-0.6299620270729065,0.047987766563892365,0.9988859295845032,-0.038640446960926056,-0.6297681927680969,0.04780317470431328,0.9993080496788025,0.014479284174740314,-0.6396681666374207,0.02795107290148735,0.9989160299301147,0.015569531358778477,-0.637732744216919,0.016922062262892723,0.9987996220588684,0.0216143149882555,-0.624387800693512,0.03633621707558632,0.9990484118461609,-0.025326412171125412,-0.5810493230819702,-0.09070475399494171,0.9995374083518982,0.07867066562175751,-0.5315733551979065,-0.05047339200973511,0.9976297616958618,-0.008497185073792934,-0.588737428188324,0.058641161769628525,0.9973848462104797,0.01976816914975643,-0.5564194917678833,0.038888029754161835,0.9963636994361877,-0.10990367084741592,-0.42037004232406616,-0.09608624130487442,0.9998663067817688,0.1434074193239212,-0.4725284278392792,0.12600888311862946,0.9987214803695679,-0.2385224550962448,-0.29802218079566956,0.00998583436012268,0.5225927829742432,0.04729796573519707,-0.2794130742549896,0.19443577527999878,0.3046249747276306,-0.21671801805496216,-0.34831470251083374,0.303901731967926,0.46351251006126404,-0.12081587314605713,-0.3474701941013336,0.33823341131210327,0.29455238580703735,-0.22604979574680328,-0.3842160701751709,0.3410249352455139,0.45873475074768066,-0.1360979676246643,-0.38224270939826965,0.3414562940597534,0.29962047934532166,-0.21267098188400269,-0.38725316524505615,0.34139499068260193,0.45774349570274353,-0.06336444616317749,-0.4196377396583557,0.342773973941803,0.2948932647705078,-0.20032916963100433,-0.33824124932289124,0.31003427505493164,0.4059195816516876,-0.11253216117620468,-0.37143561244010925,0.33499616384506226,0.2622832953929901,-0.0575152225792408,0.014392361976206303,-0.02601003088057041,0.9999142289161682,0.05898773670196533,-0.0171714685857296,0.02571139857172966,0.9998083114624023,-0.0463453084230423,0.416326642036438,-0.015862885862588882,0.8516542315483093,0.19643595814704895,-0.0021462952718138695,0.12653766572475433,0.6144232749938965,0.003901056479662657,0.7830092310905457,-0.0461980476975441,0.8426688313484192,0.0720682144165039,0.07737436890602112,0.35586872696876526,0.5624198913574219,-0.007268945686519146,0.82225102186203,-0.032906319946050644,0.7423135042190552,0.050616294145584106,0.0750783383846283,0.34554287791252136,0.4867604374885559,0.0035710951779037714,0.8420177102088928,-0.06168695166707039,0.7757898569107056,0.10068325698375702,0.04953043535351753,0.4434106945991516,0.5413200855255127
40,1.3333333333333333,-0.03267911449074745,-0.6162352561950684,0.08874466270208359,0.9987834095954895,-0.018999267369508743,-0.6280615925788879,0.05475896969437599,0.9988604187965393,-0.018344001844525337,-0.6302493810653687,0.06405553966760635,0.9988600015640259,-0.019323548302054405,-0.6302862167358398,0.0636410191655159,0.999286413192749,0.028235210105776787,-0.6387639045715332,0.03507431223988533,0.9989004135131836,0.03084651753306389,-0.6368791460990906,0.02444588579237461,0.9988061785697937,0.036723289638757706,-0.6240130066871643,0.04502520337700844,0.9990218877792358,-0.056176092475652695,-0.5816558599472046,-0.04752578213810921,0.99955815076828,0.07252825796604156,-0.5280479788780212,-0.050005435943603516,0.9976882934570312,0.0011613384122028947,-0.5885820388793945,0.07880470156669617,0.9974266886711121,0.028851181268692017,-0.55528324842453,0.046249642968177795,0.996443510055542,-0.1563889980316162,-0.42252835631370544,-0.02685156650841236,0.9998739361763,0.13293597102165222,-0.47074517607688904,0.09464280307292938,0.9987196326255798,-0.26655781269073486,-0.30725517868995667,0.08390329033136368,0.5143610835075378,0.05695132166147232,-0.266522079706192,0.1542249172925949,0.2758743464946747,-0.22926846146583557,-0.35061225295066833,0.36385270953178406,0.42697620391845703,-0.10566737502813339,-0.33132660388946533,0.284549355506897,0.26540055871009827,-0.23782776296138763,-0.3780811131000519,0.40380096435546875,0.4224961996078491,-0.1255006641149521,-0.3610056936740875,0.2868679463863373,0.27018457651138306,-0.22344066202640533,-0.38242608308792114,0.401414155960083,0.421210378408432,-0.03952649608254433,-0.3999476730823517,0.29042643308639526,0.2659342885017395,-0.21236948668956757,-0.3391326367855072,0.36788424849510193,0.37336334586143494,-0.08940195292234421,-0.35408902168273926,0.283224493265152,0.23660700023174286,-0.06970089673995972,0.015828531235456467,0.016249429434537888,0.9999152421951294,0.07161154597997665,-0.020184509456157684,-0.016825128346681595,0.9998006820678711,-0.045283034443855286,0.4244301915168762,0.016566472128033638,0.8581453561782837,0.29547181725502014,-0.008451703004539013,0.054865896701812744,0.6251888871192932,0.03133433684706688,0.8023984432220459,-0.03692774474620819,0.8544045686721802,0.061704400926828384,0.21053683757781982,0.12726008892059326,0.5685691833496094,0.018642812967300415,0.841025173664093,-0.02492460049688816,0.7622550129890442,0.029175449162721634,0.22086457908153534,0.10729354619979858,0.49439898133277893,0.034729428589344025,0.8461544513702393,0.001774555305019021,0.7830914258956909,0.04699590802192688,0.24766109883785248,0.22218358516693115,0.5287659168243408
41,1.3666666666666667,0.0015265776310116053,-0.6056525111198425,0.2630106508731842,0.9988260865211487,-0.01223265565931797,-0.6136495471000671,0.24199625849723816,0.9988576173782349,-0.012240185402333736,-0.6161689162254333,0.24980062246322632,0.9988678693771362,-0.01538762729614973,-0.6161802411079407,0.24757744371891022,0.9992778897285461,0.047985684126615524,-0.6239022612571716,0.21726006269454956,0.9989389181137085,0.05065714940428734,-0.6226286292076111,0.20826329290866852,0.9988673329353333,0.05752817168831825,-0.6105681657791138,0.2264784425497055,0.9990598559379578,-0.06268013268709183,-0.5606637001037598,0.150689959526062,0.9995750784873962,0.0763821229338646,-0.50250643491745,0.12302855402231216,0.9978282451629639,0.009418614208698273,-0.575667142868042,0.2524319291114807,0.9974765777587891,0.04390763118863106,-0.5391812920570374,0.21424290537834167,0.9965745806694031,-0.1595710664987564,-0.40769869089126587,0.1726820170879364,0.9998822808265686,0.1507255882024765,-0.4553969204425812,0.13689395785331726,0.9988297820091248,-0.20291423797607422,-0.2610105574131012,0.2349444180727005,0.48169177770614624,0.21969297528266907,-0.23463322222232819,0.18995730578899384,0.30743297934532166,-0.17071743309497833,-0.2112254649400711,0.4487083852291107,0.386385977268219,0.09292220324277878,-0.2892625033855438,0.35274940729141235,0.24089990556240082,-0.12350636720657349,-0.23057372868061066,0.4891907274723053,0.3825841248035431,0.1111992597579956,-0.346520334482193,0.36200857162475586,0.24509577453136444,-0.0988040640950203,-0.22254988551139832,0.4907117187976837,0.381242036819458,0.09538374096155167,-0.37949568033218384,0.36850830912590027,0.24119199812412262,-0.12696623802185059,-0.19268403947353363,0.45353633165359497,0.3379981219768524,0.07052087783813477,-0.3153109848499298,0.35626956820487976,0.21456189453601837,-0.07804195582866669,0.01691661775112152,0.051262568682432175,0.9999223947525024,0.08054624497890472,-0.02189268358051777,-0.05208565294742584,0.9998179078102112,-0.021908242255449295,0.42864570021629333,0.07078813761472702,0.8700103759765625,0.30947744846343994,0.09859964996576309,-0.021070627495646477,0.659569501876831,0.06093314290046692,0.7832314372062683,-0.011764897033572197,0.8679254055023193,0.07570881396532059,0.3602304458618164,0.01063521672040224,0.6021983027458191,0.046885717660188675,0.8219267129898071,-0.01043066568672657,0.7854617238044739,0.04450422525405884,0.3830074965953827,-0.015307264402508736,0.5349183678627014,0.0933011993765831,0.8356834650039673,0.06444799900054932,0.8005059361457825,0.08883203566074371,0.43909981846809387,0.06782017648220062,0.5517744421958923
42,1.4,0.15968799591064453,-0.6053941249847412,0.10521567612886429,0.9989409446716309,0.12800604104995728,-0.6145740151405334,0.08978287130594254,0.9989685416221619,0.12964142858982086,-0.6174710988998413,0.09961395710706711,0.9989778995513916,0.12961408495903015,-0.6171153783798218,0.09773555397987366,0.999346911907196,0.1616966426372528,-0.6244786977767944,0.0819542333483696,0.9990435242652893,0.1634601652622223,-0.6227869987487793,0.07088467478752136,0.9989795684814453,0.16893067955970764,-0.610680878162384,0.08983567357063293,0.9991525411605835,0.00761505076661706,-0.563961923122406,0.06725481897592545,0.9996159672737122,0.09339285641908646,-0.5068733096122742,0.01677132584154606,0.9980428814888,0.13685305416584015,-0.5756956934928894,0.11191221326589584,0.9977100491523743,0.15341955423355103,-0.538707435131073,0.09188829362392426,0.9969025254249573,-0.11654217541217804,-0.4072318971157074,0.168980211019516,0.9998681545257568,0.1507432460784912,-0.45664793252944946,0.000899725710041821,0.9989280700683594,-0.025078170001506805,-0.27658405900001526,0.27630773186683655,0.4485045373439789,0.29326769709587097,-0.26435571908950806,0.030840417370200157,0.37603822350502014,0.08371701091527939,-0.3258069157600403,0.5104822516441345,0.348407506942749,0.17362727224826813,-0.3128778338432312,0.24625732004642487,0.22254042327404022,0.10602518916130066,-0.36651793122291565,0.5506304502487183,0.34532392024993896,0.19196166098117828,-0.3519999384880066,0.24266256392002106,0.22466574609279633,0.10744506865739822,-0.36689329147338867,0.5522342324256897,0.34417039155960083,0.18035244941711426,-0.38212060928344727,0.24626336991786957,0.22077883780002594,0.10238675028085709,-0.31555452942848206,0.5138950347900391,0.3055473566055298,0.15544961392879486,-0.332491397857666,0.2467181384563446,0.1966848224401474,-0.06183580681681633,0.01831846870481968,0.08715975284576416,0.9999288320541382,0.06453822553157806,-0.023209799081087112,-0.08871444314718246,0.999833881855011,0.06701286137104034,0.42384570837020874,0.048108093440532684,0.8825969099998474,0.3348739743232727,0.1295941025018692,-0.045492108911275864,0.693325400352478,0.0772470012307167,0.7767894268035889,-0.021523986011743546,0.8809331059455872,0.2697584927082062,0.47331076860427856,0.048255641013383865,0.6412825584411621,0.06018100306391716,0.8116402626037598,-0.020457623526453972,0.8067448139190674,0.26696309447288513,0.5084279179573059,0.026632018387317657,0.5801267027854919,0.13094733655452728,0.8117970824241638,0.05918792635202408,0.8196911215782166,0.38899752497673035,0.5275446176528931,0.08671002835035324,0.592578113079071
43,1.4333333333333333,0.14526565372943878,-0.6053019165992737,0.03243972361087799,0.9990462064743042,0.12138619273900986,-0.619515061378479,0.0428323894739151,0.9990712404251099,0.12319531291723251,-0.622038722038269,0.05559361353516579,0.9990795850753784,0.12335324287414551,-0.6218583583831787,0.054185908287763596,0.9994117021560669,0.13964863121509552,-0.6268154978752136,-0.01150489691644907,0.9991389513015747,0.14106236398220062,-0.6242141723632812,-0.02469211257994175,0.9990814328193665,0.14484794437885284,-0.6121813058853149,-0.0018732326570898294,0.999237060546875,0.024960897862911224,-0.5920973420143127,0.034209318459033966,0.9996540546417236,0.07427356392145157,-0.5155254006385803,-0.059028543531894684,0.9982379674911499,0.13125737011432648,-0.5782775282859802,0.08444485813379288,0.9979350566864014,0.1325921267271042,-0.5387656688690186,0.004203079733997583,0.9972079992294312,-0.0979565754532814,-0.41964802145957947,0.17484302818775177,0.9998577237129211,0.13219481706619263,-0.45987844467163086,-0.02337588369846344,0.9990116953849792,0.08079984039068222,-0.32204362750053406,0.2821718156337738,0.4145757257938385,0.2866213321685791,-0.28413209319114685,-0.01566428318619728,0.4326813817024231,0.16756321489810944,-0.3792613744735718,0.4760860502719879,0.3163810670375824,0.19945171475410461,-0.32687509059906006,0.23658767342567444,0.23766617476940155,0.17921984195709229,-0.4164261519908905,0.5103536248207092,0.315125435590744,0.21409495174884796,-0.3569801151752472,0.23057745397090912,0.23967154324054718,0.16571153700351715,-0.41444632411003113,0.5122243762016296,0.3143853545188904,0.2027927190065384,-0.37923264503479004,0.23024219274520874,0.2334420084953308,0.17547409236431122,-0.3674483001232147,0.47900643944740295,0.280725359916687,0.18138647079467773,-0.339821457862854,0.2356196492910385,0.20828461647033691,-0.055121175944805145,0.018323678523302078,0.09706079214811325,0.9999355673789978,0.05758693814277649,-0.023240409791469574,-0.09747091680765152,0.9998500347137451,0.08110202848911285,0.4206104576587677,0.09888838231563568,0.8940553069114685,0.2961684465408325,0.1529262214899063,-0.04130087420344353,0.7239561080932617,0.06442916393280029,0.7579615712165833,0.12469417601823807,0.8927085995674133,0.47438839077949524,0.4695914685726166,0.04686752334237099,0.6771089434623718,0.05032699555158615,0.7929588556289673,0.1365901529788971,0.8259078860282898,0.49887239933013916,0.49761122465133667,0.022857606410980225,0.6220085024833679,0.09090899676084518,0.787868320941925,0.17305020987987518,0.8372831344604492,0.6306195259094238,0.48336049914360046,0.04366406798362732,0.633023738861084
44,1.4666666666666666,0.13647300004959106,-0.5936287045478821,-0.17035682499408722,0.9991415143013,0.12824544310569763,-0.615369439125061,-0.1536988914012909,0.9991641044616699,0.13039398193359375,-0.616441011428833,-0.14122368395328522,0.9991716146469116,0.13022908568382263,-0.6164472699165344,-0.14432471990585327,0.9994705319404602,0.12462617456912994,-0.6222512125968933,-0.1862228810787201,0.9992250204086304,0.12607285380363464,-0.618993878364563,-0.19911149144172668,0.9991732835769653,0.12898734211921692,-0.6083129048347473,-0.17640691995620728,0.9993133544921875,0.10112380236387253,-0.5923688411712646,-0.02539011277258396,0.9996886253356934,0.04186687991023064,-0.5166917443275452,-0.11956082284450531,0.9984140396118164,0.14280757308006287,-0.5759648084640503,-0.11203034222126007,0.9981409311294556,0.12042219936847687,-0.534144937992096,-0.16365249454975128,0.9974864721298218,0.030842861160635948,-0.4310656189918518,0.16663329303264618,0.9998544454574585,0.12353148311376572,-0.46141740679740906,-0.06668327003717422,0.999082088470459,0.19186313450336456,-0.3430842161178589,0.3033398389816284,0.38536202907562256,0.26956701278686523,-0.2896263897418976,-0.186276376247406,0.4772063195705414,0.34755614399909973,-0.2916244864463806,0.4405720829963684,0.3122667074203491,0.3863084316253662,-0.24489058554172516,-0.2198556810617447,0.2835937440395355,0.3603418171405792,-0.29797300696372986,0.4754467308521271,0.3175652027130127,0.43423980474472046,-0.2441624104976654,-0.27461156249046326,0.28050437569618225,0.36656850576400757,-0.2857667803764343,0.4604291617870331,0.3174653649330139,0.4625895023345947,-0.26982951164245605,-0.2569769620895386,0.2712520658969879,0.366161048412323,-0.2644456923007965,0.4385494589805603,0.287289023399353,0.39660876989364624,-0.24924303591251373,-0.21913278102874756,0.23711347579956055,-0.05380203574895859,0.014328318648040295,0.10700173676013947,0.9999417066574097,0.05670212209224701,-0.019158579409122467,-0.1050989031791687,0.9998645782470703,0.12556813657283783,0.37347421050071716,0.09181956946849823,0.9032900929450989,0.30700549483299255,0.16791196167469025,-0.12138492614030838,0.7514288425445557,0.08364643156528473,0.6961067914962769,0.1661427915096283,0.9028934240341187,0.5931418538093567,0.4386409819126129,-0.07161840796470642,0.7093080878257751,0.059595633298158646,0.7322466373443604,0.1848883032798767,0.8427536487579346,0.6322711706161499,0.4679655432701111,-0.10393862426280975,0.6596188545227051,0.14687368273735046,0.7604449391365051,0.1903936266899109,0.8525031208992004,0.7583327293395996,0.38065603375434875,-0.1328009068965912,0.6694768667221069
45,1.5,0.1175123080611229,-0.593546450138092,-0.2443011850118637,0.9992273449897766,0.11279294639825821,-0.6158520579338074,-0.22698190808296204,0.999247670173645,0.11501624435186386,-0.6165729761123657,-0.2154994159936905,0.9992544054985046,0.11436475068330765,-0.6165502667427063,-0.21838515996932983,0.9995234608650208,0.11585499346256256,-0.6225411891937256,-0.2521727979183197,0.9993025064468384,0.11916139721870422,-0.6192271113395691,-0.2639006972312927,0.9992559552192688,0.1226118877530098,-0.6083916425704956,-0.24169465899467468,0.9993820190429688,0.11751577258110046,-0.6028640866279602,-0.08183080703020096,0.9997197389602661,-0.0022757232654839754,-0.536152720451355,-0.15202419459819794,0.9985725283622742,0.13218244910240173,-0.5770300030708313,-0.1847251057624817,0.9983263611793518,0.1134113222360611,-0.5370362997055054,-0.2260676473379135,0.9977372288703918,0.10766702890396118,-0.45077767968177795,0.15347209572792053,0.9998490214347839,0.11078383028507233,-0.4815481901168823,-0.09478745609521866,0.9991506338119507,0.28243911266326904,-0.33954253792762756,0.2583713233470917,0.40297186374664307,0.2931518256664276,-0.3031604290008545,-0.1320423036813736,0.528488039970398,0.4823856055736542,-0.21620197594165802,0.35134002566337585,0.3710189759731293,0.45835477113723755,-0.23485438525676727,-0.10260489583015442,0.3546149432659149,0.514491081237793,-0.22353695333003998,0.37704774737358093,0.37698784470558167,0.5167034268379211,-0.23477675020694733,-0.15050005912780762,0.35146665573120117,0.5217218995094299,-0.2075805366039276,0.336742103099823,0.3774441182613373,0.5477645397186279,-0.2680196464061737,-0.1391659677028656,0.34305310249328613,0.5023732781410217,-0.18678538501262665,0.33459019660949707,0.34943509101867676,0.47387978434562683,-0.24226781725883484,-0.10314901173114777,0.31150370836257935,-0.020390085875988007,0.014377878047525883,0.11364462226629257,0.9999459981918335,0.023430978879332542,-0.019225724041461945,-0.11222375929355621,0.9998757839202881,0.157741516828537,0.37586355209350586,0.13340628147125244,0.911526083946228,0.2628977596759796,0.1639648824930191,-0.11187366396188736,0.7761938571929932,0.06981559097766876,0.6967993974685669,0.2513659596443176,0.9119001030921936,0.5411696434020996,0.4131740629673004,0.003840140998363495,0.7382277250289917,0.052078451961278915,0.7358343005180359,0.2733619511127472,0.8577812314033508,0.5792577266693115,0.43492645025253296,-0.020882729440927505,0.693464457988739,0.11779129505157471,0.7656007409095764,0.28356093168258667,0.8662562966346741,0.6947919130325317,0.32346630096435547,-0.023603254929184914,0.7022369503974915
46,1.5333333333333332,0.10982472449541092,-0.5946198105812073,-0.23954536020755768,0.9993044137954712,0.1037597730755806,-0.6177183985710144,-0.22420956194400787,0.9993225932121277,0.10583546757698059,-0.617511510848999,-0.2140306979417801,0.9993286728858948,0.10516691952943802,-0.6179868578910828,-0.21648617088794708,0.9995707869529724,0.11046120524406433,-0.6230259537696838,-0.24914328753948212,0.9993720650672913,0.11198730766773224,-0.6198548078536987,-0.2592228949069977,0.9993302226066589,0.11499103158712387,-0.6090703010559082,-0.2372191697359085,0.9994435906410217,0.1105591207742691,-0.6043820381164551,-0.08737947046756744,0.9997473359107971,-0.019575584679841995,-0.5369009971618652,-0.1547139286994934,0.9987146258354187,0.13160213828086853,-0.5800814628601074,-0.18284496665000916,0.9984914660453796,0.10573446750640869,-0.5403936505317688,-0.22535407543182373,0.9979611039161682,0.13499923050403595,-0.4504706561565399,0.13454705476760864,0.9998567700386047,0.10213814675807953,-0.4832817018032074,-0.0876581221818924,0.9992223978042603,0.32343611121177673,-0.338657408952713,0.22763670980930328,0.447008341550827,0.3011947274208069,-0.31425741314888,-0.14023901522159576,0.5751520395278931,0.5243967771530151,-0.18658281862735748,0.293121337890625,0.4310382008552551,0.5078044533729553,-0.23533384501934052,-0.16230043768882751,0.41904354095458984,0.5588120818138123,-0.21004003286361694,0.3267980217933655,0.43645787239074707,0.5710105895996094,-0.24993431568145752,-0.22824573516845703,0.41617515683174133,0.5606287121772766,-0.19512151181697845,0.2862781882286072,0.4371037185192108,0.6037868857383728,-0.2867003381252289,-0.20684000849723816,0.40859660506248474,0.5432976484298706,-0.1596660017967224,0.2799103260040283,0.411697119474411,0.5285637378692627,-0.24773696064949036,-0.16085465252399445,0.38004621863365173,0.005532452370971441,0.01484709419310093,0.10985618084669113,0.9999477863311768,-0.0022415632847696543,-0.01972328871488571,-0.10779236257076263,0.9998835921287537,0.15775813162326813,0.38647180795669556,0.09951813519001007,0.9192567467689514,0.2360965609550476,0.11529522389173508,-0.27721136808395386,0.7985469698905945,0.06236537918448448,0.728480875492096,0.19317196309566498,0.9205679893493652,0.3910500109195709,0.3456450402736664,-0.14193756878376007,0.7643116116523743,0.04530969634652138,0.7651310563087463,0.21379773318767548,0.8718435168266296,0.41534343361854553,0.36446309089660645,-0.1601020097732544,0.7240164279937744,0.11485114693641663,0.77496737241745,0.21715180575847626,0.8794326186180115,0.513339638710022,0.2970602214336395,-0.16938148438930511,0.7318876385688782
47,1.5666666666666667,0.08513236790895462,-0.5943038463592529,-0.3058222830295563,0.9993735551834106,0.08277779072523117,-0.6174792051315308,-0.2927856147289276,0.9993898868560791,0.08423958718776703,-0.6173015832901001,-0.28201383352279663,0.999394953250885,0.08253723382949829,-0.6176143884658813,-0.2850410044193268,0.9996132254600525,0.06303144991397858,-0.6218124032020569,-0.31112831830978394,0.9994345903396606,0.06355282664299011,-0.6190183162689209,-0.3214239180088043,0.9993968605995178,0.06619178503751755,-0.6077216863632202,-0.30026909708976746,0.9994989037513733,0.10299400240182877,-0.6122534871101379,-0.1530303657054901,0.9997718334197998,-0.05237322300672531,-0.5385869741439819,-0.19723708927631378,0.9988419413566589,0.12831935286521912,-0.5813961625099182,-0.2469821274280548,0.9986388683319092,0.07448617368936539,-0.5407911539077759,-0.28318607807159424,0.9981601238250732,0.15669992566108704,-0.4686501920223236,0.1032484769821167,0.9998587369918823,0.036925338208675385,-0.48644429445266724,-0.12549567222595215,0.9992341995239258,0.3245306611061096,-0.36110493540763855,0.22251296043395996,0.43459171056747437,0.27411606907844543,-0.3109428882598877,-0.19618603587150574,0.615155041217804,0.5117399096488953,-0.20186103880405426,0.2948068678379059,0.4736836552619934,0.4064880907535553,-0.24244970083236694,-0.22121015191078186,0.4753279387950897,0.5366953015327454,-0.23889438807964325,0.3284585177898407,0.4809351861476898,0.4676557183265686,-0.2573740780353546,-0.28176435828208923,0.47165876626968384,0.5366033315658569,-0.22881633043289185,0.2993452548980713,0.48296695947647095,0.5151548385620117,-0.2942863702774048,-0.2675629258155823,0.4647071361541748,0.5234169960021973,-0.19210152328014374,0.2877037525177002,0.4591347277164459,0.4286203980445862,-0.25734731554985046,-0.2203073501586914,0.43575844168663025,0.03561636433005333,0.015730157494544983,0.10038252919912338,0.9999477863311768,-0.03296437859535217,-0.02033783309161663,-0.0982678234577179,0.9998766779899597,0.14663627743721008,0.386313259601593,0.06299469619989395,0.9244743585586548,-0.04358099028468132,0.11565640568733215,-0.19282037019729614,0.8147755861282349,0.05407159775495529,0.741387128829956,0.13370256125926971,0.9279319643974304,-0.0673968717455864,0.07784592360258102,0.04235052689909935,0.734697699546814,0.030336899682879448,0.7784590721130371,0.1477741003036499,0.8834177255630493,-0.06514120101928711,0.0632278248667717,0.0425441637635231,0.6995647549629211,0.10263574868440628,0.7886609435081482,0.11775712668895721,0.8903100490570068,-0.05120518431067467,0.032788731157779694,0.10856814682483673,0.7127629518508911
48,1.6,0.06980504840612411,-0.5859426856040955,-0.31301817297935486,0.9994359016418457,0.06837356090545654,-0.6102749705314636,-0.29865947365760803,0.9994505047798157,0.0702444314956665,-0.6102135181427002,-0.28869011998176575,0.9994547963142395,0.06791897118091583,-0.6099959015846252,-0.2910364270210266,0.9996514320373535,0.043284669518470764,-0.6112191081047058,-0.31702765822410583,0.9994909167289734,0.04349752143025398,-0.609300434589386,-0.32714468240737915,0.9994569420814514,0.04671201854944229,-0.5965268015861511,-0.30600082874298096,0.9995487332344055,0.09852239489555359,-0.6135335564613342,-0.15761713683605194,0.9997939467430115,-0.06779129058122635,-0.5370980501174927,-0.20040473341941833,0.9989569187164307,0.12348894774913788,-0.5796600580215454,-0.25104638934135437,0.9987705945968628,0.057036783546209335,-0.5373317003250122,-0.286330908536911,0.9983388781547546,0.14228160679340363,-0.4779837131500244,0.10263921320438385,0.999851644039154,0.03241503983736038,-0.4878412187099457,-0.12513107061386108,0.9992311596870422,0.3017832934856415,-0.36434563994407654,0.21670573949813843,0.4112347662448883,0.24370965361595154,-0.3087705969810486,-0.16148048639297485,0.6515898704528809,0.49041083455085754,-0.2040489912033081,0.2830335199832916,0.5037174820899963,0.40083831548690796,-0.24445557594299316,-0.14119340479373932,0.5263573527336121,0.5126150846481323,-0.2508932948112488,0.30926743149757385,0.5160072445869446,0.4582185745239258,-0.26319369673728943,-0.19166897237300873,0.5221366286277771,0.5127711296081543,-0.24342232942581177,0.2802683413028717,0.5194259285926819,0.5007615685462952,-0.2996874153614044,-0.17862142622470856,0.5158339142799377,0.5010048151016235,-0.20589032769203186,0.2722867429256439,0.4963623881340027,0.419082373380661,-0.2610277235507965,-0.13904786109924316,0.48733991384506226,0.03273111209273338,0.016361694782972336,0.09861006587743759,0.9999372363090515,-0.02979198656976223,-0.02069205977022648,-0.09615352749824524,0.9998416304588318,0.10869274288415909,0.3965788781642914,0.07616915553808212,0.9251241087913513,0.04209635406732559,0.14885689318180084,-0.16425096988677979,0.8307206630706787,0.03635746240615845,0.7661688327789307,0.16847200691699982,0.9340199828147888,-0.08658919483423233,0.09506076574325562,0.16099761426448822,0.7113292813301086,0.00857250764966011,0.8032602667808533,0.18476668000221252,0.8932177424430847,-0.10312765091657639,0.07892028242349625,0.16655805706977844,0.6824685335159302,0.08912350982427597,0.804175615310669,0.18845920264720917,0.8991183042526245,-0.11957346647977829,0.07026012241840363,0.2667663097381592,0.6982665657997131
49,1.6333333333333333,0.034530557692050934,-0.5919451117515564,-0.268688827753067,0.9994921684265137,0.04091772064566612,-0.6139408946037292,-0.25673243403434753,0.9995052814483643,0.04157613590359688,-0.614208996295929,-0.24561521410942078,0.9995089769363403,0.04014630243182182,-0.6141789555549622,-0.24950015544891357,0.999686062335968,0.0091042909771204,-0.6149108409881592,-0.2722422778606415,0.999541699886322,0.01074704248458147,-0.6144168972969055,-0.2839606702327728,0.9995111227035522,0.013461153954267502,-0.6011086702346802,-0.26298388838768005,0.9995937347412109,0.09585720300674438,-0.6287821531295776,-0.1326921433210373,0.9998142719268799,-0.08253166079521179,-0.5512232184410095,-0.1814076155424118,0.9990608096122742,0.0861041471362114,-0.5909292101860046,-0.21321076154708862,0.998892605304718,0.024769846349954605,-0.548338770866394,-0.24633273482322693,0.998503565788269,0.1648273915052414,-0.4901126027107239,0.09510216116905212,0.9998618364334106,-0.036865781992673874,-0.510403573513031,-0.09653662890195847,0.9992866516113281,0.30878087878227234,-0.37409698963165283,0.13364751636981964,0.4049740731716156,0.08250463753938675,-0.3230198919773102,-0.25838467478752136,0.6840808391571045,0.4533461034297943,-0.22807084023952484,0.07355240732431412,0.534629225730896,0.2725948393344879,-0.2599521279335022,-0.4308334290981293,0.5723088383674622,0.4655158221721649,-0.2571517825126648,0.07170408219099045,0.5519604682922363,0.323670893907547,-0.2657304108142853,-0.5091308951377869,0.5680372714996338,0.455548495054245,-0.24866586923599243,0.036072101444005966,0.5568512082099915,0.409304141998291,-0.30268600583076477,-0.5024455189704895,0.5623286962509155,0.4590272009372711,-0.21108807623386383,0.05481771007180214,0.5324607491493225,0.3064226806163788,-0.26795101165771484,-0.43549638986587524,0.5340633392333984,0.0534895658493042,0.016388220712542534,0.08631792664527893,0.9999382495880127,-0.051292527467012405,-0.02055417001247406,-0.08128905296325684,0.9998407363891602,0.053085822612047195,0.39891767501831055,0.030990758910775185,0.9290379881858826,-0.12418577820062637,0.18131224811077118,-0.0862700492143631,0.8283462524414062,-0.006674241740256548,0.7967787384986877,0.056529004126787186,0.9397557973861694,-0.19183367490768433,0.1032283753156662,0.23305432498455048,0.6590952277183533,-0.03727782145142555,0.8370369076728821,0.0665532574057579,0.9006390571594238,-0.1965535283088684,0.08478515595197678,0.22650887072086334,0.6349664330482483,0.046102602034807205,0.8453758955001831,0.03003298118710518,0.9074651002883911,-0.2108847200870514,0.05434113368391991,0.29391366243362427,0.6551070213317871
50,1.6666666666666667,0.008033396676182747,-0.5976418256759644,-0.24290268123149872,0.9995428919792175,0.017462007701396942,-0.6193249821662903,-0.23134930431842804,0.9995546936988831,0.01696271449327469,-0.6206082701683044,-0.22011633217334747,0.9995580315589905,0.016419220715761185,-0.6205486059188843,-0.22360657155513763,0.9997174143791199,-0.013483983464539051,-0.6218674182891846,-0.24761107563972473,0.9995875358581543,-0.01098700799047947,-0.621422290802002,-0.2592436671257019,0.9995599985122681,-0.009281164966523647,-0.6086587309837341,-0.23809698224067688,0.999634325504303,0.09156022220849991,-0.6323648691177368,-0.12558256089687347,0.999832808971405,-0.08743660151958466,-0.560320258140564,-0.13786518573760986,0.9991546273231506,0.05536465346813202,-0.5956988334655762,-0.1909107267856598,0.9990032315254211,0.0017943865386769176,-0.5543199181556702,-0.22373980283737183,0.998652994632721,0.15486712753772736,-0.49613267183303833,0.08396591246128082,0.9998749494552612,-0.06330416351556778,-0.5126000046730042,-0.058703210204839706,0.9993342161178589,0.26517441868782043,-0.40732163190841675,0.12187713384628296,0.445320188999176,-0.03280869871377945,-0.3191446363925934,-0.2791667580604553,0.7095456719398499,0.3922513425350189,-0.32768386602401733,0.11321667581796646,0.5777720212936401,0.035366855561733246,-0.297519713640213,-0.5439770817756653,0.5953386425971985,0.4059363603591919,-0.3238970637321472,0.11905714869499207,0.5938922166824341,0.059413205832242966,-0.29557275772094727,-0.6262151598930359,0.591549813747406,0.4044531285762787,-0.31470203399658203,0.08447034657001495,0.5987640619277954,0.11100352555513382,-0.3330856263637543,-0.6132710576057434,0.585640013217926,0.40230682492256165,-0.30448779463768005,0.09597299993038177,0.5759013295173645,0.050379686057567596,-0.30534347891807556,-0.548576295375824,0.5498954653739929,0.05619334802031517,0.01616770215332508,0.061906564980745316,0.9999426603317261,-0.05441472679376602,-0.020217876881361008,-0.055677250027656555,0.9998500943183899,-0.04021381214261055,0.3983466625213623,-0.04580564796924591,0.9359353184700012,-0.18042179942131042,0.18429307639598846,-0.025283891707658768,0.8448730707168579,-0.07239283621311188,0.7861208319664001,-0.08901061117649078,0.9457443952560425,-0.40948131680488586,0.2181384414434433,0.180010125041008,0.6924618482589722,-0.10233507305383682,0.8249844908714294,-0.08751584589481354,0.910234808921814,-0.4357680082321167,0.21092616021633148,0.16493836045265198,0.6688771843910217,-0.08661658316850662,0.8372986912727356,-0.17223888635635376,0.916663408279419,-0.5059204697608948,0.23220451176166534,0.2893121838569641,0.6889635920524597
51,1.7,0.001891259802505374,-0.5990968346595764,-0.23236580193042755,0.9995861053466797,0.018853209912776947,-0.6194278597831726,-0.220456063747406,0.99959397315979,0.020119599997997284,-0.6205506920814514,-0.21032612025737762,0.9995941519737244,0.018791932612657547,-0.6205731630325317,-0.21317622065544128,0.9997406601905823,-0.007955895736813545,-0.6219701766967773,-0.23640498518943787,0.9996249079704285,-0.004851807374507189,-0.6218205690383911,-0.24790716171264648,0.9995995759963989,-0.002079616067931056,-0.6096274852752686,-0.22674982249736786,0.9996660947799683,0.09909143298864365,-0.6229565143585205,-0.1234310045838356,0.9998458623886108,-0.0730007216334343,-0.5578312873840332,-0.10362303256988525,0.9992203712463379,0.04954055696725845,-0.5954126119613647,-0.1847841590642929,0.9990994930267334,0.004263375420123339,-0.5539215803146362,-0.2133471965789795,0.9987806677818298,0.19184844195842743,-0.47801119089126587,-0.015957262367010117,0.9998863935470581,-0.0661822259426117,-0.5098564624786377,0.047546207904815674,0.9993829131126404,0.3354955017566681,-0.40338367223739624,-0.14741010963916779,0.4986477792263031,-0.12052951008081436,-0.31813845038414,-0.11478056758642197,0.6990906000137329,0.31067171692848206,-0.351090669631958,-0.27160125970840454,0.6179597973823547,-0.1677519530057907,-0.32104000449180603,-0.35078859329223633,0.6268428564071655,0.27446600794792175,-0.3542444109916687,-0.30164098739624023,0.631797194480896,-0.15679381787776947,-0.32920706272125244,-0.4227388799190521,0.6255083084106445,0.23448875546455383,-0.3807183802127838,-0.30578354001045227,0.6361743807792664,-0.11732017993927002,-0.378728449344635,-0.43098488450050354,0.6204710602760315,0.2894011437892914,-0.3430401086807251,-0.27903273701667786,0.6128852367401123,-0.15932804346084595,-0.3362868130207062,-0.3633092939853668,0.58399897813797,0.07126951217651367,0.02108975499868393,0.024787936359643936,0.9999411702156067,-0.06898780912160873,-0.02564416266977787,-0.020761922001838684,0.9998492002487183,-0.013769080862402916,0.4193255305290222,-0.10449886322021484,0.9403107762336731,-0.24275951087474823,0.045901160687208176,-0.20217181742191315,0.8584201335906982,-0.04810789227485657,0.8312687277793884,-0.060213569551706314,0.9501717686653137,-0.6158115267753601,0.22314220666885376,-0.09005645662546158,0.7207606434822083,-0.07609899342060089,0.8705877065658569,-0.049944330006837845,0.9124760627746582,-0.6570433974266052,0.2229071706533432,-0.11777952313423157,0.6927189230918884,-0.03908161446452141,0.9015194177627563,-0.11127408593893051,0.9235483407974243,-0.7043501734733582,0.21124635636806488,-0.1618465930223465,0.7177944183349609
52,1.7333333333333334,-0.006605007220059633,-0.6029052734375,-0.24916881322860718,0.9996267557144165,0.0140752624720335,-0.6208043694496155,-0.23616021871566772,0.9996328949928284,0.014611687511205673,-0.6216338276863098,-0.22739526629447937,0.9996329545974731,0.013499156571924686,-0.621968686580658,-0.2298104614019394,0.9997650980949402,-0.01156765129417181,-0.6230928897857666,-0.24608145654201508,0.9996607303619385,-0.009120375849306583,-0.6236526966094971,-0.2582891583442688,0.9996379017829895,-0.006291852332651615,-0.6105446815490723,-0.23805400729179382,0.9996970891952515,0.09738118201494217,-0.6207425594329834,-0.15138189494609833,0.9998605847358704,-0.06377459317445755,-0.5564205646514893,-0.10519052296876907,0.9992926716804504,0.04257788509130478,-0.5946173667907715,-0.20727132260799408,0.9991886615753174,0.0002531398495193571,-0.5540822744369507,-0.22727316617965698,0.9989000558853149,0.18988364934921265,-0.47278687357902527,-0.0911606177687645,0.999897301197052,-0.08702265471220016,-0.5090618133544922,0.05702697113156319,0.9994279146194458,0.329165518283844,-0.39806440472602844,-0.2634010314941406,0.5483426451683044,-0.23004359006881714,-0.340971976518631,-0.0018953375983983278,0.7129877805709839,0.34724709391593933,-0.3449278771877289,-0.4476005733013153,0.6553749442100525,-0.41454002261161804,-0.34612196683883667,-0.19085730612277985,0.6545113325119019,0.34330078959465027,-0.3415529429912567,-0.485995352268219,0.667326807975769,-0.4313240945339203,-0.3474893271923065,-0.2311156839132309,0.6512096524238586,0.2987014949321747,-0.35630860924720764,-0.5018033981323242,0.6713908314704895,-0.41732898354530334,-0.3933040499687195,-0.28849858045578003,0.647627055644989,0.3312021791934967,-0.3303682506084442,-0.4649776518344879,0.64970463514328,-0.42033618688583374,-0.35816729068756104,-0.22635793685913086,0.6137214303016663,0.07945991307497025,0.025585409253835678,-0.009585332125425339,0.9999446868896484,-0.07701419293880463,-0.030238287523388863,0.013428878970444202,0.999859094619751,-0.0032241507433354855,0.4452242851257324,-0.13787975907325745,0.9461044669151306,-0.3907769024372101,0.045919019728899,0.00352792558260262,0.870720624923706,-0.056790851056575775,0.8336666822433472,-0.035549987107515335,0.9547348618507385,-0.7287894487380981,0.24834659695625305,0.153634712100029,0.7473049759864807,-0.08168243616819382,0.8725046515464783,-0.01985897868871689,0.9166382551193237,-0.7652878761291504,0.25877779722213745,0.12550441920757294,0.717648983001709,-0.06440571695566177,0.9166804552078247,-0.08277463167905807,0.930493950843811,-0.8308824896812439,0.22249272465705872,0.05544505640864372,0.7441703081130981
53,1.7666666666666666,-0.02148612029850483,-0.6090250015258789,-0.29883578419685364,0.9996626973152161,0.004142832010984421,-0.6245793104171753,-0.289613276720047,0.9996652603149414,0.003770638257265091,-0.6249487996101379,-0.2814613878726959,0.9996641278266907,0.00284231873229146,-0.6251927614212036,-0.2832338809967041,0.9997838139533997,-0.019908536225557327,-0.6283296346664429,-0.2953091561794281,0.9996918439865112,-0.01831035315990448,-0.6292977929115295,-0.3061976134777069,0.9996716380119324,-0.014991916716098785,-0.6142024397850037,-0.2873117923736572,0.9997249245643616,0.09586776047945023,-0.6182695031166077,-0.21379713714122772,0.9998707175254822,-0.05873693898320198,-0.5556355714797974,-0.15386052429676056,0.9993574023246765,0.029941724613308907,-0.594428539276123,-0.26054999232292175,0.9992665648460388,-0.00869739893823862,-0.5562816858291626,-0.27442196011543274,0.9990049600601196,0.19927382469177246,-0.47140932083129883,-0.13126282393932343,0.9999040961265564,-0.09486620128154755,-0.5085747241973877,0.0348731130361557,0.9994713664054871,0.37531161308288574,-0.4323638379573822,-0.2546301484107971,0.5906997919082642,-0.2946089506149292,-0.3684328496456146,0.02371840365231037,0.7364462018013,0.41336753964424133,-0.38243594765663147,-0.37664592266082764,0.6797699928283691,-0.5375649333000183,-0.3665657937526703,-0.08239899575710297,0.6867225766181946,0.4180845022201538,-0.37335774302482605,-0.3962552547454834,0.6848371028900146,-0.5645576119422913,-0.36865270137786865,-0.11051879078149796,0.6817237734794617,0.38511914014816284,-0.3813571333885193,-0.4162559509277344,0.6891074180603027,-0.5477321743965149,-0.40572020411491394,-0.154835507273674,0.6788654923439026,0.4025684893131256,-0.36488163471221924,-0.3924434781074524,0.6674681901931763,-0.5445887446403503,-0.37517908215522766,-0.11028683185577393,0.6482691764831543,0.0794350802898407,0.02901977300643921,-0.01649036817252636,0.9999478459358215,-0.07675603032112122,-0.033869706094264984,0.01928035356104374,0.9998700618743896,0.0013964433455839753,0.46491652727127075,-0.10979030281305313,0.951149046421051,-0.3745827376842499,0.02351561188697815,0.08185366541147232,0.8806136846542358,-0.05510270968079567,0.8303971290588379,-0.01484463457018137,0.9589295983314514,-0.6967450976371765,0.24860769510269165,0.2595202922821045,0.7711307406425476,-0.07950706034898758,0.8672664761543274,-0.0013715416425839067,0.9213935136795044,-0.7321624159812927,0.26112762093544006,0.2376452088356018,0.7399007678031921,-0.07289665192365646,0.9068324565887451,-0.05674377456307411,0.9368298649787903,-0.7847214341163635,0.2246946394443512,0.18901453912258148,0.7676696181297302
54,1.8,-0.019556239247322083,-0.6151461005210876,-0.2987462282180786,0.99969482421875,0.0055238306522369385,-0.6293133497238159,-0.28817474842071533,0.9996934533119202,0.00498334551230073,-0.6294230222702026,-0.2801133990287781,0.9996914863586426,0.004023811314254999,-0.629669189453125,-0.2816506326198578,0.9997990727424622,-0.018072612583637238,-0.6332886219024658,-0.29460418224334717,0.9997193813323975,-0.016524778679013252,-0.6347123384475708,-0.305427610874176,0.9997019171714783,-0.012978969141840935,-0.6186747550964355,-0.28635743260383606,0.9997497200965881,0.09567063301801682,-0.617839515209198,-0.2092147320508957,0.9998791217803955,-0.05596037954092026,-0.554996907711029,-0.1581713855266571,0.999416172504425,0.03063736855983734,-0.5958978533744812,-0.25966641306877136,0.9993358850479126,-0.007055392023175955,-0.5593649744987488,-0.2754848897457123,0.9990988373756409,0.202964186668396,-0.4704938232898712,-0.12724071741104126,0.9999090433120728,-0.09615837037563324,-0.508206307888031,0.024402722716331482,0.9995124340057373,0.36862367391586304,-0.4458986818790436,-0.2512604296207428,0.6299031972885132,-0.29410240054130554,-0.37568771839141846,0.0028364397585392,0.7604297399520874,0.44680362939834595,-0.39530301094055176,-0.37187859416007996,0.7060990333557129,-0.5273873805999756,-0.3742823600769043,-0.11337686330080032,0.7173260450363159,0.46404510736465454,-0.3861636817455292,-0.38916170597076416,0.70656418800354,-0.5546784400939941,-0.3769195079803467,-0.1501654088497162,0.7120940089225769,0.44318875670433044,-0.3904727101325989,-0.4135265350341797,0.71110999584198,-0.5342846512794495,-0.41415852308273315,-0.1828884780406952,0.7096648216247559,0.44305071234703064,-0.37523263692855835,-0.3897715210914612,0.6908655762672424,-0.5324372053146362,-0.38270172476768494,-0.13618187606334686,0.6820149421691895,0.08111392706632614,0.030640268698334694,-0.016001053154468536,0.9999504685401917,-0.07842665165662766,-0.03558643162250519,0.01879926212131977,0.9998798370361328,0.004943051841109991,0.463365763425827,-0.10798569023609161,0.9558748602867126,-0.3658091425895691,0.024068186059594154,0.07366956025362015,0.8913188576698303,-0.053191252052783966,0.8284932971000671,-0.004822783172130585,0.9628397822380066,-0.6891325116157532,0.25000640749931335,0.24429558217525482,0.7932890057563782,-0.07755327969789505,0.8655304312705994,0.009431646205484867,0.9267142415046692,-0.7249693274497986,0.26403167843818665,0.2220289409160614,0.7620667815208435,-0.07472710311412811,0.9038258194923401,-0.05443153157830238,0.9427846670150757,-0.7780659794807434,0.22617027163505554,0.17864419519901276,0.7898220419883728
55,1.8333333333333333,-0.014446787536144257,-0.6082794666290283,-0.29637235403060913,0.9997251033782959,0.009383685886859894,-0.6222726106643677,-0.28368714451789856,0.9997236132621765,0.007236515637487173,-0.6227021813392639,-0.275413453578949,0.9997216463088989,0.007218662183731794,-0.6231198906898499,-0.2773938477039337,0.9998186230659485,-0.017139285802841187,-0.6272462606430054,-0.29239898920059204,0.9997471570968628,-0.015189507976174355,-0.6288262605667114,-0.30269986391067505,0.9997314214706421,-0.01232854649424553,-0.6129334568977356,-0.28442585468292236,0.9997744560241699,0.10491730272769928,-0.6012232899665833,-0.19486892223358154,0.9998903870582581,-0.04699636623263359,-0.5429713129997253,-0.1589483767747879,0.999473512172699,0.03647547960281372,-0.5867219567298889,-0.2542797029018402,0.9994012713432312,-0.003037450136616826,-0.5505886673927307,-0.27296704053878784,0.9991874694824219,0.2193485051393509,-0.450944185256958,-0.08629509806632996,0.9999151229858398,-0.08530642092227936,-0.49428683519363403,0.01910078525543213,0.9995467662811279,0.4051307141780853,-0.42915597558021545,-0.15421584248542786,0.6659886837005615,-0.30159109830856323,-0.3676246404647827,-0.004507008939981461,0.7827069163322449,0.5627255439758301,-0.38008034229278564,-0.24659638106822968,0.7348415851593018,-0.5467429757118225,-0.36899569630622864,-0.11561564356088638,0.744601845741272,0.5977109670639038,-0.37935131788253784,-0.3087465167045593,0.7344179749488831,-0.5773308873176575,-0.3797796666622162,-0.1503804326057434,0.7383370995521545,0.5927532911300659,-0.38223904371261597,-0.2781554162502289,0.7387924194335938,-0.559022068977356,-0.4186077415943146,-0.1815236657857895,0.7364731431007385,0.5707798600196838,-0.3604050874710083,-0.25088486075401306,0.7204951047897339,-0.5512511134147644,-0.37934717535972595,-0.13728155195713043,0.7116646766662598,0.08452680706977844,0.030964495614171028,-0.005810475908219814,0.9999523758888245,-0.08184283971786499,-0.03561990335583687,0.0087218526750803,0.999885618686676,0.029331805184483528,0.4563260078430176,-0.09790092706680298,0.9577296376228333,-0.37304720282554626,0.0324699729681015,-0.004551904276013374,0.893358051776886,-0.03796861320734024,0.8194249868392944,0.07343132048845291,0.9636615514755249,-0.6338304877281189,0.09750563651323318,0.23056824505329132,0.7612193822860718,-0.06569848954677582,0.8555779457092285,0.09693656116724014,0.9190331101417542,-0.5617074370384216,0.09082584828138351,0.2215116024017334,0.7315929532051086,-0.05789436399936676,0.8922976851463318,0.03695547208189964,0.9437854290008545,-0.502580463886261,0.08000458031892776,0.2239588350057602,0.7651026248931885
56,1.8666666666666667,-0.007985414005815983,-0.57796311378479,-0.38758987188339233,0.9997525811195374,0.012486763298511505,-0.5919100046157837,-0.37766969203948975,0.9997511506080627,0.011180206201970577,-0.5924299955368042,-0.36858394742012024,0.9997493624687195,0.010898684151470661,-0.5931703448295593,-0.37066224217414856,0.9998366832733154,-0.011687004007399082,-0.6004275679588318,-0.38636723160743713,0.9997723698616028,-0.009836684912443161,-0.6016512513160706,-0.3970365524291992,0.999758243560791,-0.006799116265028715,-0.586024820804596,-0.37827441096305847,0.9997969269752502,0.10533040016889572,-0.5629611015319824,-0.2840007543563843,0.9999012351036072,-0.04535674303770065,-0.5195386409759521,-0.2514818608760834,0.9995258450508118,0.039880167692899704,-0.5541158318519592,-0.3438328206539154,0.9994608759880066,0.0012646062532439828,-0.5222195982933044,-0.3633050322532654,0.9992682933807373,0.21724843978881836,-0.4199509620666504,-0.1576033979654312,0.9999224543571472,-0.08681641519069672,-0.47806432843208313,-0.06187821179628372,0.9995813965797424,0.4360515773296356,-0.42046692967414856,-0.16567717492580414,0.6992344260215759,-0.3149424195289612,-0.36810624599456787,-0.05821283534169197,0.8035085201263428,0.6257497668266296,-0.3733988404273987,-0.18655511736869812,0.7611726522445679,-0.5727978944778442,-0.3735232353210449,-0.1552351713180542,0.768822968006134,0.6680170297622681,-0.3762620687484741,-0.19657935202121735,0.7603574395179749,-0.605143129825592,-0.38621872663497925,-0.1754569411277771,0.7606103420257568,0.6668312549591064,-0.38000139594078064,-0.21284480392932892,0.7644246816635132,-0.5877866744995117,-0.4235110282897949,-0.2205447256565094,0.7594945430755615,0.6373323798179626,-0.35411515831947327,-0.2010004073381424,0.7479480504989624,-0.5775585770606995,-0.3830791413784027,-0.18308989703655243,0.7376308441162109,0.0842629224061966,0.030861621722579002,-0.0022257647942751646,0.999955415725708,-0.08163320273160934,-0.0354120172560215,0.004978464916348457,0.9998924136161804,0.04789652302861214,0.45246604084968567,-0.09011097997426987,0.9601274132728577,-0.3580164909362793,0.03314197435975075,-0.01231350190937519,0.8922141194343567,-0.027271930128335953,0.8096878528594971,0.072568379342556,0.9657639861106873,-0.3265437185764313,0.048288773745298386,0.2568615972995758,0.7316291928291321,-0.055539440363645554,0.8446325659751892,0.09431520849466324,0.9189569354057312,-0.2915777266025543,0.03641917556524277,0.2508803606033325,0.7079575061798096,-0.05269645154476166,0.8783148527145386,0.03198310732841492,0.9471495747566223,-0.25274646282196045,0.028425322845578194,0.258430153131485,0.7453188896179199
57,1.9,-0.004365846514701843,-0.5733874440193176,-0.36463090777397156,0.9997772574424744,0.013012598268687725,-0.5881893634796143,-0.35375940799713135,0.9997758865356445,0.011973053216934204,-0.588621973991394,-0.34475624561309814,0.9997742176055908,0.011251295916736126,-0.5895951986312866,-0.34673529863357544,0.9998528361320496,-0.010624959133565426,-0.5961530208587646,-0.3635405898094177,0.9997950196266174,-0.008785470388829708,-0.5971782803535461,-0.37413713335990906,0.9997823238372803,-0.005274205468595028,-0.5819640159606934,-0.3551003336906433,0.9998170733451843,0.10717901587486267,-0.5590928792953491,-0.2611742913722992,0.9999108910560608,-0.04000268131494522,-0.5145571231842041,-0.23282481729984283,0.9995726943016052,0.04150541499257088,-0.5495339035987854,-0.3220981955528259,0.9995144009590149,0.003131653182208538,-0.5172227025032043,-0.34281328320503235,0.999340832233429,0.2183583676815033,-0.41546157002449036,-0.14061349630355835,0.9999291300773621,-0.0843854621052742,-0.47229933738708496,-0.053687069565057755,0.999610960483551,0.4399400055408478,-0.41910552978515625,-0.15516620874404907,0.729112446308136,-0.30824631452560425,-0.3707665205001831,-0.058287959545850754,0.8217048048973083,0.6376911997795105,-0.3676455020904541,-0.17386335134506226,0.784917950630188,-0.5625659227371216,-0.37785670161247253,-0.15553589165210724,0.7907387018203735,0.6836667060852051,-0.3700937032699585,-0.1714935302734375,0.7839151620864868,-0.5968657732009888,-0.3895339071750641,-0.18137668073177338,0.7814728617668152,0.6801024079322815,-0.37386617064476013,-0.20253705978393555,0.7876617908477783,-0.5780969858169556,-0.42734745144844055,-0.2208797186613083,0.780904233455658,0.6483187079429626,-0.34813788533210754,-0.19216802716255188,0.7728139162063599,-0.5673841238021851,-0.38717415928840637,-0.18301165103912354,0.7615590691566467,0.08395984023809433,0.03101487271487713,-0.0009279625955969095,0.9999569058418274,-0.08124930411577225,-0.03552363067865372,0.0037093458231538534,0.9998950362205505,0.0583474300801754,0.4482695162296295,-0.08215011656284332,0.9626879692077637,-0.3207523226737976,-0.045258529484272,-0.021676620468497276,0.8920010328292847,-0.009797005914151669,0.8034208416938782,0.040185295045375824,0.9680978655815125,-0.24234718084335327,0.032603587955236435,0.24448375403881073,0.7172914147377014,-0.037516605108976364,0.8379098773002625,0.05780303105711937,0.9210708141326904,-0.22452963888645172,0.027878830209374428,0.24217146635055542,0.6980702877044678,-0.04958412051200867,0.869229257106781,-0.015634329989552498,0.9508204460144043,-0.2042662501335144,0.026939887553453445,0.23964503407478333,0.7391499876976013
58,1.9333333333333333,-0.0033306609839200974,-0.5856204628944397,-0.33419328927993774,0.999799370765686,0.014821482822299004,-0.5992785692214966,-0.32350483536720276,0.999798059463501,0.01381225697696209,-0.6000449061393738,-0.31662869453430176,0.9997965097427368,0.012915561906993389,-0.601608157157898,-0.3178747892379761,0.99986732006073,-0.007851388305425644,-0.6086580157279968,-0.3293493986129761,0.9998153448104858,-0.0061372737400233746,-0.610302209854126,-0.3394258916378021,0.9998039603233337,-0.0025745555758476257,-0.5960012078285217,-0.32210487127304077,0.999835193157196,0.10925013571977615,-0.5638124942779541,-0.2474459856748581,0.9999192953109741,-0.032128311693668365,-0.5285441279411316,-0.18481320142745972,0.9996147751808167,0.04212344437837601,-0.5554564595222473,-0.2988223731517792,0.9995622634887695,0.004518704488873482,-0.5278840661048889,-0.3100203275680542,0.9994059205055237,0.2098490446805954,-0.4201722741127014,-0.11437436193227768,0.9999330639839172,-0.08259357511997223,-0.48062795400619507,0.010613283142447472,0.9996379613876343,0.4173470735549927,-0.3941537141799927,-0.19057400524616241,0.7544330954551697,-0.29653307795524597,-0.3878944218158722,0.025742534548044205,0.8344548940658569,0.5582292675971985,-0.35423147678375244,-0.3008335530757904,0.8050472140312195,-0.5263321995735168,-0.3917246460914612,-0.07287722080945969,0.809974730014801,0.5914297103881836,-0.3601856231689453,-0.31527742743492126,0.803236186504364,-0.5514964461326599,-0.4022883474826813,-0.1052865982055664,0.8000116348266602,0.5841225981712341,-0.36653050780296326,-0.3404513895511627,0.806968092918396,-0.5329631567001343,-0.4407657980918884,-0.14582937955856323,0.7999425530433655,0.5653125047683716,-0.33661267161369324,-0.31803175806999207,0.7930535078048706,-0.5286702513694763,-0.4018271267414093,-0.10070489346981049,0.7826110124588013,0.08681219071149826,0.03097597137093544,-0.0045633576810359955,0.9999573826789856,-0.08370168507099152,-0.03553136810660362,0.007312747184187174,0.9998995065689087,0.06085595488548279,0.44653621315956116,-0.09601016342639923,0.9624444246292114,-0.3009343445301056,-0.05575492978096008,-0.11025496572256088,0.8924007415771484,0.007951180450618267,0.7940726280212402,0.007204367779195309,0.9685595631599426,-0.13408085703849792,0.07044503837823868,0.12260586768388748,0.685624361038208,-0.01850074715912342,0.827575147151947,0.02420409955084324,0.9163229465484619,-0.11104418337345123,0.06902578473091125,0.11395246535539627,0.6757124662399292,-0.028732838109135628,0.8640328049659729,-0.045463960617780685,0.9520049691200256,-0.07326815277338028,0.07590091973543167,0.11862356960773468,0.7164298295974731
59,1.9666666666666666,-0.0018285528058186173,-0.5863974094390869,-0.3288364112377167,0.999819278717041,0.01610591448843479,-0.5996674299240112,-0.31374168395996094,0.999817967414856,0.015148389153182507,-0.6006302833557129,-0.3077375292778015,0.9998164772987366,0.014079313725233078,-0.6024613380432129,-0.30861541628837585,0.9998802542686462,-0.00570332258939743,-0.6095187664031982,-0.321304053068161,0.9998336434364319,-0.00405626418069005,-0.6112634539604187,-0.33111438155174255,0.9998233914375305,-0.0005055734654888511,-0.5973517894744873,-0.3147504925727844,0.9998515248298645,0.10854609310626984,-0.5679475665092468,-0.22706690430641174,0.9999266862869263,-0.03231111913919449,-0.5297802090644836,-0.17230452597141266,0.9996525645256042,0.04304374381899834,-0.5577819347381592,-0.29208847880363464,0.9996052384376526,0.005408903118222952,-0.5283573865890503,-0.3035293519496918,0.9994643926620483,0.2051672488451004,-0.42038917541503906,-0.10437284409999847,0.9999363422393799,-0.08588189631700516,-0.4821184575557709,0.017141427844762802,0.9996630549430847,0.40338942408561707,-0.3753865659236908,-0.17071007192134857,0.7761925458908081,-0.29690128564834595,-0.3899841904640198,0.019725188612937927,0.8460742831230164,0.5328490734100342,-0.34291353821754456,-0.2698981761932373,0.8225433826446533,-0.5232534408569336,-0.3906191289424896,-0.08247010409832001,0.8272899985313416,0.5689360499382019,-0.3515812158584595,-0.2812909781932831,0.819902777671814,-0.5505065321922302,-0.4003159999847412,-0.1184196025133133,0.8166462182998657,0.5613508820533752,-0.36103057861328125,-0.3087843954563141,0.823824942111969,-0.5316535830497742,-0.43767717480659485,-0.15536005795001984,0.8170557618141174,0.5394387245178223,-0.3271471858024597,-0.28750112652778625,0.8107160925865173,-0.5259124636650085,-0.40051549673080444,-0.10851208120584488,0.8015336394309998,0.0882338434457779,0.030927114188671112,-0.003369160695001483,0.9999560713768005,-0.08497742563486099,-0.035536378622055054,0.006195050198584795,0.999901294708252,0.0638347789645195,0.4422910511493683,-0.09720002114772797,0.9586015939712524,-0.2880110442638397,-0.05652913451194763,-0.14856241643428802,0.8857527375221252,0.013229879550635815,0.7856998443603516,-0.006096319295465946,0.9666344523429871,-0.11559832841157913,0.08705882728099823,0.0725191980600357,0.643195629119873,-0.01384718343615532,0.8194032311439514,0.010217955335974693,0.9052314162254333,-0.09373779594898224,0.08743095397949219,0.06154041364789009,0.6414880752563477,-0.02828105166554451,0.8624447584152222,-0.056657176464796066,0.950210690498352,-0.05568960681557655,0.08295030146837234,0.06402332335710526,0.6818248629570007
60,2.0,-0.002800861606374383,-0.5872519612312317,-0.31820401549339294,0.9998371005058289,0.017053429037332535,-0.6007195115089417,-0.3067261576652527,0.9998359084129333,0.01625427044928074,-0.6014991998672485,-0.2989344894886017,0.9998345375061035,0.01544530875980854,-0.6033585667610168,-0.3000682592391968,0.999891996383667,-0.00427534943446517,-0.609792947769165,-0.3139392137527466,0.9998500347137451,-0.0025095657911151648,-0.6115459203720093,-0.3243858218193054,0.9998407363891602,0.0009346794104203582,-0.5978372097015381,-0.3068038523197174,0.9998660683631897,0.10799695551395416,-0.5702595114707947,-0.2304895520210266,0.9999337196350098,-0.02711738459765911,-0.5335712432861328,-0.17607909440994263,0.9996858239173889,0.04231560230255127,-0.5598557591438293,-0.2798260748386383,0.9996441602706909,0.005856805946677923,-0.529460608959198,-0.2948114275932312,0.9995169043540955,0.19856499135494232,-0.42007002234458923,-0.14104053378105164,0.9999415874481201,-0.07123708724975586,-0.49323388934135437,0.036107566207647324,0.9996812343597412,0.31335708498954773,-0.32447549700737,-0.27069273591041565,0.7968426942825317,-0.2571221888065338,-0.38987019658088684,0.10592124611139297,0.8314216136932373,0.18636779487133026,-0.34270596504211426,-0.36334583163261414,0.8396772742271423,-0.45970243215560913,-0.3929481506347656,0.07294901460409164,0.8419189453125,0.1470356583595276,-0.357203871011734,-0.38117945194244385,0.8368279337882996,-0.4783945381641388,-0.40790417790412903,0.048338379710912704,0.831328809261322,0.11569347977638245,-0.37836000323295593,-0.3790546953678131,0.8403448462486267,-0.45721524953842163,-0.44039756059646606,0.01873716711997986,0.8320590257644653,0.1678832620382309,-0.331461101770401,-0.3657732605934143,0.8275793790817261,-0.4605097472667694,-0.40325701236724854,0.05247039347887039,0.8175601363182068,0.0856260135769844,0.03090566396713257,-0.022756513208150864,0.9999337196350098,-0.08226937800645828,-0.03557590767741203,0.02385249175131321,0.9998486042022705,0.06413959711790085,0.4414079487323761,-0.11101575940847397,0.9532856345176697,-0.2491709142923355,-0.05224722623825073,0.011216827668249607,0.8238382935523987,0.035622112452983856,0.7882548570632935,-0.042645055800676346,0.9636906385421753,-0.12365099787712097,0.10257665067911148,0.28528672456741333,0.5866875648498535,0.013478921726346016,0.8224522471427917,-0.029067469760775566,0.8935232162475586,-0.11088551580905914,0.10306870937347412,0.2780887484550476,0.5930696129798889,-0.00623793201521039,0.8753892183303833,-0.07566913962364197,0.9481131434440613,-0.08922716975212097,0.11898604035377502,0.3149697184562683,0.6279008388519287
61,2.033333333333333,-3.740623469639104e-06,-0.5944312214851379,-0.2263222336769104,0.999843180179596,0.02144651487469673,-0.6099377870559692,-0.22482149302959442,0.9998456239700317,0.02128022536635399,-0.6112499833106995,-0.2127547711133957,0.9998425841331482,0.021037839353084564,-0.6120601296424866,-0.21401768922805786,0.9998975992202759,0.0037551552522927523,-0.6209474205970764,-0.2228032797574997,0.9998583793640137,0.004675686359405518,-0.6207168698310852,-0.23467831313610077,0.9998485445976257,0.008162113837897778,-0.6089180111885071,-0.21529287099838257,0.9998728632926941,0.11727121472358704,-0.5788047909736633,-0.16802763938903809,0.9999330639839172,-0.0032305887434631586,-0.5435291528701782,-0.09990577399730682,0.9996744990348816,0.04702411964535713,-0.5692641735076904,-0.19386692345142365,0.9996548295021057,0.013420125469565392,-0.538529098033905,-0.20302540063858032,0.9995259046554565,0.16466809809207916,-0.4196842312812805,-0.12442240864038467,0.999941349029541,-0.028816228732466698,-0.5017896890640259,0.13205358386039734,0.9996403455734253,0.0037057676818221807,-0.3083208501338959,-0.14280830323696136,0.812910795211792,-0.18101511895656586,-0.3875759541988373,0.12940764427185059,0.7588029503822327,-0.18614041805267334,-0.3126559555530548,-0.002191500971093774,0.8494409322738647,-0.317287802696228,-0.3664688169956207,0.0014098691754043102,0.7918639779090881,-0.24497824907302856,-0.3256945013999939,0.010382592678070068,0.8442113995552063,-0.32222655415534973,-0.3749878704547882,-0.040131352841854095,0.7907596230506897,-0.2544907033443451,-0.34653905034065247,0.011559750884771347,0.8472071290016174,-0.2979618012905121,-0.40722572803497314,-0.0615723617374897,0.7933387160301208,-0.1945865899324417,-0.30438172817230225,0.008174819871783257,0.8287308216094971,-0.3138306438922882,-0.3793153762817383,-0.01819910667836666,0.7785186171531677,0.08528827875852585,0.031067019328475,-0.026090634986758232,0.9999352693557739,-0.08158998191356659,-0.03579216077923775,0.02837645262479782,0.9998530745506287,0.06308549642562866,0.44602882862091064,-0.10905539989471436,0.952949583530426,-0.22947999835014343,-0.044977955520153046,-0.05678870528936386,0.8206070065498352,0.04240385815501213,0.7971917390823364,0.0007243750733323395,0.963778555393219,-0.09000978618860245,0.11786781251430511,0.15516099333763123,0.5738560557365417,0.02078332006931305,0.8328949213027954,0.021081415936350822,0.8857548832893372,-0.07329774647951126,0.12842640280723572,0.13656307756900787,0.5763761401176453,0.015796156600117683,0.8941455483436584,-0.012398148886859417,0.9463351964950562,-0.05657114461064339,0.20257756114006042,0.1435452550649643,0.6154967546463013
62,2.0666666666666664,0.004334029275923967,-0.5984020829200745,-0.21487265825271606,0.9998449087142944,0.026612600311636925,-0.6146736741065979,-0.21482102572917938,0.999851405620575,0.02661457285284996,-0.6162537336349487,-0.20195640623569489,0.9998458623886108,0.026747548952698708,-0.6165677309036255,-0.20367927849292755,0.9999003410339355,0.009962912648916245,-0.6261641979217529,-0.21185824275016785,0.9998629093170166,0.010469484142959118,-0.6252491474151611,-0.2242792248725891,0.9998520016670227,0.013650602661073208,-0.6138464212417603,-0.2044360339641571,0.9998762607574463,0.12333506345748901,-0.5855488777160645,-0.15761975944042206,0.9999291896820068,0.005970068275928497,-0.5488893389701843,-0.09097898006439209,0.9996402859687805,0.052741121500730515,-0.5749870538711548,-0.1827305555343628,0.9996568560600281,0.02020486444234848,-0.5435318946838379,-0.1921529769897461,0.9995195865631104,0.1585630178451538,-0.42022961378097534,-0.11849822849035263,0.999940812587738,-0.013798885978758335,-0.5076155066490173,0.1352272927761078,0.9996030926704407,-0.006757259368896484,-0.30435746908187866,-0.11884382367134094,0.8268406987190247,-0.15607087314128876,-0.3822242319583893,0.10757989436388016,0.6957980394363403,-0.18953709304332733,-0.3005713224411011,0.016550404950976372,0.8571917414665222,-0.28701406717300415,-0.35038456320762634,-0.009081874042749405,0.7557508945465088,-0.24774783849716187,-0.3109232485294342,0.029008740559220314,0.8492041826248169,-0.2928713858127594,-0.354280561208725,-0.0831005647778511,0.7632031440734863,-0.256867378950119,-0.33134162425994873,0.02690410427749157,0.8518030643463135,-0.2655644416809082,-0.3873925507068634,-0.07808627188205719,0.7677287459373474,-0.19756266474723816,-0.29252082109451294,0.024978501722216606,0.8273553252220154,-0.2822326719760895,-0.36257481575012207,-0.029187535867094994,0.7512069940567017,0.08364859968423843,0.03169431909918785,-0.029151426628232002,0.9999339580535889,-0.0807403177022934,-0.03644586727023125,0.03209873288869858,0.9998522996902466,0.0630369484424591,0.44597306847572327,-0.10376054048538208,0.94919353723526,-0.22486592829227448,-0.06204434111714363,-0.052189942449331284,0.7982485890388489,0.04558005928993225,0.7994111776351929,0.00815178919583559,0.9612753391265869,-0.08867455273866653,0.1210600808262825,0.15411724150180817,0.5496771335601807,0.024117361754179,0.8354257941246033,0.029460931196808815,0.8702037930488586,-0.07105454802513123,0.13073091208934784,0.13426896929740906,0.5520408749580383,0.02306964062154293,0.8972274661064148,-0.006750339176505804,0.9406447410583496,-0.055346399545669556,0.20880667865276337,0.1367664337158203,0.5926122665405273
63,2.1,-0.1010015606880188,-0.6197822093963623,-0.034105874598026276,0.9998558163642883,-0.07968643307685852,-0.63089919090271,-0.061973970383405685,0.999864399433136,-0.0795743390917778,-0.6325220465660095,-0.05039587616920471,0.9998595118522644,-0.07827213406562805,-0.6321923136711121,-0.05134844779968262,0.9999090433120728,-0.05667460709810257,-0.643888533115387,-0.04748301953077316,0.9998736381530762,-0.05559870973229408,-0.6420442461967468,-0.058784909546375275,0.9998630285263062,-0.050709787756204605,-0.6286526918411255,-0.038968417793512344,0.999884843826294,0.008576163090765476,-0.5862368941307068,-0.1322891116142273,0.999935507774353,0.017212284728884697,-0.5531052947044373,-0.0054306043311953545,0.9996684193611145,-0.05984826013445854,-0.5888535380363464,-0.044429030269384384,0.9996822476387024,-0.051650483161211014,-0.5593657493591309,-0.03424469754099846,0.9995471239089966,-0.039510585367679596,-0.4288299083709717,-0.12635400891304016,0.9999458193778992,0.09831614047288895,-0.4943521320819855,0.19117896258831024,0.999566912651062,-0.2429739534854889,-0.31342610716819763,-0.15109123289585114,0.8416286706924438,0.02061287872493267,-0.3345315754413605,0.31807273626327515,0.6265167593955994,-0.4480539858341217,-0.3343731462955475,0.0013620484387502074,0.8700041770935059,-0.13979578018188477,-0.37015506625175476,0.4332898259162903,0.6837084889411926,-0.4997223913669586,-0.3587600886821747,0.01832672953605652,0.8622947335243225,-0.13074088096618652,-0.40654197335243225,0.43816232681274414,0.6940717101097107,-0.5042089223861694,-0.36770665645599365,0.0281527042388916,0.8645209670066833,-0.14028218388557434,-0.44902729988098145,0.42458948493003845,0.6981374621391296,-0.45220836997032166,-0.3277031481266022,0.009904775768518448,0.8400909304618835,-0.15665559470653534,-0.3982791006565094,0.4207800626754761,0.6834666132926941,0.00499939126893878,0.019183462485671043,-0.05572130158543587,0.9999281167984009,-0.0025158850476145744,-0.02458922564983368,0.057141516357660294,0.9998122453689575,0.02360599860548973,0.39586538076400757,-0.11462860554456711,0.9298275709152222,-0.1595618575811386,0.15149886906147003,0.15858756005764008,0.722856879234314,0.04428083822131157,0.7663470506668091,-0.11281835287809372,0.9421476721763611,-0.10384603589773178,0.44057968258857727,0.3403540849685669,0.49925434589385986,0.024132302030920982,0.8072431087493896,-0.1077517569065094,0.8531214594841003,-0.13814182579517365,0.46381768584251404,0.3196549713611603,0.5090512037277222,-0.028840981423854828,0.8744860887527466,-0.11457717418670654,0.9212162494659424,-0.2172839194536209,0.5066538453102112,0.36975017189979553,0.5411975383758545
64,2.1333333333333333,-0.07209312170743942,-0.6486509442329407,0.09591038525104523,0.9993714690208435,-0.050796207040548325,-0.6546327471733093,0.05851917341351509,0.9994977712631226,-0.05097699537873268,-0.6573116183280945,0.06919444352388382,0.9995682835578918,-0.049919649958610535,-0.6563567519187927,0.06920827925205231,0.9996888637542725,-0.031225530430674553,-0.667657196521759,0.05592887103557587,0.9994455575942993,-0.029147589579224586,-0.6655420064926147,0.0456988662481308,0.99946129322052,-0.02122310921549797,-0.6509785056114197,0.06493677198886871,0.9995022416114807,-0.04211678355932236,-0.5898689031600952,-0.06243955343961716,0.9998695254325867,0.05954508110880852,-0.5543366074562073,0.0015503069153055549,0.9992316365242004,-0.03268793225288391,-0.6111472249031067,0.0765022337436676,0.9990198612213135,-0.03729730471968651,-0.5801836252212524,0.06578339636325836,0.9985138773918152,-0.11429552733898163,-0.43475979566574097,-0.09601975977420807,0.9999465942382812,0.1491963416337967,-0.4944106340408325,0.1520387977361679,0.9995148777961731,-0.26057422161102295,-0.3268756568431854,-0.051726602017879486,0.8342372179031372,0.16275016963481903,-0.33696258068084717,0.2789601683616638,0.5646724104881287,-0.3698127269744873,-0.37015974521636963,0.23464536666870117,0.8000636696815491,0.08009444177150726,-0.41964372992515564,0.49032264947891235,0.6157857179641724,-0.40329882502555847,-0.4040156602859497,0.278795063495636,0.791542112827301,0.11410222947597504,-0.4667782783508301,0.5075768828392029,0.6254422068595886,-0.39469078183174133,-0.4116062521934509,0.2860243320465088,0.792966365814209,0.10669751465320587,-0.5082434415817261,0.5075705647468567,0.6290838122367859,-0.3617378771305084,-0.3635362386703491,0.24591852724552155,0.7668899297714233,0.06269974261522293,-0.4531926214694977,0.4876219928264618,0.6159067153930664,-0.041993118822574615,0.011312986724078655,-0.04677034169435501,0.9999218583106995,0.04394131153821945,-0.018167242407798767,0.0490281917154789,0.9997862577438354,-0.025939689949154854,0.4003788232803345,-0.0665900930762291,0.9145022630691528,0.02804175205528736,0.20856040716171265,0.14131762087345123,0.6566892266273499,0.04942173510789871,0.7696589231491089,-0.07364610582590103,0.9201784729957581,-0.0999421551823616,0.504666268825531,0.30562466382980347,0.45795634388923645,0.03639095276594162,0.8092883229255676,-0.0648667961359024,0.8387413024902344,-0.1261611133813858,0.52932208776474,0.2882210612297058,0.47498562932014465,-0.01986980438232422,0.8760255575180054,-0.05984088405966759,0.8722677230834961,-0.1777009814977646,0.5537190437316895,0.3454519212245941,0.49117791652679443
65,2.1666666666666665,-0.04008752107620239,-0.6421590447425842,0.15399333834648132,0.999394416809082,-0.0362987145781517,-0.6512889266014099,0.12322138994932175,0.9994983673095703,-0.03651132434606552,-0.6536144614219666,0.13313332200050354,0.9995725750923157,-0.03593394532799721,-0.6531432271003723,0.13249070942401886,0.9996864795684814,0.0005065649165771902,-0.6627981066703796,0.1046549379825592,0.999464750289917,0.0048668948002159595,-0.6609148383140564,0.09409008920192719,0.9994856715202332,0.011068305000662804,-0.6471813917160034,0.11385258287191391,0.9995166659355164,-0.07292286306619644,-0.5922309756278992,0.02391386218369007,0.9998695254325867,0.05539295822381973,-0.5520370006561279,0.021617913618683815,0.9992446303367615,-0.01840493455529213,-0.6087982654571533,0.14079493284225464,0.9989744424819946,-0.003934347070753574,-0.5760960578918457,0.10980089008808136,0.9984905123710632,-0.16547074913978577,-0.4351694881916046,0.029073309153318405,0.9999484419822693,0.1528114229440689,-0.4952954053878784,0.1394399106502533,0.9995318651199341,-0.2744922339916229,-0.3317488133907318,0.10053496062755585,0.8370781540870667,0.2136266529560089,-0.31143805384635925,0.22147537767887115,0.5507991909980774,-0.22125548124313354,-0.3737773299217224,0.3415009081363678,0.7422382235527039,0.07335353642702103,-0.378892183303833,0.2989528775215149,0.5560253262519836,-0.22031299769878387,-0.4033140540122986,0.38888534903526306,0.7325645089149475,0.08575471490621567,-0.42919665575027466,0.3052902817726135,0.5647785067558289,-0.19991448521614075,-0.4118421971797943,0.383271723985672,0.7338381409645081,0.06392619758844376,-0.47088485956192017,0.3060985207557678,0.568007230758667,-0.19993695616722107,-0.36496490240097046,0.3461422324180603,0.7090837955474854,0.04944268614053726,-0.41529881954193115,0.2971976399421692,0.5563255548477173,-0.06851362437009811,0.011765249073505402,0.007902298122644424,0.9999228119850159,0.07049190253019333,-0.018999751657247543,-0.008112601935863495,0.9997881054878235,-0.03085046075284481,0.40279027819633484,0.021995751187205315,0.9145570993423462,0.2667883038520813,0.14028503000736237,0.10644374787807465,0.6674671173095703,0.051900897175073624,0.7594560980796814,-0.06311387568712234,0.9200640320777893,0.05893658846616745,0.37295058369636536,0.09304392337799072,0.4775463342666626,0.03857949376106262,0.7978264093399048,-0.05918943136930466,0.8492591381072998,0.02824087254703045,0.3898308277130127,0.06641557812690735,0.5032715797424316,0.0029613401275128126,0.8479939103126526,-0.017643682658672333,0.85931795835495,0.02095559611916542,0.4296402931213379,0.17693310976028442,0.4795668125152588
66,2.2,-0.016622602939605713,-0.6395151019096375,0.12229055166244507,0.9993824362754822,-0.02902698516845703,-0.6502162218093872,0.09223774820566177,0.9994557499885559,-0.029309434816241264,-0.6531877517700195,0.10333968698978424,0.9995405077934265,-0.02878643199801445,-0.6523601412773132,0.10057085007429123,0.9996570348739624,0.018154237419366837,-0.6613726019859314,0.07015639543533325,0.999449610710144,0.020007634535431862,-0.6590017080307007,0.06065847724676132,0.9994798898696899,0.02852739952504635,-0.6464189291000366,0.08059904724359512,0.9994993805885315,-0.08187320083379745,-0.5964970588684082,-0.0011964727891609073,0.9998586773872375,0.054420266300439835,-0.5517528057098389,-0.008508063852787018,0.999200165271759,-0.012226111255586147,-0.608590841293335,0.10990127176046371,0.9988365173339844,0.013235746882855892,-0.5752384066581726,0.07519449293613434,0.998352587223053,-0.17965079843997955,-0.43814003467559814,0.017008313909173012,0.9999485015869141,0.15277452766895294,-0.5004532337188721,0.08821097761392593,0.9995332956314087,-0.29161572456359863,-0.33413875102996826,0.09258175641298294,0.8365830779075623,0.23252321779727936,-0.3160244822502136,0.15124785900115967,0.5430229902267456,-0.21044820547103882,-0.3757959306240082,0.3329324722290039,0.6889687776565552,0.09272738546133041,-0.37419983744621277,0.24462741613388062,0.5043739676475525,-0.20418448746204376,-0.4023173451423645,0.3772994875907898,0.6783764958381653,0.10239340364933014,-0.42729413509368896,0.25039583444595337,0.5123676061630249,-0.17657922208309174,-0.4090742766857147,0.37329187989234924,0.6795881390571594,0.07985957711935043,-0.46780645847320557,0.251060426235199,0.5152456164360046,-0.18417416512966156,-0.36602717638015747,0.3343237042427063,0.6564618945121765,0.06809940934181213,-0.4109257161617279,0.2436840534210205,0.504833459854126,-0.07776521891355515,0.013426645658910275,0.022217297926545143,0.9999203085899353,0.07943329960107803,-0.02000802382826805,-0.022932909429073334,0.9997813105583191,-0.027917951345443726,0.4030514359474182,0.03190188109874725,0.9123396277427673,0.2775242030620575,0.13107916712760925,0.07310602068901062,0.6627880930900574,0.05016646161675453,0.7595862746238708,-0.05729552358388901,0.9188694953918457,0.06310686469078064,0.3395976424217224,0.10877059400081635,0.48249804973602295,0.03502665087580681,0.7983271479606628,-0.054887499660253525,0.8585355281829834,0.03335344046354294,0.35772064328193665,0.08604197204113007,0.5204941034317017,0.007785999681800604,0.8484207391738892,-0.00033900997368618846,0.8450886607170105,0.03383228927850723,0.4077405035495758,0.18195700645446777,0.4590738117694855
67,2.2333333333333334,0.09229514747858047,-0.615031898021698,0.07583759725093842,0.9994335174560547,0.06188422441482544,-0.6292663812637329,0.06606773287057877,0.9994941353797913,0.06258569657802582,-0.6323447227478027,0.07555381953716278,0.9995723962783813,0.06388325989246368,-0.631468653678894,0.07486792653799057,0.9996786117553711,0.09653201699256897,-0.6394742727279663,0.03196898102760315,0.999495804309845,0.0998145043849945,-0.637154757976532,0.021574201062321663,0.999524712562561,0.10575724393129349,-0.624416172504425,0.041336026042699814,0.9995399713516235,-0.04177406057715416,-0.5882256031036377,0.044739898294210434,0.9998660087585449,0.0509895496070385,-0.5307413339614868,-0.02478991262614727,0.9992607831954956,0.06767123192548752,-0.5911802649497986,0.08984290808439255,0.9988670945167542,0.08976397663354874,-0.5524085164070129,0.03961050137877464,0.9984355568885803,-0.12867090106010437,-0.42520809173583984,0.1171158030629158,0.9999391436576843,0.12947383522987366,-0.4903089106082916,0.03175782039761543,0.9995272755622864,-0.18631283938884735,-0.2889017164707184,0.20707003772258759,0.7717414498329163,0.2463226318359375,-0.29740163683891296,0.08581729233264923,0.5789285898208618,-0.13946425914764404,-0.29419946670532227,0.4359770119190216,0.6210594773292542,0.1313071846961975,-0.3494633436203003,0.27242305874824524,0.45751404762268066,-0.19443117082118988,-0.3150554597377777,0.4844834804534912,0.6118555068969727,0.14686696231365204,-0.39811819791793823,0.28030896186828613,0.4639792740345001,-0.1270570456981659,-0.3104909658432007,0.47799789905548096,0.6129701733589172,0.12863963842391968,-0.43523865938186646,0.2884807586669922,0.46641942858695984,-0.14505109190940857,-0.2769940197467804,0.43968746066093445,0.5924587845802307,0.10856067389249802,-0.3792591691017151,0.27683746814727783,0.45694535970687866,-0.0641191154718399,0.014024042524397373,0.06625525653362274,0.9999244213104248,0.06675239652395248,-0.02029070071876049,-0.06763692200183868,0.9997937083244324,0.005562023725360632,0.4048946797847748,0.06327919661998749,0.9170644879341125,0.2879965305328369,0.15067428350448608,0.01997929997742176,0.6918200254440308,0.048662349581718445,0.7615858912467957,-0.03829401731491089,0.9256227612495422,0.10170374810695648,0.4199106693267822,0.1081271693110466,0.5246293544769287,0.033370889723300934,0.8004129528999329,-0.040143631398677826,0.8716965317726135,0.07786059379577637,0.4423665702342987,0.0880185216665268,0.5538800358772278,0.05053068697452545,0.8334880471229553,0.04162424057722092,0.8549292087554932,0.1278756856918335,0.5024897456169128,0.17741933465003967,0.47896134853363037
68,2.2666666666666666,0.09214982390403748,-0.5897988080978394,0.16919966042041779,0.9994783401489258,0.06305669248104095,-0.6037814617156982,0.1613502949476242,0.9995275139808655,0.06318416446447372,-0.6080791354179382,0.1695736050605774,0.9996001720428467,0.06491324305534363,-0.6066466569900513,0.16830924153327942,0.9996989369392395,0.09912972897291183,-0.6143007278442383,0.1244637742638588,0.9995366930961609,0.10116259008646011,-0.6117333173751831,0.11547844111919403,0.9995637536048889,0.1084480881690979,-0.6001133918762207,0.13376276195049286,0.9995765089988708,-0.037284158170223236,-0.5708770751953125,0.12391431629657745,0.9998735785484314,0.055465664714574814,-0.5064544677734375,0.041151173412799835,0.9993146061897278,0.06818734109401703,-0.5674870014190674,0.1754990965127945,0.9989040493965149,0.09177001565694809,-0.5283846855163574,0.12466036528348923,0.9985097050666809,-0.14166906476020813,-0.41057518124580383,0.16512832045555115,0.9999403357505798,0.12158890813589096,-0.4684095084667206,0.06306730210781097,0.9995400309562683,-0.17770007252693176,-0.281269371509552,0.25191086530685425,0.7140561938285828,0.228969007730484,-0.2569977343082428,0.1228969469666481,0.5795025825500488,-0.10721921175718307,-0.30308377742767334,0.4889989495277405,0.5600684881210327,0.12774494290351868,-0.3086071014404297,0.3366090655326843,0.41389450430870056,-0.17698971927165985,-0.32554301619529724,0.5367452502250671,0.5522556900978088,0.1485094279050827,-0.3576945960521698,0.3450927734375,0.41980573534965515,-0.10550268739461899,-0.3258605897426605,0.534318745136261,0.5532142519950867,0.12706157565116882,-0.40117818117141724,0.3561982214450836,0.42189574241638184,-0.12573124468326569,-0.28885772824287415,0.4924682676792145,0.5349651575088501,0.10399752855300903,-0.3371397852897644,0.34422099590301514,0.4132733941078186,-0.06233600527048111,0.014719692058861256,0.06528684496879578,0.9999299645423889,0.06481413543224335,-0.02094978094100952,-0.0663769468665123,0.9998083114624023,0.011443295516073704,0.4061349034309387,0.06003813445568085,0.9185396432876587,0.28914955258369446,0.17921508848667145,-0.025274129584431648,0.7097006440162659,0.03873402625322342,0.7577543258666992,-0.022144369781017303,0.9296318888664246,0.11900394409894943,0.386656790971756,0.11902275681495667,0.5381345748901367,0.016429804265499115,0.797942042350769,-0.022058870643377304,0.8823769688606262,0.09481015056371689,0.40277838706970215,0.1019740104675293,0.5734819173812866,0.041955966502428055,0.8368529677391052,0.06586737185716629,0.8551615476608276,0.12789477407932281,0.45942413806915283,0.20126201212406158,0.467166930437088
69,2.3,0.14026369154453278,-0.5818062424659729,0.08270861953496933,0.999526858329773,0.10420317202806473,-0.5994654297828674,0.07266158610582352,0.999571681022644,0.10545007139444351,-0.6058894991874695,0.08265164494514465,0.9996370077133179,0.1051631048321724,-0.602863609790802,0.08031760901212692,0.9997261762619019,0.13536398112773895,-0.6111388802528381,0.05200645700097084,0.9995813965797424,0.1303430050611496,-0.6053980588912964,0.04008853808045387,0.9996061325073242,0.14325787127017975,-0.5959010720252991,0.05906276777386665,0.999617338180542,-0.01514760684221983,-0.5706088542938232,0.06143203377723694,0.9998845458030701,0.0557989627122879,-0.5083388090133667,0.007272622548043728,0.999379575252533,0.11051640659570694,-0.5606761574745178,0.09233100712299347,0.9989919066429138,0.12167967855930328,-0.5241602063179016,0.06212111562490463,0.9986385107040405,-0.10560519248247147,-0.4083441197872162,0.16600768268108368,0.9999313354492188,0.1096535474061966,-0.46727845072746277,0.013871963135898113,0.999560534954071,-0.028128644451498985,-0.2932843863964081,0.28484031558036804,0.6483569145202637,0.2584170997142792,-0.26548388600349426,0.008895672857761383,0.6133767366409302,0.09246707707643509,-0.3095014691352844,0.5243752598762512,0.5050612688064575,0.19220779836177826,-0.31901395320892334,0.2564532160758972,0.38396525382995605,0.09842589497566223,-0.3286838233470917,0.563628077507019,0.49855250120162964,0.2139652669429779,-0.36082178354263306,0.2673320770263672,0.3882218599319458,0.11135133355855942,-0.33349934220314026,0.5684283375740051,0.49949637055397034,0.207214817404747,-0.3973624110221863,0.31720057129859924,0.38898345828056335,0.10684263706207275,-0.29590922594070435,0.5213847756385803,0.4835869371891022,0.17534655332565308,-0.3410532474517822,0.2774863541126251,0.3800831735134125,-0.05456337705254555,0.01595364697277546,0.0794428363442421,0.9999359846115112,0.05686439946293831,-0.021464087069034576,-0.08014780282974243,0.9998255372047424,0.034004926681518555,0.40693849325180054,0.045388586819171906,0.9263741970062256,0.29356542229652405,0.1518329679965973,0.0010328078642487526,0.7374486923217773,0.01698644831776619,0.7479332685470581,-0.02548917382955551,0.9364341497421265,0.2935144603252411,0.4382425546646118,0.12659138441085815,0.5826638340950012,-0.00789227057248354,0.7885273098945618,-0.027446022257208824,0.893876314163208,0.30072012543678284,0.4690796732902527,0.1099528968334198,0.6130116581916809,0.03611074388027191,0.8277429342269897,0.05410538986325264,0.8687825202941895,0.4186059832572937,0.49342474341392517,0.1872829645872116,0.5120428204536438
70,2.3333333333333335,0.12142186611890793,-0.5816118121147156,-0.07589872181415558,0.9995736479759216,0.10728046298027039,-0.6018241047859192,-0.06172560900449753,0.9996142983436584,0.11001596599817276,-0.6060526371002197,-0.050227224826812744,0.9996729493141174,0.10981536656618118,-0.6042995452880859,-0.053294867277145386,0.9997532963752747,0.11342057585716248,-0.6121500730514526,-0.09813655912876129,0.9996231198310852,0.11297323554754257,-0.6075955033302307,-0.11183061450719833,0.9996453523635864,0.1205575093626976,-0.5976331830024719,-0.08996006101369858,0.9996554255485535,0.050591498613357544,-0.5814197063446045,0.030553095042705536,0.9998956322669983,0.025021633133292198,-0.5150328278541565,-0.058737028390169144,0.9994406700134277,0.11283997446298599,-0.5634798407554626,-0.02202012576162815,0.9990828037261963,0.10456103831529617,-0.5271120667457581,-0.07653272897005081,0.9987642168998718,-0.04176155477762222,-0.4334547817707062,0.19567231833934784,0.9998667240142822,0.10367974638938904,-0.47867441177368164,-0.020345477387309074,0.9995387196540833,0.09635601937770844,-0.3365296721458435,0.26699018478393555,0.588824987411499,0.26503807306289673,-0.2728707790374756,-0.07867557555437088,0.6346954107284546,0.2102581113576889,-0.306018203496933,0.3782333731651306,0.464312881231308,0.3068021833896637,-0.2842682898044586,-0.01656797155737877,0.3883432149887085,0.21442201733589172,-0.3224908709526062,0.42744919657707214,0.46333733201026917,0.34336790442466736,-0.30868247151374817,-0.04994043707847595,0.3892659842967987,0.21556437015533447,-0.32001757621765137,0.4363436996936798,0.4642995595932007,0.33775758743286133,-0.33880385756492615,-0.03602922707796097,0.38588017225265503,0.22269752621650696,-0.28922757506370544,0.3797084391117096,0.4495290517807007,0.2998851239681244,-0.2984987199306488,-0.014606200158596039,0.36964863538742065,-0.047778286039829254,0.01577138528227806,0.09894554316997528,0.9999419450759888,0.0500868484377861,-0.020882070064544678,-0.09774946421384811,0.9998423457145691,0.0773959681391716,0.40265125036239624,0.07830303907394409,0.9325703382492065,0.2863761782646179,0.18830282986164093,-0.06287237256765366,0.7635231018066406,0.004717090167105198,0.7378512024879456,0.11761563271284103,0.9419680237770081,0.48486796021461487,0.47347310185432434,0.013338342308998108,0.624187707901001,-0.024098863825201988,0.7780390381813049,0.13332995772361755,0.9037980437278748,0.5104368925094604,0.49870064854621887,-0.015086009167134762,0.6513233184814453,0.049383893609046936,0.8113402128219604,0.16402596235275269,0.8802416324615479,0.6370507478713989,0.48136383295059204,-0.007253179792314768,0.560010552406311
71,2.3666666666666667,0.10911082476377487,-0.590215265750885,-0.22779324650764465,0.9996161460876465,0.10147233307361603,-0.6138391494750977,-0.21197469532489777,0.9996528029441833,0.10426681488752365,-0.6143738627433777,-0.1989067941904068,0.9997054934501648,0.10330193489789963,-0.6140782237052917,-0.20259258151054382,0.9997778534889221,0.09989886730909348,-0.6224390268325806,-0.2371060848236084,0.9996607899665833,0.09993273764848709,-0.6177915334701538,-0.2496543675661087,0.9996808171272278,0.10706140846014023,-0.6103349924087524,-0.22761423885822296,0.9996898770332336,0.08655907958745956,-0.6032520532608032,-0.06475094705820084,0.9999058246612549,-0.005601142533123493,-0.5326150059700012,-0.1472558230161667,0.9994964599609375,0.11759410053491592,-0.5842830538749695,-0.16618387401103973,0.9991729259490967,0.09538361430168152,-0.5419745445251465,-0.212953120470047,0.99888676404953,0.04205523058772087,-0.46573084592819214,0.1444888859987259,0.9998567700386047,0.08597984164953232,-0.4903221130371094,-0.08895695954561234,0.9995827078819275,0.05572741478681564,-0.3360222578048706,0.29223233461380005,0.5357823967933655,0.2718959152698517,-0.2801182270050049,-0.2042957991361618,0.6709238290786743,0.12087888270616531,-0.17607910931110382,0.4287114441394806,0.4242474138736725,0.47628915309906006,-0.24681030213832855,-0.2679823935031891,0.44925859570503235,0.2005704641342163,-0.15127666294574738,0.47631701827049255,0.42700842022895813,0.5428792238235474,-0.24568723142147064,-0.3382941782474518,0.4498317539691925,0.18080966174602509,-0.13931049406528473,0.46686553955078125,0.427899569272995,0.5801745653152466,-0.2817014753818512,-0.3188912868499756,0.4467354714870453,0.1356421560049057,-0.1451164335012436,0.4345180094242096,0.41337376832962036,0.49523401260375977,-0.25657689571380615,-0.26748278737068176,0.43123844265937805,-0.011852066032588482,0.012391886673867702,0.10661504417657852,0.9999474287033081,0.013332534581422806,-0.01798582635819912,-0.10359621047973633,0.9998579025268555,0.13611797988414764,0.4001011550426483,0.10330117493867874,0.9382978081703186,0.24371539056301117,0.17714667320251465,-0.289248526096344,0.7871119976043701,0.006330845411866903,0.737774670124054,0.20877060294151306,0.9471672177314758,0.3623674511909485,0.4697280526161194,-0.16588416695594788,0.66138756275177,-0.019970519468188286,0.7782008051872253,0.23205286264419556,0.9127194285392761,0.39318788051605225,0.466127872467041,-0.18773436546325684,0.6856182813644409,0.08129395544528961,0.8138129115104675,0.24420250952243805,0.8911548256874084,0.5266844630241394,0.3499068319797516,-0.21665388345718384,0.6034250855445862
72,2.4,0.10622796416282654,-0.5991945862770081,-0.2522609531879425,0.9996542930603027,0.10220250487327576,-0.6233472228050232,-0.23871628940105438,0.9996874332427979,0.10441256314516068,-0.622406542301178,-0.22523872554302216,0.9997346997261047,0.10338561236858368,-0.6227272748947144,-0.22937847673892975,0.9997998476028442,0.0930589884519577,-0.6314800381660461,-0.2610729932785034,0.9996946454048157,0.0934201180934906,-0.6270524859428406,-0.2746463119983673,0.9997127056121826,0.09992864727973938,-0.6193466186523438,-0.2519005537033081,0.9997208714485168,0.10356927663087845,-0.6151779890060425,-0.0988164022564888,0.999914824962616,-0.012254676781594753,-0.5459292531013489,-0.16697239875793457,0.9995465874671936,0.12251449376344681,-0.5958709120750427,-0.1949729323387146,0.9992531538009644,0.09206155687570572,-0.5532127618789673,-0.23775333166122437,0.9989961981773376,0.055939242243766785,-0.47701990604400635,0.12796901166439056,0.9998112320899963,0.0932343602180481,-0.4969601631164551,-0.11312437057495117,0.9996179342269897,0.03337368741631508,-0.3354366421699524,0.2756577432155609,0.4873814880847931,0.29640525579452515,-0.29612159729003906,-0.23627901077270508,0.7036052346229553,0.0565921850502491,-0.15607208013534546,0.3955141007900238,0.3860575258731842,0.5019079446792603,-0.2442682981491089,-0.2928151786327362,0.5040658712387085,0.030513130128383636,-0.12691770493984222,0.4353770613670349,0.39150726795196533,0.567160427570343,-0.23295190930366516,-0.3620782494544983,0.5042477250099182,0.02957831881940365,-0.11446592211723328,0.4241965115070343,0.3922019302845001,0.60595703125,-0.2660214304924011,-0.340052992105484,0.501375675201416,0.06197740510106087,-0.1234278753399849,0.39958831667900085,0.3786593973636627,0.5198548436164856,-0.2504342496395111,-0.2906222343444824,0.4864286482334137,-0.009904340840876102,0.012448186986148357,0.10801571607589722,0.9999520182609558,0.01117779966443777,-0.018010908737778664,-0.10482672601938248,0.9998716711997986,0.1433437615633011,0.40059152245521545,0.10234062373638153,0.94362872838974,0.20352457463741302,0.16381129622459412,-0.2067861407995224,0.8082893490791321,0.011429638601839542,0.7398225665092468,0.20024216175079346,0.9519276022911072,0.3877911865711212,0.4489153325557709,-0.06709229201078415,0.694715678691864,-0.01795206032693386,0.7794650197029114,0.22325998544692993,0.9208590388298035,0.423109769821167,0.44203895330429077,-0.08778565376996994,0.7164157032966614,0.09058080613613129,0.8172982335090637,0.23222914338111877,0.9006535410881042,0.5583966970443726,0.3252248764038086,-0.0978895053267479,0.6419169306755066
73,2.433333333333333,0.1018112525343895,-0.5948224663734436,-0.3213961720466614,0.9996888041496277,0.0961834266781807,-0.6192818880081177,-0.302805632352829,0.9997185468673706,0.09786511957645416,-0.6181446313858032,-0.29159337282180786,0.9997610449790955,0.0980423167347908,-0.6184808015823364,-0.2949523329734802,0.9998196959495544,0.06968842446804047,-0.6254479885101318,-0.3248324692249298,0.9997250437736511,0.06910212337970734,-0.6220659613609314,-0.33702167868614197,0.9997413158416748,0.07254219055175781,-0.6118506193161011,-0.31424418091773987,0.9997486472129822,0.10351578891277313,-0.6126609444618225,-0.15473982691764832,0.9999231696128845,-0.04318222403526306,-0.545372724533081,-0.21428731083869934,0.9995914101600647,0.11254396289587021,-0.5920184254646301,-0.2597002387046814,0.9993259906768799,0.07809634506702423,-0.5505096912384033,-0.3004297614097595,0.9990940690040588,0.13303294777870178,-0.4716338515281677,0.09656021744012833,0.9998220205307007,0.05337946116924286,-0.4951924681663513,-0.14333347976207733,0.9996274709701538,0.30655917525291443,-0.33704519271850586,0.18787223100662231,0.4847663640975952,0.2559915781021118,-0.3003979027271271,-0.19906243681907654,0.7318166494369507,0.4973314106464386,-0.1998225301504135,0.1867496520280838,0.42758864164352417,0.4402644634246826,-0.24124301970005035,-0.1962336301803589,0.5526525974273682,0.5244499444961548,-0.19781920313835144,0.2070717215538025,0.43688270449638367,0.49999532103538513,-0.24377140402793884,-0.2563638389110565,0.5523960590362549,0.5225653052330017,-0.19059090316295624,0.17612819373607635,0.4386569559574127,0.5362142324447632,-0.28729748725891113,-0.23867438733577728,0.5498295426368713,0.5138363242149353,-0.17477431893348694,0.1753401905298233,0.4253287613391876,0.4593200981616974,-0.2541472315788269,-0.19498476386070251,0.5351560711860657,0.009300697594881058,0.01260338444262743,0.10353481024503708,0.999946117401123,-0.006299732252955437,-0.018140031024813652,-0.10112195461988449,0.9998636841773987,0.12047799676656723,0.40043848752975464,0.12080740183591843,0.9393549561500549,0.2678402066230774,0.03325711563229561,-0.1619221717119217,0.8251296877861023,0.010389002040028572,0.738662838935852,0.20442183315753937,0.9556141495704651,0.20665563642978668,0.23781061172485352,0.1167236715555191,0.7119922637939453,-0.018872801214456558,0.7759689092636108,0.22431489825248718,0.9276352524757385,0.1927870512008667,0.2505742609500885,0.11965664476156235,0.7350343465805054,0.08436715602874756,0.7882489562034607,0.24175161123275757,0.9094381332397461,0.28278326988220215,0.25238943099975586,0.1915305256843567,0.6681267619132996
74,2.466666666666667,0.04282144084572792,-0.6009835600852966,-0.3150220215320587,0.9997199177742004,0.05003277584910393,-0.6260116696357727,-0.2970002293586731,0.9997466802597046,0.05205713212490082,-0.6254879236221313,-0.28632688522338867,0.9997848868370056,0.04959029704332352,-0.6257830858230591,-0.290034681558609,0.9998376965522766,0.016885429620742798,-0.6306898593902588,-0.31380555033683777,0.9997525215148926,0.017338061705231667,-0.6283386945724487,-0.3257570266723633,0.9997671842575073,0.02016632817685604,-0.6172791719436646,-0.30346933007240295,0.9997737407684326,0.09112078696489334,-0.6282552480697632,-0.15397515892982483,0.9999307990074158,-0.08198968321084976,-0.55912846326828,-0.19205783307552338,0.9996321797370911,0.08537542819976807,-0.5989794135093689,-0.25537118315696716,0.9993931651115417,0.02866206131875515,-0.5581846833229065,-0.2900174856185913,0.9991843700408936,0.1512715071439743,-0.48666179180145264,0.0914962962269783,0.9998381733894348,-0.015820857137441635,-0.5044139623641968,-0.13183197379112244,0.9996551275253296,0.32341980934143066,-0.35476312041282654,0.18341436982154846,0.5123617053031921,0.14078934490680695,-0.2979219853878021,-0.25772687792778015,0.7581232786178589,0.5268551707267761,-0.2192973494529724,0.2009672075510025,0.4832964241504669,0.337101012468338,-0.2523421049118042,-0.35417038202285767,0.5971529483795166,0.5584233999252319,-0.22165994346141815,0.22423601150512695,0.4917422831058502,0.3901278078556061,-0.24852120876312256,-0.42340561747550964,0.5967020392417908,0.558224081993103,-0.21142646670341492,0.19083940982818604,0.49357855319976807,0.4379574954509735,-0.2900581657886505,-0.41083529591560364,0.5943924188613892,0.5410940647125244,-0.19710136950016022,0.1872337907552719,0.4812906086444855,0.3557266891002655,-0.2637771666049957,-0.35362380743026733,0.5805449485778809,0.03492577001452446,0.012221140787005424,0.10078781843185425,0.9999430775642395,-0.03188329562544823,-0.01703876443207264,-0.09803786873817444,0.9998492002487183,0.1079750508069992,0.39035338163375854,0.10267969965934753,0.9302842617034912,0.17607301473617554,0.13261063396930695,-0.1791532337665558,0.8371940851211548,-0.008532767184078693,0.7381590008735657,0.18735161423683167,0.9553884863853455,-0.009025976061820984,0.17945873737335205,0.12642966210842133,0.681725025177002,-0.04304048791527748,0.7747244238853455,0.20701929926872253,0.9262956976890564,-0.023839393630623817,0.17247867584228516,0.12736102938652039,0.7028415203094482,0.030693741515278816,0.7896074652671814,0.22215227782726288,0.9124547243118286,-0.012635237537324429,0.1853853315114975,0.2048293650150299,0.6556380987167358
75,2.5,0.02107301913201809,-0.6044634580612183,-0.2449709177017212,0.9997479319572449,0.031025469303131104,-0.6312432885169983,-0.23420140147209167,0.9997720122337341,0.03436422720551491,-0.6303041577339172,-0.22289706766605377,0.9998063445091248,0.032578084617853165,-0.631138801574707,-0.22621813416481018,0.9998539090156555,0.003222714876756072,-0.6354561448097229,-0.2540957033634186,0.9997772574424744,0.004980658646672964,-0.633691132068634,-0.26567378640174866,0.9997904300689697,0.00782384630292654,-0.6237760186195374,-0.2442989945411682,0.9997963309288025,0.08443333953619003,-0.6305881142616272,-0.11423754692077637,0.9999376535415649,-0.0829152762889862,-0.565631091594696,-0.14223916828632355,0.9996688365936279,0.06197432056069374,-0.6006829142570496,-0.19682691991329193,0.9994537234306335,0.008737266063690186,-0.5605399012565613,-0.233851358294487,0.999265730381012,0.14778822660446167,-0.4807588756084442,0.11425081640481949,0.9998540282249451,-0.049555014818906784,-0.5125293731689453,-0.09266731888055801,0.9996881484985352,0.3046755790710449,-0.35678425431251526,0.19400739669799805,0.5518816709518433,-0.011966570280492306,-0.29984503984451294,-0.21933436393737793,0.7818634510040283,0.49027231335639954,-0.22677470743656158,0.22081094980239868,0.5343056917190552,0.14869751036167145,-0.259634405374527,-0.39820435643196106,0.6370437145233154,0.5152953863143921,-0.23296873271465302,0.23857563734054565,0.5418614149093628,0.1925848424434662,-0.2509608864784241,-0.47894278168678284,0.6365591287612915,0.513282299041748,-0.22178888320922852,0.2049219012260437,0.5436322689056396,0.2810264229774475,-0.29084473848342896,-0.4685903787612915,0.6344900727272034,0.5009045004844666,-0.19863472878932953,0.20664292573928833,0.5324616432189941,0.18232330679893494,-0.26998624205589294,-0.40204572677612305,0.6214504837989807,0.044099267572164536,0.014504441060125828,0.09613967686891556,0.9999482035636902,-0.04204115644097328,-0.019568806514143944,-0.09352735430002213,0.9998626708984375,0.0571589432656765,0.39384081959724426,0.08199809491634369,0.9321833848953247,0.08660029619932175,0.13977505266666412,-0.22032944858074188,0.8532214760780334,-0.03005092591047287,0.7727800011634827,0.10859479010105133,0.9580667614936829,-0.18141821026802063,0.10343898087739944,-0.2877289056777954,0.7122240662574768,-0.060794588178396225,0.8105867505073547,0.11669343709945679,0.9319759607315063,-0.20767900347709656,0.08497534692287445,-0.33093729615211487,0.729995608329773,0.02825350873172283,0.8068562150001526,0.10705823451280594,0.9197437167167664,-0.23148024082183838,0.034669846296310425,-0.31983375549316406,0.6894007325172424
76,2.533333333333333,0.027630114927887917,-0.6133120059967041,-0.2844730317592621,0.9997730255126953,0.03414088115096092,-0.6359083652496338,-0.26743146777153015,0.9997946619987488,0.037496503442525864,-0.6359728574752808,-0.2554878294467926,0.9998254776000977,0.036002565175294876,-0.6364981532096863,-0.25892940163612366,0.9998683333396912,0.01122831180691719,-0.6422709226608276,-0.27968594431877136,0.9997994303703308,0.012936805374920368,-0.6407911777496338,-0.29154711961746216,0.9998112916946411,0.015776894986629486,-0.6298816800117493,-0.2697765827178955,0.9998165369033813,0.10655753314495087,-0.6287094950675964,-0.1398824006319046,0.9999437928199768,-0.06747239828109741,-0.5672079920768738,-0.14854981005191803,0.9997012615203857,0.06697431206703186,-0.6044619679450989,-0.23001420497894287,0.9995078444480896,0.018357805907726288,-0.5654954314231873,-0.2594441771507263,0.999337911605835,0.19574159383773804,-0.47736749053001404,0.04332646355032921,0.9998672604560852,-0.04007558524608612,-0.5123425126075745,-0.08163168281316757,0.9996771812438965,0.35127806663513184,-0.39069849252700806,0.18306468427181244,0.5931128859519958,-0.004385653417557478,-0.32125163078308105,-0.2847793996334076,0.7951388955116272,0.5167039632797241,-0.2895107567310333,0.2815116047859192,0.5791650414466858,0.008228267543017864,-0.31441816687583923,-0.5628999471664429,0.6548642516136169,0.5419213771820068,-0.2803947329521179,0.31595733761787415,0.5849859714508057,0.021016184240579605,-0.3078680634498596,-0.6397409439086914,0.6531835794448853,0.5479549169540405,-0.26944562792778015,0.26409003138542175,0.5870625972747803,0.06259696185588837,-0.3503185212612152,-0.6367700099945068,0.6514124274253845,0.5332214832305908,-0.2595716416835785,0.26023831963539124,0.576894223690033,0.01858147792518139,-0.3248552978038788,-0.5736344456672668,0.6328687071800232,0.06189852952957153,0.017190800979733467,0.06441954523324966,0.9999522566795349,-0.06079763546586037,-0.021721016615629196,-0.05849621072411537,0.9998713731765747,0.0551280602812767,0.43546196818351746,-0.05089839920401573,0.93889981508255,-0.22775661945343018,0.1280914843082428,-0.0780949741601944,0.8672881126403809,-0.023510325700044632,0.8030950427055359,-0.05749505013227463,0.9622109532356262,-0.5751235485076904,0.18238693475723267,0.008799402974545956,0.7404428720474243,-0.054331500083208084,0.8398987650871277,-0.052210431545972824,0.9384956359863281,-0.6118518710136414,0.17945028841495514,-0.03660883754491806,0.7546411752700806,0.02696644887328148,0.8591663241386414,-0.13155797123908997,0.9276624321937561,-0.684532642364502,0.16114632785320282,-0.22249099612236023,0.7197616696357727
77,2.5666666666666664,0.022504674270749092,-0.6202715635299683,-0.2784126102924347,0.99979567527771,0.03445839509367943,-0.6397251486778259,-0.2646518051624298,0.999815046787262,0.036413587629795074,-0.6403608322143555,-0.25353437662124634,0.9998427033424377,0.035120368003845215,-0.6403976678848267,-0.25627824664115906,0.9998813271522522,0.009231467731297016,-0.6457686424255371,-0.2713201940059662,0.9998193979263306,0.01048712432384491,-0.6453447937965393,-0.28189587593078613,0.9998301267623901,0.013670854270458221,-0.6327680349349976,-0.2614855468273163,0.9998348355293274,0.12066259980201721,-0.6301621794700623,-0.15157917141914368,0.9999492764472961,-0.058766599744558334,-0.5717856287956238,-0.14505310356616974,0.9997308850288391,0.06725197285413742,-0.6076377630233765,-0.22741560637950897,0.9995568990707397,0.021799976006150246,-0.5701354146003723,-0.24814870953559875,0.9994038939476013,0.23298749327659607,-0.47579678893089294,-0.017000023275613785,0.9998801350593567,-0.05673246458172798,-0.5153090953826904,0.009013688191771507,0.9997071027755737,0.3868182599544525,-0.41317588090896606,0.06707170605659485,0.6335293650627136,-0.1362542361021042,-0.32030630111694336,-0.18693907558918,0.8143765330314636,0.5275800228118896,-0.32378849387168884,0.15563718974590302,0.6211727857589722,-0.2760542929172516,-0.2914083003997803,-0.4237964153289795,0.6892077326774597,0.5509760975837708,-0.3088819086551666,0.17474134266376495,0.6263116002082825,-0.29685723781585693,-0.2804991602897644,-0.49525752663612366,0.687638521194458,0.5438987016677856,-0.304031640291214,0.13197171688079834,0.6282185316085815,-0.26244717836380005,-0.31193533539772034,-0.5147603750228882,0.6860772371292114,0.5351007580757141,-0.2984926700592041,0.13741321861743927,0.6190298199653625,-0.2732054889202118,-0.2955126464366913,-0.44348984956741333,0.6692673563957214,0.07814260572195053,0.02486087568104267,0.019310643896460533,0.9999545812606812,-0.07667042315006256,-0.028718439862132072,-0.01368033792823553,0.9998790621757507,0.04348888248205185,0.45329853892326355,-0.10295799374580383,0.944913923740387,-0.3691110610961914,0.09227634966373444,0.0158655047416687,0.8792453408241272,-0.036627333611249924,0.8571778535842896,-0.05641744285821915,0.9658929705619812,-0.7476233839988708,0.21871086955070496,0.21593321859836578,0.7656946778297424,-0.06738834828138351,0.895402193069458,-0.04694153741002083,0.9434505105018616,-0.7880356311798096,0.23396529257297516,0.19049136340618134,0.774962842464447,-0.01359708420932293,0.9204562902450562,-0.13632804155349731,0.9347507357597351,-0.8446981310844421,0.1954125612974167,0.10334568470716476,0.7470336556434631
78,2.6,0.022256221622228622,-0.6266729831695557,-0.2563285231590271,0.9998158812522888,0.03529832139611244,-0.6440914273262024,-0.24301645159721375,0.9998329281806946,0.03634735569357872,-0.6451219916343689,-0.23240655660629272,0.9998574256896973,0.03529689833521843,-0.6450150012969971,-0.23532715439796448,0.9998922348022461,0.008765771053731441,-0.6481748819351196,-0.25403741002082825,0.9998371601104736,0.010621380992233753,-0.6486066579818726,-0.26505139470100403,0.9998468160629272,0.013084396719932556,-0.6348710060119629,-0.24444079399108887,0.9998510479927063,0.1133597195148468,-0.6320241093635559,-0.13821347057819366,0.9999536871910095,-0.05645399168133736,-0.5712215304374695,-0.13019326329231262,0.999756932258606,0.06773900240659714,-0.6116763353347778,-0.20827792584896088,0.9996007680892944,0.02242097444832325,-0.5736287236213684,-0.23317767679691315,0.9994627833366394,0.22666244208812714,-0.474579393863678,-0.01837228238582611,0.999890923500061,-0.07426252961158752,-0.5142440795898438,0.010532806627452374,0.9997332096099854,0.3739531338214874,-0.4061625599861145,-0.06719708442687988,0.6649639010429382,-0.16275234520435333,-0.32672837376594543,-0.17550216615200043,0.8308859467506409,0.4798412621021271,-0.32282203435897827,-0.16362333297729492,0.6542285084724426,-0.2945152819156647,-0.29466885328292847,-0.4248408377170563,0.7197213172912598,0.4958917796611786,-0.30676203966140747,-0.17746642231941223,0.6576143503189087,-0.31287840008735657,-0.28147199749946594,-0.49626895785331726,0.7180558443069458,0.4809820055961609,-0.3053607940673828,-0.21293525397777557,0.6601226925849915,-0.2756201922893524,-0.3145194351673126,-0.5187533497810364,0.7167035341262817,0.4808689057826996,-0.2991985082626343,-0.18434669077396393,0.6500053405761719,-0.29159078001976013,-0.29699480533599854,-0.44606226682662964,0.7009068131446838,0.08133859187364578,0.02735426276922226,0.0121604660525918,0.9999568462371826,-0.07955961674451828,-0.03121006116271019,-0.0066887857392430305,0.9998878240585327,0.040115609765052795,0.4527222216129303,-0.1085028126835823,0.9501213431358337,-0.3537369668483734,0.07147267460823059,0.04338846355676651,0.8874611854553223,-0.037894297391176224,0.8484287261962891,-0.03355491906404495,0.9690039753913879,-0.7389485836029053,0.23206771910190582,0.25621795654296875,0.787003755569458,-0.06608365476131439,0.8873342275619507,-0.020128628239035606,0.946100652217865,-0.7786862850189209,0.24434171617031097,0.23349572718143463,0.7849225401878357,-0.019120551645755768,0.9120748043060303,-0.10134397447109222,0.9407834410667419,-0.8275108933448792,0.21169790625572205,0.17028196156024933,0.7694658041000366
79,2.6333333333333333,-0.013772320002317429,-0.626087486743927,-0.28395918011665344,0.9998330473899841,0.006471660453826189,-0.6421852707862854,-0.272993803024292,0.9998452663421631,0.007444456219673157,-0.6421732306480408,-0.2649211585521698,0.9998665452003479,0.0065192230977118015,-0.6427956223487854,-0.26683080196380615,0.9998989701271057,-0.017674371600151062,-0.6442518830299377,-0.2809540629386902,0.9998502135276794,-0.0153249716386199,-0.6456249356269836,-0.29233455657958984,0.9998590350151062,-0.012603573501110077,-0.6310598850250244,-0.2725142240524292,0.9998623728752136,0.10879693180322647,-0.6194167137145996,-0.1918332576751709,0.9999555945396423,-0.05813144892454147,-0.5626452565193176,-0.1453215330839157,0.9997715353965759,0.03834376484155655,-0.6051352620124817,-0.2434532642364502,0.9996387362480164,-0.0032522017136216164,-0.5692830681800842,-0.2604261338710785,0.999512255191803,0.199927419424057,-0.45886966586112976,-0.1061982735991478,0.9999008774757385,-0.0859803631901741,-0.5007365942001343,0.02508796565234661,0.9997454285621643,0.3635995388031006,-0.39804327487945557,-0.2406192272901535,0.6974944472312927,-0.2484218180179596,-0.33385688066482544,0.004552360158413649,0.8339642882347107,0.44207659363746643,-0.3181944787502289,-0.39449045062065125,0.6862975358963013,-0.4640626013278961,-0.31692934036254883,-0.13574928045272827,0.7396513223648071,0.45870187878608704,-0.3045560121536255,-0.42314383387565613,0.6876406073570251,-0.486571729183197,-0.30946239829063416,-0.17005719244480133,0.7348775863647461,0.4387664198875427,-0.308828204870224,-0.44499868154525757,0.6903282999992371,-0.4752529263496399,-0.3463636338710785,-0.21933132410049438,0.7348984479904175,0.44026827812194824,-0.29725927114486694,-0.4132500886917114,0.6796239018440247,-0.4720552861690521,-0.3232101798057556,-0.16626982390880585,0.7202765941619873,0.08183535188436508,0.031201587989926338,-0.004939077887684107,0.9999576210975647,-0.07923319935798645,-0.03573504462838173,0.008648279123008251,0.999893069267273,0.019926710054278374,0.4614463448524475,-0.10645394027233124,0.9535390138626099,-0.3733556866645813,0.013002142310142517,0.0026301294565200806,0.893045961856842,-0.05128875747323036,0.8409969806671143,-0.010628036223351955,0.9698165059089661,-0.735538125038147,0.2388330101966858,0.18808431923389435,0.8032403588294983,-0.07664726674556732,0.8786367774009705,0.0017621534643694758,0.936534583568573,-0.7739403247833252,0.2497379332780838,0.17118768393993378,0.7894883751869202,-0.05337353050708771,0.9177243709564209,-0.05726171284914017,0.9434604048728943,-0.8253193497657776,0.22169288992881775,0.09861905872821808,0.7866647243499756
80,2.6666666666666665,-0.004259263630956411,-0.6180974841117859,-0.34445831179618835,0.9998494982719421,0.013109387829899788,-0.6332207322120667,-0.3326027989387512,0.9998597502708435,0.01390876155346632,-0.6329448819160461,-0.32427552342414856,0.9998788237571716,0.013075880706310272,-0.6334928274154663,-0.3262293040752411,0.9999081492424011,-0.008735718205571175,-0.6367791295051575,-0.33974480628967285,0.9998645782470703,-0.006816470064222813,-0.638278067111969,-0.3503599762916565,0.999872624874115,-0.003734586527571082,-0.6224125027656555,-0.3313572406768799,0.999875545501709,0.11096060276031494,-0.6018410921096802,-0.24604560434818268,0.9999592900276184,-0.0513739176094532,-0.548244297504425,-0.20210176706314087,0.9997929334640503,0.04374798759818077,-0.5925201177597046,-0.30245494842529297,0.9996742010116577,0.003963765222579241,-0.5579553842544556,-0.31901994347572327,0.9995598793029785,0.22105154395103455,-0.4395783841609955,-0.1344044953584671,0.9999095797538757,-0.0839916542172432,-0.48329058289527893,-0.006217506714165211,0.999762773513794,0.41903558373451233,-0.3952333927154541,-0.16408368945121765,0.7275062203407288,-0.2973061800003052,-0.3329268991947174,-0.03093007579445839,0.8498432040214539,0.5624856948852539,-0.326524555683136,-0.1919173151254654,0.7173520922660828,-0.5484321713447571,-0.3159315586090088,-0.1503281444311142,0.7651674747467041,0.5940378308296204,-0.31942176818847656,-0.18691664934158325,0.7180070877075195,-0.5805206894874573,-0.31462734937667847,-0.18206381797790527,0.7599998116493225,0.5868849158287048,-0.3253803253173828,-0.21904361248016357,0.7205625176429749,-0.5661522150039673,-0.3518216013908386,-0.22149662673473358,0.760211169719696,0.5685204863548279,-0.3073219060897827,-0.20959627628326416,0.7108544111251831,-0.5562665462493896,-0.3231758773326874,-0.17581938207149506,0.7471086382865906,0.08542481809854507,0.03341654688119888,-0.0027597674634307623,0.9999595880508423,-0.08287181705236435,-0.03767425939440727,0.0059826308861374855,0.9998996257781982,0.024252522736787796,0.46915096044540405,-0.09384703636169434,0.9580006003379822,-0.3752543032169342,0.03293115273118019,0.012393372133374214,0.9025052785873413,-0.04547952488064766,0.8349849581718445,0.01592608354985714,0.972645103931427,-0.630525529384613,0.2587694227695465,0.2579348683357239,0.821445882320404,-0.07203417271375656,0.8720217943191528,0.03626416251063347,0.9402852058410645,-0.6577628254890442,0.27462905645370483,0.24489541351795197,0.8034425377845764,-0.0631408616900444,0.911037027835846,-0.03561926633119583,0.9487958550453186,-0.7010827660560608,0.2605639696121216,0.19869382679462433,0.8062430024147034
81,2.7,0.0008803767850622535,-0.5944083333015442,-0.3844274580478668,0.9998645186424255,0.017775308340787888,-0.6086947917938232,-0.3729422688484192,0.9998736381530762,0.01584227941930294,-0.6086418032646179,-0.3639705777168274,0.9998908042907715,0.01580771431326866,-0.6097562313079834,-0.3663538992404938,0.999917209148407,-0.00733049213886261,-0.615038275718689,-0.38120540976524353,0.9998780488967896,-0.005363136995583773,-0.6165328025817871,-0.392107754945755,0.9998852610588074,-0.002748853759840131,-0.6006300449371338,-0.3733166456222534,0.9998879432678223,0.11572498083114624,-0.5726964473724365,-0.2816482186317444,0.9999632239341736,-0.038553815335035324,-0.5251266360282898,-0.2484663873910904,0.9998133778572083,0.046426597982645035,-0.5670633316040039,-0.34113264083862305,0.9997065663337708,0.005616033915430307,-0.5343411564826965,-0.3602854013442993,0.9996035695075989,0.22559890151023865,-0.407841295003891,-0.1577475666999817,0.9999174475669861,-0.07692285627126694,-0.4714560806751251,-0.057290151715278625,0.9997766613960266,0.44578954577445984,-0.3855334222316742,-0.15659013390541077,0.7546181082725525,-0.3021472990512848,-0.34362906217575073,-0.05409761145710945,0.8642640709877014,0.6318196058273315,-0.3214053511619568,-0.15401344001293182,0.7454527616500854,-0.5635499954223633,-0.3323032259941101,-0.17086215317249298,0.7879180908203125,0.6728829741477966,-0.31579819321632385,-0.13840262591838837,0.7456930875778198,-0.5985316038131714,-0.3394000828266144,-0.20180657505989075,0.7817642688751221,0.6735780835151672,-0.32063397765159607,-0.17447303235530853,0.7480989098548889,-0.5832482576370239,-0.3731807768344879,-0.23678337037563324,0.7822768688201904,0.6435690522193909,-0.3011796474456787,-0.1710103154182434,0.7393242716789246,-0.5703747868537903,-0.33845755457878113,-0.19398833811283112,0.7707543969154358,0.08690186589956284,0.03473746031522751,0.00019659539975691587,0.9999608397483826,-0.0843174010515213,-0.03864065185189247,0.0026024901308119297,0.9999029040336609,0.039545390754938126,0.46322593092918396,-0.07644222676753998,0.9612405300140381,-0.3878116011619568,0.019115181639790535,-0.002257886342704296,0.9076903462409973,-0.03418464958667755,0.823715090751648,0.0691525861620903,0.9747487902641296,-0.41805097460746765,0.10958607494831085,0.28481441736221313,0.8066104054450989,-0.0634927824139595,0.8579071164131165,0.09270865470170975,0.9401212334632874,-0.3925849497318268,0.10634930431842804,0.28300440311431885,0.7851057052612305,-0.06128959730267525,0.8868281841278076,0.007110374514013529,0.9528610110282898,-0.382068395614624,0.11839032173156738,0.28523027896881104,0.7994812726974487
82,2.7333333333333334,0.004456757567822933,-0.583276629447937,-0.36376678943634033,0.9998780488967896,0.021927975118160248,-0.5976243615150452,-0.35145145654678345,0.999886155128479,0.019087592139840126,-0.5976742506027222,-0.34256377816200256,0.9999015927314758,0.01966680772602558,-0.5988775491714478,-0.3444688320159912,0.9999253749847412,-0.003001346718519926,-0.6060579419136047,-0.36164796352386475,0.999890148639679,-0.0012231454020366073,-0.6072851419448853,-0.3724595606327057,0.9998966455459595,0.0001917998306453228,-0.5914738774299622,-0.3535434901714325,0.9998990893363953,0.11655660718679428,-0.5594199895858765,-0.25901278853416443,0.9999667406082153,-0.03149348497390747,-0.5190390348434448,-0.23399029672145844,0.9998316764831543,0.04780522361397743,-0.5551808476448059,-0.3215343952178955,0.9997356534004211,0.00780146149918437,-0.5242363810539246,-0.34260937571525574,0.9996427893638611,0.22038060426712036,-0.3992574214935303,-0.1384257972240448,0.9999246001243591,-0.07693761587142944,-0.46550503373146057,-0.05833883583545685,0.9997850656509399,0.4551604986190796,-0.3781973719596863,-0.14164036512374878,0.778840184211731,-0.30278563499450684,-0.35772645473480225,-0.06539127230644226,0.8754063844680786,0.6541501879692078,-0.31953707337379456,-0.1373613327741623,0.7704785466194153,-0.565729558467865,-0.3545067012310028,-0.17033249139785767,0.8050587177276611,0.7002415060997009,-0.31300070881843567,-0.12210503965616226,0.7698867321014404,-0.6018772125244141,-0.364912748336792,-0.19792421162128448,0.793766438961029,0.69621342420578,-0.3169258236885071,-0.1598605513572693,0.7723013758659363,-0.5855520963668823,-0.3974529206752777,-0.23216114938259125,0.7955434322357178,0.665243923664093,-0.29831013083457947,-0.1559247225522995,0.7643967270851135,-0.5733003616333008,-0.360666960477829,-0.19426672160625458,0.7867512106895447,0.08272260427474976,0.03518343344330788,0.0028795863036066294,0.9999624490737915,-0.08017825335264206,-0.039087601006031036,-7.504368113586679e-05,0.9999057650566101,0.03889993578195572,0.45956510305404663,-0.06802401691675186,0.9631747603416443,-0.31447938084602356,-0.08839067816734314,-0.013840949162840843,0.8934965133666992,-0.032770853489637375,0.7977389693260193,0.06792382150888443,0.9755077958106995,-0.2818346619606018,-0.0200797226279974,0.24198798835277557,0.7619150876998901,-0.06237220764160156,0.8298919796943665,0.08914686739444733,0.9382206201553345,-0.26720064878463745,-0.02571694180369377,0.23249071836471558,0.747785210609436,-0.05231783911585808,0.8502799868583679,0.009739252738654613,0.9550265073776245,-0.2401660978794098,-0.03411220386624336,0.23460812866687775,0.7678302526473999
83,2.7666666666666666,0.0070762038230896,-0.5848726034164429,-0.3374353051185608,0.999890148639679,0.025589292868971825,-0.5992628931999207,-0.32558757066726685,0.999897301197052,0.02269337698817253,-0.5996392369270325,-0.31636396050453186,0.9999111294746399,0.023870468139648438,-0.6007214784622192,-0.31856223940849304,0.999932587146759,0.0008615931146778166,-0.6077965497970581,-0.3367236256599426,0.9999009966850281,0.0025020791217684746,-0.6088220477104187,-0.3476909101009369,0.9999068379402161,0.0034068606328219175,-0.5935552716255188,-0.3283844292163849,0.9999090433120728,0.11687935143709183,-0.5630104541778564,-0.23309001326560974,0.9999696612358093,-0.026202451437711716,-0.5224096179008484,-0.21679513156414032,0.9998478889465332,0.04963096231222153,-0.5579653978347778,-0.29457175731658936,0.9997615218162537,0.010004171170294285,-0.5267736315727234,-0.3174249529838562,0.9996776580810547,0.21375398337841034,-0.40157556533813477,-0.11109968274831772,0.999929666519165,-0.08084303885698318,-0.4685731828212738,-0.03625810891389847,0.999790370464325,0.4123991131782532,-0.3605590760707855,-0.13304783403873444,0.7993768453598022,-0.3009529709815979,-0.3580818772315979,-0.03217196837067604,0.884325385093689,0.5850284695625305,-0.3058302402496338,-0.1744910180568695,0.7922875881195068,-0.5420815348625183,-0.3548175096511841,-0.13336139917373657,0.821586549282074,0.6249761581420898,-0.3052319586277008,-0.17140834033489227,0.7905914187431335,-0.5720467567443848,-0.3651530146598816,-0.16341105103492737,0.808093786239624,0.6207526922225952,-0.31153392791748047,-0.20651040971279144,0.7932279706001282,-0.5545250177383423,-0.40028709173202515,-0.1988438069820404,0.8105964064598083,0.5947267413139343,-0.28676316142082214,-0.19355595111846924,0.7858438491821289,-0.5469305515289307,-0.36233341693878174,-0.15861418843269348,0.8031855225563049,0.084617979824543,0.034975096583366394,0.0019766150508075953,0.999962329864502,-0.08185216039419174,-0.038901858031749725,0.0008167804335244,0.9999063014984131,0.04080819711089134,0.4530833661556244,-0.08148881047964096,0.9605340957641602,-0.3133884370326996,-0.04532432183623314,-0.03625212609767914,0.8692519068717957,-0.014524218626320362,0.7820412516593933,0.025722239166498184,0.9734129905700684,-0.16303475201129913,0.01507543958723545,0.21725545823574066,0.6986706256866455,-0.04307277500629425,0.8140324950218201,0.043251678347587585,0.924843966960907,-0.1402035802602768,0.007392023224383593,0.20466402173042297,0.693844199180603,-0.04666384309530258,0.8313082456588745,-0.03770361840724945,0.953395664691925,-0.1026536300778389,0.0140110207721591,0.20949073135852814,0.7127501368522644
84,2.8,0.005075851920992136,-0.5867056846618652,-0.327798455953598,0.9999009370803833,0.025387803092598915,-0.6014091372489929,-0.3161388039588928,0.9999071359634399,0.023197079077363014,-0.6019222736358643,-0.30687186121940613,0.9999194741249084,0.02405213750898838,-0.6028215289115906,-0.30905476212501526,0.9999389052391052,0.0026712464168667793,-0.6096577644348145,-0.32692280411720276,0.9999105334281921,0.003998993895947933,-0.6105189323425293,-0.337856262922287,0.9999158382415771,0.005644096527248621,-0.5954357981681824,-0.31872689723968506,0.9999178051948547,0.11635057628154755,-0.5675804018974304,-0.22325824201107025,0.9999721050262451,-0.02759604901075363,-0.5244331359863281,-0.2068726122379303,0.9998615980148315,0.048329006880521774,-0.5610811710357666,-0.2853041887283325,0.9997844099998474,0.009499156847596169,-0.5291191935539246,-0.3076513409614563,0.9997084736824036,0.20719172060489655,-0.4068433940410614,-0.10916487127542496,0.99993497133255,-0.08775042742490768,-0.4695797264575958,-0.017202945426106453,0.9997965097427368,0.3963925540447235,-0.35558876395225525,-0.13665610551834106,0.8183658123016357,-0.3135450780391693,-0.3616386651992798,6.614117592107505e-05,0.8933597207069397,0.568869411945343,-0.3006959557533264,-0.17582742869853973,0.8123727440834045,-0.5563241839408875,-0.3614906072616577,-0.09643600136041641,0.8380579352378845,0.6076779961585999,-0.302004337310791,-0.17487791180610657,0.8099254965782166,-0.5858588218688965,-0.3719260096549988,-0.12654970586299896,0.8241546750068665,0.6047254800796509,-0.3107108771800995,-0.2079438716173172,0.8126156330108643,-0.5698114633560181,-0.4091140329837799,-0.16431491076946259,0.8268968462944031,0.5784054398536682,-0.2826036512851715,-0.19539670646190643,0.8058119416236877,-0.5623096823692322,-0.37038454413414,-0.12296061217784882,0.8203926682472229,0.0824754610657692,0.03486120328307152,-0.004396623466163874,0.9999614953994751,-0.07970716059207916,-0.03881550207734108,0.007076638285070658,0.9999045729637146,0.03748054802417755,0.45007216930389404,-0.08445446193218231,0.9603027701377869,-0.2941972017288208,-0.021577538922429085,0.01927272044122219,0.8405174612998962,-0.015575255267322063,0.7835251688957214,0.016137657687067986,0.9715093970298767,-0.22320224344730377,0.01989312656223774,0.2772965133190155,0.6497385501861572,-0.04363873228430748,0.8164587020874023,0.03284372016787529,0.9130750298500061,-0.2148936241865158,0.009884241968393326,0.26619407534599304,0.6535118222236633,-0.053411684930324554,0.8348608613014221,-0.03881724923849106,0.9519670605659485,-0.1973390132188797,-0.003905664663761854,0.2857828438282013,0.6719319820404053
85,2.8333333333333335,-0.0056227464228868484,-0.5916328430175781,-0.3235469460487366,0.9999096393585205,0.017957497388124466,-0.6044480800628662,-0.3118286728858948,0.9999150037765503,0.017328323796391487,-0.6041770577430725,-0.3025512993335724,0.999925434589386,0.01798291876912117,-0.6055245399475098,-0.3056217133998871,0.9999435544013977,-0.0013066346291452646,-0.6123701930046082,-0.3247889280319214,0.9999185800552368,4.2788720747921616e-05,-0.6132893562316895,-0.3369956910610199,0.9999232292175293,0.001616004854440689,-0.5984247326850891,-0.31715553998947144,0.9999252557754517,0.11254841834306717,-0.5703703761100769,-0.22394822537899017,0.9999721646308899,-0.02651863358914852,-0.5265852808952332,-0.20053857564926147,0.9998705387115479,0.037803709506988525,-0.5620845556259155,-0.27931663393974304,0.9998024106025696,0.0035001703072339296,-0.5316749215126038,-0.30696728825569153,0.9997336864471436,0.19501817226409912,-0.4090886116027832,-0.1455019861459732,0.9999380707740784,-0.08235341310501099,-0.4699721932411194,0.021066658198833466,0.9998025298118591,0.27816957235336304,-0.3344859778881073,-0.2923996150493622,0.8130984902381897,-0.2642088830471039,-0.36027905344963074,0.058083534240722656,0.8410788774490356,0.22158080339431763,-0.3008269965648651,-0.4257826507091522,0.8092833161354065,-0.48033949732780457,-0.3557681441307068,-0.03542002663016319,0.8441593050956726,0.20111961662769318,-0.3036484122276306,-0.4514669179916382,0.8062357902526855,-0.5053518414497375,-0.3652293086051941,-0.07019530236721039,0.8307658433914185,0.17046116292476654,-0.3228110373020172,-0.46042951941490173,0.8100963234901428,-0.4860290586948395,-0.40141063928604126,-0.10600776225328445,0.8344756960868835,0.20647838711738586,-0.28700482845306396,-0.43533286452293396,0.7950713038444519,-0.48454156517982483,-0.36504998803138733,-0.061333753168582916,0.826298713684082,0.0807989239692688,0.03589588776230812,-0.021191881969571114,0.9999590516090393,-0.07806097716093063,-0.04050811007618904,0.023368405178189278,0.9999038577079773,0.03693174943327904,0.4551164507865906,-0.08369728177785873,0.9352434277534485,-0.18923908472061157,-0.10529085993766785,0.004115602467209101,0.77360999584198,0.006161602213978767,0.802911639213562,0.007743106223642826,0.9550217390060425,-0.07575792819261551,-0.10879120975732803,0.11184099316596985,0.5925391912460327,-0.015111193992197514,0.837410032749176,0.021298853680491447,0.8812369704246521,-0.0625278502702713,-0.1258666068315506,0.08469315618276596,0.6059677600860596,-0.04163411632180214,0.8676316142082214,-0.04280225560069084,0.9373452663421631,-0.030251232907176018,-0.15269306302070618,0.08866650611162186,0.6237699389457703
86,2.8666666666666667,-0.002766073914244771,-0.6057155132293701,-0.2966631352901459,0.9999174475669861,0.02114272490143776,-0.6141600608825684,-0.2929038107395172,0.999922513961792,0.020321330055594444,-0.6152949333190918,-0.27989324927330017,0.9999315142631531,0.020711231976747513,-0.6149517297744751,-0.28136610984802246,0.999948263168335,0.0019295457750558853,-0.628494381904602,-0.2887420952320099,0.9999258518218994,0.0014034442137926817,-0.6286122798919678,-0.3016982972621918,0.9999298453330994,0.0037317639216780663,-0.6125874519348145,-0.2816929817199707,0.9999318718910217,0.13103461265563965,-0.5797033309936523,-0.22008202970027924,0.9999733567237854,-0.008594928309321404,-0.5607249140739441,-0.1487177461385727,0.9998767375946045,0.03908004239201546,-0.5779654383659363,-0.2589626610279083,0.9998147487640381,0.0050425841473042965,-0.5539815425872803,-0.26629477739334106,0.9997509717941284,0.16159582138061523,-0.41092413663864136,-0.1430632472038269,0.9999391436576843,-0.022246619686484337,-0.5082494616508484,0.09407024830579758,0.9998021125793457,0.0630221888422966,-0.2934512794017792,-0.2017623633146286,0.8028305768966675,-0.16468895971775055,-0.35833436250686646,0.13734377920627594,0.7845426201820374,-0.07126332074403763,-0.22916702926158905,-0.15704460442066193,0.7915478348731995,-0.383906751871109,-0.33758342266082764,0.028599197044968605,0.850671112537384,-0.11636080592870712,-0.2244419902563095,-0.15303204953670502,0.7869143486022949,-0.4114069938659668,-0.34446537494659424,-0.011221680790185928,0.8397582173347473,-0.12504369020462036,-0.23658236861228943,-0.14498470723628998,0.7909664511680603,-0.4014376997947693,-0.374298632144928,-0.03925328701734543,0.8440039753913879,-0.07793571799993515,-0.21690258383750916,-0.14422735571861267,0.7683829665184021,-0.39461642503738403,-0.3472560942173004,0.005137029569596052,0.8351031541824341,0.06623338162899017,0.035339225083589554,-0.04350818693637848,0.9999537467956543,-0.06408890336751938,-0.0396168977022171,0.04573583975434303,0.9998961091041565,0.04420161619782448,0.4538300335407257,-0.09017474949359894,0.9380281567573547,-0.11333005875349045,0.010032049380242825,0.1963675618171692,0.7119225263595581,0.033184148371219635,0.8204690217971802,-0.029527045786380768,0.957341194152832,-0.10682084411382675,0.07033981382846832,0.49392640590667725,0.5533009767532349,0.01339817140251398,0.8603373765945435,-0.016331544145941734,0.8818323612213135,-0.10693642497062683,0.06597666442394257,0.4828133285045624,0.5740882754325867,-0.01881340518593788,0.9234560132026672,-0.06237637251615524,0.9400264024734497,-0.10753687471151352,0.10473571717739105,0.5237349271774292,0.5895297527313232
87,2.9,-0.02373507246375084,-0.5975627899169922,-0.28609371185302734,0.9999244809150696,0.005578170530498028,-0.6042207479476929,-0.28709885478019714,0.999929666519165,0.004954105708748102,-0.6049523949623108,-0.2732143998146057,0.9999377131462097,0.004437843803316355,-0.6043457984924316,-0.27386125922203064,0.999953031539917,-0.007405051961541176,-0.6235519647598267,-0.28030118346214294,0.9999321699142456,-0.00808877032250166,-0.6219579577445984,-0.29476574063301086,0.9999351501464844,-0.004685955122113228,-0.6066614389419556,-0.27350127696990967,0.9999365210533142,0.11431393772363663,-0.5744974613189697,-0.21855853497982025,0.9999756813049316,-0.009804913774132729,-0.5617243051528931,-0.14856773614883423,0.9998764991760254,0.018326852470636368,-0.5719344615936279,-0.2523403465747833,0.9998255372047424,-0.011247038841247559,-0.5529203414916992,-0.2561618685722351,0.9997501373291016,0.05876489356160164,-0.4126978814601898,-0.19731779396533966,0.999943733215332,0.040750328451395035,-0.5096003413200378,0.08852280676364899,0.999305784702301,-0.045606501400470734,-0.3052031397819519,-0.30682629346847534,0.8223637938499451,0.07444999366998672,-0.29859262704849243,0.1814657300710678,0.7063073515892029,-0.26020023226737976,-0.24399036169052124,-0.2925460636615753,0.8122783899307251,-0.03924068808555603,-0.20381376147270203,0.24647989869117737,0.7662357091903687,-0.31892669200897217,-0.2382565289735794,-0.2967790961265564,0.8080222010612488,-0.029046574607491493,-0.17961201071739197,0.24800316989421844,0.7571175694465637,-0.3526171147823334,-0.25120052695274353,-0.28970256447792053,0.8116886019706726,-0.04861961305141449,-0.21594801545143127,0.23070596158504486,0.7609878182411194,-0.2770144045352936,-0.23048150539398193,-0.28560858964920044,0.7911234498023987,-0.05360642075538635,-0.21115757524967194,0.23347917199134827,0.7530481219291687,0.02415880747139454,0.03262431174516678,-0.06026773899793625,0.9999504089355469,-0.023092025890946388,-0.03631700575351715,0.06307053565979004,0.9998243451118469,0.03366317227482796,0.4202384352684021,-0.09358568489551544,0.9430211782455444,-0.10819952189922333,0.07903638482093811,0.2643169164657593,0.6465737819671631,0.04840579256415367,0.8049905300140381,-0.04970628395676613,0.9606578946113586,-0.10650888085365295,0.07722530514001846,0.5921216607093811,0.5090041756629944,0.031543757766485214,0.8535254597663879,-0.038584914058446884,0.8905531764030457,-0.11112429946660995,0.06969178467988968,0.5850353837013245,0.5491228699684143,-0.019118409603834152,0.9114582538604736,-0.07722076028585434,0.9448516368865967,-0.11876163631677628,0.10331615805625916,0.6412327289581299,0.5520743131637573
88,2.933333333333333,-0.1040610522031784,-0.6213182210922241,-0.0751759484410286,0.9999151229858398,-0.07951480150222778,-0.6315493583679199,-0.10477595031261444,0.9999259114265442,-0.07696909457445145,-0.6322447657585144,-0.0930313766002655,0.9999319314956665,-0.07696038484573364,-0.6320139169692993,-0.09480348229408264,0.9999498128890991,-0.061679452657699585,-0.6472621560096741,-0.08939478546380997,0.9999261498451233,-0.060826875269412994,-0.6445429921150208,-0.1006891131401062,0.9999261498451233,-0.05634515732526779,-0.6333110928535461,-0.08035697042942047,0.9999314546585083,0.017874600365757942,-0.5799546241760254,-0.16576816141605377,0.9999716281890869,0.009020102210342884,-0.5643348097801208,-0.025710344314575195,0.9998598098754883,-0.06050300598144531,-0.591801106929779,-0.07926701009273529,0.9998126029968262,-0.05844888091087341,-0.5662332773208618,-0.06751741468906403,0.9997288584709167,-0.03965255990624428,-0.4275934398174286,-0.1666376143693924,0.9999435544013977,0.1016886979341507,-0.5086492300033569,0.20042520761489868,0.9993254542350769,-0.22869910299777985,-0.32088133692741394,-0.23425018787384033,0.8388349413871765,0.02002706006169319,-0.3023889660835266,0.3293447494506836,0.6370335817337036,-0.46243149042129517,-0.3000355660915375,-0.09092599898576736,0.8287479877471924,-0.15441478788852692,-0.309716135263443,0.4075988233089447,0.7031490802764893,-0.5204766988754272,-0.3203861117362976,-0.08237376064062119,0.8235242962837219,-0.14758805930614471,-0.34032756090164185,0.4009983241558075,0.7011239528656006,-0.5339886546134949,-0.32978013157844543,-0.06412583589553833,0.8266136050224304,-0.15773867070674896,-0.3748319149017334,0.3810839056968689,0.704772412776947,-0.4728226661682129,-0.2891749441623688,-0.07586321979761124,0.8033453822135925,-0.16820502281188965,-0.33584558963775635,0.3916226029396057,0.6972625851631165,-0.005992696154862642,0.011542134918272495,-0.06022249534726143,0.9999464750289917,0.008698626421391964,-0.016357868909835815,0.061497174203395844,0.9998319149017334,-0.04433094710111618,0.3713958263397217,-0.0893167182803154,0.9129244685173035,-0.04913859814405441,0.3233954608440399,0.12269763648509979,0.6469137668609619,0.03803715854883194,0.6684668064117432,0.03604329377412796,0.9226685166358948,-0.05445881932973862,0.7315750122070312,0.15359605848789215,0.5224336981773376,0.019735436886548996,0.7002672553062439,0.05401473119854927,0.8459017276763916,-0.06219567731022835,0.7645905613899231,0.12416990846395493,0.5534375309944153,-0.02770414762198925,0.7155777215957642,0.05916563794016838,0.8973466157913208,-0.11110850423574448,0.7822953462600708,0.10555149614810944,0.5531544089317322
89,2.966666666666667,-0.08130885660648346,-0.6387224793434143,0.0664103701710701,0.9996823668479919,-0.06982739269733429,-0.6457475423812866,0.03285473212599754,0.9997989535331726,-0.06996753811836243,-0.6476664543151855,0.04424586147069931,0.9998277425765991,-0.06869512796401978,-0.6467058658599854,0.043847523629665375,0.999872088432312,-0.045275941491127014,-0.6598853468894958,0.03911881521344185,0.999725341796875,-0.04451993480324745,-0.6572941541671753,0.028097782284021378,0.9997058510780334,-0.04026246815919876,-0.6432574987411499,0.047934599220752716,0.9997079968452454,-0.025995366275310516,-0.5838676691055298,-0.07416202872991562,0.9999441504478455,0.04142387956380844,-0.5629289746284485,0.021496737375855446,0.9995591640472412,-0.05201422795653343,-0.6043035387992859,0.04832344502210617,0.9993908405303955,-0.04244152829051018,-0.5759806036949158,0.048778947442770004,0.9988576173782349,-0.10588131099939346,-0.4316626787185669,-0.10923793166875839,0.9999415874481201,0.1569698601961136,-0.5058168768882751,0.1872541904449463,0.9990925192832947,-0.2909407913684845,-0.33829066157341003,-0.09705433249473572,0.8354719877243042,0.15826010704040527,-0.35193246603012085,0.33258429169654846,0.5735084414482117,-0.45787501335144043,-0.3569076657295227,0.1747976541519165,0.7848251461982727,0.0828765258193016,-0.42530956864356995,0.5324060916900635,0.6331338286399841,-0.5110141038894653,-0.38572239875793457,0.2143617868423462,0.7778249979019165,0.11773395538330078,-0.46402838826179504,0.5483382940292358,0.6316787004470825,-0.5023795366287231,-0.38948285579681396,0.2251346856355667,0.7788639664649963,0.10597747564315796,-0.5007617473602295,0.5460705757141113,0.6349124312400818,-0.45511892437934875,-0.34783267974853516,0.18766018748283386,0.7466017007827759,0.063125841319561,-0.45513269305229187,0.5285941958427429,0.6281675100326538,-0.04752824828028679,0.008586381562054157,-0.05457058921456337,0.9999382495880127,0.04960733279585838,-0.014137775637209415,0.055191125720739365,0.9997873306274414,-0.045253876596689224,0.3852445185184479,-0.08777424693107605,0.9166560769081116,0.014763986691832542,0.2292431741952896,0.23215164244174957,0.5911713242530823,0.03404565155506134,0.6891995072364807,-0.08322769403457642,0.9253792762756348,-0.08294707536697388,0.5230987668037415,0.43550601601600647,0.4887913465499878,0.017767861485481262,0.7374527454376221,-0.07845038920640945,0.8521519303321838,-0.10027454793453217,0.5472725629806519,0.41958653926849365,0.529975414276123,-0.03390224277973175,0.7266702651977539,-0.06526809185743332,0.8905810117721558,-0.14129909873008728,0.5473761558532715,0.48231449723243713,0.5080393552780151
90,3.0,-0.07160841673612595,-0.636952817440033,0.09120770543813705,0.9989951848983765,-0.06930679827928543,-0.6442092657089233,0.05573710799217224,0.9992697238922119,-0.07080256193876266,-0.6463693380355835,0.06651414185762405,0.9994295239448547,-0.06928540021181107,-0.645309567451477,0.06582774221897125,0.999592661857605,-0.03753430023789406,-0.6572567820549011,0.05714833363890648,0.9989015460014343,-0.03675398975610733,-0.6550553441047668,0.04557623714208603,0.9988648295402527,-0.03233272582292557,-0.6406388282775879,0.0655844435095787,0.9988382458686829,-0.0567091666162014,-0.5840038061141968,-0.06179065257310867,0.9998595118522644,0.048359185457229614,-0.5535250306129456,0.011300415731966496,0.9984691739082336,-0.050727587193250656,-0.6032928824424744,0.06919834017753601,0.9985280632972717,-0.03431645408272743,-0.5736652612686157,0.0632648691534996,0.9969266057014465,-0.12823434174060822,-0.43199312686920166,-0.09752429276704788,0.9999427795410156,0.14991475641727448,-0.4952794015407562,0.1587923765182495,0.99885493516922,-0.29725033044815063,-0.33676111698150635,-0.07980315387248993,0.8394079208374023,0.13201582431793213,-0.34526142477989197,0.28655189275741577,0.5162975192070007,-0.4735777974128723,-0.35028594732284546,0.16883452236652374,0.7584513425827026,0.052185092121362686,-0.39829039573669434,0.4756745994091034,0.570060133934021,-0.5304434895515442,-0.3747664988040924,0.20612432062625885,0.7466171979904175,0.08937367796897888,-0.42976245284080505,0.4881291091442108,0.5690432190895081,-0.5257729887962341,-0.3846091628074646,0.21880652010440826,0.7452525496482849,0.0786549299955368,-0.4703966975212097,0.4882933795452118,0.5719115138053894,-0.4721052348613739,-0.34297633171081543,0.18192343413829803,0.7026973962783813,0.03296991437673569,-0.42564716935157776,0.47224727272987366,0.565865695476532,-0.052850186824798584,0.00810310523957014,-0.0490075945854187,0.9999298453330994,0.05413426086306572,-0.013948284089565277,0.05019903555512428,0.9997299313545227,-0.037928372621536255,0.3926933705806732,-0.0693281963467598,0.9176421165466309,-0.010582733899354935,0.184352308511734,0.2426527887582779,0.5381338596343994,0.036670852452516556,0.692930281162262,-0.06236080825328827,0.9247593283653259,-0.11368440836668015,0.4633510410785675,0.47993597388267517,0.45255061984062195,0.022220032289624214,0.7490862607955933,-0.05494629964232445,0.8537394404411316,-0.1268039494752884,0.48751142621040344,0.4671323895454407,0.5015753507614136,-0.030678194016218185,0.7912220358848572,-0.06042538583278656,0.8709158897399902,-0.16007447242736816,0.495031476020813,0.5404636263847351,0.4627832770347595
91,3.033333333333333,-0.006864364258944988,-0.6395304799079895,0.0740099623799324,0.9989680051803589,-0.03141094744205475,-0.6481087803840637,0.04300622642040253,0.9991843700408936,-0.03323804587125778,-0.6499487161636353,0.05393225699663162,0.9993385672569275,-0.0302676223218441,-0.6497136354446411,0.05296463891863823,0.9995139837265015,0.022470323368906975,-0.6612359285354614,0.026734288781881332,0.9988957643508911,0.025530517101287842,-0.6592161655426025,0.015052082017064095,0.9988753795623779,0.030717752873897552,-0.6452301144599915,0.03580145537853241,0.9988513588905334,-0.05643234774470329,-0.5887706875801086,-0.052864111959934235,0.9998185038566589,0.06549534946680069,-0.5519125461578369,-0.028702320531010628,0.9984456896781921,-0.03129248321056366,-0.6067995429039001,0.06187571957707405,0.9983040690422058,0.023296985775232315,-0.5742107033729553,0.03388122841715813,0.9968245625495911,-0.15259121358394623,-0.43197664618492126,-0.059861063957214355,0.9999406933784485,0.16600356996059418,-0.49650663137435913,0.0601097010076046,0.9989176988601685,-0.2658401131629944,-0.33430159091949463,0.03072718158364296,0.8237136602401733,0.22685717046260834,-0.3099665939807892,0.10401041060686111,0.49937519431114197,-0.21837492287158966,-0.36243587732315063,0.3129950761795044,0.6882296204566956,0.06845355033874512,-0.3874569833278656,0.3650854825973511,0.5137185454368591,-0.25333064794540405,-0.39633768796920776,0.36536458134651184,0.6773720383644104,0.07338730245828629,-0.40834319591522217,0.3132340908050537,0.5127670764923096,-0.32323402166366577,-0.4028659462928772,0.3575511574745178,0.6761691570281982,0.05864765867590904,-0.44555795192718506,0.2847999632358551,0.5153219699859619,-0.2160373479127884,-0.35264214873313904,0.31858012080192566,0.6378154754638672,0.04571782797574997,-0.4153316915035248,0.3170854449272156,0.5099436640739441,-0.06241142004728317,0.012896197848021984,-0.007716433145105839,0.9999184608459473,0.0637546181678772,-0.020149841904640198,0.007817822508513927,0.9997122287750244,-0.028194665908813477,0.3968064785003662,0.02147490903735161,0.9077947735786438,0.07814203947782516,0.07767250388860703,0.15025609731674194,0.5073371529579163,0.05692987143993378,0.7230554819107056,-0.04215627536177635,0.9141443967819214,-0.09453077614307404,0.38340240716934204,0.21964161098003387,0.4379810094833374,0.04192553460597992,0.7700486779212952,-0.043665628880262375,0.8547325134277344,-0.11732901632785797,0.39930301904678345,0.19364166259765625,0.5007991194725037,0.015490618534386158,0.8100669980049133,0.036914534866809845,0.8360199928283691,-0.1341361105442047,0.40791434049606323,0.2959681749343872,0.42871689796447754
92,3.0666666666666664,0.05774606019258499,-0.6284511089324951,0.16552509367465973,0.9990493059158325,0.024599812924861908,-0.6382777094841003,0.14472287893295288,0.9992360472679138,0.023996995761990547,-0.640887439250946,0.15335412323474884,0.9993806481361389,0.027138033881783485,-0.6404438018798828,0.15354804694652557,0.9995432496070862,0.0741422027349472,-0.6501535177230835,0.11741741001605988,0.9989870190620422,0.07796607911586761,-0.6478110551834106,0.10822819173336029,0.9989718198776245,0.08317191153764725,-0.6347377896308899,0.1265038698911667,0.9989461302757263,-0.040793899446725845,-0.5819376111030579,0.07131193578243256,0.9998287558555603,0.07804367691278458,-0.5271616578102112,0.028476709499955177,0.9985581040382385,0.03350432217121124,-0.596875786781311,0.16191409528255463,0.9983632564544678,0.07748451828956604,-0.5583401322364807,0.12100386619567871,0.9970080256462097,-0.13132457435131073,-0.42071837186813354,0.1095285415649414,0.9999430775642395,0.16245321929454803,-0.48713648319244385,0.061063993722200394,0.9990004301071167,-0.21012569963932037,-0.3250163793563843,0.2315489947795868,0.7974756956100464,0.2678632140159607,-0.2976492643356323,0.10972214490175247,0.5211747288703918,-0.15455104410648346,-0.3683953285217285,0.5335170030593872,0.6245404481887817,0.13687634468078613,-0.38277706503868103,0.33927449584007263,0.46467125415802,-0.2082071304321289,-0.3998623788356781,0.5910122990608215,0.6148183345794678,0.15180757641792297,-0.3961666524410248,0.3432212471961975,0.46369752287864685,-0.2607504427433014,-0.40718358755111694,0.5859122276306152,0.6137251257896423,0.12807093560695648,-0.43325871229171753,0.34512561559677124,0.46597763895988464,-0.16411662101745605,-0.35755226016044617,0.5414296388626099,0.5793330669403076,0.11178670078516006,-0.4095522463321686,0.3369653820991516,0.46121105551719666,-0.06539600342512131,0.014894390478730202,0.04717687517404556,0.9999228119850159,0.06743668019771576,-0.022960614413022995,-0.047937098890542984,0.9997277855873108,-0.014057112857699394,0.39838314056396484,0.04248609393835068,0.909398078918457,0.30383172631263733,0.08279526233673096,0.008052445016801357,0.5407783389091492,0.05821623653173447,0.7364012002944946,-0.05612350255250931,0.9187985062599182,0.09000364691019058,0.3623158633708954,0.08389270305633545,0.4621613621711731,0.04213700443506241,0.779937207698822,-0.05773410201072693,0.867299497127533,0.05984559282660484,0.3800559341907501,0.061019521206617355,0.5239039659500122,0.06087431684136391,0.8153152465820312,0.02303324081003666,0.838850200176239,0.08592279255390167,0.43916523456573486,0.1733224093914032,0.4256404638290405
93,3.1,0.1509370505809784,-0.5944122672080994,0.05576997622847557,0.9991434216499329,0.11450565606355667,-0.61212158203125,0.04863763973116875,0.9993115663528442,0.1160326674580574,-0.6174753308296204,0.05908740684390068,0.9994416832923889,0.1157238557934761,-0.6153143644332886,0.05660530552268028,0.9995881915092468,0.1450575441122055,-0.6202448010444641,0.01981937699019909,0.9990878701210022,0.14271067082881927,-0.6148685216903687,0.010723722167313099,0.9990742206573486,0.15190523862838745,-0.6042302250862122,0.029934439808130264,0.999051034450531,0.006593648344278336,-0.5763030052185059,0.05093972757458687,0.9998455047607422,0.07252796739339828,-0.5078585147857666,0.003115837462246418,0.9987010955810547,0.12835611402988434,-0.5723075866699219,0.07219282537698746,0.9985217452049255,0.138703390955925,-0.5318852066993713,0.028579534962773323,0.9973015189170837,-0.08845587074756622,-0.40567293763160706,0.17150844633579254,0.9999421834945679,0.1390693485736847,-0.4675970673561096,0.027391504496335983,0.9990758895874023,-0.006896690931171179,-0.29436853528022766,0.2933139503002167,0.7258999347686768,0.2838284373283386,-0.29463744163513184,0.054060034453868866,0.5587940812110901,0.11893035471439362,-0.3445911407470703,0.5333219170570374,0.5666477680206299,0.22644460201263428,-0.36111220717430115,0.28191712498664856,0.44731318950653076,0.12886694073677063,-0.3892142176628113,0.578554093837738,0.5600045919418335,0.2487107813358307,-0.3953385651111603,0.2792331278324127,0.44586342573165894,0.1292605847120285,-0.3791159987449646,0.5783057808876038,0.5592840909957886,0.2394121289253235,-0.4097042679786682,0.27182090282440186,0.4463306665420532,0.13251157104969025,-0.33170172572135925,0.5321805477142334,0.5298665761947632,0.20868921279907227,-0.37777262926101685,0.2737039625644684,0.43859514594078064,-0.05504193529486656,0.015543629415333271,0.08500916510820389,0.9999295473098755,0.057400088757276535,-0.02315528877079487,-0.0845726802945137,0.9997521638870239,0.02224915847182274,0.4142259955406189,0.04472944885492325,0.9180134534835815,0.3157932162284851,0.1136775091290474,-0.04709097370505333,0.5862919092178345,0.04717959836125374,0.7524144649505615,-0.024005595594644547,0.9267067313194275,0.22201497852802277,0.34850358963012695,0.11113839596509933,0.513499915599823,0.024920012801885605,0.7935242056846619,-0.026969021186232567,0.8802559971809387,0.21213755011558533,0.364538311958313,0.09737509489059448,0.5659626126289368,0.054917871952056885,0.8208321332931519,0.03986172005534172,0.8542337417602539,0.2737041711807251,0.40155029296875,0.18243594467639923,0.47488144040107727
94,3.1333333333333333,0.13088415563106537,-0.5862895250320435,0.01744719408452511,0.9992286562919617,0.10810288786888123,-0.608849823474884,0.013672469183802605,0.9993802309036255,0.10978582501411438,-0.6127572655677795,0.024459101259708405,0.9994972348213196,0.10989964753389359,-0.6113897562026978,0.02255779504776001,0.9996291399002075,0.12300793826580048,-0.616146445274353,-0.012598905712366104,0.999178946018219,0.12335632741451263,-0.6111829876899719,-0.022765271365642548,0.9991666674613953,0.12824638187885284,-0.5999628901481628,-0.0030257750768214464,0.9991458058357239,0.040976349264383316,-0.5770354866981506,0.054633017629384995,0.9998607635498047,0.0636252909898758,-0.5121851563453674,-0.014998453669250011,0.9988306164741516,0.1254846155643463,-0.5677181482315063,0.041740868240594864,0.9986650347709656,0.12001331895589828,-0.5262010097503662,-0.0006476086564362049,0.9975663423538208,-0.05749448761343956,-0.40781447291374207,0.22374936938285828,0.9999079704284668,0.1334901750087738,-0.4696521759033203,0.02392333373427391,0.9991395473480225,0.08405882865190506,-0.30044025182724,0.32531094551086426,0.6580910682678223,0.3006781041622162,-0.2985818386077881,0.02263874001801014,0.5965979695320129,0.17322690784931183,-0.3404709994792938,0.5018629431724548,0.5148895978927612,0.28737521171569824,-0.3448099195957184,0.23254713416099548,0.4417996108531952,0.18080179393291473,-0.3786136507987976,0.5370945930480957,0.512457013130188,0.3196139633655548,-0.3770486116409302,0.21271628141403198,0.4391261339187622,0.17027711868286133,-0.3771766424179077,0.5395170450210571,0.5123451352119446,0.31576353311538696,-0.38249602913856506,0.22865326702594757,0.4358981251716614,0.1808299720287323,-0.32793310284614563,0.5043724179267883,0.4869168698787689,0.27522945404052734,-0.3557018041610718,0.23632663488388062,0.42538541555404663,-0.04880625754594803,0.015833022072911263,0.09362257272005081,0.999935507774353,0.050912078469991684,-0.023264281451702118,-0.09303073585033417,0.9997755289077759,0.05641402676701546,0.39028096199035645,0.055236853659152985,0.9259678721427917,0.2895330488681793,0.15351036190986633,-0.043873365968465805,0.6275807619094849,0.007243719883263111,0.7213262915611267,0.02601001225411892,0.9338856339454651,0.44596320390701294,0.4636392891407013,0.0650787353515625,0.5620281100273132,-0.021329578012228012,0.761097252368927,0.0310231763869524,0.8920324444770813,0.4660886526107788,0.4926927089691162,0.04440147429704666,0.6091262698173523,0.051595401018857956,0.7957230806350708,0.06428249180316925,0.8682958483695984,0.5863505005836487,0.4931575059890747,0.07185722142457962,0.5266332030296326
95,3.1666666666666665,0.11697357147932053,-0.5893001556396484,-0.1934286504983902,0.9993056654930115,0.11043737828731537,-0.6121591329574585,-0.17808784544467926,0.9994421601295471,0.11238674074411392,-0.6145163178443909,-0.16499291360378265,0.9995474219322205,0.11190055310726166,-0.6133460402488708,-0.1686517894268036,0.999666154384613,0.10476174205541611,-0.618277907371521,-0.20435768365859985,0.9992610216140747,0.10534080117940903,-0.6128799915313721,-0.21664278209209442,0.9992499351501465,0.10918999463319778,-0.6031286716461182,-0.19485719501972198,0.9992311596870422,0.09910006076097488,-0.6003456115722656,-0.019855894148349762,0.9998745918273926,0.018299922347068787,-0.5298053622245789,-0.1176459789276123,0.9989473223686218,0.1306164413690567,-0.5752003788948059,-0.13498364388942719,0.9987967610359192,0.10358764231204987,-0.5302912592887878,-0.17955917119979858,0.9978077411651611,0.055432066321372986,-0.4555263817310333,0.17219328880310059,0.9998670816421509,0.13071991503238678,-0.48489680886268616,-0.06863882392644882,0.9991871118545532,0.1979662925004959,-0.375669926404953,0.31631413102149963,0.603942334651947,0.2749490737915039,-0.32139188051223755,-0.17636370658874512,0.633502185344696,0.33825939893722534,-0.3279505968093872,0.4398937225341797,0.5004292130470276,0.4070558547973633,-0.3018980622291565,-0.19904620945453644,0.49153777956962585,0.34728002548217773,-0.34773358702659607,0.4731801450252533,0.506094217300415,0.45716020464897156,-0.3104950189590454,-0.2568712532520294,0.4863733947277069,0.3510012924671173,-0.33393943309783936,0.45622333884239197,0.5073027610778809,0.4873329997062683,-0.3332167863845825,-0.23795519769191742,0.4821925759315491,0.3539218008518219,-0.3040692210197449,0.4365943968296051,0.4827871024608612,0.41869622468948364,-0.3081563115119934,-0.1976018100976944,0.4655461013317108,-0.03881306201219559,0.014501290395855904,0.10614719986915588,0.9999409317970276,0.04075026512145996,-0.020885158330202103,-0.10367169976234436,0.9997965693473816,0.09806445986032486,0.3930005431175232,0.08153098076581955,0.9314005970954895,0.2611463665962219,0.19748233258724213,-0.08694455772638321,0.6645276546478271,0.0022598879877477884,0.7300736904144287,0.15327587723731995,0.9396759867668152,0.5281602144241333,0.4454542100429535,0.017813151702284813,0.6055914163589478,-0.029052693396806717,0.7687978744506836,0.17168210446834564,0.9019855856895447,0.5656533241271973,0.46662819385528564,-0.00901819858700037,0.647854745388031,0.054156944155693054,0.8041976690292358,0.17434045672416687,0.8800255060195923,0.6858802437782288,0.44329437613487244,-0.030097732320427895,0.5733581781387329
96,3.2,0.11134159564971924,-0.5912824869155884,-0.2069484442472458,0.9993748664855957,0.11063876748085022,-0.6150531768798828,-0.19366538524627686,0.9994978308677673,0.1128954067826271,-0.6160597801208496,-0.18073350191116333,0.9995924830436707,0.11221940070390701,-0.615226686000824,-0.18450084328651428,0.9996993541717529,0.09751927852630615,-0.6207175850868225,-0.21889396011829376,0.9993348121643066,0.09805790334939957,-0.6152161955833435,-0.23208537697792053,0.9993248581886292,0.10162883996963501,-0.606054425239563,-0.20993128418922424,0.9993079900741577,0.11475545912981033,-0.6115202307701111,-0.0424816869199276,0.9998868107795715,-0.0003913000109605491,-0.5480259656906128,-0.12912660837173462,0.9990522265434265,0.12892121076583862,-0.5805624723434448,-0.15002654492855072,0.9989117383956909,0.0955813005566597,-0.5370571613311768,-0.1927012801170349,0.9980219006538391,0.06337283551692963,-0.46888723969459534,0.16458432376384735,0.9996915459632874,0.12430141121149063,-0.49762067198753357,-0.07152659446001053,0.9992199540138245,0.13557526469230652,-0.36379474401474,0.2684142291545868,0.5482150316238403,0.2924758493900299,-0.321694016456604,-0.14445281028747559,0.6679253578186035,0.2271159291267395,-0.18951590359210968,0.3600305914878845,0.45708879828453064,0.4311792254447937,-0.27504679560661316,-0.13669328391551971,0.5402802228927612,0.22592435777187347,-0.17986266314983368,0.39450231194496155,0.46716997027397156,0.48362088203430176,-0.2777767479419708,-0.18800191581249237,0.5347027778625488,0.23185734450817108,-0.16084705293178558,0.3908670246601105,0.46823644638061523,0.5078486800193787,-0.30967557430267334,-0.17210233211517334,0.5304425358772278,0.23989498615264893,-0.1576158106327057,0.359969824552536,0.4460257887840271,0.4401359260082245,-0.28421247005462646,-0.13535697758197784,0.5126680731773376,-0.03824745491147041,0.01456230878829956,0.1065952330827713,0.9999454021453857,0.04017509147524834,-0.020522398874163628,-0.10473229736089706,0.9998156428337097,0.099699467420578,0.4031282067298889,0.10177610069513321,0.9373042583465576,0.2532760202884674,0.18452681601047516,-0.0756203681230545,0.6979126334190369,-0.019969437271356583,0.7342520356178284,0.18418419361114502,0.9452534317970276,0.5126395225524902,0.43047788739204407,0.055741772055625916,0.6448417901992798,-0.055681128054857254,0.7738009691238403,0.20449325442314148,0.9112108945846558,0.5482556223869324,0.4503202736377716,0.031743425875902176,0.6827490925788879,0.048900578171014786,0.8082889914512634,0.21343475580215454,0.8909265398979187,0.6755524277687073,0.42387789487838745,0.021409276872873306,0.6154159307479858
97,3.2333333333333334,0.11096856743097305,-0.6024096012115479,-0.25436654686927795,0.9994372129440308,0.10420716553926468,-0.6279699206352234,-0.24352200329303741,0.9995479583740234,0.1066228598356247,-0.6280402541160583,-0.23006725311279297,0.9996330142021179,0.10562708973884583,-0.6282044053077698,-0.23359662294387817,0.9997292160987854,0.09104892611503601,-0.632516622543335,-0.26652994751930237,0.9994012713432312,0.09176145493984222,-0.6263977289199829,-0.27837806940078735,0.9993923306465149,0.09538593143224716,-0.6202474236488342,-0.2550394535064697,0.9993771910667419,0.10646078735589981,-0.6182301640510559,-0.10100685060024261,0.9998977184295654,-0.016361994668841362,-0.548468828201294,-0.17515510320663452,0.9991468787193298,0.13239403069019318,-0.5949183106422424,-0.19761136174201965,0.9990190267562866,0.09574232995510101,-0.5483266115188599,-0.240952268242836,0.998218834400177,0.08540868014097214,-0.480699360370636,0.12728753685951233,0.9996853470802307,0.09785479307174683,-0.49703991413116455,-0.12495390325784683,0.9992956519126892,0.10101426392793655,-0.3647508919239044,0.29240861535072327,0.49695828557014465,0.2692936062812805,-0.32628074288368225,-0.27340516448020935,0.7010496854782104,0.1048797145485878,-0.21574667096138,0.4766000509262085,0.4140429198741913,0.48190370202064514,-0.26120349764823914,-0.3660573959350586,0.586205780506134,0.06925860047340393,-0.1965174823999405,0.5314195156097412,0.42549368739128113,0.5456529855728149,-0.253481924533844,-0.43747758865356445,0.5811250805854797,0.07410306483507156,-0.18430033326148987,0.5255577564239502,0.4266696274280548,0.5920213460922241,-0.2834363877773285,-0.425137996673584,0.5772846937179565,0.11146517843008041,-0.18373996019363403,0.48514971137046814,0.40640488266944885,0.5029985308647156,-0.2694934904575348,-0.368605375289917,0.5611315369606018,-0.011879518628120422,0.010684294626116753,0.10908574610948563,0.9999503493309021,0.012525711208581924,-0.017860081046819687,-0.10555922240018845,0.9998338222503662,0.09949822723865509,0.40172308683395386,0.12261166423559189,0.9410268068313599,0.20732612907886505,0.17387011647224426,-0.30247366428375244,0.7280833125114441,-0.015317222103476524,0.7278034687042236,0.23142333328723907,0.9498804211616516,0.4238092005252838,0.3345167338848114,-0.2637931704521179,0.6801429986953735,-0.04869956523180008,0.7660624980926514,0.2534976005554199,0.9195324182510376,0.4578515589237213,0.3439784049987793,-0.2916519045829773,0.7142386436462402,0.05215974524617195,0.8120357990264893,0.2573692202568054,0.9006195664405823,0.5921871662139893,0.28954482078552246,-0.33350974321365356,0.6535371541976929
98,3.2666666666666666,0.12150782346725464,-0.6043126583099365,-0.2431851327419281,0.9994928240776062,0.11438795179128647,-0.6298142671585083,-0.23082470893859863,0.9995927810668945,0.11726243793964386,-0.629162073135376,-0.21847043931484222,0.9996686577796936,0.11613313853740692,-0.6297773718833923,-0.22164137661457062,0.9997555017471313,0.09646403044462204,-0.6343077421188354,-0.25468695163726807,0.9994609951972961,0.09794698655605316,-0.6283865571022034,-0.2668270468711853,0.9994529485702515,0.10104219615459442,-0.6228474378585815,-0.24380363523960114,0.9994393587112427,0.11715035140514374,-0.6171737313270569,-0.0973515659570694,0.9999060034751892,-0.01211145706474781,-0.5483368635177612,-0.16430138051509857,0.9992316961288452,0.1429041177034378,-0.5974714756011963,-0.1872284859418869,0.9991105794906616,0.10377849638462067,-0.5514671802520752,-0.2314573973417282,0.9983932971954346,0.09761332720518112,-0.4743160903453827,0.1264481246471405,0.999619722366333,0.09774196892976761,-0.4965188503265381,-0.12396181374788284,0.9993624091148376,0.0823734700679779,-0.3379836082458496,0.28289884328842163,0.4488534927368164,0.2796606719493866,-0.3274325728416443,-0.27023476362228394,0.7307597994804382,0.10289683192968369,-0.1396373063325882,0.4239259958267212,0.3732966184616089,0.49949052929878235,-0.2521740198135376,-0.3536849021911621,0.6274493336677551,0.06524872779846191,-0.10848237574100494,0.47073474526405334,0.3842654526233673,0.5611202120780945,-0.2424207180738449,-0.42490440607070923,0.6227126121520996,0.0724572092294693,-0.09652666747570038,0.46102333068847656,0.385337769985199,0.6110705137252808,-0.27267885208129883,-0.41189345717430115,0.6192312836647034,0.10996699333190918,-0.10412611067295074,0.42906880378723145,0.36715319752693176,0.5213760733604431,-0.25899583101272583,-0.35557231307029724,0.6042508482933044,-0.005108176730573177,0.010223140940070152,0.11689453572034836,0.9999547600746155,0.005920257419347763,-0.01765310764312744,-0.11309263110160828,0.9998502135276794,0.09876205027103424,0.40077924728393555,0.14401915669441223,0.9414944648742676,0.20227642357349396,0.16806873679161072,-0.33379584550857544,0.7552304863929749,-0.013609576970338821,0.7301877737045288,0.25922200083732605,0.9528548717498779,0.43473872542381287,0.3049255907535553,-0.36100098490715027,0.7119803428649902,-0.045500703155994415,0.76851886510849,0.28242841362953186,0.9262425899505615,0.47037777304649353,0.3124407231807709,-0.39623528718948364,0.7425984740257263,0.06703996658325195,0.8212082386016846,0.28690776228904724,0.9073088765144348,0.6182309985160828,0.24239829182624817,-0.4588090777397156,0.6879385113716125
99,3.3,0.07545819133520126,-0.6062442064285278,-0.2834705710411072,0.999542236328125,0.08714962750673294,-0.6319524049758911,-0.2637588679790497,0.9996313452720642,0.09155275672674179,-0.6308366656303406,-0.2543525695800781,0.9996983408927917,0.0887160673737526,-0.6318565011024475,-0.2576751112937927,0.9997779726982117,0.052024319767951965,-0.6357790231704712,-0.2827424108982086,0.999513566493988,0.053624726831912994,-0.6312795281410217,-0.29470959305763245,0.9995061159133911,0.05674684792757034,-0.624826192855835,-0.2716968357563019,0.9994938373565674,0.11748860776424408,-0.621633768081665,-0.12387204170227051,0.9999114871025085,-0.044409189373254776,-0.5586945414543152,-0.15821650624275208,0.9992997646331787,0.12856422364711761,-0.5989054441452026,-0.22562319040298462,0.9991865754127502,0.06051855534315109,-0.5567308068275452,-0.26005882024765015,0.9985353946685791,0.1918845772743225,-0.46989309787750244,0.0875675305724144,0.9996511936187744,0.017574220895767212,-0.5060156583786011,-0.09844862669706345,0.9993943572044373,0.3615299165248871,-0.33423683047294617,0.12823951244354248,0.474977970123291,0.17936532199382782,-0.32727816700935364,-0.2063049077987671,0.7540105581283569,0.5834904313087463,-0.18544000387191772,0.12165233492851257,0.42955145239830017,0.3754902780056,-0.262102872133255,-0.2955963611602783,0.6629297137260437,0.6298321485519409,-0.17517775297164917,0.13686811923980713,0.4397773742675781,0.42841485142707825,-0.26340270042419434,-0.36985722184181213,0.6581106185913086,0.6304677128791809,-0.16794663667678833,0.10424627363681793,0.4416556656360626,0.48097771406173706,-0.28502997756004333,-0.3625192642211914,0.6550721526145935,0.598968505859375,-0.15665580332279205,0.10652799159288406,0.4245677590370178,0.3962866961956024,-0.27036625146865845,-0.2996656000614166,0.6392109990119934,0.04522503912448883,0.012758965604007244,0.10470958799123764,0.9999549984931946,-0.04210406541824341,-0.019427437335252762,-0.10160932689905167,0.999854564666748,0.09089571237564087,0.4025264084339142,0.11951173841953278,0.8951475620269775,0.06325691193342209,0.16390205919742584,-0.3268519937992096,0.7775057554244995,-0.03104597143828869,0.7564651370048523,0.19778168201446533,0.9475048184394836,-0.051150593906641006,0.16132555902004242,-0.26285862922668457,0.7192018032073975,-0.06141752377152443,0.7941411733627319,0.21500864624977112,0.9246892929077148,-0.05857235565781593,0.14990507066249847,-0.2877176105976105,0.7497860789299011,0.059868793934583664,0.8188279271125793,0.21885865926742554,0.9058241844177246,-0.03716323897242546,0.11024816334247589,-0.2805759310722351,0.7057837843894958
100,3.3333333333333335,0.05869041010737419,-0.6125228404998779,-0.26278117299079895,0.9995879530906677,0.07285686582326889,-0.637938380241394,-0.24356839060783386,0.9996681213378906,0.07539980113506317,-0.6380681991577148,-0.23384329676628113,0.9997283220291138,0.07226439565420151,-0.6387902498245239,-0.2372584491968155,0.9998000860214233,0.03701312094926834,-0.6415413618087769,-0.2602251172065735,0.99956214427948,0.03883027285337448,-0.6390183568000793,-0.272390216588974,0.9995554089546204,0.04138884320855141,-0.6299498081207275,-0.25020289421081543,0.9995443820953369,0.11515971273183823,-0.638127863407135,-0.11640274524688721,0.9999202489852905,-0.04919036477804184,-0.571786642074585,-0.14792881906032562,0.9993694424629211,0.1189652606844902,-0.607297420501709,-0.20773029327392578,0.9992676377296448,0.048009783029556274,-0.5663459897041321,-0.2411561906337738,0.9986814260482788,0.20073939859867096,-0.4772336781024933,0.08591015636920929,0.9996851682662964,-0.01767546497285366,-0.5218966007232666,-0.08794349431991577,0.9994478821754456,0.38439303636550903,-0.3347530663013458,0.13395477831363678,0.5186061859130859,0.032459504902362823,-0.32324275374412537,-0.27647608518600464,0.7781431674957275,0.6038894057273865,-0.19783826172351837,0.15397904813289642,0.4860650599002838,0.20425811409950256,-0.2691165506839752,-0.46984171867370605,0.6963714361190796,0.6390118598937988,-0.17850247025489807,0.17072905600070953,0.4952443540096283,0.2517947852611542,-0.26371949911117554,-0.5490492582321167,0.6918655037879944,0.6381422877311707,-0.18792952597141266,0.13566426932811737,0.49704694747924805,0.3357354700565338,-0.2966124713420868,-0.5386975407600403,0.6891471743583679,0.6172041296958923,-0.17159956693649292,0.13793325424194336,0.4815351665019989,0.23721711337566376,-0.277972936630249,-0.47212985157966614,0.6743034720420837,0.04981573671102524,0.012903939001262188,0.09857296198606491,0.9999408721923828,-0.0468946173787117,-0.01934581622481346,-0.09593909978866577,0.999810516834259,0.028974395245313644,0.3897611200809479,0.08891558647155762,0.8846518993377686,0.06377431005239487,0.20282503962516785,-0.2780996859073639,0.7937529683113098,-0.07688228785991669,0.7503587603569031,0.164103701710701,0.9472924470901489,-0.14378029108047485,0.21992984414100647,0.05763152614235878,0.6996132731437683,-0.1101871058344841,0.7855862975120544,0.1812712848186493,0.9229504466056824,-0.16465787589550018,0.21415142714977264,0.05253003165125847,0.7194976210594177,-0.04878849536180496,0.7855075001716614,0.16688746213912964,0.9093506932258606,-0.17054639756679535,0.20017988979816437,0.11870671063661575,0.6996965408325195
101,3.3666666666666667,0.04144642874598503,-0.6155591607093811,-0.2815648019313812,0.9996285438537598,0.060135629028081894,-0.6392256021499634,-0.26513856649398804,0.9997000098228455,0.06070033088326454,-0.6395331025123596,-0.2551799714565277,0.999754011631012,0.05829634144902229,-0.6401581168174744,-0.25834354758262634,0.9998189806938171,0.025027945637702942,-0.6438778042793274,-0.27626681327819824,0.9996047616004944,0.027532484382390976,-0.64243483543396,-0.2885033190250397,0.9995988607406616,0.02959482930600643,-0.6321588158607483,-0.2667156457901001,0.999588131904602,0.11897524446249008,-0.6336614489555359,-0.14807423949241638,0.9999276399612427,-0.04580998793244362,-0.5734867453575134,-0.1480318009853363,0.9994264841079712,0.10308442264795303,-0.60696941614151,-0.23057891428470612,0.9993391036987305,0.037287432700395584,-0.568484365940094,-0.2568136751651764,0.998807966709137,0.22659778594970703,-0.47398775815963745,-0.0053289784118533134,0.9997158050537109,-0.03881990537047386,-0.5184744596481323,-0.08463838696479797,0.9994556307792664,0.3941196799278259,-0.3443150818347931,0.004524454474449158,0.5660185813903809,-0.021949926391243935,-0.3032161295413971,-0.26302963495254517,0.7819966077804565,0.5843677520751953,-0.2382131814956665,0.006481456104665995,0.5370171666145325,-0.007128919009119272,-0.2718309462070465,-0.5295839905738831,0.7028345465660095,0.6206340789794922,-0.21092966198921204,0.014814660884439945,0.5450242757797241,0.006829357240349054,-0.2634795904159546,-0.6055348515510559,0.701216995716095,0.6248916387557983,-0.2223489135503769,-0.025335105136036873,0.5467948913574219,0.052717700600624084,-0.3037705719470978,-0.6136565208435059,0.7001093029975891,0.5987776517868042,-0.21328026056289673,-0.013760152272880077,0.5327198505401611,0.005797604564577341,-0.28205546736717224,-0.5446857213973999,0.6797478795051575,0.07054729759693146,0.020029788836836815,0.05564137548208237,0.9999454021453857,-0.06844883412122726,-0.024754613637924194,-0.050858430564403534,0.9998220205307007,0.03178418427705765,0.4142686128616333,-0.09547940641641617,0.8960821032524109,-0.2314879149198532,0.05361636355519295,-0.20671968162059784,0.813057005405426,-0.09026572853326797,0.7840920090675354,-0.038686614483594894,0.952491283416748,-0.573567807674408,0.18990610539913177,0.07307861000299454,0.728162407875061,-0.12360529601573944,0.8190187215805054,-0.024939991533756256,0.9301482439041138,-0.6066912412643433,0.19599607586860657,0.053544145077466965,0.7406498193740845,-0.04264666140079498,0.8301326632499695,-0.1016024798154831,0.9182778000831604,-0.6386493444442749,0.16617396473884583,0.053862109780311584,0.7280849814414978
102,3.4,0.03133034333586693,-0.6249139904975891,-0.31636518239974976,0.999665379524231,0.055731549859046936,-0.6431424021720886,-0.3018788695335388,0.9997293949127197,0.0556507408618927,-0.6444284319877625,-0.289933443069458,0.9997777938842773,0.05327774956822395,-0.6440349817276001,-0.29251715540885925,0.9998365044593811,0.023327136412262917,-0.6523346304893494,-0.3035351634025574,0.9996438026428223,0.024812476709485054,-0.6520582437515259,-0.3143168091773987,0.999638557434082,0.027594801038503647,-0.6379668116569519,-0.29361510276794434,0.9996286630630493,0.13665851950645447,-0.6314635872840881,-0.18721789121627808,0.9999344348907471,-0.03975249454379082,-0.5873532295227051,-0.1566554605960846,0.9994800090789795,0.0947275459766388,-0.6112459897994995,-0.26654261350631714,0.9994038343429565,0.03227456659078598,-0.5792057514190674,-0.28207626938819885,0.9989238381385803,0.2381087988615036,-0.471905380487442,-0.06784456223249435,0.9997434020042419,-0.047960951924324036,-0.5340215563774109,-0.046609923243522644,0.9994831681251526,0.3960811495780945,-0.3706245422363281,0.006153656169772148,0.6082723140716553,-0.031107982620596886,-0.3289130628108978,-0.22057406604290009,0.7746878266334534,0.5760239958763123,-0.2871543765068054,0.10458331555128098,0.5819228291511536,-0.042398516088724136,-0.2839907705783844,-0.42719417810440063,0.6986218094825745,0.6086558699607849,-0.2729933261871338,0.1256706416606903,0.5879386067390442,-0.02988559938967228,-0.2653934061527252,-0.4937964677810669,0.6989033222198486,0.613735556602478,-0.2701340317726135,0.09058520197868347,0.5900423526763916,0.009432045742869377,-0.3084182143211365,-0.5057525038719177,0.6998559236526489,0.5924628376960754,-0.26419541239738464,0.08943603187799454,0.5771996974945068,-0.032003603875637054,-0.29170650243759155,-0.443855881690979,0.6753173470497131,0.07685723900794983,0.02378283627331257,0.01753689907491207,0.9999486804008484,-0.0754656195640564,-0.02701655402779579,-0.012553028762340546,0.9998294115066528,0.03052789531648159,0.4283654987812042,-0.1528165191411972,0.9063294529914856,-0.3212380111217499,0.043938007205724716,0.10050199180841446,0.8145382404327393,-0.10349804162979126,0.7908205389976501,-0.12296463549137115,0.9570207595825195,-0.6512587070465088,0.20490926504135132,0.4108697772026062,0.7490988969802856,-0.13555528223514557,0.823685884475708,-0.11301463842391968,0.9360552430152893,-0.6858056783676147,0.2151350975036621,0.3946578800678253,0.7504936456680298,-0.06011953204870224,0.8352236747741699,-0.1936614066362381,0.9261691570281982,-0.7325812578201294,0.16969920694828033,0.36636513471603394,0.7483193278312683
103,3.433333333333333,0.024883471429347992,-0.6259686946868896,-0.2831023931503296,0.9996985793113708,0.04920252412557602,-0.6434165835380554,-0.26986804604530334,0.999755859375,0.04873015731573105,-0.6445026993751526,-0.2590882182121277,0.9997991919517517,0.04689490422606468,-0.6443719267845154,-0.26209503412246704,0.9998521208763123,0.017698967829346657,-0.651958167552948,-0.2771768867969513,0.9996790289878845,0.020109236240386963,-0.6518738865852356,-0.2886553704738617,0.9996743202209473,0.022477373480796814,-0.6379512548446655,-0.26763176918029785,0.9996652603149414,0.13039430975914001,-0.6297234296798706,-0.16665856540203094,0.9999406337738037,-0.03698250651359558,-0.5830097198486328,-0.1466141641139984,0.9995307326316833,0.08343464136123657,-0.6109681129455566,-0.23675945401191711,0.9994630813598633,0.02813168242573738,-0.5782602429389954,-0.2576654851436615,0.9990307092666626,0.2382872998714447,-0.4678553342819214,-0.050913479179143906,0.9997684359550476,-0.06339769065380096,-0.5334303975105286,-0.019845569506287575,0.9995301961898804,0.3754906952381134,-0.3666287362575531,-0.09546723961830139,0.6466267704963684,-0.16414320468902588,-0.32854726910591125,-0.20754176378250122,0.7954637408256531,0.5395137667655945,-0.28566575050354004,-0.18030457198619843,0.6233581900596619,-0.22263473272323608,-0.29891130328178406,-0.5131316781044006,0.7280823588371277,0.5714793801307678,-0.271497905254364,-0.19167040288448334,0.6285995841026306,-0.22105880081653595,-0.27850934863090515,-0.5953147411346436,0.728188157081604,0.5690965056419373,-0.2693847119808197,-0.23039482533931732,0.6305950284004211,-0.16621243953704834,-0.3248211741447449,-0.6110125184059143,0.7291179895401001,0.549750566482544,-0.2620835304260254,-0.20289570093154907,0.618827760219574,-0.20851242542266846,-0.3057982623577118,-0.53395676612854,0.7064009308815002,0.08292390406131744,0.02826431579887867,0.01158171147108078,0.9999513030052185,-0.08125048875808716,-0.03169303014874458,-0.006419915705919266,0.9998409748077393,0.020662805065512657,0.43969666957855225,-0.1262790709733963,0.9153370261192322,-0.35203737020492554,0.03252590820193291,0.0058464426547288895,0.8301575779914856,-0.08973456174135208,0.8161399960517883,-0.04728652164340019,0.9609663486480713,-0.7188172936439514,0.20219385623931885,0.20993275940418243,0.7724105715751648,-0.11964386701583862,0.8519794940948486,-0.03290814906358719,0.9397600889205933,-0.7555332183837891,0.2114296555519104,0.19016647338867188,0.7670449614524841,-0.05749474838376045,0.8640483617782593,-0.10004407912492752,0.9329996705055237,-0.8154085874557495,0.15034465491771698,0.2561749517917633,0.771426796913147
104,3.466666666666667,0.01429308857768774,-0.6254999041557312,-0.2891407608985901,0.9997283816337585,0.035704657435417175,-0.6430781483650208,-0.27752685546875,0.9997791051864624,0.03561832755804062,-0.644226610660553,-0.2685163617134094,0.9998180270195007,0.03473092243075371,-0.6440539360046387,-0.27071142196655273,0.9998659491539001,0.008506796322762966,-0.6508392095565796,-0.28384408354759216,0.9997101426124573,0.010183345526456833,-0.6512543559074402,-0.2947523593902588,0.999705970287323,0.012713500298559666,-0.6365576386451721,-0.2750703692436218,0.9996975660324097,0.12582747638225555,-0.6268718838691711,-0.1840176284313202,0.9999459981918335,-0.03807554394006729,-0.5757303833961487,-0.14581190049648285,0.9995743036270142,0.07258477807044983,-0.6097069382667542,-0.24558061361312866,0.9995161294937134,0.02229420281946659,-0.5765900015830994,-0.2622998058795929,0.9991258978843689,0.23137137293815613,-0.4613106846809387,-0.07936318963766098,0.999791145324707,-0.06409904360771179,-0.5175901055335999,0.027163080871105194,0.9995611310005188,0.3953525722026825,-0.37608399987220764,-0.12949052453041077,0.6817863583564758,-0.20986846089363098,-0.33359065651893616,0.004578355234116316,0.8101224303245544,0.5199305415153503,-0.2906274199485779,-0.19492051005363464,0.6608302593231201,-0.40906551480293274,-0.3289216160774231,-0.16063107550144196,0.7515671849250793,0.5463535189628601,-0.276473730802536,-0.20363065600395203,0.665280282497406,-0.4310879111289978,-0.3241240382194519,-0.19920222461223602,0.7500430941581726,0.5369252562522888,-0.27643194794654846,-0.2345411628484726,0.6671494841575623,-0.41715559363365173,-0.3666509985923767,-0.24456030130386353,0.7515485882759094,0.5240626335144043,-0.2678816020488739,-0.213836669921875,0.6564313173294067,-0.4151145815849304,-0.33874115347862244,-0.18954771757125854,0.7310205101966858,0.08311772346496582,0.03568626940250397,-0.0030079097487032413,0.9999533295631409,-0.0805954560637474,-0.03939502686262131,0.006722102873027325,0.9998496174812317,0.008927644230425358,0.45491865277290344,-0.10736395418643951,0.9234599471092224,-0.39173370599746704,-0.021127186715602875,0.010186555795371532,0.8449599146842957,-0.08141911774873734,0.8157436847686768,-0.0208917036652565,0.9641728401184082,-0.7252978682518005,0.19329853355884552,0.1913660615682602,0.7923280000686646,-0.11024337261915207,0.8501883149147034,-0.01087369117885828,0.9391545653343201,-0.7593649625778198,0.20545923709869385,0.16866858303546906,0.7794663310050964,-0.07784846425056458,0.8707324266433716,-0.049963198602199554,0.9385758638381958,-0.8136364221572876,0.15570200979709625,0.15728923678398132,0.7910338044166565
105,3.5,0.012510385364294052,-0.6257936358451843,-0.3092684745788574,0.9997548460960388,0.03423457592725754,-0.6429012417793274,-0.2980549931526184,0.9997982978820801,0.03380516171455383,-0.6439197063446045,-0.2897777557373047,0.9998332262039185,0.033091410994529724,-0.6437995433807373,-0.29160237312316895,0.9998766779899597,0.009972321800887585,-0.6504806280136108,-0.30321428179740906,0.9997371435165405,0.011201008222997189,-0.6507373452186584,-0.3137913942337036,0.9997338056564331,0.01401856355369091,-0.6362911462783813,-0.29483723640441895,0.9997259378433228,0.12510710954666138,-0.6226239800453186,-0.21087338030338287,0.9999498128890991,-0.0365966372191906,-0.5730359554290771,-0.16167350113391876,0.9996127486228943,0.06865811347961426,-0.6090356111526489,-0.2677326500415802,0.9995632171630859,0.022582491859793663,-0.5762578845024109,-0.2824968993663788,0.9992108345031738,0.23500800132751465,-0.452328622341156,-0.10609589517116547,0.9998107552528381,-0.06542861461639404,-0.511103630065918,0.018523581326007843,0.9995944499969482,0.4174724519252777,-0.3850509822368622,-0.13932329416275024,0.7135035395622253,-0.27355605363845825,-0.3472990393638611,0.01844915747642517,0.8284831643104553,0.5616859197616577,-0.30610886216163635,-0.17526628077030182,0.6946545243263245,-0.5218213796615601,-0.34383025765419006,-0.1111813560128212,0.7761701345443726,0.5942590832710266,-0.29654574394226074,-0.17339931428432465,0.6984882950782776,-0.5533765554428101,-0.3459627330303192,-0.14286921918392181,0.774478018283844,0.5887649059295654,-0.29982173442840576,-0.20610745251178741,0.7002152800559998,-0.5384994745254517,-0.38375258445739746,-0.18703217804431915,0.7759232521057129,0.5677102208137512,-0.2849902808666229,-0.1935615986585617,0.6905210018157959,-0.5297854542732239,-0.3524840772151947,-0.1386152058839798,0.75743567943573,0.08368995040655136,0.040449872612953186,-0.006311689503490925,0.9999542236328125,-0.08106445521116257,-0.04416844993829727,0.009576755575835705,0.9998577237129211,0.005660936702042818,0.4709721505641937,-0.0903768315911293,0.9309090971946716,-0.3873576819896698,-0.023295968770980835,0.03369396924972534,0.8592362403869629,-0.07675536721944809,0.819021999835968,0.06625757366418839,0.9674034714698792,-0.6802793741226196,0.20200972259044647,0.26542213559150696,0.811545729637146,-0.10536956042051315,0.8528549671173096,0.08964737504720688,0.9413660168647766,-0.7110706567764282,0.21511895954608917,0.24977801740169525,0.7946422696113586,-0.09504924714565277,0.8862608075141907,0.014459043741226196,0.9441571831703186,-0.7606076598167419,0.1775350421667099,0.21573635935783386,0.8100972771644592
106,3.533333333333333,0.016744175925850868,-0.604074239730835,-0.35967400670051575,0.9997793436050415,0.03525908663868904,-0.6190038919448853,-0.3492874205112457,0.9998183250427246,0.03495714068412781,-0.6197373867034912,-0.34054115414619446,0.9998497366905212,0.03371889144182205,-0.620274543762207,-0.34278810024261475,0.9998888969421387,0.011170439422130585,-0.6266725063323975,-0.3548630177974701,0.9997633099555969,0.012553378939628601,-0.6276572346687317,-0.3657979667186737,0.9997603297233582,0.01564023643732071,-0.6117314100265503,-0.34715011715888977,0.9997532367706299,0.13240793347358704,-0.5914293527603149,-0.26145654916763306,0.9999547004699707,-0.023564321920275688,-0.5448481440544128,-0.2166142463684082,0.9996511340141296,0.07061392813920975,-0.5811488032341003,-0.3174876272678375,0.999606728553772,0.024893643334507942,-0.5489595532417297,-0.33289024233818054,0.9992894530296326,0.24388320744037628,-0.4261469841003418,-0.1302608698606491,0.9998289942741394,-0.05512025207281113,-0.49328821897506714,-0.02810366451740265,0.9996259808540344,0.44392338395118713,-0.38089466094970703,-0.12351613491773605,0.742060661315918,-0.2804841995239258,-0.3611162304878235,-0.03295036405324936,0.8451799750328064,0.6224976181983948,-0.30541691184043884,-0.12278077006340027,0.7251355051994324,-0.5423182845115662,-0.3645067811012268,-0.15353070199489594,0.7981187701225281,0.6621004939079285,-0.30073294043540955,-0.10857345908880234,0.7284743189811707,-0.5771384239196777,-0.3733670115470886,-0.18486100435256958,0.7957637906074524,0.6623498201370239,-0.30147644877433777,-0.14459547400474548,0.7300629019737244,-0.5614139437675476,-0.4059951901435852,-0.22070856392383575,0.7972638607025146,0.6334716081619263,-0.28415900468826294,-0.13997116684913635,0.721312403678894,-0.5500198602676392,-0.37130194902420044,-0.1769544631242752,0.7807121276855469,0.08470764756202698,0.04168061167001724,4.170395914115943e-05,0.9999551177024841,-0.08206707239151001,-0.045156579464673996,0.0029577992390841246,0.9998617172241211,0.03231332078576088,0.4715549349784851,-0.07809501141309738,0.9371321201324463,-0.3795730471611023,-0.025489138439297676,0.006111327093094587,0.8684861660003662,-0.03627143055200577,0.8142095804214478,0.09923300892114639,0.9700290560722351,-0.4992271959781647,0.11703329533338547,0.34138235449790955,0.7985005974769592,-0.06515222787857056,0.8479970693588257,0.12395527213811874,0.9417619705200195,-0.5492388010025024,0.12159143388271332,0.34054189920425415,0.7736387848854065,-0.08955266326665878,0.8803814649581909,0.05274660512804985,0.9487020969390869,-0.5973199605941772,0.13618558645248413,0.3499782681465149,0.8026220798492432
107,3.5666666666666664,0.01955990493297577,-0.5781158804893494,-0.402188777923584,0.9998013973236084,0.037125363945961,-0.5908859968185425,-0.39031916856765747,0.9998364448547363,0.03679296001791954,-0.5917146801948547,-0.38085728883743286,0.9998646974563599,0.03575298562645912,-0.5922871232032776,-0.38266101479530334,0.9998999834060669,0.014186149463057518,-0.5995795130729675,-0.3975295126438141,0.999786913394928,0.015586870722472668,-0.6009108424186707,-0.4085141718387604,0.9997842311859131,0.018622826784849167,-0.5834768414497375,-0.3896719515323639,0.9997778534889221,0.1306203454732895,-0.5626254081726074,-0.29423096776008606,0.9999591708183289,-0.02356499433517456,-0.522628903388977,-0.2601553499698639,0.9996858239173889,0.07131200283765793,-0.5526694655418396,-0.35890859365463257,0.9996459484100342,0.026774367317557335,-0.5225409865379333,-0.37630942463874817,0.9993603229522705,0.23621565103530884,-0.40496477484703064,-0.16670574247837067,0.9998456835746765,-0.06294259428977966,-0.48021164536476135,-0.07009457796812057,0.9996557235717773,0.45699048042297363,-0.37822195887565613,-0.15401454269886017,0.7676951885223389,-0.2923167645931244,-0.38233092427253723,-0.053045205771923065,0.8598824143409729,0.6590285897254944,-0.31462743878364563,-0.13345053791999817,0.7524790167808533,-0.5605369806289673,-0.3988635838031769,-0.15194542706012726,0.8171606659889221,0.7028762698173523,-0.3149658143520355,-0.11539430916309357,0.7551450729370117,-0.5969311594963074,-0.4085589647293091,-0.17428870499134064,0.8127016425132751,0.7034133672714233,-0.31648141145706177,-0.1545007973909378,0.7566803693771362,-0.5816054344177246,-0.4368467628955841,-0.21159037947654724,0.8146139979362488,0.6713591814041138,-0.29442650079727173,-0.15263722836971283,0.7487741112709045,-0.5695697069168091,-0.4037289619445801,-0.17659923434257507,0.8002302646636963,0.0820438414812088,0.040910884737968445,-0.0013288006884977221,0.9999558329582214,-0.07934567332267761,-0.04441960155963898,0.00380056444555521,0.9998618364334106,0.03928668051958084,0.4664880037307739,-0.07721903920173645,0.9411463737487793,-0.3210373520851135,-0.032343000173568726,0.06020313501358032,0.8317698836326599,-0.01857384666800499,0.8071379065513611,0.06475581228733063,0.9707074165344238,-0.308463990688324,-0.039217960089445114,0.41213905811309814,0.7295045852661133,-0.04396498575806618,0.8391532897949219,0.0864715427160263,0.9370652437210083,-0.3017265498638153,-0.0515296570956707,0.4107774794101715,0.7160729765892029,-0.0671132430434227,0.86898273229599,0.015064114704728127,0.9506902098655701,-0.27965548634529114,-0.0596851147711277,0.4497736990451813,0.7411516308784485
108,3.6,0.02016141265630722,-0.5748205184936523,-0.39130255579948425,0.9998212456703186,0.037749290466308594,-0.5876151323318481,-0.378969669342041,0.99985271692276,0.037018418312072754,-0.5883709788322449,-0.3695703148841858,0.9998781085014343,0.03632786497473717,-0.588958203792572,-0.37102311849594116,0.9999098777770996,0.015667283907532692,-0.5959960222244263,-0.38708728551864624,0.999808132648468,0.016863329336047173,-0.5971580147743225,-0.3980488181114197,0.999805748462677,0.01952708326280117,-0.5799162983894348,-0.3790315091609955,0.9997999668121338,0.12908700108528137,-0.5602414011955261,-0.28139105439186096,0.9999631643295288,-0.02485686168074608,-0.5193048119544983,-0.25218796730041504,0.9997166991233826,0.07061821967363358,-0.5497384667396545,-0.3479243218898773,0.9996811747550964,0.026954378932714462,-0.5191795229911804,-0.3669665455818176,0.9994239211082458,0.23070424795150757,-0.40471360087394714,-0.1582590937614441,0.9998607039451599,-0.0711345449090004,-0.4780431091785431,-0.06739503890275955,0.9996804594993591,0.4518158435821533,-0.37652289867401123,-0.1494889259338379,0.7907243371009827,-0.3004211485385895,-0.38859206438064575,-0.05450790002942085,0.8723027110099792,0.6495234966278076,-0.31300678849220276,-0.13050800561904907,0.7770501971244812,-0.5702794194221497,-0.39935755729675293,-0.136463925242424,0.8332502245903015,0.6923221945762634,-0.31383928656578064,-0.11348403990268707,0.7790655493736267,-0.6075701713562012,-0.4078232944011688,-0.1573500633239746,0.8257375359535217,0.6912829875946045,-0.3162263333797455,-0.152349591255188,0.7805690169334412,-0.5931650400161743,-0.4365655779838562,-0.19551582634449005,0.8283730149269104,0.6609893441200256,-0.2931544780731201,-0.14972901344299316,0.7734115719795227,-0.5795780420303345,-0.40451332926750183,-0.16220666468143463,0.8163174986839294,0.08017769455909729,0.040465082973241806,-0.001182660460472107,0.9999557137489319,-0.07745647430419922,-0.043979961425065994,0.003571353852748871,0.9998593330383301,0.04058345779776573,0.4627552330493927,-0.07694141566753387,0.9452359080314636,-0.286625474691391,-0.0702119991183281,0.06437157839536667,0.8014272451400757,-0.015059859491884708,0.8024047017097473,0.043375514447689056,0.9717003703117371,-0.2717452943325043,-0.04960791394114494,0.37644296884536743,0.6730700731277466,-0.03963097557425499,0.8325273394584656,0.06213778629899025,0.9350151419639587,-0.2648344337940216,-0.058279477059841156,0.37068355083465576,0.6698111891746521,-0.06422890722751617,0.8556045293807983,-0.00815604254603386,0.9530311822891235,-0.2372651994228363,-0.07281732559204102,0.3981921970844269,0.6938893795013428
109,3.6333333333333333,0.021282901987433434,-0.5759729146957397,-0.37088459730148315,0.9998391270637512,0.0386219285428524,-0.5912786722183228,-0.3529718816280365,0.9998673796653748,0.03787941113114357,-0.5917614698410034,-0.3460404574871063,0.9998902678489685,0.03706803545355797,-0.5927836894989014,-0.3454614281654358,0.9999188780784607,0.016964152455329895,-0.5981859564781189,-0.37242764234542847,0.9998273253440857,0.01814393885433674,-0.5990079641342163,-0.3810012638568878,0.9998251795768738,0.020797280594706535,-0.5835965871810913,-0.3647594749927521,0.9998199343681335,0.12638066709041595,-0.5644022822380066,-0.2365119755268097,0.9999668002128601,-0.028489205986261368,-0.5183651447296143,-0.22664442658424377,0.9997448921203613,0.0708577036857605,-0.5519887208938599,-0.32136979699134827,0.9997129440307617,0.02777489461004734,-0.5187463760375977,-0.351187527179718,0.9994813799858093,0.2263728678226471,-0.4071826934814453,-0.12130862474441528,0.9998741149902344,-0.08071120083332062,-0.4758760631084442,-0.024122115224599838,0.9997046589851379,0.43693938851356506,-0.3739818334579468,-0.14275315403938293,0.811365008354187,-0.30838239192962646,-0.3837699890136719,-0.03228023275732994,0.8818361759185791,0.6261933445930481,-0.3063768744468689,-0.09441111981868744,0.799160897731781,-0.5553939938545227,-0.3870657682418823,-0.13797958195209503,0.8470447063446045,0.6710154414176941,-0.31233885884284973,-0.08024310320615768,0.8006795048713684,-0.5891479849815369,-0.39633238315582275,-0.1693495810031891,0.8374060988426208,0.6667977571487427,-0.3112561106681824,-0.11764238774776459,0.8021525740623474,-0.5705923438072205,-0.42875605821609497,-0.2047555297613144,0.8406333923339844,0.636168360710144,-0.28835946321487427,-0.11230448633432388,0.7956629395484924,-0.5604117512702942,-0.39395564794540405,-0.16350308060646057,0.8302983641624451,0.08352234959602356,0.04004966840147972,0.0016186165157705545,0.9999579191207886,-0.08072049915790558,-0.04365374892950058,0.0008419008227065206,0.9998671412467957,0.05193597823381424,0.4508873522281647,-0.07583575695753098,0.9494695663452148,-0.2756781280040741,-0.1257341206073761,-0.11415513604879379,0.8128548860549927,0.007410713005810976,0.7980095744132996,0.03530400991439819,0.9730742573738098,-0.11110085248947144,-0.05292883142828941,0.05160731077194214,0.646576464176178,-0.018448056653141975,0.828315794467926,0.05302508547902107,0.9342453479766846,-0.0861654132604599,-0.059024009853601456,0.03285565972328186,0.6491171717643738,-0.0382416658103466,0.8444470167160034,-0.0217351783066988,0.9557915925979614,-0.03964002802968025,-0.0645235925912857,0.027891190722584724,0.6854594349861145
110,3.6666666666666665,0.012427625246345997,-0.5820618271827698,-0.32273152470588684,0.999855101108551,0.035954952239990234,-0.5934110283851624,-0.3182547092437744,0.9998804926872253,0.03525398299098015,-0.5938803553581238,-0.3118361830711365,0.9999010562896729,0.03484750911593437,-0.5960099101066589,-0.31209006905555725,0.9999268054962158,0.015223299153149128,-0.6027523279190063,-0.3263499140739441,0.999844491481781,0.016900550574064255,-0.6039363741874695,-0.33712801337242126,0.9998425841331482,0.019207347184419632,-0.5887389779090881,-0.32062220573425293,0.9998378157615662,0.125685453414917,-0.5686865448951721,-0.22930605709552765,0.9999698996543884,-0.012728042900562286,-0.524512529373169,-0.18506290018558502,0.9997700452804565,0.060729458928108215,-0.5540947914123535,-0.29051077365875244,0.9997414350509644,0.024035179987549782,-0.5218862891197205,-0.30436885356903076,0.9995328783988953,0.22203059494495392,-0.40674591064453125,-0.13783034682273865,0.9998854398727417,-0.07274746894836426,-0.48516392707824707,0.024893255904316902,0.9997273683547974,0.3544890880584717,-0.3420683443546295,-0.29404035210609436,0.8294810652732849,-0.266071617603302,-0.3927091360092163,0.06758831441402435,0.88267982006073,0.45436662435531616,-0.2888282835483551,-0.4627024829387665,0.8187853693962097,-0.4936334490776062,-0.4054048955440521,0.0009730940219014883,0.8605172634124756,0.48964712023735046,-0.29279395937919617,-0.4882066249847412,0.8199821710586548,-0.5166690349578857,-0.4129415452480316,-0.01879321038722992,0.8506203889846802,0.4727439284324646,-0.30141234397888184,-0.5095470547676086,0.8214392066001892,-0.49972274899482727,-0.45097920298576355,-0.05686822533607483,0.8539337515830994,0.4550500214099884,-0.2747248113155365,-0.48088422417640686,0.8153056502342224,-0.4970043897628784,-0.4136383831501007,-0.022246889770030975,0.8444516658782959,0.08391287177801132,0.0397648811340332,-0.014761830680072308,0.9999554753303528,-0.08123897761106491,-0.04354871064424515,0.017658552154898643,0.9998693466186523,0.05160870403051376,0.45129716396331787,-0.12189153581857681,0.9524683952331543,-0.300187885761261,-0.08389344066381454,-0.09102660417556763,0.7995012402534485,0.01079834159463644,0.7972094416618347,-0.048225969076156616,0.9739227294921875,-0.13687629997730255,0.017599182203412056,0.12793195247650146,0.5986818075180054,-0.014521274715662003,0.827987551689148,-0.03424777463078499,0.9331700801849365,-0.11403636634349823,0.015721218660473824,0.11922157555818558,0.6163381338119507,-0.03382055088877678,0.8488816618919373,-0.0991034209728241,0.9581761956214905,-0.07919392734766006,-0.024055475369095802,0.1751989871263504,0.648672878742218
111,3.6999999999999997,-0.004269435536116362,-0.5840495228767395,-0.3089725077152252,0.9998694062232971,0.02158227749168873,-0.5940791368484497,-0.3110160231590271,0.9998922944068909,0.02204146794974804,-0.5947166085243225,-0.3040428161621094,0.9999107122421265,0.021653933450579643,-0.59671950340271,-0.30307134985923767,0.9999339580535889,0.005839919205754995,-0.6050280928611755,-0.31316015124320984,0.9998599290847778,0.007109352387487888,-0.6052020192146301,-0.32466259598731995,0.9998582005500793,0.009548044763505459,-0.5905210971832275,-0.30683431029319763,0.9998539090156555,0.11928700655698776,-0.5695661902427673,-0.23210516571998596,0.9999727010726929,-0.012469574809074402,-0.529133141040802,-0.17626866698265076,0.9997926354408264,0.04346795752644539,-0.5574345588684082,-0.2806320786476135,0.9997668862342834,0.01063226256519556,-0.5230385065078735,-0.28752291202545166,0.9995790123939514,0.18442335724830627,-0.40406954288482666,-0.1548919826745987,0.999894380569458,-0.051941946148872375,-0.4919966459274292,0.05898303911089897,0.9997475147247314,0.21547843515872955,-0.29852187633514404,-0.30442795157432556,0.8434308767318726,-0.19116878509521484,-0.38777533173561096,0.17618076503276825,0.8454170227050781,0.15188561379909515,-0.271098792552948,-0.4258880019187927,0.8356484770774841,-0.47823411226272583,-0.3995734751224518,0.18266405165195465,0.8721364140510559,0.14007601141929626,-0.28205305337905884,-0.4471924304962158,0.8366554975509644,-0.506492018699646,-0.41230282187461853,0.16321705281734467,0.8629932999610901,0.1108790934085846,-0.3004533350467682,-0.45675551891326904,0.8381537199020386,-0.4540265202522278,-0.4490694999694824,0.13139823079109192,0.8662893176078796,0.13800473511219025,-0.26500004529953003,-0.4342978596687317,0.8316664695739746,-0.4818432927131653,-0.4109214246273041,0.16118110716342926,0.8571146130561829,0.08309514820575714,0.039532192051410675,-0.030667882412672043,0.9999458193778992,-0.08029761910438538,-0.04356154426932335,0.032894231379032135,0.9998648166656494,0.04441044479608536,0.44302189350128174,-0.10791347175836563,0.9515493512153625,-0.2339838743209839,-0.06406503170728683,-0.05021335929632187,0.7766302227973938,0.02901376597583294,0.798032820224762,-0.02456701174378395,0.9731552600860596,-0.04229622706770897,0.062329526990652084,0.1519937813282013,0.5606842637062073,0.00962394941598177,0.8317556381225586,-0.010562106966972351,0.9292778372764587,-0.02149035595357418,0.06157832220196724,0.13882333040237427,0.590293824672699,-0.01646803878247738,0.870983898639679,-0.06791198998689651,0.9588698148727417,0.007566589862108231,0.11720943450927734,0.16526921093463898,0.6212354302406311
112,3.7333333333333334,-0.02816312201321125,-0.6314549446105957,-0.23016555607318878,0.9998759031295776,0.005908400751650333,-0.6449612975120544,-0.23530279099941254,0.9998984932899475,0.0075784712098538876,-0.64683997631073,-0.22232763469219208,0.9999139308929443,0.006521569564938545,-0.6466767191886902,-0.2226700335741043,0.9999368786811829,-0.009943988174200058,-0.6613500118255615,-0.22484301030635834,0.9998692870140076,-0.009539586491882801,-0.6601564884185791,-0.23698735237121582,0.9998667240142822,-0.006788494996726513,-0.6494309902191162,-0.21682952344417572,0.9998638033866882,0.11536581069231033,-0.6009783744812012,-0.1819053739309311,0.9999717473983765,-0.01132991537451744,-0.5876582264900208,-0.08584519475698471,0.999771237373352,0.021928926929831505,-0.6039382815361023,-0.20310458540916443,0.9997690916061401,-0.012326831929385662,-0.5772093534469604,-0.20158688724040985,0.9995907545089722,0.10513503104448318,-0.4322683811187744,-0.15140578150749207,0.9999013543128967,-0.022151479497551918,-0.5358390212059021,0.16631367802619934,0.999754786491394,-0.03162150830030441,-0.3144075572490692,-0.2696438729763031,0.8520635366439819,-0.1461227983236313,-0.40318599343299866,0.12266595661640167,0.7637603878974915,-0.18904611468315125,-0.3157270550727844,-0.02073427475988865,0.8219897747039795,-0.28838446736335754,-0.39311376214027405,0.03829409182071686,0.8010526299476624,-0.23395442962646484,-0.3315090835094452,-0.0034779964480549097,0.8135163187980652,-0.2890965938568115,-0.40433192253112793,-0.07753479480743408,0.8037249445915222,-0.22957515716552734,-0.3460589051246643,-0.004447645507752895,0.8144912719726562,-0.25474750995635986,-0.4444071054458618,-0.06566397100687027,0.8084654211997986,-0.18791639804840088,-0.30722418427467346,-0.011339442804455757,0.796144425868988,-0.28263160586357117,-0.4036613702774048,0.016426468268036842,0.7974321842193604,0.059389516711235046,0.012466122396290302,-0.05069684982299805,0.9999452829360962,-0.05727893486618996,-0.015611537732183933,0.05422642454504967,0.9998730421066284,0.014581865631043911,0.36597245931625366,-0.11101112514734268,0.9421781301498413,-0.037143394351005554,0.3185093402862549,0.022333437576889992,0.7520896196365356,0.03537539392709732,0.6822382211685181,-0.017421087250113487,0.9580701589584351,-0.017407633364200592,0.692258358001709,0.1416095644235611,0.5805533528327942,0.020582905039191246,0.7142177224159241,-0.007014124188572168,0.9046069383621216,-0.01593116484582424,0.7224921584129333,0.11294171959161758,0.5956847667694092,-0.0009784583235159516,0.7691805362701416,-0.020068882033228874,0.9451094269752502,-0.04408722743391991,0.7785416841506958,0.06534680724143982,0.6365798711776733
113,3.7666666666666666,-0.08048784732818604,-0.620076060295105,-0.215925395488739,0.9998880624771118,-0.051902733743190765,-0.6308959722518921,-0.22382277250289917,0.9999085664749146,-0.050654470920562744,-0.6310082674026489,-0.21179485321044922,0.9999223947525024,-0.049852024763822556,-0.6308555603027344,-0.2106248438358307,0.9999431371688843,-0.050840433686971664,-0.6488758325576782,-0.2129865288734436,0.9998822212219238,-0.05184188857674599,-0.6458067297935486,-0.22474893927574158,0.9998798370361328,-0.04742585867643356,-0.6336979269981384,-0.20369794964790344,0.9998772144317627,0.06579951196908951,-0.5820824503898621,-0.18491420149803162,0.9999744892120361,-0.017924165353178978,-0.5844544768333435,-0.08610401302576065,0.9997931122779846,-0.030719321221113205,-0.5895201563835144,-0.19175711274147034,0.9997897148132324,-0.05479385331273079,-0.5700101852416992,-0.1861930787563324,0.9996272325515747,-0.004619424231350422,-0.4285023808479309,-0.16782048344612122,0.9999074935913086,0.05527976155281067,-0.5044070482254028,0.18866267800331116,0.9995295405387878,-0.200606107711792,-0.321402907371521,-0.23525133728981018,0.8650314211845398,-0.01894805021584034,-0.3406802713871002,0.3230869770050049,0.6876477599143982,-0.4364309310913086,-0.31147637963294983,-0.06560389697551727,0.8386907577514648,-0.1904461830854416,-0.3543644845485687,0.4129829704761505,0.7240282893180847,-0.4967692494392395,-0.3243064880371094,-0.05602677911520004,0.8302091956138611,-0.18598900735378265,-0.3792364299297333,0.40576881170272827,0.7292623519897461,-0.5157447457313538,-0.3343885540962219,-0.05445259436964989,0.8310502767562866,-0.1930863857269287,-0.41931775212287903,0.39226001501083374,0.7336272597312927,-0.44853994250297546,-0.3002496361732483,-0.06019723042845726,0.8121587038040161,-0.20623013377189636,-0.3758748173713684,0.3970054090023041,0.72357577085495,0.019846046343445778,0.013419147580862045,-0.07165215164422989,0.9999247193336487,-0.018125664442777634,-0.01751231588423252,0.07307267934083939,0.9997683167457581,0.011815298348665237,0.3585033118724823,-0.10648182034492493,0.9340677261352539,-0.07296087592840195,0.16315358877182007,0.14602811634540558,0.6815271973609924,0.039330825209617615,0.7050841450691223,-0.07347794622182846,0.9531830549240112,-0.05146151781082153,0.1860445737838745,0.255947083234787,0.5289131999015808,0.020428383722901344,0.7217411398887634,-0.06918501108884811,0.8966929316520691,-0.05586516112089157,0.1580355018377304,0.22832797467708588,0.5542426705360413,-0.029033441096544266,0.7827707529067993,-0.09854422509670258,0.9397742748260498,-0.04068200662732124,0.11121542006731033,0.25186070799827576,0.58675616979599
114,3.8,-0.08512552827596664,-0.617084264755249,-0.16148795187473297,0.999895453453064,-0.05820336192846298,-0.6274167895317078,-0.17304594814777374,0.9999160766601562,-0.056947313249111176,-0.6272459626197815,-0.1613263487815857,0.9999279975891113,-0.0558968186378479,-0.627028226852417,-0.16115178167819977,0.9999474883079529,-0.05515652894973755,-0.6462854743003845,-0.16143523156642914,0.9998916387557983,-0.055872842669487,-0.6421151161193848,-0.1729971021413803,0.9998881220817566,-0.051176849752664566,-0.6307106018066406,-0.15270958840847015,0.9998863339424133,0.05190972983837128,-0.5793346762657166,-0.1640942543745041,0.9999754428863525,-0.01751895621418953,-0.5798722505569458,-0.04890400916337967,0.9997996687889099,-0.03689246252179146,-0.586974024772644,-0.14302098751068115,0.9997929930686951,-0.05660150945186615,-0.569177508354187,-0.1360931098461151,0.9996318817138672,-0.00709138996899128,-0.42839089035987854,-0.15438154339790344,0.9999089241027832,0.06743882596492767,-0.5006653070449829,0.21341629326343536,0.9993212223052979,-0.1795080304145813,-0.3235887587070465,-0.20559565722942352,0.8763785362243652,-0.009217805229127407,-0.33245527744293213,0.35060253739356995,0.6196202635765076,-0.4117663502693176,-0.30899858474731445,-0.04980212822556496,0.8531010746955872,-0.18116384744644165,-0.3508559763431549,0.4223763048648834,0.6620091795921326,-0.4707428514957428,-0.32022130489349365,-0.04275839403271675,0.8444504737854004,-0.17621678113937378,-0.3789271116256714,0.411070853471756,0.6736246347427368,-0.49076035618782043,-0.3286343514919281,-0.0318048931658268,0.8451312780380249,-0.1855141967535019,-0.41849300265312195,0.39268991351127625,0.6779689192771912,-0.4244636297225952,-0.29622215032577515,-0.03962816298007965,0.82489413022995,-0.1969335824251175,-0.3737104535102844,0.40532657504081726,0.6683512926101685,0.012539923191070557,0.011203529313206673,-0.06911284476518631,0.9999071359634399,-0.010256705805659294,-0.01590730808675289,0.07038281857967377,0.9997180104255676,0.014400271698832512,0.3516521453857422,-0.11133454740047455,0.9257538914680481,-0.09616754204034805,0.19688917696475983,0.10240057855844498,0.6303198337554932,0.03777626156806946,0.7216944694519043,-0.08314654976129532,0.950109601020813,-0.04688604921102524,0.3104603886604309,0.24114254117012024,0.49372562766075134,0.01748233288526535,0.7512485980987549,-0.07643254846334457,0.8898480534553528,-0.04805133119225502,0.30603548884391785,0.2178003340959549,0.5269395112991333,-0.024118300527334213,0.7959499359130859,-0.11014748364686966,0.9349235892295837,-0.03460925072431564,0.3147211968898773,0.23134015500545502,0.5523092746734619
115,3.8333333333333335,-0.11340971291065216,-0.6487025618553162,0.006274636834859848,0.9998880624771118,-0.09633824974298477,-0.6584627628326416,-0.023977918550372124,0.9999153017997742,-0.09561217576265335,-0.6594715714454651,-0.012002523988485336,0.9999268054962158,-0.09426365047693253,-0.6589704155921936,-0.013461891561746597,0.9999461770057678,-0.06962867826223373,-0.6731085777282715,-0.014166963286697865,0.9998897910118103,-0.06879090517759323,-0.6703047156333923,-0.0266588032245636,0.9998854398727417,-0.0631789118051529,-0.6577508449554443,-0.006209151353687048,0.9998835921287537,-0.0325879268348217,-0.5924537777900696,-0.11205979436635971,0.9999746680259705,0.0027138672303408384,-0.5772907733917236,0.007259640377014875,0.9997991323471069,-0.08091021329164505,-0.613017201423645,-0.00385810574516654,0.9997802972793579,-0.0704379677772522,-0.5873088240623474,0.0015543625922873616,0.9996084570884705,-0.09044591337442398,-0.45181742310523987,-0.14806492626667023,0.999915599822998,0.12486337125301361,-0.5007976293563843,0.19311177730560303,0.9992960691452026,-0.27480143308639526,-0.35729631781578064,-0.19322490692138672,0.888483464717865,0.10470101237297058,-0.32678425312042236,0.3203395903110504,0.5641304850578308,-0.5048479437828064,-0.33936670422554016,-0.027881169691681862,0.8666290640830994,-0.059251196682453156,-0.351851224899292,0.465711385011673,0.5969412326812744,-0.557642936706543,-0.36892348527908325,-0.011760091409087181,0.8579608201980591,-0.045015037059783936,-0.3824796974658966,0.47433528304100037,0.6077260971069336,-0.560360312461853,-0.37326133251190186,0.000787374097853899,0.8584392070770264,-0.049269575625658035,-0.4280182123184204,0.4703623950481415,0.6116018295288086,-0.5087327361106873,-0.3291567862033844,-0.016739288344979286,0.837297797203064,-0.07546950876712799,-0.377593457698822,0.45835864543914795,0.603026807308197,-0.022293634712696075,0.008615688420832157,-0.06318013370037079,0.9999070763587952,0.024581216275691986,-0.013988289050757885,0.0640045553445816,0.9997127652168274,-0.01728537119925022,0.3669579327106476,-0.056392405182123184,0.9047559499740601,-0.01878807134926319,0.2630248963832855,0.10726375132799149,0.5882068276405334,0.03269436955451965,0.7474325299263,-0.01563611440360546,0.9404171109199524,-0.03951920196413994,0.6004329323768616,0.25053349137306213,0.4702535569667816,0.012941617518663406,0.7866610288619995,-0.006019524298608303,0.8839209079742432,-0.04663693159818649,0.6287723183631897,0.22839051485061646,0.5213873386383057,-0.043079923838377,0.8462119698524475,0.004326125141233206,0.9180135726928711,-0.06943199783563614,0.6689317226409912,0.2425437718629837,0.5239465832710266
116,3.8666666666666667,-0.019178902730345726,-0.650325357913971,0.1408776342868805,0.999814510345459,-0.05194210633635521,-0.6604134440422058,0.10886795818805695,0.9998331665992737,-0.05205325782299042,-0.6622098684310913,0.11864835023880005,0.9998725652694702,-0.04774461314082146,-0.6617595553398132,0.11894098669290543,0.9998975992202759,0.016429591923952103,-0.6713418364524841,0.0936550423502922,0.99981290102005,0.020070137456059456,-0.6689730882644653,0.08242915570735931,0.9998239874839783,0.025606859475374222,-0.656086802482605,0.10276663303375244,0.9997963905334473,-0.046525102108716965,-0.6005556583404541,0.0027192197740077972,0.99996018409729,0.06553682684898376,-0.5724146366119385,0.019383400678634644,0.9996799230575562,-0.056637976318597794,-0.6174944043159485,0.12740282714366913,0.9995843172073364,0.017358357086777687,-0.5850147008895874,0.10089009255170822,0.9993157386779785,-0.13834507763385773,-0.4627200663089752,-0.018763385713100433,0.9999222159385681,0.17107442021369934,-0.5007573366165161,0.16405348479747772,0.9993063807487488,-0.3007884621620178,-0.3849627673625946,0.00043404140160419047,0.8984878659248352,0.22076699137687683,-0.3313925862312317,0.238896906375885,0.5357151627540588,-0.41908225417137146,-0.39206191897392273,0.21068136394023895,0.8520665168762207,0.08233094960451126,-0.3770836591720581,0.39273959398269653,0.538827121257782,-0.4532398283481598,-0.4137552082538605,0.2543022334575653,0.8345681428909302,0.1011679619550705,-0.40994253754615784,0.4066954553127289,0.5487504601478577,-0.440559059381485,-0.42116686701774597,0.2579529285430908,0.8339948058128357,0.0815998762845993,-0.4539493918418884,0.41012704372406006,0.552196204662323,-0.4097486734390259,-0.38222914934158325,0.2202918380498886,0.8058156371116638,0.05695345252752304,-0.40746498107910156,0.3926578164100647,0.5445348620414734,-0.06265468150377274,0.009438416920602322,-0.012580721639096737,0.9999101758003235,0.06462085247039795,-0.015138965100049973,0.011276881210505962,0.9997128248214722,-0.016293901950120926,0.36822280287742615,-0.011140668764710426,0.9113477468490601,0.22013938426971436,0.20859894156455994,0.08985208719968796,0.6084678769111633,0.05320688709616661,0.7543158531188965,-0.08766453713178635,0.944082498550415,0.006169157102704048,0.45157498121261597,0.14447690546512604,0.5004932880401611,0.04013752564787865,0.796119213104248,-0.0893731340765953,0.8934179544448853,-0.023218195885419846,0.47341683506965637,0.11783350259065628,0.5516674518585205,0.002882852917537093,0.8494905233383179,-0.039500102400779724,0.9166040420532227,-0.039262715727090836,0.5202118158340454,0.197356715798378,0.5233015418052673
117,3.9,0.01690354198217392,-0.6452128887176514,0.1762416511774063,0.9998005032539368,-0.02658488042652607,-0.6563506722450256,0.1479090005159378,0.9998130202293396,-0.025632882490754128,-0.6569370031356812,0.1583593189716339,0.9998579621315002,-0.02185935527086258,-0.6570752859115601,0.15536050498485565,0.9998832941055298,0.04364493489265442,-0.6668025851249695,0.12400950491428375,0.9998054504394531,0.044600002467632294,-0.6657601594924927,0.11625467985868454,0.99982088804245,0.05341469123959541,-0.6515002846717834,0.13482427597045898,0.999790608882904,-0.06731008738279343,-0.6002940535545349,0.04937007278203964,0.9999561905860901,0.0704285204410553,-0.5547175407409668,0.0345512293279171,0.9996699690818787,-0.03910066932439804,-0.6137497425079346,0.1629602462053299,0.9995210766792297,0.04214463010430336,-0.5845047831535339,0.12728692591190338,0.9992601871490479,-0.16899582743644714,-0.45778027176856995,0.05927278846502304,0.9999277591705322,0.16037747263908386,-0.4958277642726898,0.15211115777492523,0.9993571639060974,-0.29558712244033813,-0.379105806350708,0.1612968146800995,0.8957570195198059,0.24991460144519806,-0.3023741543292999,0.22834624350070953,0.5490261316299438,-0.22592201828956604,-0.39090511202812195,0.4476533532142639,0.7935901284217834,0.11233352869749069,-0.36119136214256287,0.3315931260585785,0.4924898147583008,-0.23760491609573364,-0.4154280424118042,0.4966614544391632,0.7750115990638733,0.12790754437446594,-0.4080348312854767,0.3451171815395355,0.5017549395561218,-0.2534639537334442,-0.41879817843437195,0.49425017833709717,0.7746478915214539,0.10370657593011856,-0.4527912437915802,0.3449900448322296,0.5049192309379578,-0.21235957741737366,-0.37956011295318604,0.4501948952674866,0.748917281627655,0.08779694139957428,-0.3927991986274719,0.33208808302879333,0.49799150228500366,-0.07383059710264206,0.012551573105156422,0.01966632343828678,0.9999138116836548,0.07566213607788086,-0.017825040966272354,-0.021196948364377022,0.9997262954711914,-0.027175268158316612,0.3697592318058014,0.016783036291599274,0.9173765778541565,0.2958521842956543,0.1565416306257248,0.040270671248435974,0.6347327828407288,0.05199150741100311,0.7517083287239075,-0.09141229093074799,0.9468086957931519,0.08842488378286362,0.38542047142982483,0.08354583382606506,0.5260260105133057,0.0376267172396183,0.7933215498924255,-0.09511646628379822,0.9024951457977295,0.060325030237436295,0.4031529724597931,0.05906802788376808,0.5793425440788269,0.02180575765669346,0.8486630916595459,-0.03539431467652321,0.9144892692565918,0.07704804092645645,0.4565269947052002,0.16671492159366608,0.5205023884773254
118,3.933333333333333,0.12533415853977203,-0.6201964020729065,0.05380687117576599,0.9998183250427246,0.09401220083236694,-0.6337535977363586,0.04327184706926346,0.9998293519020081,0.09536523371934891,-0.637671947479248,0.05356067791581154,0.9998701214790344,0.09596636891365051,-0.6359653472900391,0.051404815167188644,0.9998927712440491,0.13378936052322388,-0.6443712115287781,0.015325344167649746,0.9998237490653992,0.13378463685512543,-0.6406822800636292,0.007106096018105745,0.9998379349708557,0.142472505569458,-0.6281382441520691,0.026020945981144905,0.9998102784156799,-0.046772342175245285,-0.5870920419692993,0.015450173988938332,0.9999597072601318,0.08916709572076797,-0.5292762517929077,0.030607204884290695,0.9997008442878723,0.09454335272312164,-0.5932581424713135,0.06539475172758102,0.999558687210083,0.12337077409029007,-0.5575001239776611,0.024551747366786003,0.9993258118629456,-0.09246238321065903,-0.4410283863544464,0.09625072777271271,0.9999280571937561,0.14973245561122894,-0.4810105860233307,0.04748355969786644,0.9994036555290222,-0.2022375762462616,-0.356298565864563,0.23869451880455017,0.8475021123886108,0.2775706946849823,-0.30769118666648865,0.10220419615507126,0.5909417867660522,-0.007735538762062788,-0.3887358009815216,0.5221993327140808,0.7184838056564331,0.17475111782550812,-0.36443132162094116,0.2907671630382538,0.45533573627471924,0.005458019208163023,-0.4243912994861603,0.5716232657432556,0.7027673125267029,0.19703251123428345,-0.4112837314605713,0.29801252484321594,0.4611963629722595,0.019437290728092194,-0.42512375116348267,0.5698444247245789,0.7024547457695007,0.185024693608284,-0.4504384398460388,0.3002381920814514,0.4633491635322571,0.01486754696816206,-0.3778127133846283,0.5254959464073181,0.6802187561988831,0.15553878247737885,-0.3936232328414917,0.2908574938774109,0.45637211203575134,-0.05804996192455292,0.012959498912096024,0.05612221732735634,0.9999206066131592,0.060539986938238144,-0.018157795071601868,-0.05758272483944893,0.999748706817627,0.004616254474967718,0.3795160949230194,0.007825169712305069,0.9254826307296753,0.3037887513637543,0.1693539172410965,0.005550002679228783,0.6706095933914185,0.047365497797727585,0.7618582844734192,-0.0914631336927414,0.9520401358604431,0.1844632625579834,0.44693508744239807,0.11546999961137772,0.5719155669212341,0.03195421025156975,0.8035388588905334,-0.09314951300621033,0.9121317863464355,0.17102456092834473,0.47171324491500854,0.09436670690774918,0.6182543635368347,0.05410010740160942,0.8480412364006042,-0.036274880170822144,0.9226397275924683,0.24314448237419128,0.5340127944946289,0.17167794704437256,0.5612160563468933
119,3.966666666666667,0.1402452141046524,-0.6028538942337036,0.018456537276506424,0.9998344779014587,0.12065034359693527,-0.624248206615448,0.020612873136997223,0.9998450875282288,0.12192979454994202,-0.6267318725585938,0.026524556800723076,0.9998813271522522,0.12213678658008575,-0.626063346862793,0.02621748112142086,0.9999018907546997,0.13390488922595978,-0.6318874955177307,-0.04686121642589569,0.9998405575752258,0.13540653884410858,-0.6282216310501099,-0.05990574136376381,0.9998534321784973,0.14053770899772644,-0.6153534650802612,-0.038213711231946945,0.999828577041626,0.013435758650302887,-0.5898173451423645,-0.009346999228000641,0.9999620914459229,0.076364666223526,-0.5299649238586426,-0.07886452227830887,0.9997289180755615,0.1239849328994751,-0.5859204530715942,0.022303592413663864,0.9995846152305603,0.12543721497058868,-0.5451639890670776,-0.029485957697033882,0.9993768334388733,-0.061440225690603256,-0.4402472972869873,0.14189527928829193,0.999839186668396,0.12935885787010193,-0.4818359911441803,-0.037215881049633026,0.9994012117385864,-0.0019634251948446035,-0.3375946283340454,0.227883443236351,0.7661256790161133,0.2845960259437561,-0.31471627950668335,-0.03328471630811691,0.6246145963668823,0.12047435343265533,-0.34398582577705383,0.3659098148345947,0.6479270458221436,0.23449011147022247,-0.36465197801589966,0.16526640951633453,0.4556143581867218,0.12846249341964722,-0.37444809079170227,0.39774560928344727,0.6347182989120483,0.252665251493454,-0.4077487885951996,0.15374870598316193,0.45583266019821167,0.1263555884361267,-0.3602074980735779,0.3920990228652954,0.6345040202140808,0.23778027296066284,-0.4345228970050812,0.16027744114398956,0.4536733329296112,0.13196536898612976,-0.3270273804664612,0.36526158452033997,0.6149595975875854,0.2169773429632187,-0.3907968997955322,0.1671786904335022,0.44331637024879456,-0.051704514771699905,0.013345839455723763,0.0830078199505806,0.9999269843101501,0.054440006613731384,-0.018549233675003052,-0.08329980075359344,0.9997718930244446,0.037934597581624985,0.39165931940078735,0.030861860141158104,0.9325782060623169,0.27614718675613403,0.19707143306732178,0.006368542555719614,0.7031688690185547,0.03198109567165375,0.7740511894226074,-0.01411227323114872,0.9566726684570312,0.3714711666107178,0.5404824018478394,0.1274280697107315,0.6144471168518066,0.011890411376953125,0.8159245252609253,-0.00835401564836502,0.9205430746078491,0.38425663113594055,0.5726501941680908,0.10536085069179535,0.6556648015975952,0.04520055279135704,0.8498597741127014,0.018400125205516815,0.9298543334007263,0.4996403455734253,0.5813813209533691,0.14521558582782745,0.6035560369491577
120,4.0,0.14305302500724792,-0.5916810631752014,-0.009547272697091103,0.9998499751091003,0.12089518457651138,-0.6156619191169739,-0.009114031679928303,0.9998599886894226,0.12218037992715836,-0.6185786724090576,0.0008728264947421849,0.9998924136161804,0.12231554090976715,-0.6180253624916077,-0.0005593497189693153,0.9999109506607056,0.13484689593315125,-0.6237231492996216,-0.05347724258899689,0.999856173992157,0.13542751967906952,-0.6191443204879761,-0.06512963771820068,0.9998677968978882,0.13959532976150513,-0.6068178415298462,-0.04404708743095398,0.9998453855514526,0.035747185349464417,-0.5890367031097412,0.02123153582215309,0.9999653697013855,0.06468504667282104,-0.5258802175521851,-0.077015720307827,0.9997551441192627,0.1316349357366562,-0.5754455924034119,0.014670257456600666,0.9996165037155151,0.1268153041601181,-0.5342259407043457,-0.03689523786306381,0.9994298815727234,-0.04746570438146591,-0.43094930052757263,0.1734073907136917,0.9998050332069397,0.12523236870765686,-0.4815794825553894,-0.00884515605866909,0.9994219541549683,0.04418035224080086,-0.3381972312927246,0.28951767086982727,0.6929633617401123,0.28712207078933716,-0.3237013518810272,-0.001059467438608408,0.649865984916687,0.14752572774887085,-0.3918720781803131,0.5193119049072266,0.5839373469352722,0.22956335544586182,-0.3749629259109497,0.1682405322790146,0.4270132780075073,0.16073748469352722,-0.43764346837997437,0.560116171836853,0.5727017521858215,0.2523111402988434,-0.41331493854522705,0.15972110629081726,0.4280892312526703,0.153656005859375,-0.42853784561157227,0.5635764598846436,0.5725880265235901,0.2419968843460083,-0.43367862701416016,0.1679132729768753,0.4242211878299713,0.15904395282268524,-0.3793365955352783,0.5233783721923828,0.555483341217041,0.2128189355134964,-0.39336660504341125,0.1755777895450592,0.4138615131378174,-0.048816025257110596,0.013460650108754635,0.08906307816505432,0.9999334812164307,0.05126267671585083,-0.018714632838964462,-0.08886171132326126,0.9997937083244324,0.060264360159635544,0.3942202031612396,0.05333378165960312,0.9390629529953003,0.2652554512023926,0.19096429646015167,-0.014183673076331615,0.7327395081520081,0.0183523278683424,0.7738577127456665,0.03218230605125427,0.9608815908432007,0.38000667095184326,0.5186609625816345,0.07348226010799408,0.6528927087783813,-0.00665281293913722,0.8155806660652161,0.03905050456523895,0.9283024072647095,0.3957473337650299,0.5485475063323975,0.0488571971654892,0.6898142099380493,0.0409659817814827,0.8497011661529541,0.06707353889942169,0.9364331960678101,0.5228257179260254,0.5574238300323486,0.07256189733743668,0.642492949962616
121,4.033333333333333,0.12754066288471222,-0.5906559228897095,-0.10814393311738968,0.9998646378517151,0.11984355747699738,-0.6150153279304504,-0.09075455367565155,0.9998738169670105,0.1225021630525589,-0.6162474155426025,-0.07961513847112656,0.9999028444290161,0.12219028174877167,-0.616519570350647,-0.0826912447810173,0.999919593334198,0.11528249084949493,-0.6219556927680969,-0.12816348671913147,0.9998704195022583,0.11695370823144913,-0.6181250214576721,-0.14116275310516357,0.9998809099197388,0.12049897015094757,-0.6069273352622986,-0.11903417110443115,0.9998607039451599,0.09665621072053909,-0.5991274118423462,0.0012924163602292538,0.999968409538269,0.038035064935684204,-0.5276361703872681,-0.07763492316007614,0.9997787475585938,0.13492447137832642,-0.5759410858154297,-0.05182186886668205,0.9996502995491028,0.11223561316728592,-0.5359447002410889,-0.10582958906888962,0.9994819164276123,0.054789893329143524,-0.4586039185523987,0.18640774488449097,0.9997955560684204,0.11937888711690903,-0.4863695800304413,-0.018798507750034332,0.9994432330131531,0.19226372241973877,-0.37135377526283264,0.2659623920917511,0.644489049911499,0.2660941183567047,-0.3196549713611603,-0.12386918067932129,0.6725437641143799,0.34837770462036133,-0.35096240043640137,0.35345613956451416,0.5638884902000427,0.3543018102645874,-0.31181931495666504,-0.16335967183113098,0.46010902523994446,0.3659176826477051,-0.36829495429992676,0.39310500025749207,0.5618746876716614,0.39578476548194885,-0.32664453983306885,-0.2133805751800537,0.4596874415874481,0.37199461460113525,-0.36371418833732605,0.4097561240196228,0.5629652142524719,0.40761294960975647,-0.3656006455421448,-0.2060469090938568,0.45370030403137207,0.36449214816093445,-0.33058255910873413,0.3580421507358551,0.5474737882614136,0.35873112082481384,-0.3270528018474579,-0.16499732434749603,0.4353097975254059,-0.03982938453555107,0.012465779669582844,0.10385743528604507,0.9999396800994873,0.0422847643494606,-0.01752675510942936,-0.10136459767818451,0.9998137354850769,0.08649338781833649,0.39483869075775146,0.0694212093949318,0.943768322467804,0.26590752601623535,0.18060313165187836,-0.16472458839416504,0.7593836784362793,0.013595573604106903,0.7657784223556519,0.13913020491600037,0.9636300802230835,0.5009217858314514,0.4688575267791748,-0.1762433499097824,0.6874952912330627,-0.015880122780799866,0.80525803565979,0.15756800770759583,0.9344197511672974,0.5338043570518494,0.4932651221752167,-0.21473270654678345,0.7205809354782104,0.051319122314453125,0.8405240774154663,0.16900284588336945,0.9405053853988647,0.6571167707443237,0.45049232244491577,-0.24390003085136414,0.677934467792511
122,4.066666666666666,0.11789709329605103,-0.5914747714996338,-0.12379317730665207,0.9998765587806702,0.11619420349597931,-0.6150429844856262,-0.10702182352542877,0.9998853206634521,0.11873594671487808,-0.6157318949699402,-0.09568440169095993,0.9999107122421265,0.118234783411026,-0.6162033677101135,-0.09930900484323502,0.9999262094497681,0.1059039905667305,-0.6222209930419922,-0.14064431190490723,0.999882698059082,0.10771697014570236,-0.618762731552124,-0.1540086567401886,0.9998921751976013,0.11109673976898193,-0.6077114939689636,-0.1322050392627716,0.9998740553855896,0.10682059079408646,-0.6029469966888428,0.0008214774425141513,0.999969482421875,0.018605349585413933,-0.53899085521698,-0.07746876031160355,0.9997981786727905,0.12929803133010864,-0.5764480233192444,-0.06677591055631638,0.9996733665466309,0.10226522386074066,-0.5368107557296753,-0.11873157322406769,0.9995222687721252,0.08455505222082138,-0.4610169231891632,0.1912585198879242,0.9997547268867493,0.09467055648565292,-0.503503680229187,-0.02108861319720745,0.9994683265686035,0.20164808630943298,-0.36785751581192017,0.22098705172538757,0.5934048295021057,0.22586040198802948,-0.3209277093410492,-0.1465286910533905,0.6998733878135681,0.35244306921958923,-0.31376340985298157,0.1845957338809967,0.5439440011978149,0.34831565618515015,-0.30567875504493713,-0.22888213396072388,0.5087846517562866,0.3677520751953125,-0.32390299439430237,0.17569732666015625,0.5567141771316528,0.397761732339859,-0.31366437673568726,-0.28962498903274536,0.5080344080924988,0.37137264013290405,-0.3276645839214325,0.1625748872756958,0.5594688057899475,0.42618075013160706,-0.3568595051765442,-0.2833152115345001,0.5021387338638306,0.36535027623176575,-0.2949599325656891,0.17490561306476593,0.542576014995575,0.3596688210964203,-0.3203832507133484,-0.23204271495342255,0.4807366728782654,-0.024393567815423012,0.012519695796072483,0.10440118610858917,0.9999449253082275,0.02692263387143612,-0.01751035824418068,-0.10146000236272812,0.99983149766922,0.0794147402048111,0.4178081154823303,0.07598155736923218,0.9464959502220154,0.26878076791763306,0.19550392031669617,-0.16628994047641754,0.7832467555999756,-0.007517900783568621,0.7826430201530457,0.16005472838878632,0.965833306312561,0.48991265892982483,0.45000067353248596,-0.10539724677801132,0.7183746695518494,-0.03900383412837982,0.8205503821372986,0.17995606362819672,0.9393753409385681,0.5215237140655518,0.4700782299041748,-0.1355239301919937,0.7477825880050659,0.05111721530556679,0.8455753922462463,0.18136321008205414,0.9439535737037659,0.6461710333824158,0.4297005534172058,-0.15798448026180267,0.7092386484146118
123,4.1,0.12567584216594696,-0.5922878384590149,-0.24486789107322693,0.9998742938041687,0.1202198714017868,-0.6150303483009338,-0.22950021922588348,0.9998846650123596,0.12338652461767197,-0.6149585247039795,-0.21818697452545166,0.9998893737792969,0.1222091019153595,-0.6159422397613525,-0.22105847299098969,0.999912679195404,0.10470220446586609,-0.6212995648384094,-0.25606200098991394,0.9998900294303894,0.10669887810945511,-0.6182374358177185,-0.2679007649421692,0.9998986721038818,0.11032838374376297,-0.6079172492027283,-0.2459765076637268,0.9998841285705566,0.11587519198656082,-0.6025823950767517,-0.08834682404994965,0.99991375207901,0.004896935075521469,-0.5367871522903442,-0.16762246191501617,0.9998034238815308,0.14435039460659027,-0.5772761702537537,-0.1853475570678711,0.9995629191398621,0.10899808257818222,-0.5378978848457336,-0.23387935757637024,0.9994984269142151,0.10994914919137955,-0.4659665822982788,0.15158334374427795,0.9996286630630493,0.09007138013839722,-0.49998995661735535,-0.11778905242681503,0.9995114207267761,0.14507031440734863,-0.35956284403800964,0.24931858479976654,0.535472571849823,0.2672356069087982,-0.33155256509780884,-0.23847155272960663,0.7289541363716125,0.22651925683021545,-0.18448805809020996,0.3437991142272949,0.49016064405441284,0.46511319279670715,-0.27697518467903137,-0.2903595268726349,0.5569106936454773,0.26161375641822815,-0.16394288837909698,0.37279096245765686,0.5018596649169922,0.5275337100028992,-0.2713083028793335,-0.3723163902759552,0.5547809600830078,0.2647727131843567,-0.15774279832839966,0.35224634408950806,0.5043773651123047,0.5728134512901306,-0.3037709593772888,-0.35335883498191833,0.5494078397750854,0.24246829748153687,-0.15246811509132385,0.3415963351726532,0.4891848564147949,0.48579728603363037,-0.285845011472702,-0.2924065589904785,0.525988757610321,0.006838006898760796,0.011899447068572044,0.11238027364015579,0.9999483823776245,-0.0038799364119768143,-0.017500953748822212,-0.10852981358766556,0.9998472929000854,0.1506740003824234,0.4012297987937927,0.09293060749769211,0.9177153706550598,0.19676503539085388,0.12893317639827728,-0.3967962861061096,0.8036202788352966,0.003403408220037818,0.7607220411300659,0.2186046838760376,0.9519003629684448,0.38944119215011597,0.3023020327091217,-0.40211817622184753,0.7401013374328613,-0.034709807485342026,0.7975444793701172,0.24159666895866394,0.9360646605491638,0.3806423246860504,0.3121168613433838,-0.4340994954109192,0.7661696672439575,0.08703235536813736,0.8392024040222168,0.24486446380615234,0.9263941645622253,0.45705217123031616,0.25026077032089233,-0.49380138516426086,0.7324398756027222
124,4.133333333333333,0.10182792693376541,-0.5900495052337646,-0.3067769706249237,0.9998863339424133,0.10849509388208389,-0.6139412522315979,-0.29085224866867065,0.9998952150344849,0.11114384233951569,-0.6134594678878784,-0.2806365191936493,0.99989914894104,0.10695287585258484,-0.6144673824310303,-0.28287962079048157,0.9999201893806458,0.0708620473742485,-0.6181172728538513,-0.30925577878952026,0.9999005794525146,0.07231084257364273,-0.6154614686965942,-0.3217475712299347,0.999908447265625,0.0759369432926178,-0.6047555804252625,-0.2990342974662781,0.9998953938484192,0.1149279996752739,-0.6050817966461182,-0.15627425909042358,0.9999204874038696,-0.027322612702846527,-0.5378144383430481,-0.19886015355587006,0.9998220205307007,0.13272802531719208,-0.5775999426841736,-0.24778425693511963,0.9995984435081482,0.08375696837902069,-0.5385390520095825,-0.28401511907577515,0.9995426535606384,0.1626148223876953,-0.4676055610179901,0.0859365463256836,0.9996312856674194,0.054717857390642166,-0.49966874718666077,-0.14424747228622437,0.9995492696762085,0.3251802921295166,-0.3626255393028259,0.12640954554080963,0.5106791257858276,0.2529394030570984,-0.3323556184768677,-0.22620052099227905,0.755113959312439,0.525418758392334,-0.23354539275169373,0.10925151407718658,0.4845007658004761,0.4496825933456421,-0.28853657841682434,-0.2448779046535492,0.6007057428359985,0.5645362138748169,-0.2371075302362442,0.12011870741844177,0.5075047016143799,0.5075088143348694,-0.29475146532058716,-0.314798504114151,0.5984780788421631,0.5629653334617615,-0.2316112220287323,0.0893944501876831,0.5125906467437744,0.549252986907959,-0.33178454637527466,-0.2976119816303253,0.5936406850814819,0.5393322110176086,-0.20847772061824799,0.09532304108142853,0.4995082914829254,0.47247231006622314,-0.3016321361064911,-0.24425546824932098,0.5717617273330688,0.03535705804824829,0.006428385153412819,0.10311814397573471,0.9999399781227112,-0.032049983739852905,-0.01141437143087387,-0.09970676898956299,0.9998549818992615,0.18299619853496552,0.3075654208660126,0.08427698910236359,0.8982283473014832,0.18762095272541046,0.25283026695251465,-0.2337176501750946,0.8222047686576843,0.023890681564807892,0.6144076585769653,0.22006653249263763,0.9355038404464722,0.02291754260659218,0.5223526954650879,-0.05913707613945007,0.7630331516265869,-0.020303290337324142,0.6438689827919006,0.2507602870464325,0.9221742749214172,0.003189286682754755,0.5460440516471863,-0.053459323942661285,0.7824548482894897,0.07022356986999512,0.6901444792747498,0.26835867762565613,0.9166951775550842,0.05160614103078842,0.5845502018928528,-0.0626874566078186,0.7551087141036987
125,4.166666666666667,0.07261687517166138,-0.594427764415741,-0.32788488268852234,0.9998974204063416,0.08779747784137726,-0.6173354983329773,-0.31366387009620667,0.9999054670333862,0.0876285508275032,-0.6176814436912537,-0.3021973967552185,0.9999088644981384,0.08429273217916489,-0.6179964542388916,-0.3058629035949707,0.9999279975891113,0.04877854138612747,-0.6223535537719727,-0.3266318440437317,0.9999102354049683,0.04925789311528206,-0.6202818751335144,-0.3389832377433777,0.9999171495437622,0.05271584540605545,-0.6078895926475525,-0.3179761469364166,0.9999054074287415,0.11551376432180405,-0.6171697974205017,-0.18332873284816742,0.9999281167984009,-0.042692895978689194,-0.5545706152915955,-0.20568755269050598,0.9998370409011841,0.12694093585014343,-0.5843440294265747,-0.27175232768058777,0.9996359348297119,0.05892335996031761,-0.5474962592124939,-0.30185291171073914,0.9995803236961365,0.18733374774456024,-0.4707384705543518,0.03925516828894615,0.9996634721755981,0.018636519089341164,-0.5092002749443054,-0.13384303450584412,0.9992689490318298,0.37148845195770264,-0.3599017858505249,0.11569905281066895,0.5393397808074951,0.23826320469379425,-0.3387925922870636,-0.2025505155324936,0.7640379071235657,0.5720739960670471,-0.2527366876602173,0.14357995986938477,0.532953143119812,0.414373517036438,-0.29347893595695496,-0.21979820728302002,0.6052958965301514,0.6055053472518921,-0.2591552436351776,0.16299840807914734,0.5536527037620544,0.4740220308303833,-0.30583736300468445,-0.2794822156429291,0.5963326096534729,0.6082492470741272,-0.25083258748054504,0.13218651711940765,0.5587325096130371,0.5142224431037903,-0.3441924452781677,-0.27041342854499817,0.5915694236755371,0.5874163508415222,-0.22808946669101715,0.1305210143327713,0.5463911890983582,0.43590182065963745,-0.3092246651649475,-0.22106508910655975,0.5608978867530823,0.054791998118162155,0.007918555289506912,0.09819716960191727,0.9999434351921082,-0.05195878446102142,-0.011791558936238289,-0.0949007198214531,0.9998475313186646,0.1177327111363411,0.32606738805770874,0.07592416554689407,0.9050548076629639,-0.1688561886548996,0.23906107246875763,-0.0968041867017746,0.8207967877388,-0.009116753935813904,0.7125953435897827,0.14648586511611938,0.941394567489624,-0.2519840598106384,0.18453377485275269,0.309058278799057,0.7117100358009338,-0.04765808954834938,0.7479257583618164,0.1648116260766983,0.9276071190834045,-0.2592998147010803,0.16787494719028473,0.3131512701511383,0.7304196953773499,0.04259373992681503,0.7667785286903381,0.11464762687683105,0.9237822890281677,-0.2634010314941406,0.15552754700183868,0.37823033332824707,0.7091524004936218
126,4.2,0.05240826681256294,-0.5953843593597412,-0.33192184567451477,0.9999074935913086,0.0655301958322525,-0.617556631565094,-0.317390114068985,0.9999147057533264,0.06573436409235,-0.6179879903793335,-0.3065654933452606,0.9999176263809204,0.06295406818389893,-0.6182209849357605,-0.3095801770687103,0.99993497133255,0.03040328249335289,-0.6225637793540955,-0.33091050386428833,0.999919056892395,0.030972007662057877,-0.6203892230987549,-0.3423539102077484,0.9999251961708069,0.03462499752640724,-0.6081761717796326,-0.3215339779853821,0.9999146461486816,0.11071010679006577,-0.6181978583335876,-0.1848626732826233,0.9999349117279053,-0.06185242161154747,-0.5552575588226318,-0.2035013735294342,0.9998520016670227,0.11172104626893997,-0.5863329768180847,-0.27342456579208374,0.9996697902679443,0.041785772889852524,-0.549592912197113,-0.30291756987571716,0.9996172189712524,0.17617526650428772,-0.4741668701171875,0.027326082810759544,0.9996914267539978,0.003973735962063074,-0.5127518773078918,-0.11936859786510468,0.9992129802703857,0.36870065331459045,-0.3596544563770294,0.10567221790552139,0.5614628195762634,0.21784280240535736,-0.3495396673679352,-0.1762080192565918,0.7819064259529114,0.5718823075294495,-0.2596367299556732,0.14591702818870544,0.5762579441070557,0.3550359606742859,-0.32760974764823914,-0.18828091025352478,0.64005047082901,0.6077914237976074,-0.26594600081443787,0.168400377035141,0.594700038433075,0.40709927678108215,-0.3328075110912323,-0.24406059086322784,0.6296676397323608,0.6064470410346985,-0.2551073133945465,0.13562917709350586,0.5998610854148865,0.4436938762664795,-0.37801775336265564,-0.2379433810710907,0.6256046891212463,0.5848633050918579,-0.23373053967952728,0.13212771713733673,0.588201105594635,0.37246301770210266,-0.34269794821739197,-0.19009505212306976,0.5941816568374634,0.05423875153064728,0.008138931356370449,0.09421555697917938,0.9999343752861023,-0.0512351468205452,-0.012193901464343071,-0.09119957685470581,0.9997923970222473,0.09146422892808914,0.335004985332489,0.06994626671075821,0.8950874209403992,-0.10903611034154892,0.23530489206314087,-0.0980735644698143,0.8150394558906555,-0.016986656934022903,0.7378912568092346,0.1346341371536255,0.9423511028289795,-0.22191894054412842,0.17157676815986633,0.2328832894563675,0.6549568772315979,-0.053345225751399994,0.772807240486145,0.14934872090816498,0.9244757890701294,-0.2344323992729187,0.15479962527751923,0.2321057766675949,0.6758743524551392,0.012649238109588623,0.7871705293655396,0.10639375448226929,0.9235070943832397,-0.2410047948360443,0.16241879761219025,0.3043723404407501,0.658001720905304
127,4.233333333333333,0.05379537120461464,-0.6107644438743591,-0.3019663989543915,0.999916672706604,0.06571268290281296,-0.6294165253639221,-0.2865900993347168,0.9999231696128845,0.0660146027803421,-0.6298751831054688,-0.27584123611450195,0.9999257326126099,0.0634627640247345,-0.6300114989280701,-0.2794369161128998,0.9999414086341858,0.03497011587023735,-0.6355541944503784,-0.29966798424720764,0.9999271035194397,0.035830430686473846,-0.6348567605018616,-0.3113195300102234,0.9999326467514038,0.03965649753808975,-0.6215205192565918,-0.29069432616233826,0.9999231100082397,0.12389795482158661,-0.6281939148902893,-0.16213881969451904,0.9999412894248962,-0.05008803308010101,-0.5684468746185303,-0.18339625000953674,0.9998664259910583,0.10896872729063034,-0.6020024418830872,-0.24699507653713226,0.9997022151947021,0.04490789398550987,-0.5657261610031128,-0.2760763168334961,0.9996543526649475,0.21548430621623993,-0.47474780678749084,0.032323211431503296,0.9997202157974243,-0.005616995505988598,-0.5248498916625977,-0.1020529493689537,0.9992684125900269,0.38895443081855774,-0.3592729866504669,0.1041475459933281,0.5883286595344543,0.15104566514492035,-0.35595449805259705,-0.20601066946983337,0.7995260953903198,0.6020880937576294,-0.264448344707489,0.12461670488119125,0.6162732243537903,0.3305131494998932,-0.3327076733112335,-0.3033128082752228,0.6733574271202087,0.6356868147850037,-0.26749348640441895,0.14347051084041595,0.6329281330108643,0.3728645443916321,-0.33329105377197266,-0.36745405197143555,0.6628592610359192,0.6383501291275024,-0.2580326795578003,0.10618201643228531,0.6379926800727844,0.4041702151298523,-0.37809234857559204,-0.3661022186279297,0.6592426896095276,0.6159225106239319,-0.23908406496047974,0.10825709253549576,0.6271093487739563,0.33798253536224365,-0.3458669185638428,-0.3083541691303253,0.6277961730957031,0.06436362117528915,0.010882400907576084,0.08672083169221878,0.9999385476112366,-0.06162545457482338,-0.0138046033680439,-0.08266701549291611,0.9998009204864502,0.09083886444568634,0.3712230622768402,0.0356968529522419,0.902959406375885,-0.1550176590681076,0.23380158841609955,-0.10496347397565842,0.8172951936721802,-0.01815899647772312,0.76796555519104,0.07878164947032928,0.9473636746406555,-0.23328523337841034,0.12257160246372223,0.23292461037635803,0.607840895652771,-0.05228392779827118,0.8050656318664551,0.09234323352575302,0.9299947023391724,-0.23942220211029053,0.10639437288045883,0.23205581307411194,0.6307986378669739,0.03638884052634239,0.8032698035240173,0.06452640146017075,0.9298621416091919,-0.24017052352428436,0.07710152864456177,0.30083420872688293,0.6200624108314514
128,4.266666666666667,0.0344466008245945,-0.6249412894248962,-0.27331313490867615,0.999921977519989,0.050581254065036774,-0.6445050239562988,-0.2610178589820862,0.9999224543571472,0.05158760026097298,-0.6449055671691895,-0.25013604760169983,0.9999208450317383,0.049409009516239166,-0.6457390189170837,-0.2534277141094208,0.9999391436576843,0.01952209882438183,-0.6509925723075867,-0.27753472328186035,0.9999288320541382,0.022334441542625427,-0.6504530906677246,-0.28934332728385925,0.999933660030365,0.02368391677737236,-0.6400156021118164,-0.2686803638935089,0.9999237060546875,0.1196386069059372,-0.6285673379898071,-0.14992937445640564,0.9999422430992126,-0.04989221319556236,-0.5741778612136841,-0.13818643987178802,0.9998608827590942,0.08907847106456757,-0.6095355153083801,-0.22300809621810913,0.9997277855873108,0.03021957352757454,-0.5744091272354126,-0.25406500697135925,0.9996812343597412,0.21437983214855194,-0.4732874929904938,0.0035372599959373474,0.9997459053993225,-0.06506241112947464,-0.5216144919395447,-0.003999506123363972,0.99930340051651,0.3647207021713257,-0.3841817378997803,0.0019961160141974688,0.6281039118766785,-0.18999604880809784,-0.3539844751358032,-0.1895572394132614,0.8167120814323425,0.5101724863052368,-0.3080258369445801,-0.031578462570905685,0.6538328528404236,-0.09955787658691406,-0.3739021420478821,-0.45769599080085754,0.7030604481697083,0.5297396779060364,-0.29502391815185547,-0.033541012555360794,0.6683956980705261,-0.054630424827337265,-0.3740484416484833,-0.5370308756828308,0.6923907995223999,0.5248220562934875,-0.2918365001678467,-0.062379591166973114,0.6730990409851074,0.008502453565597534,-0.42381155490875244,-0.5382848381996155,0.6889580488204956,0.5159035921096802,-0.2819262742996216,-0.047613613307476044,0.6627950072288513,-0.07368005812168121,-0.3901982307434082,-0.46918514370918274,0.657538652420044,0.07740474492311478,0.020614231005311012,0.03979705274105072,0.9999399185180664,-0.07511859387159348,-0.024414565414190292,-0.03448990732431412,0.999809980392456,0.02936512976884842,0.429577112197876,-0.036321863532066345,0.9117910861968994,-0.3024705648422241,-0.0185458455234766,-0.2141132354736328,0.8347020149230957,-0.044428832828998566,0.8305374979972839,0.037110209465026855,0.9523749947547913,-0.6523315906524658,0.14837753772735596,-0.07746446877717972,0.6460893750190735,-0.07242841273546219,0.8676633238792419,0.04965144768357277,0.9344090819358826,-0.6866722106933594,0.15503139793872833,-0.10513348877429962,0.6619812846183777,0.01414464134722948,0.8770371675491333,-0.0272348765283823,0.9362600445747375,-0.7447940707206726,0.10841532796621323,-0.17041803896427155,0.6568002700805664
129,4.3,0.030130967497825623,-0.6233459711074829,-0.26738959550857544,0.9999291896820068,0.04829882085323334,-0.6430838704109192,-0.25868064165115356,0.9999284148216248,0.04932377487421036,-0.6436747908592224,-0.24437586963176727,0.9999261498451233,0.04768017679452896,-0.6450056433677673,-0.2475086897611618,0.9999428987503052,0.019351938739418983,-0.6479013562202454,-0.2680570185184479,0.9999349117279053,0.022555772215127945,-0.6496708989143372,-0.2798876166343689,0.9999393224716187,0.024091389030218124,-0.6376712322235107,-0.2608686685562134,0.9999301433563232,0.12011571228504181,-0.6274120211601257,-0.14359769225120544,0.9999465346336365,-0.04472290724515915,-0.5721362233161926,-0.11498773097991943,0.9998724460601807,0.08198101073503494,-0.6084781289100647,-0.21445828676223755,0.9997540712356567,0.02985350415110588,-0.5725342035293579,-0.24617508053779602,0.9997115731239319,0.21503549814224243,-0.47292253375053406,-0.03218720108270645,0.9997705221176147,-0.06405969709157944,-0.5197041034698486,0.03516165167093277,0.9993680715560913,0.3645687699317932,-0.39889901876449585,-0.15146154165267944,0.6624394059181213,-0.19624432921409607,-0.36260882019996643,-0.12630338966846466,0.8286737203598022,0.4889845848083496,-0.32077300548553467,-0.31574344635009766,0.6858218908309937,-0.37081074714660645,-0.36909183859825134,-0.354924738407135,0.7310089468955994,0.5128087997436523,-0.3005663752555847,-0.3431988060474396,0.6980589032173157,-0.39800527691841125,-0.3697353005409241,-0.4164696931838989,0.7209827899932861,0.497527152299881,-0.29984378814697266,-0.37096768617630005,0.7026168704032898,-0.37263867259025574,-0.41989701986312866,-0.44387149810791016,0.7179938554763794,0.4903039038181305,-0.2961388826370239,-0.3363267779350281,0.6915956139564514,-0.3753141164779663,-0.3829789459705353,-0.37684571743011475,0.6885073184967041,0.07868770509958267,0.02731376700103283,0.010445894673466682,0.9999434351921082,-0.07579298317432404,-0.03110847808420658,-0.005667572841048241,0.999825119972229,0.023855287581682205,0.4644704759120941,-0.09260629117488861,0.9197489619255066,-0.3819975256919861,-0.016414741054177284,-0.12343640625476837,0.8485313057899475,-0.05860646069049835,0.8553276658058167,0.010798859409987926,0.9563504457473755,-0.7538643479347229,0.1880647987127304,0.018404338508844376,0.6788368225097656,-0.08555286377668381,0.8918227553367615,0.026195961982011795,0.9349142909049988,-0.7919217944145203,0.1978716105222702,-0.023592887446284294,0.6842848658561707,-0.025455012917518616,0.9191601872444153,-0.03684075176715851,0.9412725567817688,-0.858302652835846,0.15840627253055573,-0.04728015139698982,0.6875990033149719
130,4.333333333333333,0.027549125254154205,-0.6219363212585449,-0.28385689854621887,0.9999361038208008,0.04680858552455902,-0.6427191495895386,-0.27230706810951233,0.9999350309371948,0.047872394323349,-0.6430510878562927,-0.2639635503292084,0.9999328851699829,0.04614313319325447,-0.6445173025131226,-0.2652224600315094,0.9999480843544006,0.021567702293395996,-0.6466729640960693,-0.2827586829662323,0.9999411106109619,0.024105491116642952,-0.6484129428863525,-0.2929879426956177,0.9999451041221619,0.026189766824245453,-0.6373392939567566,-0.2744075357913971,0.9999367594718933,0.1266147792339325,-0.6152293086051941,-0.181916743516922,0.9999515414237976,-0.039750538766384125,-0.5715882778167725,-0.13326258957386017,0.9998843669891357,0.07893586903810501,-0.605349600315094,-0.23692239820957184,0.9997783899307251,0.03106626123189926,-0.571596622467041,-0.25843214988708496,0.9997398853302002,0.21973031759262085,-0.4578261971473694,-0.07855688780546188,0.9997926950454712,-0.05384044349193573,-0.5186100602149963,0.038064565509557724,0.9994258880615234,0.3790607750415802,-0.394371896982193,-0.19833697378635406,0.6958707571029663,-0.20024359226226807,-0.4064222574234009,0.1023855060338974,0.8389216065406799,0.4853357970714569,-0.32380783557891846,-0.32386234402656555,0.7169874310493469,-0.39379262924194336,-0.41264739632606506,0.09390102326869965,0.7553788423538208,0.5138586163520813,-0.31427350640296936,-0.3392848074436188,0.727847695350647,-0.4058993458747864,-0.41571131348609924,0.07758843898773193,0.7446022033691406,0.49448466300964355,-0.3184390664100647,-0.3649900555610657,0.7320293188095093,-0.3926768898963928,-0.4523409307003021,0.04545386880636215,0.7422593235969543,0.4838312268257141,-0.30377376079559326,-0.34305354952812195,0.721967875957489,-0.39841428399086,-0.4228174388408661,0.07472176104784012,0.7155085206031799,0.08170661330223083,0.03201613575220108,-0.001235511153936386,0.9999459385871887,-0.07935956865549088,-0.03712821006774902,0.005081122275441885,0.9998380541801453,0.03130711615085602,0.4550519287586212,-0.09878601878881454,0.9276310801506042,-0.3874761760234833,-0.028082963079214096,-0.04140075668692589,0.8623458743095398,-0.05670999735593796,0.8429599404335022,-0.011227517388761044,0.9604865312576294,-0.6918037533760071,0.21255290508270264,0.11886517703533173,0.7093344330787659,-0.08389170467853546,0.8806044459342957,0.001700541703030467,0.9396457672119141,-0.7244850397109985,0.22010889649391174,0.0914890468120575,0.7094889283180237,-0.04411870986223221,0.9086812734603882,-0.06332627683877945,0.9468154311180115,-0.7727124691009521,0.19234304130077362,0.03409343585371971,0.7170015573501587
131,4.366666666666666,0.029147395864129066,-0.5818799138069153,-0.40448227524757385,0.9999424815177917,0.04726409539580345,-0.5979951024055481,-0.391823410987854,0.9999414682388306,0.047352273017168045,-0.5981229543685913,-0.3827930688858032,0.9999395608901978,0.046125706285238266,-0.5992394685745239,-0.3850135803222656,0.9999532103538513,0.023501938208937645,-0.6050500869750977,-0.402234822511673,0.9999469518661499,0.0257105715572834,-0.6065700054168701,-0.4134954512119293,0.9999505281448364,0.028018377721309662,-0.5924525260925293,-0.39395400881767273,0.9999430179595947,0.12543588876724243,-0.5653956532478333,-0.2928396165370941,0.9999563097953796,-0.039298053830862045,-0.5245537757873535,-0.2669883370399475,0.9998958110809326,0.0780387595295906,-0.5581753253936768,-0.35741379857063293,0.9998005032539368,0.03266385197639465,-0.5268658995628357,-0.37990567088127136,0.9997657537460327,0.22163520753383636,-0.41072893142700195,-0.15329954028129578,0.9998127818107605,-0.0670008733868599,-0.4809747338294983,-0.07538089901208878,0.9994770884513855,0.42934828996658325,-0.3915872275829315,-0.14175140857696533,0.7262181043624878,-0.293893963098526,-0.397043913602829,-0.02768552303314209,0.854813277721405,0.6286104917526245,-0.3288041651248932,-0.15130600333213806,0.7452462315559387,-0.5538560748100281,-0.3998308479785919,-0.1236516609787941,0.779586672782898,0.6750961542129517,-0.3304327130317688,-0.14323896169662476,0.7549178004264832,-0.5877581238746643,-0.4111308157444,-0.12282050400972366,0.7692347764968872,0.6759954690933228,-0.33497652411460876,-0.17474593222141266,0.758712649345398,-0.5717836022377014,-0.44602492451667786,-0.19143588840961456,0.7672580480575562,0.6409463286399841,-0.3099953532218933,-0.168474480509758,0.7496392130851746,-0.5610413551330566,-0.4100595712661743,-0.15889477729797363,0.7432196736335754,0.08377458155155182,0.035273946821689606,0.006097598001360893,0.999946117401123,-0.08139399439096451,-0.039580121636390686,-0.002739313058555126,0.9998424053192139,0.035717155784368515,0.4616159200668335,-0.07291696965694427,0.9341872334480286,-0.37029793858528137,-0.013562992215156555,-0.05029755085706711,0.8720945715904236,-0.05278639495372772,0.8331998586654663,0.07364071905612946,0.9638004899024963,-0.4574732184410095,0.19006823003292084,0.25123247504234314,0.7161639928817749,-0.08248960971832275,0.8759036660194397,0.09705798327922821,0.9412424564361572,-0.47245651483535767,0.20034043490886688,0.24696217477321625,0.7064895629882812,-0.07566627115011215,0.9046850204467773,0.004562619607895613,0.951153039932251,-0.4844449758529663,0.2026025503873825,0.2315681278705597,0.7264153361320496
132,4.4,0.02834436111152172,-0.5713453888893127,-0.40495043992996216,0.9999482035636902,0.04748928174376488,-0.586359977722168,-0.39216306805610657,0.999947190284729,0.04717227444052696,-0.5863352417945862,-0.38320392370224,0.9999454617500305,0.04616929590702057,-0.5873791575431824,-0.3855229616165161,0.999957799911499,0.024442346766591072,-0.5951986908912659,-0.40204334259033203,0.9999521970748901,0.026410089805722237,-0.5962461829185486,-0.41315627098083496,0.999955415725708,0.028876883909106255,-0.5819806456565857,-0.39357519149780273,0.9999486207962036,0.12737946212291718,-0.5524758696556091,-0.292167603969574,0.9999605417251587,-0.03597540780901909,-0.5160523653030396,-0.26638883352279663,0.9999059438705444,0.07632806897163391,-0.5465790629386902,-0.35796505212783813,0.9998202919960022,0.03260798007249832,-0.5167112350463867,-0.3793749511241913,0.9997888803482056,0.22384296357631683,-0.39917850494384766,-0.15415768325328827,0.9998304843902588,-0.070407435297966,-0.47225743532180786,-0.07796817272901535,0.9995214343070984,0.4399959146976471,-0.3902515172958374,-0.13304126262664795,0.7535160779953003,-0.2995617389678955,-0.39532530307769775,-0.036441270262002945,0.8690016865730286,0.6394373774528503,-0.3269587457180023,-0.12395766377449036,0.770664393901825,-0.5536609888076782,-0.39186570048332214,-0.14905183017253876,0.8013478517532349,0.6854926943778992,-0.33089613914489746,-0.10953012108802795,0.7792360186576843,-0.5860805511474609,-0.404136061668396,-0.13662785291671753,0.7913885116577148,0.685686469078064,-0.3352970778942108,-0.14446690678596497,0.7826901078224182,-0.569840669631958,-0.43962061405181885,-0.2211167961359024,0.7897466421127319,0.6516778469085693,-0.3081396222114563,-0.14115341007709503,0.7744986414909363,-0.5601367354393005,-0.4028050899505615,-0.1848958283662796,0.7681449055671692,0.08563123643398285,0.03717964515089989,0.007450450211763382,0.9999450445175171,-0.08312145620584488,-0.04119564965367317,-0.004336180165410042,0.9998447299003601,0.03751711919903755,0.4663522243499756,-0.06188362464308739,0.9396228790283203,-0.3629865050315857,-0.012489235028624535,-0.06286323815584183,0.8809794187545776,-0.04867109656333923,0.8242635130882263,0.1059635579586029,0.9663920998573303,-0.41008344292640686,0.20102055370807648,0.2235206961631775,0.7251107692718506,-0.07860488444566727,0.8660988211631775,0.13020074367523193,0.9398390650749207,-0.4171407222747803,0.21218571066856384,0.21788610517978668,0.7053701281547546,-0.08111021667718887,0.8949689865112305,0.04555122181773186,0.9544533491134644,-0.4289119839668274,0.20371879637241364,0.20281313359737396,0.7367621064186096
133,4.433333333333334,0.029752621427178383,-0.5605217218399048,-0.4031827747821808,0.9999533295631409,0.04769417271018028,-0.5751239657402039,-0.3930083215236664,0.9999523162841797,0.04781258851289749,-0.5751863718032837,-0.383735328912735,0.9999507069587708,0.04671686515212059,-0.5764921307563782,-0.385835736989975,0.9999618530273438,0.025209451094269753,-0.5848172903060913,-0.4020480811595917,0.9999569058418274,0.027213413268327713,-0.586057186126709,-0.41343891620635986,0.9999597668647766,0.02986171469092369,-0.5709863901138306,-0.393964946269989,0.9999536275863647,0.1306094229221344,-0.5437734127044678,-0.2993350028991699,0.9999642968177795,-0.022150037810206413,-0.5084027647972107,-0.2708771526813507,0.9999149441719055,0.07643114775419235,-0.535679817199707,-0.3586180806159973,0.9998379349708557,0.03357298672199249,-0.5063930749893188,-0.37927111983299255,0.9998094439506531,0.22813387215137482,-0.3929140865802765,-0.17016619443893433,0.9998459219932556,-0.06515179574489594,-0.4713347554206848,-0.0856407880783081,0.9995538592338562,0.4514964520931244,-0.3886644244194031,-0.1644206941127777,0.7780222296714783,-0.29245486855506897,-0.3920974135398865,-0.06327781826257706,0.881263256072998,0.6531387567520142,-0.33216744661331177,-0.1536770612001419,0.793430507183075,-0.5532840490341187,-0.3989211916923523,-0.17111864686012268,0.8200703859329224,0.7001247406005859,-0.3396734595298767,-0.1365772932767868,0.8008184432983398,-0.5879054069519043,-0.4140523672103882,-0.15962889790534973,0.8090063333511353,0.7008088231086731,-0.345123291015625,-0.17362844944000244,0.804029107093811,-0.5723118185997009,-0.447073757648468,-0.2382633537054062,0.8080095648765564,0.6666231751441956,-0.3143109679222107,-0.1708676517009735,0.7966116070747375,-0.560689389705658,-0.40723490715026855,-0.2035202980041504,0.7890276312828064,0.08520691841840744,0.03770885244011879,0.005586918443441391,0.999946117401123,-0.08263573050498962,-0.041582029312849045,-0.0028959193732589483,0.999848484992981,0.03797309845685959,0.45967358350753784,-0.056824587285518646,0.9444066286087036,-0.34352371096611023,-0.041735000908374786,-0.05681820213794708,0.8843207955360413,-0.035471025854349136,0.8063510656356812,0.10116039961576462,0.9690269231796265,-0.24716678261756897,0.07575976103544235,0.25911760330200195,0.7027482986450195,-0.06543024629354477,0.8420082926750183,0.12375126034021378,0.9407309889793396,-0.2281659096479416,0.07576243579387665,0.25626981258392334,0.68899005651474,-0.06872696429491043,0.8691750168800354,0.04652690142393112,0.9578120708465576,-0.20708464086055756,0.10000897943973541,0.26577839255332947,0.7238436937332153
134,4.466666666666667,0.03198789805173874,-0.5614460706710815,-0.34689220786094666,0.9999579787254333,0.051637403666973114,-0.5774359703063965,-0.3318418860435486,0.9999569654464722,0.05155590921640396,-0.5770809650421143,-0.3237801194190979,0.9999554753303528,0.051324762403964996,-0.5779966711997986,-0.3245237469673157,0.9999655485153198,0.029464544728398323,-0.5867741107940674,-0.34399673342704773,0.9999611377716064,0.031185127794742584,-0.5869157314300537,-0.35357123613357544,0.9999637603759766,0.03328235074877739,-0.572528600692749,-0.33650824427604675,0.9999582171440125,0.13120581209659576,-0.5527563691139221,-0.23120181262493134,0.9999676942825317,-0.018256155773997307,-0.5119810104370117,-0.20798319578170776,0.9999231696128845,0.07761220633983612,-0.5411835312843323,-0.30366501212120056,0.9998539090156555,0.03529813140630722,-0.5106507539749146,-0.32638511061668396,0.9998281598091125,0.2239617109298706,-0.4019978642463684,-0.16106249392032623,0.9998600482940674,-0.07022468745708466,-0.4726940393447876,-0.013228140771389008,0.9995875358581543,0.4248262941837311,-0.38664376735687256,-0.12376058101654053,0.7998408079147339,-0.3028356432914734,-0.40270450711250305,-0.010799668729305267,0.8912441730499268,0.6081034541130066,-0.3356085419654846,-0.12485574185848236,0.8138846755027771,-0.5443335771560669,-0.4185435473918915,-0.11786945164203644,0.8369555473327637,0.651033341884613,-0.3444497883319855,-0.11534706503152847,0.8202473521232605,-0.5745792388916016,-0.43496832251548767,-0.1409805715084076,0.8256403803825378,0.6476369500160217,-0.352469265460968,-0.14992831647396088,0.8232430219650269,-0.5552148818969727,-0.47061091661453247,-0.18790680170059204,0.8251025080680847,0.6180815100669861,-0.31879228353500366,-0.14217659831047058,0.8165034651756287,-0.5484334230422974,-0.4282713830471039,-0.14624547958374023,0.808189332485199,0.08451104909181595,0.03751657158136368,0.005168096162378788,0.9999478459358215,-0.08174511790275574,-0.041534919291734695,-0.0022780115250498056,0.9998548626899719,0.03827307000756264,0.45304539799690247,-0.0733528658747673,0.948861300945282,-0.2998636066913605,-0.12170866131782532,-0.08187075704336166,0.8871808648109436,-0.023732168599963188,0.7973389029502869,0.03400535136461258,0.9711906313896179,-0.13865338265895844,-0.00696689635515213,0.15543903410434723,0.6786230802536011,-0.05246777832508087,0.8317266702651978,0.051668211817741394,0.9415934681892395,-0.11724261194467545,-0.00798332691192627,0.14404955506324768,0.6720635890960693,-0.05940062552690506,0.8560454845428467,-0.025536639615893364,0.9606834053993225,-0.07838553935289383,0.011405577883124352,0.15204444527626038,0.7126891613006592
135,4.5,0.03263233229517937,-0.5666690468788147,-0.34556567668914795,0.9999613761901855,0.05185709893703461,-0.5830615162849426,-0.32591670751571655,0.9999603629112244,0.05175034701824188,-0.5829483270645142,-0.3178344964981079,0.9999586343765259,0.05145631358027458,-0.5838609337806702,-0.3193502128124237,0.9999682307243347,0.029977809637784958,-0.5918631553649902,-0.3431631624698639,0.9999643564224243,0.03159346058964729,-0.5918940901756287,-0.3525989353656769,0.9999664425849915,0.03362290561199188,-0.5777738690376282,-0.33409956097602844,0.9999616742134094,0.13210847973823547,-0.5540086030960083,-0.22872167825698853,0.9999697208404541,-0.007295696064829826,-0.5147502422332764,-0.20496664941310883,0.9999274015426636,0.07745363563299179,-0.545811653137207,-0.2953087389469147,0.99986732006073,0.03554943948984146,-0.5151723623275757,-0.3248748779296875,0.9998433589935303,0.22331275045871735,-0.39091578125953674,-0.14112021028995514,0.9998707175254822,-0.06584227830171585,-0.4752354025840759,0.016841093078255653,0.9996041655540466,0.3861527144908905,-0.30669936537742615,-0.24451018869876862,0.8186367154121399,-0.23853173851966858,-0.3971877694129944,0.06770074367523193,0.8877584934234619,0.2379651516675949,-0.32389435172080994,-0.3257271349430084,0.8316345810890198,-0.457528293132782,-0.41358304023742676,-0.0015490574296563864,0.8519757986068726,0.19283771514892578,-0.34335437417030334,-0.3397221565246582,0.8363540172576904,-0.4786762297153473,-0.4317818582057953,-0.030394352972507477,0.8409290909767151,0.15602906048297882,-0.3512531816959381,-0.33771902322769165,0.8389816880226135,-0.4571441113948822,-0.46293845772743225,-0.05849882587790489,0.8406103849411011,0.21439537405967712,-0.3175816535949707,-0.32659098505973816,0.8312714695930481,-0.4602932333946228,-0.42290449142456055,-0.02192857302725315,0.8250952363014221,0.08422580361366272,0.03996531292796135,-0.006939418148249388,0.9999370574951172,-0.08131290972232819,-0.0448092557489872,0.00837570708245039,0.9998405575752258,0.03904467821121216,0.45641276240348816,-0.10027727484703064,0.9465801119804382,-0.2981870472431183,-0.0952053815126419,-0.10350353270769119,0.875269889831543,-0.018143698573112488,0.8006370067596436,0.006847701966762543,0.9701074361801147,-0.12539516389369965,0.013519403524696827,0.1382446587085724,0.6341835856437683,-0.04546642675995827,0.8340306282043457,0.02430584281682968,0.927635908126831,-0.10389464348554611,0.00950529519468546,0.12932373583316803,0.6353952288627625,-0.05542207881808281,0.8774126172065735,-0.03670242428779602,0.9588139653205872,-0.0714205726981163,0.05199389532208443,0.14646105468273163,0.674802839756012
136,4.533333333333333,0.010935584083199501,-0.5940859913825989,-0.2896386384963989,0.999965250492096,0.03923369571566582,-0.5986406803131104,-0.28343668580055237,0.9999643564224243,0.039002615958452225,-0.6005319952964783,-0.2737906575202942,0.9999627470970154,0.03671245276927948,-0.6008204221725464,-0.2735401690006256,0.9999713897705078,0.02283068560063839,-0.6179030537605286,-0.2866153419017792,0.9999679327011108,0.02386903017759323,-0.6150921583175659,-0.2993229627609253,0.9999697804450989,0.026790380477905273,-0.5999918580055237,-0.279768168926239,0.999965488910675,0.1316407471895218,-0.5610202550888062,-0.22483520209789276,0.9999727606773376,-0.00013558285718318075,-0.552157461643219,-0.16206741333007812,0.9999346733093262,0.05593617260456085,-0.5664687752723694,-0.2553291916847229,0.9998806118965149,0.023123033344745636,-0.5441178679466248,-0.2658062279224396,0.9998590350151062,0.16194836795330048,-0.39357200264930725,-0.14800673723220825,0.9998835325241089,-0.017495933920145035,-0.5128727555274963,0.047310441732406616,0.9996427893638611,0.09697474539279938,-0.3129114806652069,-0.2887977957725525,0.8364940285682678,-0.14501093327999115,-0.42364686727523804,0.15950307250022888,0.8534948825836182,-0.03187000751495361,-0.29649683833122253,-0.37504470348358154,0.8483878374099731,-0.41126954555511475,-0.45209550857543945,0.23348891735076904,0.8628095388412476,-0.0631539523601532,-0.30281302332878113,-0.37877723574638367,0.8526329398155212,-0.4092477262020111,-0.4572209119796753,0.2324172407388687,0.852258563041687,-0.08159270137548447,-0.3249245584011078,-0.394037127494812,0.8550176024436951,-0.3820038139820099,-0.49240586161613464,0.2149454951286316,0.8522945046424866,-0.043072547763586044,-0.29529833793640137,-0.38526004552841187,0.8480132818222046,-0.397148072719574,-0.46123838424682617,0.22235171496868134,0.8374502658843994,0.060873568058013916,0.03301611542701721,-0.03035019338130951,0.9999419450759888,-0.06000448763370514,-0.038178764283657074,0.03391123563051224,0.9998533725738525,0.029177850112318993,0.43417665362358093,-0.11547329276800156,0.9518275260925293,-0.03857244923710823,0.0974055603146553,0.18089412152767181,0.8514321446418762,0.00830069649964571,0.8016235828399658,-0.09471776336431503,0.9730110764503479,0.07702987641096115,0.2414911985397339,0.503831684589386,0.6168181300163269,-0.009188582189381123,0.8393670916557312,-0.0859830379486084,0.9343278408050537,0.08781028538942337,0.2475195676088333,0.49846917390823364,0.6365766525268555,-0.03781411424279213,0.9011664390563965,-0.11870811879634857,0.9628665447235107,0.07850199192762375,0.3256223201751709,0.552037239074707,0.6806050539016724
137,4.566666666666666,-0.03410820662975311,-0.6102770566940308,-0.24080197513103485,0.9999687075614929,-0.0004626297450158745,-0.6120330691337585,-0.2487737536430359,0.9999679327011108,-0.0007025139057077467,-0.6140338182449341,-0.23751002550125122,0.9999664425849915,-0.0024130851961672306,-0.6139931082725525,-0.2372940629720688,0.999974250793457,-0.002785897348076105,-0.6340872645378113,-0.2438427060842514,0.9999711513519287,-0.0019033729331567883,-0.629852294921875,-0.2574816048145294,0.9999727606773376,0.0018416676903143525,-0.6148175001144409,-0.23683777451515198,0.999968945980072,0.10327969491481781,-0.562971293926239,-0.23066209256649017,0.9999755024909973,0.01341304276138544,-0.5649844408035278,-0.14371876418590546,0.9999411702156067,0.008559918962419033,-0.5783424973487854,-0.22376874089241028,0.99989253282547,-0.0069384099915623665,-0.5590988993644714,-0.22332371771335602,0.9998731017112732,0.08577406406402588,-0.4044495224952698,-0.1941109150648117,0.9998950958251953,0.050160907208919525,-0.5213644504547119,0.07992484420537949,0.9996743202209473,-0.04033318907022476,-0.32092875242233276,-0.33071979880332947,0.8528366088867188,-0.0043598199263215065,-0.45028623938560486,0.2646923363208771,0.7869673371315002,-0.26930442452430725,-0.29814937710762024,-0.3586214780807495,0.8635454773902893,-0.19637559354305267,-0.4965561032295227,0.4568525552749634,0.855710506439209,-0.3271624445915222,-0.30236610770225525,-0.35477760434150696,0.867363691329956,-0.1997547745704651,-0.4982106387615204,0.4827352464199066,0.8481676578521729,-0.3530432879924774,-0.32460862398147583,-0.35971125960350037,0.8695108890533447,-0.20956921577453613,-0.5392786860466003,0.4687434136867523,0.8481037616729736,-0.28906190395355225,-0.2953191101551056,-0.3621508479118347,0.863198459148407,-0.21140772104263306,-0.5098682045936584,0.45073696970939636,0.8326411843299866,0.028379561379551888,0.028754379600286484,-0.05596991628408432,0.9999470114707947,-0.028070714324712753,-0.03418263420462608,0.059550005942583084,0.9998651146888733,0.024987272918224335,0.431427001953125,-0.13787338137626648,0.9566227793693542,0.000729875173419714,0.142763152718544,0.23414494097232819,0.8569682836532593,0.046451251953840256,0.8015009760856628,-0.13377079367637634,0.9756966233253479,0.17047883570194244,0.34880027174949646,0.49819228053092957,0.6473197937011719,0.033085767179727554,0.8402072787284851,-0.12823966145515442,0.9408147931098938,0.18395791947841644,0.3615216314792633,0.4881030023097992,0.6683934330940247,-0.00865400955080986,0.9167763590812683,-0.15974058210849762,0.9665673971176147,0.16908247768878937,0.46310439705848694,0.5254684686660767,0.708877682685852
138,4.6,-0.050417523831129074,-0.6137611269950867,-0.23260805010795593,0.999971866607666,-0.017937636002898216,-0.6149269342422485,-0.24175241589546204,0.9999711513519287,-0.018138693645596504,-0.6173532605171204,-0.23071853816509247,0.9999697804450989,-0.020464284345507622,-0.6169455647468567,-0.23049931228160858,0.9999768137931824,-0.016521139070391655,-0.6376959085464478,-0.23739655315876007,0.9999740123748779,-0.015254252590239048,-0.6327776312828064,-0.25141289830207825,0.9999755024909973,-0.011272293515503407,-0.618179440498352,-0.23022115230560303,0.9999720454216003,0.08248577266931534,-0.5641522407531738,-0.2370343804359436,0.9999779462814331,0.013827729970216751,-0.5679599046707153,-0.1445048302412033,0.9999470710754395,-0.010360026732087135,-0.581516683101654,-0.2171296328306198,0.9999032616615295,-0.021377919241786003,-0.5624199509620667,-0.21800950169563293,0.9998857975006104,0.05899232253432274,-0.4118964970111847,-0.20933662354946136,0.9999055862426758,0.057488515973091125,-0.5230547189712524,0.0732891783118248,0.9997058510780334,-0.05266108736395836,-0.3285844922065735,-0.3551863133907318,0.8675525784492493,0.02281704545021057,-0.45181894302368164,0.26760080456733704,0.7442848682403564,-0.282213032245636,-0.2993474006652832,-0.3941051661968231,0.8771907687187195,-0.1679268628358841,-0.5071125030517578,0.4910917282104492,0.8618674874305725,-0.33852213621139526,-0.303707093000412,-0.3862055242061615,0.8806270360946655,-0.17797699570655823,-0.5102410912513733,0.5268848538398743,0.855136513710022,-0.3684195578098297,-0.3268873393535614,-0.39325031638145447,0.882559597492218,-0.19250373542308807,-0.5522747039794922,0.5151834487915039,0.8548770546913147,-0.30338993668556213,-0.2984682023525238,-0.39901578426361084,0.876878023147583,-0.1876317709684372,-0.5194789171218872,0.4891543388366699,0.8393930792808533,0.0123752411454916,0.0243062824010849,-0.05840011313557625,0.9999520778656006,-0.01267753355205059,-0.0296892449259758,0.06293509155511856,0.999877393245697,0.006815394852310419,0.41599199175834656,-0.15636488795280457,0.9609596729278564,0.01582089066505432,0.15364423394203186,0.2681988775730133,0.8703889846801758,0.03804238140583038,0.7996971011161804,-0.16879789531230927,0.9781259298324585,0.16200557351112366,0.37525296211242676,0.5499140620231628,0.6819687485694885,0.025417745113372803,0.8398308157920837,-0.1639196276664734,0.9467289447784424,0.17348326742649078,0.39007896184921265,0.5414122343063354,0.7010423541069031,-0.008893968537449837,0.9131790995597839,-0.18590162694454193,0.9699100255966187,0.15534214675426483,0.4822957515716553,0.5694133043289185,0.7376999855041504
139,4.633333333333333,-0.0751371681690216,-0.6331331133842468,0.0039020408876240253,0.9999650716781616,-0.05663270503282547,-0.6400355100631714,-0.027729233726859093,0.9999701380729675,-0.05736547335982323,-0.6419116854667664,-0.014864603988826275,0.9999693632125854,-0.055204808712005615,-0.6411276459693909,-0.016046879813075066,0.9999767541885376,-0.030965184792876244,-0.654308021068573,-0.018138937652111053,0.9999697208404541,-0.03012414649128914,-0.6513383984565735,-0.031685974448919296,0.9999698996543884,-0.02528969757258892,-0.6359370350837708,-0.010908502154052258,0.9999657273292542,0.0026037858333438635,-0.5794474482536316,-0.12323647737503052,0.9999790191650391,0.04007645696401596,-0.5656912326812744,-0.008197198621928692,0.9999331831932068,-0.046256039291620255,-0.5990012884140015,-0.011205826885998249,0.9998989701271057,-0.03293144330382347,-0.5711467862129211,-0.006340262480080128,0.999862015247345,-0.06466031074523926,-0.43821239471435547,-0.18487095832824707,0.9999142289161682,0.15298840403556824,-0.5007895827293396,0.16350995004177094,0.9996277689933777,-0.25028446316719055,-0.33258557319641113,-0.21863596141338348,0.8803948760032654,0.1298701912164688,-0.33781781792640686,0.27741649746894836,0.6732195019721985,-0.45802420377731323,-0.30936890840530396,-0.026942744851112366,0.887765109539032,-0.061953816562891006,-0.38765132427215576,0.41048285365104675,0.7761378288269043,-0.5128287672996521,-0.32728996872901917,-0.0059691499918699265,0.8896227478981018,-0.06176554039120674,-0.41072046756744385,0.42546510696411133,0.770328938961029,-0.5156362056732178,-0.33807310461997986,0.005185723304748535,0.8911706209182739,-0.07348806411027908,-0.45839089155197144,0.41916364431381226,0.7700505256652832,-0.4620671272277832,-0.3048191964626312,-0.01574830710887909,0.8822695016860962,-0.08438504487276077,-0.41486087441444397,0.40314173698425293,0.7562340497970581,-0.038570109754800797,0.020369503647089005,-0.05824342370033264,0.9999535083770752,0.04038158059120178,-0.025623738765716553,0.05998527258634567,0.9998670816421509,-0.031318191438913345,0.410915732383728,-0.14765311777591705,0.9627770781517029,0.08568069338798523,0.11966430395841599,0.2559223771095276,0.8052505254745483,0.027060966938734055,0.7860968112945557,-0.13667164742946625,0.9794060587882996,0.13232438266277313,0.367072194814682,0.4529649615287781,0.6560877561569214,0.02162792719900608,0.82642662525177,-0.13115987181663513,0.9503876566886902,0.13425645232200623,0.3871631622314453,0.43540164828300476,0.6985197067260742,-0.045817140489816666,0.8901837468147278,-0.14893345534801483,0.9707672595977783,0.13680464029312134,0.44476473331451416,0.480038583278656,0.702704906463623
140,4.666666666666667,0.006596466526389122,-0.6378399729728699,0.14912937581539154,0.9999281764030457,-0.02313752844929695,-0.6472653150558472,0.11636365205049515,0.9999369382858276,-0.022241726517677307,-0.6489848494529724,0.12706871330738068,0.9999473690986633,-0.01603226363658905,-0.6485056281089783,0.12703023850917816,0.9999611377716064,0.048354387283325195,-0.6563898324966431,0.10235977917909622,0.9999280571937561,0.051025960594415665,-0.6537715196609497,0.08984166383743286,0.9999317526817322,0.05642342194914818,-0.6396142244338989,0.11053527891635895,0.9999161958694458,-0.018060361966490746,-0.5838150382041931,0.001921237912029028,0.999975860118866,0.10093697160482407,-0.5518248081207275,0.018208155408501625,0.9998601675033569,-0.02889258973300457,-0.6041505932807922,0.13270914554595947,0.999847412109375,0.044263988733291626,-0.5705876350402832,0.10589495301246643,0.9997490644454956,-0.10979694128036499,-0.44378912448883057,-0.005311992950737476,0.9999218583106995,0.20598973333835602,-0.4910804033279419,0.12221285700798035,0.9996019005775452,-0.28263822197914124,-0.3445620536804199,0.02607339434325695,0.8919563889503479,0.2823055386543274,-0.3470129072666168,0.21519824862480164,0.6388146281242371,-0.45450669527053833,-0.3252110779285431,0.23052039742469788,0.8913125395774841,0.15019665658473969,-0.3894985318183899,0.409675270318985,0.6996532082557678,-0.5059941411018372,-0.34354493021965027,0.27266454696655273,0.8862776160240173,0.16635963320732117,-0.4286644756793976,0.427915096282959,0.6944141983985901,-0.5006265044212341,-0.34785744547843933,0.2740026116371155,0.8869151473045349,0.14479245245456696,-0.47412607073783875,0.4334227442741394,0.6941201686859131,-0.45334258675575256,-0.3162147104740143,0.23877425491809845,0.8703127503395081,0.12383946776390076,-0.4288913607597351,0.4115261435508728,0.6817064881324768,-0.067714162170887,0.018109973520040512,-0.003167763352394104,0.9999544024467468,0.07009023427963257,-0.024384189397096634,0.0018177487654611468,0.9998557567596436,-0.03754359856247902,0.4054880142211914,-0.02245362289249897,0.9640300869941711,0.3228107988834381,0.06539160758256912,0.10720843821763992,0.7996641993522644,0.023767666891217232,0.7861052751541138,-0.10625743120908737,0.9794937968254089,0.1745378077030182,0.3678213357925415,0.16585253179073334,0.6491769552230835,0.013788493350148201,0.8264887928962708,-0.09585192054510117,0.9530320167541504,0.1549336016178131,0.3940300941467285,0.14196977019309998,0.6941986680030823,-0.01798943430185318,0.8671524524688721,-0.07328292727470398,0.964772641658783,0.17303980886936188,0.46601614356040955,0.22243542969226837,0.6668139696121216
141,4.7,0.024878209456801414,-0.637319803237915,0.14331792294979095,0.9998981952667236,-0.014149026945233345,-0.6492949724197388,0.11228767782449722,0.9998989701271057,-0.011655742302536964,-0.650824248790741,0.12239277362823486,0.9999184012413025,-0.004871645011007786,-0.650668203830719,0.12158651649951935,0.9999397993087769,0.059108007699251175,-0.6562564969062805,0.09441874921321869,0.9998956918716431,0.062149908393621445,-0.653980553150177,0.08151042461395264,0.9999052882194519,0.06721269339323044,-0.6407980918884277,0.10283251851797104,0.9998828768730164,-0.032588932663202286,-0.5923440456390381,0.009970382787287235,0.9999688267707825,0.09801133722066879,-0.5479848980903625,0.008049807511270046,0.9997962713241577,-0.019736729562282562,-0.6066668033599854,0.13056662678718567,0.9997708201408386,0.05647338554263115,-0.5699704885482788,0.0977596640586853,0.9996220469474792,-0.11652734130620956,-0.4537223279476166,0.02586008794605732,0.9999275803565979,0.19941483438014984,-0.4869987666606903,0.10103689879179001,0.9995956420898438,-0.24186478555202484,-0.3561660051345825,0.03716220706701279,0.9009974002838135,0.3033866286277771,-0.325652539730072,0.17283250391483307,0.6339249610900879,-0.35094013810157776,-0.3388005793094635,0.18801990151405334,0.8804699778556824,0.14610518515110016,-0.3683473467826843,0.30671486258506775,0.634056031703949,-0.3856927454471588,-0.3524860739707947,0.22478124499320984,0.8678101897239685,0.15004463493824005,-0.39340677857398987,0.31515616178512573,0.6290318369865417,-0.3768233060836792,-0.35480377078056335,0.22482077777385712,0.8674524426460266,0.12504124641418457,-0.4293437600135803,0.31337210536003113,0.6286975741386414,-0.3446528911590576,-0.3267994821071625,0.19414673745632172,0.8440849781036377,0.11736170947551727,-0.3960787057876587,0.3042115867137909,0.617438554763794,-0.07465440779924393,0.018037991598248482,0.024522729218006134,0.9999569058418274,0.07675009965896606,-0.024465853348374367,-0.025630636140704155,0.9998610019683838,-0.04121825098991394,0.4028033912181854,0.013515165075659752,0.9651783108711243,0.35356542468070984,0.004677557852119207,0.02465641498565674,0.8068088293075562,0.022419126704335213,0.7732918858528137,-0.07659637182950974,0.9803062081336975,0.16684108972549438,0.331463098526001,0.08740425854921341,0.6630526781082153,0.010438143275678158,0.8122783899307251,-0.07267450541257858,0.9564394354820251,0.1424233317375183,0.3524366021156311,0.06302095204591751,0.7040444612503052,0.004386919550597668,0.8419593572616577,-0.0074885450303554535,0.9627245664596558,0.16772562265396118,0.4232388436794281,0.1423615664243698,0.6577838063240051
142,4.733333333333333,0.113559290766716,-0.6150932312011719,0.0729694589972496,0.999875009059906,0.07928809523582458,-0.6314101815223694,0.058300141245126724,0.9998459219932556,0.08231434226036072,-0.6356497406959534,0.06884225457906723,0.9998740553855896,0.08381929248571396,-0.6343517899513245,0.06658165156841278,0.9998975396156311,0.12541550397872925,-0.6366127133369446,0.026695549488067627,0.9998722076416016,0.12524789571762085,-0.6327627301216125,0.01607697270810604,0.9998894333839417,0.13278840482234955,-0.6228318810462952,0.037752244621515274,0.999860405921936,-0.004105288069695234,-0.5855901837348938,0.019094226881861687,0.9999560117721558,0.09555412083864212,-0.5195133686065674,-0.029181478545069695,0.9997579455375671,0.07698056101799011,-0.5895556807518005,0.07997383177280426,0.9996577501296997,0.11361296474933624,-0.5489386916160583,0.03297366574406624,0.99952232837677,-0.10508301854133606,-0.43335700035095215,0.06710570305585861,0.9999245405197144,0.17783141136169434,-0.46919435262680054,0.04339749366044998,0.9995946884155273,-0.19931213557720184,-0.3189057409763336,0.15686924755573273,0.8555416464805603,0.30674436688423157,-0.2758485674858093,0.06119965389370918,0.6598345637321472,-0.24503836035728455,-0.33971095085144043,0.38400959968566895,0.7942246794700623,0.1638447493314743,-0.3510037362575531,0.2585183382034302,0.5735460519790649,-0.24521811306476593,-0.3620552718639374,0.4231455326080322,0.7829386591911316,0.16554775834083557,-0.3779939115047455,0.26832693815231323,0.5688874125480652,-0.180515319108963,-0.35802632570266724,0.4220360517501831,0.7826544046401978,0.14566677808761597,-0.40537524223327637,0.28578245639801025,0.568622887134552,-0.29193177819252014,-0.3259655833244324,0.384380042552948,0.7621605396270752,0.13876475393772125,-0.37110021710395813,0.27355581521987915,0.5587614178657532,-0.07321333140134811,0.020907314494252205,0.055082034319639206,0.9999585151672363,0.07578104734420776,-0.026432525366544724,-0.0553520992398262,0.9998689293861389,-0.03464406728744507,0.3958851397037506,0.05703697353601456,0.9660287499427795,0.38607749342918396,-0.021123597398400307,-0.04302186146378517,0.8240125179290771,0.053608138114213943,0.7444536089897156,0.021158332005143166,0.9813488125801086,0.13020582497119904,0.27589958906173706,0.003489898284897208,0.6935387849807739,0.04152567684650421,0.7809557318687439,0.028938600793480873,0.9598225951194763,0.10183741897344589,0.29889509081840515,-0.01980624906718731,0.7283728718757629,0.061281729489564896,0.808667778968811,0.10222891718149185,0.9625853300094604,0.12833094596862793,0.40632903575897217,0.06546784192323685,0.6815248727798462
143,4.766666666666667,0.1498718410730362,-0.5805099010467529,0.13951629400253296,0.9998785257339478,0.11490477621555328,-0.5957507491111755,0.13906896114349365,0.9998478293418884,0.11737451702356339,-0.601649284362793,0.1494332104921341,0.9998689293861389,0.11756628006696701,-0.5988835096359253,0.14558136463165283,0.9998957514762878,0.1480979472398758,-0.6045587658882141,0.10140393674373627,0.9998795390129089,0.14608314633369446,-0.5994290113449097,0.09497934579849243,0.999894917011261,0.15433351695537567,-0.5909451246261597,0.11389216780662537,0.9998692274093628,0.004959791898727417,-0.5626648664474487,0.1424008458852768,0.9999535083770752,0.08495300263166428,-0.49764731526374817,0.051823049783706665,0.9997673630714417,0.12441851943731308,-0.5593958497047424,0.15850895643234253,0.9996107816696167,0.1355031281709671,-0.5209518671035767,0.10324466973543167,0.9995067119598389,-0.07628577947616577,-0.39555004239082336,0.21844856441020966,0.9999164938926697,0.15945343673229218,-0.4680749475955963,0.07669533044099808,0.9996193647384644,-0.12065399438142776,-0.30653735995292664,0.35744112730026245,0.7735006213188171,0.3015231192111969,-0.29739487171173096,0.0665183961391449,0.6663842797279358,0.0330340713262558,-0.35631459951400757,0.6428713202476501,0.7157164812088013,0.36885249614715576,-0.33376574516296387,0.23610037565231323,0.5466833710670471,0.037414632737636566,-0.3924719989299774,0.6903480887413025,0.706015408039093,0.4209003448486328,-0.36299487948417664,0.22490985691547394,0.5431710481643677,0.059640832245349884,-0.39658409357070923,0.6878668069839478,0.7057507634162903,0.425601989030838,-0.38917747139930725,0.28067001700401306,0.5418742895126343,0.04817618802189827,-0.34799277782440186,0.6433248519897461,0.6876370906829834,0.3632906973361969,-0.35112428665161133,0.27138835191726685,0.527933657169342,-0.06666312366724014,0.022870108485221863,0.07602646946907043,0.9999596476554871,0.06872674077749252,-0.027808068320155144,-0.07544530183076859,0.9998776912689209,-0.03414921462535858,0.3969216048717499,0.06209593266248703,0.9578614234924316,0.3708467185497284,0.02171263098716736,-0.08274140954017639,0.8355034589767456,0.06320251524448395,0.7429671883583069,0.004579078406095505,0.9775374531745911,0.11970802396535873,0.2470928430557251,-0.04525870457291603,0.7119036912918091,0.04876750707626343,0.7783578634262085,0.018189096823334694,0.9599387645721436,0.08954152464866638,0.2594269812107086,-0.06851457804441452,0.7366684079170227,0.07057734578847885,0.8108999133110046,0.05260979011654854,0.9532243609428406,0.10252127796411514,0.36484795808792114,0.011598545126616955,0.6882261633872986
144,4.8,0.16118422150611877,-0.5719874501228333,0.11416321992874146,0.9998689293861389,0.13291044533252716,-0.5893772840499878,0.11561793833971024,0.9998314380645752,0.13441704213619232,-0.5933051109313965,0.12573568522930145,0.9998417496681213,0.13504067063331604,-0.5920486450195312,0.12375040352344513,0.999879777431488,0.1559493988752365,-0.5983240604400635,0.07908908277750015,0.9998782873153687,0.157548725605011,-0.5942583680152893,0.06991394609212875,0.9998922348022461,0.16156089305877686,-0.5843093395233154,0.08949262648820877,0.9998701810836792,0.018199363723397255,-0.5619792938232422,0.14042110741138458,0.9999448657035828,0.07889431715011597,-0.49894875288009644,0.036945126950740814,0.9997623562812805,0.14116859436035156,-0.553966224193573,0.14040911197662354,0.9995213150978088,0.14505954086780548,-0.5141900777816772,0.08380861580371857,0.9994580745697021,-0.05793169140815735,-0.3945730924606323,0.2296355813741684,0.9999027252197266,0.14531254768371582,-0.4704306423664093,0.07740629464387894,0.9996317625045776,-0.09354539960622787,-0.31215623021125793,0.37873414158821106,0.6996920108795166,0.24301943182945251,-0.31124159693717957,0.044012390077114105,0.6805713176727295,0.05361868441104889,-0.35526278614997864,0.6379470229148865,0.6466951966285706,0.3510773181915283,-0.3365306854248047,0.1663951575756073,0.5311829447746277,0.052224647253751755,-0.38728445768356323,0.6892626285552979,0.6390490531921387,0.40890100598335266,-0.36069074273109436,0.14347632229328156,0.5247125625610352,0.06764991581439972,-0.38959258794784546,0.682589590549469,0.6387740969657898,0.43199050426483154,-0.38129425048828125,0.18288445472717285,0.521434485912323,0.07068280130624771,-0.34484562277793884,0.6415534019470215,0.622999906539917,0.35438331961631775,-0.35245373845100403,0.1854928582906723,0.5016717314720154,-0.05903187766671181,0.022729268297553062,0.0838557705283165,0.99996018409729,0.06105825677514076,-0.027861187234520912,-0.0820097103714943,0.9998844265937805,-0.03353611007332802,0.39902061223983765,0.0665798932313919,0.9466222524642944,0.3773554265499115,0.027919812127947807,-0.11016883701086044,0.8474606871604919,0.06251468509435654,0.7498524188995361,0.021960623562335968,0.9734302163124084,0.1265752762556076,0.24529416859149933,-0.03262816369533539,0.7326197624206543,0.04751139134168625,0.7854729890823364,0.030010446906089783,0.9574227929115295,0.09306583553552628,0.25497961044311523,-0.0537947416305542,0.7459392547607422,0.07612640410661697,0.8197697997093201,0.06567995250225067,0.9451397657394409,0.0931701809167862,0.3536146581172943,0.016070911660790443,0.7029169797897339
145,4.833333333333333,0.13847994804382324,-0.5772857069969177,-0.15279269218444824,0.9998801350593567,0.12075689435005188,-0.592578649520874,-0.1394376903772354,0.9998460412025452,0.12178036570549011,-0.5963131189346313,-0.1258121132850647,0.9998541474342346,0.12152809649705887,-0.5954261422157288,-0.12859590351581573,0.9998890161514282,0.12969301640987396,-0.6023314595222473,-0.1726323366165161,0.9998895525932312,0.13096845149993896,-0.5986966490745544,-0.18247926235198975,0.999902069568634,0.13533169031143188,-0.588018000125885,-0.16176758706569672,0.9998820424079895,0.059180282056331635,-0.5887355804443359,0.009960338473320007,0.999947726726532,0.013899415731430054,-0.5100917816162109,-0.12873657047748566,0.999782383441925,0.13701601326465607,-0.5613596439361572,-0.09224740415811539,0.9995406866073608,0.12359412759542465,-0.5156587362289429,-0.15033061802387238,0.9994907379150391,-0.013863414525985718,-0.47890985012054443,0.14272868633270264,0.9998475313186646,0.07987336814403534,-0.4891050457954407,-0.05125276744365692,0.9995684623718262,0.013331466354429722,-0.49494054913520813,0.31884950399398804,0.6322617530822754,0.20749004185199738,-0.3423019349575043,-0.18765845894813538,0.7091585397720337,0.08139793574810028,-0.5463082790374756,0.5116575360298157,0.5938003659248352,0.3185116946697235,-0.3470776379108429,-0.19751977920532227,0.5702394247055054,0.059858761727809906,-0.5749416351318359,0.5490691065788269,0.5940545201301575,0.3694182336330414,-0.36712369322776794,-0.24043317139148712,0.5614672899246216,0.060301877558231354,-0.5723194479942322,0.542198896408081,0.5939003229141235,0.3926374018192291,-0.3914424777030945,-0.2204272747039795,0.5578728318214417,0.09075851738452911,-0.5298520922660828,0.5142675638198853,0.5780509114265442,0.32445189356803894,-0.36275720596313477,-0.192530557513237,0.5327444076538086,-0.0429319366812706,0.018720842897892,0.09070445597171783,0.9999400973320007,0.04563795030117035,-0.02356361411511898,-0.08753743022680283,0.9998471736907959,-0.022771721705794334,0.40011897683143616,0.04406840354204178,0.9473090767860413,0.3039979934692383,0.04354178160429001,-0.10089653730392456,0.8581774830818176,0.06281746923923492,0.7867165207862854,0.01767767034471035,0.9751402735710144,0.1280389279127121,0.26162201166152954,0.03471587598323822,0.7494513392448425,0.045330360531806946,0.8255262970924377,0.02464962750673294,0.959433913230896,0.10226204991340637,0.27326953411102295,-0.005690917372703552,0.7531849145889282,0.07724608480930328,0.8589266538619995,0.04626230522990227,0.9489684104919434,0.10126566886901855,0.39270466566085815,0.09537170827388763,0.7204030752182007
146,4.866666666666666,0.13415949046611786,-0.5773746967315674,-0.15858770906925201,0.9998910427093506,0.12314967066049576,-0.5953274965286255,-0.14542749524116516,0.9998602867126465,0.12405259907245636,-0.5982946753501892,-0.13256870210170746,0.9998669028282166,0.12397632002830505,-0.597603440284729,-0.13542009890079498,0.9998985528945923,0.12066540867090225,-0.6040553450584412,-0.1785777360200882,0.9999000430107117,0.12212536484003067,-0.6007569432258606,-0.19032776355743408,0.9999113082885742,0.12601563334465027,-0.5897127389907837,-0.16945379972457886,0.999893307685852,0.07540178298950195,-0.598625898361206,-0.0020744395442306995,0.9999509453773499,0.0031418409198522568,-0.519080638885498,-0.1394200325012207,0.9998019933700562,0.13335344195365906,-0.5623334050178528,-0.10361802577972412,0.9995614290237427,0.11515383422374725,-0.5198474526405334,-0.1608896553516388,0.9995216131210327,-0.005189120769500732,-0.48101553320884705,0.1420593410730362,0.9997822046279907,0.07371926307678223,-0.4949467182159424,-0.07768869400024414,0.9995472431182861,0.022147830575704575,-0.4397817552089691,0.2600175440311432,0.5701082348823547,0.22411774098873138,-0.344941645860672,-0.19621869921684265,0.7347472906112671,0.0790027603507042,-0.42564234137535095,0.37597739696502686,0.5361740589141846,0.3441247344017029,-0.3426770567893982,-0.1827463060617447,0.600837230682373,0.057366807013750076,-0.4150121808052063,0.4098992347717285,0.5383639931678772,0.3860546052455902,-0.3551102578639984,-0.22655647993087769,0.5884965658187866,0.05999307334423065,-0.39582666754722595,0.4052073061466217,0.5381876826286316,0.40271875262260437,-0.3831540644168854,-0.20624962449073792,0.5838786363601685,0.08713515102863312,-0.39278823137283325,0.37698206305503845,0.5238614678382874,0.3461984097957611,-0.3564099669456482,-0.17726540565490723,0.5524047613143921,-0.04160108417272568,0.01683293655514717,0.09473585337400436,0.9999378323554993,0.04470974579453468,-0.021683473140001297,-0.09193417429924011,0.9998494386672974,-0.009446369484066963,0.39884448051452637,0.04306414723396301,0.9480341076850891,0.30348318815231323,0.044600844383239746,-0.08299827575683594,0.8669114708900452,0.06276511400938034,0.7860025763511658,0.013753455132246017,0.9764994978904724,0.1265590488910675,0.26249271631240845,0.05225375294685364,0.763109028339386,0.044815681874752045,0.8246834874153137,0.020978296175599098,0.9609646797180176,0.1022062599658966,0.27444279193878174,0.03231301158666611,0.7574849128723145,0.0822790116071701,0.856570303440094,0.03891109675168991,0.9522062540054321,0.12870246171951294,0.3854799270629883,0.16086481511592865,0.7349629402160645
147,4.9,0.12603846192359924,-0.5589228272438049,-0.1727598011493683,0.9998902678489685,0.11226669698953629,-0.5801811218261719,-0.15556877851486206,0.999859094619751,0.11310160905122757,-0.5810980796813965,-0.14474648237228394,0.9998560547828674,0.11313910782337189,-0.5807588696479797,-0.14744776487350464,0.999891996383667,0.10656791925430298,-0.5840065479278564,-0.18417862057685852,0.9999025464057922,0.10885261744260788,-0.5811601877212524,-0.1959492564201355,0.9999125599861145,0.11296787112951279,-0.570038914680481,-0.17564590275287628,0.9998979568481445,0.08805808424949646,-0.5951616764068604,-0.015379341319203377,0.9999316334724426,-0.013442955911159515,-0.5137800574302673,-0.12367592751979828,0.9998000264167786,0.12310244143009186,-0.5536040663719177,-0.1179804801940918,0.9995102882385254,0.10462247580289841,-0.5107621550559998,-0.16753743588924408,0.9994736909866333,0.09482800215482712,-0.4742095470428467,0.14743919670581818,0.9997238516807556,0.02600240334868431,-0.4821776747703552,-0.06068488955497742,0.9994808435440063,0.20338928699493408,-0.4224649667739868,0.2074722945690155,0.5161898136138916,0.20861178636550903,-0.29627522826194763,-0.11974206566810608,0.7470268607139587,0.20570896565914154,-0.3829037547111511,0.14125046133995056,0.48762771487236023,0.3195056915283203,-0.31578391790390015,-0.07433881610631943,0.6230462193489075,0.1797139197587967,-0.37478116154670715,0.13646452128887177,0.4947788715362549,0.3671262860298157,-0.33008334040641785,-0.11440514773130417,0.6078856587409973,0.1607811003923416,-0.3804782032966614,0.12882964313030243,0.4947473406791687,0.37967944145202637,-0.3791735768318176,-0.10560622811317444,0.6031211018562317,0.2002110630273819,-0.36379897594451904,0.13485299050807953,0.4805099070072174,0.322430819272995,-0.3370678722858429,-0.07227978110313416,0.5660431385040283,0.0030482991132885218,0.015494512394070625,0.09312201291322708,0.999934732913971,0.0005677501321770251,-0.020453352481126785,-0.09087765961885452,0.9998438954353333,0.031676266342401505,0.3992094397544861,0.045503489673137665,0.9346774220466614,0.27721449732780457,0.03312777727842331,-0.18092721700668335,0.8634003400802612,0.0599418543279171,0.7885047197341919,0.06591696292161942,0.970758855342865,0.12105721235275269,0.2025185227394104,0.07450474798679352,0.7150835990905762,0.04203684255480766,0.8282977938652039,0.07849421352148056,0.946146547794342,0.10143771022558212,0.21189095079898834,0.06212145462632179,0.7065381407737732,0.07225915044546127,0.8655954003334045,0.08840165287256241,0.9445404410362244,0.11609657108783722,0.293605238199234,0.15921784937381744,0.6962403655052185
148,4.933333333333334,0.07654055207967758,-0.5800163149833679,-0.1808348298072815,0.9998591542243958,0.08590123802423477,-0.6013909578323364,-0.1621658056974411,0.9998263716697693,0.08748188614845276,-0.6007833480834961,-0.15209518373012543,0.9998092651367188,0.086229108273983,-0.6018132567405701,-0.15518520772457123,0.9998596906661987,0.05771791934967041,-0.6041544675827026,-0.18509529531002045,0.9998806715011597,0.06109676510095596,-0.6027610301971436,-0.19723950326442719,0.9998902678489685,0.06515238434076309,-0.5940355658531189,-0.1771010309457779,0.9998818039894104,0.09059316664934158,-0.6000133752822876,-0.030687011778354645,0.9998741149902344,-0.0362217053771019,-0.5365160703659058,-0.11886505037546158,0.9997496008872986,0.09965376555919647,-0.5713638067245483,-0.1288710981607437,0.9994655847549438,0.05857769772410393,-0.5345790982246399,-0.1698131561279297,0.9994049668312073,0.16817837953567505,-0.4689916670322418,0.11762244999408722,0.9997254610061646,-0.04780835658311844,-0.4896715581417084,-0.04614432156085968,0.9993659853935242,0.31808242201805115,-0.39693936705589294,0.013603935949504375,0.5500661730766296,0.12323630601167679,-0.3058091700077057,-0.10483866930007935,0.74105304479599,0.39099791646003723,-0.33871421217918396,-0.14054040610790253,0.5287789106369019,0.2829075753688812,-0.32532447576522827,-0.15955787897109985,0.6483190059661865,0.39899808168411255,-0.3363588750362396,-0.1589115858078003,0.5356515645980835,0.3430856168270111,-0.3388489782810211,-0.22212037444114685,0.632675290107727,0.3768894374370575,-0.34759142994880676,-0.16941747069358826,0.5364218354225159,0.37015241384506226,-0.3818855881690979,-0.21888254582881927,0.6278097033500671,0.38724517822265625,-0.32117530703544617,-0.14968831837177277,0.5211271643638611,0.29868367314338684,-0.34603437781333923,-0.16372983157634735,0.588386058807373,0.07656625658273697,0.015307968482375145,0.07895644754171371,0.9999356865882874,-0.07343064248561859,-0.020356157794594765,-0.075970359146595,0.9998466372489929,0.06544436514377594,0.41174647212028503,0.011819802224636078,0.936075747013092,-0.11090512573719025,0.04500742629170418,-0.34534162282943726,0.8739311695098877,0.05790959298610687,0.7881171107292175,0.08275087177753448,0.9705509543418884,-0.013689127750694752,0.2435145229101181,-0.09982501715421677,0.6960229277610779,0.03982890769839287,0.8275918960571289,0.1008913516998291,0.9259044528007507,0.0009635011665523052,0.2532578706741333,-0.10912974923849106,0.666325032711029,0.06976723670959473,0.8686710596084595,0.07349754869937897,0.9438101053237915,0.028890565037727356,0.29656916856765747,-0.1252186894416809,0.6808042526245117
149,4.966666666666667,0.03497494384646416,-0.5820773243904114,-0.20436358451843262,0.99976646900177,0.04803796112537384,-0.6026745438575745,-0.18756063282489777,0.9997515678405762,0.04848094284534454,-0.6022282838821411,-0.17667685449123383,0.9997043609619141,0.047366321086883545,-0.6032570004463196,-0.18128684163093567,0.9998064041137695,0.01669933833181858,-0.6043668985366821,-0.20212608575820923,0.9998034834861755,0.01985681615769863,-0.6038112640380859,-0.21526964008808136,0.9997940063476562,0.02261286787688732,-0.5955817103385925,-0.19540713727474213,0.9998010993003845,0.08688519150018692,-0.5995917320251465,-0.07175513356924057,0.9998226165771484,-0.05265039950609207,-0.5348551869392395,-0.11101354658603668,0.999435544013977,0.07122588902711868,-0.5722436904907227,-0.15615235269069672,0.9994260668754578,0.02709037996828556,-0.5353197455406189,-0.1870701164007187,0.9992493391036987,0.17778004705905914,-0.4547359049320221,0.01638043485581875,0.9997367262840271,-0.09096059948205948,-0.4817635416984558,0.006107536144554615,0.9989285469055176,0.3289961814880371,-0.3396809697151184,-0.09235698729753494,0.5874183773994446,-0.08428812772035599,-0.2696598768234253,-0.10361968725919724,0.7131215929985046,0.253174751996994,-0.2724664807319641,-0.175757497549057,0.5616865754127502,0.053888894617557526,-0.25270500779151917,-0.28164365887641907,0.6318491697311401,0.22502511739730835,-0.26854583621025085,-0.19096505641937256,0.5640312433242798,0.11917870491743088,-0.26071855425834656,-0.35171714425086975,0.6154488921165466,0.20723213255405426,-0.2913728356361389,-0.18669693171977997,0.5644957423210144,0.16193661093711853,-0.31828704476356506,-0.347691148519516,0.6094087362289429,0.24167563021183014,-0.2606029510498047,-0.1747921258211136,0.5415421724319458,0.07922527194023132,-0.2712049186229706,-0.28941160440444946,0.5655471682548523,0.08677787333726883,0.01580590195953846,0.03367746248841286,0.9999353885650635,-0.08439067751169205,-0.020744090899825096,-0.03019600175321102,0.9998449683189392,0.06002357229590416,0.4210945963859558,-0.04023130610585213,0.9351364970207214,-0.2947264015674591,0.06285086274147034,-0.2433934360742569,0.878540575504303,0.04176031053066254,0.787733793258667,0.07177264243364334,0.9718186855316162,-0.06756984442472458,0.2613867223262787,-0.00927987601608038,0.690586268901825,0.017265716567635536,0.8272905945777893,0.09167443960905075,0.9140263795852661,-0.038619834929704666,0.2690547704696655,-0.020769916474819183,0.6471554040908813,0.02906598336994648,0.8785476684570312,0.050623007118701935,0.9454792737960815,-0.015467015095055103,0.3447551727294922,-0.024901647120714188,0.6756628155708313
150,5.0,0.02781287580728531,-0.5778518319129944,-0.24617350101470947,0.9997580051422119,0.03954031318426132,-0.5967553853988647,-0.231624573469162,0.9997463226318359,0.04016312211751938,-0.5967019200325012,-0.22052158415317535,0.9996919631958008,0.03897852823138237,-0.597514271736145,-0.225924551486969,0.9998034238815308,0.011846166104078293,-0.5990620255470276,-0.24587002396583557,0.9997924566268921,0.015105058439075947,-0.5985506176948547,-0.2594436705112457,0.9997764229774475,0.017599286511540413,-0.5901626348495483,-0.239476278424263,0.9997879266738892,0.08488473296165466,-0.583856463432312,-0.12369511276483536,0.9998186826705933,-0.05191789194941521,-0.5203596353530884,-0.13373832404613495,0.9993599653244019,0.0629580095410347,-0.5651190280914307,-0.19801495969295502,0.9994589686393738,0.022171221673488617,-0.5284937024116516,-0.22849830985069275,0.9992696642875671,0.1761251538991928,-0.43671438097953796,-0.03221122920513153,0.9997571110725403,-0.10086152702569962,-0.46923595666885376,0.007175307720899582,0.9988677501678467,0.32115858793258667,-0.3171590268611908,-0.12728352844715118,0.6270902752876282,-0.17980507016181946,-0.25930896401405334,-0.11341002583503723,0.7220694422721863,0.19906853139400482,-0.2518300414085388,-0.19903601706027985,0.6032904982566833,-0.03907876834273338,-0.21986179053783417,-0.2949846088886261,0.6458946466445923,0.18763525784015656,-0.2481607049703598,-0.21248306334018707,0.6030838489532471,0.03327967971563339,-0.22278821468353271,-0.35960549116134644,0.6221518516540527,0.15289685130119324,-0.26799270510673523,-0.20234423875808716,0.6032065749168396,0.083633653819561,-0.2791098654270172,-0.35137978196144104,0.6147204637527466,0.19120031595230103,-0.23895889520645142,-0.19420187175273895,0.5787302851676941,-0.009435012005269527,-0.23579424619674683,-0.30047711730003357,0.5654138326644897,0.0857287049293518,0.016042999923229218,0.022121762856841087,0.999932050704956,-0.08376163244247437,-0.02088617905974388,-0.01906348206102848,0.9998365640640259,0.06499490141868591,0.42530351877212524,-0.0595373697578907,0.9313819408416748,-0.3139618933200836,0.06491581350564957,-0.2204713225364685,0.8812214732170105,0.029749000445008278,0.7879956364631653,0.07171210646629333,0.9713957905769348,-0.07021970301866531,0.2653346061706543,0.014566433615982533,0.6807438135147095,0.0023322480265051126,0.8268632292747498,0.09400665014982224,0.8985224962234497,-0.0401681549847126,0.272092342376709,0.00354777742177248,0.6256490349769592,0.016030844300985336,0.8845390677452087,0.04951179400086403,0.9441726803779602,-0.014693297445774078,0.35232895612716675,-0.015340188518166542,0.6661998629570007
151,5.033333333333333,0.02686689794063568,-0.5755775570869446,-0.27646464109420776,0.9997350573539734,0.03726547956466675,-0.5940240621566772,-0.26222971081733704,0.9997304081916809,0.037820689380168915,-0.594028651714325,-0.25100719928741455,0.9996654987335205,0.03660733997821808,-0.5948184728622437,-0.25629356503486633,0.9997926950454712,0.010541783645749092,-0.596148669719696,-0.27639251947402954,0.9997696876525879,0.014032936654984951,-0.5956757068634033,-0.2902637720108032,0.9997431039810181,0.016391905024647713,-0.5871331691741943,-0.26981595158576965,0.9997614622116089,0.08454997092485428,-0.5773950219154358,-0.1571994125843048,0.9998062252998352,-0.05029621720314026,-0.510888397693634,-0.1599525511264801,0.9992310404777527,0.06137146055698395,-0.5614916682243347,-0.22803090512752533,0.9994718432426453,0.022952202707529068,-0.5240827798843384,-0.25858667492866516,0.9992473125457764,0.18283340334892273,-0.4287058413028717,-0.06672246754169464,0.9997727274894714,-0.10161000490188599,-0.4619764983654022,-0.0010120676597580314,0.9987151026725769,0.3164121210575104,-0.3152511715888977,-0.16475515067577362,0.6622509360313416,-0.1904088407754898,-0.25390300154685974,-0.1393856704235077,0.7193951606750488,0.1794971078634262,-0.25892287492752075,-0.22188213467597961,0.6382756233215332,-0.053792886435985565,-0.21896834671497345,-0.3207859694957733,0.6369141340255737,0.1845933049917221,-0.2589007318019867,-0.23183076083660126,0.6333526968955994,0.017628580331802368,-0.2251119315624237,-0.383663147687912,0.6044017672538757,0.1134239211678505,-0.2785465717315674,-0.21902988851070404,0.6327374577522278,0.06510134041309357,-0.28210127353668213,-0.3740438222885132,0.5951675176620483,0.1713346689939499,-0.24643757939338684,-0.21532371640205383,0.6036965250968933,-0.025342907756567,-0.23540562391281128,-0.32621943950653076,0.5421034097671509,0.08759821951389313,0.01650899462401867,0.0177584420889616,0.9999293684959412,-0.08586875349283218,-0.021320240572094917,-0.015116033144295216,0.9998302459716797,0.07582979649305344,0.4247620105743408,-0.057525649666786194,0.9288653135299683,-0.3197912275791168,0.06166835501790047,-0.23182226717472076,0.8858747482299805,0.028657376766204834,0.7844801545143127,0.07088776677846909,0.9720363616943359,-0.07330311834812164,0.2623131275177002,0.0041537233628332615,0.6794144511222839,0.0009901688899844885,0.8213551640510559,0.09300364553928375,0.8901450634002686,-0.042885761708021164,0.26825597882270813,-0.006016131956130266,0.6139576435089111,0.014282532967627048,0.8821360468864441,0.04424444958567619,0.9451571702957153,-0.014511686749756336,0.3513464629650116,-0.03830954432487488,0.6661810874938965
152,5.066666666666666,-0.03440316766500473,-0.5813866257667542,-0.2403842806816101,0.9997561573982239,-0.012944859452545643,-0.6008954644203186,-0.233576238155365,0.9997543096542358,-0.013498802669346333,-0.602102518081665,-0.22076424956321716,0.9996946454048157,-0.01354573480784893,-0.6027263402938843,-0.22502659261226654,0.9998109340667725,-0.038348495960235596,-0.6086242198944092,-0.24128034710884094,0.9997895359992981,-0.03638424724340439,-0.6080237030982971,-0.25450411438941956,0.999764621257782,-0.034110959619283676,-0.599155604839325,-0.23443688452243805,0.9997814893722534,0.07013058662414551,-0.5855903625488281,-0.14500197768211365,0.9998225569725037,-0.06571626663208008,-0.5340880751609802,-0.14177919924259186,0.9992855191230774,0.010020296089351177,-0.5674381256103516,-0.19789856672286987,0.9995150566101074,-0.026782184839248657,-0.5319757461547852,-0.2227613925933838,0.9993044137954712,0.16168895363807678,-0.4291453957557678,-0.0859188437461853,0.9997899532318115,-0.10810461640357971,-0.48185694217681885,0.08412957936525345,0.9987010359764099,0.015391265973448753,-0.28986114263534546,-0.10161413252353668,0.692796528339386,-0.24665828049182892,-0.2794226109981537,-0.05466940999031067,0.6698186993598938,-0.17824989557266235,-0.2580505311489105,-0.15067927539348602,0.6698704957962036,-0.27202945947647095,-0.24672263860702515,-0.2797250747680664,0.586592435836792,-0.2372131496667862,-0.25895315408706665,-0.15393196046352386,0.6636709570884705,-0.2508794665336609,-0.25397029519081116,-0.3572264015674591,0.5620296001434326,-0.2503415644168854,-0.27876460552215576,-0.13432863354682922,0.6631042957305908,-0.20352524518966675,-0.3043278455734253,-0.3555337190628052,0.5543186664581299,-0.18454618752002716,-0.2479180097579956,-0.17840348184108734,0.6311208009719849,-0.2521650493144989,-0.26356831192970276,-0.2939917743206024,0.5049006342887878,0.08453241735696793,0.016221534460783005,-0.00792138185352087,0.9999310970306396,-0.08299993723630905,-0.020806513726711273,0.01212276890873909,0.9998355507850647,0.06740108132362366,0.42452770471572876,-0.06341469287872314,0.9332340955734253,-0.30922427773475647,0.061009734869003296,-0.15694202482700348,0.8885453343391418,0.01662001572549343,0.7850329875946045,0.06608346104621887,0.9740504026412964,-0.1185193583369255,0.2630434036254883,0.09207264333963394,0.6921038031578064,-0.012801936827600002,0.8228759765625,0.08448369801044464,0.8906913995742798,-0.09319082647562027,0.27012038230895996,0.07607556134462357,0.6198616623878479,-0.032038234174251556,0.8821374773979187,0.011694668792188168,0.9488537311553955,-0.06981608271598816,0.35561874508857727,0.019651802256703377,0.6800594329833984
153,5.1,-0.07524360716342926,-0.6059461832046509,-0.23060591518878937,0.9997773766517639,-0.045161325484514236,-0.6231132745742798,-0.23234982788562775,0.9997773766517639,-0.04579975828528404,-0.6245991587638855,-0.2184145450592041,0.9997233748435974,-0.04583359882235527,-0.6249045133590698,-0.22120828926563263,0.9998286366462708,-0.06266850233078003,-0.637505292892456,-0.22901806235313416,0.9998088479042053,-0.0626940131187439,-0.6362506151199341,-0.24188709259033203,0.999785840511322,-0.05907067656517029,-0.6251538395881653,-0.22157393395900726,0.9998012185096741,0.06533537060022354,-0.6007736921310425,-0.17305505275726318,0.9998389482498169,-0.05584847182035446,-0.5646379590034485,-0.11903856694698334,0.9993431568145752,-0.023226968944072723,-0.5877955555915833,-0.19735011458396912,0.9995526671409607,-0.05350525304675102,-0.5570117235183716,-0.2086884081363678,0.9993562698364258,0.06974310427904129,-0.4319020211696625,-0.15777428448200226,0.9998074769973755,-0.09570107609033585,-0.5049986243247986,0.1513698399066925,0.9987574815750122,-0.13317322731018066,-0.3012765645980835,-0.1195230782032013,0.7197797894477844,-0.1806117594242096,-0.31696251034736633,0.10328232496976852,0.6081075668334961,-0.26464128494262695,-0.26872000098228455,0.021952157840132713,0.6980715394020081,-0.25626543164253235,-0.3001222014427185,-0.10782382637262344,0.5457520484924316,-0.3090781569480896,-0.27934423089027405,0.043443694710731506,0.6898733377456665,-0.24598227441310883,-0.31034672260284424,-0.1742689609527588,0.5320361852645874,-0.30185666680336,-0.28861719369888306,0.04850606620311737,0.6892842650413513,-0.21255473792552948,-0.3560698330402374,-0.18280890583992004,0.5265524983406067,-0.2580735385417938,-0.25922930240631104,0.027624323964118958,0.6559649705886841,-0.2458692044019699,-0.31817370653152466,-0.12931549549102783,0.48078247904777527,0.07661968469619751,0.013736480847001076,-0.05218011140823364,0.9999226927757263,-0.07631276547908783,-0.01773959957063198,0.056345485150814056,0.9998236894607544,0.02610013820230961,0.40120017528533936,-0.07529705762863159,0.9349935054779053,-0.21238769590854645,0.1361657679080963,0.09184684604406357,0.8480157256126404,0.001677615218795836,0.7370524406433105,0.051004376262426376,0.9735203981399536,-0.12342648953199387,0.33706989884376526,0.27663442492485046,0.6798980236053467,-0.024755315855145454,0.7733129262924194,0.0735759362578392,0.8887279033660889,-0.1135544404387474,0.3473016917705536,0.25439608097076416,0.6143331527709961,-0.08751768618822098,0.8185293078422546,0.01249062642455101,0.9488646388053894,-0.11923430114984512,0.3981837034225464,0.2492782324552536,0.6736480593681335
154,5.133333333333333,-0.10572447627782822,-0.6088134050369263,-0.23499047756195068,0.9997995495796204,-0.0730552077293396,-0.6266338229179382,-0.2415451854467392,0.9997995495796204,-0.06941606849431992,-0.6280779242515564,-0.22920507192611694,0.9997509717941284,-0.07130352407693863,-0.6279847025871277,-0.22994910180568695,0.9998456835746765,-0.08603639155626297,-0.6432550549507141,-0.23304876685142517,0.9998278617858887,-0.08591568470001221,-0.6407681703567505,-0.24458982050418854,0.9998071193695068,-0.08127652108669281,-0.630783200263977,-0.22389459609985352,0.9998210072517395,0.05052100494503975,-0.5996336936950684,-0.19282591342926025,0.9998549818992615,-0.06066169962286949,-0.5731787085533142,-0.11291606724262238,0.9994082450866699,-0.052129510790109634,-0.5901130437850952,-0.205122172832489,0.9995965957641602,-0.08119291812181473,-0.5602489113807678,-0.20647625625133514,0.9994194507598877,0.010494010522961617,-0.4330412447452545,-0.1816629320383072,0.9998262524604797,-0.07782775163650513,-0.5201172828674316,0.16667227447032928,0.9988797307014465,-0.1492733359336853,-0.3050084412097931,-0.16650386154651642,0.7448229789733887,-0.1587558537721634,-0.3488779664039612,0.18781496584415436,0.5502285361289978,-0.27931123971939087,-0.2817556858062744,0.033794183284044266,0.7180927395820618,-0.3024037778377533,-0.3322129547595978,0.09842146933078766,0.5115662217140198,-0.31609413027763367,-0.31076541543006897,0.06151415407657623,0.7063921093940735,-0.30396661162376404,-0.34833183884620667,0.05836678668856621,0.5096331238746643,-0.30790236592292786,-0.31601762771606445,0.0633048564195633,0.7057157754898071,-0.28290271759033203,-0.3827090859413147,0.045441072434186935,0.5060458183288574,-0.2712101936340332,-0.27279579639434814,0.04409543424844742,0.669444739818573,-0.30312612652778625,-0.34980541467666626,0.08038846403360367,0.46551114320755005,0.033877089619636536,-0.008138762786984444,-0.06004628539085388,0.9999256134033203,-0.030666489154100418,0.004803850781172514,0.061906494200229645,0.9998391270637512,-0.1964176744222641,0.13053220510482788,-0.06530415266752243,0.9308511018753052,-0.04085218161344528,0.35065653920173645,0.045389994978904724,0.8574341535568237,-0.01877402700483799,0.3372339904308319,0.15181241929531097,0.9605473279953003,-0.11785067617893219,0.8044652938842773,0.13625468313694,0.7106865644454956,-0.025792758911848068,0.35783863067626953,0.18218696117401123,0.8782137036323547,-0.08327747136354446,0.8402525186538696,0.0893884152173996,0.6491870880126953,-0.06814158707857132,0.4194812476634979,0.24513891339302063,0.9426046013832092,-0.1169852465391159,0.8823159337043762,0.060746416449546814,0.7047581076622009
155,5.166666666666667,-0.08836711198091507,-0.6186338067054749,-0.027691205963492393,0.9988835453987122,-0.0808321088552475,-0.629313588142395,-0.06682088971138,0.9991399645805359,-0.0814632922410965,-0.6310751438140869,-0.05633668601512909,0.9990161061286926,-0.08143600821495056,-0.6312761902809143,-0.05711071193218231,0.9994213581085205,-0.06103142723441124,-0.6453103423118591,-0.061183489859104156,0.9990907907485962,-0.059963408857584,-0.6432304978370667,-0.07176920771598816,0.9988918304443359,-0.054714933037757874,-0.6311123967170715,-0.05154477804899216,0.9992005228996277,-0.035282351076602936,-0.5897129774093628,-0.16861595213413239,0.9996559023857117,0.020854854956269264,-0.557338297367096,-0.07650294154882431,0.9984143972396851,-0.05585091561079025,-0.5919827222824097,-0.04461156949400902,0.9985499382019043,-0.051664602011442184,-0.5609205961227417,-0.04344652220606804,0.9979092478752136,-0.08961296826601028,-0.4162279963493347,-0.13970902562141418,0.9998182654380798,0.08614074438810349,-0.4899953007698059,0.1282443255186081,0.9986560344696045,-0.23782232403755188,-0.2960318922996521,-0.15024973452091217,0.6757906675338745,-0.042273953557014465,-0.3002367317676544,0.18958847224712372,0.49527788162231445,-0.19880713522434235,-0.34700241684913635,0.24276404082775116,0.6474597454071045,-0.1754598766565323,-0.3607883155345917,0.283920019865036,0.4604851305484772,-0.2057817578315735,-0.39913514256477356,0.2794700860977173,0.6375009417533875,-0.15588966012001038,-0.4120287597179413,0.27769726514816284,0.4588245153427124,-0.19363906979560852,-0.3967764973640442,0.27913540601730347,0.6368090510368347,-0.1386561393737793,-0.4495003819465637,0.27439600229263306,0.45559626817703247,-0.17925474047660828,-0.33898022770881653,0.24815163016319275,0.6038957238197327,-0.17456673085689545,-0.3878447413444519,0.27476489543914795,0.4191461503505707,-0.01892923004925251,-0.005142826586961746,-0.04210900887846947,0.9999099373817444,0.020218059420585632,-0.0005934382788836956,0.04422559216618538,0.9998044967651367,-0.1352643221616745,0.3107587397098541,-0.06272295862436295,0.9010907411575317,-0.03605811670422554,0.32961156964302063,0.12022529542446136,0.7758258581161499,0.03513821214437485,0.6872824430465698,0.006068803835660219,0.9360843300819397,-0.14847257733345032,0.6192579865455627,0.3111082911491394,0.6463252902030945,0.022932173684239388,0.7287713885307312,0.018726220354437828,0.8399391174316406,-0.16253896057605743,0.6209428906440735,0.29298630356788635,0.5946732759475708,-0.0062470450066030025,0.7828755378723145,0.041713204234838486,0.8872158527374268,-0.1871747523546219,0.637152373790741,0.3533027470111847,0.6377824544906616
156,5.2,-0.0837525799870491,-0.6215144395828247,-0.005458781495690346,0.9984586834907532,-0.0815790444612503,-0.6300028562545776,-0.04502285271883011,0.9988048076629639,-0.08287563920021057,-0.6317406892776489,-0.034482382237911224,0.9986343383789062,-0.08252215385437012,-0.6321820616722107,-0.03572860732674599,0.9992157816886902,-0.05240641161799431,-0.6455969214439392,-0.04198209196329117,0.9987260699272156,-0.05107812583446503,-0.643691897392273,-0.053096331655979156,0.9984353184700012,-0.04529764503240585,-0.6309613585472107,-0.032587915658950806,0.9988856911659241,-0.05243327468633652,-0.5848627686500549,-0.15776415169239044,0.9995707273483276,0.03916268050670624,-0.5495024919509888,-0.06922102719545364,0.9978453516960144,-0.057639557868242264,-0.5927544236183167,-0.022247586399316788,0.9980605840682983,-0.04021221399307251,-0.5612161159515381,-0.02464332990348339,0.9971732497215271,-0.10869555920362473,-0.4123768210411072,-0.1298314929008484,0.9998217225074768,0.11128261685371399,-0.48211145401000977,0.11270324140787125,0.9985271096229553,-0.24191157519817352,-0.2900847792625427,-0.13184218108654022,0.6164244413375854,-0.005084171891212463,-0.28335458040237427,0.1758483350276947,0.4458475410938263,-0.18464842438697815,-0.3510669469833374,0.2548518478870392,0.5844336748123169,-0.140697181224823,-0.35538390278816223,0.26216888427734375,0.41451308131217957,-0.18496140837669373,-0.39659547805786133,0.2902810275554657,0.5761524438858032,-0.12350603938102722,-0.4021156430244446,0.25460630655288696,0.4130997955799103,-0.1674843728542328,-0.3943347930908203,0.2891864776611328,0.5754005312919617,-0.11564869433641434,-0.43797603249549866,0.2502344250679016,0.410195916891098,-0.16187238693237305,-0.3415442109107971,0.2596273720264435,0.5453779101371765,-0.14691154658794403,-0.3806963264942169,0.2532055079936981,0.3774230182170868,-0.036793436855077744,-0.0027168409433215857,-0.033423490822315216,0.9999057650566101,0.03797160089015961,-0.004118850454688072,0.03564489260315895,0.9997917413711548,-0.13152070343494415,0.3772115111351013,-0.06098344177007675,0.8818930387496948,0.008016040548682213,0.2528030574321747,0.11838732659816742,0.7052130699157715,0.050440769642591476,0.7618880867958069,0.0035440116189420223,0.9210177063941956,-0.1343649923801422,0.47976556420326233,0.3180480897426605,0.590958297252655,0.03534633293747902,0.8032923340797424,0.01694330759346485,0.8151194453239441,-0.1552027463912964,0.4904640316963196,0.3021664321422577,0.5494926571846008,0.023368969559669495,0.8454710841178894,0.03177635744214058,0.8445183038711548,-0.17392279207706451,0.4427928626537323,0.37078768014907837,0.5791335105895996
157,5.233333333333333,-0.014991813339293003,-0.6204507350921631,0.177542582154274,0.9985508918762207,-0.05413689464330673,-0.628299355506897,0.14804522693157196,0.9988459348678589,-0.05596848577260971,-0.6304459571838379,0.15664519369602203,0.9987121224403381,-0.05114187300205231,-0.6309499740600586,0.15677060186862946,0.9992469549179077,0.013054121285676956,-0.6441400647163391,0.12655477225780487,0.9987973570823669,0.017139602452516556,-0.642130970954895,0.11739110946655273,0.9985449314117432,0.022953297942876816,-0.6288464665412903,0.13620536029338837,0.9989379048347473,-0.07229706645011902,-0.5764910578727722,0.046809662133455276,0.9996004104614258,0.059906359761953354,-0.5280300378799438,0.03241196274757385,0.9979798793792725,-0.04310496896505356,-0.5889514684677124,0.16616833209991455,0.998080849647522,0.0211506187915802,-0.5545054078102112,0.1333458125591278,0.9972401857376099,-0.16222432255744934,-0.4102326035499573,0.06389385461807251,0.9998368620872498,0.14081555604934692,-0.47986850142478943,0.11068786680698395,0.9986374974250793,-0.2853037416934967,-0.29360100626945496,0.16780570149421692,0.6223785281181335,0.18347246944904327,-0.2861208915710449,0.17746113240718842,0.43544891476631165,-0.23010708391666412,-0.35048502683639526,0.48490962386131287,0.5324613451957703,0.0625901147723198,-0.36143913865089417,0.3727967143058777,0.37362274527549744,-0.23074543476104736,-0.38624492287635803,0.5373140573501587,0.5248929858207703,0.08400077372789383,-0.4071662425994873,0.38579609990119934,0.37243908643722534,-0.20950289070606232,-0.3901875913143158,0.536476731300354,0.5239490866661072,0.06489689648151398,-0.4457330107688904,0.3941692113876343,0.3698071837425232,-0.20635269582271576,-0.34054192900657654,0.49352630972862244,0.4964514374732971,0.03878680244088173,-0.388109415769577,0.3766639232635498,0.34038978815078735,-0.06122291833162308,0.007454955950379372,0.021682122722268105,0.9999114274978638,0.06278673559427261,-0.016269754618406296,-0.022044586017727852,0.9997997879981995,-0.1255497932434082,0.3915669322013855,0.013837108388543129,0.8877635598182678,0.29410648345947266,0.10176903754472733,0.10861296951770782,0.7241925597190857,0.05836294963955879,0.7628167271614075,-0.04680425673723221,0.9259456992149353,0.036962419748306274,0.36888495087623596,0.07868150621652603,0.6178460121154785,0.04268655180931091,0.8038865327835083,-0.04637523740530014,0.8309400677680969,-0.0033421998377889395,0.38890692591667175,0.052536677569150925,0.581328272819519,0.027888281270861626,0.8432091474533081,0.00640920689329505,0.8489728569984436,0.0003266679123044014,0.42690879106521606,0.17653319239616394,0.588148295879364
158,5.266666666666667,0.0611175112426281,-0.6197584271430969,0.14710518717765808,0.9986600875854492,0.025179913267493248,-0.6276108622550964,0.12559273838996887,0.998907744884491,0.024935586377978325,-0.630155086517334,0.1342625617980957,0.9987970590591431,0.028472045436501503,-0.6304555535316467,0.13443289697170258,0.9992849826812744,0.07805563509464264,-0.6437687277793884,0.09729042649269104,0.9988887906074524,0.08224640041589737,-0.6417797207832336,0.08788714557886124,0.9986698031425476,0.08759814500808716,-0.628097414970398,0.10653717070817947,0.9990184307098389,-0.0471804141998291,-0.5729464888572693,0.05755811184644699,0.999625563621521,0.08069942891597748,-0.5199335217475891,0.012069173157215118,0.9981319904327393,0.03303325176239014,-0.586846113204956,0.14702923595905304,0.9981192946434021,0.08111827820539474,-0.5504198670387268,0.10353641957044601,0.9973607659339905,-0.12960438430309296,-0.40263956785202026,0.1138138547539711,0.9998458027839661,0.143597811460495,-0.47964417934417725,0.06862698495388031,0.9987497329711914,-0.1888527274131775,-0.289137601852417,0.2291935384273529,0.5939200520515442,0.26468774676322937,-0.2891065180301666,0.1435079723596573,0.48112329840660095,-0.13071924448013306,-0.3483882248401642,0.5173723101615906,0.4806867837905884,0.13337869942188263,-0.3585555851459503,0.31421321630477905,0.339074045419693,-0.10133785009384155,-0.378518283367157,0.5699293613433838,0.47404515743255615,0.15234631299972534,-0.39946576952934265,0.3212071657180786,0.3377017080783844,-0.08602601289749146,-0.3872124254703522,0.5681062340736389,0.47321364283561707,0.12768055498600006,-0.43464574217796326,0.32361534237861633,0.33532580733299255,-0.09857148677110672,-0.33940601348876953,0.5252184271812439,0.44863128662109375,0.10931258648633957,-0.3820194900035858,0.31645405292510986,0.3088151812553406,-0.062398578971624374,0.015383334830403328,0.06386483460664749,0.9999175071716309,0.064656101167202,-0.02428818680346012,-0.06493878364562988,0.9998128414154053,-0.03905965015292168,0.39496132731437683,0.0450461246073246,0.8936852216720581,0.331091970205307,0.1013081893324852,-0.0022254649084061384,0.7479148507118225,0.05427085980772972,0.7597445249557495,-0.04203282296657562,0.9314115643501282,0.13159319758415222,0.37700194120407104,0.008910559117794037,0.6468669772148132,0.03776053339242935,0.8005289435386658,-0.04095162823796272,0.8467336297035217,0.1029931977391243,0.400790810585022,-0.015763316303491592,0.6111664772033691,0.05791667848825455,0.8398139476776123,0.01276891864836216,0.8563862442970276,0.16096742451190948,0.4620853662490845,0.08058708906173706,0.5999895334243774
159,5.3,0.14744779467582703,-0.5906643867492676,0.05365116521716118,0.9987923502922058,0.11630275845527649,-0.6096924543380737,0.038801953196525574,0.9990155696868896,0.11754113435745239,-0.6151958703994751,0.049447156488895416,0.9989157915115356,0.11778012663125992,-0.6129350662231445,0.047390613704919815,0.9993552565574646,0.1425948143005371,-0.622080385684967,0.02261173538863659,0.9989991188049316,0.14114491641521454,-0.617045521736145,0.011199231259524822,0.9988021850585938,0.14980734884738922,-0.6054477095603943,0.030626138672232628,0.9991158246994019,0.010540124028921127,-0.5731627345085144,0.03985833376646042,0.9996622204780579,0.06573871523141861,-0.5163367390632629,-0.025795768946409225,0.9983166456222534,0.11974164843559265,-0.5683016777038574,0.0640711858868599,0.9982970356941223,0.13025467097759247,-0.5304710268974304,0.03915036842226982,0.9976139664649963,-0.1009143590927124,-0.4028787910938263,0.1736861914396286,0.9998443126678467,0.11181291192770004,-0.4749367833137512,-0.0075199659913778305,0.9988439083099365,0.02196606434881687,-0.2903512418270111,0.2896635830402374,0.5415815711021423,0.25007957220077515,-0.31372568011283875,-0.009826390072703362,0.5274577140808105,0.13072596490383148,-0.34791216254234314,0.49901482462882996,0.4350796043872833,0.18725542724132538,-0.3589452803134918,0.22766739130020142,0.3233388364315033,0.14776840806007385,-0.3794173002243042,0.5348630547523499,0.4302412271499634,0.2101220041513443,-0.3931947946548462,0.2090737223625183,0.3202364444732666,0.14592429995536804,-0.38198941946029663,0.5360614061355591,0.4297771453857422,0.20218725502490997,-0.4305504858493805,0.21041765809059143,0.31669309735298157,0.14591369032859802,-0.3383636176586151,0.49698296189308167,0.4086722433567047,0.17201288044452667,-0.3776414096355438,0.22157232463359833,0.2914499044418335,-0.05019954591989517,0.017413940280675888,0.08614282310009003,0.9999250173568726,0.05245134234428406,-0.024467360228300095,-0.08657505363225937,0.9998300671577454,0.026831626892089844,0.4096314311027527,0.030377404764294624,0.9038847088813782,0.3150434195995331,0.1265813559293747,0.0025834618136286736,0.7722545266151428,0.03134654834866524,0.7628923654556274,-0.039257269352674484,0.9379984736442566,0.3150213956832886,0.45444273948669434,0.07842054963111877,0.6810019016265869,0.01007954590022564,0.8040475249290466,-0.03746804594993591,0.8616743087768555,0.32028040289878845,0.48860788345336914,0.05662457272410393,0.6472243666648865,0.05351901799440384,0.8399924039840698,-0.004220114089548588,0.8699531555175781,0.4441603720188141,0.5190658569335938,0.121376633644104,0.6348025798797607
160,5.333333333333333,0.13071952760219574,-0.6028113961219788,-0.08854611217975616,0.9989128708839417,0.11944561451673508,-0.6281245946884155,-0.07537375390529633,0.999113917350769,0.1216803714632988,-0.6302575469017029,-0.06301809102296829,0.9990240335464478,0.12150978296995163,-0.6295269727706909,-0.06620632112026215,0.9994195699691772,0.11969020217657089,-0.6377871036529541,-0.1109311655163765,0.9990991353988647,0.12071424722671509,-0.6340789198875427,-0.123592808842659,0.9989218711853027,0.12652717530727386,-0.6223407983779907,-0.10227459669113159,0.999204158782959,0.06849192827939987,-0.6128362417221069,0.007149029057472944,0.9996957778930664,0.049202606081962585,-0.5491591095924377,-0.08153928816318512,0.9984845519065857,0.12710267305374146,-0.590065062046051,-0.03507727012038231,0.9984631538391113,0.11447768658399582,-0.5491124391555786,-0.08950072526931763,0.9978483319282532,-0.01404866948723793,-0.4468156695365906,0.18858204782009125,0.9998134970664978,0.10391726344823837,-0.5149299502372742,-0.04351644963026047,0.9989367723464966,0.12079571932554245,-0.3521120250225067,0.2959173917770386,0.5002664923667908,0.2549664080142975,-0.36183851957321167,-0.12781238555908203,0.5713835954666138,0.2950701415538788,-0.32455646991729736,0.4037154018878937,0.4267714321613312,0.3159388601779938,-0.3447382152080536,-0.10733732581138611,0.3837387263774872,0.31430575251579285,-0.3429979979991913,0.4367239475250244,0.42954695224761963,0.3515234887599945,-0.3619033992290497,-0.14990241825580597,0.3790551424026489,0.32336345314979553,-0.3348195552825928,0.4253361225128174,0.43057313561439514,0.35874003171920776,-0.3887265920639038,-0.1361493021249771,0.3747032582759857,0.31481826305389404,-0.306298166513443,0.40128371119499207,0.4115036725997925,0.3148920238018036,-0.3546528220176697,-0.10680226981639862,0.3468863368034363,-0.04429692402482033,0.017496829852461815,0.10281068086624146,0.9999318718910217,0.04638797789812088,-0.02441115491092205,-0.10169859975576401,0.9998462200164795,0.05829211324453354,0.40733376145362854,0.07195041328668594,0.912909209728241,0.2991235554218292,0.16198097169399261,-0.03702414408326149,0.7948159575462341,-0.014616983011364937,0.7606878280639648,0.08570847660303116,0.9438496828079224,0.5024198293685913,0.4621363580226898,0.04693369194865227,0.7126677632331848,-0.04456181451678276,0.8006463050842285,0.10006041079759598,0.8752097487449646,0.5288214087486267,0.489339679479599,0.02043820172548294,0.682108461856842,0.05226823687553406,0.836872398853302,0.13002431392669678,0.8822367191314697,0.6720393896102905,0.5014448761940002,0.04317420348525047,0.6705598831176758
161,5.366666666666666,0.11702653020620346,-0.6022466421127319,-0.19100114703178406,0.9990209341049194,0.11234375089406967,-0.6273684501647949,-0.1747688204050064,0.9992021322250366,0.11511118710041046,-0.6295745372772217,-0.16281332075595856,0.999120831489563,0.11421862244606018,-0.6287866234779358,-0.16594991087913513,0.9994770884513855,0.10239744186401367,-0.6373779773712158,-0.2036622315645218,0.9991889595985413,0.10395381599664688,-0.6336978673934937,-0.21592356264591217,0.9990293979644775,0.10853566974401474,-0.621874213218689,-0.1940309703350067,0.999283492565155,0.09920526295900345,-0.6170073747634888,-0.020089099183678627,0.9997252821922302,0.015206779353320599,-0.5500723123550415,-0.11972924321889877,0.9986348152160645,0.1278102695941925,-0.590440571308136,-0.13063488900661469,0.9986090064048767,0.10091239213943481,-0.5491241216659546,-0.17890095710754395,0.9980560541152954,0.06914255768060684,-0.4582187533378601,0.17212845385074615,0.9997547268867493,0.09578239172697067,-0.5117397308349609,-0.07440035045146942,0.9989913105964661,0.23700548708438873,-0.3536078631877899,0.28799688816070557,0.47247999906539917,0.2825482189655304,-0.35091185569763184,-0.18523599207401276,0.6111289262771606,0.4295852482318878,-0.2702615559101105,0.37614548206329346,0.42415618896484375,0.4408617913722992,-0.28228187561035156,-0.2209804654121399,0.44163334369659424,0.4560542404651642,-0.27761590480804443,0.4077143371105194,0.43312227725982666,0.49263855814933777,-0.28214380145072937,-0.27845072746276855,0.43562740087509155,0.4661529064178467,-0.27001628279685974,0.390328049659729,0.4358057677745819,0.5232987999916077,-0.3149634003639221,-0.26792335510253906,0.43118715286254883,0.45059776306152344,-0.2450827658176422,0.3715120851993561,0.4199003577232361,0.45535579323768616,-0.28785616159439087,-0.22219356894493103,0.40153664350509644,-0.027862651273608208,0.016331523656845093,0.1127929762005806,0.9999375939369202,0.02989465743303299,-0.02292279526591301,-0.11015165597200394,0.9998601675033569,0.094792440533638,0.4023406505584717,0.08181560039520264,0.920384407043457,0.24472282826900482,0.16146956384181976,-0.19388613104820251,0.815192699432373,-0.006174161564558744,0.7585155367851257,0.1503266543149948,0.948847770690918,0.4974171221256256,0.43110156059265137,-0.1508791595697403,0.7411071062088013,-0.03506023809313774,0.798080325126648,0.1688069999217987,0.8871554732322693,0.5331361293792725,0.4445328712463379,-0.18330451846122742,0.7133679389953613,0.060903191566467285,0.8352187871932983,0.1714724749326706,0.8926401734352112,0.6495107412338257,0.3496105670928955,-0.21431441605091095,0.7028064727783203
162,5.4,0.11212708055973053,-0.602450430393219,-0.2231605350971222,0.9991185069084167,0.11182518303394318,-0.6275935173034668,-0.208208367228508,0.9992817044258118,0.11446250975131989,-0.6291351318359375,-0.19596220552921295,0.999208390712738,0.11328542977571487,-0.6285542249679565,-0.1996358335018158,0.9995291829109192,0.09687229990959167,-0.637063205242157,-0.2344454973936081,0.9992699027061462,0.09796833992004395,-0.6335739493370056,-0.24703751504421234,0.9991263151168823,0.10168281197547913,-0.6220201253890991,-0.22477656602859497,0.9993550181388855,0.11572927236557007,-0.6199829578399658,-0.05684812366962433,0.999752402305603,0.002530246041715145,-0.5555300116539001,-0.13919705152511597,0.9987704753875732,0.12991005182266235,-0.591964840888977,-0.16511106491088867,0.9987447261810303,0.09522208571434021,-0.5515061616897583,-0.20889711380004883,0.9982463717460632,0.09694215655326843,-0.4708408713340759,0.1556396782398224,0.9997261166572571,0.0913768783211708,-0.5100749135017395,-0.0849381610751152,0.9990307688713074,0.2542577087879181,-0.362269788980484,0.2648025453090668,0.460812509059906,0.2845245897769928,-0.34667226672172546,-0.16823837161064148,0.6479474306106567,0.44993317127227783,-0.27135133743286133,0.36660677194595337,0.45040613412857056,0.4524504840373993,-0.266558974981308,-0.1831728219985962,0.49536052346229553,0.47788187861442566,-0.2784522473812103,0.3953750729560852,0.4635671377182007,0.5085489153862,-0.26405584812164307,-0.2372918576002121,0.48886749148368835,0.48741087317466736,-0.2710886001586914,0.35182908177375793,0.4671747088432312,0.5390084385871887,-0.3014221787452698,-0.23043270409107208,0.48459088802337646,0.47032591700553894,-0.24604764580726624,0.3565494418144226,0.45222240686416626,0.46771907806396484,-0.2747848629951477,-0.18481341004371643,0.45542362332344055,-0.02084912173449993,0.01582464762032032,0.11302866786718369,0.99994295835495,0.023171843960881233,-0.02198387123644352,-0.11064670234918594,0.9998727440834045,0.08875542134046555,0.4220599830150604,0.10916262120008469,0.9269601106643677,0.267093688249588,0.1596185863018036,-0.15766394138336182,0.8335222005844116,-0.01345230732113123,0.7699376344680786,0.21182405948638916,0.953557014465332,0.5313871502876282,0.4136904180049896,-0.06617344915866852,0.7667919397354126,-0.04583384841680527,0.807634174823761,0.23322509229183197,0.8980146646499634,0.5677493214607239,0.42546266317367554,-0.09298692643642426,0.7417111396789551,0.05601319670677185,0.8497387766838074,0.23517869412899017,0.9025281071662903,0.6800169944763184,0.35052064061164856,-0.10829751193523407,0.7320591807365417
163,5.433333333333334,0.11984390765428543,-0.6020259857177734,-0.24670584499835968,0.9992051124572754,0.11900203675031662,-0.6271944046020508,-0.2309207320213318,0.9993517398834229,0.12161336094141006,-0.6287176012992859,-0.21996235847473145,0.9992849826812744,0.12037988007068634,-0.6284251809120178,-0.22253656387329102,0.9995739459991455,0.10046461224555969,-0.636531412601471,-0.25590020418167114,0.9993418455123901,0.10124734044075012,-0.6332900524139404,-0.26698216795921326,0.9992128610610962,0.1043173223733902,-0.6219097375869751,-0.2447752058506012,0.9994186162948608,0.1291353404521942,-0.6185990571975708,-0.07989513128995895,0.9997738599777222,-0.002625417895615101,-0.554901123046875,-0.1530364751815796,0.9988905191421509,0.14235278964042664,-0.591559648513794,-0.18707381188869476,0.9988508224487305,0.09940042346715927,-0.5515291690826416,-0.2297339290380478,0.998405933380127,0.11828148365020752,-0.4668597877025604,0.14373651146888733,0.9996563196182251,0.09148959815502167,-0.508195698261261,-0.09513948857784271,0.9990754127502441,0.2820698320865631,-0.3566405177116394,0.24822163581848145,0.44310691952705383,0.29373738169670105,-0.34494516253471375,-0.17709475755691528,0.6819310784339905,0.4918387532234192,-0.22560876607894897,0.3582896292209625,0.4594337046146393,0.49662405252456665,-0.2421358823776245,-0.21467746794223785,0.5454354882240295,0.5240411162376404,-0.24259360134601593,0.38702571392059326,0.4798777997493744,0.5554249882698059,-0.25054702162742615,-0.28029462695121765,0.5394268035888672,0.5328182578086853,-0.23079435527324677,0.3368626534938812,0.48450154066085815,0.5921334624290466,-0.2880781292915344,-0.26536598801612854,0.5355570316314697,0.5125061869621277,-0.19781886041164398,0.34846165776252747,0.47144973278045654,0.5162103176116943,-0.25215959548950195,-0.21464981138706207,0.5087009072303772,-0.006255151238292456,0.016078919172286987,0.11750105768442154,0.9999449849128723,0.009139925241470337,-0.022209806367754936,-0.11435553431510925,0.9998816847801208,0.12464232742786407,0.42569875717163086,0.11994044482707977,0.9327946901321411,0.23131051659584045,0.13909947872161865,-0.2707841098308563,0.8501263856887817,-2.0473866243264638e-05,0.7672512531280518,0.23420938849449158,0.9579727649688721,0.417941153049469,0.3029005825519562,-0.17414508759975433,0.7899670600891113,-0.03974291682243347,0.8042572140693665,0.2563704252243042,0.9080315828323364,0.44747602939605713,0.31041669845581055,-0.1967429220676422,0.7673704624176025,0.08599860966205597,0.8482455015182495,0.2566772997379303,0.9118120670318604,0.5552383065223694,0.22951911389827728,-0.2185610979795456,0.7585852146148682
164,5.466666666666667,0.1415189653635025,-0.5984101295471191,-0.2447161227464676,0.9992843866348267,0.14005489647388458,-0.6249663233757019,-0.22911906242370605,0.9994162917137146,0.1422719806432724,-0.6251071095466614,-0.21821549534797668,0.9993561506271362,0.1411447823047638,-0.6253334283828735,-0.22073417901992798,0.9996162056922913,0.11871375888586044,-0.6312161087989807,-0.2538948357105255,0.9994074702262878,0.11926587671041489,-0.628717303276062,-0.2647396922111511,0.9992914199829102,0.12213312089443207,-0.617069661617279,-0.2429056614637375,0.9994766116142273,0.15479186177253723,-0.6170682311058044,-0.08680422604084015,0.9997959733009338,0.00016130211588460952,-0.5539522767066956,-0.15346574783325195,0.9990009665489197,0.16782061755657196,-0.5893769860267639,-0.18627792596817017,0.9989626407623291,0.12005943059921265,-0.5494112372398376,-0.22804778814315796,0.9985623359680176,0.1597665250301361,-0.46316757798194885,0.1356666535139084,0.9996681809425354,0.10339491069316864,-0.5060310363769531,-0.08938182890415192,0.9991447329521179,0.3413514494895935,-0.3534308969974518,0.22684328258037567,0.46903109550476074,0.3163983225822449,-0.33764535188674927,-0.15164731442928314,0.7132163643836975,0.5540932416915894,-0.21731579303741455,0.2818160653114319,0.5026702880859375,0.5183422565460205,-0.2297293096780777,-0.17398762702941895,0.5907377004623413,0.5874788761138916,-0.23568634688854218,0.30408796668052673,0.5227675437927246,0.5773448944091797,-0.23741485178470612,-0.23655922710895538,0.5852596163749695,0.5940210819244385,-0.224964901804924,0.2645585238933563,0.5275079011917114,0.6125308275222778,-0.278028666973114,-0.22315718233585358,0.5817664265632629,0.5731766819953918,-0.19115981459617615,0.2690097689628601,0.5156146287918091,0.5387850403785706,-0.2410971224308014,-0.1743510663509369,0.5573791861534119,0.006910545285791159,0.016476331278681755,0.11266488581895828,0.9999474883079529,-0.003686270909383893,-0.02243945002555847,-0.10992060601711273,0.9998896718025208,0.13220928609371185,0.43252378702163696,0.1072792261838913,0.9388511776924133,0.21574898064136505,0.1409519910812378,-0.23570820689201355,0.8650804758071899,0.019295524805784225,0.7815626859664917,0.20866163074970245,0.9620500206947327,0.4177932143211365,0.30920177698135376,-0.10053833574056625,0.8108377456665039,-0.019593840464949608,0.8168530464172363,0.22900906205177307,0.9170756936073303,0.4501129984855652,0.3186876177787781,-0.12059066444635391,0.7904800772666931,0.09486302733421326,0.8479285836219788,0.22822687029838562,0.9203907251358032,0.5452488660812378,0.2504423260688782,-0.12558633089065552,0.7824976444244385
165,5.5,0.07896687835454941,-0.603861391544342,-0.29861879348754883,0.9993556141853333,0.0859098881483078,-0.630174458026886,-0.2823279798030853,0.9994741678237915,0.08785916119813919,-0.6304692625999451,-0.27160775661468506,0.9994195699691772,0.08411319553852081,-0.6309031844139099,-0.2745499312877655,0.9996539354324341,0.05012835934758186,-0.63486248254776,-0.29798492789268494,0.9994664788246155,0.05173962190747261,-0.632797360420227,-0.31046852469444275,0.999362051486969,0.053504712879657745,-0.6209543943405151,-0.2882547378540039,0.999528706073761,0.1295074224472046,-0.6268747448921204,-0.14130298793315887,0.9998154044151306,-0.05401471257209778,-0.565766453742981,-0.17347441613674164,0.9991000294685364,0.13544510304927826,-0.5956591367721558,-0.23968341946601868,0.9990643262863159,0.06393476575613022,-0.5577619075775146,-0.2722145617008209,0.998704195022583,0.17186295986175537,-0.4721706509590149,0.07906903326511383,0.9996866583824158,0.020692886784672737,-0.5175215601921082,-0.11167608201503754,0.9992125630378723,0.33961817622184753,-0.3516885042190552,0.14827163517475128,0.4733006954193115,0.17101573944091797,-0.34093618392944336,-0.261751651763916,0.7397096157073975,0.5368193984031677,-0.22708873450756073,0.14205212891101837,0.5337048172950745,0.40757057070732117,-0.25977346301078796,-0.3864268958568573,0.630318820476532,0.5733775496482849,-0.2305862009525299,0.15252915024757385,0.5545380711555481,0.44546812772750854,-0.25275543332099915,-0.4606549143791199,0.6242098212242126,0.5714089870452881,-0.22066830098628998,0.12145159393548965,0.5610401034355164,0.4744611978530884,-0.2916889190673828,-0.4495912790298462,0.6209916472434998,0.5492470264434814,-0.20057141780853271,0.12774838507175446,0.5491870045661926,0.40836429595947266,-0.2639102637767792,-0.38842472434043884,0.5960291028022766,0.04173777252435684,0.013433980755507946,0.10581382364034653,0.9999200105667114,-0.039069484919309616,-0.018106549978256226,-0.10375802963972092,0.9998640418052673,0.12421054393053055,0.4151500165462494,0.04663558304309845,0.9045941233634949,0.09297382086515427,0.2574659287929535,-0.19310639798641205,0.8591756820678711,-0.004503818694502115,0.7076144218444824,0.18891188502311707,0.9099113941192627,-0.01693660579621792,0.475291907787323,0.10589989274740219,0.7579380869865417,-0.044914066791534424,0.7327152490615845,0.21408522129058838,0.8615792393684387,-0.021629823371767998,0.4937930107116699,0.10251760482788086,0.7302583456039429,0.005330679006874561,0.7434117794036865,0.21467147767543793,0.8675881624221802,0.034660302102565765,0.4958663582801819,0.10844392329454422,0.7292658090591431
166,5.533333333333333,0.06925500184297562,-0.6065089702606201,-0.2538803517818451,0.9994199872016907,0.07666824758052826,-0.6329246759414673,-0.23955486714839935,0.9995266795158386,0.0783432349562645,-0.6336240768432617,-0.22887149453163147,0.9994775056838989,0.07516209036111832,-0.6340036392211914,-0.23184511065483093,0.999688446521759,0.043881889432668686,-0.6372377872467041,-0.2583823502063751,0.9995197653770447,0.045762162655591965,-0.6352393627166748,-0.2703534662723541,0.9994258284568787,0.04746627062559128,-0.6235900521278381,-0.24845238029956818,0.9995757937431335,0.11817488819360733,-0.6322842240333557,-0.12298139929771423,0.9998337626457214,-0.05237031355500221,-0.5701292157173157,-0.16328071057796478,0.9991898536682129,0.12651214003562927,-0.5991378426551819,-0.19949975609779358,0.999157726764679,0.0552498959004879,-0.5605319738388062,-0.2348162829875946,0.9988335371017456,0.1717025339603424,-0.4763513207435608,0.08306314051151276,0.9997167587280273,-0.004216569941490889,-0.5229929685592651,-0.09215561300516129,0.999286413192749,0.35287219285964966,-0.35102587938308716,0.1516692042350769,0.5138756036758423,0.03018024191260338,-0.3363126516342163,-0.26284897327423096,0.7644726634025574,0.5506869554519653,-0.23810245096683502,0.18626676499843597,0.5795390605926514,0.15253418684005737,-0.2626917064189911,-0.4579477906227112,0.6668667793273926,0.5835360884666443,-0.24155902862548828,0.20130231976509094,0.5981593132019043,0.18505717813968658,-0.26587143540382385,-0.5350236892700195,0.6611615419387817,0.5782102942466736,-0.23611943423748016,0.16913005709648132,0.6042003631591797,0.24601119756698608,-0.3034880459308624,-0.5265140533447266,0.6582664847373962,0.5610916614532471,-0.2137671709060669,0.17210303246974945,0.5934038758277893,0.1724044233560562,-0.2718910872936249,-0.46161872148513794,0.6350763440132141,0.04160677641630173,0.01273089088499546,0.10526596009731293,0.999905526638031,-0.03905494883656502,-0.017309248447418213,-0.10129209607839584,0.9998407959938049,0.0004939804784953594,0.3801913559436798,0.033646922558546066,0.8792471289634705,0.08914945274591446,0.2452659159898758,-0.15171757340431213,0.8623430728912354,-0.10026485472917557,0.6821191310882568,0.0913575291633606,0.8981983065605164,-0.08203968405723572,0.45952144265174866,0.08481220155954361,0.759982705116272,-0.13527002930641174,0.707515299320221,0.10423330217599869,0.8455309271812439,-0.09578961133956909,0.47480830550193787,0.059713903814554214,0.7156651616096497,-0.11166684329509735,0.7141103148460388,0.07240952551364899,0.8626312613487244,-0.08313710242509842,0.4936556816101074,0.03148975968360901,0.7352104187011719
167,5.566666666666666,0.040669895708560944,-0.6134526133537292,-0.26225554943084717,0.9994771480560303,0.0563083253800869,-0.6377816796302795,-0.24691106379032135,0.999571681022644,0.05743446573615074,-0.6384609937667847,-0.2369813770055771,0.9995264410972595,0.055341824889183044,-0.6389110684394836,-0.2404710352420807,0.9997169971466064,0.02324071153998375,-0.6433402895927429,-0.2602706551551819,0.9995664358139038,0.025701384991407394,-0.6420285701751709,-0.2715119421482086,0.9994820952415466,0.027165887877345085,-0.6312904357910156,-0.25029516220092773,0.9996166229248047,0.11838700622320175,-0.6308282613754272,-0.13033261895179749,0.9998485445976257,-0.051447734236717224,-0.5745417475700378,-0.16211603581905365,0.9992654919624329,0.10034138709306717,-0.6027196645736694,-0.20969253778457642,0.999238908290863,0.03590288758277893,-0.5656216740608215,-0.23757657408714294,0.9989449381828308,0.21568603813648224,-0.4753132462501526,0.02132243663072586,0.9997429847717285,-0.04849899187684059,-0.5213544368743896,-0.031160620972514153,0.9993380308151245,0.3647368848323822,-0.3649072051048279,0.06593587249517441,0.5593836307525635,-0.1125657856464386,-0.3084235191345215,-0.21771971881389618,0.7806866765022278,0.5163851976394653,-0.2685290575027466,0.09693160653114319,0.6197852492332458,-0.12758125364780426,-0.2655591666698456,-0.4918760657310486,0.6963397264480591,0.5411246418952942,-0.24758674204349518,0.10841699689626694,0.6357157230377197,-0.11724354326725006,-0.27191227674484253,-0.5744988322257996,0.6910502910614014,0.5407878160476685,-0.2520204484462738,0.0743730366230011,0.6416079998016357,-0.0651092678308487,-0.3090715706348419,-0.5810754895210266,0.6887919306755066,0.525999128818512,-0.2436935156583786,0.08111539483070374,0.6314526200294495,-0.11311433464288712,-0.27887043356895447,-0.5066848397254944,0.6654050946235657,0.0687856674194336,0.020339922979474068,0.055050335824489594,0.9999125003814697,-0.06660540401935577,-0.02473459392786026,-0.04955355450510979,0.9998505115509033,0.011939238756895065,0.4258507788181305,-0.03978496044874191,0.8907549977302551,-0.23982374370098114,0.050640709698200226,-0.21443717181682587,0.8752227425575256,-0.08917475491762161,0.797176718711853,0.010958682745695114,0.9081953763961792,-0.6227293610572815,0.1833552122116089,-0.05003726854920387,0.7825914025306702,-0.12172937393188477,0.8326638340950012,0.022237641736865044,0.8598160743713379,-0.6607697606086731,0.18790316581726074,-0.0761958658695221,0.7372755408287048,-0.058467864990234375,0.8373430371284485,-0.05513151362538338,0.8760388493537903,-0.6889455318450928,0.15198509395122528,-0.14086565375328064,0.7603379487991333
168,5.6,0.03468592092394829,-0.6215693354606628,-0.2614426016807556,0.9995283484458923,0.05440780147910118,-0.6413367986679077,-0.24735963344573975,0.9996112585067749,0.055633544921875,-0.6419283747673035,-0.2375420778989792,0.9995694160461426,0.05362268537282944,-0.6422561407089233,-0.2406347543001175,0.9997419118881226,0.025438638404011726,-0.649280309677124,-0.2554972767829895,0.9996081590652466,0.027638591825962067,-0.6485485434532166,-0.26572415232658386,0.9995326399803162,0.030038872733712196,-0.6371474862098694,-0.24529755115509033,0.9996534585952759,0.13345307111740112,-0.6298184990882874,-0.1426921784877777,0.9998611211776733,-0.04933137074112892,-0.5778524279594421,-0.14776824414730072,0.9993339776992798,0.09366315603256226,-0.6059512495994568,-0.21360154449939728,0.9993120431900024,0.03593055531382561,-0.5721838474273682,-0.23420853912830353,0.9990461468696594,0.24123293161392212,-0.4701777398586273,-0.00981231965124607,0.9997667670249939,-0.049226149916648865,-0.5199813842773438,0.0037624805700033903,0.9993935823440552,0.3959446847438812,-0.36216992139816284,0.0570860393345356,0.601030170917511,-0.12241090089082718,-0.30839666724205017,-0.17538012564182281,0.7955414056777954,0.5291404128074646,-0.2724563777446747,0.12428057938814163,0.6562848091125488,-0.13500766456127167,-0.2771975100040436,-0.3991187810897827,0.7241213917732239,0.5494701862335205,-0.25328922271728516,0.1405862271785736,0.6696721911430359,-0.11883079260587692,-0.280381977558136,-0.4751165807247162,0.7191154956817627,0.5474199056625366,-0.2559117376804352,0.1098162904381752,0.6753281354904175,-0.06771965324878693,-0.32996082305908203,-0.4834403991699219,0.717336893081665,0.536845862865448,-0.2506781816482544,0.11104001849889755,0.6657673716545105,-0.11852583289146423,-0.2951599657535553,-0.41379493474960327,0.6947746276855469,0.07867749035358429,0.025696659460663795,0.03427828848361969,0.9999175667762756,-0.07646370679140091,-0.029606672003865242,-0.0292633306235075,0.9998568892478943,0.0173177570104599,0.44512033462524414,-0.07035767287015915,0.9010605812072754,-0.2763800621032715,0.024102527648210526,-0.1930614709854126,0.8858479261398315,-0.089505635201931,0.8358795642852783,-0.021649954840540886,0.9171148538589478,-0.6360259056091309,0.18630467355251312,0.00038627180038020015,0.8017333745956421,-0.12119881808757782,0.8722410202026367,-0.01098881009966135,0.8719049096107483,-0.6723522543907166,0.19488485157489777,-0.020601816475391388,0.7526650428771973,-0.05010649934411049,0.8870644569396973,-0.08839382976293564,0.8879947662353516,-0.7036130428314209,0.16438598930835724,-0.12340720742940903,0.7818117737770081
169,5.633333333333333,0.030445914715528488,-0.6220280528068542,-0.2560039758682251,0.9995753765106201,0.05048174783587456,-0.6409011483192444,-0.2410820871591568,0.9996498227119446,0.05143607407808304,-0.6414349675178528,-0.23194734752178192,0.9996119737625122,0.04996181279420853,-0.641872227191925,-0.23524880409240723,0.9997673034667969,0.0218878872692585,-0.6485159993171692,-0.2519313395023346,0.9996471405029297,0.024598900228738785,-0.6478848457336426,-0.26312437653541565,0.9995791912078857,0.02653038315474987,-0.6364952921867371,-0.24258606135845184,0.9996878504753113,0.12689308822155,-0.6293017864227295,-0.13729722797870636,0.9998747706413269,-0.044502511620521545,-0.5756133794784546,-0.14213670790195465,0.9993998408317566,0.08327938616275787,-0.6055291295051575,-0.20835566520690918,0.9993805885314941,0.030484933406114578,-0.5715804696083069,-0.23246747255325317,0.9991410970687866,0.22591176629066467,-0.4691779911518097,-0.015035133808851242,0.9997895359992981,-0.06692817807197571,-0.5196383595466614,0.01307542435824871,0.999449610710144,0.38715508580207825,-0.3785889446735382,-0.06419741362333298,0.6401596665382385,-0.1983945071697235,-0.32130634784698486,-0.16926144063472748,0.8140525817871094,0.4993002116680145,-0.30467644333839417,-0.1696721315383911,0.6903753280639648,-0.2852022051811218,-0.31103190779685974,-0.44464245438575745,0.7512176632881165,0.5167713761329651,-0.27961066365242004,-0.18708112835884094,0.7022766470909119,-0.28811460733413696,-0.305829256772995,-0.5264918804168701,0.7466137409210205,0.5051273703575134,-0.2869326174259186,-0.21985876560211182,0.7074356079101562,-0.23820194602012634,-0.3489547371864319,-0.5453715920448303,0.7450770139694214,0.5015400648117065,-0.2816251814365387,-0.18957550823688507,0.6986287236213684,-0.2738991975784302,-0.3222086429595947,-0.46540096402168274,0.7243247032165527,0.08048034459352493,0.029057012870907784,0.023026492446660995,0.999923050403595,-0.07805211842060089,-0.03322051465511322,-0.01777946762740612,0.9998655319213867,0.018346738070249557,0.45415201783180237,-0.06408462673425674,0.9103018641471863,-0.3354780375957489,0.0248929001390934,-0.16796867549419403,0.8960670232772827,-0.07584939897060394,0.8408673405647278,0.0079153748229146,0.9250106811523438,-0.7192381024360657,0.18456396460533142,0.000488419842440635,0.8200807571411133,-0.10602284222841263,0.8786497116088867,0.021790865808725357,0.8817489147186279,-0.7580059766769409,0.19074656069278717,-0.021639924496412277,0.7696437239646912,-0.03896336257457733,0.8994536995887756,-0.0420352928340435,0.8985623121261597,-0.8023295402526855,0.14687016606330872,-0.0943973958492279,0.8019859194755554
170,5.666666666666667,0.011842895299196243,-0.6226763129234314,-0.2675526738166809,0.9996175169944763,0.034113604575395584,-0.6404777765274048,-0.256149023771286,0.9996838569641113,0.03483188524842262,-0.6409090161323547,-0.2483493983745575,0.9996495842933655,0.034055259078741074,-0.6413980722427368,-0.2504815459251404,0.9997895956039429,0.009617878124117851,-0.6479028463363647,-0.2648252546787262,0.9996817111968994,0.01175724994391203,-0.647155225276947,-0.2759099304676056,0.9996206164360046,0.014141706749796867,-0.636056661605835,-0.2565288245677948,0.9997183084487915,0.12341203540563583,-0.6259440779685974,-0.1727788746356964,0.9998865723609924,-0.04076839238405228,-0.574566125869751,-0.1400843858718872,0.9994577765464783,0.06463876366615295,-0.6050711274147034,-0.22599460184574127,0.9994420409202576,0.019523145630955696,-0.5706878304481506,-0.24392995238304138,0.9992259740829468,0.2152365893125534,-0.4661160707473755,-0.07929271459579468,0.999809980392456,-0.06959689408540726,-0.5147154927253723,0.03852806240320206,0.9994980096817017,0.37340089678764343,-0.38844314217567444,-0.2025867998600006,0.6754475235939026,-0.24931840598583221,-0.3555615246295929,0.031272582709789276,0.828362226486206,0.4719600975513458,-0.32285845279693604,-0.35419291257858276,0.7204935550689697,-0.47033363580703735,-0.3663959503173828,-0.10091835260391235,0.7746831774711609,0.49085623025894165,-0.3050662875175476,-0.380650132894516,0.730597734451294,-0.4935034215450287,-0.3663939833641052,-0.13531574606895447,0.7697412371635437,0.5021003484725952,-0.31326988339424133,-0.40461626648902893,0.7354205846786499,-0.4781950116157532,-0.4052761495113373,-0.18237775564193726,0.7686353921890259,0.4864561855792999,-0.3032006621360779,-0.3733965754508972,0.7269269824028015,-0.47741326689720154,-0.37652787566185,-0.1295294314622879,0.749692976474762,0.08091511577367783,0.03383103758096695,-0.0014659191947430372,0.9999276399612427,-0.07803402096033096,-0.03847671300172806,0.004950905684381723,0.9998738765716553,0.009700654074549675,0.4565621018409729,-0.09735420346260071,0.9184688925743103,-0.38768112659454346,-0.022918779402971268,-0.008420429192483425,0.902112603187561,-0.07799091935157776,0.830711305141449,0.0031284575816243887,0.9313172698020935,-0.7373524308204651,0.19986093044281006,0.150785893201828,0.833119809627533,-0.10567305237054825,0.8669328093528748,0.01844031549990177,0.8853588104248047,-0.7731143236160278,0.21168427169322968,0.12596210837364197,0.7762704491615295,-0.06553331017494202,0.8967710733413696,-0.049308568239212036,0.9071143865585327,-0.8161503076553345,0.17985904216766357,0.07932637631893158,0.8165848255157471
171,5.7,0.014058303087949753,-0.6219611167907715,-0.3102014660835266,0.9996553659439087,0.034731291234493256,-0.6384515762329102,-0.299428254365921,0.9997140169143677,0.034703776240348816,-0.6387284994125366,-0.29174840450286865,0.9996829628944397,0.034102413803339005,-0.6392751932144165,-0.29371505975723267,0.9998091459274292,0.012240423820912838,-0.6447237730026245,-0.30849573016166687,0.9997126460075378,0.014194173738360405,-0.6449199914932251,-0.31921735405921936,0.9996578097343445,0.016879284754395485,-0.6319059729576111,-0.3003067076206207,0.9997456073760986,0.12082460522651672,-0.6145581603050232,-0.21739265322685242,0.9998968243598938,-0.039614707231521606,-0.5619070529937744,-0.17975029349327087,0.9995101094245911,0.06366220861673355,-0.600172221660614,-0.26926562190055847,0.9994969964027405,0.02224857732653618,-0.5660161375999451,-0.28806790709495544,0.9993020296096802,0.22180098295211792,-0.4550621509552002,-0.10942823439836502,0.9998276829719543,-0.07361267507076263,-0.5015848875045776,0.02122688852250576,0.9995395541191101,0.40855059027671814,-0.40257886052131653,-0.16757987439632416,0.7076729536056519,-0.2964959740638733,-0.35997849702835083,-0.017866844311356544,0.8447914123535156,0.5442264676094055,-0.34741830825805664,-0.24292345345020294,0.7482495903968811,-0.5521751642227173,-0.37384772300720215,-0.14714810252189636,0.796919047832489,0.5755899548530579,-0.3390921950340271,-0.2475878894329071,0.7570642232894897,-0.5858461260795593,-0.38159722089767456,-0.182633176445961,0.7920680642127991,0.567500114440918,-0.3456565737724304,-0.27848848700523376,0.7614792585372925,-0.5698666572570801,-0.4191286861896515,-0.2216767966747284,0.7911744117736816,0.5493633151054382,-0.3282638192176819,-0.26163405179977417,0.7537477612495422,-0.5602976083755493,-0.38393744826316833,-0.17198477685451508,0.7740917801856995,0.08395175635814667,0.03699207678437233,0.0019329068018123507,0.9999314546585083,-0.08110576868057251,-0.041535984724760056,0.0013147576246410608,0.9998805522918701,0.012592805549502373,0.474986732006073,-0.08120916783809662,0.9262678027153015,-0.3870351314544678,-0.01838396117091179,-0.030593641102313995,0.9105839133262634,-0.07434052228927612,0.8358298540115356,0.03283654898405075,0.9378564357757568,-0.6542080640792847,0.22258250415325165,0.18551833927631378,0.8477348685264587,-0.10281302034854889,0.8713438510894775,0.055166833102703094,0.8934201598167419,-0.6812235116958618,0.2366696000099182,0.16926690936088562,0.7893410921096802,-0.08300431817770004,0.907733678817749,-0.020968973636627197,0.9158815145492554,-0.7148399949073792,0.2174401730298996,0.12369833141565323,0.8325173258781433
172,5.733333333333333,0.014368650503456593,-0.6216737031936646,-0.3166056275367737,0.9996894001960754,0.035083185881376266,-0.6376519799232483,-0.3053460717201233,0.9997411370277405,0.0347602479159832,-0.6378112435340881,-0.29763075709342957,0.9997129440307617,0.034176334738731384,-0.6384100317955017,-0.29957088828086853,0.9998267292976379,0.013340456411242485,-0.6434516310691833,-0.31466472148895264,0.9997404217720032,0.015237323008477688,-0.6441608667373657,-0.32541921734809875,0.9996911883354187,0.018056455999612808,-0.630274772644043,-0.3063764274120331,0.9997701048851013,0.11937902867794037,-0.6086708903312683,-0.2220059484243393,0.999906063079834,-0.03824915736913681,-0.5568830370903015,-0.18557344377040863,0.9995570778846741,0.06281078606843948,-0.5977910757064819,-0.27548813819885254,0.999546468257904,0.023107683286070824,-0.564063310623169,-0.2948220670223236,0.9993704557418823,0.22368350625038147,-0.4499538838863373,-0.11184905469417572,0.9998436570167542,-0.07592260092496872,-0.49550101161003113,0.013451416976749897,0.9995763897895813,0.4151288568973541,-0.4062313139438629,-0.16595743596553802,0.7366964221000671,-0.29986637830734253,-0.3604927062988281,-0.029832428321242332,0.8595297932624817,0.5507434606552124,-0.35110801458358765,-0.24136079847812653,0.7732407450675964,-0.5540348887443542,-0.3739275336265564,-0.15979494154453278,0.8169090747833252,0.5819737911224365,-0.34473714232444763,-0.24570408463478088,0.7809115648269653,-0.5876060128211975,-0.3830762803554535,-0.1949773132801056,0.8121142387390137,0.5703648924827576,-0.35087963938713074,-0.27691924571990967,0.7849532961845398,-0.5709680914878845,-0.42078977823257446,-0.2339007407426834,0.8114179968833923,0.5539301037788391,-0.33185145258903503,-0.26016178727149963,0.7779077291488647,-0.5617890954017639,-0.38411256670951843,-0.18463201820850372,0.7960019111633301,0.08528883755207062,0.0383349172770977,0.003428812837228179,0.9999351501464844,-0.08247683942317963,-0.0428038164973259,-0.0002105557796312496,0.9998868107795715,0.015115311369299889,0.47970637679100037,-0.07665329426527023,0.9333378076553345,-0.3804672658443451,-0.019157717004418373,-0.03850093111395836,0.9184688925743103,-0.07117471098899841,0.83674156665802,0.0587632842361927,0.9437577724456787,-0.6522867679595947,0.22523142397403717,0.18213701248168945,0.8613601922988892,-0.09988943487405777,0.8723236918449402,0.08326023817062378,0.9007275104522705,-0.6801598072052002,0.2401268184185028,0.16642257571220398,0.8026952743530273,-0.08465667814016342,0.9123720526695251,-0.01831473782658577,0.9237851500511169,-0.714898407459259,0.22826234996318817,0.12167626619338989,0.8473408222198486
173,5.766666666666667,0.01760082133114338,-0.5915631651878357,-0.3894445300102234,0.9997203946113586,0.040731944143772125,-0.6055472493171692,-0.3783976137638092,0.9997669458389282,0.03809337317943573,-0.606019914150238,-0.36943086981773376,0.9997414946556091,0.03814232349395752,-0.6068258285522461,-0.37174585461616516,0.999843955039978,0.018565572798252106,-0.6134446263313293,-0.3883494436740875,0.9997662901878357,0.020126616582274437,-0.6146332621574402,-0.399677574634552,0.9997220039367676,0.023055462166666985,-0.5988793969154358,-0.3806319534778595,0.9997929930686951,0.12454428523778915,-0.5765548348426819,-0.28786876797676086,0.999915361404419,-0.026240060105919838,-0.5300239324569702,-0.2634245753288269,0.9996010661125183,0.0685708150267601,-0.5673066973686218,-0.3454822301864624,0.9995916485786438,0.02956877090036869,-0.5353071093559265,-0.36729609966278076,0.9994331002235413,0.2305217981338501,-0.42362454533576965,-0.15510928630828857,0.999858558177948,-0.06674788892269135,-0.4878237843513489,-0.07911646366119385,0.9996106028556824,0.44565993547439575,-0.4011705219745636,-0.14257466793060303,0.7629100680351257,-0.29274675250053406,-0.381083607673645,-0.07990045845508575,0.8731661438941956,0.638836145401001,-0.3504704236984253,-0.14786913990974426,0.7958335280418396,-0.551142692565918,-0.39305755496025085,-0.17966559529304504,0.8347140550613403,0.6807740330696106,-0.3525168001651764,-0.13863343000411987,0.802554726600647,-0.5856693387031555,-0.4064893126487732,-0.22270046174526215,0.8292658925056458,0.6811676621437073,-0.35597482323646545,-0.17113302648067474,0.8062501549720764,-0.568503737449646,-0.4386327266693115,-0.25319337844848633,0.8288767337799072,0.6508774757385254,-0.33125853538513184,-0.16479651629924774,0.7998841404914856,-0.558025062084198,-0.40048086643218994,-0.19791756570339203,0.8151054978370667,0.08488582819700241,0.038379374891519547,0.006222614552825689,0.9999387264251709,-0.08230569958686829,-0.04253067821264267,-0.003331222105771303,0.9998898506164551,0.030981428921222687,0.472013384103775,-0.07100564241409302,0.9392738342285156,-0.3823438286781311,0.0007425155490636826,-0.029019122943282127,0.921416163444519,-0.0370420441031456,0.8320300579071045,0.10795591026544571,0.9487037062644958,-0.4978315830230713,0.08726246654987335,0.3291877508163452,0.836808443069458,-0.06519141793251038,0.8670498132705688,0.1344057321548462,0.9054088592529297,-0.4632384479045868,0.0837232694029808,0.3310994505882263,0.7781590819358826,-0.07808580249547958,0.9048898220062256,0.06340978294610977,0.9302955865859985,-0.4545135796070099,0.09507574886083603,0.34666746854782104,0.8307763934135437
174,5.8,0.01923457719385624,-0.56328284740448,-0.38119232654571533,0.9997483491897583,0.04108823463320732,-0.5773446559906006,-0.3691578805446625,0.9997901916503906,0.03888803720474243,-0.5777130126953125,-0.3599579632282257,0.9997673034667969,0.03847639262676239,-0.5789879560470581,-0.3620084226131439,0.9998595118522644,0.01886313408613205,-0.585324764251709,-0.3816744089126587,0.9997895956039429,0.020446300506591797,-0.5863082408905029,-0.39301973581314087,0.9997497797012329,0.023674504831433296,-0.5711705684661865,-0.3737204074859619,0.9998136758804321,0.1232113391160965,-0.5493116974830627,-0.27302902936935425,0.9999237656593323,-0.02611260861158371,-0.5059666633605957,-0.2577836215496063,0.9996407628059387,0.06921884417533875,-0.539556086063385,-0.33644136786460876,0.9996323585510254,0.0303349569439888,-0.5078003406524658,-0.3611699342727661,0.9994895458221436,0.22481438517570496,-0.3979582190513611,-0.14214222133159637,0.9998721480369568,-0.07175379246473312,-0.47021234035491943,-0.08050821721553802,0.999639093875885,0.4485405683517456,-0.3948615789413452,-0.13002651929855347,0.7864964008331299,-0.2960816025733948,-0.377739280462265,-0.08344418555498123,0.8847655653953552,0.6548461318016052,-0.3448646366596222,-0.12749703228473663,0.8161617517471313,-0.5492445230484009,-0.39270511269569397,-0.18265356123447418,0.8493940234184265,0.7015188932418823,-0.3500693738460541,-0.11428043991327286,0.8220323324203491,-0.5828235149383545,-0.4075406491756439,-0.21451435983181,0.8416388034820557,0.7021244764328003,-0.355584979057312,-0.15120276808738708,0.8254209756851196,-0.5685141682624817,-0.441642701625824,-0.24864539504051208,0.8419705629348755,0.6682817339897156,-0.3263801634311676,-0.146150603890419,0.8196731209754944,-0.5570963621139526,-0.4011024236679077,-0.20430214703083038,0.8303220272064209,0.08400473743677139,0.037910740822553635,0.00795154832303524,0.9999422430992126,-0.08136234432458878,-0.04210899397730827,-0.0051980759017169476,0.9998922348022461,0.051099225878715515,0.455660879611969,-0.06335720419883728,0.9433758854866028,-0.32994040846824646,-0.017297472804784775,-0.045082516968250275,0.9132381081581116,-0.010441707447171211,0.7909331321716309,0.08878073841333389,0.9522385001182556,-0.21071797609329224,0.027913661673665047,0.23385776579380035,0.7786255478858948,-0.03888564556837082,0.8231610655784607,0.1124100312590599,0.9070595502853394,-0.1858762949705124,0.020114034414291382,0.22614675760269165,0.7349566221237183,-0.05988183617591858,0.8511638641357422,0.03891418129205704,0.9349940419197083,-0.15189874172210693,0.03014395199716091,0.23752593994140625,0.7865762114524841
175,5.833333333333333,0.020614711567759514,-0.5653663873672485,-0.3617042303085327,0.9997735023498535,0.04151642322540283,-0.5801182389259338,-0.3486188054084778,0.9998111128807068,0.03925231099128723,-0.5804957747459412,-0.33957135677337646,0.9997904896736145,0.038997285068035126,-0.5817824006080627,-0.3415714204311371,0.9998735189437866,0.01917160674929619,-0.5877166390419006,-0.36228418350219727,0.9998105764389038,0.02074906975030899,-0.5884739756584167,-0.3733544647693634,0.9997747540473938,0.024176424369215965,-0.573893129825592,-0.35416921973228455,0.999832272529602,0.12227581441402435,-0.5518544912338257,-0.25015512108802795,0.9999313354492188,-0.025846540927886963,-0.5078069567680359,-0.23910008370876312,0.9996764659881592,0.06985574960708618,-0.5420211553573608,-0.3165014982223511,0.9996690154075623,0.03114829957485199,-0.5097843408584595,-0.3424612879753113,0.9995403289794922,0.22207893431186676,-0.3993578553199768,-0.12114688009023666,0.9998843669891357,-0.0778677761554718,-0.46941089630126953,-0.06913299113512039,0.999664306640625,0.45342907309532166,-0.3930234909057617,-0.1113111823797226,0.8077376484870911,-0.3023068606853485,-0.38155514001846313,-0.0790860503911972,0.8952052593231201,0.6630887389183044,-0.34616076946258545,-0.11434028297662735,0.8344830274581909,-0.5524213314056396,-0.3968789577484131,-0.1708296686410904,0.8627344965934753,0.7100797295570374,-0.3538687229156494,-0.10194950550794601,0.8396363854408264,-0.5860162973403931,-0.4117812216281891,-0.1999395340681076,0.8531709909439087,0.7089319229125977,-0.361911803483963,-0.13971033692359924,0.8427318334579468,-0.5714612007141113,-0.4468294084072113,-0.2351776659488678,0.8540970087051392,0.6755169034004211,-0.32872986793518066,-0.13361647725105286,0.8375456929206848,-0.5596044063568115,-0.4058808982372284,-0.19478106498718262,0.8442847728729248,0.08368305116891861,0.03756512701511383,0.009331694804131985,0.9999454021453857,-0.0809415653347969,-0.04167049750685692,-0.0065686400048434734,0.9998946785926819,0.05543093383312225,0.44081029295921326,-0.059283219277858734,0.9472737908363342,-0.31020107865333557,-0.020967135205864906,-0.05920570716261864,0.9106546640396118,-0.007364501710981131,0.7811978459358215,0.08721774816513062,0.9553812742233276,-0.19145415723323822,0.03013630583882332,0.20065952837467194,0.7366176247596741,-0.03601398691534996,0.8140954375267029,0.11093419045209885,0.9081258177757263,-0.17338010668754578,0.022593604400753975,0.18725791573524475,0.7038507461547852,-0.05700642243027687,0.8372992873191833,0.03499792143702507,0.9391753673553467,-0.1431371569633484,0.022059131413698196,0.18360169231891632,0.7578225135803223
176,5.866666666666666,0.006665604654699564,-0.5836647152900696,-0.2582232654094696,0.9997960329055786,0.03377968445420265,-0.5919384360313416,-0.2492709904909134,0.9998298287391663,0.03316744789481163,-0.5926926136016846,-0.24085871875286102,0.9998112320899963,0.03283762186765671,-0.5949816107749939,-0.24288804829120636,0.9998859763145447,0.013738728128373623,-0.6037381887435913,-0.25611501932144165,0.9998294115066528,0.015521866269409657,-0.6042643189430237,-0.26769745349884033,0.9997971653938293,0.01850571669638157,-0.5902541875839233,-0.24927440285682678,0.9998489022254944,0.12182251363992691,-0.5574474334716797,-0.18491850793361664,0.9999379515647888,-0.019679144024848938,-0.5295637249946594,-0.12445564568042755,0.999708354473114,0.05371639505028725,-0.5508283376693726,-0.22392810881137848,0.9997017979621887,0.01877693273127079,-0.5266859531402588,-0.23871956765651703,0.9995858073234558,0.20414412021636963,-0.404873788356781,-0.10671103745698929,0.9998948574066162,-0.07186754047870636,-0.48811042308807373,0.06776240468025208,0.9996932744979858,0.32972192764282227,-0.3512403666973114,-0.24938905239105225,0.8256263136863708,-0.2571333348751068,-0.3944074809551239,0.11914972960948944,0.887902557849884,0.4094041585922241,-0.3222478926181793,-0.4290865361690521,0.850451648235321,-0.4521944522857666,-0.4209914803504944,0.07672864198684692,0.874759316444397,0.43821293115615845,-0.32773682475090027,-0.4592437446117401,0.8550039529800415,-0.4722416400909424,-0.4334902763366699,0.05497362092137337,0.8653118014335632,0.41588637232780457,-0.34600114822387695,-0.47636735439300537,0.8579252362251282,-0.45473894476890564,-0.4729597270488739,0.018593017011880875,0.8664907813072205,0.4071231484413147,-0.3115503489971161,-0.44590288400650024,0.8529517650604248,-0.45585528016090393,-0.4324413537979126,0.05487459525465965,0.8574784994125366,0.08264324814081192,0.03559713810682297,-0.01530750747770071,0.999945878982544,-0.08001814037561417,-0.040383946150541306,0.018648378551006317,0.999897837638855,0.05278875306248665,0.4390563666820526,-0.10227382183074951,0.945966899394989,-0.29698604345321655,-0.005709064193069935,-0.05871973931789398,0.8754507899284363,0.005396085791289806,0.7838208675384521,-0.04211244732141495,0.9530379772186279,-0.1838870644569397,0.08750102669000626,0.16243407130241394,0.6771656274795532,-0.019080469384789467,0.8188754916191101,-0.029150670394301414,0.8986138701438904,-0.17221733927726746,0.08348588645458221,0.14462971687316895,0.6646679043769836,-0.05514639988541603,0.8578488826751709,-0.08607742190361023,0.9391633868217468,-0.15779730677604675,0.08796796202659607,0.17110863327980042,0.7118541598320007
177,5.9,0.006077550817281008,-0.5963305830955505,-0.2612840533256531,0.9998082518577576,0.0347873717546463,-0.5978766679763794,-0.2624177932739258,0.999840497970581,0.03412793204188347,-0.5998497009277344,-0.24946023523807526,0.9998207092285156,0.03370809555053711,-0.6001375913619995,-0.25030845403671265,0.9998916983604431,0.015389866195619106,-0.6153396368026733,-0.2617967128753662,0.9998409748077393,0.01687559112906456,-0.6154556274414062,-0.27161532640457153,0.9998102188110352,0.019800014793872833,-0.5992124676704407,-0.25350892543792725,0.9998588562011719,0.12529128789901733,-0.5625365376472473,-0.20983339846134186,0.9999346137046814,-0.006656800862401724,-0.5451728105545044,-0.13662560284137726,0.9996983408927917,0.051699891686439514,-0.5598010420799255,-0.23690646886825562,0.9997097253799438,0.017393989488482475,-0.5419278144836426,-0.2429908663034439,0.999594509601593,0.17813652753829956,-0.40413710474967957,-0.15203069150447845,0.9998965263366699,-0.04119664058089256,-0.5014002323150635,0.056696124374866486,0.9996766448020935,0.16409249603748322,-0.3024480640888214,-0.23817814886569977,0.7781621813774109,-0.1486891359090805,-0.39193955063819885,0.09423753619194031,0.8046618103981018,0.04238142445683479,-0.3138720393180847,-0.2813543677330017,0.7966784834861755,-0.3254915475845337,-0.4155881702899933,0.011483712121844292,0.8282292485237122,0.0006200831267051399,-0.3256223201751709,-0.28950774669647217,0.8024581074714661,-0.33865734934806824,-0.4271388053894043,-0.021989507600665092,0.8262660503387451,-0.014041563495993614,-0.3437836468219757,-0.3036952316761017,0.8055353164672852,-0.3239111304283142,-0.4590565264225006,-0.047813285142183304,0.8297789692878723,0.03308650106191635,-0.3095593750476837,-0.28964871168136597,0.7912895679473877,-0.3313092887401581,-0.42777734994888306,-0.009456547908484936,0.8163813948631287,0.0706147775053978,0.035612259060144424,-0.038046762347221375,0.9999380111694336,-0.06857424229383469,-0.040275491774082184,0.04053642973303795,0.9998777508735657,0.0456719696521759,0.44250717759132385,-0.11852969974279404,0.9187832474708557,-0.16229166090488434,-0.0002458794042468071,0.19337475299835205,0.7889884114265442,0.021441765129566193,0.8031283020973206,-0.0816107913851738,0.9377615451812744,-0.10981335490942001,0.06347638368606567,0.5037537813186646,0.6109111309051514,0.001568342326208949,0.8408710956573486,-0.07099650800228119,0.8595708012580872,-0.10538724064826965,0.057340167462825775,0.4943743050098419,0.6025298237800598,-0.037740789353847504,0.9059333801269531,-0.12237580865621567,0.9220272302627563,-0.10233215242624283,0.07345836609601974,0.542582094669342,0.6435759663581848
178,5.933333333333334,-0.014608788304030895,-0.5975387692451477,-0.20772463083267212,0.9998244047164917,0.02038947492837906,-0.6011744737625122,-0.21243922412395477,0.9998552203178406,0.0213398989289999,-0.601639986038208,-0.19885167479515076,0.9998370409011841,0.02128174528479576,-0.6019115447998047,-0.20018772780895233,0.9999016523361206,0.008384810760617256,-0.620465874671936,-0.20709703862667084,0.9998548030853271,0.008189482614398003,-0.6196186542510986,-0.22071002423763275,0.999825656414032,0.012205819599330425,-0.6056192517280579,-0.19996432960033417,0.9998697638511658,0.11874701827764511,-0.5648975372314453,-0.16965091228485107,0.9999401569366455,0.004191987216472626,-0.560242235660553,-0.0857883170247078,0.999701201915741,0.027796007692813873,-0.5617049932479858,-0.18088795244693756,0.9997206926345825,-0.0015173489227890968,-0.5474166870117188,-0.1841014176607132,0.9995899200439453,0.06874594837427139,-0.4086998999118805,-0.15135857462882996,0.9999054074287415,0.031318049877882004,-0.5010098814964294,0.15799351036548615,0.9994485974311829,-0.03787946701049805,-0.30975398421287537,-0.25666892528533936,0.7995181679725647,0.06678526848554611,-0.26591062545776367,0.20524826645851135,0.7244108319282532,-0.23072651028633118,-0.29621344804763794,-0.24909253418445587,0.8157703280448914,-0.0011111631756648421,-0.12446733564138412,0.1653163582086563,0.7457178831100464,-0.28425806760787964,-0.29779598116874695,-0.25740405917167664,0.8198792338371277,0.020734529942274094,-0.09139791131019592,0.1430092602968216,0.7443593740463257,-0.3015942871570587,-0.31204140186309814,-0.25670626759529114,0.822495698928833,0.014847383834421635,-0.12189394980669022,0.11925972253084183,0.7475506663322449,-0.2386169731616974,-0.28642934560775757,-0.2472590208053589,0.8063710927963257,-0.005445373244583607,-0.12892402708530426,0.14669865369796753,0.7355789542198181,0.03653436526656151,0.021810144186019897,-0.05506030470132828,0.9999411702156067,-0.034188009798526764,-0.024231066927313805,0.05715984106063843,0.9998691082000732,0.03712357580661774,0.3877516984939575,-0.10304560512304306,0.9213168025016785,-0.008157099597156048,0.18296433985233307,0.10689426958560944,0.7275448441505432,0.036645710468292236,0.7456197142601013,-0.03863254934549332,0.9377235770225525,0.026995787397027016,0.07015708833932877,0.3454301059246063,0.559482216835022,0.017523638904094696,0.7867287993431091,-0.024712229147553444,0.8543794751167297,0.027005886659026146,0.08816324174404144,0.33083003759384155,0.5680522322654724,-0.015966814011335373,0.8292208909988403,-0.10700968652963638,0.9202995300292969,0.052758947014808655,0.0894526019692421,0.3623870313167572,0.5952725410461426
179,5.966666666666667,-0.08010510355234146,-0.6195722818374634,-0.09549523144960403,0.9997653961181641,-0.050517428666353226,-0.6278096437454224,-0.12002956122159958,0.9998361468315125,-0.0493052676320076,-0.6276013255119324,-0.10657598823308945,0.9998149871826172,-0.04875508323311806,-0.6275989413261414,-0.10926714539527893,0.9998871684074402,-0.03854461386799812,-0.6441764235496521,-0.10499697923660278,0.9998223185539246,-0.038480132818222046,-0.6419680118560791,-0.11833415925502777,0.9997824430465698,-0.03348444774746895,-0.6301530003547668,-0.09731750935316086,0.999832272529602,0.04824710637331009,-0.5748504996299744,-0.15719817578792572,0.9999279975891113,0.022420277819037437,-0.565605878829956,-0.029196985065937042,0.9995918273925781,-0.03691491112112999,-0.5852711796760559,-0.09299702197313309,0.9996035099029541,-0.04026336222887039,-0.5649451017379761,-0.08353357017040253,0.9993621110916138,-0.01706555485725403,-0.42616695165634155,-0.1522780954837799,0.9999064803123474,0.11454997956752777,-0.49998602271080017,0.20053720474243164,0.9991011619567871,-0.20936556160449982,-0.32225528359413147,-0.23674239218235016,0.8181673288345337,0.094190813601017,-0.26793548464775085,0.29417067766189575,0.6521526575088501,-0.4463103413581848,-0.30496373772621155,-0.18455061316490173,0.8332365155220032,-0.035537783056497574,-0.18045586347579956,0.3312784433364868,0.672730028629303,-0.5058498978614807,-0.309933602809906,-0.1845603734254837,0.836381196975708,-0.021599629893898964,-0.17018109560012817,0.32252100110054016,0.6731916069984436,-0.5244520306587219,-0.31979507207870483,-0.1538054198026657,0.8386560678482056,-0.03723984956741333,-0.20251567661762238,0.30051764845848083,0.6761742234230042,-0.4560178816318512,-0.2942328155040741,-0.16301588714122772,0.8218146562576294,-0.04850458353757858,-0.1920878291130066,0.31399089097976685,0.665459394454956,-8.695668657310307e-05,0.014544541016221046,-0.06572297215461731,0.9999401569366455,0.0022883026394993067,-0.01803579367697239,0.06678568571805954,0.999859094619751,0.023148363456130028,0.3802383244037628,-0.07875709235668182,0.8954781293869019,-0.059751830995082855,0.2281765192747116,0.11447618901729584,0.6656162142753601,0.045271117240190506,0.7446889877319336,-0.02955184504389763,0.9308705925941467,-0.0415516197681427,0.4864811897277832,0.298030287027359,0.5165120363235474,0.0263652466237545,0.7859126925468445,-0.021467404440045357,0.8416335582733154,-0.04274255782365799,0.5075182914733887,0.2806776762008667,0.5315997004508972,-0.016640694811940193,0.8258751034736633,-0.06400790065526962,0.9080035090446472,-0.061016298830509186,0.5505767464637756,0.2975410521030426,0.5530301332473755
180,6.0,-0.08772942423820496,-0.6356620788574219,-0.07284905016422272,0.9997196793556213,-0.05938597768545151,-0.6447241306304932,-0.09897207468748093,0.9998223781585693,-0.05804862082004547,-0.6451409459114075,-0.08636263757944107,0.9998006820678711,-0.05745402351021767,-0.6449021697044373,-0.0887114480137825,0.9998785257339478,-0.043806564062833786,-0.660121738910675,-0.08400692790746689,0.999794602394104,-0.04319607838988304,-0.6575368642807007,-0.09634748101234436,0.9997440576553345,-0.03842683136463165,-0.6460933089256287,-0.07586781680583954,0.9997996687889099,0.03697644919157028,-0.5810800194740295,-0.15019415318965912,0.9999191164970398,0.036569878458976746,-0.5710652470588684,-0.015201183967292309,0.9994984865188599,-0.044993750751018524,-0.6002084612846375,-0.07292785495519638,0.9995191693305969,-0.04469374567270279,-0.5774148106575012,-0.06265457719564438,0.9991883039474487,-0.01970471814274788,-0.4323353171348572,-0.14927536249160767,0.9999077320098877,0.12620578706264496,-0.49967634677886963,0.21017137169837952,0.9987959861755371,-0.21601149439811707,-0.32955312728881836,-0.22585144639015198,0.8355616927146912,0.08931069821119308,-0.2851853370666504,0.3303828537464142,0.5872453451156616,-0.4531141221523285,-0.3180646002292633,-0.14036230742931366,0.8492100834846497,-0.04012570530176163,-0.21211403608322144,0.40138205885887146,0.6076722741127014,-0.5091611742973328,-0.32818955183029175,-0.1372993290424347,0.8515399694442749,-0.020980076864361763,-0.23442673683166504,0.39495453238487244,0.6100253462791443,-0.5252431631088257,-0.33483725786209106,-0.11289175599813461,0.8535290956497192,-0.034020356833934784,-0.26982390880584717,0.37518611550331116,0.612900972366333,-0.4626263976097107,-0.30695992708206177,-0.12298572808504105,0.8364949226379395,-0.05221209675073624,-0.24929700791835785,0.3852688670158386,0.6032190322875977,-0.004631773103028536,0.009727486409246922,-0.06717998534440994,0.9999338984489441,0.007129400037229061,-0.0140907047316432,0.06770795583724976,0.9998337626457214,0.01915723644196987,0.37667393684387207,-0.07775464653968811,0.8558979034423828,-0.060318347066640854,0.2638871371746063,0.09072089195251465,0.6068078875541687,0.042701251804828644,0.7434707880020142,-0.022729316726326942,0.9125363826751709,-0.050849754363298416,0.6071972250938416,0.2880896329879761,0.47525373101234436,0.023411113768815994,0.7844302654266357,-0.012271293438971043,0.8186852335929871,-0.05380702763795853,0.6350552439689636,0.2561708688735962,0.49412429332733154,-0.018343912437558174,0.8225225806236267,-0.051715441048145294,0.8853277564048767,-0.08473670482635498,0.6813005208969116,0.23224389553070068,0.5115504860877991
181,6.033333333333333,-0.0860968679189682,-0.6431781649589539,0.03877643123269081,0.9997010231018066,-0.07019220292568207,-0.6500952839851379,0.00772849190980196,0.9998186230659485,-0.07021968811750412,-0.6516268849372864,0.01960228942334652,0.9998010993003845,-0.06856019794940948,-0.6507596373558044,0.01866479590535164,0.9998759627342224,-0.041886959224939346,-0.6644093990325928,0.0173211507499218,0.99978107213974,-0.04107119143009186,-0.6619139313697815,0.005944118369370699,0.9997296333312988,-0.03605471923947334,-0.6483709812164307,0.025807933881878853,0.999779462814331,-0.008985371328890324,-0.5832997560501099,-0.0871117115020752,0.999918520450592,0.04399271681904793,-0.5691915154457092,0.024428822100162506,0.999474287033081,-0.05397908017039299,-0.6069314479827881,0.024134771898388863,0.99944007396698,-0.04207286611199379,-0.5811352729797363,0.02822839468717575,0.9990102052688599,-0.0862475112080574,-0.4363482594490051,-0.11225155740976334,0.9999111890792847,0.15872634947299957,-0.4983808100223541,0.19445618987083435,0.9987182021141052,-0.293139785528183,-0.35758620500564575,-0.14149150252342224,0.8426008820533752,0.1700219064950943,-0.34873417019844055,0.3364441394805908,0.5288597345352173,-0.4879651963710785,-0.3709107041358948,0.056021805852651596,0.8473144173622131,0.07935847342014313,-0.4048019349575043,0.5186693072319031,0.5478479266166687,-0.5429835915565491,-0.39657092094421387,0.08507969975471497,0.84714674949646,0.10944814234972,-0.44108524918556213,0.5340622663497925,0.5509054660797119,-0.5370398759841919,-0.39709436893463135,0.0972398892045021,0.8480510115623474,0.09322771430015564,-0.4784567058086395,0.5267552137374878,0.5533781051635742,-0.488321453332901,-0.3608637750148773,0.06818118691444397,0.8191841244697571,0.05943836271762848,-0.4364462196826935,0.512346088886261,0.544613778591156,-0.03821267560124397,0.008122715167701244,-0.060069844126701355,0.9999293684959412,0.04048841819167137,-0.013139431364834309,0.060522742569446564,0.9998028874397278,-0.036954618990421295,0.3844793438911438,-0.08268029242753983,0.85710608959198,-0.026739563792943954,0.2238737791776657,0.2064819484949112,0.5534414052963257,0.03847471997141838,0.7493830323219299,-0.10242323577404022,0.9097389578819275,-0.08290392905473709,0.5289519429206848,0.4030957520008087,0.439944326877594,0.014664648100733757,0.7942458987236023,-0.09956802427768707,0.8199567794799805,-0.093094602227211,0.5542521476745605,0.3835952579975128,0.4687151610851288,-0.045244503766298294,0.8253102898597717,-0.10684338212013245,0.8729620575904846,-0.10954483598470688,0.5667024850845337,0.4313183128833771,0.4697395861148834
182,6.066666666666666,-0.00683998316526413,-0.6645312905311584,0.07136023044586182,0.999718189239502,-0.03920350596308708,-0.6758391857147217,0.03794164955615997,0.9998239874839783,-0.038509201258420944,-0.6789810061454773,0.04987986385822296,0.9998119473457336,-0.03630048781633377,-0.6775321960449219,0.04803924635052681,0.9998803734779358,0.02824321761727333,-0.6866973042488098,0.020481612533330917,0.9997916221618652,0.028052350506186485,-0.6830098032951355,0.010638951323926449,0.9997471570968628,0.037471119314432144,-0.6716277003288269,0.031636834144592285,0.9997882843017578,-0.04585858806967735,-0.614900529384613,-0.06716600060462952,0.9999240636825562,0.0734030157327652,-0.5724799633026123,-0.01840629242360592,0.9995074272155762,-0.04450447857379913,-0.6308355331420898,0.056813228875398636,0.999464213848114,0.023287339136004448,-0.5976436138153076,0.026791933923959732,0.9990620017051697,-0.15325318276882172,-0.46443966031074524,-0.059104759246110916,0.9999191761016846,0.1819736659526825,-0.5063462853431702,0.06086878105998039,0.9988253712654114,-0.3239206373691559,-0.40251660346984863,0.016902608796954155,0.8569303154945374,0.2607133388519287,-0.34759485721588135,0.13132590055465698,0.5338470339775085,-0.38188421726226807,-0.41755348443984985,0.26744726300239563,0.846123218536377,0.1273772418498993,-0.3980552852153778,0.29181671142578125,0.5017803311347961,-0.407548189163208,-0.4385215640068054,0.3172725439071655,0.8385452032089233,0.13990415632724762,-0.42906975746154785,0.28898921608924866,0.5046492218971252,-0.3854227066040039,-0.4371287524700165,0.31397685408592224,0.8392424583435059,0.12080848217010498,-0.4696027934551239,0.2849041223526001,0.506790041923523,-0.3658693730831146,-0.40541768074035645,0.2707872986793518,0.8075878024101257,0.10311664640903473,-0.42569783329963684,0.2827806770801544,0.4983660578727722,-0.0711832046508789,0.008775873109698296,0.003975525498390198,0.9999306201934814,0.07293447107076645,-0.013659448362886906,-0.005322854965925217,0.9997990727424622,-0.04493382200598717,0.3889221251010895,0.017894964665174484,0.8664931654930115,0.20835478603839874,0.1616797000169754,0.12819573283195496,0.5816530585289001,0.04195711761713028,0.7495925426483154,-0.07272811233997345,0.9152383804321289,-0.038320668041706085,0.42785415053367615,0.14391322433948517,0.4757402539253235,0.0248706117272377,0.7908328771591187,-0.0713857039809227,0.8352405428886414,-0.06945487856864929,0.4467473328113556,0.11918485909700394,0.5041940212249756,-0.02119617909193039,0.8234788775444031,-0.056678738445043564,0.875295877456665,-0.09078577160835266,0.4841209352016449,0.2162891924381256,0.48323383927345276
183,6.1,0.05302552506327629,-0.6404386758804321,0.16635721921920776,0.9997125864028931,0.014907234348356724,-0.6508001089096069,0.14087478816509247,0.9997976422309875,0.015117865987122059,-0.6543705463409424,0.14977285265922546,0.9997935891151428,0.018240349367260933,-0.6532474756240845,0.14995640516281128,0.9998598694801331,0.074587881565094,-0.6614478826522827,0.11465068906545639,0.9997885227203369,0.07814629375934601,-0.6586318016052246,0.10533162951469421,0.9997541904449463,0.08394493907690048,-0.6464666724205017,0.12403933703899384,0.9997883439064026,-0.043376147747039795,-0.5880730748176575,0.052357323467731476,0.999919056892395,0.08698499202728271,-0.5266632437705994,0.018848400563001633,0.9995197057723999,0.018591871485114098,-0.6057792901992798,0.15885016322135925,0.9993727803230286,0.07477827370166779,-0.5649033784866333,0.11850488930940628,0.9990184307098389,-0.13836723566055298,-0.4216221570968628,0.08860594034194946,0.9999213218688965,0.17731274664402008,-0.48444217443466187,0.06253557652235031,0.9989272952079773,-0.21757154166698456,-0.3256993591785431,0.21167036890983582,0.8151749968528748,0.30446386337280273,-0.2906723618507385,0.13000409305095673,0.5571297407150269,-0.3674103319644928,-0.394043505191803,0.5199252367019653,0.7634939551353455,0.17870460450649261,-0.3631890118122101,0.3233613669872284,0.4546528160572052,-0.20252163708209991,-0.41231364011764526,0.576935350894928,0.7569575905799866,0.19706441462039948,-0.4110134243965149,0.335017591714859,0.4571498930454254,-0.14606577157974243,-0.4177485704421997,0.5721164345741272,0.7575933337211609,0.17143923044204712,-0.45148295164108276,0.337172269821167,0.4590654671192169,-0.20797403156757355,-0.38052502274513245,0.5278679132461548,0.7293119430541992,0.15407897531986237,-0.3989182412624359,0.3253878951072693,0.4514749348163605,-0.07104390859603882,0.013293875381350517,0.04497549682855606,0.9999350309371948,0.07316739857196808,-0.02049129828810692,-0.046390779316425323,0.9998128414154053,-0.041973862797021866,0.3946380019187927,0.05206410586833954,0.875633180141449,0.3046623766422272,0.13919277489185333,0.011042749509215355,0.6127162575721741,0.05611977353692055,0.7522106170654297,-0.05655418708920479,0.9216368794441223,0.10869378596544266,0.3927919268608093,0.05831310525536537,0.5077780485153198,0.03970935940742493,0.7925147414207458,-0.05147950351238251,0.8505293726921082,0.08073737472295761,0.41129931807518005,0.03474310413002968,0.5349391102790833,0.05635705962777138,0.8257231712341309,0.01786588691174984,0.8788162469863892,0.11565647274255753,0.47543296217918396,0.14007647335529327,0.4867684841156006
184,6.133333333333333,0.1602194756269455,-0.6089822053909302,0.03582078218460083,0.9997401237487793,0.12729652225971222,-0.6302891969680786,0.02441125549376011,0.9998165965080261,0.12892837822437286,-0.634893000125885,0.03506890684366226,0.9998128414154053,0.12934768199920654,-0.6331962943077087,0.03346909210085869,0.999872624874115,0.15243002772331238,-0.6376439929008484,0.005204866174608469,0.9998090267181396,0.15356343984603882,-0.6331472396850586,-0.005591901950538158,0.9997782707214355,0.158699169754982,-0.6220388412475586,0.013971728272736073,0.9998089075088501,0.01630689948797226,-0.5880911350250244,0.0327647440135479,0.9999263286590576,0.07649634778499603,-0.5241737365722656,-0.023744624108076096,0.9995660185813904,0.13641522824764252,-0.5880635380744934,0.05055348575115204,0.9994248151779175,0.14616964757442474,-0.543955385684967,0.016881298273801804,0.9991066455841064,-0.09240340441465378,-0.4175257980823517,0.16355790197849274,0.9999100565910339,0.14375410974025726,-0.47954055666923523,-0.012849458493292332,0.9990124106407166,0.023412350565195084,-0.3166901469230652,0.2783993184566498,0.7411362528800964,0.28866273164749146,-0.29159125685691833,-0.01809210330247879,0.5992193222045898,0.11165421456098557,-0.39264196157455444,0.5022240877151489,0.6891741752624512,0.2219177782535553,-0.36296573281288147,0.20417527854442596,0.44321170449256897,0.14366282522678375,-0.39888107776641846,0.5430615544319153,0.6842508316040039,0.24633273482322693,-0.3981424570083618,0.19366668164730072,0.44289666414260864,0.14424310624599457,-0.4151366055011749,0.5440874099731445,0.685059666633606,0.23658759891986847,-0.43133974075317383,0.2058001458644867,0.44268137216567993,0.137502983212471,-0.3757854402065277,0.5040569305419922,0.6605206727981567,0.206760972738266,-0.38687655329704285,0.21093352138996124,0.43208247423171997,-0.052443552762269974,0.013419443741440773,0.08709782361984253,0.9999407529830933,0.054898619651794434,-0.020631985738873482,-0.08724822849035263,0.9998301863670349,0.018345102667808533,0.40685373544692993,0.025943418964743614,0.8877913355827332,0.2993721663951874,0.1563868373632431,-0.057858385145664215,0.6512752771377563,0.04925421252846718,0.7670379877090454,-0.06947825103998184,0.9293608069419861,0.21261321008205414,0.5007332563400269,0.02351219207048416,0.5567073225975037,0.03165480121970177,0.8083232045173645,-0.06909975409507751,0.8652821183204651,0.20577138662338257,0.5342878699302673,0.00017296007717959583,0.58013916015625,0.07842621952295303,0.8269056677818298,-0.02256440930068493,0.8906561136245728,0.3126189708709717,0.5795096158981323,0.04315822944045067,0.5369489789009094
185,6.166666666666667,0.13498850166797638,-0.5985772013664246,-0.0026078051887452602,0.9997643232345581,0.11534430831670761,-0.6216968894004822,-0.007340898271650076,0.9998340606689453,0.11742690205574036,-0.6246871948242188,0.003743562614545226,0.9998303651809692,0.11779629439115524,-0.6238492727279663,0.001950797624886036,0.9998842477798462,0.1267818659543991,-0.6288948655128479,-0.02989494986832142,0.9998276233673096,0.12808381021022797,-0.6245329976081848,-0.040850210934877396,0.999799907207489,0.13219128549098969,-0.6129465103149414,-0.02094406634569168,0.9998275637626648,0.042135532945394516,-0.5881261825561523,0.04217582568526268,0.9999326467514038,0.0535595677793026,-0.5259944200515747,-0.033312324434518814,0.999608039855957,0.12875951826572418,-0.5824912190437317,0.02413969859480858,0.9994598031044006,0.12182817608118057,-0.5392768383026123,-0.015569875948131084,0.9991748332977295,-0.05648511275649071,-0.41916435956954956,0.2047729790210724,0.9997900128364563,0.13662850856781006,-0.4804464280605316,0.010756099596619606,0.999042809009552,0.016614802181720734,-0.3111186921596527,0.30758580565452576,0.6691537499427795,0.3019598424434662,-0.3072049617767334,0.01323195081204176,0.6194511651992798,0.07575292885303497,-0.24586454033851624,0.47594279050827026,0.6208296418190002,0.32207822799682617,-0.3477170169353485,0.20220674574375153,0.42908716201782227,0.07575143128633499,-0.2525938153266907,0.515882670879364,0.6168286204338074,0.3609934151172638,-0.38623279333114624,0.18483859300613403,0.4259676933288574,0.07544036954641342,-0.2385530173778534,0.5139470100402832,0.6175427436828613,0.3559265732765198,-0.39990031719207764,0.19358524680137634,0.42206016182899475,0.0882667675614357,-0.222547709941864,0.479830801486969,0.5956389307975769,0.31106966733932495,-0.36482566595077515,0.2021263837814331,0.40783753991127014,-0.04977784305810928,0.013744455762207508,0.09087532758712769,0.9999451637268066,0.05216122418642044,-0.02078496851027012,-0.09075138717889786,0.999845564365387,0.059978634119033813,0.40470218658447266,0.06445376574993134,0.898435652256012,0.29968756437301636,0.17385616898536682,-0.056519102305173874,0.6859323978424072,0.01167397852987051,0.7533694505691528,0.05258135125041008,0.9360352754592896,0.46276208758354187,0.4922513961791992,0.05408642441034317,0.600702702999115,-0.01466609351336956,0.7934102416038513,0.06266190856695175,0.8782201409339905,0.48432883620262146,0.5205793380737305,0.03169596940279007,0.6214956045150757,0.05342862010002136,0.8077871203422546,0.0895637720823288,0.89989173412323,0.6118850708007812,0.5167108178138733,0.051725514233112335,0.5807806849479675
186,6.2,0.12607476115226746,-0.5855218768119812,-0.045846063643693924,0.9997878074645996,0.11350461840629578,-0.6097129583358765,-0.025069063529372215,0.9998506307601929,0.11570415645837784,-0.6119718551635742,-0.013463794253766537,0.9998472929000854,0.11572940647602081,-0.6113108396530151,-0.014423076063394547,0.9998957514762878,0.11741428077220917,-0.6183834075927734,-0.06754378229379654,0.9998448491096497,0.11827997118234634,-0.6140521168708801,-0.0780855193734169,0.9998198747634888,0.12182778120040894,-0.6017632484436035,-0.05701163783669472,0.9998447895050049,0.07396913319826126,-0.5869722366333008,0.022472022101283073,0.9999393224716187,0.034725118428468704,-0.526005208492279,-0.03585134074091911,0.9996470808982849,0.12962046265602112,-0.5710356831550598,0.017320604994893074,0.9995123147964478,0.11089558899402618,-0.5299821496009827,-0.040430307388305664,0.9992554187774658,-0.030956296250224113,-0.4217981696128845,0.2014106810092926,0.999779462814331,0.13031619787216187,-0.48060891032218933,0.01753215491771698,0.9990691542625427,0.13450054824352264,-0.32892751693725586,0.32620471715927124,0.6111716032028198,0.29095152020454407,-0.31021350622177124,0.009020062163472176,0.6137085556983948,0.28568586707115173,-0.2794567942619324,0.5130610466003418,0.5725321173667908,0.34882697463035583,-0.31570833921432495,0.1492474526166916,0.40888312458992004,0.3017423748970032,-0.32114070653915405,0.5529428124427795,0.5736498236656189,0.3957574963569641,-0.34805724024772644,0.12868563830852509,0.40807920694351196,0.30275899171829224,-0.30405616760253906,0.5435846447944641,0.5746498107910156,0.39615416526794434,-0.3656294643878937,0.14545683562755585,0.40167924761772156,0.3015184998512268,-0.2587145268917084,0.5127993822097778,0.5556513071060181,0.34256672859191895,-0.3310376703739166,0.1526871919631958,0.3855349123477936,-0.04451565444469452,0.01397316250950098,0.0894128829240799,0.9999489188194275,0.04693795368075371,-0.020754020661115646,-0.0890233963727951,0.9998577237129211,0.07111901044845581,0.39115458726882935,0.042533837258815765,0.9079506397247314,0.29403457045555115,0.1686723679304123,-0.051523927599191666,0.716725766658783,-0.0021132645197212696,0.7357062697410583,0.036576978862285614,0.9418908953666687,0.47048693895339966,0.4881216287612915,0.0803266242146492,0.6399122476577759,-0.03358381241559982,0.7742482423782349,0.04609375447034836,0.8897351622581482,0.49257612228393555,0.517184317111969,0.05851681903004646,0.6583619117736816,0.04462391138076782,0.8077040910720825,0.06389667093753815,0.9085313677787781,0.6153101921081543,0.5080579519271851,0.08284005522727966,0.6198357939720154
187,6.233333333333333,0.11194801330566406,-0.589180052280426,-0.17890319228172302,0.9998079538345337,0.1075492650270462,-0.6108333468437195,-0.16211241483688354,0.9998648762702942,0.11018173396587372,-0.6128369569778442,-0.14966078102588654,0.9998612403869629,0.10945109277963638,-0.6118745803833008,-0.15313853323459625,0.9999052882194519,0.10276847332715988,-0.6197063326835632,-0.19165107607841492,0.9998599290847778,0.10376925021409988,-0.6156450510025024,-0.20402643084526062,0.9998373985290527,0.10757192969322205,-0.602260947227478,-0.18188509345054626,0.9998599290847778,0.10206487774848938,-0.609611451625824,-0.004220757633447647,0.999943733215332,0.002195158740505576,-0.5404749512672424,-0.09828460961580276,0.9996799230575562,0.1262647658586502,-0.5783728957176208,-0.11563689261674881,0.9995428323745728,0.0987774208188057,-0.5340999364852905,-0.16289043426513672,0.9993119835853577,0.06334909796714783,-0.46783316135406494,0.1736874282360077,0.9996218681335449,0.11657549440860748,-0.49755752086639404,-0.04817788302898407,0.9990652203559875,0.22989819943904877,-0.36938634514808655,0.27760693430900574,0.5633496046066284,0.2827681005001068,-0.3110947906970978,-0.13842514157295227,0.6483067870140076,0.40129953622817993,-0.2908783257007599,0.3682801425457001,0.5367534160614014,0.4286682903766632,-0.2856667935848236,-0.15670731663703918,0.4631078541278839,0.4210169017314911,-0.31436091661453247,0.39704567193984985,0.5445719361305237,0.48161473870277405,-0.29637548327445984,-0.2111852467060089,0.4605570137500763,0.42648980021476746,-0.3044290840625763,0.388832151889801,0.546113908290863,0.5050147175788879,-0.3311317563056946,-0.2015257626771927,0.45404669642448425,0.41870826482772827,-0.2695707380771637,0.3664962947368622,0.5294950008392334,0.4399048984050751,-0.29717642068862915,-0.15757060050964355,0.43478628993034363,-0.03556447848677635,0.01381163764744997,0.10577605664730072,0.9999523758888245,0.0377783365547657,-0.0200766921043396,-0.10339627414941788,0.9998700618743896,0.10077809542417526,0.40330177545547485,0.08153392374515533,0.9148010611534119,0.28407418727874756,0.16478951275348663,-0.13372188806533813,0.7448378205299377,-0.000860736588947475,0.7393017411231995,0.16791768372058868,0.9465856552124023,0.5381184816360474,0.44429680705070496,-0.07668397575616837,0.6756523251533508,-0.03269277513027191,0.7785004377365112,0.18791721761226654,0.8998579382896423,0.5733994245529175,0.46439358592033386,-0.10818692296743393,0.6921274662017822,0.056289538741111755,0.8084619641304016,0.19449955224990845,0.915215790271759,0.6870735883712769,0.3860560953617096,-0.13147103786468506,0.6570950150489807
188,6.266666666666667,0.11314082890748978,-0.5892027616500854,-0.22740469872951508,0.9998268485069275,0.11149325966835022,-0.6119855046272278,-0.2111358642578125,0.9998781085014343,0.1132659986615181,-0.613250195980072,-0.19904282689094543,0.9998747110366821,0.11241068691015244,-0.6124910116195679,-0.2023458480834961,0.9999144077301025,0.09836705774068832,-0.6200876832008362,-0.23629426956176758,0.9998737573623657,0.09895003587007523,-0.6166467070579529,-0.24748782813549042,0.9998534917831421,0.10251212120056152,-0.6035749912261963,-0.22621415555477142,0.9998738169670105,0.11861898005008698,-0.6111094355583191,-0.05280876159667969,0.9999488592147827,-0.008804451674222946,-0.5410987734794617,-0.1355694681406021,0.9997113943099976,0.13368496298789978,-0.5785121917724609,-0.167893186211586,0.9995840787887573,0.09607277065515518,-0.536003053188324,-0.20987294614315033,0.9993764162063599,0.11067992448806763,-0.4659518301486969,0.16351276636123657,0.9995331764221191,0.10449573397636414,-0.4972168207168579,-0.08638881146907806,0.9990980625152588,0.3102932572364807,-0.37729260325431824,0.2661793529987335,0.5356229543685913,0.29661694169044495,-0.31176796555519104,-0.14720913767814636,0.6828901767730713,0.5385857224464417,-0.2779008448123932,0.33345964550971985,0.5408288240432739,0.4896755516529083,-0.2620088458061218,-0.14735937118530273,0.5163940191268921,0.5752034783363342,-0.3015596270561218,0.3604929745197296,0.5550643801689148,0.551672101020813,-0.27352696657180786,-0.20376059412956238,0.5138299465179443,0.5833450555801392,-0.28472739458084106,0.3446466028690338,0.5575306415557861,0.5849228501319885,-0.3103233873844147,-0.1892913579940796,0.5078858137130737,0.5605181455612183,-0.25166967511177063,0.3276609182357788,0.5428174138069153,0.5079975724220276,-0.27203500270843506,-0.14702703058719635,0.4899134039878845,-0.017808035016059875,0.013972364366054535,0.11102419346570969,0.9999541640281677,0.020120244473218918,-0.020160283893346786,-0.10812564939260483,0.9998794198036194,0.13331086933612823,0.4048907458782196,0.09527832269668579,0.922809898853302,0.23461119830608368,0.1571234166622162,-0.10589437931776047,0.7702455520629883,-0.0004413324932102114,0.7422182559967041,0.18179388344287872,0.9516949653625488,0.5092991590499878,0.3671968877315521,-0.001058783964253962,0.7078814506530762,-0.029310574755072594,0.780570924282074,0.20161762833595276,0.9096381068229675,0.5495780110359192,0.38055047392845154,-0.03458273410797119,0.7226912975311279,0.06806746125221252,0.8116160035133362,0.19969987869262695,0.9232181310653687,0.6566699147224426,0.28183460235595703,-0.005911102518439293,0.6908524632453918
189,6.3,0.10707949846982956,-0.5907991528511047,-0.23767127096652985,0.9998382329940796,0.1048368588089943,-0.6130443811416626,-0.22343763709068298,0.9998828768730164,0.10541579127311707,-0.6140462160110474,-0.2120186686515808,0.9998751282691956,0.1052168682217598,-0.6135409474372864,-0.2152509093284607,0.9999116659164429,0.0784548670053482,-0.6208739280700684,-0.24496571719646454,0.9998831152915955,0.07841295748949051,-0.6177000403404236,-0.2562202513217926,0.9998657703399658,0.08265193551778793,-0.6050790548324585,-0.23493431508541107,0.9998844265937805,0.10905551165342331,-0.6122188568115234,-0.07862941920757294,0.999923050403595,-0.03760382905602455,-0.5432847142219543,-0.1428503543138504,0.9997331500053406,0.12226272374391556,-0.5802472829818726,-0.1797909289598465,0.9995054602622986,0.08835387229919434,-0.5368263721466064,-0.2202838510274887,0.9993607997894287,0.11574194580316544,-0.4678758978843689,0.13606928288936615,0.9994686841964722,0.07251494377851486,-0.5014709234237671,-0.09075365960597992,0.9991790652275085,0.26784294843673706,-0.33463433384895325,0.22790859639644623,0.4828537404537201,0.2746739089488983,-0.32339656352996826,-0.15017376840114594,0.7133890390396118,0.19726571440696716,-0.153915137052536,0.31194007396698,0.4875621199607849,0.47933685779571533,-0.26947858929634094,-0.1530635803937912,0.5643898248672485,0.16680008172988892,-0.15087753534317017,0.3333089053630829,0.5014814138412476,0.5391033291816711,-0.28187820315361023,-0.22570693492889404,0.5618559122085571,0.1718854010105133,-0.139022558927536,0.3076847493648529,0.5037581920623779,0.5743036270141602,-0.32032424211502075,-0.2016252726316452,0.5565066933631897,0.20156395435333252,-0.1262747347354889,0.3080790340900421,0.490327924489975,0.4962431490421295,-0.28332850337028503,-0.15099431574344635,0.5394989848136902,0.015885883942246437,0.015418785624206066,0.10644495487213135,0.9999541640281677,-0.01262522954493761,-0.021935222670435905,-0.10355919599533081,0.9998892545700073,0.1107645034790039,0.4041871726512909,0.09734416753053665,0.8949441313743591,0.14711995422840118,0.07071046531200409,-0.37387046217918396,0.7919648289680481,-0.024588610976934433,0.7439547777175903,0.19736281037330627,0.9528014063835144,0.2514241337776184,0.19620366394519806,-0.20381587743759155,0.7253809571266174,-0.05703387409448624,0.7820483446121216,0.2176801711320877,0.9163210988044739,0.2738812565803528,0.20168723165988922,-0.21607163548469543,0.7449330687522888,0.05825842544436455,0.8081181645393372,0.21861301362514496,0.9271815419197083,0.47060728073120117,0.17190800607204437,-0.20823611319065094,0.7149062752723694
190,6.333333333333333,0.07586180418729782,-0.5897102952003479,-0.31484654545783997,0.999854326248169,0.08410289138555527,-0.6122699975967407,-0.2969319224357605,0.9998944401741028,0.08519952744245529,-0.6129389405250549,-0.28678232431411743,0.9998874068260193,0.08291526883840561,-0.612730860710144,-0.2905570864677429,0.9999203681945801,0.046868667006492615,-0.6189556121826172,-0.3136589527130127,0.9998947381973267,0.04748568311333656,-0.6164736747741699,-0.32527437806129456,0.9998790621757507,0.05085381865501404,-0.6038865447044373,-0.30364376306533813,0.9998958706855774,0.11136866360902786,-0.6142922639846802,-0.14961498975753784,0.9999304413795471,-0.05668771266937256,-0.5443720817565918,-0.18330928683280945,0.9997590184211731,0.12018190324306488,-0.5805083513259888,-0.25468093156814575,0.9995532631874084,0.05991266295313835,-0.5380882024765015,-0.2871676981449127,0.9994217753410339,0.17048105597496033,-0.46969839930534363,0.08869524300098419,0.9995163083076477,0.02529466524720192,-0.5020190477371216,-0.12827344238758087,0.9992081522941589,0.36581653356552124,-0.3324156701564789,0.17508465051651,0.4927966892719269,0.21527546644210815,-0.32173264026641846,-0.21859072148799896,0.7399519085884094,0.5837673544883728,-0.2013818472623825,0.18752877414226532,0.5321945548057556,0.3982198238372803,-0.2727709710597992,-0.2520400583744049,0.6058143377304077,0.622703492641449,-0.19923244416713715,0.20841890573501587,0.5453898906707764,0.4573562443256378,-0.2887200713157654,-0.3117266595363617,0.6018373370170593,0.6246427893638611,-0.1860387921333313,0.1742967814207077,0.5482869148254395,0.5054953694343567,-0.327398419380188,-0.3017427325248718,0.5970402359962463,0.5992152690887451,-0.17321501672267914,0.173309326171875,0.5354779362678528,0.4199153184890747,-0.2890113890171051,-0.2512188255786896,0.578364372253418,0.03405136987566948,0.015521254390478134,0.09929767996072769,0.9999467134475708,-0.030502332374453545,-0.021682417020201683,-0.09677693992853165,0.9998515248298645,0.08378400653600693,0.39865636825561523,0.08691348135471344,0.8661825060844421,0.07026851922273636,0.1080322265625,-0.2256011962890625,0.7966691851615906,-0.02649211697280407,0.7453216910362244,0.1527070552110672,0.950295627117157,-0.05774920806288719,0.13425420224666595,0.042190901935100555,0.6697300672531128,-0.05827609822154045,0.7830842137336731,0.16867654025554657,0.9167150259017944,-0.06861069798469543,0.12319539487361908,0.05130193755030632,0.6961356401443481,0.054981984198093414,0.7940714955329895,0.17506735026836395,0.9242209792137146,-0.05463970825076103,0.12085403501987457,0.15422563254833221,0.6685793399810791
191,6.366666666666666,0.06030233949422836,-0.6132268309593201,-0.2976205348968506,0.9998688697814941,0.07127071171998978,-0.6339640617370605,-0.28098952770233154,0.999904990196228,0.0707278698682785,-0.635205090045929,-0.2699471712112427,0.9998986124992371,0.06862812489271164,-0.6351295709609985,-0.2740539610385895,0.9999282956123352,0.03412904590368271,-0.6408419013023376,-0.2957409918308258,0.9999052286148071,0.03514641895890236,-0.6400608420372009,-0.30797886848449707,0.9998911619186401,0.037635285407304764,-0.6265546083450317,-0.2864701449871063,0.9999062418937683,0.11076665669679642,-0.639940083026886,-0.14598220586776733,0.9999373555183411,-0.05739065632224083,-0.569633960723877,-0.1732758730649948,0.9997830390930176,0.11644875258207321,-0.6064247488975525,-0.2414705604314804,0.9995978474617004,0.04835343360900879,-0.5654022097587585,-0.27395132184028625,0.999479353427887,0.1887858659029007,-0.4816977083683014,0.06984692811965942,0.9995638132095337,-0.014327091164886951,-0.5221453905105591,-0.11695029586553574,0.9992732405662537,0.37591326236724854,-0.34710490703582764,0.16343632340431213,0.5365434885025024,0.047530774027109146,-0.3225358724594116,-0.3090660572052002,0.7654945850372314,0.5993238091468811,-0.23758500814437866,0.19442489743232727,0.5786942839622498,0.21561717987060547,-0.27357643842697144,-0.4943409264087677,0.6449181437492371,0.6285164952278137,-0.22326768934726715,0.2180141657590866,0.5905492901802063,0.2621281147003174,-0.2681122124195099,-0.5696796774864197,0.6410822868347168,0.6302604079246521,-0.21593034267425537,0.17948657274246216,0.5932214260101318,0.33946093916893005,-0.3054828941822052,-0.5611873269081116,0.6367688775062561,0.6133722066879272,-0.20589083433151245,0.17829476296901703,0.5816236734390259,0.24737796187400818,-0.2828596532344818,-0.4976844787597656,0.6192614436149597,0.04641903191804886,0.016233883798122406,0.0975726768374443,0.9999452829360962,-0.04414801672101021,-0.02179519645869732,-0.09469418972730637,0.99983149766922,0.0503833144903183,0.3957981765270233,0.08397015929222107,0.8777837157249451,-0.12851060926914215,0.12339619547128677,-0.0679778978228569,0.8101788759231567,-0.048496540635824203,0.7592097520828247,0.12959754467010498,0.9548990726470947,-0.24339108169078827,0.0636516883969307,0.2554871439933777,0.6551786065101624,-0.08264587819576263,0.7971425652503967,0.14274881780147552,0.9240272045135498,-0.2527691423892975,0.043473392724990845,0.2514110505580902,0.6799722909927368,0.011606154032051563,0.8027342557907104,0.11008579283952713,0.9311375021934509,-0.273478627204895,0.02456785924732685,0.33159536123275757,0.6632573008537292
192,6.4,0.03811139240860939,-0.6129998564720154,-0.3091086745262146,0.9998819828033447,0.046683333814144135,-0.6337162852287292,-0.2918440103530884,0.9999144673347473,0.04710809141397476,-0.6348145604133606,-0.2810879945755005,0.9999087452888489,0.045203253626823425,-0.6347652077674866,-0.28492221236228943,0.9999354481697083,0.013013976626098156,-0.640257716178894,-0.3058353066444397,0.9999147057533264,0.014006977900862694,-0.6393950581550598,-0.3174075782299042,0.9999020099639893,0.017031196504831314,-0.6259495615959167,-0.2963961362838745,0.999915599822998,0.10747639089822769,-0.6408165097236633,-0.15352530777454376,0.9999436140060425,-0.07623099535703659,-0.5689280033111572,-0.175322026014328,0.999804675579071,0.0956045538187027,-0.606671154499054,-0.2504500448703766,0.9996379613876343,0.030915874987840652,-0.5656092762947083,-0.28084707260131836,0.9995312690734863,0.17856982350349426,-0.48837408423423767,0.06353531032800674,0.9996066689491272,-0.025536468252539635,-0.5240687727928162,-0.10557879507541656,0.9993305802345276,0.36506906151771545,-0.354594886302948,0.1597471386194229,0.5719662308692932,0.04004954919219017,-0.32436686754226685,-0.24240753054618835,0.7874773144721985,0.5772300362586975,-0.2453194260597229,0.19017109274864197,0.62032151222229,0.16842949390411377,-0.27296024560928345,-0.36439621448516846,0.6793180108070374,0.6084080934524536,-0.24299123883247375,0.21164953708648682,0.6309326887130737,0.2096760869026184,-0.26192834973335266,-0.4280376434326172,0.6751997470855713,0.6072651743888855,-0.235930934548378,0.17416757345199585,0.6334478855133057,0.27159208059310913,-0.300862580537796,-0.4255351424217224,0.6713895797729492,0.5908226370811462,-0.21806153655052185,0.17390260100364685,0.6228610277175903,0.19316202402114868,-0.2809021770954132,-0.368833065032959,0.6540209054946899,0.04723188653588295,0.01682097837328911,0.09335099905729294,0.9999356865882874,-0.04454841837286949,-0.021864954382181168,-0.09109480679035187,0.9997692108154297,0.050197407603263855,0.3959985077381134,0.060337815433740616,0.8846906423568726,-0.0525217242538929,0.12194766849279404,-0.07181292772293091,0.8105963468551636,-0.047388721257448196,0.7584041357040405,0.0732356384396553,0.9582940340042114,-0.1797093003988266,0.09194391220808029,0.2513663172721863,0.6086851954460144,-0.08089213073253632,0.7952362895011902,0.0838519036769867,0.9293615818023682,-0.19013138115406036,0.08045969903469086,0.24849310517311096,0.6379290223121643,0.008265777491033077,0.795133113861084,0.06262458860874176,0.9363960027694702,-0.18435287475585938,0.07233989238739014,0.3330761790275574,0.6272599697113037
193,6.433333333333334,0.03603268414735794,-0.6141595840454102,-0.27155110239982605,0.9998937845230103,0.044243160635232925,-0.6339718103408813,-0.25704556703567505,0.9999229907989502,0.04511895030736923,-0.6349175572395325,-0.24622566998004913,0.9999178051948547,0.04343796148896217,-0.6348859667778015,-0.24962776899337769,0.999941885471344,0.014538013376295567,-0.640374481678009,-0.2732706069946289,0.9999232292175293,0.015723135322332382,-0.6397022604942322,-0.28477561473846436,0.9999117851257324,0.019090767949819565,-0.6262208223342896,-0.2638709843158722,0.9999240040779114,0.10588531941175461,-0.6372365951538086,-0.13774606585502625,0.9999492168426514,-0.07446431368589401,-0.568230152130127,-0.16282902657985687,0.9998239874839783,0.08717670291662216,-0.6070346236228943,-0.21785463392734528,0.9996739625930786,0.028210101649165154,-0.5668079257011414,-0.25003761053085327,0.9995777010917664,0.17184767127037048,-0.4841915965080261,0.08642992377281189,0.99964439868927,-0.027487190440297127,-0.5229803323745728,-0.09105861186981201,0.9993754029273987,0.36723950505256653,-0.351388156414032,0.1492365598678589,0.5908355712890625,0.06330927461385727,-0.32567811012268066,-0.2200668901205063,0.8004388213157654,0.5822252035140991,-0.2499641478061676,0.11107683926820755,0.6562883853912354,0.18428081274032593,-0.2756888270378113,-0.34014999866485596,0.70676189661026,0.617692232131958,-0.24631205201148987,0.11807206273078918,0.666042685508728,0.22476357221603394,-0.2641048729419708,-0.40290841460227966,0.7018673419952393,0.6119385957717896,-0.23981961607933044,0.08239806443452835,0.6686425805091858,0.27833235263824463,-0.30319327116012573,-0.40529122948646545,0.6987480521202087,0.5941862463951111,-0.22398169338703156,0.09282920509576797,0.6586911082267761,0.20529134571552277,-0.2835864722728729,-0.34556514024734497,0.6787613034248352,0.045095045119524,0.016868166625499725,0.09148453176021576,0.9999293088912964,-0.041997332125902176,-0.0218057818710804,-0.08875835686922073,0.99972003698349,0.039924073964357376,0.3962707817554474,0.058401353657245636,0.8817504644393921,0.08818279206752777,0.11775198578834534,-0.13065943121910095,0.7853159308433533,-0.0590377077460289,0.7578819394111633,0.07291561365127563,0.958716094493866,-0.08921853452920914,0.08583880960941315,0.22292320430278778,0.5514694452285767,-0.09112518280744553,0.7950595617294312,0.08403944969177246,0.9310071468353271,-0.07725228369235992,0.074150450527668,0.22398625314235687,0.5820862650871277,0.009219747968018055,0.7916487455368042,0.06815963238477707,0.9373496174812317,-0.0649031400680542,0.046406302601099014,0.3090956211090088,0.5713553428649902
194,6.466666666666667,0.02161789871752262,-0.6171252727508545,-0.287435382604599,0.9999041557312012,0.03773118183016777,-0.6359482407569885,-0.27401942014694214,0.9999299049377441,0.037954580038785934,-0.6367939710617065,-0.263820618391037,0.9999250173568726,0.03671129792928696,-0.6369214653968811,-0.2675696611404419,0.9999468326568604,0.00798024795949459,-0.6429962515830994,-0.28303930163383484,0.9999303817749023,0.009876073338091373,-0.6424189209938049,-0.29419267177581787,0.9999201893806458,0.012413284741342068,-0.6296033263206482,-0.2735496461391449,0.9999309778213501,0.11205843836069107,-0.6360953450202942,-0.16469377279281616,0.9999539256095886,-0.06436831504106522,-0.5679069757461548,-0.15574541687965393,0.9998399019241333,0.07611288875341415,-0.6065866351127625,-0.23815776407718658,0.9997060298919678,0.02232326939702034,-0.567788302898407,-0.2606469988822937,0.9996188282966614,0.2188810110092163,-0.48306116461753845,-0.025567829608917236,0.9996793866157532,-0.06379387527704239,-0.5168516039848328,-0.0178071279078722,0.9994308352470398,0.3836866617202759,-0.38581374287605286,0.01038010697811842,0.631286084651947,-0.1804381012916565,-0.31907206773757935,-0.1913699060678482,0.8183398842811584,0.553269624710083,-0.29326939582824707,0.0355507917702198,0.6904794573783875,-0.21514691412448883,-0.2903181314468384,-0.45722129940986633,0.7355183959007263,0.5813744068145752,-0.2718542814254761,0.04651501402258873,0.699104368686676,-0.20498397946357727,-0.2770027220249176,-0.5361819267272949,0.7310758233070374,0.5814600586891174,-0.2670375108718872,0.008320404216647148,0.7015087604522705,-0.14621736109256744,-0.3238121569156647,-0.5501514673233032,0.7283309698104858,0.564887285232544,-0.2654597759246826,0.0176247488707304,0.6924801468849182,-0.19784817099571228,-0.3001643717288971,-0.475759893655777,0.7100058197975159,0.07032217085361481,0.025886908173561096,0.027986351400613785,0.9999337196350098,-0.06835076212882996,-0.031124204397201538,-0.023351378738880157,0.9997408390045166,0.0007191756158135831,0.4280541241168976,-0.06890707463026047,0.8933103084564209,-0.32345080375671387,-0.01606837473809719,-0.10917167365550995,0.8052791357040405,-0.06349849700927734,0.8184927701950073,-0.02975568175315857,0.9627118110656738,-0.7103772759437561,0.1132308766245842,0.07690784335136414,0.5952969789505005,-0.09188394248485565,0.8565231561660767,-0.020035890862345695,0.9367173910140991,-0.7475075721740723,0.11546630412340164,0.04659083113074303,0.6190525889396667,-0.020560134202241898,0.878099262714386,-0.09696660190820694,0.9433912634849548,-0.7962298393249512,0.06483303755521774,-0.00447270181030035,0.6132140159606934
195,6.5,0.023213805630803108,-0.6167530417442322,-0.27894458174705505,0.9999130964279175,0.0391712561249733,-0.6357240676879883,-0.26705917716026306,0.999934732913971,0.039849016815423965,-0.6366609334945679,-0.2576676607131958,0.9999300241470337,0.03867752477526665,-0.6367252469062805,-0.2605642080307007,0.9999501705169678,0.012920518405735493,-0.6423953771591187,-0.2759915292263031,0.9999358654022217,0.014523427002131939,-0.6421791911125183,-0.28621333837509155,0.9999268651008606,0.01745382510125637,-0.6290481686592102,-0.2661798894405365,0.9999361038208008,0.12538257241249084,-0.6287450790405273,-0.166587233543396,0.9999573230743408,-0.0518021360039711,-0.5667043924331665,-0.1505458503961563,0.999850869178772,0.0764099657535553,-0.6057921051979065,-0.23120062053203583,0.999734103679657,0.025905704125761986,-0.5672549605369568,-0.2511220872402191,0.9996541738510132,0.22478489577770233,-0.4753861129283905,-0.0499584935605526,0.9997108578681946,-0.05450522154569626,-0.5158665776252747,0.056979723274707794,0.9994745850563049,0.379944384098053,-0.3968389332294464,-0.041146159172058105,0.6677370071411133,-0.20057660341262817,-0.3358927071094513,0.027559800073504448,0.8275167346000671,0.5271503329277039,-0.30997326970100403,-0.035990722477436066,0.721261203289032,-0.38850879669189453,-0.3133047819137573,-0.1605491191148758,0.7593308687210083,0.556673526763916,-0.29169830679893494,-0.032686807215213776,0.7288061380386353,-0.41025224328041077,-0.3057366609573364,-0.20045916736125946,0.7545608878135681,0.5505661368370056,-0.28843051195144653,-0.0626358911395073,0.7310326099395752,-0.39040353894233704,-0.34206902980804443,-0.24889987707138062,0.7525574564933777,0.534760594367981,-0.28467226028442383,-0.05224328488111496,0.722793698310852,-0.3928811848163605,-0.3220854699611664,-0.1907377541065216,0.7357295751571655,0.077212393283844,0.03409085050225258,-0.00029653028468601406,0.9999371767044067,-0.0745573416352272,-0.03871260955929756,0.003961911424994469,0.9997591972351074,0.0036968651693314314,0.46324196457862854,-0.09740446507930756,0.9036584496498108,-0.3790029287338257,-0.04350680485367775,-0.08568737655878067,0.8236134648323059,-0.05845016986131668,0.8396167159080505,-0.009791763499379158,0.9660882949829102,-0.7570210695266724,0.14451660215854645,0.0798974558711052,0.6346145272254944,-0.08646411448717117,0.8753919005393982,0.0027498463168740273,0.9398325085639954,-0.7983496189117432,0.1444820910692215,0.05376265570521355,0.6524957418441772,-0.038861166685819626,0.9064414501190186,-0.060705143958330154,0.9484413862228394,-0.8695084452629089,0.10764999687671661,0.01640637405216694,0.6506574749946594
196,6.533333333333333,0.024395884945988655,-0.6183969974517822,-0.29123562574386597,0.9999211430549622,0.04025161638855934,-0.6353616714477539,-0.2793983817100525,0.9999391436576843,0.04110422357916832,-0.6362371444702148,-0.2718387842178345,0.9999346733093262,0.03993337228894234,-0.6363097429275513,-0.2729042172431946,0.9999532699584961,0.016113165766000748,-0.6421002149581909,-0.28906944394111633,0.999940812587738,0.017644107341766357,-0.6417105793952942,-0.2982806861400604,0.9999328255653381,0.02069939486682415,-0.6287435293197632,-0.2794142961502075,0.9999409317970276,0.1274985820055008,-0.6169724464416504,-0.1937347799539566,0.99996018409729,-0.03838519752025604,-0.5662700533866882,-0.15765836834907532,0.9998618960380554,0.0762464702129364,-0.6047768592834473,-0.2460898607969284,0.9997595548629761,0.028107549995183945,-0.566872239112854,-0.2637816071510315,0.9996866583824158,0.22720740735530853,-0.4623869061470032,-0.08563650399446487,0.9997389316558838,-0.04848768562078476,-0.5152214765548706,0.0453561432659626,0.9995176196098328,0.39639636874198914,-0.3926643431186676,-0.15185043215751648,0.7003109455108643,-0.18703675270080566,-0.37364432215690613,0.1444506198167801,0.8272874355316162,0.5125366449356079,-0.31507939100265503,-0.21712207794189453,0.7486634254455566,-0.391327828168869,-0.3561495542526245,0.1572493314743042,0.7769245505332947,0.5405941605567932,-0.3089923560619354,-0.22544075548648834,0.7550333142280579,-0.40584713220596313,-0.35603147745132446,0.14437493681907654,0.7690227627754211,0.5264250040054321,-0.31282374262809753,-0.2506175935268402,0.7571936845779419,-0.3989841043949127,-0.38783589005470276,0.10754626244306564,0.768165647983551,0.5137695670127869,-0.295109361410141,-0.23494254052639008,0.7495089173316956,-0.39956000447273254,-0.3657761514186859,0.13555783033370972,0.7529155611991882,0.08170337975025177,0.03714706003665924,-0.0076110693626105785,0.9999387860298157,-0.07884378731250763,-0.04255376756191254,0.010398454032838345,0.9997747540473938,0.010366132482886314,0.45857471227645874,-0.0855075865983963,0.9127936959266663,-0.39461424946784973,-0.03477172926068306,-0.006579123437404633,0.8375290036201477,-0.06246787682175636,0.8406510353088379,0.004921527113765478,0.9686536192893982,-0.7289378046989441,0.17351794242858887,0.14355218410491943,0.667658805847168,-0.0894685760140419,0.8776804804801941,0.017210807651281357,0.9393669962882996,-0.7660404443740845,0.18868038058280945,0.11869391053915024,0.674907922744751,-0.07028134167194366,0.9049962759017944,-0.041300371289253235,0.9523975849151611,-0.8268325924873352,0.11979670077562332,0.037341948598623276,0.6815495491027832
197,6.566666666666666,0.026071928441524506,-0.6183703541755676,-0.3000693619251251,0.9999285936355591,0.04105710610747337,-0.6351495385169983,-0.2898710370063782,0.9999436140060425,0.04137500375509262,-0.6359183192253113,-0.2822025418281555,0.9999393820762634,0.04016599431633949,-0.6360188126564026,-0.2835809588432312,0.9999562501907349,0.016735440120100975,-0.6418355703353882,-0.29746195673942566,0.9999457597732544,0.018132582306861877,-0.6414464116096497,-0.30717983841896057,0.9999387860298157,0.02143632061779499,-0.6283688545227051,-0.2883113920688629,0.9999459385871887,0.13324813544750214,-0.6104921102523804,-0.20815812051296234,0.9999629855155945,-0.01780240796506405,-0.5634403824806213,-0.16405479609966278,0.9998738169670105,0.07646986842155457,-0.6022090911865234,-0.2585746645927429,0.9997826814651489,0.028585951775312424,-0.5659300684928894,-0.27494269609451294,0.999716579914093,0.23918141424655914,-0.4506281316280365,-0.1008138582110405,0.9997636675834656,-0.05045406520366669,-0.5077490210533142,0.028036043047904968,0.9995587468147278,0.4154919981956482,-0.39774268865585327,-0.14038516581058502,0.7301344275474548,-0.26221993565559387,-0.3696103096008301,0.04266377538442612,0.8439078330993652,0.5523142218589783,-0.3298379182815552,-0.18512722849845886,0.7736668586730957,-0.5109487771987915,-0.36245355010032654,0.01107569970190525,0.7990497350692749,0.5854844450950623,-0.3240746855735779,-0.18637022376060486,0.7791839241981506,-0.5421350598335266,-0.3669399619102478,-0.039015017449855804,0.7916923761367798,0.5753920674324036,-0.3292555510997772,-0.21700172126293182,0.7811790108680725,-0.5244454145431519,-0.40085840225219727,0.03338116779923439,0.7909814715385437,0.5555287599563599,-0.3097926080226898,-0.20311306416988373,0.7742077112197876,-0.5171167254447937,-0.37125319242477417,0.043583765625953674,0.7772311568260193,0.08415984362363815,0.04069392755627632,-0.003982963506132364,0.999941885471344,-0.08129777759313583,-0.04554280266165733,0.007274135481566191,0.9997923970222473,0.013582107611000538,0.47210848331451416,-0.10219144076108932,0.9214228987693787,-0.39798691868782043,-0.04666130989789963,-0.02080516889691353,0.8533120155334473,-0.06378084421157837,0.8382824063301086,0.008451796136796474,0.9716405272483826,-0.6950756311416626,0.18923139572143555,0.15929833054542542,0.7002724409103394,-0.0928315818309784,0.8734772205352783,0.03181246295571327,0.9436361789703369,-0.7264032363891602,0.2107597440481186,0.13788650929927826,0.7040181756019592,-0.08431073278188705,0.9102365970611572,-0.02385009452700615,0.9568899273872375,-0.777256429195404,0.17933528125286102,0.06643602252006531,0.7125821113586426
198,6.6,0.027062391862273216,-0.5924413800239563,-0.37251564860343933,0.9999356865882874,0.04367532953619957,-0.6081631779670715,-0.36207714676856995,0.9999490976333618,0.04279289022088051,-0.6085644364356995,-0.35319826006889343,0.9999452233314514,0.04197307676076889,-0.6091614365577698,-0.3554161489009857,0.9999604821205139,0.018558649346232414,-0.6151221990585327,-0.3707234561443329,0.9999510645866394,0.0200385432690382,-0.6155185103416443,-0.38118690252304077,0.999944806098938,0.022761374711990356,-0.601351797580719,-0.3621585965156555,0.9999512434005737,0.13349774479866028,-0.5781345963478088,-0.2691338062286377,0.9999665021896362,-0.015871604904532433,-0.5344810485839844,-0.23575687408447266,0.9998860359191895,0.07763607054948807,-0.5696297883987427,-0.3278544843196869,0.9998041987419128,0.030601179227232933,-0.5365493297576904,-0.3469437062740326,0.9997445940971375,0.23691731691360474,-0.42162904143333435,-0.14284516870975494,0.9997864961624146,-0.055581990629434586,-0.48398318886756897,-0.030833018943667412,0.9995943903923035,0.44132310152053833,-0.3954578638076782,-0.12944629788398743,0.7570708394050598,-0.2833004295825958,-0.36501502990722656,0.03984243795275688,0.8591861128807068,0.6239613890647888,-0.323621928691864,-0.12022240459918976,0.7962580323219299,-0.5446901321411133,-0.35874199867248535,-0.051928821951150894,0.8188527822494507,0.6669925451278687,-0.32017701864242554,-0.10703117400407791,0.801111102104187,-0.5784622430801392,-0.36745572090148926,-0.042157888412475586,0.8116052150726318,0.6660776138305664,-0.323357492685318,-0.14211030304431915,0.8029370903968811,-0.562924861907959,-0.40074217319488525,-0.09049883484840393,0.8111070394515991,0.6339824199676514,-0.30290865898132324,-0.13742268085479736,0.7966448068618774,-0.551371693611145,-0.3670741021633148,-0.07297571003437042,0.7987950444221497,0.08483760803937912,0.041051365435123444,-0.0002426101709716022,0.999943196773529,-0.08200480788946152,-0.04547753185033798,0.003389761783182621,0.9998036026954651,0.03499490022659302,0.47404536604881287,-0.07827635109424591,0.9287181496620178,-0.38791540265083313,-0.033397648483514786,-0.03369758650660515,0.8656142950057983,-0.046828173100948334,0.8297713994979858,0.07077422738075256,0.9738697409629822,-0.49695146083831787,0.17896310985088348,0.22414949536323547,0.7176352739334106,-0.07710590213537216,0.8651408553123474,0.09591173380613327,0.9438776969909668,-0.5162104368209839,0.19533543288707733,0.2165726274251938,0.7114014625549316,-0.06946433335542679,0.8968133330345154,0.016864100471138954,0.9601327180862427,-0.5363436341285706,0.18480974435806274,0.1896885186433792,0.729249894618988
199,6.633333333333333,0.028134113177657127,-0.5700706839561462,-0.38658061623573303,0.9999421238899231,0.04635774716734886,-0.5851791501045227,-0.3760809600353241,0.999954104423523,0.044591184705495834,-0.5855069756507874,-0.36677929759025574,0.999950647354126,0.04431929811835289,-0.5867005586624146,-0.3689028322696686,0.9999643564224243,0.02215385250747204,-0.5924544334411621,-0.38707777857780457,0.9999558925628662,0.02394755929708481,-0.5933572053909302,-0.39813709259033203,0.9999502897262573,0.025929009541869164,-0.5786883234977722,-0.3789406716823578,0.9999560713768005,0.131063774228096,-0.5541270971298218,-0.2823571264743805,0.9999697804450989,-0.014325185678899288,-0.5115881562232971,-0.2606438398361206,0.9998972415924072,0.0778856948018074,-0.545335590839386,-0.3425235152244568,0.9998236298561096,0.03223598748445511,-0.5132965445518494,-0.36504247784614563,0.999769926071167,0.23016512393951416,-0.400215744972229,-0.15586157143115997,0.9998071193695068,-0.06005364656448364,-0.4701135754585266,-0.06839457899332047,0.9996255040168762,0.45118558406829834,-0.391959011554718,-0.14143002033233643,0.7812344431877136,-0.28860241174697876,-0.37494638562202454,-0.036950331181287766,0.8723612427711487,0.6508852243423462,-0.3243071138858795,-0.1292448341846466,0.8164995908737183,-0.5488407611846924,-0.37873053550720215,-0.118889220058918,0.8354678750038147,0.6972292065620422,-0.32631590962409973,-0.11265948414802551,0.8205843567848206,-0.5833737254142761,-0.38979819416999817,-0.09946081042289734,0.8261987566947937,0.6970047354698181,-0.33124205470085144,-0.15038932859897614,0.8223184943199158,-0.5681565403938293,-0.4201498329639435,-0.16956113278865814,0.8263701796531677,0.6629841923713684,-0.3046782910823822,-0.14703737199306488,0.8166216015815735,-0.555939257144928,-0.3849990963935852,-0.14961783587932587,0.815949559211731,0.08440917730331421,0.04040041193366051,0.002462181495502591,0.9999460577964783,-0.081581249833107,-0.04479309543967247,0.0004691544745583087,0.9998157024383545,0.05243110656738281,0.46722257137298584,-0.06685034185647964,0.9336163401603699,-0.3399909436702728,-0.04402138665318489,-0.041763726621866226,0.8651722073554993,-0.003008011495694518,0.8076928853988647,0.08476775884628296,0.9747209548950195,-0.20179001986980438,0.054676514118909836,0.21879306435585022,0.6754311323165894,-0.03053407371044159,0.8390918970108032,0.10834191739559174,0.9399287700653076,-0.1777956634759903,0.05268162861466408,0.2127564549446106,0.6781421303749084,-0.05047782137989998,0.8702032566070557,0.03521319106221199,0.9613825678825378,-0.14710968732833862,0.07874657958745956,0.21777857840061188,0.6979629993438721
200,6.666666666666667,0.02921786904335022,-0.5759350061416626,-0.32404205203056335,0.9999478459358215,0.04649067297577858,-0.5916532874107361,-0.3053625822067261,0.9999585747718811,0.04519753158092499,-0.5919316411018372,-0.29825639724731445,0.9999554753303528,0.04527995362877846,-0.5929549336433411,-0.29858386516571045,0.9999678134918213,0.022562894970178604,-0.598835825920105,-0.3240199685096741,0.9999602437019348,0.024192526936531067,-0.5992801189422607,-0.33323994278907776,0.9999552369117737,0.026620229706168175,-0.5847625732421875,-0.31538692116737366,0.9999604225158691,0.12946189939975739,-0.5618990063667297,-0.19284729659557343,0.9999726414680481,-0.016127824783325195,-0.51717609167099,-0.18874019384384155,0.9999071955680847,0.07655993103981018,-0.5522469282150269,-0.27727410197257996,0.9998409748077393,0.03206276521086693,-0.5199258923530579,-0.3069489002227783,0.9997926354408264,0.22375303506851196,-0.4088822305202484,-0.09540005028247833,0.9998255372047424,-0.08378469944000244,-0.47339439392089844,0.0033302127849310637,0.9996553063392639,0.4441882073879242,-0.3896835446357727,-0.13062386214733124,0.802625298500061,-0.3146377205848694,-0.38635551929473877,-0.009652210399508476,0.8796276450157166,0.6465736627578735,-0.32231512665748596,-0.08247440308332443,0.8345229029655457,-0.5634053945541382,-0.3858822286128998,-0.11456809937953949,0.8480609655380249,0.6981280446052551,-0.3260871469974518,-0.06873825937509537,0.8376860022544861,-0.5969458818435669,-0.39836248755455017,-0.1289963275194168,0.8359422087669373,0.691494882106781,-0.3330839276313782,-0.10346110910177231,0.8394460082054138,-0.5785180926322937,-0.4314488172531128,-0.17601706087589264,0.8371941447257996,0.6561601758003235,-0.30265307426452637,-0.09878263622522354,0.8342567682266235,-0.5673981308937073,-0.3938326835632324,-0.14276787638664246,0.828395664691925,0.08775714784860611,0.0393499955534935,0.005982451140880585,0.9999497532844543,-0.08472836017608643,-0.043882161378860474,-0.0031243558041751385,0.9998299479484558,0.06966381520032883,0.4619792699813843,-0.06649941951036453,0.937749981880188,-0.3267374038696289,-0.07116876542568207,-0.18712183833122253,0.8709734082221985,0.015827763825654984,0.7957655787467957,0.06880974769592285,0.9731169939041138,-0.06567404419183731,0.0013337682466953993,-0.08887086063623428,0.6548062562942505,-0.011989490129053593,0.8266754746437073,0.09056524187326431,0.9316384792327881,-0.04153590276837349,-0.006139556411653757,-0.11295855790376663,0.6616273522377014,-0.027870871126651764,0.8505170941352844,0.011043977923691273,0.9599065780639648,0.0011157701956108212,-0.022306928411126137,-0.13892285525798798,0.6930405497550964
201,6.7,0.022598234936594963,-0.580329179763794,-0.29322370886802673,0.9999528527259827,0.04573032259941101,-0.5926512479782104,-0.2834826409816742,0.9999624490737915,0.04477863758802414,-0.5926821827888489,-0.27603501081466675,0.9999595880508423,0.0449305921792984,-0.5937731266021729,-0.27710193395614624,0.9999707341194153,0.023365391418337822,-0.6006555557250977,-0.29285961389541626,0.9999639987945557,0.02500591054558754,-0.6025111675262451,-0.3036032021045685,0.9999595284461975,0.027408737689256668,-0.5869922637939453,-0.2853805422782898,0.99996417760849,0.1293892115354538,-0.5669147372245789,-0.19229550659656525,0.9999749064445496,-0.003652779385447502,-0.5217239856719971,-0.1615503430366516,0.9999157786369324,0.06823799759149551,-0.5556438565254211,-0.25821560621261597,0.9998562335968018,0.029461441561579704,-0.5223714709281921,-0.2753702998161316,0.9998125433921814,0.22231315076351166,-0.41197025775909424,-0.10415222495794296,0.9998407363891602,-0.07303813099861145,-0.4776249825954437,0.03343496099114418,0.9996792674064636,0.37009161710739136,-0.36047303676605225,-0.22546790540218353,0.820284903049469,-0.2634568512439728,-0.3905019462108612,0.06509159505367279,0.8849743008613586,0.49634167551994324,-0.31604495644569397,-0.36523115634918213,0.8496630787849426,-0.4891645312309265,-0.4035259783267975,-0.017701610922813416,0.8618215322494507,0.5360171794891357,-0.3210630714893341,-0.3870113492012024,0.8518618941307068,-0.5129076838493347,-0.4155074656009674,-0.044483233243227005,0.849753201007843,0.5249325037002563,-0.33096471428871155,-0.40979161858558655,0.8537427186965942,-0.4973466098308563,-0.45378533005714417,-0.08878592401742935,0.8512545228004456,0.4996834099292755,-0.3006187081336975,-0.38226696848869324,0.8483237624168396,-0.4935571253299713,-0.4143952429294586,-0.046041205525398254,0.8433321714401245,0.0855315625667572,0.039068352431058884,-0.008666954934597015,0.999949038028717,-0.08241096138954163,-0.04365579038858414,0.011241788044571877,0.9998377561569214,0.06738758832216263,0.46137508749961853,-0.09844792634248734,0.9392797350883484,-0.3168770968914032,-0.09575625509023666,-0.0906786173582077,0.863227128982544,0.011206196621060371,0.7962291240692139,-0.001970922341570258,0.9724485874176025,-0.1776200383901596,0.05940384045243263,0.10901094973087311,0.6211971640586853,-0.016580788418650627,0.8269838690757751,0.014882161282002926,0.9233127236366272,-0.16575922071933746,0.060318633913993835,0.09485695511102676,0.6363822817802429,-0.034288227558135986,0.8566804528236389,-0.05473601445555687,0.9596672058105469,-0.14742673933506012,0.040947191417217255,0.11286492645740509,0.6674736142158508
202,6.733333333333333,0.015751127153635025,-0.5862822532653809,-0.28335922956466675,0.9999573230743408,0.04322513937950134,-0.5955490469932556,-0.2765878736972809,0.9999659061431885,0.042494919151067734,-0.5955659747123718,-0.2689041793346405,0.9999632239341736,0.042820148169994354,-0.5973900556564331,-0.2703665494918823,0.9999732971191406,0.022128410637378693,-0.6051836609840393,-0.28242015838623047,0.9999673962593079,0.023847609758377075,-0.607765257358551,-0.2934844195842743,0.9999634027481079,0.026104295626282692,-0.592008113861084,-0.27507853507995605,0.9999675750732422,0.12960092723369598,-0.5699294805526733,-0.1932709813117981,0.9999768137931824,0.00046366293099708855,-0.5280441641807556,-0.1489153355360031,0.9999235272407532,0.061803076416254044,-0.5567589402198792,-0.2519685924053192,0.9998698830604553,0.02583352103829384,-0.5269350409507751,-0.263888955116272,0.999830424785614,0.21961842477321625,-0.41238462924957275,-0.11105165630578995,0.9998533725738525,-0.06671609729528427,-0.4841110110282898,0.04748031124472618,0.9997015595436096,0.3500102162361145,-0.3477596044540405,-0.2424284666776657,0.836093008518219,-0.25649839639663696,-0.39657890796661377,0.08804888278245926,0.8908146023750305,0.4633370637893677,-0.31256672739982605,-0.3830605745315552,0.8629919290542603,-0.4881180226802826,-0.4146565794944763,0.00794078316539526,0.874746561050415,0.4983641803264618,-0.31980419158935547,-0.4054271876811981,0.8642598390579224,-0.5123730301856995,-0.42814773321151733,-0.020587237551808357,0.863092303276062,0.4869472086429596,-0.3280017077922821,-0.42561429738998413,0.8662915825843811,-0.49682366847991943,-0.46668484807014465,-0.06348609924316406,0.864674985408783,0.4658108651638031,-0.29981109499931335,-0.39924904704093933,0.8605791330337524,-0.49274101853370667,-0.4258248209953308,-0.019343914464116096,0.8575196862220764,0.0850280150771141,0.038878053426742554,-0.016529520973563194,0.9999486804008484,-0.08184440433979034,-0.04352172836661339,0.01901322975754738,0.9998468160629272,0.07298105210065842,0.46004292368888855,-0.11108367890119553,0.941275954246521,-0.32812052965164185,-0.09199565649032593,-0.06476937234401703,0.8608354926109314,0.011596384458243847,0.7960113286972046,-0.0223414096981287,0.9723144769668579,-0.201801598072052,0.07637599855661392,0.13228058815002441,0.5978107452392578,-0.01693805307149887,0.8269861340522766,-0.006722004618495703,0.918401837348938,-0.18740743398666382,0.0794987678527832,0.1173824742436409,0.623863935470581,-0.03686979040503502,0.8584594130516052,-0.07520843297243118,0.9599028825759888,-0.17343008518218994,0.06163358315825462,0.13444353640079498,0.651801586151123
203,6.766666666666667,-0.0038724131882190704,-0.603870689868927,-0.23448649048805237,0.9999365210533142,0.029305890202522278,-0.612928569316864,-0.23573946952819824,0.9999556541442871,0.030200719833374023,-0.6124025583267212,-0.22289830446243286,0.9999510645866394,0.0299026258289814,-0.6129703521728516,-0.22444026172161102,0.9999662637710571,0.014655937440693378,-0.62779301404953,-0.23105287551879883,0.9999509453773499,0.014900343492627144,-0.6275907158851624,-0.24499724805355072,0.9999399781227112,0.01847250573337078,-0.6154518723487854,-0.22415407001972198,0.9999462962150574,0.12479143589735031,-0.57254958152771,-0.17842517793178558,0.9999690651893616,0.006649776361882687,-0.5587950944900513,-0.10417403280735016,0.9997394680976868,0.040323179215192795,-0.574163556098938,-0.20531029999256134,0.9997789263725281,0.008893965743482113,-0.5526834726333618,-0.21030929684638977,0.9996340274810791,0.09770813584327698,-0.41299691796302795,-0.137843057513237,0.9998617768287659,0.00877227820456028,-0.49722644686698914,0.1321350485086441,0.9994298815727234,-0.03137382119894028,-0.32431554794311523,-0.2178419977426529,0.8485191464424133,-0.0100933276116848,-0.2955792546272278,0.1556713730096817,0.8021925091743469,-0.20091494917869568,-0.29738086462020874,-0.25783467292785645,0.8698931336402893,-0.08830568939447403,-0.16888633370399475,0.06824792921543121,0.788163959980011,-0.2490340620279312,-0.29904207587242126,-0.25940054655075073,0.8683847784996033,-0.07487868517637253,-0.14074254035949707,0.03235630691051483,0.7787066698074341,-0.2616364657878876,-0.31397777795791626,-0.36114102602005005,0.8701242208480835,-0.07007752358913422,-0.1738504022359848,0.00749083049595356,0.7803186774253845,-0.20643146336078644,-0.28615930676460266,-0.3242582380771637,0.857268214225769,-0.08933684229850769,-0.17425823211669922,0.047297630459070206,0.7740387916564941,0.052255842834711075,0.022099582478404045,-0.04028698429465294,0.9999488592147827,-0.04975464567542076,-0.025211811065673828,0.042798805981874466,0.9998440742492676,0.014085235074162483,0.3864307403564453,-0.09970514476299286,0.9344469308853149,-0.040717680007219315,0.2009192407131195,0.05356459319591522,0.7972598671913147,0.02789168618619442,0.7407143115997314,-0.013134281150996685,0.9639982581138611,-0.013452485203742981,0.28166425228118896,0.2347177118062973,0.5536701679229736,0.010724140331149101,0.7805615067481995,0.006805982440710068,0.894658625125885,-0.012116162106394768,0.2779334485530853,0.21365635097026825,0.585636556148529,-0.01668301224708557,0.8368397355079651,-0.015085124410688877,0.9470033645629883,-0.011204646900296211,0.2921430468559265,0.22815383970737457,0.6080887913703918
204,6.8,-0.015470385551452637,-0.6057112216949463,-0.22294363379478455,0.9998894929885864,0.019635044038295746,-0.614058792591095,-0.22556988894939423,0.9999313354492188,0.02096143178641796,-0.6134922504425049,-0.2122175544500351,0.9999231696128845,0.020549390465021133,-0.6137263774871826,-0.21407106518745422,0.9999501705169678,0.008161462843418121,-0.6300833821296692,-0.2199237048625946,0.9999091029167175,0.00802211556583643,-0.6294589638710022,-0.23445016145706177,0.9998775720596313,0.012192638590931892,-0.6176609992980957,-0.21295927464962006,0.9998872876167297,0.11774618923664093,-0.5739045739173889,-0.17663711309432983,0.9999526739120483,0.010279759764671326,-0.5634276270866394,-0.09825782477855682,0.9993595480918884,0.027648931369185448,-0.5759724974632263,-0.19561974704265594,0.9996292591094971,-0.0007298651034943759,-0.5567620992660522,-0.19985716044902802,0.9992583394050598,0.0762965977191925,-0.41434115171432495,-0.16495834290981293,0.999870240688324,0.030083399266004562,-0.4986300468444824,0.12522102892398834,0.999099612236023,-0.02582191862165928,-0.31418538093566895,-0.26954928040504456,0.8618355989456177,0.0413338765501976,-0.2590074837207794,0.1604466438293457,0.722407877445221,-0.20019997656345367,-0.28773579001426697,-0.2703411877155304,0.8808241486549377,-0.03583547845482826,-0.11262527108192444,0.1025046706199646,0.7107171416282654,-0.24720029532909393,-0.2823650538921356,-0.28275102376937866,0.8784450888633728,-0.023050453513860703,-0.07679250091314316,0.07319783419370651,0.7037037014961243,-0.27238163352012634,-0.30124443769454956,-0.29499170184135437,0.8800213932991028,-0.021904176101088524,-0.10696986317634583,0.044534727931022644,0.7054771184921265,-0.21107900142669678,-0.27713528275489807,-0.2771933972835541,0.8650336265563965,-0.03876619413495064,-0.11555619537830353,0.08083298057317734,0.7000432014465332,0.03679493069648743,0.017188146710395813,-0.04892606660723686,0.999946117401123,-0.034075114876031876,-0.019935445860028267,0.050946883857250214,0.9998229742050171,0.01176229864358902,0.37627092003822327,-0.09655769914388657,0.9162397384643555,-0.02773505076766014,0.20716872811317444,0.08717729151248932,0.7276254296302795,0.05221753567457199,0.7332757115364075,-0.0044268532656133175,0.9535409808158875,-0.02457297407090664,0.3203183114528656,0.3110494315624237,0.5061706900596619,0.03882626071572304,0.7754876017570496,0.013074330054223537,0.8708395957946777,-0.02629130892455578,0.32113116979599,0.2946721315383911,0.5449633002281189,0.00033872947096824646,0.8389157056808472,-0.015634682029485703,0.9339771270751953,-0.038523174822330475,0.35591182112693787,0.31996309757232666,0.5596803426742554
205,6.833333333333333,-0.09055730700492859,-0.6208451390266418,-0.1534377932548523,0.9998894333839417,-0.06271705031394958,-0.6279648542404175,-0.17110711336135864,0.9999322891235352,-0.0620250478386879,-0.6289613842964172,-0.15794941782951355,0.9999248385429382,-0.06126079335808754,-0.6278250217437744,-0.15910916030406952,0.9999511241912842,-0.0534004308283329,-0.6427205204963684,-0.15928767621517181,0.9999090433120728,-0.05297166481614113,-0.6414128541946411,-0.1719924658536911,0.9998774528503418,-0.04878280311822891,-0.6283978819847107,-0.15098361670970917,0.9998871088027954,0.034964632242918015,-0.5764589309692383,-0.1781119406223297,0.9999536275863647,0.009710361249744892,-0.5639759302139282,-0.07560195028781891,0.9993818402290344,-0.047652717679739,-0.587965190410614,-0.14741729199886322,0.9996345639228821,-0.05471573397517204,-0.5655459761619568,-0.14107432961463928,0.9992703199386597,-0.026891982182860374,-0.4188838303089142,-0.18062631785869598,0.9998779892921448,0.07395830005407333,-0.4981576204299927,0.16008341312408447,0.9989930391311646,-0.22291697561740875,-0.32408690452575684,-0.25622525811195374,0.874338686466217,-0.014066644012928009,-0.28775155544281006,0.2774800658226013,0.6507896184921265,-0.45474109053611755,-0.3218962848186493,-0.22069239616394043,0.8917934894561768,-0.14970970153808594,-0.3315093219280243,0.33889952301979065,0.6518916487693787,-0.5128239989280701,-0.33548450469970703,-0.21717724204063416,0.8889361619949341,-0.15160129964351654,-0.3594929277896881,0.3353649377822876,0.6528144478797913,-0.5296168923377991,-0.34750497341156006,-0.1867753118276596,0.8903250694274902,-0.10600176453590393,-0.39828798174858093,0.3136135935783386,0.6548687219619751,-0.4675667881965637,-0.3132280707359314,-0.1990383267402649,0.8745750188827515,-0.13186249136924744,-0.3567727208137512,0.32112789154052734,0.6495717167854309,-0.0014582594158127904,0.014821229502558708,-0.07002546638250351,0.9999265074729919,0.003971220925450325,-0.018389606848359108,0.07066749036312103,0.9997661113739014,0.003723416943103075,0.3877772092819214,-0.12301129847764969,0.8917101621627808,-0.03626648709177971,0.2411147654056549,0.2060014009475708,0.6586500406265259,0.04671183228492737,0.7360607981681824,-0.11875428259372711,0.9411694407463074,-0.06185263767838478,0.5703967809677124,0.38495129346847534,0.46758636832237244,0.030816690996289253,0.7821017503738403,-0.11375723779201508,0.8582758903503418,-0.07043340802192688,0.5979498624801636,0.3645865321159363,0.5126677751541138,-0.02350209839642048,0.8566297888755798,-0.1488429307937622,0.920937716960907,-0.10325656831264496,0.6422428488731384,0.3756006956100464,0.5198996067047119
206,6.866666666666666,-0.1177399605512619,-0.6378154754638672,0.017922891303896904,0.9998698830604553,-0.1020253375172615,-0.645129919052124,-0.014453302137553692,0.9999208450317383,-0.10245499759912491,-0.6469334363937378,-0.0026832865551114082,0.9999174475669861,-0.1009225994348526,-0.6456101536750793,-0.003906669560819864,0.9999440908432007,-0.0732211321592331,-0.6580108404159546,-0.002760654781013727,0.9998891949653625,-0.07246614992618561,-0.6564390063285828,-0.015298633836209774,0.9998587369918823,-0.06701228022575378,-0.6416442394256592,0.004941639490425587,0.9998636245727539,-0.03847944736480713,-0.5872510671615601,-0.1127004474401474,0.9999527335166931,0.014110187999904156,-0.5635190606117249,0.008789188228547573,0.9993873834609985,-0.084139384329319,-0.6037842035293579,0.0015898710116744041,0.9996114373207092,-0.07011574506759644,-0.5762933492660522,0.008743670769035816,0.9992116093635559,-0.10086147487163544,-0.4418257176876068,-0.16087709367275238,0.9998877644538879,0.1279848963022232,-0.4972110688686371,0.17983287572860718,0.9989275336265564,-0.29902246594429016,-0.35256296396255493,-0.22149088978767395,0.8858178853988647,0.09186279028654099,-0.3001030683517456,0.30102282762527466,0.5871965885162354,-0.5205786228179932,-0.35124289989471436,-0.10516399890184402,0.9000191688537598,-0.07526088505983353,-0.35684579610824585,0.4441947638988495,0.5873641967773438,-0.5777025818824768,-0.375579297542572,-0.0891341120004654,0.896170437335968,-0.06423503160476685,-0.3866060972213745,0.4606948494911194,0.5885849595069885,-0.5802860260009766,-0.3828507959842682,-0.06911884248256683,0.8970896601676941,-0.07518578320741653,-0.4301337003707886,0.4514699876308441,0.5903486013412476,-0.5255005359649658,-0.3428967297077179,-0.08879248052835464,0.8775237798690796,-0.09425774216651917,-0.3849412500858307,0.4354620575904846,0.5857017040252686,-0.03568694740533829,0.011714884079992771,-0.0639548972249031,0.9999285340309143,0.037996891885995865,-0.015877753496170044,0.06434255093336105,0.9997624754905701,-0.025293542072176933,0.39342907071113586,-0.11255187541246414,0.8989244103431702,-0.01785946451127529,0.24184153974056244,0.23498190939426422,0.6162448525428772,0.03931877389550209,0.7500936388969421,-0.10039115697145462,0.9445088505744934,-0.09757986664772034,0.5498937368392944,0.4461478888988495,0.46485990285873413,0.02117965929210186,0.7985373735427856,-0.09297285228967667,0.8674883842468262,-0.10702414065599442,0.5757858753204346,0.4286523461341858,0.5216899514198303,-0.042791884392499924,0.8637220859527588,-0.11106158047914505,0.9226610064506531,-0.12951764464378357,0.5885096192359924,0.4693276882171631,0.5025174617767334
207,6.8999999999999995,-0.04510447382926941,-0.6595124006271362,0.12419026345014572,0.9998149871826172,-0.08384528756141663,-0.6685786247253418,0.0908014252781868,0.9998507499694824,-0.08348480612039566,-0.6707197427749634,0.10096278786659241,0.9998676776885986,-0.08621270209550858,-0.6700060963630676,0.10077088326215744,0.9999005794525146,-0.0018668095581233501,-0.6786226630210876,0.0762024074792862,0.999829888343811,0.0018397924723103642,-0.6764673590660095,0.06451621651649475,0.9998143315315247,0.007826315239071846,-0.6632126569747925,0.08535692095756531,0.9998034834861755,-0.056252527981996536,-0.6081867814064026,-0.020820049569010735,0.9999409317970276,0.06025780364871025,-0.5655511021614075,0.0001373363338643685,0.9993373155593872,-0.05135856196284294,-0.6262154579162598,0.1089978739619255,0.9994597434997559,-0.0005465815193019807,-0.5915874242782593,0.0820559561252594,0.9990001320838928,-0.1490439623594284,-0.4602086842060089,-0.035744260996580124,0.9998963475227356,0.17468474805355072,-0.5061673521995544,0.17393235862255096,0.9989840984344482,-0.30835726857185364,-0.38060256838798523,-0.012638766318559647,0.8957729935646057,0.23056139051914215,-0.325527548789978,0.2193494439125061,0.5662917494773865,-0.4267168343067169,-0.39683976769447327,0.19964513182640076,0.8838786482810974,0.09254684299230576,-0.38848644495010376,0.340291291475296,0.5333465933799744,-0.4643476903438568,-0.4171277582645416,0.24583308398723602,0.8715290427207947,0.10857412964105606,-0.4162132143974304,0.3514585494995117,0.5347331166267395,-0.4505422115325928,-0.42756909132003784,0.24672278761863708,0.8714434504508972,0.08749651908874512,-0.4561322331428528,0.35404273867607117,0.5361995100975037,-0.4174959659576416,-0.3886326253414154,0.2080804705619812,0.84486985206604,0.06626630574464798,-0.4161633849143982,0.33963313698768616,0.5318888425827026,-0.06723366677761078,0.01239969115704298,-0.00991195347160101,0.9999291896820068,0.0690765529870987,-0.016760362312197685,0.008298683911561966,0.9997597336769104,-0.03135784715414047,0.3974173367023468,-0.013773441314697266,0.9045390486717224,0.19140447676181793,0.18310979008674622,0.16110990941524506,0.6362171769142151,0.04328755661845207,0.7584139108657837,-0.09785988181829453,0.947308361530304,-0.04525628685951233,0.43193519115448,0.15446147322654724,0.49429672956466675,0.028766445815563202,0.8066651821136475,-0.09786806255578995,0.8782204985618591,-0.07763229310512543,0.4501359760761261,0.12756727635860443,0.5509816408157349,-0.00729388277977705,0.8640392422676086,-0.09098447859287262,0.9190529584884644,-0.10153136402368546,0.48562878370285034,0.21825236082077026,0.5023117661476135
208,6.933333333333334,-0.009176875464618206,-0.6551451683044434,0.1431201845407486,0.9997703433036804,-0.07367459684610367,-0.6648387908935547,0.112772636115551,0.9997873902320862,-0.07514911144971848,-0.6668086647987366,0.1227954626083374,0.9998216032981873,-0.07348806411027908,-0.6663569808006287,0.12255928665399551,0.9998632669448853,0.026254553347826004,-0.6749101877212524,0.09467573463916779,0.9997808337211609,0.029963292181491852,-0.6730045676231384,0.0828281044960022,0.9997763633728027,0.03613704442977905,-0.6600728034973145,0.10376893728971481,0.999756395816803,-0.05931348726153374,-0.6084763407707214,0.010256327688694,0.9999315738677979,0.06894121319055557,-0.5652320981025696,0.00824172142893076,0.9993051886558533,-0.03761769458651543,-0.623550295829773,0.1308750957250595,0.9993582367897034,0.026360562071204185,-0.5887563228607178,0.09937914460897446,0.9988706111907959,-0.1570652425289154,-0.4578189551830292,-0.006888840347528458,0.9999047517776489,0.1670258790254593,-0.5062121748924255,0.14362643659114838,0.9990368485450745,-0.31580743193626404,-0.3790593445301056,0.005418779794126749,0.9040930271148682,0.22291778028011322,-0.3252866566181183,0.18781353533267975,0.5361254215240479,-0.4314264953136444,-0.38157764077186584,0.20382295548915863,0.8646584749221802,0.0766964852809906,-0.3713027536869049,0.3370197117328644,0.483468234539032,-0.4698749780654907,-0.39826270937919617,0.24660472571849823,0.8449082970619202,0.08884444832801819,-0.39265176653862,0.3491857051849365,0.4851420819759369,-0.4561008810997009,-0.4120282828807831,0.24884989857673645,0.8438758254051208,0.0656299814581871,-0.4320141673088074,0.3520583212375641,0.48634833097457886,-0.4216011166572571,-0.3737446665763855,0.2118745595216751,0.8100893497467041,0.04873141273856163,-0.39485856890678406,0.3373143672943115,0.48244425654411316,-0.0686793252825737,0.013018764555454254,0.0036715627647936344,0.9999305009841919,0.07043567299842834,-0.01703246869146824,-0.005200399085879326,0.9997594952583313,-0.02464243769645691,0.4003087282180786,-0.010461833328008652,0.9090521931648254,0.18787561357021332,0.16051797568798065,0.1152023896574974,0.6425181031227112,0.04500744864344597,0.7702369689941406,-0.09716292470693588,0.9481927752494812,-0.050290752202272415,0.41396263241767883,0.13357938826084137,0.506544828414917,0.029992952942848206,0.8172381520271301,-0.09669745713472366,0.8857333064079285,-0.08401307463645935,0.43285709619522095,0.10855318605899811,0.5664368867874146,-0.0034257499501109123,0.872771680355072,-0.08022435009479523,0.9097151756286621,-0.10892139375209808,0.47109994292259216,0.1892445683479309,0.48694396018981934
209,6.966666666666667,0.030713582411408424,-0.6520633697509766,0.1512901782989502,0.9997622966766357,-0.02521931752562523,-0.6625889539718628,0.12175671011209488,0.9997714161872864,-0.026154732331633568,-0.6632293462753296,0.13186894357204437,0.9998102784156799,-0.02333255484700203,-0.6632457375526428,0.13089348375797272,0.999851405620575,0.05697001516819,-0.671609103679657,0.09884493052959442,0.9997779130935669,0.058915045112371445,-0.6705615520477295,0.0897669568657875,0.9997789859771729,0.06688607484102249,-0.6569841504096985,0.1091160774230957,0.999757707118988,-0.05910319834947586,-0.6053613424301147,0.021704839542508125,0.9999299049377441,0.0829135999083519,-0.5505304932594299,0.003417795989662409,0.9993388652801514,-0.005842356942594051,-0.6226399540901184,0.1388559341430664,0.9993170499801636,0.05819091200828552,-0.5849284529685974,0.10275553166866302,0.9988682866096497,-0.15399786829948425,-0.4455370008945465,0.037444669753313065,0.9999111294746399,0.1706344187259674,-0.504498302936554,0.09412652254104614,0.9991170763969421,-0.26798710227012634,-0.3552107810974121,0.144344761967659,0.8915858268737793,0.2829742431640625,-0.3193824887275696,0.142910435795784,0.5516244769096375,-0.24537301063537598,-0.3955046832561493,0.45044344663619995,0.7866131067276001,0.14723652601242065,-0.37120291590690613,0.29355913400650024,0.4401119649410248,-0.3229782283306122,-0.4269033968448639,0.5044461488723755,0.7688146233558655,0.15879268944263458,-0.40480464696884155,0.30448001623153687,0.44169142842292786,-0.3436032831668854,-0.43912172317504883,0.5002070069313049,0.7679962515830994,0.13541655242443085,-0.4456207752227783,0.30647361278533936,0.4428068995475769,-0.2802587151527405,-0.38790464401245117,0.45575010776519775,0.7376118302345276,0.12138788402080536,-0.39564186334609985,0.29490140080451965,0.4392053186893463,-0.07563422620296478,0.015781814232468605,0.02686789631843567,0.9999330639839172,0.07731360197067261,-0.0205512847751379,-0.028609897941350937,0.9997714757919312,-0.020898917689919472,0.40247493982315063,0.023247670382261276,0.916477620601654,0.30351966619491577,0.11687441915273666,0.06336446851491928,0.661840558052063,0.05873759835958481,0.7606919407844543,-0.08212754875421524,0.951951801776886,0.10550402104854584,0.3865205645561218,0.1136297732591629,0.5299597978591919,0.04397233575582504,0.8040246963500977,-0.07997715473175049,0.8962708115577698,0.07700058072805405,0.4029886722564697,0.0917060524225235,0.5926936864852905,0.03115718625485897,0.853506326675415,-0.018165545538067818,0.9122081995010376,0.09927942603826523,0.4495205581188202,0.1940678507089615,0.48463523387908936
210,7.0,0.1359177678823471,-0.6020790338516235,0.059477269649505615,0.9997852444648743,0.09540960192680359,-0.6188080310821533,0.0496712401509285,0.9997934103012085,0.09712357074022293,-0.6257688403129578,0.06053413823246956,0.9998285174369812,0.09659212082624435,-0.6218777298927307,0.05667288973927498,0.9998655319213867,0.13908186554908752,-0.6282396912574768,0.019931886345148087,0.9997996687889099,0.13453976809978485,-0.6219165921211243,0.011896627023816109,0.9998007416725159,0.14800205826759338,-0.6122377514839172,0.0311731044203043,0.9997813701629639,-0.033690840005874634,-0.5830118656158447,0.02479962818324566,0.9999366402626038,0.07923608273267746,-0.5182827711105347,-6.946819485165179e-05,0.9994041323661804,0.10260488837957382,-0.5793210864067078,0.06933977454900742,0.9993823170661926,0.12382471561431885,-0.5423147082328796,0.027503982186317444,0.998978316783905,-0.09493470191955566,-0.41534799337387085,0.13286344707012177,0.9999170899391174,0.1454763412475586,-0.4780274033546448,0.021814577281475067,0.9991944432258606,-0.12885041534900665,-0.2732970416545868,0.2647281289100647,0.8375242948532104,0.280024915933609,-0.2928498387336731,0.06670662015676498,0.5950846672058105,0.02390897087752819,-0.2903444766998291,0.5199848413467407,0.7159109711647034,0.19667965173721313,-0.34858062863349915,0.2727026045322418,0.4238843321800232,0.02838347852230072,-0.3260904550552368,0.5619387626647949,0.7021899819374084,0.21992112696170807,-0.3979693651199341,0.2799718976020813,0.4205220341682434,0.04105605557560921,-0.3183065950870514,0.5639030337333679,0.7017034888267517,0.21457679569721222,-0.44233283400535583,0.2859587073326111,0.42004135251045227,0.037993889302015305,-0.2794615924358368,0.5176656246185303,0.675661563873291,0.17846500873565674,-0.371818482875824,0.2758632302284241,0.41445043683052063,-0.0608772411942482,0.016598569229245186,0.07287388294935226,0.9999386072158813,0.06324264407157898,-0.02089332975447178,-0.07440128177404404,0.9997909665107727,-0.005731592886149883,0.4069787859916687,0.027402909472584724,0.9246524572372437,0.29843759536743164,0.15751005709171295,0.005521197337657213,0.6954003572463989,0.05413111671805382,0.7589718103408813,-0.07805809378623962,0.9567020535469055,0.15858283638954163,0.39886170625686646,0.136116161942482,0.5761947631835938,0.03571230173110962,0.7996768951416016,-0.07970274984836578,0.906571626663208,0.1444476693868637,0.416831374168396,0.1190321072936058,0.6315249800682068,0.045271627604961395,0.8404757380485535,-0.02165091596543789,0.9207945466041565,0.1920570731163025,0.48509538173675537,0.19852477312088013,0.532951295375824
211,7.033333333333333,0.14387543499469757,-0.5793071389198303,0.028191622346639633,0.9998055696487427,0.11547357589006424,-0.5996570587158203,0.02512509748339653,0.9998132586479187,0.11708419024944305,-0.605995774269104,0.036540400236845016,0.9998446702957153,0.1169661432504654,-0.6025235056877136,0.032390374690294266,0.9998781085014343,0.1388917714357376,-0.6085542440414429,-0.0055572763085365295,0.9998192191123962,0.1358756422996521,-0.6024740934371948,-0.014091971330344677,0.9998202919960022,0.14555981755256653,-0.5918967723846436,0.005244849715381861,0.999802827835083,0.021610360592603683,-0.5765623450279236,0.047576118260622025,0.9999422430992126,0.07024062424898148,-0.5093551278114319,-0.016099469736218452,0.9994626045227051,0.12694716453552246,-0.5615814924240112,0.04968886449933052,0.999434232711792,0.12830735743045807,-0.5229679942131042,0.004874731879681349,0.9990710616111755,-0.08130604773759842,-0.40775319933891296,0.1965877264738083,0.9998885989189148,0.13429251313209534,-0.4698099195957184,0.020330877974629402,0.9992427229881287,0.034020885825157166,-0.2830050587654114,0.30036455392837524,0.7588266134262085,0.29403290152549744,-0.29922738671302795,0.03315122053027153,0.6272189617156982,0.17529410123825073,-0.28367677330970764,0.4962417185306549,0.6462833881378174,0.27400001883506775,-0.3349858224391937,0.2651706635951996,0.4194936156272888,0.1889299899339676,-0.3141557276248932,0.5308626294136047,0.6351717114448547,0.3069847822189331,-0.37817972898483276,0.2770308554172516,0.41347983479499817,0.19065415859222412,-0.30361777544021606,0.5313671827316284,0.6349061727523804,0.3006381094455719,-0.3976229727268219,0.2561779022216797,0.409619003534317,0.19002269208431244,-0.2702590525150299,0.49368447065353394,0.6121798753738403,0.260044127702713,-0.3489716351032257,0.2539774477481842,0.400752454996109,-0.054794009774923325,0.017618656158447266,0.07976783812046051,0.9999433755874634,0.05713057890534401,-0.02113211527466774,-0.08042307198047638,0.9998098611831665,0.00952198076993227,0.4057595133781433,0.012719322927296162,0.9318822026252747,0.2850630581378937,0.18485283851623535,0.01068093255162239,0.7252459526062012,0.010391203686594963,0.7490506768226624,-0.07648215442895889,0.9608151316642761,0.3640771806240082,0.4846764802932739,0.1510312855243683,0.6177123188972473,-0.014419326558709145,0.7894091606140137,-0.07436157763004303,0.9155909419059753,0.3774379789829254,0.5151486992835999,0.13328978419303894,0.6667961478233337,0.04051530361175537,0.8322071433067322,-0.02402712218463421,0.9278819561004639,0.4861374795436859,0.5345149636268616,0.1962011158466339,0.5744919776916504
212,7.066666666666666,0.14023707807064056,-0.574791669845581,0.012372789904475212,0.999824583530426,0.11898458003997803,-0.597192108631134,0.009926985949277878,0.9998316764831543,0.12012436985969543,-0.6011197566986084,0.020780334249138832,0.9998598098754883,0.12073986977338791,-0.5993009209632874,0.018062889575958252,0.9998899698257446,0.13156545162200928,-0.604525089263916,-0.019051741808652878,0.9998371005058289,0.13201072812080383,-0.6001734733581543,-0.028183462098240852,0.99983811378479,0.13727524876594543,-0.5880856513977051,-0.008698392659425735,0.9998223781585693,0.0426303930580616,-0.5775527358055115,0.05605260655283928,0.999947726726532,0.05780544504523277,-0.5106732845306396,-0.024378759786486626,0.9995158910751343,0.12829922139644623,-0.5590927600860596,0.03823741152882576,0.9994847774505615,0.12298092991113663,-0.5185792446136475,-0.007568158209323883,0.9991579651832581,-0.06662321835756302,-0.40975701808929443,0.20988476276397705,0.9998440742492676,0.1304989755153656,-0.46875,0.014998356811702251,0.999266505241394,0.051761697977781296,-0.286109983921051,0.26973122358322144,0.6860391497612,0.2918679118156433,-0.2999110221862793,0.008115003816783428,0.6569194197654724,0.18637728691101074,-0.26463747024536133,0.3835616409778595,0.585827112197876,0.2840650975704193,-0.31269991397857666,0.19047769904136658,0.4283393621444702,0.2009473592042923,-0.2879793345928192,0.412145733833313,0.5794080495834351,0.3147791028022766,-0.34389644861221313,0.18129557371139526,0.4218151867389679,0.19990600645542145,-0.2765215039253235,0.40818238258361816,0.5794680714607239,0.30360743403434753,-0.35654476284980774,0.18600672483444214,0.4138067364692688,0.19896021485328674,-0.24791601300239563,0.38178518414497375,0.5599033832550049,0.2686205208301544,-0.32435905933380127,0.1908860057592392,0.4016675055027008,-0.0572049617767334,0.017467651516199112,0.08400750905275345,0.9999478459358215,0.05962464213371277,-0.02125426009297371,-0.08400274068117142,0.9998271465301514,0.02072562649846077,0.4054044485092163,0.024038052186369896,0.938596248626709,0.2820802330970764,0.20064572989940643,0.012968729250133038,0.752525269985199,-0.02328980527818203,0.7419976592063904,-0.028763260692358017,0.9646583795547485,0.35979634523391724,0.49393805861473083,0.15637582540512085,0.655663013458252,-0.05098536238074303,0.7819611430168152,-0.02177376113831997,0.9238917231559753,0.3691137731075287,0.5219404697418213,0.13779237866401672,0.6995463967323303,0.013177796266973019,0.8198984265327454,0.009342467412352562,0.9347748160362244,0.4782148003578186,0.5268652439117432,0.19910869002342224,0.6152681112289429
213,7.1,0.1442113071680069,-0.5813336372375488,-0.15772897005081177,0.9998417496681213,0.13696889579296112,-0.5986752510070801,-0.1432366967201233,0.9998483061790466,0.13896404206752777,-0.6041046977043152,-0.1307404488325119,0.9998735189437866,0.13882975280284882,-0.6018752455711365,-0.13411515951156616,0.999900758266449,0.12923946976661682,-0.6081791520118713,-0.17395423352718353,0.999853253364563,0.13038906455039978,-0.6041247844696045,-0.1860649138689041,0.9998542070388794,0.13415589928627014,-0.5912208557128906,-0.16469672322273254,0.9998400211334229,0.11118466407060623,-0.6010063886642456,0.01595882512629032,0.9999525547027588,0.03994689881801605,-0.5273256897926331,-0.10256987810134888,0.9995637536048889,0.15048910677433014,-0.5644166469573975,-0.09925126284360886,0.9995311498641968,0.12367463856935501,-0.5208154916763306,-0.1488732397556305,0.9992372393608093,0.056094277650117874,-0.45950961112976074,0.18751268088817596,0.9997812509536743,0.12903359532356262,-0.49179452657699585,-0.048793595284223557,0.999295711517334,0.1881735920906067,-0.3776247799396515,0.30432721972465515,0.6301125884056091,0.27325236797332764,-0.3377452492713928,-0.1458628922700882,0.6886217594146729,0.3533412516117096,-0.2703772187232971,0.38863706588745117,0.5617457032203674,0.3860146105289459,-0.3103346526622772,-0.15315569937229156,0.47984710335731506,0.3699926435947418,-0.29885995388031006,0.41675934195518494,0.5632860660552979,0.4333729147911072,-0.32879552245140076,-0.2051711082458496,0.47135278582572937,0.37788262963294983,-0.29339486360549927,0.3988630473613739,0.5648711323738098,0.4571630656719208,-0.3502084016799927,-0.18999862670898438,0.4629594683647156,0.37088513374328613,-0.2631056010723114,0.38361847400665283,0.5466243624687195,0.39473986625671387,-0.31985366344451904,-0.15272587537765503,0.4454173445701599,-0.040202751755714417,0.016276054084300995,0.10297144949436188,0.9999523162841797,0.04220399633049965,-0.020280731841921806,-0.10081023722887039,0.9998434782028198,0.07303997129201889,0.41220736503601074,0.07066218554973602,0.9438801407814026,0.26456230878829956,0.2121385782957077,-0.08105085790157318,0.7771616578102112,-0.014717703685164452,0.7619851231575012,0.14201903343200684,0.9677613973617554,0.5135742425918579,0.47629064321517944,0.007725332863628864,0.6899872422218323,-0.04153035208582878,0.8017297387123108,0.1605014204978943,0.9310250282287598,0.5477548837661743,0.49899646639823914,-0.02065097913146019,0.7293561100959778,0.049328964203596115,0.8418196439743042,0.1634695827960968,0.9404474496841431,0.6699012517929077,0.5003839731216431,-0.04005597531795502,0.6533774137496948
214,7.133333333333333,0.13083425164222717,-0.5851287841796875,-0.26436734199523926,0.9998574256896973,0.12280316650867462,-0.6021436452865601,-0.25103408098220825,0.9998633861541748,0.12542179226875305,-0.6067792177200317,-0.23981741070747375,0.9998858571052551,0.12462874501943588,-0.6050599813461304,-0.24169114232063293,0.9999104738235474,0.1154840886592865,-0.6117352843284607,-0.27681294083595276,0.9998679161071777,0.11659497767686844,-0.6080777049064636,-0.2873959243297577,0.9998687505722046,0.12099337577819824,-0.5950314402580261,-0.26505550742149353,0.9998559951782227,0.11198174208402634,-0.6002958416938782,-0.11017172783613205,0.9999566674232483,0.00911251176148653,-0.524911642074585,-0.19006957113742828,0.999607264995575,0.14723391830921173,-0.565620481967926,-0.20631706714630127,0.9995756149291992,0.11587965488433838,-0.525636613368988,-0.25369349122047424,0.9993125796318054,0.0974862352013588,-0.45708325505256653,0.17677728831768036,0.9997748732566833,0.10431371629238129,-0.4796527624130249,-0.14053262770175934,0.9993652701377869,0.12690989673137665,-0.37674158811569214,0.27253997325897217,0.5697988271713257,0.2589740455150604,-0.3363833427429199,-0.2708640992641449,0.7195876836776733,0.1876867413520813,-0.18680129945278168,0.4263990819454193,0.5072638392448425,0.45748162269592285,-0.2530567944049835,-0.3253936767578125,0.5317338705062866,0.19139355421066284,-0.17398907244205475,0.46627548336982727,0.5090039372444153,0.5232850313186646,-0.2501390874385834,-0.41198283433914185,0.5238524079322815,0.1967150717973709,-0.16613559424877167,0.4431946575641632,0.5105611681938171,0.5748044848442078,-0.2764139473438263,-0.3877381384372711,0.5162868499755859,0.2001246213912964,-0.15712471306324005,0.425355464220047,0.49428820610046387,0.4794969856739044,-0.2616485357284546,-0.32750365138053894,0.4997519254684448,0.003764780703932047,0.013517109677195549,0.11042987555265427,0.9999565482139587,-0.0018634471343830228,-0.01949896663427353,-0.10642790049314499,0.9998589158058167,0.13496941328048706,0.38302183151245117,0.0738678127527237,0.9325249791145325,0.17693601548671722,0.1314643919467926,-0.4039766788482666,0.7990410923957825,-0.01173488236963749,0.7377094626426697,0.1902121901512146,0.9618647694587708,0.30427438020706177,0.2643945813179016,-0.46478867530822754,0.7193216681480408,-0.03547745198011398,0.7758810520172119,0.21202081441879272,0.9336848258972168,0.3172711730003357,0.2698827087879181,-0.5020348429679871,0.7544395923614502,0.07089785486459732,0.8348171710968018,0.21682897210121155,0.9377068877220154,0.44146883487701416,0.19392895698547363,-0.5714961290359497,0.6868980526924133
215,7.166666666666667,0.10687514394521713,-0.5869864821434021,-0.2970513701438904,0.9998716115951538,0.12026235461235046,-0.6046004891395569,-0.27886879444122314,0.9998769164085388,0.12399664521217346,-0.6079947352409363,-0.26873672008514404,0.9998970627784729,0.11950524896383286,-0.6068227291107178,-0.2719920575618744,0.9999192953109741,0.07731995731592178,-0.6134796142578125,-0.2995201051235199,0.9998810291290283,0.07790448516607285,-0.6103699207305908,-0.3114894926548004,0.9998817443847656,0.08058056980371475,-0.5976008176803589,-0.2897803783416748,0.9998703002929688,0.1161516085267067,-0.6039296984672546,-0.1336454600095749,0.9999607801437378,-0.035030219703912735,-0.5363453030586243,-0.18649400770664215,0.9996458888053894,0.13103461265563965,-0.5663540363311768,-0.23763948678970337,0.9996160864830017,0.08330266177654266,-0.5272477269172668,-0.2756924629211426,0.9993781447410583,0.15597304701805115,-0.458829402923584,0.17096853256225586,0.999789834022522,0.04967194423079491,-0.48803746700286865,-0.12912650406360626,0.9993765354156494,0.32952621579170227,-0.3611392378807068,0.16079337894916534,0.5453408360481262,0.2480241060256958,-0.3297467827796936,-0.1968429982662201,0.7434033155441284,0.5146142244338989,-0.22351841628551483,0.10368804633617401,0.5258505344390869,0.44695746898651123,-0.2701469659805298,-0.20718388259410858,0.5739602446556091,0.5429579615592957,-0.22441090643405914,0.11094862967729568,0.5361483097076416,0.5113515257835388,-0.271793931722641,-0.2671513557434082,0.5650932788848877,0.5412862300872803,-0.2181055098772049,0.08366233855485916,0.5392636060714722,0.5544387698173523,-0.3048624098300934,-0.25650593638420105,0.5582593679428101,0.5279363393783569,-0.19853773713111877,0.0896887555718422,0.5221027135848999,0.46859848499298096,-0.28159695863723755,-0.20709244906902313,0.5378270149230957,0.02455676905810833,0.013709435239434242,0.1014825627207756,0.9999561905860901,-0.021124383434653282,-0.019468039274215698,-0.09872263669967651,0.999855101108551,0.11992263793945312,0.3964366614818573,0.09765398502349854,0.9139182567596436,0.17162039875984192,0.1560061126947403,-0.21598254144191742,0.8086212277412415,-0.04532250761985779,0.7409818172454834,0.1875300407409668,0.9601883888244629,0.05242103710770607,0.12004398554563522,0.10474368929862976,0.6647506356239319,-0.07811606675386429,0.7764397263526917,0.2069573700428009,0.9355833530426025,0.041110698133707047,0.10382042825222015,0.11937806010246277,0.7123294472694397,0.058534879237413406,0.8067970871925354,0.22897687554359436,0.9363191723823547,0.073454350233078,0.07144691795110703,0.2317921668291092,0.6439919471740723
216,7.2,0.10196889936923981,-0.5848479270935059,-0.3121533691883087,0.9998843669891357,0.11096835136413574,-0.6042841076850891,-0.2945261299610138,0.999889075756073,0.11416351050138474,-0.6064079403877258,-0.2841414213180542,0.9999070763587952,0.11190222948789597,-0.6056842803955078,-0.2875742018222809,0.9999272227287292,0.06856106966733932,-0.6117412447929382,-0.3139583170413971,0.9998927712440491,0.06897813826799393,-0.6093564033508301,-0.3259837329387665,0.9998934268951416,0.07125626504421234,-0.5964476466178894,-0.3041008710861206,0.9998831152915955,0.12200001627206802,-0.6043877005577087,-0.1531469076871872,0.9999644160270691,-0.03853664547204971,-0.5383609533309937,-0.19814398884773254,0.9996804594993591,0.12279407680034637,-0.5683948993682861,-0.2535322904586792,0.9996519684791565,0.07573632150888443,-0.5298904180526733,-0.2897322475910187,0.9994364380836487,0.16631993651390076,-0.45943930745124817,0.11391909420490265,0.9998009204864502,0.041447509080171585,-0.4882112145423889,-0.1380317509174347,0.9993796348571777,0.3438258469104767,-0.3497023284435272,0.11699861288070679,0.5335017442703247,0.24157066643238068,-0.32001346349716187,-0.1978629231452942,0.7671022415161133,0.5477585792541504,-0.2313053458929062,0.09118404239416122,0.5498749017715454,0.44463151693344116,-0.2778710722923279,-0.19506655633449554,0.6146813631057739,0.5797851085662842,-0.23527587950229645,0.10317754745483398,0.5646913051605225,0.5085468888282776,-0.2804422974586487,-0.2526472508907318,0.6055719256401062,0.5809603333473206,-0.22756676375865936,0.07540393620729446,0.568966269493103,0.5522463321685791,-0.317633718252182,-0.24205562472343445,0.5994876623153687,0.5629227161407471,-0.20628824830055237,0.07767920196056366,0.5521692633628845,0.46673041582107544,-0.29087281227111816,-0.19424298405647278,0.5787010788917542,0.02698279358446598,0.013596427626907825,0.0968555435538292,0.9999468922615051,-0.023167230188846588,-0.018858741968870163,-0.09462631493806839,0.9998258948326111,0.08624587208032608,0.40162336826324463,0.0962272435426712,0.8841490745544434,0.21129350364208221,0.1619742214679718,-0.17295555770397186,0.8086671233177185,-0.045299235731363297,0.7551530599594116,0.1608162522315979,0.9560146927833557,0.05698687583208084,0.18204212188720703,0.19935055077075958,0.6122685074806213,-0.07727738469839096,0.7892018556594849,0.17761720716953278,0.9346892833709717,0.041592590510845184,0.17531266808509827,0.21037359535694122,0.6695610880851746,0.05051844194531441,0.8098635077476501,0.20019330084323883,0.9322766661643982,0.06415388733148575,0.18075066804885864,0.32556694746017456,0.60075443983078
217,7.233333333333333,0.0959339365363121,-0.5860595107078552,-0.30271586775779724,0.9998958110809326,0.10745436698198318,-0.605333685874939,-0.28490278124809265,0.9999000430107117,0.1101292222738266,-0.6073912382125854,-0.27447959780693054,0.999916136264801,0.10954506695270538,-0.6067328453063965,-0.2780669331550598,0.9999343752861023,0.06220296397805214,-0.612960934638977,-0.30418533086776733,0.9999033808708191,0.06254232674837112,-0.6105713844299316,-0.31610116362571716,0.9999039769172668,0.06491102278232574,-0.5978607535362244,-0.2944311499595642,0.9998946785926819,0.1217292845249176,-0.6104322671890259,-0.14501900970935822,0.9999677538871765,-0.04241928830742836,-0.5440177321434021,-0.18913300335407257,0.9997116327285767,0.11848283559083939,-0.5700146555900574,-0.24408204853534698,0.9996849298477173,0.07018204778432846,-0.5313040614128113,-0.2800343930721283,0.9994896650314331,0.16711729764938354,-0.46380290389060974,0.1075819656252861,0.9998132586479187,0.03928547352552414,-0.4935404658317566,-0.13074101507663727,0.9993827939033508,0.34179213643074036,-0.3476426899433136,0.11826823651790619,0.526633620262146,0.24078670144081116,-0.32006195187568665,-0.20009884238243103,0.7880660891532898,0.5411964654922485,-0.24138082563877106,0.1239042654633522,0.577599823474884,0.4512767493724823,-0.2824068069458008,-0.20751000940799713,0.6498890519142151,0.5707260370254517,-0.2471952885389328,0.13819225132465363,0.5948686599731445,0.5155203938484192,-0.28380125761032104,-0.2660961449146271,0.639739453792572,0.5719553232192993,-0.24035467207431793,0.11190297454595566,0.5999549031257629,0.558961033821106,-0.32428523898124695,-0.2541006803512573,0.6342847943305969,0.5564801096916199,-0.2174966037273407,0.11173588782548904,0.5834292769432068,0.473488450050354,-0.29586395621299744,-0.20577919483184814,0.6114189028739929,0.0285470113158226,0.013553551398217678,0.09707187861204147,0.999941885471344,-0.024642042815685272,-0.0184463057667017,-0.09502080082893372,0.9998083710670471,0.07453777641057968,0.40238094329833984,0.1073601245880127,0.854977011680603,0.20016475021839142,0.17357197403907776,-0.17830920219421387,0.8145961761474609,-0.045029494911432266,0.755661129951477,0.18444374203681946,0.9515193104743958,0.04830469191074371,0.18874064087867737,0.1962701976299286,0.5679947733879089,-0.076813705265522,0.7897074818611145,0.2029549926519394,0.93328857421875,0.034631650894880295,0.18121366202831268,0.20481301844120026,0.6343004107475281,0.04645862430334091,0.8024038076400757,0.22721540927886963,0.9277536273002625,0.0602063424885273,0.18388943374156952,0.311857134103775,0.5655145645141602
218,7.266666666666667,0.047606050968170166,-0.6158521175384521,-0.28163695335388184,0.9999061822891235,0.050901275128126144,-0.6371108293533325,-0.2667182385921478,0.9999098777770996,0.05368347093462944,-0.6367483139038086,-0.2571362853050232,0.99992436170578,0.05100764334201813,-0.6378210783004761,-0.25948888063430786,0.9999407529830933,0.016278235241770744,-0.6429345607757568,-0.28633230924606323,0.9999129772186279,0.018984844908118248,-0.6407161951065063,-0.2999763786792755,0.9999135136604309,0.019554900005459785,-0.6313046813011169,-0.2765752077102661,0.9999051690101624,0.09843186289072037,-0.6224965453147888,-0.1392608880996704,0.9999708533287048,-0.06948669999837875,-0.563139796257019,-0.18046268820762634,0.9997403621673584,0.0861668661236763,-0.6001694798469543,-0.22896991670131683,0.9997162222862244,0.03569293022155762,-0.5639222860336304,-0.2656238079071045,0.9995405673980713,0.15285825729370117,-0.47277510166168213,0.06777718663215637,0.999830424785614,-0.006312051322311163,-0.5018145442008972,-0.12420129776000977,0.9994440674781799,0.33358362317085266,-0.3586903512477875,0.08176334947347641,0.5599700808525085,0.0907263308763504,-0.32216677069664,-0.2914818823337555,0.8089737892150879,0.5694253444671631,-0.2466665357351303,0.05765251815319061,0.6177666783332825,0.3440915644168854,-0.28340741991996765,-0.4425777792930603,0.6848351955413818,0.6235179901123047,-0.2527102530002594,0.05963752791285515,0.6339125037193298,0.452525794506073,-0.28827965259552,-0.5252767205238342,0.6756681799888611,0.6134079694747925,-0.2477358877658844,0.03563167154788971,0.6387810707092285,0.46353715658187866,-0.3278239667415619,-0.5085498690605164,0.6707473993301392,0.5816273093223572,-0.22333763539791107,0.044862307608127594,0.6238108277320862,0.4497217833995819,-0.29884377121925354,-0.4456574618816376,0.650019109249115,0.04800013452768326,-0.0009501639869995415,0.09964688867330551,0.9999365210533142,-0.045109715312719345,-0.004205889534205198,-0.0960102304816246,0.9998247623443604,0.18370038270950317,0.2708771824836731,0.09152642637491226,0.7873203754425049,0.07897500693798065,0.27522045373916626,-0.16178059577941895,0.8322933316230774,0.07716851681470871,0.30922162532806396,0.38122811913490295,0.8582287430763245,-0.12080864608287811,0.6329520344734192,-0.03972303867340088,0.6082442998886108,0.04695219546556473,0.308666855096817,0.4279405474662781,0.8482573628425598,-0.13081450760364532,0.6645874977111816,-0.06503301858901978,0.6543282270431519,0.07997695356607437,0.2831886112689972,0.49176791310310364,0.839606761932373,-0.05506094917654991,0.6712231040000916,-0.11614762246608734,0.6015710830688477
219,7.3,0.03993231803178787,-0.6164738535881042,-0.25490033626556396,0.9999154806137085,0.047640617936849594,-0.6388890743255615,-0.25332319736480713,0.9999186992645264,0.049557264894247055,-0.6386991739273071,-0.24102041125297546,0.9999316334724426,0.047837916761636734,-0.63982754945755,-0.2418462336063385,0.9999464750289917,0.018562328070402145,-0.6447224020957947,-0.2802163064479828,0.9999215006828308,0.021081747487187386,-0.64313143491745,-0.29282084107398987,0.999921977519989,0.022639725357294083,-0.6329611539840698,-0.27046999335289,0.9999144077301025,0.10044299811124802,-0.6318044662475586,-0.11330583691596985,0.9999736547470093,-0.05983564630150795,-0.5706084370613098,-0.12879666686058044,0.9997653365135193,0.08159821480512619,-0.603300929069519,-0.2108137607574463,0.999744176864624,0.031084662303328514,-0.5659850239753723,-0.2518565356731415,0.9995854496955872,0.1941145658493042,-0.4739707410335541,0.0704406201839447,0.9998470544815063,-0.037265338003635406,-0.5094081163406372,-0.07768245041370392,0.9994860291481018,0.39246028661727905,-0.35849854350090027,0.09098818898200989,0.6023129820823669,-0.012764383107423782,-0.3113522529602051,-0.2556445300579071,0.8259381651878357,0.614578127861023,-0.26403000950813293,0.09638780355453491,0.6558481454849243,0.11422166973352432,-0.28145989775657654,-0.46671783924102783,0.7143260836601257,0.655817985534668,-0.26099255681037903,0.10811721533536911,0.6703321933746338,0.15832677483558655,-0.27832910418510437,-0.546566367149353,0.7058417201042175,0.6556622982025146,-0.2640432119369507,0.07528377324342728,0.6747519373893738,0.22014008462429047,-0.32493484020233154,-0.5409923791885376,0.7015016674995422,0.628779947757721,-0.2406914383172989,0.07991459965705872,0.6612275242805481,0.14840349555015564,-0.29586315155029297,-0.47365063428878784,0.6808899641036987,0.05934132635593414,0.010758060030639172,0.09001670032739639,0.9999403953552246,-0.057200271636247635,-0.015967216342687607,-0.0850287452340126,0.999828577041626,0.04922688379883766,0.3745422661304474,0.045534923672676086,0.806773841381073,-0.16038239002227783,0.09091076999902725,-0.17831723392009735,0.8478979468345642,-0.05396971479058266,0.7197498083114624,0.0732363909482956,0.8719802498817444,-0.4608878195285797,0.10098937898874283,-0.1045520231127739,0.6426443457603455,-0.08706362545490265,0.7519309520721436,0.08141283690929413,0.8626032471656799,-0.49027344584465027,0.0886075347661972,-0.1356363445520401,0.6786815524101257,-0.0007036824827082455,0.7382118105888367,0.035689547657966614,0.855092465877533,-0.5255831480026245,0.04739668220281601,-0.1431722790002823,0.638151228427887
220,7.333333333333333,0.016943365335464478,-0.62802654504776,-0.2529946565628052,0.9999236464500427,0.03232382610440254,-0.6457899808883667,-0.2416432797908783,0.9999257922172546,0.03301747143268585,-0.6459832191467285,-0.23183277249336243,0.9999369382858276,0.03192798048257828,-0.6474364399909973,-0.2343292385339737,0.9999504089355469,0.003071547020226717,-0.6506210565567017,-0.2608494162559509,0.9999288320541382,0.006613889243453741,-0.6509422659873962,-0.272885262966156,0.9999293684959412,0.008034746162593365,-0.6395459771156311,-0.25122010707855225,0.9999223351478577,0.09903921186923981,-0.6290690302848816,-0.12957847118377686,0.9999755024909973,-0.059961892664432526,-0.5702582597732544,-0.12543776631355286,0.9997876286506653,0.06325811892747879,-0.6097865104675293,-0.20855970680713654,0.9997692108154297,0.015877453610301018,-0.5739935040473938,-0.23962029814720154,0.9996260404586792,0.19800804555416107,-0.47219905257225037,-0.020188389346003532,0.9998614192008972,-0.0766797810792923,-0.5085069537162781,-0.018395880237221718,0.9995306730270386,0.38136255741119385,-0.40059149265289307,-0.09324377775192261,0.640733540058136,-0.1927330493927002,-0.3157992660999298,-0.21403861045837402,0.8399498462677002,0.5568370223045349,-0.3354194164276123,-0.19982196390628815,0.6893139481544495,-0.34564805030822754,-0.31454354524612427,-0.48197141289711,0.7414194941520691,0.5933564305305481,-0.31884336471557617,-0.21244028210639954,0.701869547367096,-0.3713066875934601,-0.31211531162261963,-0.5513643026351929,0.7334538102149963,0.5860650539398193,-0.3230770528316498,-0.24904116988182068,0.7060986161231995,-0.3414185047149658,-0.35284119844436646,-0.5774219036102295,0.7297117710113525,0.5656238198280334,-0.3127526640892029,-0.2238074690103531,0.6934804320335388,-0.3484829068183899,-0.32562124729156494,-0.5049960017204285,0.710265576839447,0.07343509793281555,0.023419421166181564,0.03174480423331261,0.9999442100524902,-0.07132828235626221,-0.02848469279706478,-0.026648826897144318,0.999841570854187,0.00910519901663065,0.4412943422794342,-0.06353183835744858,0.8252919316291809,-0.3392495810985565,-0.02853807620704174,-0.16945190727710724,0.860677182674408,-0.06558238714933395,0.843601405620575,-0.01547270081937313,0.8843936324119568,-0.75535649061203,0.14751771092414856,-0.038232263177633286,0.6767221689224243,-0.0944858267903328,0.881104588508606,-0.005968399345874786,0.8734102249145508,-0.798139214515686,0.1544078290462494,-0.06487380713224411,0.70319664478302,-0.03138917312026024,0.9045106768608093,-0.08551706373691559,0.868992269039154,-0.8575736880302429,0.10190567374229431,-0.11069667339324951,0.67267245054245
221,7.366666666666666,-0.0043136123567819595,-0.625352680683136,-0.284258633852005,0.999930739402771,0.018270643427968025,-0.6410363912582397,-0.2756878733634949,0.9999310970306396,0.01843145303428173,-0.6408204436302185,-0.2673371136188507,0.9999409914016724,0.017735721543431282,-0.6421721577644348,-0.26968613266944885,0.9999534487724304,-0.005267650820314884,-0.646173894405365,-0.2825082242488861,0.9999343752861023,-0.003429056378081441,-0.6478360295295715,-0.29307088255882263,0.9999350905418396,-0.0005293753347359598,-0.6338568329811096,-0.27362436056137085,0.9999284148216248,0.10416129231452942,-0.6191319823265076,-0.1899184137582779,0.9999769926071167,-0.0555054135620594,-0.5677390694618225,-0.1340934932231903,0.9998055100440979,0.04935773089528084,-0.6023270487785339,-0.24356608092784882,0.999791145324707,0.007423881907016039,-0.5694679617881775,-0.25805529952049255,0.999660849571228,0.2086229920387268,-0.4635811150074005,-0.08296556025743484,0.9998739957809448,-0.07661037892103195,-0.5074884295463562,0.03488088399171829,0.9995569586753845,0.388893723487854,-0.4053807258605957,-0.12295206636190414,0.6765412092208862,-0.29095348715782166,-0.34441474080085754,0.023808855563402176,0.8546624183654785,0.5403605103492737,-0.3366347551345825,-0.16655470430850983,0.7202717661857605,-0.5180369019508362,-0.3470306992530823,-0.12637318670749664,0.7664434909820557,0.5757535696029663,-0.3280681073665619,-0.17015476524829865,0.7313965559005737,-0.5422171354293823,-0.351859986782074,-0.15492291748523712,0.758552074432373,0.5687416791915894,-0.32759273052215576,-0.1992131918668747,0.735241174697876,-0.5256872773170471,-0.3909921646118164,-0.2077944129705429,0.7553873062133789,0.5483930706977844,-0.3142668902873993,-0.18450616300106049,0.7238073945045471,-0.525326669216156,-0.3568527102470398,-0.15781842172145844,0.7379211783409119,0.07904694974422455,0.03621988743543625,-0.0020165755413472652,0.999947190284729,-0.07668734341859818,-0.04045417532324791,0.005430763121694326,0.9998515844345093,0.004942811094224453,0.4709455370903015,-0.1054188683629036,0.8426834344863892,-0.4118187725543976,-0.07928871363401413,-0.02460767701268196,0.8740527033805847,-0.061538975685834885,0.8324130773544312,0.023331990465521812,0.8958431482315063,-0.7154929637908936,0.16256307065486908,0.18823054432868958,0.7083450555801392,-0.08927147090435028,0.8669257164001465,0.039586085826158524,0.8848344087600708,-0.7482736110687256,0.1770397573709488,0.16841749846935272,0.7300727367401123,-0.05479633808135986,0.9050041437149048,-0.02456805668771267,0.8818788528442383,-0.8087682127952576,0.1468966007232666,0.1276976317167282,0.7045403122901917
222,7.3999999999999995,-0.006706797983497381,-0.6234093308448792,-0.29075542092323303,0.999937117099762,0.018674425780773163,-0.6396470665931702,-0.2814487814903259,0.999936044216156,0.018740234896540642,-0.6395848393440247,-0.27339497208595276,0.999944806098938,0.017999403178691864,-0.6407883763313293,-0.2756182551383972,0.9999561905860901,-0.0028384265024214983,-0.645068347454071,-0.28748956322669983,0.9999395608901978,-0.0013146199053153396,-0.646259605884552,-0.2977577745914459,0.9999404549598694,0.001799836871214211,-0.632525622844696,-0.27867814898490906,0.9999341368675232,0.10799633711576462,-0.6132261753082275,-0.2010803371667862,0.9999780654907227,-0.05005528777837753,-0.5661342144012451,-0.14273829758167267,0.9998220205307007,0.045497581362724304,-0.6021299362182617,-0.2514737844467163,0.9998106956481934,0.006330056115984917,-0.568131148815155,-0.26565325260162354,0.9996922612190247,0.21770639717578888,-0.4576896131038666,-0.10187947005033493,0.9998849034309387,-0.0782926082611084,-0.5071772933006287,0.030532240867614746,0.9995865225791931,0.40337449312210083,-0.4078860878944397,-0.1687977910041809,0.7087742686271667,-0.2869739830493927,-0.3580363392829895,0.032716404646635056,0.8680830001831055,0.5577361583709717,-0.3416185975074768,-0.24135839939117432,0.7481098771095276,-0.5274125933647156,-0.3664616048336029,-0.0870739296078682,0.7893278002738953,0.59635329246521,-0.333426296710968,-0.24736306071281433,0.7578972578048706,-0.555121898651123,-0.3719494342803955,-0.11685498803853989,0.7816857099533081,0.5887326002120972,-0.33485421538352966,-0.2781152129173279,0.7614064812660217,-0.5378082990646362,-0.4120304584503174,-0.16204603016376495,0.7789676785469055,0.5642003417015076,-0.3198584020137787,-0.260820209980011,0.7510543465614319,-0.5337154865264893,-0.3765282928943634,-0.1150658130645752,0.7632735967636108,0.08174856007099152,0.04017062857747078,-0.00941513106226921,0.9999494552612305,-0.07907575368881226,-0.044498614966869354,0.012660029344260693,0.9998605847358704,-0.0026155326049774885,0.47876298427581787,-0.0931592732667923,0.8582847118377686,-0.4025292694568634,-0.07840106636285782,-0.00646929070353508,0.8860226273536682,-0.07826711982488632,0.8350691795349121,0.03265818953514099,0.9060787558555603,-0.7124164700508118,0.17371167242527008,0.17485617101192474,0.7368574738502502,-0.10616675764322281,0.870560348033905,0.04966758191585541,0.8943601846694946,-0.7468857169151306,0.1888623684644699,0.15369640290737152,0.7545459270477295,-0.10095120221376419,0.9014062881469727,-0.023264167830348015,0.8933684825897217,-0.8120856285095215,0.15182772278785706,0.11743734031915665,0.7332486510276794
223,7.433333333333334,0.0019376239506527781,-0.6166267395019531,-0.34343013167381287,0.9999432563781738,0.02346177212893963,-0.6317540407180786,-0.3324638605117798,0.9999418258666992,0.02380920946598053,-0.6314531564712524,-0.3239794671535492,0.9999496340751648,0.023022988811135292,-0.6325396299362183,-0.3261896073818207,0.9999599456787109,0.0036233181599527597,-0.6391668319702148,-0.3406129777431488,0.9999452233314514,0.005140721797943115,-0.640922486782074,-0.3510983884334564,0.9999460577964783,0.008274069987237453,-0.6258254647254944,-0.33188217878341675,0.9999402761459351,0.11221986263990402,-0.5952449440956116,-0.24778445065021515,0.9999798536300659,-0.0411599799990654,-0.556376576423645,-0.2057359218597412,0.9998388290405273,0.049615148454904556,-0.5900393724441528,-0.3025468587875366,0.9998290538787842,0.01164249051362276,-0.5591702461242676,-0.32036980986595154,0.9997220039367676,0.21809549629688263,-0.43729540705680847,-0.1430995911359787,0.9998948574066162,-0.08295275270938873,-0.4986687898635864,0.0030421465635299683,0.9996137619018555,0.4293811619281769,-0.4056141972541809,-0.17069606482982635,0.7378184795379639,-0.31159183382987976,-0.36767318844795227,-0.02232230454683304,0.8805814385414124,0.6180276274681091,-0.3530102074146271,-0.18921034038066864,0.7731832265853882,-0.5772017240524292,-0.37122446298599243,-0.12668214738368988,0.8097176551818848,0.6636955738067627,-0.35124295949935913,-0.1813768446445465,0.7817464470863342,-0.6136685609817505,-0.37871065735816956,-0.16420811414718628,0.8017994165420532,0.6603150367736816,-0.3556533455848694,-0.21568159759044647,0.7849623560905457,-0.5985708236694336,-0.41540175676345825,-0.19268985092639923,0.7995840907096863,0.6285227537155151,-0.3334866464138031,-0.20816700160503387,0.7756187915802002,-0.5860621929168701,-0.37963634729385376,-0.14233678579330444,0.7856568694114685,0.08271737396717072,0.041175659745931625,-0.005846078507602215,0.999951958656311,-0.08010116964578629,-0.045360442250967026,0.008967501111328602,0.9998689889907837,0.0020232454407960176,0.48124343156814575,-0.08102945238351822,0.8723326325416565,-0.37414389848709106,-0.07754065841436386,-0.020093470811843872,0.8965761661529541,-0.07471751421689987,0.8294244408607483,0.044848375022411346,0.9153521656990051,-0.5796651244163513,0.18725046515464783,0.19982390105724335,0.7620430588722229,-0.10289302468299866,0.8641066551208496,0.06176024302840233,0.9036869406700134,-0.6021180152893066,0.20339825749397278,0.18352533876895905,0.7754996418952942,-0.09569920599460602,0.8941901326179504,-0.005068549886345863,0.9038186073303223,-0.6499479413032532,0.1803438365459442,0.14866559207439423,0.7585840225219727
224,7.466666666666667,0.004965505562722683,-0.6101999878883362,-0.3597775399684906,0.9999487996101379,0.030638964846730232,-0.6245604753494263,-0.3484382629394531,0.999947190284729,0.02938082627952099,-0.6242008209228516,-0.33994629979133606,0.9999541640281677,0.028820641338825226,-0.6252495646476746,-0.34216445684432983,0.9999635219573975,0.00855611078441143,-0.6330370306968689,-0.35907790064811707,0.9999504089355469,0.010003696195781231,-0.6347898244857788,-0.36960259079933167,0.999951183795929,0.013015017844736576,-0.6193341016769409,-0.3503071367740631,0.9999459385871887,0.11850430071353912,-0.5856915712356567,-0.25975313782691956,0.9999815225601196,-0.02850436419248581,-0.5481151938438416,-0.2315521538257599,0.9998542070388794,0.0515163354575634,-0.5822198987007141,-0.31696751713752747,0.9998457431793213,0.013860567472875118,-0.5522165298461914,-0.33844470977783203,0.9997490644454956,0.2221454381942749,-0.4309438169002533,-0.1491454839706421,0.9999042749404907,-0.07967463880777359,-0.49301278591156006,-0.024126065894961357,0.999641478061676,0.43997105956077576,-0.40561145544052124,-0.1641526073217392,0.7639815211296082,-0.30556297302246094,-0.3686352074146271,-0.04261424019932747,0.8919790983200073,0.6300827264785767,-0.35423368215560913,-0.17688849568367004,0.7957924604415894,-0.5712807774543762,-0.3712623119354248,-0.14324161410331726,0.8282747864723206,0.6743801236152649,-0.3542481064796448,-0.1665681004524231,0.8033284544944763,-0.607401430606842,-0.3807029724121094,-0.181251659989357,0.8203545808792114,0.6714689135551453,-0.35895925760269165,-0.20173951983451843,0.8062634468078613,-0.5935146808624268,-0.41670334339141846,-0.2061866819858551,0.8185311555862427,0.6404504179954529,-0.33482372760772705,-0.1953992396593094,0.7978349924087524,-0.579836905002594,-0.37982338666915894,-0.15447232127189636,0.8061105608940125,0.08380630612373352,0.04109213873744011,-0.002511893166229129,0.9999547600746155,-0.08118022233247757,-0.045206110924482346,0.0056369854137301445,0.9998776912689209,0.008762340061366558,0.48575282096862793,-0.06896774470806122,0.8850011229515076,-0.3767271041870117,-0.06286845356225967,-0.036600228399038315,0.9063882231712341,-0.06801540404558182,0.8362772464752197,0.0628778263926506,0.9237194061279297,-0.5555539727210999,0.19716857373714447,0.19237284362316132,0.7849347591400146,-0.09633566439151764,0.8715383410453796,0.08376509696245193,0.9121655225753784,-0.5748644471168518,0.21279023587703705,0.17814618349075317,0.7946580052375793,-0.08550091087818146,0.9016945958137512,0.014668661169707775,0.9132528901100159,-0.6197338700294495,0.19300290942192078,0.14289942383766174,0.7816385626792908
225,7.5,0.0077066668309271336,-0.5915562510490417,-0.3633263409137726,0.9999538660049438,0.03373267129063606,-0.6048416495323181,-0.3520113527774811,0.9999523162841797,0.03126396983861923,-0.604978621006012,-0.34318724274635315,0.9999585747718811,0.03127190098166466,-0.6061458587646484,-0.34539374709129333,0.9999670386314392,0.010831883177161217,-0.6151102185249329,-0.3635193705558777,0.9999552965164185,0.01232091523706913,-0.6167336106300354,-0.3744087517261505,0.999955952167511,0.015144881792366505,-0.6010831594467163,-0.3554224371910095,0.9999512434005737,0.1188771203160286,-0.5663982629776001,-0.26072773337364197,0.9999831914901733,-0.023746304214000702,-0.5319124460220337,-0.24031342566013336,0.9998683929443359,0.05249491706490517,-0.5639437437057495,-0.32036247849464417,0.9998608827590942,0.014741445891559124,-0.5347964763641357,-0.34329187870025635,0.9997736811637878,0.21839216351509094,-0.412934809923172,-0.13838087022304535,0.999912440776825,-0.07977274060249329,-0.48401546478271484,-0.055708810687065125,0.9996598958969116,0.44580426812171936,-0.40175583958625793,-0.13932254910469055,0.7873648405075073,-0.3068312406539917,-0.3775908648967743,-0.06488721817731857,0.9015058875083923,0.6455081105232239,-0.3496510088443756,-0.144485205411911,0.8160140514373779,-0.5641642808914185,-0.38050577044487,-0.16129104793071747,0.8435192704200745,0.6909330487251282,-0.3526322841644287,-0.13058148324489594,0.8224329352378845,-0.5984976887702942,-0.39266327023506165,-0.18484699726104736,0.8333441615104675,0.6882994174957275,-0.35646170377731323,-0.16700667142868042,0.8251902461051941,-0.5827365517616272,-0.4258995056152344,-0.22049102187156677,0.8324013948440552,0.6576871871948242,-0.33036938309669495,-0.16264308989048004,0.8175718188285828,-0.5714619159698486,-0.3877297639846802,-0.18199504911899567,0.8218834400177002,0.08384083211421967,0.040135983377695084,0.0027637670282274485,0.9999567270278931,-0.08122719824314117,-0.044280704110860825,0.00017269082309212536,0.9998818635940552,0.03431938588619232,0.48143184185028076,-0.05999826267361641,0.895291805267334,-0.3513950705528259,-0.053909529000520706,-0.04440806433558464,0.9059444069862366,-0.01982002891600132,0.8277878165245056,0.07497751712799072,0.9304798245429993,-0.30690979957580566,0.025464992970228195,0.23026789724826813,0.7539530992507935,-0.04732068255543709,0.8625005483627319,0.0978304073214531,0.9154277443885803,-0.2911956012248993,0.019700199365615845,0.22422587871551514,0.7654398083686829,-0.05622851476073265,0.8938384652137756,0.022114170715212822,0.9204870462417603,-0.26877927780151367,0.019535208120942116,0.2308923900127411,0.7618608474731445
226,7.533333333333333,0.02005843073129654,-0.5854679942131042,-0.35658523440361023,0.9999584555625916,0.04612111300230026,-0.599723756313324,-0.3277803063392639,0.9999570250511169,0.044845081865787506,-0.5998110771179199,-0.32107043266296387,0.9999626874923706,0.04552222043275833,-0.6015286445617676,-0.32032766938209534,0.9999703168869019,0.021373074501752853,-0.6100149154663086,-0.3443980813026428,0.9999597668647766,0.023224685341119766,-0.6111267805099487,-0.35328662395477295,0.9999603629112244,0.02541455626487732,-0.5969725251197815,-0.33744972944259644,0.9999560713768005,0.1282033622264862,-0.5626760721206665,-0.20237979292869568,0.9999848008155823,-0.021883651614189148,-0.5299134254455566,-0.19307424128055573,0.9998814463615417,0.06287765502929688,-0.5586470365524292,-0.30005353689193726,0.9998746514320374,0.0214792862534523,-0.529096782207489,-0.3273293077945709,0.9997960925102234,0.2241278886795044,-0.4108620285987854,-0.09499231725931168,0.9999200105667114,-0.08430801331996918,-0.4837007224559784,-0.013013295829296112,0.9996851682662964,0.4419690668582916,-0.3989756405353546,-0.1144363135099411,0.8082600831985474,-0.3100751042366028,-0.38496413826942444,-0.04467175155878067,0.9079516530036926,0.6448750495910645,-0.34686964750289917,-0.12371651083230972,0.8340745568275452,-0.550342321395874,-0.3795353174209595,-0.15122565627098083,0.8558023571968079,0.6962989568710327,-0.3536652624607086,-0.10554393380880356,0.8393452167510986,-0.5822307467460632,-0.39234301447868347,-0.18141473829746246,0.8428173065185547,0.6921663284301758,-0.358612060546875,-0.15224622189998627,0.8420222997665405,-0.5634092092514038,-0.42738863825798035,-0.21540717780590057,0.8430088758468628,0.6567153334617615,-0.32793813943862915,-0.14431564509868622,0.8351380825042725,-0.5538364052772522,-0.38752907514572144,-0.17421123385429382,0.8345102071762085,0.08942065387964249,0.03972892090678215,0.005609443411231041,0.9999589323997498,-0.08665057271718979,-0.04376295581459999,-0.0028188780415803194,0.9998883605003357,0.07755913585424423,0.4617581069469452,-0.06834577769041061,0.9043692946434021,-0.2957439422607422,-0.09692967683076859,-0.19249896705150604,0.9103823900222778,0.03547939285635948,0.8188764452934265,0.03639023005962372,0.9359978437423706,-0.07924450933933258,0.01983129233121872,-0.01124583836644888,0.7278602123260498,0.0066437008790671825,0.852814793586731,0.05447547510266304,0.9163224101066589,-0.0521065928041935,0.017137540504336357,-0.02637125365436077,0.7400228977203369,-0.013821051456034184,0.8827850222587585,-0.02607828564941883,0.9264982342720032,0.00894381944090128,0.031040389090776443,-0.04003873094916344,0.7525695562362671
227,7.566666666666666,0.01812872849404812,-0.5864905714988708,-0.31666532158851624,0.999962568283081,0.04333653673529625,-0.601777195930481,-0.3065907061100006,0.999961256980896,0.04269809648394585,-0.6018712520599365,-0.29930970072746277,0.9999663829803467,0.04296908155083656,-0.603420615196228,-0.2960797846317291,0.9999732375144958,0.021885022521018982,-0.6115697622299194,-0.3105767071247101,0.9999637603759766,0.023598942905664444,-0.6124581694602966,-0.3199017345905304,0.9999642968177795,0.02599673718214035,-0.5984196662902832,-0.3040505349636078,0.9999604225158691,0.12591418623924255,-0.5662515163421631,-0.2053309977054596,0.9999862909317017,-0.008064394816756248,-0.5302128195762634,-0.17069584131240845,0.9998931884765625,0.061728741973638535,-0.5611570477485657,-0.2764725089073181,0.9998871088027954,0.02288689836859703,-0.5309115052223206,-0.2867703437805176,0.999816358089447,0.22012785077095032,-0.41325756907463074,-0.12582620978355408,0.9999274611473083,-0.05189044401049614,-0.4949856996536255,0.07267873734235764,0.9997119903564453,0.3251507580280304,-0.3421154320240021,-0.2537040710449219,0.8271074295043945,-0.22033195197582245,-0.39264631271362305,0.1843089461326599,0.8902357816696167,0.18800166249275208,-0.3381955325603485,-0.33099034428596497,0.8504981398582458,-0.4743916094303131,-0.4059273302555084,0.1989210844039917,0.8689723610877991,0.15000882744789124,-0.3512837886810303,-0.3432580828666687,0.8551328778266907,-0.5121720433235168,-0.42317408323287964,0.18041935563087463,0.8570881485939026,0.11159423738718033,-0.3598024845123291,-0.34554702043533325,0.8575586080551147,-0.45548948645591736,-0.45975711941719055,0.15524496138095856,0.8573477268218994,0.16608044505119324,-0.32448187470436096,-0.33411574363708496,0.8511281609535217,-0.46437153220176697,-0.4187236428260803,0.1818460375070572,0.8494328260421753,0.08685122430324554,0.039427779614925385,-0.0285390205681324,0.9999549388885498,-0.08396169543266296,-0.04330418258905411,0.030346818268299103,0.9998829364776611,0.0742470920085907,0.436828076839447,-0.1329391598701477,0.9135992527008057,-0.2408183515071869,-0.022799301892518997,-0.08167877048254013,0.9113428592681885,0.0446050651371479,0.813892662525177,-0.10539238154888153,0.9421772956848145,-0.05924062058329582,0.07114819437265396,0.11883559077978134,0.7228196263313293,0.023232748731970787,0.8505499958992004,-0.09763416647911072,0.9232420325279236,-0.043844085186719894,0.08340335637331009,0.1073218509554863,0.7416781187057495,-0.007227519992738962,0.8971389532089233,-0.14758950471878052,0.9335719347000122,-0.024614259600639343,0.12081962823867798,0.1384958028793335,0.7571340799331665
228,7.6,0.01823868416249752,-0.5943572521209717,-0.32087990641593933,0.9999661445617676,0.04344923794269562,-0.603075385093689,-0.31533893942832947,0.9999649524688721,0.042813874781131744,-0.6038601994514465,-0.30554842948913574,0.9999695420265198,0.04305307939648628,-0.6047276258468628,-0.305308073759079,0.9999757409095764,0.02237571030855179,-0.6155962944030762,-0.31842106580734253,0.9999672174453735,0.02390921674668789,-0.6159194707870483,-0.3303543031215668,0.9999676942825317,0.02630450762808323,-0.6007646918296814,-0.3118721842765808,0.99996417760849,0.12806858122348785,-0.5689095854759216,-0.24577008187770844,0.9999874830245972,0.0037550751585513353,-0.5371929407119751,-0.19158557057380676,0.9999029636383057,0.061479855328798294,-0.564298689365387,-0.2850891947746277,0.9998980164527893,0.02367973141372204,-0.5384584069252014,-0.29728981852531433,0.9998340010643005,0.21686981618404388,-0.41316425800323486,-0.17862707376480103,0.9999338984489441,-0.03640849515795708,-0.5039098858833313,0.04816683009266853,0.9997320771217346,0.270245224237442,-0.321371853351593,-0.3172292113304138,0.8421244025230408,-0.16556867957115173,-0.3880709111690521,0.08748628944158554,0.853491485118866,0.14246363937854767,-0.32756054401397705,-0.4080851972103119,0.863776445388794,-0.43454617261886597,-0.4012617766857147,0.05017543211579323,0.8767527937889099,0.10282966494560242,-0.3403008282184601,-0.4232608377933502,0.8672428131103516,-0.4437679946422577,-0.41437140107154846,0.025559965521097183,0.8652058243751526,0.07386433333158493,-0.3558397591114044,-0.4278169274330139,0.869596540927887,-0.39757049083709717,-0.4512886106967926,-3.317988375783898e-05,0.8659871816635132,0.1253853291273117,-0.3239889442920685,-0.41380345821380615,0.8622472286224365,-0.41835278272628784,-0.4125362038612366,0.032146383076906204,0.8577209115028381,0.08355173468589783,0.039504677057266235,-0.0330992266535759,0.9999523758888245,-0.0813622921705246,-0.04372240602970123,0.03509052097797394,0.9998789429664612,0.07217087596654892,0.45828694105148315,-0.13243591785430908,0.9201465845108032,-0.2357783168554306,-0.022228842601180077,0.11654754728078842,0.8500779867172241,0.03789908438920975,0.8240819573402405,-0.09891194105148315,0.9463036060333252,-0.14977110922336578,0.09385770559310913,0.4020041823387146,0.6707227826118469,0.017623644322156906,0.8604327440261841,-0.08909489214420319,0.9229904413223267,-0.1429232805967331,0.10273563116788864,0.39309170842170715,0.6999262571334839,-0.00985817052423954,0.9227247834205627,-0.13985885679721832,0.9384081363677979,-0.1482507735490799,0.17178410291671753,0.4349857270717621,0.7146745920181274
229,7.633333333333333,-0.004437842406332493,-0.6140261292457581,-0.25679242610931396,0.99996417760849,0.02756264992058277,-0.6216670870780945,-0.2598360478878021,0.9999658465385437,0.02741253189742565,-0.6240688562393188,-0.2443162500858307,0.9999695420265198,0.027238385751843452,-0.6231312155723572,-0.24534672498703003,0.9999763369560242,0.010260199196636677,-0.6402450203895569,-0.2492559552192688,0.9999672174453735,0.010167871601879597,-0.6392506957054138,-0.2621380090713501,0.9999662041664124,0.012718276120722294,-0.6255041360855103,-0.2417580932378769,0.9999632835388184,0.12694761157035828,-0.5821352601051331,-0.20219343900680542,0.9999866485595703,0.004027648363262415,-0.5709972381591797,-0.11436177045106888,0.9998669028282166,0.043323028832674026,-0.5864094495773315,-0.22636832296848297,0.9998820424079895,0.008804522454738617,-0.5635925531387329,-0.2262951284646988,0.9998022317886353,0.09984510391950607,-0.41835150122642517,-0.16146500408649445,0.9999368190765381,0.004985385108739138,-0.5146211981773376,0.1424385905265808,0.9996167421340942,-0.056045051664114,-0.3276689946651459,-0.25181716680526733,0.841814398765564,-0.08110836148262024,-0.3546304404735565,0.12660694122314453,0.768658459186554,-0.17305941879749298,-0.3273452818393707,0.008413739502429962,0.8403751850128174,-0.1958482414484024,-0.31352534890174866,-0.008562495931982994,0.7906268239021301,-0.21312682330608368,-0.33902016282081604,0.02353832684457302,0.837271511554718,-0.1915144920349121,-0.31317204236984253,-0.0390503890812397,0.7820625305175781,-0.20505425333976746,-0.35452571511268616,0.02284133806824684,0.8394246101379395,-0.17196024954319,-0.3453662693500519,-0.06456131488084793,0.7830860614776611,-0.16582340002059937,-0.3223876357078552,0.015636859461665154,0.8215861916542053,-0.19372262060642242,-0.3249638080596924,-0.02733985334634781,0.7755956649780273,0.0490134060382843,0.026759186759591103,-0.058214202523231506,0.9999500513076782,-0.04730364680290222,-0.029659351333975792,0.06142406910657883,0.9998685121536255,0.041717689484357834,0.4493355453014374,-0.15915998816490173,0.9240667223930359,-0.04601040109992027,0.14208726584911346,0.17985153198242188,0.7704967856407166,0.046174027025699615,0.822437584400177,-0.16174070537090302,0.9491889476776123,-0.004360465332865715,0.3670196235179901,0.43406662344932556,0.6187402606010437,0.029830025508999825,0.8569024205207825,-0.15321391820907593,0.922006368637085,-0.0014130303170531988,0.3845597505569458,0.41665005683898926,0.653311550617218,-0.006045961752533913,0.9118333458900452,-0.19853553175926208,0.9410797953605652,-0.025656796991825104,0.44797950983047485,0.4359162151813507,0.6648632884025574
230,7.666666666666667,-0.012501703575253487,-0.6258512139320374,-0.2516743540763855,0.9999645352363586,0.02147536911070347,-0.6315973997116089,-0.25469738245010376,0.9999676942825317,0.021476363763213158,-0.6342499256134033,-0.23869432508945465,0.9999707937240601,0.020924387499690056,-0.632747232913971,-0.24030324816703796,0.9999775886535645,0.00561558036133647,-0.652344286441803,-0.2441004514694214,0.9999685883522034,0.005072526168078184,-0.6509466767311096,-0.2572014629840851,0.9999669194221497,0.007735668681561947,-0.6373075842857361,-0.23634617030620575,0.9999644756317139,0.12670491635799408,-0.5874785780906677,-0.19695822894573212,0.9999867081642151,0.003793081734329462,-0.5835234522819519,-0.11009056866168976,0.9998580813407898,0.034129418432712555,-0.5990409851074219,-0.2207404524087906,0.9998806715011597,0.0007760400185361505,-0.577690601348877,-0.22124990820884705,0.9997994303703308,0.07878416031599045,-0.4207298457622528,-0.16179923713207245,0.9999397397041321,0.009764842689037323,-0.5199258327484131,0.12968763709068298,0.9995830655097961,-0.06894104182720184,-0.33352407813072205,-0.2258261889219284,0.8432562947273254,-0.0665840357542038,-0.3201287090778351,0.11466485261917114,0.6930726170539856,-0.15064558386802673,-0.3318904936313629,0.034140702337026596,0.8286070227622986,-0.13868997991085052,-0.2021532654762268,-0.022914288565516472,0.7135939598083496,-0.1820077747106552,-0.34353747963905334,0.04778997600078583,0.8203032612800598,-0.126682311296463,-0.17905351519584656,-0.06018070504069328,0.7076703906059265,-0.17215849459171295,-0.35414427518844604,0.04282938316464424,0.8225305676460266,-0.10422548651695251,-0.20486654341220856,-0.08083048462867737,0.7089518904685974,-0.14049850404262543,-0.3241046965122223,0.038596078753471375,0.7962097525596619,-0.13341951370239258,-0.20599153637886047,-0.042535170912742615,0.7022053599357605,0.03560205549001694,0.02172122709453106,-0.06033188849687576,0.9999502301216125,-0.03394743427634239,-0.023972654715180397,0.06361894309520721,0.9998682141304016,0.0232223030179739,0.44389936327934265,-0.14973042905330658,0.9288142323493958,-0.00865563191473484,0.16959069669246674,0.23031139373779297,0.7011920213699341,0.040444809943437576,0.8141175508499146,-0.13798581063747406,0.9525502324104309,0.031168682500720024,0.42671531438827515,0.5076780915260315,0.5805715918540955,0.023551741614937782,0.8516219854354858,-0.1280040293931961,0.9220421314239502,0.03461269661784172,0.44707444310188293,0.4921264350414276,0.6165182590484619,-0.007628562394529581,0.9031263589859009,-0.1784197986125946,0.944553792476654,0.010958375409245491,0.5102346539497375,0.509381890296936,0.6293843984603882
231,7.7,-0.08167337626218796,-0.6248292922973633,0.04383637383580208,0.9999647736549377,-0.07233722507953644,-0.6325810551643372,0.012483702972531319,0.9999690055847168,-0.07185827940702438,-0.6346533298492432,0.02296830154955387,0.999971866607666,-0.0703861340880394,-0.633689284324646,0.023795899003744125,0.9999786019325256,-0.0391593836247921,-0.6498903036117554,0.01768011599779129,0.9999688863754272,-0.03829490765929222,-0.6485361456871033,0.006054962985217571,0.9999668002128601,-0.03317372128367424,-0.6348886489868164,0.026436423882842064,0.9999644756317139,-0.025633737444877625,-0.5812299251556396,-0.08276273310184479,0.9999875426292419,0.02188560739159584,-0.5570015907287598,0.014149731025099754,0.9998653531074524,-0.05436434596776962,-0.597723126411438,0.030428143218159676,0.9998829364776611,-0.038265544921159744,-0.5760157108306885,0.028707727789878845,0.9997984170913696,-0.10268165171146393,-0.42044663429260254,-0.09169583767652512,0.9999446868896484,0.1303497701883316,-0.4911426305770874,0.18476979434490204,0.9995240569114685,-0.30092352628707886,-0.33147960901260376,-0.17472276091575623,0.8571014404296875,0.09857699275016785,-0.32073286175727844,0.3093620538711548,0.6239391565322876,-0.5049716830253601,-0.33163973689079285,0.029238147661089897,0.8431698679924011,-0.010009651072323322,-0.29134559631347656,0.4558071196079254,0.6425859332084656,-0.5639530420303345,-0.34589076042175293,0.04388030245900154,0.8344794511795044,0.011672118678689003,-0.32445207238197327,0.46097612380981445,0.6377105116844177,-0.5708510875701904,-0.353579580783844,0.05124839022755623,0.8361046314239502,-0.001741232699714601,-0.3557099997997284,0.45745888352394104,0.6388446688652039,-0.5108141303062439,-0.3231135308742523,0.03680996224284172,0.8077401518821716,-0.02996130660176277,-0.323117733001709,0.4491228461265564,0.6328725218772888,-0.036468856036663055,0.019535863772034645,-0.04912463575601578,0.999951183795929,0.037859003990888596,-0.023609040305018425,0.052769921720027924,0.9998579621315002,-0.03367329016327858,0.43445393443107605,-0.07215471565723419,0.9190228581428528,0.17771503329277039,0.1380625069141388,0.13367696106433868,0.6482308506965637,0.031150607392191887,0.8091112971305847,-0.1145758405327797,0.9336937069892883,0.038763098418712616,0.2578364908695221,0.3157356381416321,0.528452455997467,0.021230747923254967,0.8500588536262512,-0.12306629866361618,0.8980327844619751,0.017538027837872505,0.2573389410972595,0.29215848445892334,0.5703766942024231,-0.042832136154174805,0.889212965965271,-0.07101742178201675,0.9122214913368225,0.014945396222174168,0.24918173253536224,0.5021446943283081,0.574656069278717
232,7.733333333333333,-0.015323612838983536,-0.6402119994163513,0.13281793892383575,0.9999154210090637,-0.0507664680480957,-0.6502312421798706,0.10145648568868637,0.9999200701713562,-0.05126424878835678,-0.6543404459953308,0.1129855364561081,0.9999404549598694,-0.05319538712501526,-0.6519978642463684,0.11078628152608871,0.9999493956565857,0.027848228812217712,-0.6622277498245239,0.08319323509931564,0.9999211430549622,0.026699276641011238,-0.6588067412376404,0.0740291178226471,0.999930739402771,0.03730535879731178,-0.6466521620750427,0.09386713802814484,0.9999112486839294,-0.05135917663574219,-0.5913505554199219,-0.012722741812467575,0.9999814033508301,0.07335770130157471,-0.5558627843856812,-0.0011383467353880405,0.9998157620429993,-0.022969195619225502,-0.6082923412322998,0.11600463092327118,0.9997785687446594,0.020412208512425423,-0.5792565941810608,0.08609113097190857,0.999641478061676,-0.14825153350830078,-0.44432201981544495,-0.0026318770833313465,0.9999482035636902,0.18070583045482635,-0.4923321306705475,0.15686215460300446,0.9995284080505371,-0.3278907835483551,-0.38560470938682556,0.059934038668870926,0.8701251149177551,0.26857975125312805,-0.35651350021362305,0.1930828094482422,0.6217426657676697,-0.4454309642314911,-0.3975488841533661,0.3281058371067047,0.8263042569160461,0.16236178576946259,-0.4184066951274872,0.3845224678516388,0.5810743570327759,-0.4868076741695404,-0.4188573658466339,0.3779376149177551,0.8071295619010925,0.18675152957439423,-0.45458734035491943,0.40128347277641296,0.5766739249229431,-0.47072383761405945,-0.41945880651474,0.379907488822937,0.8074804544448853,0.17212994396686554,-0.49632611870765686,0.4113108515739441,0.5775734186172485,-0.43582862615585327,-0.38656187057495117,0.3340424597263336,0.7730964422225952,0.13881509006023407,-0.44860437512397766,0.38917434215545654,0.5720899105072021,-0.06795887649059296,0.018623387441039085,0.0027581858448684216,0.999952495098114,0.06949470937252045,-0.023010674864053726,-0.0036978628486394882,0.9998549222946167,-0.03399421274662018,0.415608674287796,0.010092525742948055,0.9253429770469666,0.2569287121295929,0.1135907918214798,0.09765836596488953,0.6709102392196655,0.0418442077934742,0.7941181063652039,-0.08737970888614655,0.9392049908638,0.04165161773562431,0.38342389464378357,0.18687067925930023,0.561145544052124,0.031220924109220505,0.8371726274490356,-0.08721071481704712,0.9071723818778992,0.014174108393490314,0.4065757393836975,0.1626032143831253,0.5992642641067505,0.002795953070744872,0.8770610690116882,-0.03910338506102562,0.9161662459373474,0.012960567139089108,0.4710860252380371,0.3060106933116913,0.5814281702041626
233,7.766666666666667,0.012126886285841465,-0.6460540890693665,0.1043626144528389,0.9999138116836548,-0.03716214373707771,-0.65769362449646,0.07528001070022583,0.9999175667762756,-0.04025466740131378,-0.6635022759437561,0.08801386505365372,0.9999373555183411,-0.04124736785888672,-0.6604910492897034,0.08246538043022156,0.9999468326568604,0.045667752623558044,-0.6695948839187622,0.0513666532933712,0.9999216198921204,0.04137534275650978,-0.6646218299865723,0.04414455220103264,0.999931275844574,0.055596716701984406,-0.6548283696174622,0.06408710777759552,0.9999127388000488,-0.06007079407572746,-0.6010100841522217,-0.023668287321925163,0.9999800324440002,0.07425212860107422,-0.5563443303108215,-0.02622215822339058,0.9998199939727783,-0.007376895286142826,-0.6142622828483582,0.09156343340873718,0.9997631311416626,0.037097781896591187,-0.5834819674491882,0.05642683058977127,0.9996350407600403,-0.15796847641468048,-0.4479997754096985,0.007349041290581226,0.9999510049819946,0.17851567268371582,-0.49688681960105896,0.09417955577373505,0.9995633363723755,-0.28673192858695984,-0.3812267482280731,0.11462551355361938,0.8709315061569214,0.29591935873031616,-0.33881768584251404,0.14128629863262177,0.6395973563194275,-0.21706286072731018,-0.4013834595680237,0.3905421793460846,0.7702628374099731,0.16383497416973114,-0.3961046636104584,0.2524811625480652,0.5334935784339905,-0.21880033612251282,-0.42958319187164307,0.43380206823349,0.7506464123725891,0.17226912081241608,-0.42137059569358826,0.2640811800956726,0.5287045836448669,-0.19455529749393463,-0.42909061908721924,0.43271002173423767,0.751305341720581,0.15691442787647247,-0.4612455666065216,0.2660689055919647,0.529548704624176,-0.1936725229024887,-0.3922072947025299,0.38885268568992615,0.7200944423675537,0.1408086121082306,-0.41823044419288635,0.25328874588012695,0.5243127346038818,-0.08180258423089981,0.019458355382084846,0.022797441110014915,0.99995356798172,0.08324975520372391,-0.023262957111001015,-0.02404754050076008,0.9998600482940674,-0.041219182312488556,0.40835368633270264,0.031027095392346382,0.9296090006828308,0.3135099411010742,0.10940296202898026,0.08889468759298325,0.6858798861503601,0.051849085837602615,0.7705311179161072,-0.0752570629119873,0.9428850412368774,0.11702301353216171,0.3474443256855011,0.12337998300790787,0.5826574563980103,0.03953442722558975,0.8114529848098755,-0.07195636630058289,0.9149536490440369,0.09264985471963882,0.36900240182876587,0.1012805923819542,0.6222033500671387,0.030312810093164444,0.8583710193634033,-0.002924131229519844,0.9169874787330627,0.11355035752058029,0.4337836503982544,0.22208380699157715,0.5794413089752197
234,7.8,0.020277539268136024,-0.6467604041099548,0.0985146164894104,0.9999054074287415,-0.02650333009660244,-0.6583380699157715,0.06828877329826355,0.9999074935913086,-0.029337571933865547,-0.6638553738594055,0.0806957334280014,0.9999279379844666,-0.030206022784113884,-0.6611928343772888,0.07592831552028656,0.9999389052391052,0.050156302750110626,-0.6706873774528503,0.04504483565688133,0.9999169111251831,0.04632457718253136,-0.6658867001533508,0.037271104753017426,0.9999274015426636,0.05998490750789642,-0.6561856269836426,0.05739159882068634,0.9999093413352966,-0.06343398243188858,-0.6024259328842163,-0.03234919160604477,0.9999768137931824,0.07667584717273712,-0.5562951564788818,-0.037310827523469925,0.9998170733451843,0.0006391401984728873,-0.6147789359092712,0.08483722060918808,0.9997290372848511,0.04361211881041527,-0.5834560394287109,0.05002989619970322,0.9996085166931152,-0.16262826323509216,-0.4472969174385071,-0.0018537648720666766,0.9999527931213379,0.1767260879278183,-0.49843889474868774,0.05905112996697426,0.9995908141136169,-0.28340545296669006,-0.3789116144180298,0.10226952284574509,0.8691485524177551,0.2911536991596222,-0.3272506892681122,0.10399658232927322,0.6517112851142883,-0.18930275738239288,-0.4108898639678955,0.3800111711025238,0.715088427066803,0.15057498216629028,-0.38548341393470764,0.22771890461444855,0.48949140310287476,-0.18330498039722443,-0.4433087408542633,0.42613476514816284,0.6957244277000427,0.1566033810377121,-0.4119257628917694,0.24006706476211548,0.484418660402298,-0.15237973630428314,-0.4446854591369629,0.42386603355407715,0.6964515447616577,0.13948263227939606,-0.4526413679122925,0.24241168797016144,0.4851819574832916,-0.1608601212501526,-0.4025638699531555,0.3796285092830658,0.6679927706718445,0.1267881542444229,-0.4060954451560974,0.2292124330997467,0.48014113306999207,-0.08426686376333237,0.02020788937807083,0.027790898457169533,0.9999529719352722,0.08568641543388367,-0.023515190929174423,-0.029016241431236267,0.999860405921936,-0.03784457594156265,0.4019169807434082,0.0356178916990757,0.9333563446998596,0.3112645447254181,0.10494448989629745,0.08040910959243774,0.6940307021141052,0.05535650625824928,0.7606239318847656,-0.06639669090509415,0.9462717175483704,0.12762349843978882,0.3475528657436371,0.1403624564409256,0.596697211265564,0.04141444340348244,0.8008832931518555,-0.07089406996965408,0.9219489693641663,0.10393242537975311,0.3712948262691498,0.12047741562128067,0.6404438018798828,0.03338925167918205,0.8487933874130249,0.02604289911687374,0.9163984656333923,0.123493492603302,0.43362295627593994,0.22546537220478058,0.5676169991493225
235,7.833333333333333,0.11149127781391144,-0.6304143071174622,0.03488040342926979,0.9999136924743652,0.07901536673307419,-0.6445099711418152,0.02229376696050167,0.999915361404419,0.07927948981523514,-0.6499754786491394,0.03307829797267914,0.9999338388442993,0.07926874607801437,-0.6476131677627563,0.03068145364522934,0.999943733215332,0.1208815649151802,-0.6558595895767212,-0.007065516896545887,0.9999245405197144,0.12076334655284882,-0.6511016488075256,-0.015473634004592896,0.9999341368675232,0.12954218685626984,-0.639938235282898,0.003997604828327894,0.9999176859855652,-0.05219591036438942,-0.5972437858581543,-0.008782649412751198,0.9999785423278809,0.08116620033979416,-0.5401674509048462,-0.04533642530441284,0.9998340606689453,0.08661366999149323,-0.6031126379966736,0.04465528205037117,0.9997500777244568,0.1108350157737732,-0.5663371086120605,0.0011045306455343962,0.9996426105499268,-0.09981817752122879,-0.4379687011241913,0.07864280790090561,0.9999520182609558,0.1545609086751938,-0.4923447072505951,0.012260149233043194,0.9996181130409241,-0.20676381886005402,-0.3391370475292206,0.22179251909255981,0.8230530619621277,0.2926204800605774,-0.32588478922843933,0.0662158876657486,0.6843450665473938,-0.004203779622912407,-0.39963164925575256,0.5028066635131836,0.6484426856040955,0.19334229826927185,-0.3842258155345917,0.2526546120643616,0.46007198095321655,0.011508794501423836,-0.4236796498298645,0.5553792119026184,0.6321192383766174,0.21311591565608978,-0.41738125681877136,0.2609379291534424,0.4511201083660126,0.030672911554574966,-0.4264298677444458,0.550503671169281,0.6328742504119873,0.20009973645210266,-0.452778697013855,0.26522162556648254,0.45089977979660034,0.02072068117558956,-0.38988280296325684,0.5061005353927612,0.608422577381134,0.17383305728435516,-0.405213326215744,0.25541725754737854,0.4450409710407257,-0.06764638423919678,0.01936737820506096,0.059685852378606796,0.9999558925628662,0.06994444131851196,-0.02318512462079525,-0.06113443896174431,0.999869704246521,-0.0062960232608020306,0.40504440665245056,0.04446364566683769,0.939648449420929,0.3227439522743225,0.1473228633403778,0.04154030606150627,0.7237051129341125,0.05052180215716362,0.7613455057144165,-0.05452067032456398,0.9514919519424438,0.17470039427280426,0.41327354311943054,0.15747776627540588,0.6351212859153748,0.035171691328287125,0.8028246164321899,-0.061694301664829254,0.9295629262924194,0.1568262130022049,0.4359055757522583,0.13971123099327087,0.6727436780929565,0.053154125809669495,0.8449346423149109,0.026425499469041824,0.924140214920044,0.211481511592865,0.5050487518310547,0.22688286006450653,0.6030731797218323
236,7.866666666666666,0.13679389655590057,-0.593515157699585,-0.0004908221308141947,0.999921977519989,0.10576730966567993,-0.6124470829963684,-0.0044875675812363625,0.999923586845398,0.10789313167333603,-0.6204400658607483,0.007738965563476086,0.9999402165412903,0.10672158002853394,-0.6159700751304626,0.002894951729103923,0.9999490976333618,0.1305800974369049,-0.6221835017204285,-0.03467154502868652,0.9999319911003113,0.12496384978294373,-0.6145300269126892,-0.042803823947906494,0.9999406337738037,0.13654246926307678,-0.6051520705223083,-0.023219021037220955,0.9999257922172546,0.0077382540330290794,-0.5849733948707581,0.02476479485630989,0.9999805092811584,0.07165601849555969,-0.5188192129135132,-0.049169108271598816,0.999850332736969,0.11980227380990982,-0.574163556098938,0.02047276869416237,0.9997720122337341,0.11787337809801102,-0.5374476909637451,-0.02420591190457344,0.9996753931045532,-0.08479318767786026,-0.42446190118789673,0.18620263040065765,0.999927818775177,0.13499203324317932,-0.4762684404850006,0.01160859689116478,0.9996222853660583,0.011229302734136581,-0.3245270252227783,0.31604838371276855,0.7466177940368652,0.2916349768638611,-0.327247679233551,0.030373120680451393,0.708783745765686,0.14618270099163055,-0.3566995859146118,0.5399847030639648,0.5863329768180847,0.24531243741512299,-0.3647097647190094,0.22613437473773956,0.44816645979881287,0.158942312002182,-0.39614278078079224,0.5725014805793762,0.5733907222747803,0.27161505818367004,-0.40060654282569885,0.2262120395898819,0.4391724765300751,0.15949080884456635,-0.37664297223091125,0.5788589119911194,0.5743341445922852,0.26502352952957153,-0.4128381311893463,0.22772222757339478,0.43634703755378723,0.16028811037540436,-0.34447646141052246,0.5360288023948669,0.5534486174583435,0.22902286052703857,-0.3746841847896576,0.226618230342865,0.4280954897403717,-0.057144004851579666,0.021480588242411613,0.08273256570100784,0.9999589920043945,0.059347666800022125,-0.0235900841653347,-0.08304738998413086,0.9998804926872253,0.04129783809185028,0.4100640118122101,0.03263380751013756,0.9455833435058594,0.3224431574344635,0.1263267546892166,0.033676739782094955,0.7511515617370605,0.04873354732990265,0.7640495300292969,-0.020119810476899147,0.9562800526618958,0.3879115581512451,0.42008650302886963,0.1661219596862793,0.6712980270385742,0.026993710547685623,0.8049098253250122,-0.023655720055103302,0.9365025162696838,0.40138185024261475,0.45018503069877625,0.14933007955551147,0.7047167420387268,0.05684135854244232,0.8458107113838196,0.02363782934844494,0.9314839839935303,0.5248221755027771,0.48025795817375183,0.2136259377002716,0.6410795450210571
237,7.8999999999999995,0.13267773389816284,-0.5921019911766052,-0.14383381605148315,0.9999297857284546,0.12100306153297424,-0.6135379076004028,-0.13319265842437744,0.9999312162399292,0.12225411832332611,-0.6187950968742371,-0.11892333626747131,0.9999461770057678,0.12243038415908813,-0.6159564852714539,-0.1220254972577095,0.9999541640281677,0.11871948838233948,-0.6237751245498657,-0.1608237475156784,0.9999387860298157,0.11786575615406036,-0.6175440549850464,-0.1728222370147705,0.9999465942382812,0.12365696579217911,-0.6076411008834839,-0.15157167613506317,0.9999332427978516,0.08582878857851028,-0.596412181854248,-0.010773898102343082,0.9999824166297913,0.03965442627668381,-0.520488977432251,-0.09793104231357574,0.9998652935028076,0.13810721039772034,-0.5763322114944458,-0.08670802414417267,0.9997945427894592,0.11566498130559921,-0.5385478734970093,-0.13506950438022614,0.9997075796127319,0.012220089323818684,-0.44976240396499634,0.17374619841575623,0.9999184012413025,0.12682512402534485,-0.48896902799606323,-0.042503610253334045,0.9996528029441833,0.10838683694601059,-0.3808167278766632,0.37223365902900696,0.6903297305107117,0.24419011175632477,-0.348341703414917,-0.20137618482112885,0.7368622422218323,0.2501911222934723,-0.34241607785224915,0.5986248254776001,0.5853056907653809,0.34754759073257446,-0.31140655279159546,-0.2971285879611969,0.502490222454071,0.2571146488189697,-0.355173796415329,0.6461623311042786,0.5841996073722839,0.39437612891197205,-0.3166316747665405,-0.35343897342681885,0.49421533942222595,0.2667902112007141,-0.3372982144355774,0.6348516941070557,0.5869602560997009,0.42806386947631836,-0.32996198534965515,-0.3377629816532135,0.49151796102523804,0.27065423130989075,-0.3188219666481018,0.6015444993972778,0.5671581029891968,0.35804203152656555,-0.31473106145858765,-0.29885074496269226,0.48321640491485596,-0.05457001551985741,0.017612921074032784,0.09678459167480469,0.9999623894691467,0.05718662589788437,-0.021254651248455048,-0.09402880817651749,0.9998916983604431,0.06832092255353928,0.394012987613678,0.05552094429731369,0.9508538842201233,0.29829496145248413,0.18723315000534058,-0.07096689939498901,0.776007890701294,0.03395520895719528,0.7366868257522583,0.08971215784549713,0.9605705738067627,0.5425448417663574,0.4348808825016022,0.05850166827440262,0.7041363716125488,0.0041903904639184475,0.7780733108520508,0.10394129902124405,0.9427593350410461,0.5758504271507263,0.4561322033405304,0.03471185639500618,0.7341892719268799,0.0686437115073204,0.8285720348358154,0.11553546786308289,0.9381929039955139,0.6953136324882507,0.4491674602031708,0.037713322788476944,0.6768649220466614
238,7.933333333333334,0.12888413667678833,-0.5874505639076233,-0.15327517688274384,0.9999365210533142,0.12224694341421127,-0.6118869781494141,-0.14175677299499512,0.9999379515647888,0.1247284784913063,-0.6144550442695618,-0.12944179773330688,0.9999513626098633,0.1243010088801384,-0.613106906414032,-0.13216352462768555,0.9999586343765259,0.11593720316886902,-0.6197075247764587,-0.17152364552021027,0.999944806098938,0.1165836974978447,-0.6151288747787476,-0.18369340896606445,0.9999518394470215,0.12047077715396881,-0.6044682860374451,-0.16189350187778473,0.9999397993087769,0.10507166385650635,-0.598576009273529,-0.025447117164731026,0.9999839663505554,0.027353068813681602,-0.5233749151229858,-0.10504570603370667,0.9998781681060791,0.13828790187835693,-0.5750937461853027,-0.09869939833879471,0.9998106956481934,0.11098954826593399,-0.535897970199585,-0.14576102793216705,0.9997313022613525,0.041184164583683014,-0.4566587507724762,0.18016183376312256,0.999850869178772,0.12412021309137344,-0.48880499601364136,-0.040972840040922165,0.9995395541191101,0.18188968300819397,-0.38103005290031433,0.28300705552101135,0.6343469023704529,0.2787953019142151,-0.33005642890930176,-0.107932910323143,0.743481457233429,0.3581250309944153,-0.32261765003204346,0.4582682251930237,0.5556381940841675,0.383515328168869,-0.2844422161579132,-0.07795847952365875,0.5087795257568359,0.38059481978416443,-0.3405649960041046,0.5292474031448364,0.5630964636802673,0.4337114095687866,-0.297883003950119,-0.10997689515352249,0.4982357621192932,0.3892922103404999,-0.32718101143836975,0.5634657144546509,0.5659534931182861,0.4455636739730835,-0.3266320824623108,-0.10167703777551651,0.4917363226413727,0.37730589509010315,-0.2988829016685486,0.4692769944667816,0.5478916168212891,0.38680556416511536,-0.29587897658348083,-0.0795292928814888,0.4759988486766815,-0.05318966507911682,0.0162042248994112,0.10337760299444199,0.9999653697013855,0.05532677471637726,-0.0202481672167778,-0.10193217545747757,0.9999012351036072,0.0837884172797203,0.39621421694755554,0.07454805821180344,0.955239474773407,0.28535765409469604,0.18216004967689514,-0.08956274390220642,0.7983218431472778,0.009843563660979271,0.7437132596969604,0.1356988549232483,0.9642913937568665,0.5473872423171997,0.44366350769996643,0.004423101432621479,0.7336363792419434,-0.02402203343808651,0.7844537496566772,0.15270788967609406,0.9481787085533142,0.5816895365715027,0.46500590443611145,-0.02237558737397194,0.7605693936347961,0.05836537107825279,0.8322335481643677,0.15963000059127808,0.9437850117683411,0.7054418921470642,0.43991124629974365,-0.03125671669840813,0.708825945854187
239,7.966666666666667,0.11880972236394882,-0.5902295112609863,-0.2591261863708496,0.9999423623085022,0.11128147691488266,-0.6129564046859741,-0.24733884632587433,0.9999437928199768,0.11397187411785126,-0.6136614680290222,-0.23638246953487396,0.9999552965164185,0.1133054792881012,-0.6140251159667969,-0.23863953351974487,0.9999621510505676,0.10752615332603455,-0.619485080242157,-0.2751246392726898,0.9999501705169678,0.10697609931230545,-0.6158114075660706,-0.2878510355949402,0.999956488609314,0.11223146319389343,-0.606002926826477,-0.26532164216041565,0.9999457597732544,0.0981871709227562,-0.5981913208961487,-0.11398198455572128,0.9999834895133972,-0.007577731739729643,-0.5229738354682922,-0.1958019882440567,0.9998897910118103,0.13376955687999725,-0.5762398838996887,-0.20494556427001953,0.9998230934143066,0.10425695776939392,-0.536644697189331,-0.255797803401947,0.9997548460960388,0.07698359340429306,-0.45761770009994507,0.17684690654277802,0.9998414516448975,0.09144710004329681,-0.4754200875759125,-0.16211605072021484,0.9995842576026917,0.10705198347568512,-0.3519539535045624,0.23525340855121613,0.5735342502593994,0.2513412535190582,-0.3336942493915558,-0.29743993282318115,0.7690025568008423,0.07875648140907288,-0.17251940071582794,0.44613972306251526,0.5011845231056213,0.45150381326675415,-0.26280754804611206,-0.3253669738769531,0.5575827956199646,0.04506022110581398,-0.14399734139442444,0.46009397506713867,0.5080277919769287,0.5165554285049438,-0.2501126229763031,-0.41933396458625793,0.547329306602478,0.037758469581604004,-0.14452429115772247,0.4277953803539276,0.5106843113899231,0.5683663487434387,-0.28204596042633057,-0.39323368668556213,0.5414280891418457,0.07613644748926163,-0.14082010090351105,0.45082414150238037,0.49440571665763855,0.4735075533390045,-0.27223309874534607,-0.32727378606796265,0.5251199007034302,-0.0024193862918764353,0.012490744702517986,0.11324777454137802,0.9999685287475586,0.005155486520379782,-0.018818363547325134,-0.10946998000144958,0.9999110102653503,0.13037699460983276,0.37398821115493774,0.08340258151292801,0.9326456785202026,0.1359892189502716,0.12162552028894424,-0.41074880957603455,0.817927360534668,0.007554359268397093,0.7299677133560181,0.21704000234603882,0.9523000121116638,0.37346309423446655,0.22332803905010223,-0.5392561554908752,0.7591304183006287,-0.025510549545288086,0.7681966423988342,0.2412230670452118,0.9479460716247559,0.3706378936767578,0.22477196156978607,-0.5833820700645447,0.7833305597305298,0.07472784072160721,0.8345108032226562,0.24256208539009094,0.9353115558624268,0.4776476323604584,0.12530213594436646,-0.6685886383056641,0.7373273372650146
240,8.0,0.11137436330318451,-0.5906921625137329,-0.2500257194042206,0.9999442100524902,0.10362721979618073,-0.6145420670509338,-0.23924197256565094,0.9999467134475708,0.10630563646554947,-0.6141130924224854,-0.22768504917621613,0.9999526739120483,0.10568919777870178,-0.6148691177368164,-0.23023848235607147,0.9999613165855408,0.10444662719964981,-0.6204591989517212,-0.26260140538215637,0.9999540448188782,0.10594835132360458,-0.6164295673370361,-0.27478036284446716,0.9999596476554871,0.1081506758928299,-0.606873095035553,-0.25293517112731934,0.9999504685401917,0.10177905112504959,-0.6039798855781555,-0.1125774011015892,0.999971330165863,-0.020802779123187065,-0.5250391960144043,-0.17649321258068085,0.9998967051506042,0.1315547376871109,-0.5815392136573792,-0.1960156261920929,0.99979168176651,0.09935752302408218,-0.5382190346717834,-0.2403266578912735,0.9997509121894836,0.08934961259365082,-0.46628516912460327,0.12874546647071838,0.9997271299362183,0.09099394083023071,-0.4770772457122803,-0.12930142879486084,0.999615490436554,0.08581551164388657,-0.3368701934814453,0.2555771768093109,0.5169972777366638,0.27342692017555237,-0.3336956202983856,-0.2384576052427292,0.7912235260009766,0.01543748751282692,-0.15535461902618408,0.39518412947654724,0.4514749348163605,0.49382999539375305,-0.26604846119880676,-0.26434439420700073,0.6008588075637817,-0.019104698672890663,-0.1307208240032196,0.4188765585422516,0.4578680694103241,0.5603587031364441,-0.2569805383682251,-0.34709200263023376,0.5902198553085327,-0.015592098236083984,-0.12681525945663452,0.399270623922348,0.46027904748916626,0.6082893013954163,-0.29084059596061707,-0.32258397340774536,0.5847882628440857,0.01728121004998684,-0.12374316900968552,0.3962068557739258,0.44561171531677246,0.5138209462165833,-0.2766871452331543,-0.26434993743896484,0.5659676194190979,0.008239496499300003,0.012308669276535511,0.11308057606220245,0.9999698996543884,-0.0054172626696527,-0.01892990805208683,-0.10910627990961075,0.9999189972877502,0.11511699855327606,0.3808037042617798,0.08551500737667084,0.909643292427063,0.12717680633068085,0.09691660106182098,-0.3920728862285614,0.834474503993988,-0.003683046903461218,0.7310128808021545,0.2093559354543686,0.9473209977149963,0.3096100091934204,0.1957516372203827,-0.3822764754295349,0.7753788232803345,-0.03704257681965828,0.7680497169494629,0.23140296339988708,0.9485000967979431,0.3240976929664612,0.19869792461395264,-0.4124826192855835,0.7985990643501282,0.0686851292848587,0.8220499753952026,0.22753116488456726,0.928065299987793,0.4591466188430786,0.11659982055425644,-0.46731674671173096,0.7573976516723633
241,8.033333333333333,0.12176422774791718,-0.5911575555801392,-0.28148457407951355,0.9999472498893738,0.11359057575464249,-0.613903284072876,-0.2699146568775177,0.9999499917030334,0.11656851321458817,-0.6125016212463379,-0.25853365659713745,0.9999508261680603,0.11577192693948746,-0.61409592628479,-0.2612590789794922,0.9999610781669617,0.10217104107141495,-0.6186090111732483,-0.2955152094364166,0.9999578595161438,0.1042570248246193,-0.6154257655143738,-0.30777961015701294,0.9999627470970154,0.10678623616695404,-0.6063624024391174,-0.2853040099143982,0.9999549388885498,0.10961184650659561,-0.6024250388145447,-0.13832728564739227,0.9999619126319885,-0.017798999324440956,-0.5230637192726135,-0.20748338103294373,0.9999040365219116,0.14318589866161346,-0.5811487436294556,-0.2270158976316452,0.9997812509536743,0.10515619814395905,-0.5375095009803772,-0.2740642726421356,0.9997605085372925,0.09695111960172653,-0.46492519974708557,0.10513956844806671,0.9996687173843384,0.09015333652496338,-0.4693814516067505,-0.16789239645004272,0.9996477961540222,0.08881998807191849,-0.3150842487812042,0.22945480048656464,0.46599265933036804,0.2657829821109772,-0.33530011773109436,-0.31312093138694763,0.8113622665405273,0.044312670826911926,-0.09972531348466873,0.3851018249988556,0.4065207242965698,0.48492923378944397,-0.2552654445171356,-0.36100760102272034,0.6397072672843933,-0.00905490294098854,-0.06669740378856659,0.4058188796043396,0.4123440384864807,0.5480790138244629,-0.2391737997531891,-0.4494534134864807,0.6280789971351624,-0.004264303017407656,-0.059584904462099075,0.36687514185905457,0.41452401876449585,0.6061678528785706,-0.26610952615737915,-0.425277441740036,0.6230312585830688,0.036825548857450485,-0.06244413182139397,0.37982240319252014,0.4013531506061554,0.5087989568710327,-0.2612222731113434,-0.3626192808151245,0.6007177829742432,0.011089223437011242,0.01048291940242052,0.11412391811609268,0.999971330165863,-0.008412826806306839,-0.017932752147316933,-0.109786756336689,0.9999264478683472,0.11019375920295715,0.3819558322429657,0.0981496050953865,0.8478038907051086,0.1358366310596466,0.10474929213523865,-0.38846173882484436,0.8458454608917236,-0.0024811557959765196,0.7351445555686951,0.23335742950439453,0.9066857695579529,0.3153429329395294,0.19480958580970764,-0.4914666414260864,0.7879005670547485,-0.034309059381484985,0.7726989984512329,0.2562127113342285,0.9335942268371582,0.3416232466697693,0.19318032264709473,-0.533719003200531,0.810478925704956,0.0842825323343277,0.8315681219100952,0.2542194128036499,0.8830546140670776,0.48123109340667725,0.08556908369064331,-0.6153466105461121,0.7741007208824158
242,8.066666666666666,0.07413975149393082,-0.592441737651825,-0.3026762902736664,0.999952495098114,0.08000154793262482,-0.6144649982452393,-0.2880118787288666,0.9999549984931946,0.08128883689641953,-0.6132617592811584,-0.2772712707519531,0.9999557137489319,0.07946601510047913,-0.6147422790527344,-0.2809922695159912,0.9999649524688721,0.05185789242386818,-0.6195728182792664,-0.30580493807792664,0.9999620318412781,0.05367312952876091,-0.6159771680831909,-0.3178282082080841,0.9999664425849915,0.055029697716236115,-0.6072643995285034,-0.29589319229125977,0.999959409236908,0.10805045813322067,-0.6137171387672424,-0.15263085067272186,0.9999656677246094,-0.0491381473839283,-0.5427874326705933,-0.19390743970870972,0.9999135136604309,0.12019932270050049,-0.5831512212753296,-0.24651889503002167,0.9998029470443726,0.06107494607567787,-0.5410053730010986,-0.2821730375289917,0.9997841119766235,0.16438917815685272,-0.4726763963699341,0.1013946458697319,0.9997003674507141,0.01795230619609356,-0.4916428029537201,-0.1494935005903244,0.9996621608734131,0.35408106446266174,-0.3331008553504944,0.18249234557151794,0.4949113726615906,0.1502721905708313,-0.3318345546722412,-0.30176684260368347,0.8291600942611694,0.5731720924377441,-0.16827580332756042,0.20472829043865204,0.4642990827560425,0.39581701159477234,-0.26408621668815613,-0.4006856679916382,0.6747446060180664,0.6065360903739929,-0.14330004155635834,0.22436946630477905,0.4696882963180542,0.43420422077178955,-0.2533538341522217,-0.4686569571495056,0.6635053157806396,0.6057569980621338,-0.10378788411617279,0.18467798829078674,0.47190341353416443,0.46955692768096924,-0.274324506521225,-0.4574711322784424,0.6589734554290771,0.5861527919769287,-0.11857190728187561,0.18745842576026917,0.4597415030002594,0.395724892616272,-0.2672279179096222,-0.40120774507522583,0.636924684047699,0.030558200553059578,0.010921523906290531,0.10611163824796677,0.99996417760849,-0.027750959619879723,-0.01804991438984871,-0.10240580141544342,0.9998824000358582,0.04138104245066643,0.38376423716545105,0.08441983163356781,0.8487928509712219,0.059441231191158295,0.1178717166185379,-0.26310834288597107,0.8425979614257812,-0.0537528358399868,0.750290036201477,0.15159615874290466,0.9131981134414673,-0.034651368856430054,0.09108750522136688,0.11474676430225372,0.7225889563560486,-0.08748867362737656,0.7861528396606445,0.16312730312347412,0.9365724325180054,-0.041190605610609055,0.07582012563943863,0.11434926092624664,0.7518026828765869,0.017969956621527672,0.8172361254692078,0.1501561850309372,0.8908209204673767,-0.028222056105732918,0.050186872482299805,0.20756550133228302,0.7200361490249634
243,8.1,0.05287027359008789,-0.5963320732116699,-0.25657469034194946,0.9999572038650513,0.0591246597468853,-0.6213197708129883,-0.24754828214645386,0.9999594688415527,0.05994849652051926,-0.621117115020752,-0.23599059879779816,0.9999600648880005,0.05868524685502052,-0.622058093547821,-0.23938798904418945,0.999968409538269,0.029155347496271133,-0.6236128807067871,-0.268141508102417,0.9999657869338989,0.0312045905739069,-0.6213903427124023,-0.2795194983482361,0.9999697804450989,0.03269056975841522,-0.6113815307617188,-0.2580115795135498,0.9999634027481079,0.10309474170207977,-0.6309816241264343,-0.11426188051700592,0.9999690651893616,-0.06644686311483383,-0.5549933910369873,-0.14973971247673035,0.9999218583106995,0.100198894739151,-0.5911208391189575,-0.20911234617233276,0.9998223781585693,0.04037542641162872,-0.5477721095085144,-0.24722892045974731,0.9998050332069397,0.17134539783000946,-0.4861735999584198,0.10989177227020264,0.9997295141220093,-0.017034873366355896,-0.4970075488090515,-0.12289442867040634,0.9996543526649475,0.3567824959754944,-0.3589338958263397,0.18251293897628784,0.5326193571090698,0.07139391452074051,-0.2910340428352356,-0.27106767892837524,0.8416184782981873,0.5562152862548828,-0.2561565637588501,0.19912992417812347,0.516708493232727,0.16061557829380035,-0.2731301486492157,-0.4329243302345276,0.6958974599838257,0.5880262851715088,-0.24617402255535126,0.2136915922164917,0.5215649008750916,0.18183310329914093,-0.26822197437286377,-0.5010195374488831,0.6851361393928528,0.5868185758590698,-0.2332160472869873,0.17622201144695282,0.5237814784049988,0.22337909042835236,-0.28400930762290955,-0.4926340878009796,0.6814786195755005,0.568272590637207,-0.223141148686409,0.18026389181613922,0.5126469135284424,0.17054806649684906,-0.2797374129295349,-0.43496066331863403,0.654881477355957,0.04025489464402199,0.011605074629187584,0.1022995337843895,0.9999648928642273,-0.03749717026948929,-0.018120454624295235,-0.09952981024980545,0.9998766779899597,0.0135206812992692,0.3845790922641754,0.032783299684524536,0.8624740242958069,0.030738169327378273,0.16160960495471954,-0.2133743166923523,0.8575475811958313,-0.06758200377225876,0.75495845079422,0.0670652985572815,0.9215311408042908,-0.24871385097503662,0.1362808346748352,0.05528329312801361,0.7438464164733887,-0.10177234560251236,0.7904115915298462,0.07818498462438583,0.9419525861740112,-0.2796642482280731,0.12298513948917389,0.042066704481840134,0.7627309560775757,-0.0377868115901947,0.810591459274292,0.047781795263290405,0.9012186527252197,-0.3061178922653198,0.12410315871238708,0.09324797242879868,0.7432363629341125
244,8.133333333333333,0.04738345369696617,-0.6143605709075928,-0.2579413056373596,0.9999613165855408,0.05815941467881203,-0.6335510611534119,-0.24154502153396606,0.9999632835388184,0.05830319598317146,-0.634655773639679,-0.2299913465976715,0.9999637007713318,0.05728355422616005,-0.6345571279525757,-0.23353897035121918,0.999971330165863,0.02935570664703846,-0.6398805379867554,-0.2568816542625427,0.9999690055847168,0.03068426623940468,-0.6393110752105713,-0.26829230785369873,0.9999725818634033,0.032761260867118835,-0.6255912780761719,-0.2474995255470276,0.9999668002128601,0.11433914303779602,-0.6352887749671936,-0.11303506791591644,0.9999719262123108,-0.05681431666016579,-0.5769091844558716,-0.1372980773448944,0.9999285936355591,0.095668725669384,-0.6052087545394897,-0.20545856654644012,0.9998393654823303,0.03782420977950096,-0.5683700442314148,-0.2377786934375763,0.9998229146003723,0.20228208601474762,-0.4836371839046478,0.06939101964235306,0.9997550249099731,-0.04252590984106064,-0.5184245705604553,-0.06651515513658524,0.999646782875061,0.37942272424697876,-0.3672253489494324,0.13372565805912018,0.5739497542381287,0.019002124667167664,-0.30768752098083496,-0.2335367649793625,0.8514587879180908,0.5807012915611267,-0.2814110517501831,0.16758377850055695,0.5641723871231079,0.09707260876893997,-0.28461024165153503,-0.3838966190814972,0.7184975743293762,0.6150960922241211,-0.2769201695919037,0.18120983242988586,0.5682141780853271,0.12731702625751495,-0.2725794315338135,-0.4518376886844635,0.706404447555542,0.6151033639907837,-0.2684366703033447,0.14524145424365997,0.5704349875450134,0.17341497540473938,-0.3042832314968109,-0.4519331753253937,0.7034909725189209,0.5938383340835571,-0.25554659962654114,0.1493178755044937,0.5602453947067261,0.11365045607089996,-0.2919275164604187,-0.39228737354278564,0.6745819449424744,0.059884123504161835,0.014409488067030907,0.060854654759168625,0.9999611973762512,-0.05780255049467087,-0.01963539607822895,-0.05625008046627045,0.9998554587364197,0.010606431402266026,0.41698360443115234,-0.02539323829114437,0.8755974173545837,-0.21204282343387604,0.13757634162902832,0.04587189108133316,0.8523594737052917,-0.09134984016418457,0.7854238152503967,-0.022282782942056656,0.9290088415145874,-0.497318834066391,0.17541338503360748,0.33756422996520996,0.7456952929496765,-0.12554162740707397,0.8198778629302979,-0.014113988727331161,0.9458566308021545,-0.5273851752281189,0.17061899602413177,0.32511335611343384,0.7452031373977661,-0.06913921982049942,0.8288484215736389,-0.08048771321773529,0.9105250239372253,-0.5558018684387207,0.15793055295944214,0.3342910706996918,0.7468246817588806
245,8.166666666666666,0.041491881012916565,-0.6288785338401794,-0.25135770440101624,0.9999628067016602,0.05792158842086792,-0.6455036401748657,-0.23513592779636383,0.9999613761901855,0.058416564017534256,-0.6457244157791138,-0.22513669729232788,0.9999595880508423,0.05710513889789581,-0.6464694738388062,-0.22874058783054352,0.9999682307243347,0.029106449335813522,-0.6517433524131775,-0.24890059232711792,0.9999679327011108,0.03177111968398094,-0.6522787809371948,-0.26051071286201477,0.9999712705612183,0.033981215208768845,-0.6398058533668518,-0.2394837588071823,0.9999648928642273,0.1262063831090927,-0.6328204870223999,-0.12341263890266418,0.9999709725379944,-0.05114066228270531,-0.578164279460907,-0.11988616734743118,0.9999223351478577,0.09087354689836502,-0.6135159134864807,-0.20305921137332916,0.9998504519462585,0.03788355737924576,-0.5789043307304382,-0.23093685507774353,0.9998312592506409,0.23148876428604126,-0.48241710662841797,-0.00639560678973794,0.9997774362564087,-0.05739599093794823,-0.51544189453125,-0.014989507384598255,0.9996542930603027,0.3792022168636322,-0.37732312083244324,-0.08175768703222275,0.6143109202384949,-0.1238807812333107,-0.30985894799232483,-0.2171320915222168,0.8547917008399963,0.5242424607276917,-0.31868189573287964,-0.1855911910533905,0.6063463687896729,-0.09646394103765488,-0.32069340348243713,-0.4840823709964752,0.7412251234054565,0.5504706501960754,-0.3082428276538849,-0.20023299753665924,0.60957270860672,-0.06951739639043808,-0.31874313950538635,-0.5675172209739685,0.7302253842353821,0.5423489809036255,-0.31084027886390686,-0.2284853607416153,0.6117942333221436,-0.012339290231466293,-0.37635537981987,-0.5739450454711914,0.7277909517288208,0.5307373404502869,-0.29571446776390076,-0.20428192615509033,0.6018765568733215,-0.07566994428634644,-0.33814337849617004,-0.4992453157901764,0.6978679895401001,0.07911310344934464,0.020834391936659813,0.033883605152368546,0.9999610185623169,-0.07700861245393753,-0.025515245273709297,-0.029141413047909737,0.9998593330383301,0.016251714900135994,0.44576114416122437,-0.04909690096974373,0.8868676424026489,-0.3077380359172821,0.05143795162439346,-0.10730751603841782,0.8646622896194458,-0.07620078325271606,0.817118763923645,0.004298534244298935,0.9355833530426025,-0.7008897066116333,0.1851767897605896,0.08147778362035751,0.7688121199607849,-0.10677515715360641,0.8528876304626465,0.016434432938694954,0.9474208354949951,-0.7403759956359863,0.18725678324699402,0.04951958358287811,0.7601003646850586,-0.04510001838207245,0.8704566359519958,-0.04121505096554756,0.9184924364089966,-0.79375159740448,0.14057353138923645,-0.05074191838502884,0.7694562673568726
246,8.2,0.02778412029147148,-0.6272058486938477,-0.2637630105018616,0.9999663233757019,0.04738379269838333,-0.6439145803451538,-0.24965324997901917,0.9999646544456482,0.047405846416950226,-0.6442053318023682,-0.24117442965507507,0.9999629259109497,0.04651375487446785,-0.6448988318443298,-0.24342796206474304,0.9999707937240601,0.01981191150844097,-0.6504506468772888,-0.2594367265701294,0.9999706745147705,0.022646140307188034,-0.6503013372421265,-0.27157190442085266,0.999973714351654,0.02471514418721199,-0.6383324265480042,-0.25097280740737915,0.9999678134918213,0.12114747613668442,-0.6316776871681213,-0.15544356405735016,0.9999735355377197,-0.04492829367518425,-0.5754241347312927,-0.12198148667812347,0.9999285340309143,0.07815629988908768,-0.6116684675216675,-0.21999602019786835,0.9998651146888733,0.03045037016272545,-0.5762625336647034,-0.24223463237285614,0.999847412109375,0.22496241331100464,-0.47773313522338867,-0.07161308825016022,0.9997994303703308,-0.06639387458562851,-0.5135468244552612,0.013287064619362354,0.9996840953826904,0.3763059377670288,-0.3913893699645996,-0.19098883867263794,0.6524794697761536,-0.18589776754379272,-0.3397981524467468,-0.1093214899301529,0.8651518225669861,0.47962766885757446,-0.33620694279670715,-0.3402620851993561,0.6452291011810303,-0.33775365352630615,-0.3548274040222168,-0.3811090886592865,0.765588104724884,0.49950364232063293,-0.3238358795642853,-0.3672453761100769,0.6478589177131653,-0.35470545291900635,-0.35239121317863464,-0.4520135819911957,0.7554329037666321,0.4844336211681366,-0.3307778835296631,-0.3966309130191803,0.6499724388122559,-0.3285914659500122,-0.39783212542533875,-0.4492642283439636,0.7534337043762207,0.4810085892677307,-0.3156684339046478,-0.3611462712287903,0.6407097578048706,-0.3393847942352295,-0.3663955330848694,-0.3876791000366211,0.7258735299110413,0.08235352486371994,0.028608299791812897,0.005751738790422678,0.9999635219573975,-0.08001524955034256,-0.033262476325035095,-0.0014151715440675616,0.9998703002929688,0.014092370867729187,0.4572083652019501,-0.10163943469524384,0.8979901075363159,-0.36415964365005493,0.016515232622623444,-0.02835242636501789,0.8768792152404785,-0.08082405477762222,0.8274177312850952,0.002715939423069358,0.9417084455490112,-0.7398568391799927,0.19384489953517914,0.13021588325500488,0.7908320426940918,-0.1091688722372055,0.8634361624717712,0.019017091020941734,0.9498536586761475,-0.7785395979881287,0.1973675936460495,0.10193080455064774,0.7785784006118774,-0.07259805500507355,0.8943669199943542,-0.04432951286435127,0.9261990189552307,-0.8368787169456482,0.15598319470882416,0.036994580179452896,0.7913097739219666
247,8.233333333333333,0.0169217512011528,-0.6260353326797485,-0.2662234902381897,0.9999693036079407,0.03496410325169563,-0.6433202624320984,-0.2523655295372009,0.999967098236084,0.03494210168719292,-0.6437541842460632,-0.24423786997795105,0.9999651908874512,0.034000735729932785,-0.6443406343460083,-0.24639444053173065,0.9999725222587585,0.007766864262521267,-0.6491248607635498,-0.26257696747779846,0.9999728798866272,0.010786737315356731,-0.6500259041786194,-0.2746383547782898,0.9999756813049316,0.012964515946805477,-0.6372463703155518,-0.25431662797927856,0.9999701380729675,0.11889363080263138,-0.6284475922584534,-0.1607767939567566,0.9999755024909973,-0.04707901179790497,-0.5710991024971008,-0.12589310109615326,0.9999333024024963,0.06620296835899353,-0.6107932329177856,-0.2228395640850067,0.9998779296875,0.021384786814451218,-0.5756440758705139,-0.2454529106616974,0.9998612403869629,0.2156023234128952,-0.47132939100265503,-0.0732753574848175,0.9998189210891724,-0.07590056955814362,-0.5062658786773682,0.008950586430728436,0.9997084736824036,0.388065904378891,-0.38981392979621887,-0.18529728055000305,0.6856648921966553,-0.19424813985824585,-0.33258429169654846,-0.11365288496017456,0.8687226176261902,0.48523953557014465,-0.33159294724464417,-0.3183044195175171,0.6781425476074219,-0.3568633198738098,-0.3460971713066101,-0.3675934374332428,0.7856124043464661,0.5042349696159363,-0.31919023394584656,-0.3368164002895355,0.6792346835136414,-0.3748476505279541,-0.34508371353149414,-0.43092748522758484,0.7759692668914795,0.4871154725551605,-0.32722654938697815,-0.36461973190307617,0.6816012859344482,-0.3503122627735138,-0.388576477766037,-0.4530932903289795,0.7745769023895264,0.4851261079311371,-0.31210991740226746,-0.33739906549453735,0.6719571352005005,-0.35937970876693726,-0.3579739034175873,-0.3875759243965149,0.7482805252075195,0.08177352696657181,0.03204447031021118,0.004124906845390797,0.9999653697013855,-0.07920948415994644,-0.0368880033493042,0.0001332272368017584,0.9998796582221985,0.009967038407921791,0.4565313756465912,-0.09327442944049835,0.9074658155441284,-0.35724937915802,-0.003617699956521392,-0.05111079663038254,0.8862062096595764,-0.08440231531858444,0.8209418654441833,0.011730682104825974,0.9469048380851746,-0.7373459339141846,0.19162747263908386,0.10553944855928421,0.8091946244239807,-0.11200345307588577,0.8573251366615295,0.028392430394887924,0.9506956338882446,-0.7756229639053345,0.1991948038339615,0.08003474771976471,0.7899960875511169,-0.07396752387285233,0.8936444520950317,-0.033746328204870224,0.9326908588409424,-0.8172190189361572,0.1637154221534729,0.02806108258664608,0.8094147443771362
248,8.266666666666666,0.00629137409850955,-0.6236813068389893,-0.30617934465408325,0.9999716877937317,0.025515291839838028,-0.6400834918022156,-0.2960633635520935,0.9999675154685974,0.02545797824859619,-0.6401022672653198,-0.2883518636226654,0.9999656081199646,0.024783266708254814,-0.6406571269035339,-0.2899916172027588,0.9999725818634033,0.002375879790633917,-0.6450017690658569,-0.3033181428909302,0.999973714351654,0.004194366745650768,-0.6461734771728516,-0.3139152526855469,0.9999765753746033,0.007170879747718573,-0.6318992972373962,-0.29479214549064636,0.9999713897705078,0.11603230237960815,-0.6200966238975525,-0.20978432893753052,0.9999762177467346,-0.0440855473279953,-0.5645398497581482,-0.16151298582553864,0.9999359250068665,0.05809491500258446,-0.604410707950592,-0.26382216811180115,0.9998888373374939,0.01660340279340744,-0.5701199173927307,-0.28077149391174316,0.9998727440834045,0.21983076632022858,-0.4606536328792572,-0.10091149806976318,0.9998359084129333,-0.07376418262720108,-0.5033101439476013,0.010463319718837738,0.9997277855873108,0.40226131677627563,-0.3922834098339081,-0.14638619124889374,0.7169688940048218,-0.27351251244544983,-0.3434426784515381,0.013062764890491962,0.8810996413230896,0.5370856523513794,-0.32841619849205017,-0.2008122056722641,0.7102248072624207,-0.5106852650642395,-0.35119959712028503,-0.11628846824169159,0.8068222403526306,0.567330539226532,-0.3206369876861572,-0.20467083156108856,0.711035966873169,-0.5389468669891357,-0.3561044931411743,-0.14953282475471497,0.7978696227073669,0.5572155117988586,-0.326800137758255,-0.23479363322257996,0.71321040391922,-0.52418452501297,-0.3966231644153595,-0.19363412261009216,0.796692430973053,0.54096519947052,-0.3085758090019226,-0.21876837313175201,0.7044749855995178,-0.517714262008667,-0.3624584674835205,-0.14333733916282654,0.7729994654655457,0.08312812447547913,0.03726804628968239,-0.0008500516414642334,0.9999642968177795,-0.08044164627790451,-0.04193205386400223,0.0042535350657999516,0.9998843669891357,0.013143265619874,0.4653545022010803,-0.08081258088350296,0.9163937568664551,-0.39510777592658997,-0.024678532034158707,-0.023280153051018715,0.8965953588485718,-0.07708368450403214,0.8171988129615784,0.06707693636417389,0.9516493082046509,-0.7124819159507751,0.19348181784152985,0.16444380581378937,0.8267701864242554,-0.1053895428776741,0.8525497913360596,0.0904337465763092,0.9506366848945618,-0.7456852793693542,0.20998123288154602,0.14460952579975128,0.804069995880127,-0.08789736032485962,0.8904621005058289,0.009068621322512627,0.938497006893158,-0.7940856218338013,0.18095248937606812,0.09576932340860367,0.8266367316246033
249,8.3,0.014274904504418373,-0.5840296149253845,-0.38746243715286255,0.9999744892120361,0.026413995772600174,-0.5978155136108398,-0.3756576478481293,0.9999706745147705,0.028805192559957504,-0.5980451107025146,-0.36695098876953125,0.999968945980072,0.027617715299129486,-0.5988132953643799,-0.3685820996761322,0.9999752640724182,0.005324799567461014,-0.6062572598457336,-0.38387638330459595,0.9999762773513794,0.007688911631703377,-0.6075923442840576,-0.3946908414363861,0.9999788403511047,0.010845274664461613,-0.5908937454223633,-0.3758695125579834,0.9999741911888123,0.12391204386949539,-0.5719935297966003,-0.2826996445655823,0.9999785423278809,-0.03214345499873161,-0.5295892357826233,-0.2501170337200165,0.9999420642852783,0.059100158512592316,-0.5607278347015381,-0.3435324728488922,0.9998998045921326,0.018639100715517998,-0.5300367474555969,-0.36272674798965454,0.9998852014541626,0.2291547805070877,-0.417708158493042,-0.1562374383211136,0.9998517632484436,-0.06949421763420105,-0.4893432855606079,-0.05678186193108559,0.999747633934021,0.45128485560417175,-0.39064261317253113,-0.14740754663944244,0.7451980113983154,-0.29743891954421997,-0.36488914489746094,-0.04895322397351265,0.8925911784172058,0.6588478088378906,-0.329923540353775,-0.13820381462574005,0.7391343712806702,-0.566312849521637,-0.3737659454345703,-0.15733356773853302,0.8257008790969849,0.7057057619094849,-0.332185298204422,-0.1252242922782898,0.7396971583366394,-0.602475643157959,-0.3862330913543701,-0.18428076803684235,0.8167001605033875,0.7079821825027466,-0.33697858452796936,-0.16000762581825256,0.7417047023773193,-0.5902877449989319,-0.42115798592567444,-0.22174517810344696,0.8158572912216187,0.672776460647583,-0.31134361028671265,-0.15611156821250916,0.7338281869888306,-0.5759013891220093,-0.38189175724983215,-0.1814994215965271,0.7946909070014954,0.08274155110120773,0.03812570869922638,0.001828949898481369,0.9999623894691467,-0.08009865134954453,-0.04229550063610077,0.0008930651238188148,0.999879002571106,0.038627661764621735,0.46128031611442566,-0.07673022896051407,0.9242211580276489,-0.35642626881599426,-0.024928733706474304,0.010060865432024002,0.8974199295043945,-0.028006261214613914,0.8135613203048706,0.06427960097789764,0.955847442150116,-0.6165134906768799,0.09102821350097656,0.35032087564468384,0.7961881756782532,-0.0547778494656086,0.848958432674408,0.08986982703208923,0.9513631463050842,-0.5318133234977722,0.09225289523601532,0.3484266698360443,0.7747913599014282,-0.0767785832285881,0.8891653418540955,0.006068742834031582,0.9436687231063843,-0.5166866779327393,0.09256196767091751,0.3644317388534546,0.8045763969421387
250,8.333333333333334,0.01893017068505287,-0.5727885365486145,-0.38439837098121643,0.9999769926071167,0.02716694585978985,-0.5875641703605652,-0.37163305282592773,0.9999735355377197,0.0309650506824255,-0.5878320932388306,-0.3628077805042267,0.9999719262123108,0.029431937262415886,-0.5886899828910828,-0.364706814289093,0.9999776482582092,0.0076754409819841385,-0.5961506962776184,-0.38209229707717896,0.9999786019325256,0.010192804969847202,-0.5971170663833618,-0.3930684030056,0.9999809265136719,0.013702974654734135,-0.5811456441879272,-0.37403571605682373,0.9999766945838928,0.12490691989660263,-0.559847354888916,-0.27546605467796326,0.999980628490448,-0.028730148449540138,-0.5184207558631897,-0.2528002858161926,0.9999476075172424,0.060768287628889084,-0.5489870309829712,-0.33941033482551575,0.9999096989631653,0.021289249882102013,-0.5180050730705261,-0.3612303137779236,0.9998964667320251,0.22704222798347473,-0.40566298365592957,-0.14530350267887115,0.9998659491539001,-0.06883466243743896,-0.47903022170066833,-0.06802310794591904,0.9997647404670715,0.45597854256629944,-0.38614192605018616,-0.1311432272195816,0.7705658078193665,-0.3005000650882721,-0.3647157549858093,-0.07008715718984604,0.9026699066162109,0.6587082743644714,-0.326618492603302,-0.1185651645064354,0.7651267647743225,-0.5626505017280579,-0.37014061212539673,-0.17208904027938843,0.8423283100128174,0.7034372091293335,-0.33015668392181396,-0.10318451374769211,0.7654226422309875,-0.5978620648384094,-0.3828582465648651,-0.19999352097511292,0.8326594233512878,0.7028828263282776,-0.3355177044868469,-0.13874034583568573,0.7672929763793945,-0.583568811416626,-0.4173419177532196,-0.23435445129871368,0.8322437405586243,0.6708758473396301,-0.3080470860004425,-0.13627071678638458,0.7601827383041382,-0.5708449482917786,-0.3783628046512604,-0.19533070921897888,0.8134650588035583,0.08241233974695206,0.03815099224448204,0.005036129616200924,0.9999616146087646,-0.07976412773132324,-0.04216151684522629,-0.0022883375640958548,0.999879002571106,0.04586533457040787,0.4589594304561615,-0.06799162924289703,0.9309514760971069,-0.34621790051460266,-0.022969141602516174,-0.01652323640882969,0.9003525376319885,-0.0134595837444067,0.8120851516723633,0.07398172467947006,0.9592878222465515,-0.5041899681091309,0.10470584779977798,0.2893730700016022,0.7780439257621765,-0.04063887149095535,0.8484465479850769,0.09769846498966217,0.9498435258865356,-0.42640578746795654,0.10738568007946014,0.28483855724334717,0.7527576088905334,-0.07269487529993057,0.888670802116394,0.020175572484731674,0.9477611780166626,-0.4115559458732605,0.11315222829580307,0.2916816174983978,0.7913454174995422
251,8.366666666666667,0.022018613293766975,-0.5703153014183044,-0.36146846413612366,0.9999791979789734,0.028122108429670334,-0.5855659246444702,-0.34929293394088745,0.9999759197235107,0.031629811972379684,-0.5859878659248352,-0.3400845229625702,0.9999744296073914,0.030068667605519295,-0.5869060754776001,-0.3421591818332672,0.9999796152114868,0.00939889531582594,-0.5939680337905884,-0.36086535453796387,0.9999805688858032,0.011852108873426914,-0.5948780179023743,-0.3718179166316986,0.9999826550483704,0.0158607829362154,-0.579967200756073,-0.35266736149787903,0.9999788403511047,0.12393555045127869,-0.557774007320404,-0.25128495693206787,0.9999822378158569,-0.02720114216208458,-0.518656849861145,-0.2336254119873047,0.9999521970748901,0.06341806054115295,-0.5468230247497559,-0.315816730260849,0.9999182820320129,0.024208374321460724,-0.5161731243133545,-0.33934226632118225,0.9999061822891235,0.21840201318264008,-0.40656885504722595,-0.13211093842983246,0.9998778700828552,-0.07814475148916245,-0.4785756766796112,-0.05488080158829689,0.9997739791870117,0.4223262071609497,-0.3732503056526184,-0.14011169970035553,0.7933289408683777,-0.301954448223114,-0.36493998765945435,-0.041164569556713104,0.9113765954971313,0.6026605367660522,-0.32433536648750305,-0.1567244827747345,0.7884470820426941,-0.5552749633789062,-0.36902955174446106,-0.13749489188194275,0.8573082089424133,0.6451653242111206,-0.3268364667892456,-0.14815515279769897,0.7884172797203064,-0.5879564881324768,-0.3821571171283722,-0.16706973314285278,0.8474008440971375,0.6433528065681458,-0.33101192116737366,-0.1818939596414566,0.7901909351348877,-0.5760085582733154,-0.4184914827346802,-0.20514582097530365,0.84732985496521,0.6130586266517639,-0.30666065216064453,-0.17427507042884827,0.783725917339325,-0.5630809664726257,-0.37806636095046997,-0.16398946940898895,0.8306503891944885,0.08475613594055176,0.03772508725523949,0.002081198152154684,0.999960720539093,-0.08179545402526855,-0.0417625717818737,0.0008277127053588629,0.9998810887336731,0.05069272220134735,0.4603588581085205,-0.08497942239046097,0.9372051954269409,-0.3210708498954773,-0.04232194647192955,-0.04766684025526047,0.9066516757011414,-0.0053307306952774525,0.8102842569351196,0.04092956334352493,0.9629199504852295,-0.23895174264907837,0.12433025240898132,0.22395461797714233,0.7788631319999695,-0.033315181732177734,0.8463391661643982,0.061417147517204285,0.9508633017539978,-0.21206900477409363,0.12121664732694626,0.2109735608100891,0.7498747706413269,-0.06540308147668839,0.8846158385276794,-0.024694688618183136,0.9522623419761658,-0.19285090267658234,0.19698888063430786,0.2066265493631363,0.7944005131721497
252,8.4,0.010834911838173866,-0.5731655359268188,-0.34321993589401245,0.999980092048645,0.026513857766985893,-0.5873129963874817,-0.33265990018844604,0.9999768137931824,0.027844196185469627,-0.5877927541732788,-0.3230705261230469,0.99997478723526,0.02706490270793438,-0.5884140133857727,-0.32530999183654785,0.9999802708625793,0.008261550217866898,-0.5950171947479248,-0.3434427082538605,0.9999812841415405,0.010123987682163715,-0.5955981016159058,-0.3546156883239746,0.9999828338623047,0.0133863789960742,-0.5808048844337463,-0.33522653579711914,0.9999797940254211,0.11969374120235443,-0.5581488013267517,-0.2501067817211151,0.9999819397926331,-0.0257156603038311,-0.5184010863304138,-0.22068801522254944,0.9999514222145081,0.053966742008924484,-0.5484156012535095,-0.29958871006965637,0.99992436170578,0.018890243023633957,-0.517771303653717,-0.3225346505641937,0.9999117851257324,0.21341198682785034,-0.39995473623275757,-0.15269282460212708,0.9998853206634521,-0.0717356875538826,-0.4792320132255554,-0.015552481636404991,0.9997581243515015,0.3551236391067505,-0.32167738676071167,-0.27355054020881653,0.8112614750862122,-0.261320561170578,-0.3641204535961151,0.024869155138731003,0.9021235108375549,0.21709628403186798,-0.3238961696624756,-0.3574373722076416,0.8070366978645325,-0.4992755353450775,-0.36735403537750244,-0.0565074123442173,0.8679870963096619,0.1730002760887146,-0.33426812291145325,-0.371835857629776,0.8043953776359558,-0.5236141085624695,-0.3817729651927948,-0.0858793556690216,0.8567451238632202,0.13936783373355865,-0.3531706929206848,-0.37044310569763184,0.8057243227958679,-0.5047895312309265,-0.4141569435596466,-0.11476429551839828,0.8570520281791687,0.19623905420303345,-0.3127703368663788,-0.35954129695892334,0.795805037021637,-0.5037388801574707,-0.3756377398967743,-0.07758389413356781,0.8415780663490295,0.08302590250968933,0.03798248991370201,-0.010771962814033031,0.9999479055404663,-0.08009113371372223,-0.042197369039058685,0.012268291786313057,0.999861478805542,0.05018014833331108,0.4583825469017029,-0.10628419369459152,0.933795154094696,-0.33600980043411255,-0.03302062675356865,-0.042531196027994156,0.8752576112747192,-0.0034382743760943413,0.8043986558914185,-0.01125803031027317,0.961294412612915,-0.19702845811843872,0.032610081136226654,0.23457637429237366,0.716843843460083,-0.030635468661785126,0.837807297706604,0.004914959892630577,0.9280045628547668,-0.17810139060020447,0.021590260788798332,0.22621174156665802,0.699282169342041,-0.06147880479693413,0.8829300403594971,-0.05906239151954651,0.9486348032951355,-0.15131299197673798,0.061252765357494354,0.25200000405311584,0.7364457249641418
253,8.433333333333334,-0.0037800846621394157,-0.591283917427063,-0.27075231075286865,0.999981701374054,0.02252538874745369,-0.6039875745773315,-0.2704554796218872,0.9999788403511047,0.023090573027729988,-0.6055205464363098,-0.2568173408508301,0.9999769330024719,0.02294415608048439,-0.6051777005195618,-0.2591961920261383,0.9999819397926331,0.004351101815700531,-0.6181861162185669,-0.2668735682964325,0.9999828934669495,0.005129367113113403,-0.6180738806724548,-0.27985650300979614,0.9999842643737793,0.008532099425792694,-0.6040287017822266,-0.26035240292549133,0.9999815225601196,0.1188952699303627,-0.5703878998756409,-0.2105928361415863,0.9999833106994629,-0.01879981905221939,-0.5551987290382385,-0.13761606812477112,0.9999545812606812,0.04160789027810097,-0.5661410689353943,-0.2374165952205658,0.9999303221702576,0.008209619671106339,-0.5415593385696411,-0.24531099200248718,0.9999182820320129,0.14917464554309845,-0.4038006663322449,-0.139960378408432,0.9998937249183655,-0.0492987334728241,-0.5136064291000366,0.0960002988576889,0.9997655749320984,0.038158584386110306,-0.30280548334121704,-0.19766898453235626,0.82790607213974,-0.2427961677312851,-0.37049537897109985,0.10612203180789948,0.877040445804596,-0.1374252736568451,-0.24065148830413818,-0.2831636667251587,0.8239771127700806,-0.41572970151901245,-0.36496859788894653,-0.027080977335572243,0.8782005310058594,-0.18955527245998383,-0.22503381967544556,-0.2739250957965851,0.8207812905311584,-0.4350409507751465,-0.37918394804000854,-0.07260777801275253,0.8683680891990662,-0.2120717614889145,-0.23627030849456787,-0.34435200691223145,0.8221664428710938,-0.41417720913887024,-0.4100043475627899,-0.09709979593753815,0.8689353466033936,-0.15181343257427216,-0.22612987458705902,-0.3309883177280426,0.8111423254013062,-0.418500155210495,-0.37347614765167236,-0.05005066841840744,0.854526937007904,0.07542428374290466,0.036199457943439484,-0.03734086453914642,0.9999473094940186,-0.07303128391504288,-0.040219709277153015,0.039613064378499985,0.9998645782470703,0.031179651618003845,0.4573998749256134,-0.1254531443119049,0.9382501840591431,-0.23115958273410797,0.038339655846357346,0.053407296538352966,0.8517661094665527,0.0005327586550265551,0.8165896534919739,-0.0785360187292099,0.9641981720924377,-0.02998846210539341,0.20975060760974884,0.3051314353942871,0.6867229342460632,-0.02263394184410572,0.8560442924499512,-0.06579208374023438,0.9294376373291016,-0.009062394499778748,0.2169560045003891,0.2902718484401703,0.6774585247039795,-0.057271264493465424,0.9103631973266602,-0.11928690969944,0.9523090124130249,-0.0017124377191066742,0.2995564639568329,0.3148427903652191,0.7144330739974976
254,8.466666666666667,-0.04183865711092949,-0.598594069480896,-0.2257959544658661,0.9999799132347107,-0.007338262628763914,-0.6109470725059509,-0.23265355825424194,0.9999797940254211,-0.005521206650882959,-0.6116516590118408,-0.2185097336769104,0.9999780654907227,-0.005643918178975582,-0.610923171043396,-0.22038735449314117,0.9999830722808838,-0.015294166281819344,-0.6273911595344543,-0.22597934305667877,0.9999823570251465,-0.015622703358530998,-0.6262495517730713,-0.240052729845047,0.9999824166297913,-0.010737182572484016,-0.6134678721427917,-0.2185944765806198,0.9999792575836182,0.09416897594928741,-0.5721405148506165,-0.20156101882457733,0.9999843239784241,-0.010390081442892551,-0.5646620988845825,-0.11126982420682907,0.9999395608901978,0.0011811248259618878,-0.5701233148574829,-0.20147618651390076,0.9999269247055054,-0.023041483014822006,-0.5515465140342712,-0.20289228856563568,0.9998942613601685,0.054952431470155716,-0.4078384339809418,-0.18575811386108398,0.9999030232429504,0.013078844174742699,-0.5106629133224487,0.1351645439863205,0.9994142055511475,-0.06315754354000092,-0.312674880027771,-0.3016716539859772,0.8448387384414673,0.05313815549015999,-0.29070398211479187,0.23091404139995575,0.7895672917366028,-0.2770286798477173,-0.2560943365097046,-0.3073415756225586,0.8413179516792297,-0.013960725627839565,-0.16345706582069397,0.2686495780944824,0.7909815311431885,-0.32996582984924316,-0.2443876415491104,-0.3206734359264374,0.8382845520973206,0.007434023544192314,-0.12963221967220306,0.2591301500797272,0.7831301689147949,-0.36932259798049927,-0.255536288022995,-0.32041868567466736,0.8395285606384277,-0.005725975148379803,-0.1638299971818924,0.22944699227809906,0.7837498188018799,-0.29498353600502014,-0.24073871970176697,-0.3068327307701111,0.8289059996604919,-0.02257470041513443,-0.16993500292301178,0.24746865034103394,0.7709518074989319,0.04447215422987938,0.02968299388885498,-0.05983705073595047,0.9999516606330872,-0.04164987802505493,-0.03293703496456146,0.06103024631738663,0.999869704246521,0.024682961404323578,0.42049744725227356,-0.13897952437400818,0.9428033232688904,-0.05216654762625694,0.10076861828565598,0.06292229890823364,0.8138363361358643,0.026031330227851868,0.7753475904464722,-0.08776234835386276,0.9671645164489746,0.12115086615085602,0.25479254126548767,0.3238023817539215,0.6554087400436401,0.00862481165677309,0.8180942535400391,-0.07449838519096375,0.9338646531105042,0.13635733723640442,0.25887367129325867,0.31272226572036743,0.6674880981445312,-0.028262753039598465,0.889930784702301,-0.1144692674279213,0.956207275390625,0.13852989673614502,0.33384519815444946,0.3513099253177643,0.6918466687202454
255,8.5,-0.046529073268175125,-0.6012285947799683,-0.21973660588264465,0.999974250793457,-0.011779256165027618,-0.6133906245231628,-0.22689692676067352,0.9999794960021973,-0.009969147853553295,-0.6137872338294983,-0.21315759420394897,0.9999778866767883,-0.01020026858896017,-0.6129922866821289,-0.21505099534988403,0.9999833703041077,-0.017861148342490196,-0.6309441328048706,-0.22145818173885345,0.9999794363975525,-0.018092408776283264,-0.6292973756790161,-0.2353716790676117,0.9999769330024719,-0.013142439536750317,-0.6168496012687683,-0.21389742195606232,0.999972403049469,0.08730719238519669,-0.5724884271621704,-0.2000921070575714,0.9999847412109375,-0.003304515266790986,-0.5678507089614868,-0.10983908176422119,0.999909520149231,-0.00459499703720212,-0.5711786150932312,-0.19528421759605408,0.9999134540557861,-0.02766168862581253,-0.5548036098480225,-0.19730119407176971,0.9998356699943542,0.04737326130270958,-0.4105236828327179,-0.19465860724449158,0.9999098777770996,0.03334004431962967,-0.509249210357666,0.1354326456785202,0.9986848831176758,-0.05157426372170448,-0.3142847716808319,-0.3186522424221039,0.8601542711257935,0.09634031355381012,-0.2933121621608734,0.2538949251174927,0.7108410000801086,-0.264734148979187,-0.2630794048309326,-0.3177153468132019,0.8569702506065369,0.0418674498796463,-0.17695516347885132,0.33701708912849426,0.7122959494590759,-0.31654995679855347,-0.25310128927230835,-0.33165106177330017,0.8540976643562317,0.06956762820482254,-0.14528888463974,0.3358134627342224,0.7058679461479187,-0.3550412654876709,-0.26469066739082336,-0.32251957058906555,0.8552166819572449,0.05672922730445862,-0.18006068468093872,0.30869996547698975,0.7064724564552307,-0.2828017771244049,-0.2478649914264679,-0.3112058639526367,0.845071017742157,0.03409245237708092,-0.18414849042892456,0.3185104429721832,0.6951125264167786,0.03484725207090378,0.027028322219848633,-0.06465546786785126,0.9999552369117737,-0.0319928415119648,-0.030207227915525436,0.06550970673561096,0.9998713135719299,0.020643822848796844,0.41883838176727295,-0.1361793577671051,0.9474009275436401,-0.06621979922056198,0.11001982539892197,0.06295033544301987,0.7876642346382141,0.02534540928900242,0.7691828012466431,-0.088418148458004,0.9701247811317444,0.11825574934482574,0.2630203664302826,0.32114577293395996,0.6407871842384338,0.007623774465173483,0.8114717602729797,-0.076030433177948,0.938909649848938,0.13482129573822021,0.26685628294944763,0.31021714210510254,0.6687031984329224,-0.022408820688724518,0.8867819905281067,-0.11500778794288635,0.9600604772567749,0.1404324173927307,0.34453773498535156,0.3474547564983368,0.6815757155418396
256,8.533333333333333,-0.05699833855032921,-0.6223137974739075,0.11873035132884979,0.9995681643486023,-0.056795842945575714,-0.6331927180290222,0.08299542963504791,0.9997536540031433,-0.0560048371553421,-0.6351246237754822,0.0940626710653305,0.9998002052307129,-0.05379001423716545,-0.6343188881874084,0.09342207759618759,0.9998726844787598,-0.02188257873058319,-0.6434837579727173,0.0815635696053505,0.9996055960655212,-0.02065950818359852,-0.6411270499229431,0.06957896798849106,0.9995765089988708,-0.015536349266767502,-0.628284752368927,0.08986669033765793,0.9995701313018799,-0.04889097064733505,-0.5757829546928406,-0.036800071597099304,0.9999529719352722,0.03723473846912384,-0.5495518445968628,0.03184747323393822,0.9992931485176086,-0.03909013420343399,-0.5881679654121399,0.09800742566585541,0.9995093941688538,-0.021883195266127586,-0.5598267912864685,0.08812066167593002,0.9988923668861389,-0.1195676252245903,-0.41660329699516296,-0.0704098790884018,0.9999163746833801,0.1368827372789383,-0.4893156886100769,0.17969131469726562,0.9986246824264526,-0.3074350655078888,-0.318516343832016,-0.08604913204908371,0.8707619309425354,0.14437934756278992,-0.3370964229106903,0.30832162499427795,0.6402717232704163,-0.4961635172367096,-0.2672778069972992,0.13408136367797852,0.8486282229423523,0.07795673608779907,-0.3988659083843231,0.49431124329566956,0.6417632102966309,-0.5503374338150024,-0.2788863778114319,0.16599273681640625,0.8387172222137451,0.1139344796538353,-0.4303379952907562,0.5028848648071289,0.6366668939590454,-0.5529416799545288,-0.2779184877872467,0.1781679093837738,0.837660551071167,0.103763148188591,-0.46716952323913574,0.5004301071166992,0.6371742486953735,-0.49788087606430054,-0.25365352630615234,0.14520564675331116,0.8139568567276001,0.060806188732385635,-0.42715051770210266,0.4892137348651886,0.6268997192382812,-0.04462113231420517,0.018128059804439545,-0.05503015220165253,0.9999560117721558,0.04637346789240837,-0.02410350926220417,0.0585082583129406,0.9998670220375061,-0.02975630946457386,0.41738879680633545,-0.06119160354137421,0.9474663734436035,0.20543500781059265,0.10598639398813248,0.10153621435165405,0.7494341135025024,0.021167689934372902,0.7708895206451416,-0.07426118850708008,0.969822347164154,0.1571362316608429,0.38428038358688354,0.24841904640197754,0.6236776113510132,0.006110886577516794,0.8156716823577881,-0.06613759696483612,0.9392753839492798,0.1458698809146881,0.4067862033843994,0.2202264964580536,0.658543586730957,-0.01506047323346138,0.88524329662323,-0.10599496960639954,0.9509493112564087,0.15732941031455994,0.4647906720638275,0.3048056662082672,0.6437892913818359
257,8.566666666666666,-0.03217907249927521,-0.6262550354003906,0.20496250689029694,0.9995657801628113,-0.037557654082775116,-0.6370944380760193,0.17549419403076172,0.9997329115867615,-0.036404721438884735,-0.64138263463974,0.18703478574752808,0.9997851848602295,-0.0350554995238781,-0.6391856074333191,0.18313127756118774,0.9998576641082764,0.005724430549889803,-0.6465180516242981,0.1548536866903305,0.9996107816696167,0.0026447426062077284,-0.6427004933357239,0.1465376615524292,0.9995911121368408,0.014660818502306938,-0.6318935751914978,0.16650740802288055,0.9995801448822021,-0.08163847029209137,-0.5771004557609558,0.06822209805250168,0.9999489784240723,0.050379641354084015,-0.5383948087692261,0.06765886396169662,0.9993106126785278,-0.020816732197999954,-0.5936275720596313,0.18982185423374176,0.9994578957557678,0.0018464300082996488,-0.5614347457885742,0.15661625564098358,0.9988772869110107,-0.17217563092708588,-0.4206046164035797,0.0730346217751503,0.9999224543571472,0.1562909334897995,-0.4846956431865692,0.15162409842014313,0.998740553855896,-0.35656532645225525,-0.32369452714920044,0.1551261991262436,0.8798548579216003,0.2617962658405304,-0.317660927772522,0.22019265592098236,0.6245933175086975,-0.3924061357975006,-0.3098631501197815,0.42029115557670593,0.8152720928192139,0.1337687224149704,-0.3730495572090149,0.37882062792778015,0.5833312273025513,-0.4131958782672882,-0.3311365246772766,0.46397343277931213,0.7971303462982178,0.14803291857242584,-0.38314053416252136,0.39272817969322205,0.5792532563209534,-0.39126288890838623,-0.32571229338645935,0.4662419557571411,0.7959438562393188,0.12814953923225403,-0.41890469193458557,0.3947945535182953,0.5798116326332092,-0.3754187226295471,-0.2988031506538391,0.422692209482193,0.7693520188331604,0.10771043598651886,-0.38892078399658203,0.3797227740287781,0.5701850652694702,-0.07204419374465942,0.019050976261496544,0.006607801653444767,0.9999576807022095,0.07342308014631271,-0.024632256478071213,-0.007038498762995005,0.9998719692230225,-0.03392050415277481,0.4141925275325775,0.011610870249569416,0.9511589407920837,0.3456338047981262,0.030228959396481514,0.08024972677230835,0.7652360796928406,0.033296991139650345,0.7634258270263672,-0.061720218509435654,0.9714505076408386,0.15989820659160614,0.32098978757858276,0.06450766324996948,0.6461753249168396,0.019385211169719696,0.8055002689361572,-0.05668225884437561,0.9440765976905823,0.13614757359027863,0.3422912657260895,0.03661976009607315,0.6762168407440186,0.020163729786872864,0.8437493443489075,-0.03994453325867653,0.9496105313301086,0.1670176237821579,0.404846727848053,0.11414382606744766,0.644315242767334
258,8.6,-0.03124779649078846,-0.6322652697563171,0.17092107236385345,0.9995656609535217,-0.03508240729570389,-0.6435633897781372,0.14037105441093445,0.9997153282165527,-0.033488430082798004,-0.6481110453605652,0.15153199434280396,0.9997750520706177,-0.03229035064578056,-0.6459364295005798,0.14888983964920044,0.9998458623886108,0.009242595173418522,-0.6537789106369019,0.11924044787883759,0.9996154308319092,0.006415883079171181,-0.6495012640953064,0.11027151346206665,0.9996054768562317,0.019095007330179214,-0.6397679448127747,0.13062289357185364,0.9995886087417603,-0.0946558490395546,-0.583647608757019,0.03901025280356407,0.9999473690986633,0.04921816289424896,-0.5386552214622498,0.0331350713968277,0.9993338584899902,-0.021112777292728424,-0.6006178259849548,0.1580260545015335,0.9994328618049622,0.006327875889837742,-0.5666642189025879,0.12373417615890503,0.9988863468170166,-0.18567679822444916,-0.42663031816482544,0.051598526537418365,0.99992835521698,0.14691497385501862,-0.4855591952800751,0.12807752192020416,0.9988424181938171,-0.35493314266204834,-0.32538965344429016,0.13207298517227173,0.8901368975639343,0.251932293176651,-0.31343308091163635,0.19033755362033844,0.6226110458374023,-0.40189629793167114,-0.32283058762550354,0.3891291618347168,0.805751383304596,0.11726889759302139,-0.3626231551170349,0.3508322834968567,0.5356774926185608,-0.4259847104549408,-0.34353774785995483,0.4348071813583374,0.779822826385498,0.12950776517391205,-0.3652895390987396,0.3631040155887604,0.5325452089309692,-0.4048522412776947,-0.34749850630760193,0.43659472465515137,0.7783501148223877,0.10816197842359543,-0.40130820870399475,0.3654278516769409,0.5332105159759521,-0.3848364055156708,-0.31428974866867065,0.39384788274765015,0.7475723624229431,0.09058405458927155,-0.37208032608032227,0.3514613211154938,0.5235541462898254,-0.07512742280960083,0.01941431500017643,0.023242637515068054,0.9999575614929199,0.07637393474578857,-0.025215445086359978,-0.02451375685632229,0.9998701810836792,-0.03343735635280609,0.41001689434051514,0.023456277325749397,0.9548087120056152,0.3259824514389038,0.01152100320905447,0.05190151929855347,0.7814622521400452,0.03264721855521202,0.7646669745445251,-0.05639427900314331,0.9731014370918274,0.15294820070266724,0.3219507038593292,0.05082859471440315,0.6682254076004028,0.017705043777823448,0.8061359524726868,-0.047775253653526306,0.9485457539558411,0.12878721952438354,0.34748023748397827,0.024755973368883133,0.6946519613265991,0.01790706254541874,0.8425101637840271,-0.00018154576537199318,0.9489498734474182,0.15572397410869598,0.410486102104187,0.10042384266853333,0.6466732621192932
259,8.633333333333333,0.03233705088496208,-0.6287823915481567,0.13322490453720093,0.9995694160461426,-0.0017426313133910298,-0.6405755281448364,0.10944698005914688,0.9996897578239441,0.00022433190315496176,-0.6471216082572937,0.12059390544891357,0.9997515678405762,0.001058072317391634,-0.6442851424217224,0.11707326769828796,0.9998252987861633,0.05466711148619652,-0.6530433297157288,0.07868141680955887,0.9996224045753479,0.051878612488508224,-0.6472381353378296,0.0702057033777237,0.9996189475059509,0.06472063064575195,-0.6389861702919006,0.09089716523885727,0.9995999336242676,-0.07409480214118958,-0.5815885663032532,0.03326336666941643,0.9999407529830933,0.05946453660726547,-0.5308198928833008,-0.0032916604541242123,0.9993510246276855,0.0016895860899239779,-0.5964078903198242,0.12905625998973846,0.9993663430213928,0.048641934990882874,-0.5616017580032349,0.08372803777456284,0.9988671541213989,-0.17329202592372894,-0.41423943638801575,0.07373297959566116,0.9999309182167053,0.1444702297449112,-0.48589619994163513,0.06605751067399979,0.9989365339279175,-0.2742219567298889,-0.29234883189201355,0.18498431146144867,0.8687446117401123,0.2868994176387787,-0.30344533920288086,0.100761279463768,0.6419969201087952,-0.22790633141994476,-0.31907182931900024,0.4599377512931824,0.7332009673118591,0.15245601534843445,-0.33356842398643494,0.26523351669311523,0.4894215166568756,-0.2929517924785614,-0.3347437083721161,0.5076037645339966,0.7091110348701477,0.15717898309230804,-0.3562139868736267,0.2685340344905853,0.48556140065193176,-0.32306692004203796,-0.3406187891960144,0.5042456388473511,0.7079409956932068,0.13765865564346313,-0.38079848885536194,0.26910340785980225,0.48634353280067444,-0.2431650161743164,-0.3115733861923218,0.45995908975601196,0.680813729763031,0.12778256833553314,-0.3443829119205475,0.2640046775341034,0.4776429533958435,-0.07637130469083786,0.025766193866729736,0.052944958209991455,0.999957263469696,0.07795101404190063,-0.03041166253387928,-0.05408978834748268,0.999873161315918,-0.02545788511633873,0.398834228515625,0.08783187717199326,0.9547848105430603,0.3613668382167816,-0.03175203874707222,-0.024477552622556686,0.7981931567192078,0.05134753882884979,0.7425299882888794,0.04145430400967598,0.9732450842857361,0.130991593003273,0.31650230288505554,0.011872205883264542,0.6907608509063721,0.033849120140075684,0.7824121713638306,0.046346135437488556,0.9515891671180725,0.10056357085704803,0.32403820753097534,-0.009974888525903225,0.7135602235794067,0.03682928532361984,0.8181108832359314,0.12157092988491058,0.9430562853813171,0.12150631844997406,0.37539276480674744,0.0847112163901329,0.6535394787788391
260,8.666666666666666,0.10448288172483444,-0.5876059532165527,0.1133355125784874,0.9996089339256287,0.06774631887674332,-0.5989149808883667,0.10821526497602463,0.9997155070304871,0.06932742148637772,-0.6031977534294128,0.11743608862161636,0.9997698664665222,0.06995128840208054,-0.6021378040313721,0.11660550534725189,0.9998378157615662,0.10199014842510223,-0.6104902625083923,0.0712512657046318,0.9996582269668579,0.10318667441606522,-0.6062169075012207,0.06280973553657532,0.9996551275253296,0.11013639718294144,-0.5960690379142761,0.08301166445016861,0.999638020992279,-0.05706341937184334,-0.5587546825408936,0.10721056908369064,0.999944269657135,0.05210466682910919,-0.4971217215061188,0.012215230613946915,0.9994118809700012,0.07859130203723907,-0.5642393231391907,0.13336814939975739,0.9993985891342163,0.09862347692251205,-0.5253179669380188,0.07931040972471237,0.9989580512046814,-0.1246112808585167,-0.3899401128292084,0.19323863089084625,0.999924898147583,0.13098903000354767,-0.47605860233306885,0.06698360294103622,0.9990257620811462,-0.17914655804634094,-0.27459344267845154,0.3209896981716156,0.7865542769432068,0.27376797795295715,-0.3062743544578552,0.09485828876495361,0.6529611945152283,-0.05680883303284645,-0.3000839650630951,0.5933330655097961,0.6606594920158386,0.2936776280403137,-0.33264830708503723,0.2762124240398407,0.4693189561367035,-0.06096590310335159,-0.3257412612438202,0.6491724252700806,0.639247715473175,0.33272990584373474,-0.35085758566856384,0.2728300988674164,0.4624307155609131,-0.05153173208236694,-0.3217724859714508,0.6427135467529297,0.638178825378418,0.3315465450286865,-0.3774212896823883,0.28904062509536743,0.46182793378829956,-0.03938411921262741,-0.28765982389450073,0.596685528755188,0.6140360236167908,0.2813892662525177,-0.34277066588401794,0.2829667031764984,0.45036834478378296,-0.06951097398996353,0.026173358783125877,0.07810834795236588,0.9999583959579468,0.07095567137002945,-0.0317625030875206,-0.07822299748659134,0.9998813271522522,-0.02164018340408802,0.401669442653656,0.07848337292671204,0.9539743065834045,0.38148805499076843,-0.022565683349967003,-0.07591720670461655,0.8156307935714722,0.05372743681073189,0.7452684640884399,0.032653674483299255,0.9732919931411743,0.1377081722021103,0.27395257353782654,-0.03008296713232994,0.7156835794448853,0.03499292582273483,0.7852048873901367,0.037222035229206085,0.9539589285850525,0.10208171606063843,0.2873125970363617,-0.053661562502384186,0.7307803630828857,0.04029051959514618,0.8247079253196716,0.08542842417955399,0.9398210048675537,0.10424906015396118,0.3687211573123932,0.02202967181801796,0.6724110245704651
261,8.7,0.09011241048574448,-0.5835700035095215,0.06950192898511887,0.9996466636657715,0.0691959336400032,-0.5983874201774597,0.06437920778989792,0.999742329120636,0.07044895738363266,-0.6014387607574463,0.07529513537883759,0.9997906684875488,0.07050663977861404,-0.6006181240081787,0.07173075526952744,0.9998525381088257,0.08577535301446915,-0.6093325614929199,0.04648769646883011,0.9996916651725769,0.0872921422123909,-0.6058784127235413,0.04047730565071106,0.9996888637542725,0.0931476429104805,-0.5946611166000366,0.0585358589887619,0.9996733665466309,-0.03476908430457115,-0.5614824891090393,0.06613554805517197,0.9999488592147827,0.007299975026398897,-0.5044339895248413,0.0009468323551118374,0.9994685053825378,0.07681405544281006,-0.5638428330421448,0.07988762110471725,0.9994490146636963,0.08071984350681305,-0.525882363319397,0.050397735089063644,0.9990537762641907,-0.10315089672803879,-0.39492085576057434,0.20232607424259186,0.9999160766601562,0.07872821390628815,-0.48043227195739746,0.022179214283823967,0.999077558517456,0.04297338426113129,-0.2860872447490692,0.3143913745880127,0.721258819103241,0.2208562046289444,-0.34192827343940735,-0.006868123076856136,0.6785805225372314,0.20144212245941162,-0.29750579595565796,0.4728834331035614,0.6253107190132141,0.29962819814682007,-0.33037272095680237,0.12599758803844452,0.49827927350997925,0.20880469679832458,-0.32352593541145325,0.5181329846382141,0.6104769706726074,0.341012567281723,-0.3477124273777008,0.10674486309289932,0.48539409041404724,0.21481816470623016,-0.3149676024913788,0.5039103031158447,0.6099891662597656,0.352231502532959,-0.3746533691883087,0.13236065208911896,0.4826216697692871,0.21720536053180695,-0.28164976835250854,0.47082775831222534,0.5898755788803101,0.2962811291217804,-0.34240666031837463,0.13657192885875702,0.46532750129699707,-0.056918948888778687,0.02564346417784691,0.09164315462112427,0.9999591708183289,0.05854370445013046,-0.03150565177202225,-0.08996105939149857,0.9998849034309387,-0.021187635138630867,0.4018296003341675,0.06873754411935806,0.9549157619476318,0.34004583954811096,-0.012781871482729912,-0.08452332764863968,0.8322004079818726,0.04801218956708908,0.7634913921356201,0.05197308585047722,0.9745530486106873,0.13912470638751984,0.25601813197135925,0.033780746161937714,0.7405213713645935,0.028945686295628548,0.8045146465301514,0.05999388173222542,0.9555855393409729,0.10677683353424072,0.2663871645927429,0.009948383085429668,0.7467869520187378,0.03274834156036377,0.8548216223716736,0.08942044526338577,0.943217396736145,0.10310512036085129,0.3563516139984131,0.030501052737236023,0.6988433003425598
262,8.733333333333333,0.07306822389364243,-0.5820026993751526,-0.13032712042331696,0.9996784329414368,0.05943789333105087,-0.600281298160553,-0.11367956548929214,0.999764084815979,0.06074100732803345,-0.6023786664009094,-0.10145987570285797,0.9998055100440979,0.06070100516080856,-0.6018446683883667,-0.10476790368556976,0.9998617172241211,0.07378106564283371,-0.6090828776359558,-0.14382337033748627,0.999720573425293,0.07709257304668427,-0.6061434745788574,-0.15507753193378448,0.9997182488441467,0.0820956826210022,-0.5949594974517822,-0.13504354655742645,0.9997044205665588,0.0007746008923277259,-0.588015615940094,0.04397909343242645,0.9999462962150574,-0.05063062533736229,-0.5114197731018066,-0.09207110106945038,0.9995166063308716,0.06852361559867859,-0.5643923282623291,-0.07292577624320984,0.9994281530380249,0.07268208265304565,-0.5283523797988892,-0.12526647746562958,0.9990934729576111,-0.041479744017124176,-0.4478723108768463,0.16268163919448853,0.999823272228241,0.017673783004283905,-0.4953259527683258,-0.04754650965332985,0.9991264939308167,0.02696276642382145,-0.31643810868263245,0.24192370474338531,0.6516450047492981,0.19184452295303345,-0.346394419670105,-0.12300972640514374,0.7088426351547241,0.09276067465543747,-0.25095799565315247,0.407366007566452,0.5663256049156189,0.3115760087966919,-0.3288896083831787,-0.07396546006202698,0.5445945858955383,0.08017707616090775,-0.24590930342674255,0.5097532272338867,0.5559368133544922,0.35719916224479675,-0.34564661979675293,-0.11752855777740479,0.5308989882469177,0.08246630430221558,-0.23097771406173706,0.45207878947257996,0.5554894804954529,0.37306076288223267,-0.37549906969070435,-0.09492311626672745,0.5278899669647217,0.10225052386522293,-0.22598981857299805,0.41534972190856934,0.5370832681655884,0.3159469664096832,-0.34143170714378357,-0.06727976351976395,0.5082811713218689,-0.03201395273208618,0.023689575493335724,0.09581878781318665,0.9999570250511169,0.034172721207141876,-0.029151255264878273,-0.09333597123622894,0.9998881816864014,0.02284218929708004,0.399160772562027,0.05982377752661705,0.9563833475112915,0.284004807472229,0.0067530167289078236,-0.10937150567770004,0.8472392559051514,0.046282172203063965,0.7746106386184692,0.07249461114406586,0.9762938022613525,0.10633132606744766,0.2558435797691345,0.03877563029527664,0.7632806897163391,0.025705652311444283,0.8191330432891846,0.0849616676568985,0.9576689004898071,0.08320917189121246,0.26625192165374756,0.03840162605047226,0.7643197178840637,0.034988828003406525,0.8730807900428772,0.10093753784894943,0.9476341605186462,0.08451256155967712,0.3534630537033081,0.09639861434698105,0.7250694036483765
263,8.766666666666666,0.0650896206498146,-0.5763401389122009,-0.1789885014295578,0.9997032880783081,0.054994191974401474,-0.5973590612411499,-0.16292865574359894,0.9997786283493042,0.05633630231022835,-0.5983164310455322,-0.15038898587226868,0.9998109936714172,0.05618121474981308,-0.5980646014213562,-0.1536516547203064,0.9998634457588196,0.06332112848758698,-0.604002058506012,-0.1920793503522873,0.9997444152832031,0.06722614914178848,-0.6013014912605286,-0.20347778499126434,0.9997428059577942,0.07155334949493408,-0.5906127691268921,-0.1829395592212677,0.9997304677963257,0.019285911694169044,-0.5919773578643799,-0.002319774590432644,0.9999348521232605,-0.06415841728448868,-0.513971745967865,-0.12436378747224808,0.9995533227920532,0.06567378342151642,-0.565647542476654,-0.11803027242422104,0.9993349313735962,0.06820236146450043,-0.5272654294967651,-0.16947141289710999,0.9990807771682739,-0.02255490981042385,-0.4549759030342102,0.1501363217830658,0.99970543384552,0.004737008363008499,-0.49640369415283203,-0.05946804955601692,0.9991413950920105,0.01979515701532364,-0.31963446736335754,0.2577287554740906,0.5882891416549683,0.1782931089401245,-0.34317612648010254,-0.14501528441905975,0.7355579733848572,0.07951270788908005,-0.22982509434223175,0.3518580496311188,0.5136333107948303,0.3133923411369324,-0.30663609504699707,-0.12705375254154205,0.586211085319519,0.062122222036123276,-0.22472015023231506,0.39731094241142273,0.5071248412132263,0.3606221079826355,-0.3245033025741577,-0.17573000490665436,0.5716387629508972,0.06473810225725174,-0.21007724106311798,0.3754749298095703,0.5067555904388428,0.37998682260513306,-0.35989251732826233,-0.15186889469623566,0.5686025619506836,0.08978833258152008,-0.20426684617996216,0.3528013527393341,0.489555299282074,0.3203962743282318,-0.31995147466659546,-0.12075062841176987,0.5465407371520996,-0.019115284085273743,0.022511741146445274,0.09912759065628052,0.9999470710754395,0.02140957862138748,-0.02781049907207489,-0.09626181423664093,0.9998806715011597,0.045239850878715515,0.4000787138938904,0.05819809064269066,0.9514627456665039,0.2625167667865753,0.013010809198021889,-0.14834293723106384,0.8593184947967529,0.05474394932389259,0.7806656360626221,0.07077669352293015,0.9775325059890747,0.09358236193656921,0.2425556182861328,0.05261616036295891,0.7818341255187988,0.03155815228819847,0.8256513476371765,0.08250214904546738,0.9587472081184387,0.0774054303765297,0.2531174421310425,0.0453975610435009,0.7771516442298889,0.050285451114177704,0.8802516460418701,0.08629082143306732,0.951124906539917,0.07583680003881454,0.3499271869659424,0.10078542679548264,0.747136116027832
264,8.8,0.03371929004788399,-0.5777312517166138,-0.20073942840099335,0.9996373057365417,0.03627265244722366,-0.6024367213249207,-0.18110230565071106,0.9996912479400635,0.0385463684797287,-0.6022995710372925,-0.17086054384708405,0.9996621012687683,0.036884061992168427,-0.6027634739875793,-0.17367030680179596,0.9997673034667969,0.016228551045060158,-0.604787290096283,-0.20686227083206177,0.9997172355651855,0.020260311663150787,-0.6017245650291443,-0.21807275712490082,0.9997169375419617,0.0254072155803442,-0.5926793813705444,-0.19809968769550323,0.999721109867096,0.02494562417268753,-0.6004390716552734,-0.03985854610800743,0.9997514486312866,-0.0850117951631546,-0.516218364238739,-0.12141791731119156,0.9994849562644958,0.052213676273822784,-0.5723733305931091,-0.14385682344436646,0.9991579651832581,0.02498803101480007,-0.5301653146743774,-0.18937116861343384,0.9989287257194519,0.09910674393177032,-0.46314433217048645,0.12532439827919006,0.9996852278709412,-0.0723634660243988,-0.4903009831905365,-0.045504868030548096,0.9991093873977661,0.2571033835411072,-0.3423503041267395,0.17128229141235352,0.5603630542755127,0.13346223533153534,-0.3181706666946411,-0.11121921241283417,0.7255623936653137,0.3625468313694,-0.2619093358516693,0.058611948043107986,0.5046073198318481,0.271608829498291,-0.3064819276332855,-0.13698238134384155,0.6091753244400024,0.37401387095451355,-0.25410810112953186,0.05790919065475464,0.5080625414848328,0.3228811025619507,-0.3228541910648346,-0.1944766491651535,0.5935243964195251,0.3588796854019165,-0.2602737247943878,0.037639718502759933,0.5109521150588989,0.3453966975212097,-0.3672572076320648,-0.1885969191789627,0.5905004143714905,0.36595138907432556,-0.24057142436504364,0.04776827245950699,0.49146735668182373,0.28412720561027527,-0.3202688992023468,-0.13858969509601593,0.5610132217407227,0.058999817818403244,0.015272583812475204,0.08745895326137543,0.9999447464942932,-0.05645592883229256,-0.02079620026051998,-0.08514482527971268,0.9998766183853149,0.07170084863901138,0.4009634256362915,0.05158037319779396,0.9383224248886108,0.05377086251974106,0.07504624128341675,-0.37895864248275757,0.8678895831108093,0.05175800248980522,0.7743338346481323,0.11513971537351608,0.97294682264328,0.022065021097660065,0.22831091284751892,-0.12478863447904587,0.7448538541793823,0.030972890555858612,0.8184572458267212,0.13397939503192902,0.9348939657211304,0.020101431757211685,0.23162433505058289,-0.12926803529262543,0.7266138195991516,0.044566329568624496,0.878058135509491,0.1076822578907013,0.9436547160148621,0.045685961842536926,0.29265153408050537,-0.13143114745616913,0.7181103825569153
265,8.833333333333334,0.020938698202371597,-0.5860265493392944,-0.16746626794338226,0.9996429085731506,0.03083316795527935,-0.6067107915878296,-0.15078145265579224,0.9996954202651978,0.03219061344861984,-0.606605589389801,-0.14031587541103363,0.9996575117111206,0.0305442214012146,-0.6072527170181274,-0.14363554120063782,0.9997692704200745,0.0020572696812450886,-0.6084179878234863,-0.1718713641166687,0.9997249841690063,0.005354824475944042,-0.606543779373169,-0.18341200053691864,0.9997209310531616,0.009566454216837883,-0.5983675718307495,-0.1636531800031662,0.999730110168457,0.05156934633851051,-0.5991143584251404,-0.037077683955430984,0.9997485280036926,-0.07389829307794571,-0.5187721252441406,-0.072662852704525,0.9994608163833618,0.051066938787698746,-0.5772683024406433,-0.1181887835264206,0.999200165271759,0.014009629376232624,-0.5366544723510742,-0.15672364830970764,0.998954713344574,0.15545277297496796,-0.45909440517425537,0.08882759511470795,0.9997029304504395,-0.09963300824165344,-0.4839063286781311,0.040603816509246826,0.9989636540412903,0.3198612332344055,-0.34205135703086853,-0.0105705251917243,0.594761848449707,0.0038214758969843388,-0.28193724155426025,-0.06893004477024078,0.6919774413108826,0.25697243213653564,-0.31524190306663513,-0.11772520840167999,0.5416744351387024,0.1773817539215088,-0.2859748899936676,-0.17631720006465912,0.5983863472938538,0.22716297209262848,-0.32475394010543823,-0.1322794407606125,0.5433295965194702,0.27716487646102905,-0.3054252862930298,-0.23944635689258575,0.5832724571228027,0.19993934035301208,-0.3508586883544922,-0.12650977075099945,0.5456700325012207,0.3285389542579651,-0.36470258235931396,-0.23415909707546234,0.578423261642456,0.24665343761444092,-0.30945053696632385,-0.11592770367860794,0.5204436182975769,0.21298910677433014,-0.30629947781562805,-0.1808466911315918,0.5439164638519287,0.08381819725036621,0.01511960569769144,0.045438457280397415,0.999946117401123,-0.08191454410552979,-0.020536979660391808,-0.04223504289984703,0.9998781085014343,0.06928811967372894,0.4013957381248474,-0.02925688959658146,0.937609851360321,-0.2562059164047241,0.0787384882569313,-0.28587478399276733,0.8735560774803162,0.05009964480996132,0.7660428285598755,0.09055933356285095,0.972975492477417,-0.045650649815797806,0.23506435751914978,-0.03695716708898544,0.7170978784561157,0.029470769688487053,0.8071504831314087,0.10628127306699753,0.9183195233345032,-0.020772738382220268,0.23469527065753937,-0.04627283290028572,0.6909884214401245,0.03603067621588707,0.8715093731880188,0.0658627599477768,0.9434630274772644,0.010065964423120022,0.2962550222873688,-0.043484482914209366,0.6952846646308899
266,8.866666666666667,0.012502751313149929,-0.5866649150848389,-0.18145644664764404,0.9996675252914429,0.02718818560242653,-0.6070700287818909,-0.1620994508266449,0.9997162222862244,0.02805136889219284,-0.6071353554725647,-0.1521790474653244,0.9996776580810547,0.026480574160814285,-0.607681393623352,-0.156500905752182,0.9997848868370056,-0.004759292118251324,-0.609451949596405,-0.17572614550590515,0.9997434020042419,-0.0014248224906623363,-0.607627809047699,-0.18828655779361725,0.9997370839118958,0.0020758912432938814,-0.5990556478500366,-0.16873958706855774,0.9997474551200867,0.07519219815731049,-0.59697026014328,-0.04991592466831207,0.9997641444206238,-0.06377046555280685,-0.5184155702590942,-0.06131042167544365,0.9994686841964722,0.05055493116378784,-0.5772165060043335,-0.13376453518867493,0.9992681741714478,0.01030166819691658,-0.5368437767028809,-0.16185647249221802,0.9990328550338745,0.1898285150527954,-0.45082640647888184,0.041256967931985855,0.9997274279594421,-0.10227516293525696,-0.47200217843055725,0.07425487786531448,0.9989753365516663,0.34998682141304016,-0.3386104702949524,-0.07216285914182663,0.6319141387939453,-0.1466745287179947,-0.2638647258281708,-0.058957189321517944,0.6853148341178894,0.2600281834602356,-0.3079499304294586,-0.15434925258159637,0.582110583782196,-0.0011851481394842267,-0.26685813069343567,-0.25142669677734375,0.6036195755004883,0.21700440347194672,-0.312579870223999,-0.169738307595253,0.5802191495895386,0.0735418051481247,-0.2858356237411499,-0.32029300928115845,0.5820707678794861,0.18256358802318573,-0.3414090871810913,-0.15923187136650085,0.5818537473678589,0.1233694851398468,-0.3515823185443878,-0.3121376931667328,0.5752225518226624,0.2440108209848404,-0.30770090222358704,-0.1495748609304428,0.552761435508728,0.02953960932791233,-0.28772830963134766,-0.2566920518875122,0.5350988507270813,0.09126339852809906,0.015316428616642952,0.023243693634867668,0.9999475479125977,-0.08976859599351883,-0.02073187381029129,-0.019905246794223785,0.9998821020126343,0.08899460732936859,0.4152835011482239,-0.04702886566519737,0.9354164004325867,-0.3221213221549988,0.06990823894739151,-0.24919207394123077,0.8807318210601807,0.04890443757176399,0.7665769457817078,0.08643998205661774,0.9733525514602661,-0.07635727524757385,0.24488846957683563,-0.017644912004470825,0.7143462896347046,0.02773275412619114,0.807669997215271,0.10716186463832855,0.9082788825035095,-0.04540468752384186,0.24599215388298035,-0.028399581089615822,0.6774849891662598,0.03374113887548447,0.8718541264533997,0.05712534859776497,0.9443613886833191,-0.014324372634291649,0.3244476616382599,-0.05322474241256714,0.696252167224884
267,8.9,0.014147012494504452,-0.5870472192764282,-0.21018792688846588,0.9996887445449829,0.02717134729027748,-0.6067965030670166,-0.1925116777420044,0.9997344017028809,0.028003588318824768,-0.6069795489311218,-0.1822773516178131,0.9996954202651978,0.02645651064813137,-0.6076009273529053,-0.18702226877212524,0.9997989535331726,-0.0023176020476967096,-0.6087091565132141,-0.20589391887187958,0.9997589588165283,0.0009230418363586068,-0.6073032021522522,-0.21910066902637482,0.9997501969337463,0.0042334613390266895,-0.598513126373291,-0.19933882355690002,0.9997616410255432,0.07668013870716095,-0.5954299569129944,-0.08368788659572601,0.9997797608375549,-0.05955324321985245,-0.5143167972564697,-0.08207573741674423,0.9994734525680542,0.051975954324007034,-0.576416015625,-0.1626056581735611,0.9993309378623962,0.01210649311542511,-0.535446047782898,-0.19087041914463043,0.9991040825843811,0.18877144157886505,-0.44737792015075684,0.002686891006305814,0.9997506141662598,-0.09988152235746384,-0.4631061851978302,0.06482043862342834,0.9989449977874756,0.352133184671402,-0.33193615078926086,-0.09706945717334747,0.6659694910049438,-0.1509426236152649,-0.2546316683292389,-0.08673015981912613,0.6833834648132324,0.2543075978755951,-0.2881694436073303,-0.17202343046665192,0.6183458566665649,-0.008015121333301067,-0.24499675631523132,-0.2806020975112915,0.5976605415344238,0.20773638784885406,-0.2896959185600281,-0.1850438416004181,0.6129979491233826,0.06220438331365585,-0.2583366930484772,-0.3462352752685547,0.5692602396011353,0.1721278578042984,-0.3247363567352295,-0.17588728666305542,0.6139841675758362,0.10394451022148132,-0.3223976492881775,-0.33816805481910706,0.5603662133216858,0.237431138753891,-0.2860499918460846,-0.1678219735622406,0.5817455649375916,0.018279679119586945,-0.2645252048969269,-0.28603678941726685,0.5166464447975159,0.08957265317440033,0.015575801953673363,0.01766059547662735,0.9999489188194275,-0.08799204230308533,-0.02096967026591301,-0.014428931288421154,0.9998852014541626,0.09428602457046509,0.4202546179294586,-0.054305434226989746,0.93597811460495,-0.32109907269477844,0.06512552499771118,-0.23538273572921753,0.8883485198020935,0.049135804176330566,0.7672114968299866,0.08483392000198364,0.9739166498184204,-0.07643943279981613,0.2525990903377533,-0.010469472967088223,0.7166550755500793,0.02631666511297226,0.8080973029136658,0.10766641795635223,0.8992591500282288,-0.04615834355354309,0.2556819021701813,-0.02194761298596859,0.6681404709815979,0.033957455307245255,0.8729856014251709,0.05460367351770401,0.9452051520347595,-0.01591913402080536,0.3398588001728058,-0.04994909465312958,0.6993637681007385
268,8.933333333333334,0.011160021647810936,-0.582463800907135,-0.20661664009094238,0.999713122844696,0.02637353539466858,-0.6013680100440979,-0.19019752740859985,0.9997547268867493,0.027073180302977562,-0.601898729801178,-0.17961938679218292,0.9997171759605408,0.025708066299557686,-0.602564811706543,-0.18435654044151306,0.9998140931129456,-0.003161783330142498,-0.6051055788993835,-0.20116475224494934,0.9997769594192505,-0.00024607640807516873,-0.6040239334106445,-0.2142152637243271,0.9997676014900208,0.0027214030269533396,-0.595272421836853,-0.19486714899539948,0.9997789859771729,0.08425109088420868,-0.5850434303283691,-0.08442427963018417,0.9997959733009338,-0.0570688396692276,-0.5149280428886414,-0.08043071627616882,0.9994946122169495,0.051560964435338974,-0.5689666867256165,-0.15953116118907928,0.9993903636932373,0.010063818655908108,-0.5306100845336914,-0.18545790016651154,0.9991780519485474,0.18381398916244507,-0.4319942891597748,-0.0038491981104016304,0.9997715353965759,-0.1056637242436409,-0.464883416891098,0.08420055359601974,0.9989796280860901,0.29234936833381653,-0.3073157072067261,-0.0949333906173706,0.698199987411499,-0.21551628410816193,-0.2622998058795929,-0.06478934735059738,0.6887627840042114,0.17029929161071777,-0.2595371901988983,-0.15090571343898773,0.6551327705383301,-0.14397987723350525,-0.22919413447380066,-0.23700566589832306,0.616761326789856,0.08702370524406433,-0.25651299953460693,-0.1648842990398407,0.6492447853088379,-0.09224338084459305,-0.23388727009296417,-0.30717748403549194,0.5872631669044495,0.04126306250691414,-0.2875007688999176,-0.15581992268562317,0.6500116586685181,-0.041004858911037445,-0.29067695140838623,-0.3033232092857361,0.5786160230636597,0.13483785092830658,-0.25346827507019043,-0.14482679963111877,0.6185066103935242,-0.11685793101787567,-0.2449372261762619,-0.24563950300216675,0.5324850678443909,0.09142666310071945,0.015682397410273552,0.010562136769294739,0.9999486207962036,-0.08967063575983047,-0.021132804453372955,-0.007201588712632656,0.9998854398727417,0.092986099421978,0.41942596435546875,-0.060292135924100876,0.9376407265663147,-0.3100544214248657,0.06854353100061417,-0.23146063089370728,0.895926833152771,0.0484740175306797,0.7675263285636902,0.08026275038719177,0.9750156402587891,-0.06413355469703674,0.2691841125488281,-0.0008085446315817535,0.7226167321205139,0.025562355294823647,0.8075947165489197,0.10235263407230377,0.8951219320297241,-0.03685770928859711,0.27462801337242126,-0.012527277693152428,0.6657372117042542,0.031027168035507202,0.8727167248725891,0.04184558987617493,0.9475149512290955,-0.009193245321512222,0.3623718023300171,-0.03603692352771759,0.706470787525177
269,8.966666666666667,-0.012183001264929771,-0.5831595659255981,-0.19881299138069153,0.9997408390045166,0.00868829246610403,-0.6018332242965698,-0.18620017170906067,0.9997785687446594,0.008600611239671707,-0.6024343371391296,-0.1746886819601059,0.9997445344924927,0.008288470096886158,-0.6030411124229431,-0.17897166311740875,0.9998321533203125,-0.02009781450033188,-0.6054968237876892,-0.19394786655902863,0.9997985363006592,-0.018108882009983063,-0.6046317219734192,-0.20696322619915009,0.999789834022522,-0.015293944627046585,-0.5956588983535767,-0.18784669041633606,0.9998001456260681,0.07692165672779083,-0.5852477550506592,-0.08802305161952972,0.9998157620429993,-0.062378160655498505,-0.5272274613380432,-0.07419746369123459,0.9995400309562683,0.03168121352791786,-0.5693295001983643,-0.15432031452655792,0.9994502663612366,-0.009550363756716251,-0.5311876535415649,-0.17766161262989044,0.9992579817771912,0.15165330469608307,-0.4291251301765442,-0.031606901437044144,0.9997931122779846,-0.11553745716810226,-0.4749148190021515,0.11802676320075989,0.9990411996841431,0.17177027463912964,-0.27987945079803467,-0.10756612569093704,0.7277563810348511,-0.2475505918264389,-0.26540547609329224,-0.003607288235798478,0.68593829870224,-0.030600029975175858,-0.24474391341209412,-0.1352570354938507,0.6892493963241577,-0.25563833117485046,-0.23732735216617584,-0.22236527502536774,0.6304569840431213,-0.09693509340286255,-0.2409120500087738,-0.14964987337589264,0.6837238073348999,-0.22734016180038452,-0.2392246574163437,-0.2990567088127136,0.6070520877838135,-0.1275462657213211,-0.2671158015727997,-0.14745454490184784,0.6844092607498169,-0.17902858555316925,-0.29110291600227356,-0.3019128739833832,0.599952757358551,-0.04900454357266426,-0.23759250342845917,-0.13070057332515717,0.6553072929382324,-0.23409372568130493,-0.25229325890541077,-0.23679526150226593,0.553728461265564,0.08744891732931137,0.015472722239792347,-0.006267330143600702,0.9999484419822693,-0.08541253209114075,-0.02065003104507923,0.010024724528193474,0.9998835921287537,0.08813205361366272,0.4163253605365753,-0.07228817045688629,0.9425827860832214,-0.3029688596725464,0.0752626433968544,-0.14085568487644196,0.9004406929016113,0.02695516310632229,0.7709093689918518,0.043500903993844986,0.9770617485046387,-0.08710058033466339,0.28137433528900146,0.12457185238599777,0.727127194404602,0.0002085063315462321,0.8110227584838867,0.06641895323991776,0.899620532989502,-0.05810362845659256,0.28882771730422974,0.11227330565452576,0.6616004109382629,-0.01389793585985899,0.8725507855415344,-0.007448357529938221,0.9519032835960388,-0.025865787640213966,0.37921541929244995,0.08897420763969421,0.7142642140388489
270,9.0,-0.03814106434583664,-0.5873386859893799,-0.2624471187591553,0.999761164188385,-0.011793261393904686,-0.6038002967834473,-0.25806549191474915,0.9997982382774353,-0.01350694801658392,-0.6053833365440369,-0.24260357022285461,0.9997669458389282,-0.013731565326452255,-0.6054825782775879,-0.2466287612915039,0.9998469948768616,-0.039085857570171356,-0.6142317652702332,-0.2549470067024231,0.9998158812522888,-0.037880610674619675,-0.6132550835609436,-0.26885971426963806,0.9998069405555725,-0.03554169461131096,-0.6025067567825317,-0.2480868697166443,0.999816358089447,0.07272649556398392,-0.5869404077529907,-0.16875727474689484,0.9998321533203125,-0.06516014039516449,-0.5419522523880005,-0.1196385994553566,0.9995658993721008,0.008270332589745522,-0.5731552243232727,-0.2221377044916153,0.9994906187057495,-0.031246211379766464,-0.5391619801521301,-0.23530364036560059,0.9993077516555786,0.10045268386602402,-0.4238651692867279,-0.13104431331157684,0.9998077154159546,-0.0997815802693367,-0.4961993396282196,0.09997884184122086,0.9990329146385193,-0.09834625571966171,-0.2783808708190918,-0.09640936553478241,0.7387835383415222,-0.2339097410440445,-0.33455419540405273,-0.026796715334057808,0.6350646018981934,-0.21551945805549622,-0.24651922285556793,0.025961434468626976,0.7038175463676453,-0.19829438626766205,-0.3361632823944092,-0.28145989775657654,0.5876571536064148,-0.26339343190193176,-0.24438519775867462,0.045179929584264755,0.6963506937026978,-0.16196419298648834,-0.3406502306461334,-0.3603730797767639,0.5721150636672974,-0.25092005729675293,-0.2683376669883728,0.03823024034500122,0.697363555431366,-0.10472623258829117,-0.3899165093898773,-0.3517411947250366,0.5659804344177246,-0.20779576897621155,-0.2385503202676773,0.03408809006214142,0.6621376872062683,-0.17308776080608368,-0.35339054465293884,-0.29491719603538513,0.5204322338104248,0.08022291958332062,0.015428738668560982,-0.03286490961909294,0.9999359250068665,-0.07803624868392944,-0.020270591601729393,0.03741833567619324,0.9998583197593689,0.06654348224401474,0.435838907957077,-0.08217354118824005,0.9413120746612549,-0.26254644989967346,0.11516577005386353,0.06259570270776749,0.8391710519790649,0.01843298226594925,0.7948271632194519,-0.008269146084785461,0.977092981338501,-0.120247021317482,0.30444738268852234,0.3273880183696747,0.6865087151527405,-0.008632324635982513,0.8351585268974304,0.009630262851715088,0.8942373991012573,-0.1019100695848465,0.3145134747028351,0.3123851716518402,0.6271669864654541,-0.057696811854839325,0.9016281366348267,-0.05287054181098938,0.9526699781417847,-0.10754596441984177,0.39360830187797546,0.3182910084724426,0.6818131804466248
271,9.033333333333333,-0.05619370564818382,-0.5916936993598938,-0.27062541246414185,0.9997829794883728,-0.026715481653809547,-0.6069122552871704,-0.2672119438648224,0.9998174905776978,-0.028387904167175293,-0.6089931130409241,-0.25181010365486145,0.9997890591621399,-0.028638310730457306,-0.6087743043899536,-0.2550785541534424,0.9998615980148315,-0.05166755989193916,-0.6221243739128113,-0.26239722967147827,0.9998331069946289,-0.05106670409440994,-0.6209524869918823,-0.2762494385242462,0.9998245239257812,-0.048400525003671646,-0.6092931628227234,-0.25524166226387024,0.9998329281806946,0.07021185010671616,-0.5885184407234192,-0.1818155199289322,0.9998482465744019,-0.06683439761400223,-0.5535240173339844,-0.12563298642635345,0.9995973706245422,-0.008764269761741161,-0.576495885848999,-0.23159614205360413,0.9995347261428833,-0.04674085974693298,-0.5457484126091003,-0.2424282282590866,0.9993645548820496,0.0687633827328682,-0.4216538965702057,-0.14656995236873627,0.999824047088623,-0.09073583781719208,-0.5094595551490784,0.0991247296333313,0.9990597367286682,-0.1234273836016655,-0.27601107954978943,-0.09872189909219742,0.7578245997428894,-0.2335733026266098,-0.3567377030849457,-0.02410260960459709,0.5809692740440369,-0.24956244230270386,-0.2502807378768921,0.06656166166067123,0.7257416844367981,-0.23453070223331451,-0.3411489427089691,-0.27030324935913086,0.5425074696540833,-0.2999635338783264,-0.24683061242103577,0.08636509627103806,0.7158389687538147,-0.20751962065696716,-0.34374189376831055,-0.3480342626571655,0.5344507694244385,-0.2869322597980499,-0.2703244984149933,0.08093515038490295,0.7167884707450867,-0.14874860644340515,-0.3898073732852936,-0.3408423662185669,0.529668390750885,-0.24153204262256622,-0.2411487102508545,0.07441923767328262,0.6786015629768372,-0.21130652725696564,-0.3567419648170471,-0.2845051884651184,0.48590293526649475,0.07576295733451843,0.014144270680844784,-0.04169214144349098,0.9999248385429382,-0.07441999018192291,-0.018389659002423286,0.04614309221506119,0.999832272529602,0.03879764676094055,0.4339710772037506,-0.07572251558303833,0.9407523274421692,-0.2130652815103531,0.15724880993366241,0.12045678496360779,0.7800148129463196,0.0012088994262740016,0.7836710214614868,-0.00021520031441468745,0.9763429760932922,-0.12314151227474213,0.3298889994621277,0.3461369574069977,0.6556504964828491,-0.024919092655181885,0.8228131532669067,0.01789012737572193,0.8900536894798279,-0.11386925727128983,0.33928626775741577,0.32666516304016113,0.6024733185768127,-0.07565652579069138,0.8845764398574829,-0.034688495099544525,0.9524000883102417,-0.12608033418655396,0.3950648009777069,0.328325480222702,0.6591192483901978
272,9.066666666666666,-0.11774124950170517,-0.5963305830955505,-0.2674480974674225,0.9998011589050293,-0.08375575393438339,-0.6130525469779968,-0.2374858409166336,0.9998339414596558,-0.0793696790933609,-0.6133944988250732,-0.22356154024600983,0.9998084306716919,-0.08137616515159607,-0.613447368144989,-0.2276618480682373,0.9998741149902344,-0.09181909263134003,-0.6303799152374268,-0.255240261554718,0.9998469948768616,-0.09116694331169128,-0.6275174617767334,-0.26846402883529663,0.9998384714126587,-0.08570488542318344,-0.6179754734039307,-0.24334758520126343,0.9998460412025452,0.04159309342503548,-0.5884719491004944,-0.17921064794063568,0.9998624324798584,-0.06471587717533112,-0.5638002753257751,-0.09420507401227951,0.9996244311332703,-0.0654720813035965,-0.5798882842063904,-0.20380499958992004,0.9995681047439575,-0.08919192105531693,-0.5514786243438721,-0.21435758471488953,0.9994001388549805,-0.006589230615645647,-0.4225674867630005,-0.1683807522058487,0.999840497970581,0.006945007015019655,-0.5102828145027161,0.16049452126026154,0.999136209487915,-0.16330720484256744,-0.27745693922042847,-0.19006375968456268,0.7809044122695923,0.020876096561551094,-0.3004932403564453,0.22484958171844482,0.5232373476028442,-0.31249064207077026,-0.2529899477958679,-0.021902233362197876,0.7502114176750183,-0.06164202839136124,-0.17710678279399872,0.22730351984500885,0.4892801344394684,-0.353678822517395,-0.2521188259124756,-0.005442208610475063,0.7396607398986816,-0.05050554499030113,-0.1630329191684723,0.20876796543598175,0.4832014739513397,-0.35017457604408264,-0.2710683345794678,0.005250591319054365,0.7403244376182556,-0.08999086171388626,-0.19422633945941925,0.19058896601200104,0.4789566099643707,-0.30628085136413574,-0.2429405301809311,-0.007695217151194811,0.7025020718574524,-0.07176253199577332,-0.18828752636909485,0.21150623261928558,0.43987831473350525,0.017934365198016167,-0.006898472551256418,-0.05272368714213371,0.9999290704727173,-0.013980885036289692,0.003538670251145959,0.05403665825724602,0.9998461008071899,-0.16218075156211853,0.15253809094429016,0.0041032335720956326,0.9315991401672363,-0.032103028148412704,0.3572792410850525,0.056806761771440506,0.7971621155738831,-0.03873477876186371,0.3803156018257141,0.23982778191566467,0.9543461799621582,-0.07710354030132294,0.779887855052948,0.14336730539798737,0.6878488659858704,-0.04583984985947609,0.40651968121528625,0.2741734981536865,0.86985844373703,-0.09826865047216415,0.8133965730667114,0.10077623277902603,0.6359118819236755,-0.09202778339385986,0.46042823791503906,0.34214043617248535,0.9318125247955322,-0.1159878596663475,0.8508161306381226,0.07978793978691101,0.6895375847816467
273,9.1,-0.149154394865036,-0.6061519980430603,-0.11937245726585388,0.9997882843017578,-0.13177061080932617,-0.6185975074768066,-0.1419057548046112,0.9998337030410767,-0.13194140791893005,-0.6193813681602478,-0.12929874658584595,0.9998049139976501,-0.13202303647994995,-0.6197339296340942,-0.1310545951128006,0.9998721480369568,-0.11667456477880478,-0.6367035508155823,-0.13570518791675568,0.9998454451560974,-0.11585034430027008,-0.6340986490249634,-0.14705191552639008,0.999830961227417,-0.11013353615999222,-0.6222943067550659,-0.12541590631008148,0.9998440146446228,-0.0464513935148716,-0.585968017578125,-0.16879647970199585,0.9998630285263062,-0.05722865089774132,-0.5613306760787964,-0.07862414419651031,0.9996141791343689,-0.10749075561761856,-0.5827497243881226,-0.11677300184965134,0.9994878172874451,-0.104698047041893,-0.5542510747909546,-0.11082290858030319,0.999297559261322,-0.10727623105049133,-0.4165075421333313,-0.1451769322156906,0.9998270869255066,0.04996422305703163,-0.49724406003952026,0.1395556628704071,0.9989535808563232,-0.27385881543159485,-0.28063371777534485,-0.1416182965040207,0.7109713554382324,-0.020974086597561836,-0.29124635457992554,0.20848141610622406,0.4709954559803009,-0.2722111642360687,-0.31113526225090027,0.19346190989017487,0.6780086755752563,-0.19943101704120636,-0.28263360261917114,0.2808179259300232,0.4405554234981537,-0.2826575040817261,-0.3467896580696106,0.22807464003562927,0.6697958707809448,-0.2036222666501999,-0.32232460379600525,0.2726374864578247,0.43530160188674927,-0.2660420835018158,-0.34372836351394653,0.2275466024875641,0.6703286170959473,-0.2057495266199112,-0.3465110957622528,0.2657434940338135,0.4314797818660736,-0.25331926345825195,-0.3002828359603882,0.19963684678077698,0.6357482075691223,-0.21545495092868805,-0.3038786053657532,0.2686096131801605,0.39642998576164246,-0.009942437522113323,-0.002367062959820032,-0.04816453531384468,0.9999071955680847,0.01164272427558899,-0.0027453042566776276,0.05016424506902695,0.9998084306716919,-0.07745698094367981,0.31572502851486206,-0.045620933175086975,0.9013399481773376,-0.05679391697049141,0.29304707050323486,0.1506877988576889,0.7218262553215027,-0.027001580223441124,0.7037278413772583,-0.01722164824604988,0.9387026429176331,-0.12385019659996033,0.5701647400856018,0.31507062911987305,0.6282037496566772,-0.03803405910730362,0.7469474077224731,-0.00891027506440878,0.8394631743431091,-0.13770656287670135,0.5947860479354858,0.29132822155952454,0.5871556997299194,-0.07875818759202957,0.8038200736045837,-0.01030091755092144,0.8984956741333008,-0.1559307724237442,0.5093196034431458,0.3398728668689728,0.6280736327171326
274,9.133333333333333,-0.10112138837575912,-0.6235191822052002,0.06233470141887665,0.999658465385437,-0.10178321599960327,-0.6317630410194397,0.02594008296728134,0.9996662139892578,-0.1009044349193573,-0.6333367228507996,0.03546876832842827,0.9996498227119446,-0.10249564796686172,-0.6341816186904907,0.034815046936273575,0.9997701048851013,-0.04828443378210068,-0.648450493812561,0.01546350959688425,0.9997153282165527,-0.04520837590098381,-0.6461668610572815,0.004716586321592331,0.9997003674507141,-0.03864466771483421,-0.6343038082122803,0.026062946766614914,0.9997218251228333,-0.06346873939037323,-0.5858774185180664,-0.08344196528196335,0.9998356699943542,0.03876073658466339,-0.5588592886924744,-0.044792696833610535,0.9994296431541443,-0.0783112645149231,-0.5943163633346558,0.04871480539441109,0.9992226958274841,-0.029497429728507996,-0.5635409355163574,0.029327403753995895,0.9989995360374451,-0.140797957777977,-0.41212981939315796,-0.0569208525121212,0.9998316168785095,0.11532614380121231,-0.49710267782211304,0.11486227065324783,0.9989415407180786,-0.2846146821975708,-0.27949729561805725,0.02934449166059494,0.6610041856765747,0.040110766887664795,-0.28527459502220154,0.14052170515060425,0.42574945092201233,-0.2283918261528015,-0.3418194055557251,0.3180387616157532,0.6143624186515808,-0.10313725471496582,-0.3211919367313385,0.21434052288532257,0.39690101146698,-0.23326703906059265,-0.37924227118492126,0.35845375061035156,0.6083744168281555,-0.10565314441919327,-0.36185532808303833,0.206468403339386,0.3924328088760376,-0.21458622813224792,-0.38138407468795776,0.35438665747642517,0.6086089611053467,-0.18208637833595276,-0.39228129386901855,0.20854242146015167,0.38899341225624084,-0.20602378249168396,-0.3330990672111511,0.3220362961292267,0.5767174959182739,-0.15817874670028687,-0.3451555073261261,0.21038775146007538,0.35750460624694824,-0.056072644889354706,0.008218309842050076,0.0059272549115121365,0.9999098777770996,0.057341158390045166,-0.015221912413835526,-0.0052156271412968636,0.9998111128807068,-0.0757061168551445,0.3520762324333191,-0.0009229382267221808,0.8977782130241394,0.2552902102470398,0.04433794692158699,0.09704885631799698,0.7248433828353882,0.04246802255511284,0.7541716694831848,-0.005440684966742992,0.9382663369178772,0.028707344084978104,0.3402613699436188,0.15787431597709656,0.6330046057701111,0.026947882026433945,0.7950871586799622,0.0033954365644603968,0.8432926535606384,-0.011165004223585129,0.3609883487224579,0.13675472140312195,0.5943374037742615,0.018014732748270035,0.8163804411888123,0.003865608246996999,0.8820491433143616,-0.01987508125603199,0.37798941135406494,0.25832346081733704,0.6067667007446289
275,9.166666666666666,0.0008381671505048871,-0.6263964176177979,0.16752846539020538,0.9996671080589294,-0.031426042318344116,-0.635535717010498,0.1396024078130722,0.9996642470359802,-0.031233476474881172,-0.6373741030693054,0.14797770977020264,0.999656617641449,-0.02886996604502201,-0.6381071209907532,0.1488351821899414,0.9997708797454834,0.030438467860221863,-0.6504971981048584,0.11569037288427353,0.9997210502624512,0.03412932530045509,-0.6482526063919067,0.10628273338079453,0.9997117519378662,0.04034896939992905,-0.6364784836769104,0.12592723965644836,0.999727189540863,-0.062338463962078094,-0.5854429006576538,0.047054413706064224,0.9998451471328735,0.06743167340755463,-0.5499927401542664,0.021222108975052834,0.9994487166404724,-0.016381284222006798,-0.5957798957824707,0.15972013771533966,0.9992214441299438,0.04031456261873245,-0.5630983114242554,0.12287244945764542,0.9990044832229614,-0.14648108184337616,-0.410871297121048,0.08573788404464722,0.9998457431793213,0.1476019024848938,-0.49686652421951294,0.10684920102357864,0.9990291595458984,-0.23862674832344055,-0.28776678442955017,0.19619502127170563,0.6682162880897522,0.22558417916297913,-0.2965393364429474,0.14286868274211884,0.45734426379203796,-0.185899019241333,-0.3546225130558014,0.4890533685684204,0.5632303357124329,0.06973407417535782,-0.3515029847621918,0.3264774978160858,0.3599439859390259,-0.20073939859867096,-0.3862955868244171,0.5410892367362976,0.5572420954704285,0.0728791281580925,-0.39002588391304016,0.3351714015007019,0.3557468056678772,-0.19905385375022888,-0.3890162706375122,0.5366443991661072,0.5574035048484802,0.03221205249428749,-0.41698354482650757,0.33950987458229065,0.35268843173980713,-0.16882923245429993,-0.3434804677963257,0.49569836258888245,0.5283796787261963,0.035159990191459656,-0.3720414340496063,0.3295067548751831,0.3245636522769928,-0.06706729531288147,0.01717931218445301,0.04996747523546219,0.9999164938926697,0.06886985152959824,-0.025490447878837585,-0.05033409222960472,0.9998230934143066,-0.06364530324935913,0.36545586585998535,0.05661723017692566,0.9017004370689392,0.3593708872795105,0.05220354348421097,-0.019621163606643677,0.7492557168006897,0.07320312410593033,0.7508143186569214,-0.002900625579059124,0.9416947960853577,0.1002107784152031,0.3230333924293518,-0.013471096754074097,0.6617537140846252,0.058906469494104385,0.7910923361778259,0.0016950988210737705,0.8568927645683289,0.05991457775235176,0.34261929988861084,-0.03808821365237236,0.6259979605674744,0.06297510862350464,0.8125990629196167,0.026297278702259064,0.884027898311615,0.06730195879936218,0.388788104057312,0.07091644406318665,0.6247773766517639
276,9.2,0.11311076581478119,-0.6191074848175049,0.0791039913892746,0.9996908903121948,0.08126023411750793,-0.6305208802223206,0.06915823370218277,0.9996863007545471,0.08261469751596451,-0.6348773241043091,0.07964931428432465,0.9996808767318726,0.08313331007957458,-0.6338097453117371,0.07677906006574631,0.9997840523719788,0.12202619016170502,-0.6440491676330566,0.03652486577630043,0.9997425675392151,0.12092728912830353,-0.6398229002952576,0.027933664619922638,0.9997357726097107,0.13139714300632477,-0.6286371946334839,0.047405391931533813,0.9997479319572449,-0.04528685659170151,-0.579250156879425,0.0381755605340004,0.9998565316200256,0.07685872167348862,-0.5325595140457153,-0.001867435174062848,0.9994925260543823,0.08318126201629639,-0.5877959728240967,0.09060294926166534,0.9992563128471375,0.11058539897203445,-0.5538346171379089,0.043486203998327255,0.9990643858909607,-0.1063292995095253,-0.4035893380641937,0.11364158242940903,0.9998504519462585,0.14166972041130066,-0.48574215173721313,0.04237733036279678,0.9990969896316528,-0.18819352984428406,-0.25138261914253235,0.22325435280799866,0.6331230401992798,0.2852347195148468,-0.30116817355155945,0.11793666332960129,0.508379340171814,-0.0514434278011322,-0.20511506497859955,0.4746364951133728,0.5082900524139404,0.17763707041740417,-0.34494030475616455,0.29220351576805115,0.3326023817062378,-0.039101894944906235,-0.21835318207740784,0.5234481692314148,0.5030902028083801,0.19472330808639526,-0.3784980773925781,0.30244502425193787,0.32632875442504883,-0.02185049280524254,-0.19990842044353485,0.5207303762435913,0.5032365322113037,0.18189774453639984,-0.40873491764068604,0.3104052245616913,0.32317790389060974,-0.029673630371689796,-0.18363860249519348,0.4762175977230072,0.477470338344574,0.15619111061096191,-0.3637746274471283,0.29641348123550415,0.29742631316185,-0.06154102459549904,0.01901726983487606,0.06787460297346115,0.9999227523803711,0.06411056220531464,-0.025935480371117592,-0.06908351927995682,0.9998355507850647,-0.010585280135273933,0.388526052236557,0.054510295391082764,0.910615861415863,0.3496616780757904,0.06874606758356094,-0.012614415027201176,0.7728496789932251,0.06444111466407776,0.7608393430709839,-0.014802063815295696,0.9472201466560364,0.20761500298976898,0.37080612778663635,-0.0070244064554572105,0.6930665373802185,0.04753686860203743,0.8013710975646973,-0.013413996435701847,0.8708446621894836,0.18884019553661346,0.39487335085868835,-0.02671942114830017,0.6578335762023926,0.07246182858943939,0.8250568509101868,0.02933364361524582,0.894077718257904,0.24264319241046906,0.4691208600997925,0.14611101150512695,0.6497491002082825
277,9.233333333333333,0.1394554078578949,-0.5952650308609009,0.031449414789676666,0.9997167587280273,0.12098195403814316,-0.6164531111717224,0.05497818812727928,0.9997144341468811,0.1222417950630188,-0.6194839477539062,0.06139417365193367,0.9997085928916931,0.1225113645195961,-0.6187132596969604,0.058453064411878586,0.9998021721839905,0.13313142955303192,-0.626411497592926,-0.030607130378484726,0.9997662901878357,0.13484840095043182,-0.6229237914085388,-0.0431484654545784,0.9997604489326477,0.14016246795654297,-0.6103816032409668,-0.02220643311738968,0.9997714161872864,0.02797049842774868,-0.5801480412483215,0.01162765547633171,0.999867856502533,0.05253775790333748,-0.5311653017997742,-0.07667382061481476,0.9995383024215698,0.12151622027158737,-0.5759927034378052,0.05262073501944542,0.9992958903312683,0.12243060767650604,-0.5375370979309082,-0.01712961308658123,0.9991254210472107,-0.07107727974653244,-0.40500590205192566,0.15953882038593292,0.9997706413269043,0.10487400740385056,-0.4858734607696533,-0.032383404672145844,0.9991070032119751,0.03970169648528099,-0.27273309230804443,0.25147780776023865,0.5744894742965698,0.24588650465011597,-0.3147377073764801,-0.05365707725286484,0.5512923002243042,0.15331028401851654,-0.2549472749233246,0.39419686794281006,0.45982638001441956,0.2096319943666458,-0.3382227420806885,0.13728229701519012,0.34000903367996216,0.1652614325284958,-0.28183430433273315,0.42629319429397583,0.4565126597881317,0.23101329803466797,-0.3662901520729065,0.13141711056232452,0.3295600116252899,0.16197307407855988,-0.2660048007965088,0.42069926857948303,0.45684388279914856,0.2233494073152542,-0.400003582239151,0.13758406043052673,0.3235439956188202,0.16551557183265686,-0.23642465472221375,0.39279159903526306,0.43434062600135803,0.19604180753231049,-0.35507264733314514,0.14117327332496643,0.29593339562416077,-0.049188368022441864,0.01899881474673748,0.0874418094754219,0.9999289512634277,0.051613155752420425,-0.025832712650299072,-0.08731420338153839,0.9998496174812317,0.02723407931625843,0.41293686628341675,0.037995122373104095,0.9192273616790771,0.2970368266105652,0.16539962589740753,-0.00820871815085411,0.7949735522270203,0.020990334451198578,0.7823958992958069,-0.025899341329932213,0.9523442983627319,0.3746212124824524,0.4966703951358795,0.015547691844403744,0.72330641746521,-0.0009593229042366147,0.8241143226623535,-0.021171439439058304,0.8834707140922546,0.3852292001247406,0.527876615524292,-0.023503463715314865,0.6908687949180603,0.052705373615026474,0.8617417812347412,-0.00468776049092412,0.9041762351989746,0.5047430992126465,0.5522031188011169,0.13472603261470795,0.6823863983154297
278,9.266666666666666,0.1213250607252121,-0.5957652926445007,-0.1435670405626297,0.9997450113296509,0.11664731800556183,-0.6173458099365234,-0.12054300308227539,0.9997429847717285,0.11913182586431503,-0.6196831464767456,-0.10909093916416168,0.9997376799583435,0.11862216889858246,-0.6190587282180786,-0.11231470108032227,0.9998219013214111,0.10986743122339249,-0.626920759677887,-0.1627405434846878,0.9997896552085876,0.11137741059064865,-0.6233787536621094,-0.17508138716220856,0.9997844099998474,0.11611264944076538,-0.6109614372253418,-0.1536070704460144,0.9997942447662354,0.0914272889494896,-0.597618818283081,-0.0064481692388653755,0.9998809695243835,0.040303997695446014,-0.5411510467529297,-0.10364004224538803,0.9995843768119812,0.12718790769577026,-0.5793003439903259,-0.08242286741733551,0.9993650317192078,0.10460241883993149,-0.5392667651176453,-0.13777780532836914,0.9992117881774902,0.028030412271618843,-0.440874308347702,0.19029465317726135,0.9997528195381165,0.09290143847465515,-0.5072270631790161,-0.04638860002160072,0.9991810321807861,0.15574267506599426,-0.334842324256897,0.3115631639957428,0.530398428440094,0.23862046003341675,-0.3463032841682434,-0.13003450632095337,0.5937439799308777,0.34657442569732666,-0.25925251841545105,0.4096636474132538,0.46257483959198,0.349453866481781,-0.3169253170490265,-0.11853335797786713,0.40229642391204834,0.3695939779281616,-0.27953681349754333,0.44268348813056946,0.46623775362968445,0.39560040831565857,-0.3293279707431793,-0.1643374115228653,0.3911057710647583,0.3825249969959259,-0.26484423875808716,0.4239790737628937,0.4684131145477295,0.42098429799079895,-0.3573994040489197,-0.14987905323505402,0.38500702381134033,0.36805424094200134,-0.23847617208957672,0.40525713562965393,0.4471704661846161,0.3582235276699066,-0.32474255561828613,-0.11745861172676086,0.35577595233917236,-0.04371265694499016,0.018669400364160538,0.10596168041229248,0.9999348521232605,0.04612978175282478,-0.025155384093523026,-0.10405029356479645,0.9998632669448853,0.09184958040714264,0.4098445177078247,0.06996550410985947,0.9254918694496155,0.2840259075164795,0.17689119279384613,-0.08174708485603333,0.8152180910110474,0.013340233825147152,0.7758879065513611,0.11351410299539566,0.9558516144752502,0.5040433406829834,0.45560920238494873,-0.007016620133072138,0.7506305575370789,-0.01525496132671833,0.8172688484191895,0.12986817955970764,0.8940823078155518,0.5333824753761292,0.4789811372756958,-0.036292921751737595,0.7212182283401489,0.05840226635336876,0.8453195095062256,0.1486106812953949,0.9118006229400635,0.6659187078475952,0.4771643877029419,-0.01786898449063301,0.7132288813591003
279,9.3,0.10745372623205185,-0.5947854518890381,-0.22317466139793396,0.9997690916061401,0.10333942621946335,-0.6172163486480713,-0.2074502408504486,0.9997677206993103,0.10709547996520996,-0.6183888912200928,-0.19752122461795807,0.9997618198394775,0.10556164383888245,-0.6183649301528931,-0.19932325184345245,0.9998381733894348,0.0928519070148468,-0.6253390908241272,-0.2375352531671524,0.9998102784156799,0.09521768242120743,-0.6223466396331787,-0.24850209057331085,0.9998055696487427,0.0994553491473198,-0.6109728217124939,-0.22613371908664703,0.999814510345459,0.09565186500549316,-0.6004543900489807,-0.06165507063269615,0.9998898506164551,0.010348702780902386,-0.5410254001617432,-0.14885228872299194,0.9996245503425598,0.12208782881498337,-0.5793790817260742,-0.16277238726615906,0.9994187355041504,0.0924590453505516,-0.5398252010345459,-0.21100980043411255,0.9992848038673401,0.09567417949438095,-0.45103710889816284,0.14371755719184875,0.9997161030769348,0.07839339226484299,-0.5037843585014343,-0.09389489144086838,0.9992511868476868,0.2520972788333893,-0.3393496572971344,0.24313139915466309,0.5041690468788147,0.2541743516921997,-0.32376357913017273,-0.19519247114658356,0.6330641508102417,0.46065303683280945,-0.2356325387954712,0.38487276434898376,0.45384547114372253,0.4504648745059967,-0.25481852889060974,-0.24288874864578247,0.46170783042907715,0.5016062259674072,-0.24280987679958344,0.41630521416664124,0.46381694078445435,0.5116338133811951,-0.25676581263542175,-0.30755236744880676,0.45140522718429565,0.5097168684005737,-0.2341560274362564,0.36620858311653137,0.4676527678966522,0.5552211999893188,-0.29503506422042847,-0.3004727363586426,0.44589829444885254,0.4813101589679718,-0.20806074142456055,0.37915337085723877,0.45010998845100403,0.47217506170272827,-0.26351577043533325,-0.24646905064582825,0.41872239112854004,-0.0015736431814730167,0.016369154676795006,0.11734405159950256,0.9999406337738037,0.0036120302975177765,-0.023657333105802536,-0.11452511698007584,0.9998763203620911,0.12319552898406982,0.40784022212028503,0.10012014210224152,0.929780125617981,0.21879246830940247,0.17058123648166656,-0.38894644379615784,0.8336397409439087,0.014614085666835308,0.7699533104896545,0.21235397458076477,0.9585639834403992,0.452842116355896,0.3278360068798065,-0.4458395838737488,0.775327205657959,-0.01479098666459322,0.8106120824813843,0.23362182080745697,0.9036020040512085,0.48790183663368225,0.3335946202278137,-0.4832790195941925,0.7485794425010681,0.07307694107294083,0.8468900322914124,0.23716703057289124,0.9178229570388794,0.6082444787025452,0.24147279560565948,-0.5511264801025391,0.7415539026260376
280,9.333333333333334,0.10514857620000839,-0.5957396626472473,-0.23074984550476074,0.9997913241386414,0.10501845926046371,-0.619939923286438,-0.21532703936100006,0.9997902512550354,0.10808109492063522,-0.6199589371681213,-0.2043619006872177,0.9997844099998474,0.10655763745307922,-0.6201164722442627,-0.20691588521003723,0.9998533725738525,0.08886931091547012,-0.6276012659072876,-0.24124866724014282,0.9998288750648499,0.0905115157365799,-0.6248245239257812,-0.2525644898414612,0.9998246431350708,0.09399351477622986,-0.6141213178634644,-0.2305053174495697,0.9998327493667603,0.11264972388744354,-0.6124165058135986,-0.06860005110502243,0.9998994469642639,-0.004376775585114956,-0.5536473393440247,-0.1429557204246521,0.9996607899665833,0.12529021501541138,-0.5842365622520447,-0.17147059738636017,0.9994683861732483,0.08747324347496033,-0.5454333424568176,-0.2150568813085556,0.9993496537208557,0.10828452557325363,-0.4663393199443817,0.15012283623218536,0.9996423125267029,0.07444275915622711,-0.5068134069442749,-0.08672235161066055,0.9992862939834595,0.27324342727661133,-0.3503524959087372,0.2601502239704132,0.49419018626213074,0.264771044254303,-0.32280433177948,-0.17780907452106476,0.6690351963043213,0.49537843465805054,-0.23923733830451965,0.3461153209209442,0.47101157903671265,0.459599107503891,-0.2388334721326828,-0.21858125925064087,0.5152809023857117,0.5343116521835327,-0.24656595289707184,0.37492865324020386,0.48595479130744934,0.5183911323547363,-0.237102672457695,-0.28071466088294983,0.5058386921882629,0.5453896522521973,-0.23805288970470428,0.34495091438293457,0.4909096658229828,0.5586246848106384,-0.27506136894226074,-0.27424222230911255,0.5008615255355835,0.5176790356636047,-0.21181432902812958,0.34072059392929077,0.47651079297065735,0.48025229573249817,-0.24699868261814117,-0.22122274339199066,0.47594502568244934,0.002682316582649946,0.016000671312212944,0.11825178563594818,0.9999446272850037,-0.0004030350246466696,-0.02309175580739975,-0.11510460823774338,0.9998865723609924,0.11807098984718323,0.4225139021873474,0.11434789001941681,0.9359610676765442,0.2248842418193817,0.16018374264240265,-0.2764582931995392,0.8502328991889954,0.009106739424169064,0.7748956084251404,0.22734872996807098,0.9623686671257019,0.48639848828315735,0.32589349150657654,-0.21915678679943085,0.7976605296134949,-0.024419162422418594,0.8133196830749512,0.24900849163532257,0.9129453301429749,0.5233748555183411,0.3334944248199463,-0.2471223920583725,0.7735006809234619,0.06878170371055603,0.8556755185127258,0.24786376953125,0.9252140522003174,0.6344922780990601,0.25667858123779297,-0.28144288063049316,0.7670897245407104
281,9.366666666666667,0.09715729206800461,-0.5944141745567322,-0.26122811436653137,0.9998116493225098,0.09362154453992844,-0.6196221113204956,-0.24860630929470062,0.9998106360435486,0.09673278033733368,-0.6185202598571777,-0.23997682332992554,0.9998050332069397,0.09544574469327927,-0.619613528251648,-0.24082040786743164,0.99986732006073,0.081098273396492,-0.6254388093948364,-0.27555832266807556,0.9998456239700317,0.08277218043804169,-0.6227262020111084,-0.2850545644760132,0.9998418688774109,0.08659439533948898,-0.6124542951583862,-0.2629550099372864,0.9998491406440735,0.10352947562932968,-0.6114780902862549,-0.10521768033504486,0.9999083280563354,-0.02207326516509056,-0.5523294806480408,-0.17545185983181,0.9996934533119202,0.12156324833631516,-0.5835633873939514,-0.20182575285434723,0.9995144009590149,0.08268140256404877,-0.5443003177642822,-0.2464812994003296,0.9994080662727356,0.1286475509405136,-0.4635266959667206,0.1284073442220688,0.999660849571228,0.07380792498588562,-0.5007336735725403,-0.11425323784351349,0.9993337988853455,0.3103889524936676,-0.35224923491477966,0.22091668844223022,0.5004734396934509,0.2600746154785156,-0.32156482338905334,-0.17521978914737701,0.6998368501663208,0.5371966361999512,-0.2320789247751236,0.2603016197681427,0.510698139667511,0.4698454737663269,-0.2326624095439911,-0.1780019998550415,0.5627999305725098,0.5896570682525635,-0.24967071413993835,0.2854038178920746,0.5248007774353027,0.5344462394714355,-0.2427220195531845,-0.24187979102134705,0.5539354085922241,0.5928155779838562,-0.24196423590183258,0.2490708827972412,0.5306094884872437,0.5738908052444458,-0.2825360894203186,-0.2300204336643219,0.5494511127471924,0.5578199028968811,-0.2047259658575058,0.24833358824253082,0.5177434682846069,0.4918961226940155,-0.24612455070018768,-0.18114551901817322,0.5256550312042236,0.02462228573858738,0.016650879755616188,0.11697085201740265,0.9999486207962036,-0.021919135004281998,-0.023995177820324898,-0.11398681253194809,0.9998958110809326,0.1089530810713768,0.4178732633590698,0.10157699137926102,0.936359703540802,0.09595150500535965,0.09040120244026184,-0.39966586232185364,0.8651547431945801,0.009233089163899422,0.7714669704437256,0.23540042340755463,0.964545488357544,0.3703252971172333,0.18664848804473877,-0.4657658636569977,0.8176462054252625,-0.023011187091469765,0.8101207613945007,0.257750540971756,0.9208190441131592,0.4668971598148346,0.18562398850917816,-0.5037212371826172,0.7957512736320496,0.081438809633255,0.8526677489280701,0.2555869519710541,0.931037425994873,0.4683772921562195,0.08232808858156204,-0.564670741558075,0.7901662588119507
282,9.4,0.07172958552837372,-0.5941447019577026,-0.33244988322257996,0.9998301863670349,0.07915621250867844,-0.618746280670166,-0.31524431705474854,0.999829113483429,0.08124391734600067,-0.6178288459777832,-0.3049819767475128,0.9998238682746887,0.07834664732217789,-0.6186988949775696,-0.3080790638923645,0.9998801946640015,0.046128470450639725,-0.6236741542816162,-0.33166369795799255,0.9998607635498047,0.04678460955619812,-0.6216326951980591,-0.3434397280216217,0.9998573064804077,0.04987698420882225,-0.6100925803184509,-0.32167378067970276,0.9998638033866882,0.10532528907060623,-0.613245964050293,-0.17034374177455902,0.9999167919158936,-0.05674738809466362,-0.551791787147522,-0.20530442893505096,0.9997222423553467,0.11292102932929993,-0.583675742149353,-0.27242952585220337,0.9995576739311218,0.05768703296780586,-0.5444749593734741,-0.3051859438419342,0.9994584321975708,0.1640218049287796,-0.4619140625,0.06039433553814888,0.9996814727783203,0.038415998220443726,-0.5008001923561096,-0.1434953510761261,0.9992979764938354,0.35355913639068604,-0.325158029794693,0.11009140312671661,0.49014073610305786,0.2310483306646347,-0.32142460346221924,-0.20549897849559784,0.724496066570282,0.5636870861053467,-0.19040557742118835,0.10797979682683945,0.5325040817260742,0.40993162989616394,-0.24553784728050232,-0.2157294899225235,0.6018784046173096,0.6000041365623474,-0.19217319786548615,0.12559622526168823,0.5512906312942505,0.4677155911922455,-0.25402575731277466,-0.27494046092033386,0.5916009545326233,0.6019116640090942,-0.18180616199970245,0.09431763738393784,0.5586604475975037,0.5113389492034912,-0.2859914302825928,-0.2666938602924347,0.5877127051353455,0.5796138644218445,-0.16243751347064972,0.0941692516207695,0.5452902317047119,0.4312993884086609,-0.258495032787323,-0.2167702168226242,0.561394989490509,0.03247372806072235,0.016534509137272835,0.10689885914325714,0.9999324083328247,-0.028865402564406395,-0.02291458658874035,-0.10422243922948837,0.9998321533203125,0.07258772104978561,0.41556477546691895,0.09996707737445831,0.9137188792228699,0.12419315427541733,0.15874949097633362,-0.3638438284397125,0.8617808818817139,-0.034552671015262604,0.7695406675338745,0.19427073001861572,0.9632946848869324,0.0491618737578392,0.18251049518585205,0.1919880211353302,0.748980700969696,-0.06837211549282074,0.8079072833061218,0.21334531903266907,0.9222411513328552,0.041679784655570984,0.1749916970729828,0.20489470660686493,0.7395225167274475,0.028223931789398193,0.8241353631019592,0.22346754372119904,0.9303619265556335,0.06106619909405708,0.163443922996521,0.3128903806209564,0.7299898862838745
283,9.433333333333334,0.04977276921272278,-0.592832624912262,-0.3366711437702179,0.9998471140861511,0.060128241777420044,-0.6168672442436218,-0.3202378749847412,0.9998461008071899,0.061774902045726776,-0.6161928176879883,-0.30989840626716614,0.9998412728309631,0.05890103802084923,-0.6167821288108826,-0.31293103098869324,0.9998920559883118,0.024846673011779785,-0.6211151480674744,-0.3349112570285797,0.9998745918273926,0.025188295170664787,-0.6194701790809631,-0.3465906083583832,0.9998714327812195,0.028250884264707565,-0.607008695602417,-0.32500308752059937,0.9998772740364075,0.1017908826470375,-0.6134034395217896,-0.17843924462795258,0.999924898147583,-0.07117404043674469,-0.5511703491210938,-0.2041870355606079,0.9997491836547852,0.10704868286848068,-0.5835027098655701,-0.27715396881103516,0.9996000528335571,0.038460325449705124,-0.5443601012229919,-0.30732977390289307,0.999508798122406,0.16165731847286224,-0.4631083607673645,0.04714752361178398,0.999707818031311,0.026963453739881516,-0.500607967376709,-0.1395251452922821,0.9992793202400208,0.35071441531181335,-0.3213706910610199,0.10331365466117859,0.5064185857772827,0.22597384452819824,-0.3208285868167877,-0.19194059073925018,0.7476670742034912,0.5561701059341431,-0.1874902844429016,0.12468216568231583,0.570027232170105,0.4018598794937134,-0.252523809671402,-0.18989944458007812,0.636139452457428,0.5899564623832703,-0.1868114471435547,0.14491017162799835,0.588103175163269,0.45731616020202637,-0.2610614597797394,-0.243898406624794,0.6242935061454773,0.5913174152374268,-0.17414267361164093,0.11445057392120361,0.5956940054893494,0.4980267584323883,-0.2876635789871216,-0.23610222339630127,0.6211112141609192,0.5714612007141113,-0.1588944047689438,0.11209936439990997,0.5827575922012329,0.4216887950897217,-0.26484227180480957,-0.19025029242038727,0.5929468274116516,0.03258184716105461,0.016528472304344177,0.10155724734067917,0.9999256134033203,-0.02880467288196087,-0.022498568519949913,-0.09912356734275818,0.999791145324707,0.04761900752782822,0.4140443503856659,0.09900466352701187,0.8959423303604126,0.14984337985515594,0.16473497450351715,-0.3326852321624756,0.8652964234352112,-0.0528704859316349,0.7683312892913818,0.1839580088853836,0.9629148244857788,0.01683714985847473,0.1523161232471466,0.20320791006088257,0.6961749792098999,-0.08628430962562561,0.8064814209938049,0.20244109630584717,0.9253987669944763,0.0013837615260854363,0.14090293645858765,0.21265484392642975,0.7012640237808228,0.004676946438848972,0.8130252361297607,0.21750056743621826,0.9314334392547607,0.023365385830402374,0.1451728492975235,0.3219009339809418,0.6885949969291687
284,9.466666666666667,0.04986019805073738,-0.6014359593391418,-0.2812386155128479,0.9998623728752136,0.060257505625486374,-0.6243852376937866,-0.26999711990356445,0.9998614192008972,0.061842817813158035,-0.6240087151527405,-0.2592964768409729,0.9998570084571838,0.05920523405075073,-0.6247929930686951,-0.2617645263671875,0.9999027848243713,0.027932044118642807,-0.6291375756263733,-0.2882195711135864,0.9998871088027954,0.028596803545951843,-0.6282079815864563,-0.2994725704193115,0.9998841881752014,0.03187667205929756,-0.6158093214035034,-0.2782454192638397,0.9998894929885864,0.11124319583177567,-0.6224761605262756,-0.1695917248725891,0.9999323487281799,-0.06012387201189995,-0.5589301586151123,-0.17552891373634338,0.9997738599777222,0.10179243981838226,-0.5932555794715881,-0.22893878817558289,0.999639630317688,0.039119258522987366,-0.5540266633033752,-0.26256638765335083,0.9995571970939636,0.1913660168647766,-0.4655814468860626,0.06562508642673492,0.9997360706329346,-0.0006265008123591542,-0.5061511993408203,-0.11232177913188934,0.999341607093811,0.37683072686195374,-0.331230103969574,0.10559426993131638,0.5464016199111938,0.09431997686624527,-0.3202648460865021,-0.26251474022865295,0.7724095582962036,0.6033506393432617,-0.19806142151355743,0.1532285064458847,0.6122798323631287,0.2855041027069092,-0.25475385785102844,-0.4063822627067566,0.672092080116272,0.637931227684021,-0.2024087756872177,0.17475846409797668,0.6285160183906555,0.3351036012172699,-0.2602718472480774,-0.479763388633728,0.6611950397491455,0.6399364471435547,-0.19218702614307404,0.13803638517856598,0.6354886889457703,0.43573635816574097,-0.2938121557235718,-0.4692213535308838,0.6583449244499207,0.6168317794799805,-0.17460280656814575,0.13749757409095764,0.6237075328826904,0.32295259833335876,-0.2700405418872833,-0.40757355093955994,0.6322401165962219,0.041992902755737305,0.01753423362970352,0.09833052009344101,0.9999287128448486,-0.038929376751184464,-0.022950008511543274,-0.09608321636915207,0.99979168176651,0.03172618895769119,0.4149343967437744,0.09259726107120514,0.8915151357650757,0.06618167459964752,0.16157451272010803,-0.292307585477829,0.8751493096351624,-0.04963798448443413,0.7780384421348572,0.14168599247932434,0.9641837477684021,-0.14601334929466248,0.06258178502321243,0.17084765434265137,0.6901992559432983,-0.08123869448900223,0.8149871230125427,0.1516660898923874,0.9298849105834961,-0.1675296574831009,0.038409918546676636,0.19446377456188202,0.6972742080688477,0.005086502060294151,0.8127001523971558,0.151768758893013,0.9350425601005554,-0.2063833326101303,0.018382567912340164,0.14631406962871552,0.6955269575119019
285,9.5,0.034127283841371536,-0.627153754234314,-0.2656644582748413,0.9998714923858643,0.05405658483505249,-0.6446670293807983,-0.25437113642692566,0.9998618960380554,0.05433523654937744,-0.6450363397598267,-0.244732066988945,0.9998548030853271,0.05240628123283386,-0.6461715698242188,-0.24800334870815277,0.99989914894104,0.02033369243144989,-0.6498525738716125,-0.26882272958755493,0.9998863339424133,0.022829873487353325,-0.6504614353179932,-0.28039681911468506,0.9998843669891357,0.02456219494342804,-0.6375118494033813,-0.25907230377197266,0.9998835325241089,0.12419302761554718,-0.6315479278564453,-0.1617617905139923,0.9999327659606934,-0.051904305815696716,-0.5748355984687805,-0.14399757981300354,0.999762773513794,0.0936373695731163,-0.6118099689483643,-0.22013869881629944,0.9996687173843384,0.03405943512916565,-0.5764029026031494,-0.24622845649719238,0.9995851516723633,0.23022182285785675,-0.4711429476737976,-0.04787750914692879,0.9997605085372925,-0.041009195148944855,-0.5111843347549438,-0.028694812208414078,0.9993747472763062,0.38052263855934143,-0.37979522347450256,-0.16867578029632568,0.5892568826675415,-0.14517872035503387,-0.3303416967391968,-0.21569059789180756,0.7875322103500366,0.5162357687950134,-0.3011675477027893,-0.3040083944797516,0.6486866474151611,-0.13786058127880096,-0.3366369307041168,-0.493133008480072,0.7011777758598328,0.5397185683250427,-0.2805207669734955,-0.3309871256351471,0.6628219485282898,-0.11712700128555298,-0.33031296730041504,-0.5741103887557983,0.6914821863174438,0.5316305756568909,-0.2797141671180725,-0.3549862504005432,0.669340193271637,-0.05355384573340416,-0.3809967041015625,-0.5860484838485718,0.6891011595726013,0.5226444602012634,-0.27604830265045166,-0.32239440083503723,0.6572277545928955,-0.11775743961334229,-0.3517266809940338,-0.5107792019844055,0.6628652215003967,0.07083871215581894,0.02601519413292408,0.029865536838769913,0.9999305605888367,-0.06823471933603287,-0.031202975660562515,-0.026372257620096207,0.9997990727424622,0.006694738287478685,0.4449154734611511,-0.07797295600175858,0.9010564088821411,-0.29761049151420593,0.015669474378228188,-0.13367626070976257,0.8832500576972961,-0.06628194451332092,0.8328282833099365,-0.02432895265519619,0.9673984050750732,-0.6873915791511536,0.14296092092990875,0.09403780102729797,0.7185255289077759,-0.09309305250644684,0.8689987063407898,-0.01360508892685175,0.9341506958007812,-0.7242681980133057,0.1401183158159256,0.08350633829832077,0.7157416939735413,-0.021304193884134293,0.8830258250236511,-0.08761409670114517,0.9409193992614746,-0.7671798467636108,0.11196113377809525,0.07036794722080231,0.7229980826377869
286,9.533333333333333,0.022991640493273735,-0.6239749789237976,-0.25620612502098083,0.9998837113380432,0.045066095888614655,-0.6420497894287109,-0.24616479873657227,0.9998737573623657,0.045777685940265656,-0.6423171162605286,-0.23519912362098694,0.9998666644096375,0.044363390654325485,-0.6432870626449585,-0.23846928775310516,0.9999070167541504,0.01432474423199892,-0.64811772108078,-0.2665582597255707,0.9998964667320251,0.01751311682164669,-0.6477920413017273,-0.2782934010028839,0.9998947381973267,0.01897757686674595,-0.6354025602340698,-0.2577422857284546,0.9998936057090759,0.11977680027484894,-0.6296486854553223,-0.14850173890590668,0.9999381303787231,-0.048590365797281265,-0.5716555714607239,-0.11580639332532883,0.9997832179069519,0.08042098581790924,-0.6090289950370789,-0.20883043110370636,0.9997009634971619,0.02674911729991436,-0.5733485817909241,-0.24471738934516907,0.9996249079704285,0.21716026961803436,-0.4692695140838623,-0.05261174961924553,0.9997838735580444,-0.06019498407840729,-0.5112535953521729,0.031471457332372665,0.9994317293167114,0.36758652329444885,-0.39589643478393555,-0.18881651759147644,0.6276742815971375,-0.20029796659946442,-0.34779903292655945,-0.11874568462371826,0.7999765872955322,0.49022889137268066,-0.3294595181941986,-0.35734933614730835,0.6808897852897644,-0.37411612272262573,-0.35133612155914307,-0.35771453380584717,0.7263990640640259,0.5165723562240601,-0.3100818991661072,-0.38803476095199585,0.6926747560501099,-0.3991644084453583,-0.346474289894104,-0.4202098548412323,0.7171044945716858,0.5025181174278259,-0.31517258286476135,-0.414467990398407,0.6989920139312744,-0.3725435733795166,-0.3852454721927643,-0.444715291261673,0.7154443860054016,0.49341464042663574,-0.3075105845928192,-0.3783379793167114,0.6862887144088745,-0.3781578838825226,-0.3616549074649811,-0.37858325242996216,0.6898463368415833,0.07515853643417358,0.030085884034633636,0.006463070400059223,0.9999358057975769,-0.0720367506146431,-0.03493385761976242,-0.002437208080664277,0.999816358089447,-0.013193599879741669,0.4600515365600586,-0.09303461760282516,0.9095245003700256,-0.3562966585159302,-0.005676135420799255,-0.09307650476694107,0.8923737406730652,-0.08491093665361404,0.8455203771591187,-0.0016665117582306266,0.9696429371833801,-0.7749379873275757,0.1624370813369751,0.0678429901599884,0.7443943619728088,-0.10969818383455276,0.8817172050476074,0.012684574350714684,0.9341490864753723,-0.8176374435424805,0.16628414392471313,0.04889995977282524,0.7338870167732239,-0.05578979104757309,0.904662013053894,-0.04745588079094887,0.9454644918441772,-0.8672307133674622,0.12709178030490875,0.01646050624549389,0.7482829689979553
287,9.566666666666666,0.019423559308052063,-0.6267861127853394,-0.25028640031814575,0.9998950362205505,0.042876195162534714,-0.6429057717323303,-0.23954035341739655,0.999885618686676,0.04355181008577347,-0.6427518129348755,-0.2295617312192917,0.9998790621757507,0.04244329035282135,-0.6439205408096313,-0.2323826402425766,0.999915599822998,0.015379167161881924,-0.6481116414070129,-0.25872093439102173,0.9999061226844788,0.018390296027064323,-0.6484994292259216,-0.27043208479881287,0.9999045729637146,0.020218007266521454,-0.6354610919952393,-0.24932557344436646,0.9999032616615295,0.11869680881500244,-0.6277613043785095,-0.1509859263896942,0.9999439120292664,-0.03962108865380287,-0.5698568224906921,-0.11377160251140594,0.9998021721839905,0.07310446351766586,-0.6076629757881165,-0.2066292017698288,0.9997304081916809,0.025088883936405182,-0.5728835463523865,-0.23656705021858215,0.9996612668037415,0.21504861116409302,-0.4658845365047455,-0.07827326655387878,0.999805212020874,-0.06554976850748062,-0.5107368230819702,0.04481005668640137,0.9994787573814392,0.36520957946777344,-0.39678290486335754,-0.2235596477985382,0.6646838784217834,-0.21412712335586548,-0.359330952167511,-0.03858787193894386,0.8124039769172668,0.4760826528072357,-0.3324536979198456,-0.3849540650844574,0.7123855352401733,-0.40107718110084534,-0.3766871988773346,-0.26673316955566406,0.7473769783973694,0.5046031475067139,-0.3170784115791321,-0.412826269865036,0.7226430177688599,-0.42052024602890015,-0.37647876143455505,-0.30897819995880127,0.7377079129219055,0.48945459723472595,-0.3231765627861023,-0.4410193860530853,0.7284231185913086,-0.40087828040122986,-0.41804227232933044,-0.40374237298965454,0.7369120717048645,0.47871163487434387,-0.3110392987728119,-0.4067605137825012,0.7166686058044434,-0.4060616195201874,-0.38759762048721313,-0.3211052119731903,0.7132241129875183,0.07920628041028976,0.03279384598135948,-0.003967227414250374,0.9999410510063171,-0.0762094110250473,-0.03749360516667366,0.007842002436518669,0.9998317360877991,-0.010513401590287685,0.45152631402015686,-0.1387481391429901,0.9184439778327942,-0.3691311478614807,-0.029472874477505684,-0.07180702686309814,0.9023197889328003,-0.09614541381597519,0.8289474844932556,-0.060225240886211395,0.9724494218826294,-0.7532366514205933,0.16351817548274994,0.05320429429411888,0.769123911857605,-0.12169491499662399,0.8656035661697388,-0.04631558433175087,0.938725471496582,-0.7937505841255188,0.17058295011520386,0.03609519824385643,0.7567716240882874,-0.0879305824637413,0.8885343074798584,-0.12230182439088821,0.9505816698074341,-0.8483705520629883,0.11126375943422318,-0.029267944395542145,0.7725504040718079
288,9.6,0.01793447695672512,-0.6269853115081787,-0.27416524291038513,0.9999048113822937,0.04161306843161583,-0.642277181148529,-0.2628387212753296,0.9998942017555237,0.04197866469621658,-0.6421442031860352,-0.2548728883266449,0.9998878240585327,0.04105619713664055,-0.64315265417099,-0.2567167580127716,0.9999210834503174,0.01632619835436344,-0.6477167010307312,-0.2738364040851593,0.9999136328697205,0.018877537921071053,-0.6482564210891724,-0.28460994362831116,0.9999125599861145,0.021147172898054123,-0.6346963047981262,-0.26521480083465576,0.9999111294746399,0.12079060822725296,-0.6239575743675232,-0.1803094446659088,0.9999474287033081,-0.0321246013045311,-0.5685240626335144,-0.13100092113018036,0.9998180270195007,0.07024070620536804,-0.6064550876617432,-0.23313498497009277,0.9997557997703552,0.025214262306690216,-0.571912407875061,-0.2532743215560913,0.9996925592422485,0.22069373726844788,-0.46172216534614563,-0.09213598072528839,0.9998231530189514,-0.0676921159029007,-0.5105875730514526,0.032306164503097534,0.9995207190513611,0.3888549506664276,-0.40315040946006775,-0.18254607915878296,0.6979024410247803,-0.26927900314331055,-0.3736448287963867,0.01859486661851406,0.8298494815826416,0.5170334577560425,-0.34147393703460693,-0.28182244300842285,0.7407893538475037,-0.5103896856307983,-0.39337629079818726,-0.11422805488109589,0.7721915245056152,0.5509679317474365,-0.33209219574928284,-0.29379183053970337,0.7495597004890442,-0.5385125875473022,-0.40001338720321655,-0.14483310282230377,0.7629833817481995,0.5381565093994141,-0.3372417986392975,-0.3219622075557709,0.7548812627792358,-0.5220548510551453,-0.44012778997421265,-0.19981515407562256,0.7624024748802185,0.5194354057312012,-0.321146160364151,-0.3010105490684509,0.7441420555114746,-0.5172732472419739,-0.40474674105644226,-0.14685529470443726,0.7410343885421753,0.08124154061079025,0.03644440695643425,-0.004737183917313814,0.9999427795410156,-0.07825544476509094,-0.04113784432411194,0.008029338903725147,0.9998422265052795,-0.00802983995527029,0.4537521004676819,-0.09764525294303894,0.9259781241416931,-0.4028836488723755,-0.03793786093592644,-0.013067157007753849,0.9100023508071899,-0.09661968797445297,0.8206343650817871,-0.05035862699151039,0.9742010235786438,-0.7516930103302002,0.17555144429206848,0.15601302683353424,0.7896422147750854,-0.12427278608083725,0.8576946258544922,-0.026521246880292892,0.937569797039032,-0.7880343198776245,0.179329052567482,0.1355849951505661,0.7710850834846497,-0.11277003586292267,0.8856897354125977,-0.03955862298607826,0.9540781378746033,-0.8293367028236389,0.12122508883476257,0.081233911216259,0.7922428250312805
289,9.633333333333333,0.020748240873217583,-0.613086462020874,-0.35917967557907104,0.9999142289161682,0.046930644661188126,-0.6280778646469116,-0.3467698097229004,0.999904453754425,0.04594942927360535,-0.6279191970825195,-0.33876657485961914,0.9998986124992371,0.045353926718235016,-0.6289058923721313,-0.34037572145462036,0.9999285936355591,0.02171345241367817,-0.6344423890113831,-0.3562880754470825,0.9999220371246338,0.023750999942421913,-0.6351792812347412,-0.36688604950904846,0.9999210834503174,0.026196589693427086,-0.6203505396842957,-0.34761399030685425,0.9999197721481323,0.13139694929122925,-0.5993714332580566,-0.2565707862377167,0.9999523758888245,-0.01992754079401493,-0.5487722158432007,-0.22014591097831726,0.9998356103897095,0.07598917931318283,-0.5878055095672607,-0.3152310848236084,0.9997799396514893,0.03238416463136673,-0.5544637441635132,-0.3352285921573639,0.9997227787971497,0.23776772618293762,-0.4379602372646332,-0.1389666497707367,0.9998401403427124,-0.06096785143017769,-0.4996115267276764,-0.0253691915422678,0.9995635747909546,0.4381137192249298,-0.40172088146209717,-0.1497834473848343,0.7280575037002563,-0.28879478573799133,-0.3793356418609619,-0.024610325694084167,0.8466010093688965,0.6171503663063049,-0.355212926864624,-0.17625683546066284,0.766659140586853,-0.5490282773971558,-0.3922669291496277,-0.14787089824676514,0.7947742938995361,0.6576617956161499,-0.35702940821647644,-0.18068917095661163,0.7744291424751282,-0.5851932168006897,-0.40270137786865234,-0.19248192012310028,0.7860860228538513,0.6557894945144653,-0.36518916487693787,-0.20609967410564423,0.7792515754699707,-0.568690836429596,-0.43944206833839417,-0.2223374843597412,0.7856525182723999,0.6265740394592285,-0.3375164270401001,-0.19282807409763336,0.7695719599723816,-0.5565571784973145,-0.40200743079185486,-0.16393056511878967,0.7664445638656616,0.08370912075042725,0.03806089982390404,0.0016267020255327225,0.9999462366104126,-0.08110853284597397,-0.04248084872961044,0.0015214640880003572,0.999853789806366,0.01822858676314354,0.46226993203163147,-0.07555925846099854,0.9332387447357178,-0.386144757270813,-0.011261523701250553,-0.035841893404722214,0.9184643030166626,-0.09024186432361603,0.8215230703353882,0.027481267228722572,0.9766240119934082,-0.648536205291748,0.210694819688797,0.18400494754314423,0.8097711205482483,-0.12245599180459976,0.8575251698493958,0.055717237293720245,0.9422104954719543,-0.6754674911499023,0.22554874420166016,0.16922610998153687,0.789563775062561,-0.08815369009971619,0.8942126631736755,-0.023157170042395592,0.9584324359893799,-0.7122950553894043,0.20748329162597656,0.11913970112800598,0.8120096325874329
290,9.666666666666666,0.022701017558574677,-0.6108120083808899,-0.3608216941356659,0.9999226331710815,0.05107726901769638,-0.6256205439567566,-0.35016676783561707,0.9999131560325623,0.04940120875835419,-0.6255488395690918,-0.3420755863189697,0.9999078512191772,0.048907358199357986,-0.6264564394950867,-0.3436301648616791,0.9999349117279053,0.026891298592090607,-0.6324671506881714,-0.358172744512558,0.9999293088912964,0.028551971539855003,-0.6332798600196838,-0.36859259009361267,0.9999285340309143,0.030923794955015182,-0.6180237531661987,-0.3493317663669586,0.999927282333374,0.13848131895065308,-0.5936408042907715,-0.2646948993206024,0.9999565482139587,-0.007450597360730171,-0.5459269881248474,-0.22598280012607574,0.9998508095741272,0.07964205741882324,-0.5838552713394165,-0.3188478648662567,0.9998013377189636,0.03751450031995773,-0.5512605309486389,-0.3372756242752075,0.9997495412826538,0.24584703147411346,-0.4322723150253296,-0.15197128057479858,0.9998551607131958,-0.05654490366578102,-0.4982106685638428,-0.03537352383136749,0.9996007680892944,0.44771483540534973,-0.40612897276878357,-0.15991228818893433,0.7552030086517334,-0.2888583838939667,-0.38883012533187866,-0.043574947863817215,0.8616791367530823,0.6272846460342407,-0.36902132630348206,-0.16204750537872314,0.789939284324646,-0.5466838479042053,-0.40324094891548157,-0.1627674102783203,0.8151174187660217,0.6681810617446899,-0.3739166557788849,-0.15572266280651093,0.7968023419380188,-0.5812715888023376,-0.4147462844848633,-0.20216019451618195,0.8069385290145874,0.6671292781829834,-0.38401126861572266,-0.18727464973926544,0.8011748194694519,-0.5636710524559021,-0.45081478357315063,-0.23472969233989716,0.8066306710243225,0.6369892358779907,-0.3524768352508545,-0.1794993132352829,0.792446494102478,-0.5532234311103821,-0.4126390218734741,-0.18101495504379272,0.7893694043159485,0.0849260464310646,0.039348430931568146,0.001230953959748149,0.9999487996101379,-0.0823683962225914,-0.04358091577887535,0.0018716903869062662,0.9998635053634644,0.031266409903764725,0.46640124917030334,-0.07847131043672562,0.939793586730957,-0.3843594789505005,-0.015217947773635387,-0.03547584265470505,0.9261257648468018,-0.08634210377931595,0.8228285908699036,0.05032319575548172,0.9788015484809875,-0.6398773789405823,0.2205488681793213,0.19737450778484344,0.8280124664306641,-0.12093532085418701,0.85787034034729,0.079200878739357,0.9462125897407532,-0.6663190126419067,0.2379513829946518,0.1835603266954422,0.8068523406982422,-0.08515740931034088,0.8974847793579102,-0.0052498579025268555,0.9623361825942993,-0.7064533829689026,0.22721175849437714,0.13673312962055206,0.8298909664154053
291,9.7,0.033267803490161896,-0.5843532681465149,-0.3756745755672455,0.9999303221702576,0.0583389475941658,-0.597375750541687,-0.36314019560813904,0.9999216794967651,0.05623140558600426,-0.5978878140449524,-0.3542373776435852,0.9999168515205383,0.05605747550725937,-0.5987159013748169,-0.35588788986206055,0.9999412894248962,0.03589874505996704,-0.6061962842941284,-0.37437599897384644,0.9999362826347351,0.0371377132833004,-0.6070427894592285,-0.3848951458930969,0.9999355673789978,0.03889337554574013,-0.5910414457321167,-0.3657759428024292,0.9999344348907471,0.1383255571126938,-0.5651958584785461,-0.2679191529750824,0.999960720539093,-0.006518305744975805,-0.5255439281463623,-0.24792726337909698,0.9998651742935181,0.08461460471153259,-0.5573699474334717,-0.33191150426864624,0.99982088804245,0.04322178289294243,-0.5270316004753113,-0.35485678911209106,0.9997740983963013,0.23949728906154633,-0.4118070602416992,-0.1526327133178711,0.9998689889907837,-0.06181587651371956,-0.4878280758857727,-0.05957761034369469,0.9996305704116821,0.4660295248031616,-0.39990437030792236,-0.14893494546413422,0.7795355319976807,-0.289911150932312,-0.40053799748420715,-0.053087543696165085,0.8743860125541687,0.6777397394180298,-0.3637799918651581,-0.14350037276744843,0.8108156323432922,-0.5429407954216003,-0.41434603929519653,-0.15518218278884888,0.8322395086288452,0.7255186438560486,-0.37096330523490906,-0.13714931905269623,0.8167080879211426,-0.5766445398330688,-0.42455384135246277,-0.1834503561258316,0.8224653601646423,0.7245872020721436,-0.38028138875961304,-0.16756054759025574,0.8207289576530457,-0.5583810806274414,-0.45670828223228455,-0.2191537320613861,0.822742760181427,0.6895838379859924,-0.3473496735095978,-0.16091173887252808,0.8128511905670166,-0.5489700436592102,-0.421743243932724,-0.17805594205856323,0.8077412843704224,0.08302275836467743,0.03923527151346207,0.0022490930277854204,0.9999495148658752,-0.08029003441333771,-0.04339074715971947,0.0005710187833756208,0.9998638033866882,0.041778821498155594,0.46220695972442627,-0.07311095297336578,0.9444817900657654,-0.31463319063186646,-0.08351486921310425,-0.0322723314166069,0.914354145526886,-0.05429873615503311,0.8208657503128052,0.03742416575551033,0.9799255728721619,-0.337026447057724,0.03051290288567543,0.24036933481693268,0.7906469106674194,-0.08501820266246796,0.8534877300262451,0.05821988731622696,0.946313202381134,-0.3294242322444916,0.030610308051109314,0.23247729241847992,0.776324987411499,-0.07661189138889313,0.8816441893577576,-0.018362414091825485,0.9646356105804443,-0.3144757151603699,0.0266877394169569,0.23390614986419678,0.8035498261451721
292,9.733333333333333,0.03795846551656723,-0.5898696780204773,-0.31041213870048523,0.9999371767044067,0.06281860172748566,-0.5997796058654785,-0.29492372274398804,0.9999293088912964,0.061593133956193924,-0.6009937524795532,-0.28661540150642395,0.999924898147583,0.06184006482362747,-0.6019387245178223,-0.2879466712474823,0.9999469518661499,0.0413372702896595,-0.6099154353141785,-0.30686119198799133,0.9999425411224365,0.042553629726171494,-0.611234188079834,-0.316288560628891,0.999941885471344,0.04428453370928764,-0.5949901342391968,-0.29904425144195557,0.9999408721923828,0.1402577906847,-0.5713716745376587,-0.19829614460468292,0.9999642968177795,-0.003346506040543318,-0.5296488404273987,-0.17415913939476013,0.9998781085014343,0.08645863831043243,-0.5579463243484497,-0.26906466484069824,0.9998382925987244,0.04539055377244949,-0.5304431915283203,-0.290501207113266,0.9997960329055786,0.23255036771297455,-0.41602522134780884,-0.1167554035782814,0.9998803734779358,-0.060448598116636276,-0.4908275902271271,0.009858077391982079,0.9996582865715027,0.42853549122810364,-0.39724746346473694,-0.1297338902950287,0.8005122542381287,-0.2815728783607483,-0.4027097523212433,0.009395313449203968,0.8840532302856445,0.6111083626747131,-0.3546713888645172,-0.15647771954536438,0.8290386199951172,-0.5107811689376831,-0.41379621624946594,-0.09272244572639465,0.8476040363311768,0.6507858037948608,-0.3598986566066742,-0.15877029299736023,0.8337048888206482,-0.5392565727233887,-0.42272329330444336,-0.12440364062786102,0.8373493552207947,0.6477477550506592,-0.36829105019569397,-0.1903635859489441,0.8375985026359558,-0.5192304253578186,-0.4586426317691803,-0.16200974583625793,0.8379993438720703,0.6212365031242371,-0.33757680654525757,-0.17565162479877472,0.8303983807563782,-0.5148268342018127,-0.42324551939964294,-0.11781253665685654,0.8246847987174988,0.08235204964876175,0.03887295350432396,-0.00045291671995073557,0.9999514222145081,-0.07945723086595535,-0.04304775223135948,0.0033042568247765303,0.9998707175254822,0.04074762761592865,0.4531401991844177,-0.09061025083065033,0.9471904635429382,-0.2977389395236969,-0.0615394189953804,-0.03620827943086624,0.9034062623977661,-0.036256663501262665,0.8017098307609558,-0.01687266305088997,0.9781093001365662,-0.24705395102500916,-0.009899301454424858,0.22253231704235077,0.7399850487709045,-0.06498806923627853,0.8338322043418884,-0.0020541767589747906,0.9368704557418823,-0.2363538146018982,-0.01900697499513626,0.2082097977399826,0.7390273213386536,-0.07119007408618927,0.8595581650733948,-0.06398644298315048,0.9632886052131653,-0.2181541472673416,-0.033856239169836044,0.16570064425468445,0.7656427025794983
293,9.766666666666666,0.040863338857889175,-0.5932230949401855,-0.2771207094192505,0.9999433755874634,0.06580007076263428,-0.6013191342353821,-0.261936753988266,0.9999362230300903,0.06501245498657227,-0.6029708981513977,-0.2538498640060425,0.9999322295188904,0.06544586271047592,-0.6040573716163635,-0.25513389706611633,0.9999520778656006,0.04517601802945137,-0.6123220920562744,-0.27303144335746765,0.9999482035636902,0.04631662368774414,-0.6141096353530884,-0.282666951417923,0.9999476075172424,0.048117898404598236,-0.5973935127258301,-0.26525557041168213,0.999946653842926,0.14299722015857697,-0.5750908851623535,-0.1687610000371933,0.999967634677887,0.0012643460649996996,-0.5326734781265259,-0.14159174263477325,0.9998898506164551,0.087788887321949,-0.5589818358421326,-0.2369738519191742,0.9998540878295898,0.047178495675325394,-0.5325873494148254,-0.2573714256286621,0.9998158812522888,0.22943232953548431,-0.41856878995895386,-0.09540770202875137,0.9998910427093506,-0.057934604585170746,-0.49334824085235596,0.0372406505048275,0.9996843934059143,0.4132468104362488,-0.3967689573764801,-0.12024615705013275,0.819573700428009,-0.2790507674217224,-0.40427470207214355,0.03150569647550583,0.892785906791687,0.5878715515136719,-0.3495837152004242,-0.1682177484035492,0.8455793261528015,-0.5037158727645874,-0.417944997549057,-0.07464387267827988,0.8615554571151733,0.6264349222183228,-0.35486242175102234,-0.17393065989017487,0.8492540717124939,-0.5300929546356201,-0.4285661280155182,-0.10775294899940491,0.8510516285896301,0.622837483882904,-0.3631305992603302,-0.20449094474315643,0.8529683351516724,-0.5105493664741516,-0.4669274389743805,-0.14533638954162598,0.8519851565361023,0.5972434878349304,-0.33237937092781067,-0.18748298287391663,0.8463671207427979,-0.5077034831047058,-0.428781121969223,-0.10009894520044327,0.840148389339447,0.08118624240159988,0.038602348417043686,-0.00276682386174798,0.9999534487724304,-0.07825729250907898,-0.042792752385139465,0.005650287494063377,0.9998773336410522,0.04003529250621796,0.4467487633228302,-0.09514890611171722,0.9508395791053772,-0.2896786332130432,-0.059286314994096756,-0.04121120646595955,0.8973263502120972,-0.03341216221451759,0.7953851222991943,-0.020154617726802826,0.9778095483779907,-0.24997715651988983,-0.0050262585282325745,0.18211404979228973,0.7047208547592163,-0.061837177723646164,0.8279493451118469,-0.005248825531452894,0.9328761100769043,-0.24254366755485535,-0.013019711710512638,0.16648080945014954,0.7140771150588989,-0.06907080113887787,0.8536716103553772,-0.06304880976676941,0.9637859463691711,-0.22796814143657684,-0.02885163575410843,0.1612565815448761,0.7424545288085938
294,9.8,0.04072672873735428,-0.5940470099449158,-0.27054813504219055,0.9999487400054932,0.06355109810829163,-0.6039944291114807,-0.2585318088531494,0.9999423027038574,0.06372874230146408,-0.6052336096763611,-0.2505415976047516,0.9999386072158813,0.06421825289726257,-0.6060646176338196,-0.2505827248096466,0.9999566078186035,0.04478156194090843,-0.613067090511322,-0.2694762945175171,0.9999531507492065,0.04597197100520134,-0.6138043403625488,-0.2790031433105469,0.9999525547027588,0.04786199331283569,-0.5982868075370789,-0.2612728178501129,0.9999517202377319,0.13867762684822083,-0.5686764717102051,-0.1691024899482727,0.999970555305481,0.0001489033893449232,-0.5307585597038269,-0.14441876113414764,0.9998998045921326,0.08603189885616302,-0.561039924621582,-0.23013582825660706,0.9998683333396912,0.04693608358502388,-0.5334131121635437,-0.250613808631897,0.9998337626457214,0.223453089594841,-0.4071445167064667,-0.09443661570549011,0.9999008774757385,-0.053788334131240845,-0.4919337034225464,0.0747326985001564,0.999706506729126,0.3586561381816864,-0.3263035714626312,-0.19549216330051422,0.8368639945983887,-0.22482818365097046,-0.40012890100479126,0.17545735836029053,0.8772421479225159,0.20726044476032257,-0.34481608867645264,-0.26946213841438293,0.8607297539710999,-0.43606507778167725,-0.40993472933769226,0.1642191857099533,0.8744112849235535,0.16363872587680817,-0.35138699412345886,-0.28555920720100403,0.8637353777885437,-0.4557405412197113,-0.4240601658821106,0.1371169090270996,0.8646714091300964,0.1188291683793068,-0.37050268054008484,-0.2858411967754364,0.8670857548713684,-0.4293217360973358,-0.4566168487071991,0.10856085270643234,0.8656510710716248,0.1801096498966217,-0.32874563336372375,-0.2715652585029602,0.8605438470840454,-0.43534740805625916,-0.4204782247543335,0.14370255172252655,0.854667603969574,0.08059688657522202,0.038386911153793335,-0.01132884155958891,0.9999340772628784,-0.07751382887363434,-0.04276992380619049,0.012562730349600315,0.9998428225517273,0.02854631096124649,0.4176312983036041,-0.11534827947616577,0.9485698938369751,-0.18350885808467865,-0.05010705813765526,-0.13829398155212402,0.8828162550926208,-0.02149132825434208,0.7930952310562134,-0.04079163447022438,0.9758041501045227,-0.04251869395375252,0.046134985983371735,0.039074596017599106,0.6611905097961426,-0.04412100091576576,0.8273482322692871,-0.02850084751844406,0.9240950345993042,-0.02812705561518669,0.04506935924291611,0.02550433576107025,0.6737328171730042,-0.057019032537937164,0.8616902232170105,-0.08120092004537582,0.9632490873336792,0.009156704880297184,0.07999568432569504,0.018227197229862213,0.7116061449050903
295,9.833333333333334,0.04050663486123085,-0.5948185324668884,-0.2825114130973816,0.9999533891677856,0.06331797689199448,-0.6055008172988892,-0.2733118534088135,0.9999475479125977,0.06357936561107635,-0.6064757704734802,-0.2648909389972687,0.9999440908432007,0.06401362270116806,-0.6070815920829773,-0.2644747495651245,0.9999605417251587,0.04458744823932648,-0.6139851808547974,-0.28314605355262756,0.9999573826789856,0.045750342309474945,-0.6143178939819336,-0.293012797832489,0.9999567270278931,0.04775596410036087,-0.5993161797523499,-0.2750715911388397,0.9999560117721558,0.13729868829250336,-0.5650222897529602,-0.1958278864622116,0.9999729990959167,0.0006203021621331573,-0.5313938856124878,-0.16190603375434875,0.9999074935913086,0.08470852673053741,-0.5623300075531006,-0.2428087592124939,0.9998809099197388,0.04667890444397926,-0.5346245169639587,-0.2626263201236725,0.999849259853363,0.22276107966899872,-0.4004143178462982,-0.1143907979130745,0.9999094605445862,-0.050939202308654785,-0.49200665950775146,0.058115553110837936,0.9997203350067139,0.3476693630218506,-0.30020377039909363,-0.23493625223636627,0.8521443605422974,-0.20620255172252655,-0.3972749710083008,0.14928950369358063,0.8594828248023987,0.19230611622333527,-0.33277520537376404,-0.31729838252067566,0.8742052912712097,-0.4077068865299225,-0.4055081903934479,0.1256074458360672,0.885394811630249,0.14495572447776794,-0.3501603603363037,-0.3349831998348236,0.8764454126358032,-0.425611287355423,-0.4183121919631958,0.09761350601911545,0.8761692047119141,0.10224143415689468,-0.3670324981212616,-0.33076730370521545,0.8794381022453308,-0.39923277497291565,-0.4519443213939667,0.0696515142917633,0.8772461414337158,0.1653275191783905,-0.3280569612979889,-0.3173474073410034,0.8725560903549194,-0.40731877088546753,-0.41619428992271423,0.10582800954580307,0.8668671250343323,0.08026615530252457,0.03896043822169304,-0.014520728029310703,0.9999170899391174,-0.07708162069320679,-0.04396479204297066,0.015234851278364658,0.9998059868812561,0.028513457626104355,0.41949254274368286,-0.11293601989746094,0.947002649307251,-0.19670100510120392,-0.06453723460435867,-0.12548545002937317,0.8655261993408203,-0.008146794512867928,0.7982730269432068,-0.03735211119055748,0.9747140407562256,-0.12750911712646484,0.05793335661292076,0.04455292597413063,0.6226435303688049,-0.029081905260682106,0.8339424133300781,-0.02495616115629673,0.9157270789146423,-0.1191747784614563,0.05679573491215706,0.036905668675899506,0.6390652656555176,-0.038444261997938156,0.8858194947242737,-0.07861845195293427,0.9628957509994507,-0.09809298813343048,0.08587295562028885,0.05168962478637695,0.6816191077232361
296,9.866666666666667,0.021126246079802513,-0.6184003353118896,-0.252755731344223,0.9999502301216125,0.05281395837664604,-0.6283131241798401,-0.25158068537712097,0.9999462366104126,0.05405369773507118,-0.6296428442001343,-0.24018247425556183,0.9999415874481201,0.053391046822071075,-0.6291337609291077,-0.2401440292596817,0.9999586939811707,0.03650594875216484,-0.6423084735870361,-0.24881021678447723,0.9999553561210632,0.036692019551992416,-0.6417609453201294,-0.2611148953437805,0.9999538064002991,0.03986920043826103,-0.6285646557807922,-0.24153994023799896,0.9999549388885498,0.13629786670207977,-0.5813031792640686,-0.1914997100830078,0.9999693036079407,0.008574268780648708,-0.5684514045715332,-0.12246587872505188,0.9998834729194641,0.06606818735599518,-0.5883336663246155,-0.22051149606704712,0.9998654127120972,0.03127533569931984,-0.564958393573761,-0.22801204025745392,0.9998301267623901,0.13914719223976135,-0.4104805886745453,-0.13453282415866852,0.9999117851257324,-0.0001376075524603948,-0.5245398283004761,0.11246556043624878,0.9997312426567078,0.02817448228597641,-0.29492172598838806,-0.2035742700099945,0.8471199870109558,-0.12737302482128143,-0.3960686922073364,0.14286379516124725,0.7857577800750732,-0.1372184455394745,-0.2761440873146057,-0.1888824701309204,0.8547234535217285,-0.29873284697532654,-0.38917437195777893,0.04329976066946983,0.8710340261459351,-0.185505211353302,-0.28571826219558716,-0.18231257796287537,0.8545698523521423,-0.3102751076221466,-0.3972032964229584,0.005136003717780113,0.8689004778862,-0.18913182616233826,-0.30178818106651306,-0.174825057387352,0.8574792146682739,-0.2907709777355194,-0.4271024167537689,-0.020127279683947563,0.8716551661491394,-0.14326629042625427,-0.26747313141822815,-0.1754213273525238,0.8398679494857788,-0.3012814521789551,-0.40096068382263184,0.022928886115550995,0.8598011136054993,0.05594341456890106,0.02177281118929386,-0.033501241356134415,0.9999160170555115,-0.053039804100990295,-0.025051262229681015,0.0354277677834034,0.9998166561126709,0.0029157588724046946,0.3752902150154114,-0.09871695190668106,0.9321609735488892,-0.04099581763148308,0.2594302296638489,0.04698322340846062,0.821696400642395,0.01894441619515419,0.6683326959609985,0.07441287487745285,0.9501194357872009,-0.03936091810464859,0.46022358536720276,0.24775202572345734,0.5914453268051147,0.0054026576690375805,0.6993497014045715,0.1026015654206276,0.8784276843070984,-0.0398595854640007,0.4713640511035919,0.23154133558273315,0.6053829193115234,-0.014845430850982666,0.7749248147010803,0.1145654246211052,0.9368192553520203,-0.05300125852227211,0.530185341835022,0.2433304637670517,0.6498239636421204
297,9.9,0.00450644688680768,-0.6135947108268738,-0.21304798126220703,0.9999531507492065,0.03837404400110245,-0.6225879788398743,-0.2147417664527893,0.9999505877494812,0.04022275283932686,-0.6237512230873108,-0.20117758214473724,0.9999462366104126,0.03964042291045189,-0.6227059364318848,-0.20280319452285767,0.9999621510505676,0.026874400675296783,-0.6397519707679749,-0.2097913771867752,0.9999581575393677,0.026148144155740738,-0.638414204120636,-0.22367116808891296,0.9999555349349976,0.030164316296577454,-0.625979483127594,-0.20260784029960632,0.9999565482139587,0.13045133650302887,-0.5782880187034607,-0.1654333770275116,0.9999716877937317,0.014366407878696918,-0.5667068362236023,-0.08744850009679794,0.9998733401298523,0.047459594905376434,-0.5846949219703674,-0.18405891954898834,0.9998705387115479,0.01735890842974186,-0.5640478134155273,-0.1870127022266388,0.9998242259025574,0.0711759701371193,-0.4112124443054199,-0.15604695677757263,0.9999196529388428,0.04334917664527893,-0.5138064622879028,0.15620572865009308,0.9996047019958496,-0.055166199803352356,-0.30780553817749023,-0.26487016677856445,0.8616902232170105,0.04563852399587631,-0.2602919340133667,0.21987773478031158,0.7075632214546204,-0.26751747727394104,-0.2816002368927002,-0.23237431049346924,0.8684732913970947,-0.04765477403998375,-0.11678528040647507,0.19323480129241943,0.7849425673484802,-0.32253366708755493,-0.2809818685054779,-0.23870187997817993,0.8677811622619629,-0.030456343665719032,-0.08056209981441498,0.1736343502998352,0.7842243313789368,-0.34961235523223877,-0.2969103753566742,-0.22713196277618408,0.8704038858413696,-0.038018204271793365,-0.11003638803958893,0.14457003772258759,0.7868848443031311,-0.2800775170326233,-0.2710690200328827,-0.22131098806858063,0.8525533676147461,-0.0546894446015358,-0.12099733203649521,0.17179566621780396,0.7762959003448486,0.030100105330348015,0.01565363258123398,-0.05670618265867233,0.9999175667762756,-0.02717861533164978,-0.017928963527083397,0.05849093943834305,0.9997972249984741,0.01742962934076786,0.3498692214488983,-0.1372678577899933,0.921068549156189,-0.024096786975860596,0.22187300026416779,0.12347530573606491,0.7434905767440796,0.029014961794018745,0.6966680288314819,-0.08681434392929077,0.9403396248817444,0.008347532711923122,0.42600345611572266,0.3965592682361603,0.5363689661026001,0.010684609413146973,0.7347458004951477,-0.07356483489274979,0.865319550037384,0.008393876254558563,0.4372989535331726,0.3846149444580078,0.5590566992759705,-0.018928222358226776,0.7986166477203369,-0.09455081820487976,0.9275369048118591,-0.018934216350317,0.48581111431121826,0.42216387391090393,0.5916866660118103
298,9.933333333333334,-0.08373896032571793,-0.6246292591094971,-0.12265536189079285,0.9999412894248962,-0.05647899955511093,-0.633871853351593,-0.14758069813251495,0.9999476671218872,-0.057486146688461304,-0.6346691250801086,-0.13446085155010223,0.9999426603317261,-0.05608611926436424,-0.6342466473579407,-0.13584265112876892,0.9999603033065796,-0.04305971413850784,-0.6490669846534729,-0.13146057724952698,0.9999503493309021,-0.04338508099317551,-0.6473008990287781,-0.14481978118419647,0.9999445080757141,-0.03891657292842865,-0.6340097784996033,-0.12418520450592041,0.9999480843544006,0.04009176790714264,-0.5830217003822327,-0.16956846415996552,0.9999691247940063,0.019771460443735123,-0.5657327771186829,-0.06074775382876396,0.999840259552002,-0.0395841971039772,-0.5931675434112549,-0.1239127442240715,0.999830424785614,-0.041224073618650436,-0.5695266127586365,-0.11456578969955444,0.9997314214706421,-0.01838831789791584,-0.4247305691242218,-0.17768719792366028,0.9999209046363831,0.10023240745067596,-0.5087513327598572,0.16238638758659363,0.9990447759628296,-0.22006337344646454,-0.3283447325229645,-0.24852582812309265,0.8736736178398132,0.04394061490893364,-0.29081109166145325,0.2482680082321167,0.6370670199394226,-0.4599660336971283,-0.3111473619937897,-0.16162584722042084,0.8799945116043091,-0.09862770140171051,-0.3008626103401184,0.2857395112514496,0.707973301410675,-0.5244439840316772,-0.321970134973526,-0.15614943206310272,0.8783937096595764,-0.08907324820756912,-0.3272523283958435,0.27261611819267273,0.7086766362190247,-0.5408483743667603,-0.32934024930000305,-0.13594986498355865,0.880560576915741,-0.09822890907526016,-0.376196950674057,0.25919514894485474,0.7110376954078674,-0.4710172116756439,-0.29984620213508606,-0.14542058110237122,0.8609714508056641,-0.11140581965446472,-0.3318101167678833,0.27075865864753723,0.7016209363937378,0.00030324119143188,0.01340414211153984,-0.06655637174844742,0.9999140501022339,0.0012160546611994505,-0.01687273010611534,0.06799758970737457,0.9997584819793701,0.004776014015078545,0.36724725365638733,-0.10196468234062195,0.9106354713439941,-0.08698520809412003,0.14803752303123474,0.18643933534622192,0.6727351546287537,0.031222233548760414,0.7366242408752441,-0.05345822870731354,0.9345914125442505,-0.08467958867549896,0.4066222310066223,0.40851402282714844,0.48592957854270935,0.012530945241451263,0.784122109413147,-0.039337098598480225,0.853779137134552,-0.08703047782182693,0.37543681263923645,0.39120548963546753,0.5126542448997498,-0.02190302684903145,0.8137180209159851,-0.06978411227464676,0.9158549308776855,-0.09385983645915985,0.30962690711021423,0.42807620763778687,0.5380336046218872
299,9.966666666666667,-0.08289965987205505,-0.6540407538414001,0.040111903101205826,0.9999391436576843,-0.07140146195888519,-0.6600114107131958,0.004673242103308439,0.9999487996101379,-0.07217368483543396,-0.6618552207946777,0.01702287420630455,0.9999450445175171,-0.07035050541162491,-0.6608093976974487,0.016753187403082848,0.9999614357948303,-0.039012935012578964,-0.6752041578292847,0.011643759906291962,0.9999492764472961,-0.03853767737746239,-0.6728224158287048,8.076814992818981e-05,0.9999436736106873,-0.033304668962955475,-0.6577706933021545,0.020017828792333603,0.999946117401123,-0.030736848711967468,-0.5917202830314636,-0.09865336120128632,0.9999709129333496,0.036530107259750366,-0.5698080062866211,-0.006599819753319025,0.9998445510864258,-0.058325137943029404,-0.6159534454345703,0.020560385659337044,0.9998232126235962,-0.04068395867943764,-0.5900152325630188,0.020470308139920235,0.9997110962867737,-0.11953027546405792,-0.4399119019508362,-0.1337026208639145,0.9999268054962158,0.16059733927249908,-0.5079867243766785,0.158980593085289,0.9990769624710083,-0.3228074610233307,-0.38663333654403687,-0.10594608634710312,0.8835591673851013,0.20633858442306519,-0.3695437014102936,0.2986137270927429,0.574722945690155,-0.4936137795448303,-0.40604135394096375,0.14339177310466766,0.8832995295524597,0.12836973369121552,-0.44845908880233765,0.49592500925064087,0.6406596302986145,-0.5467984676361084,-0.4315458834171295,0.18342147767543793,0.8784864544868469,0.15917472541332245,-0.4852955639362335,0.514295756816864,0.6438506245613098,-0.5373101234436035,-0.4324674606323242,0.19060607254505157,0.8800380825996399,0.14270611107349396,-0.5227383375167847,0.510000467300415,0.6456469893455505,-0.4909171760082245,-0.3957289159297943,0.1550373136997223,0.8539296984672546,0.10819126665592194,-0.47842997312545776,0.49265605211257935,0.6367087960243225,-0.052856847643852234,0.00776213314384222,-0.05753708258271217,0.9999096989631653,0.05445491150021553,-0.012642447836697102,0.058553922921419144,0.9997255206108093,-0.05014757439494133,0.371926873922348,-0.09209583699703217,0.9146048426628113,0.027666112408041954,0.20162472128868103,0.2537316679954529,0.6150161027908325,0.027782676741480827,0.7375001907348633,-0.09128986299037933,0.9323199987411499,-0.06502656638622284,0.524202823638916,0.4683939218521118,0.45009997487068176,0.003551294794306159,0.7892720103263855,-0.0864192545413971,0.8589760661125183,-0.0822763666510582,0.5487155914306641,0.4531891644001007,0.49031156301498413,-0.06866633147001266,0.8195289373397827,-0.07904323935508728,0.903652012348175,-0.11857922375202179,0.5367090106010437,0.5217204689979553,0.49281075596809387
300,10.0,-0.008981850929558277,-0.6521865129470825,0.07528720051050186,0.9999053478240967,-0.05991164967417717,-0.6614822745323181,0.04321105778217316,0.9999135732650757,-0.06311918050050735,-0.6661075353622437,0.056274931877851486,0.9999212026596069,-0.05982542783021927,-0.6634932160377502,0.05104917660355568,0.9999380111694336,0.028404325246810913,-0.6737569570541382,0.02349788323044777,0.9999234080314636,0.02232092060148716,-0.669736921787262,0.01625562459230423,0.9999244213104248,0.03795837610960007,-0.6579268574714661,0.036800988018512726,0.9999182224273682,-0.05443724989891052,-0.5997211933135986,-0.0669822096824646,0.9999656677246094,0.07177118211984634,-0.5648899674415588,-0.04149835556745529,0.9998160004615784,-0.03047088347375393,-0.617420494556427,0.05885794758796692,0.9997416138648987,0.018849732354283333,-0.5881831645965576,0.028380870819091797,0.9996183514595032,-0.15964116156101227,-0.45191246271133423,-0.05545954033732414,0.9999314546585083,0.18277758359909058,-0.5057546496391296,0.06877818703651428,0.999134361743927,-0.3286643922328949,-0.390638530254364,0.05019885674118996,0.8889285922050476,0.273645281791687,-0.332454651594162,0.1394551396369934,0.5648375749588013,-0.3287675976753235,-0.421134352684021,0.3306942880153656,0.8370497226715088,0.13821768760681152,-0.41853275895118713,0.2851495146751404,0.5815436244010925,-0.34438300132751465,-0.4500274956226349,0.3755553960800171,0.8274171948432922,0.14998199045658112,-0.44226881861686707,0.29084181785583496,0.5848333835601807,-0.31789103150367737,-0.45010438561439514,0.3782336413860321,0.8287487626075745,0.13446645438671112,-0.48335158824920654,0.2918306589126587,0.586359977722168,-0.30828115344047546,-0.4116743803024292,0.33119717240333557,0.8011232018470764,0.11435716599225998,-0.4388924539089203,0.2820797264575958,0.5781420469284058,-0.07576445490121841,0.010904095135629177,0.0016569592989981174,0.9999094009399414,0.07697447389364243,-0.013565858826041222,-0.0026930971071124077,0.9997216463088989,-0.04189358651638031,0.37917840480804443,0.013618029654026031,0.9187818169593811,0.24769261479377747,0.1001763865351677,0.21115204691886902,0.6305848956108093,0.04428556188941002,0.7410993576049805,-0.07179449498653412,0.9356595873832703,0.030023086816072464,0.38621315360069275,0.186471089720726,0.48262137174606323,0.025583168491721153,0.7907165288925171,-0.057714320719242096,0.8701883554458618,0.0015615648590028286,0.403868168592453,0.16506895422935486,0.524258017539978,-0.032468684017658234,0.8273021578788757,-0.0017310534603893757,0.9002010822296143,-0.019522324204444885,0.43992286920547485,0.297834575176239,0.4958365857601166
301,10.033333333333333,0.06059209257364273,-0.6514588594436646,0.14856433868408203,0.9998996257781982,0.016034308820962906,-0.660807192325592,0.12312877923250198,0.9999027252197266,0.015071036294102669,-0.6655426621437073,0.1324274241924286,0.9999127388000488,0.01924704760313034,-0.662429690361023,0.132472962141037,0.999930202960968,0.08305557072162628,-0.6729534268379211,0.09659423679113388,0.999919593334198,0.08563002198934555,-0.6691062450408936,0.0872659683227539,0.9999228715896606,0.09250173717737198,-0.6571967005729675,0.10623836517333984,0.999915599822998,-0.03494055196642876,-0.5964563488960266,0.037727758288383484,0.9999629855155945,0.09408794343471527,-0.5442184209823608,0.0005025412538088858,0.9998111128807068,0.027919726446270943,-0.616020143032074,0.14217732846736908,0.9996894001960754,0.0813634842634201,-0.5778762698173523,0.10091838240623474,0.9995766878128052,-0.13422927260398865,-0.4409577548503876,0.06683972477912903,0.9999351501464844,0.179977685213089,-0.49877700209617615,0.06632580608129501,0.9992080926895142,-0.21741408109664917,-0.36891698837280273,0.1809902936220169,0.8655574321746826,0.2952459752559662,-0.31554150581359863,0.12934163212776184,0.5829637050628662,-0.1734066903591156,-0.4075726866722107,0.4663422107696533,0.7587880492210388,0.16856956481933594,-0.41401249170303345,0.2903924882411957,0.5282578468322754,-0.2277098149061203,-0.43636947870254517,0.5203786492347717,0.7500494718551636,0.18362164497375488,-0.42384064197540283,0.3009260296821594,0.5310174226760864,-0.266720712184906,-0.4433628022670746,0.514967143535614,0.7512859106063843,0.15930624306201935,-0.46278661489486694,0.30286097526550293,0.5323958396911621,-0.18482914566993713,-0.3973195552825928,0.47320419549942017,0.7266601324081421,0.14425085484981537,-0.4282790422439575,0.29190921783447266,0.5247896313667297,-0.07515233010053635,0.012449085712432861,0.03781017288565636,0.9999160170555115,0.07723930478096008,-0.017756478860974312,-0.03902742639183998,0.9997429847717285,-0.03213304653763771,0.3873209059238434,0.0373636931180954,0.9231799244880676,0.32467496395111084,0.09997270256280899,0.044749364256858826,0.6562930345535278,0.06177816540002823,0.7429617047309875,-0.0732199102640152,0.9399860501289368,0.11850497126579285,0.3665754497051239,0.047343045473098755,0.516105055809021,0.04867563024163246,0.7927090525627136,-0.0701051577925682,0.8820627331733704,0.08963578194379807,0.3865351974964142,0.021312683820724487,0.5553686618804932,0.06381268799304962,0.8285292387008667,-0.0029123597778379917,0.9026250243186951,0.12628783285617828,0.44985589385032654,0.1271950751543045,0.5042654275894165
302,10.066666666666666,0.16129368543624878,-0.5988309383392334,0.047921568155288696,0.9999078512191772,0.11758747696876526,-0.6177830696105957,0.04430149123072624,0.999910831451416,0.11990450322628021,-0.6275838613510132,0.05647977441549301,0.9999198317527771,0.1191229298710823,-0.6215952038764954,0.05059963837265968,0.9999357461929321,0.15575222671031952,-0.6278720498085022,0.007939721457660198,0.9999268054962158,0.14951635897159576,-0.6194010972976685,0.0012712829047814012,0.9999299049377441,0.1621519774198532,-0.6107659339904785,0.01994679681956768,0.9999231696128845,-0.026509327813982964,-0.5822970867156982,0.046188339591026306,0.999966025352478,0.08193805813789368,-0.5166479349136353,-0.027386177331209183,0.9998281598091125,0.1312805563211441,-0.5760197043418884,0.06599430739879608,0.9997101426124573,0.14412179589271545,-0.538639485836029,0.01539097260683775,0.99960857629776,-0.06484442949295044,-0.41322505474090576,0.18166211247444153,0.9999241828918457,0.14133933186531067,-0.4711069166660309,0.009836520999670029,0.9992609024047852,-0.022953379899263382,-0.30492159724235535,0.31393054127693176,0.7858325839042664,0.28996169567108154,-0.308546781539917,0.026750577613711357,0.6212791204452515,0.12123818695545197,-0.3727211058139801,0.5730180144309998,0.6845728158950806,0.22413311898708344,-0.3756791949272156,0.24287496507167816,0.4965532124042511,0.1346421241760254,-0.42664068937301636,0.6104186177253723,0.6776586771011353,0.25329405069351196,-0.4079985022544861,0.24085628986358643,0.4985409080982208,0.13297365605831146,-0.4208107590675354,0.6162417531013489,0.678973913192749,0.24499738216400146,-0.4303314983844757,0.23805628716945648,0.4980875253677368,0.13607852160930634,-0.36693647503852844,0.5687881708145142,0.6576452255249023,0.20850428938865662,-0.3862866759300232,0.24023424088954926,0.48907381296157837,-0.05781363695859909,0.01638105884194374,0.08306970447301865,0.9999237060546875,0.0599818117916584,-0.018436012789607048,-0.08402692526578903,0.9997672438621521,0.031817249953746796,0.41004040837287903,0.023365316912531853,0.9306460022926331,0.3201049864292145,0.12890075147151947,0.02341422252357006,0.690402090549469,0.05492367222905159,0.7587511539459229,-0.06381803750991821,0.9458734393119812,0.30818405747413635,0.4444105327129364,0.11955653131008148,0.5639786124229431,0.03768724948167801,0.8057861328125,-0.056957755237817764,0.8936870098114014,0.3145478367805481,0.47713786363601685,0.09975925832986832,0.5983965396881104,0.09866993874311447,0.8296497464179993,-0.005797036923468113,0.9119853973388672,0.44038844108581543,0.5005277991294861,0.16515463590621948,0.5511184334754944
303,10.1,0.14330561459064484,-0.5951170325279236,0.024470513686537743,0.9999165534973145,0.11401357501745224,-0.6163070201873779,0.025450147688388824,0.9999195337295532,0.11656586825847626,-0.6242085695266724,0.03764959052205086,0.9999275207519531,0.11612801253795624,-0.6196420192718506,0.032705049961805344,0.999941885471344,0.13610883057117462,-0.6255355477333069,-0.00966591201722622,0.9999339580535889,0.1317683607339859,-0.6181188225746155,-0.018184205517172813,0.9999367594718933,0.14163632690906525,-0.6085706353187561,0.0017338937614113092,0.999930739402771,-0.004113080911338329,-0.5827034115791321,0.05885572358965874,0.9999691843986511,0.06793989986181259,-0.5196986198425293,-0.023326177150011063,0.999845027923584,0.1299085021018982,-0.5746644735336304,0.05299939587712288,0.9997327327728271,0.1263883262872696,-0.5365909934043884,0.003978244494646788,0.999641478061676,-0.0507669560611248,-0.4149003028869629,0.20967020094394684,0.9998814463615417,0.14301709830760956,-0.4722127318382263,0.025010332465171814,0.9993087649345398,-0.02232182025909424,-0.28626033663749695,0.3242247700691223,0.709291934967041,0.31379011273384094,-0.31325197219848633,0.05137963220477104,0.6418982744216919,0.08094139397144318,-0.22232171893119812,0.5400933027267456,0.6165329217910767,0.3267318904399872,-0.33837655186653137,0.2572918236255646,0.48714321851730347,0.08379882574081421,-0.2400681972503662,0.5831359624862671,0.6106478571891785,0.36703598499298096,-0.37318533658981323,0.24963752925395966,0.4863457679748535,0.08800312876701355,-0.21928706765174866,0.5839818716049194,0.6118338704109192,0.36470022797584534,-0.3920570909976959,0.2624441683292389,0.48155921697616577,0.09537626802921295,-0.20323427021503448,0.5402184128761292,0.5928384065628052,0.31495559215545654,-0.3515813648700714,0.2602843940258026,0.4675098955631256,-0.05867309868335724,0.016674665734171867,0.08436104655265808,0.9999303817749023,0.060668911784887314,-0.01905837468802929,-0.08522625267505646,0.9997894763946533,0.044541146606206894,0.41046059131622314,0.07368628680706024,0.9372267723083496,0.29787150025367737,0.17868372797966003,0.011394692584872246,0.7211110591888428,0.018510151654481888,0.7552148103713989,0.050320882350206375,0.9510042667388916,0.46795907616615295,0.47189152240753174,0.13209129869937897,0.6071484088897705,-0.0064103612676262856,0.7995595932006836,0.057417843490839005,0.9039483666419983,0.49244818091392517,0.49947118759155273,0.11316464096307755,0.6379213333129883,0.06107764318585396,0.8159322142601013,0.0933620035648346,0.919330894947052,0.6175658702850342,0.48101386427879333,0.15434138476848602,0.5922803282737732
304,10.133333333333333,0.11436779052019119,-0.5958828330039978,-0.18273480236530304,0.9999246597290039,0.10116636753082275,-0.6172903180122375,-0.1678323596715927,0.9999274611473083,0.10360142588615417,-0.6230531930923462,-0.15447279810905457,0.9999345541000366,0.10298618674278259,-0.6197708249092102,-0.15792402625083923,0.9999475479125977,0.11588902771472931,-0.6263524889945984,-0.19572941958904266,0.9999405145645142,0.11154762655496597,-0.6201149225234985,-0.20764760673046112,0.9999430179595947,0.12313834577798843,-0.6100755333900452,-0.18564794957637787,0.9999375939369202,0.06526035815477371,-0.5951496362686157,0.0027344748377799988,0.9999720454216003,0.003951303195208311,-0.5237993597984314,-0.1149020865559578,0.9998601675033569,0.12075359374284744,-0.5754434466362,-0.12281858175992966,0.999755859375,0.10642458498477936,-0.5390879511833191,-0.16934271156787872,0.9996739029884338,0.024765683338046074,-0.45266246795654297,0.16188818216323853,0.9998065829277039,0.1245456114411354,-0.4810170829296112,-0.05100055783987045,0.9993264079093933,0.1439111977815628,-0.35467827320098877,0.31280824542045593,0.645456075668335,0.2698829770088196,-0.31545451283454895,-0.13712304830551147,0.6722348928451538,0.2654619812965393,-0.265231728553772,0.46016883850097656,0.5694933533668518,0.3991391062736511,-0.3030816912651062,-0.14120365679264069,0.5286586284637451,0.26888084411621094,-0.2838369905948639,0.49667033553123474,0.5689920783042908,0.4542945921421051,-0.32129016518592834,-0.19313950836658478,0.5245442390441895,0.2736937999725342,-0.27565261721611023,0.4833625257015228,0.5704399347305298,0.47720322012901306,-0.35086631774902344,-0.17528286576271057,0.5184613466262817,0.2809479832649231,-0.24916397035121918,0.4591107964515686,0.5528987050056458,0.4081887900829315,-0.3147951066493988,-0.1403210610151291,0.4965771734714508,-0.05512651056051254,0.015485184267163277,0.09967154264450073,0.9999359846115112,0.0565863661468029,-0.018668709322810173,-0.09780176728963852,0.9998089075088501,0.09545568376779556,0.41030943393707275,0.0819949209690094,0.9416854381561279,0.2930745780467987,0.161805659532547,-0.08968943357467651,0.748738706111908,0.014727839268743992,0.748242974281311,0.15553098917007446,0.9549589157104492,0.5503342747688293,0.42517074942588806,-0.0009731224272400141,0.646183967590332,-0.015061406418681145,0.7885631322860718,0.17426536977291107,0.912595272064209,0.5849728584289551,0.4476986229419708,-0.02765149250626564,0.6737285256385803,0.060411613434553146,0.8166571259498596,0.18434308469295502,0.9254387617111206,0.7054996490478516,0.44806331396102905,-0.04099864885210991,0.6323252320289612
305,10.166666666666666,0.10640055686235428,-0.5976697206497192,-0.2326224446296692,0.999932050704956,0.10084418952465057,-0.6177105903625488,-0.2207975834608078,0.9999346733093262,0.10254717618227005,-0.6234388947486877,-0.2067335695028305,0.9999409914016724,0.10218633711338043,-0.6202471852302551,-0.21072420477867126,0.9999526739120483,0.10450117290019989,-0.6268463730812073,-0.24256372451782227,0.9999464154243469,0.10094338655471802,-0.6208105683326721,-0.25595396757125854,0.9999486804008484,0.11197303235530853,-0.6104954481124878,-0.23397740721702576,0.9999437928199768,0.09614775329828262,-0.6136115193367004,-0.058009371161460876,0.9999746084213257,-0.014112475328147411,-0.5383939146995544,-0.1479295939207077,0.9998739957809448,0.12263542413711548,-0.5829141139984131,-0.17493370175361633,0.9997779726982117,0.09699856489896774,-0.5418158769607544,-0.21647080779075623,0.9997045993804932,0.053067103028297424,-0.4721471965312958,0.1491936892271042,0.9997196793556213,0.12211522459983826,-0.4929724335670471,-0.09915672987699509,0.9993859529495239,0.1013345867395401,-0.3379625082015991,0.2995985150337219,0.5836594104766846,0.2916143238544464,-0.31814172863960266,-0.20462289452552795,0.7048973441123962,0.15020790696144104,-0.15224944055080414,0.41201746463775635,0.5154011845588684,0.4789879322052002,-0.26871931552886963,-0.24722005426883698,0.5756781101226807,0.0816255658864975,-0.1278889924287796,0.44741588830947876,0.5173487067222595,0.5385534763336182,-0.2672899663448334,-0.31346920132637024,0.571831226348877,0.0992804616689682,-0.11167678236961365,0.43176692724227905,0.5185964107513428,0.5717511773109436,-0.30100271105766296,-0.2918401062488556,0.5663174390792847,0.16437046229839325,-0.12033597379922867,0.41267913579940796,0.5023147463798523,0.49328553676605225,-0.2763570547103882,-0.2448461651802063,0.5461741089820862,-0.04388292133808136,0.015797996893525124,0.10718633234500885,0.9999406337738037,0.04424114525318146,-0.019065415486693382,-0.10444920510053635,0.999826967716217,0.1345026046037674,0.4116578698158264,0.10218865424394608,0.9461440443992615,0.2421616166830063,0.15543000400066376,-0.07617778331041336,0.7735101580619812,0.014738603495061398,0.7395180463790894,0.17028743028640747,0.9585245847702026,0.49708783626556396,0.35813838243484497,0.06939883530139923,0.680600106716156,-0.01619390770792961,0.7762893438339233,0.18949437141418457,0.9205715656280518,0.5344246029853821,0.36942335963249207,0.04629639536142349,0.7056516408920288,0.07108073681592941,0.8062921166419983,0.19159047305583954,0.9309966564178467,0.6713553071022034,0.2871653139591217,0.06225105747580528,0.6670176982879639
306,10.2,0.11167963594198227,-0.5987613201141357,-0.22579656541347504,0.9999383091926575,0.10977514088153839,-0.6217175722122192,-0.21280275285243988,0.9999408721923828,0.11194094270467758,-0.6249918937683105,-0.19987031817436218,0.9999462366104126,0.11133439093828201,-0.6230160593986511,-0.2034987211227417,0.9999568462371826,0.09900019317865372,-0.6302131414413452,-0.23495309054851532,0.9999516010284424,0.09730488806962967,-0.6248968243598938,-0.24793729186058044,0.9999536275863647,0.10480741411447525,-0.615409791469574,-0.22593118250370026,0.9999492764472961,0.11695345491170883,-0.6204145550727844,-0.06261041015386581,0.9999759197235107,-0.012715153396129608,-0.5506433844566345,-0.14034759998321533,0.9998859167098999,0.13291749358177185,-0.59097820520401,-0.16951891779899597,0.9997901916503906,0.0968889370560646,-0.5488028526306152,-0.21069906651973724,0.9997269511222839,0.07477983832359314,-0.47508886456489563,0.1548616737127304,0.9995730519294739,0.11724281311035156,-0.5023916363716125,-0.08959168940782547,0.9994336366653442,0.07782523334026337,-0.3113042414188385,0.29394909739494324,0.5271150469779968,0.3036010265350342,-0.3196854591369629,-0.19865921139717102,0.7340186834335327,0.10465118288993835,-0.09987065196037292,0.3952788710594177,0.4649212658405304,0.5046740770339966,-0.2634935677051544,-0.24082155525684357,0.6177316904067993,0.0663035660982132,-0.07332845777273178,0.43071287870407104,0.4676479399204254,0.5654906630516052,-0.2597097158432007,-0.30672168731689453,0.6138832569122314,0.07723954319953918,-0.057965539395809174,0.4147280752658844,0.4687337279319763,0.6007530689239502,-0.29316774010658264,-0.2867777943611145,0.6088066697120667,0.1157703697681427,-0.06591885536909103,0.3961687684059143,0.4540671408176422,0.5202795267105103,-0.27083948254585266,-0.23856326937675476,0.5894988179206848,-0.03464655578136444,0.015847789123654366,0.11162883788347244,0.999944806098938,0.03512199595570564,-0.019363008439540863,-0.10870099812746048,0.9998432397842407,0.13489192724227905,0.415569543838501,0.1119120642542839,0.9484211802482605,0.2371295541524887,0.14927226305007935,-0.1725189983844757,0.7958874106407166,0.016917601227760315,0.7419953942298889,0.19365045428276062,0.961158275604248,0.48208320140838623,0.3060275912284851,-0.07324128597974777,0.7117132544517517,-0.016027234494686127,0.7781422734260559,0.21387040615081787,0.9274312257766724,0.5182481408119202,0.3135039508342743,-0.09959708154201508,0.7343800067901611,0.08594562113285065,0.8073449730873108,0.21706657111644745,0.9346110820770264,0.6534262299537659,0.229287788271904,-0.12097302824258804,0.6987233757972717
307,10.233333333333333,0.11967156082391739,-0.5930862426757812,-0.23642535507678986,0.9999438524246216,0.12056601047515869,-0.6165609359741211,-0.22278864681720734,0.9999464154243469,0.12224464118480682,-0.6179060339927673,-0.20938405394554138,0.9999508261680603,0.12182337790727615,-0.6169202327728271,-0.2133331149816513,0.9999605417251587,0.10130822658538818,-0.6250138878822327,-0.24444179236888885,0.9999561905860901,0.10035334527492523,-0.6208513975143433,-0.2576296031475067,0.9999580383300781,0.10530095547437668,-0.6101659536361694,-0.23590776324272156,0.9999541640281677,0.1317727118730545,-0.6175973415374756,-0.07123751193284988,0.9999769926071167,-0.010028927586972713,-0.5504583716392517,-0.14462168514728546,0.9998964667320251,0.14222228527069092,-0.5875477194786072,-0.17855125665664673,0.999797523021698,0.10075955837965012,-0.5461500287055969,-0.21888668835163116,0.9997429847717285,0.0780176892876625,-0.4697844684123993,0.1590604931116104,0.9992571473121643,0.12144755572080612,-0.5019844770431519,-0.09397623687982559,0.9994598627090454,0.07322632521390915,-0.2914714217185974,0.28636571764945984,0.47507181763648987,0.3206236660480499,-0.31843075156211853,-0.19047001004219055,0.7599900364875793,0.09295912086963654,-0.07680883258581161,0.37243765592575073,0.41903114318847656,0.5110289454460144,-0.25049716234207153,-0.2258482277393341,0.655339241027832,0.06222491338849068,-0.05326845496892929,0.40321221947669983,0.42211630940437317,0.5696632862091064,-0.24886450171470642,-0.2897653877735138,0.6513105630874634,0.07116226106882095,-0.03433511033654213,0.3877079486846924,0.42305147647857666,0.6039692759513855,-0.28028884530067444,-0.27007606625556946,0.6465405225753784,0.10259709507226944,-0.042424120008945465,0.3719748854637146,0.4097612798213959,0.5250542759895325,-0.2571057677268982,-0.2237585335969925,0.6273849606513977,-0.03304148465394974,0.016068745404481888,0.11099434643983841,0.9999430179595947,0.03373932093381882,-0.0196528397500515,-0.10805418342351913,0.9998544454574585,0.13346868753433228,0.42159828543663025,0.10615935176610947,0.9452394843101501,0.25931331515312195,0.15423531830310822,-0.12158491462469101,0.8142068982124329,0.018252991139888763,0.745722770690918,0.1772233545780182,0.9611290097236633,0.5015097260475159,0.31026315689086914,0.03418932110071182,0.7365496754646301,-0.015636363998055458,0.7792267203330994,0.19560521841049194,0.9319474697113037,0.5365423560142517,0.3148178458213806,0.013510922901332378,0.7585840225219727,0.0833277776837349,0.809733510017395,0.19451846182346344,0.9340267181396484,0.6712286472320557,0.263252854347229,-0.07798682898283005,0.7211158871650696
308,10.266666666666666,0.10102195292711258,-0.5940683484077454,-0.2816729247570038,0.9999400973320007,0.09608487784862518,-0.6162132024765015,-0.2682288885116577,0.9999440908432007,0.1008007749915123,-0.616093635559082,-0.2575059235095978,0.9999363422393799,0.09856995940208435,-0.6163990497589111,-0.26027533411979675,0.9999517202377319,0.06682820618152618,-0.6227740049362183,-0.28947755694389343,0.9999570846557617,0.06874558329582214,-0.6195704340934753,-0.30148622393608093,0.9999582767486572,0.07249542325735092,-0.6094058752059937,-0.27909672260284424,0.9999563097953796,0.12397263944149017,-0.6170838475227356,-0.1263340413570404,0.9999403953552246,-0.04139864817261696,-0.5459017157554626,-0.183575838804245,0.9998924136161804,0.13673770427703857,-0.587576150894165,-0.22360855340957642,0.999698281288147,0.08562346547842026,-0.5464569926261902,-0.26457199454307556,0.9996842741966248,0.09986449033021927,-0.46853360533714294,0.10921869426965714,0.9992409944534302,0.08931075036525726,-0.500823438167572,-0.12752264738082886,0.9994972944259644,0.085116446018219,-0.27689245343208313,0.22423098981380463,0.4278315603733063,0.2908552289009094,-0.31904077529907227,-0.2185310423374176,0.7745671272277832,0.08394438028335571,-0.057891398668289185,0.2458965927362442,0.377278208732605,0.4731115996837616,-0.2606934905052185,-0.2578106224536896,0.6858329772949219,0.05931719392538071,-0.03306635841727257,0.2751278281211853,0.3802316188812256,0.5332081913948059,-0.2625548839569092,-0.33224037289619446,0.6797242760658264,0.06527349352836609,-0.02167244628071785,0.25703176856040955,0.3810778856277466,0.5736229419708252,-0.29784509539604187,-0.31418272852897644,0.675216019153595,0.09243100136518478,-0.023406529799103737,0.24486088752746582,0.3690933883190155,0.49019867181777954,-0.27120742201805115,-0.2592385411262512,0.6479657292366028,0.008216478861868382,0.015254870988428593,0.11041514575481415,0.9999450445175171,-0.005814496893435717,-0.019647082313895226,-0.10761585831642151,0.9998666644096375,0.1350640058517456,0.4020320177078247,0.1290314942598343,0.8781541585922241,0.1073572039604187,0.10944271087646484,-0.38634926080703735,0.8268319368362427,0.008511403575539589,0.7382875084877014,0.24172602593898773,0.9309965968132019,0.2559274137020111,0.16753624379634857,-0.3164317309856415,0.715929388999939,-0.027285117655992508,0.7719006538391113,0.26337191462516785,0.9198971390724182,0.2839173972606659,0.1624833643436432,-0.34042730927467346,0.7463234066963196,0.08081574738025665,0.7983224391937256,0.2728607654571533,0.9016947746276855,0.4739745557308197,0.07926744967699051,-0.37536561489105225,0.7155883312225342
309,10.3,0.06917702406644821,-0.5945838689804077,-0.2781616747379303,0.9999421238899231,0.07114277780056,-0.6166898608207703,-0.2613075077533722,0.999943733215332,0.07609499990940094,-0.6165918707847595,-0.25191134214401245,0.9999324679374695,0.0734449252486229,-0.6169273257255554,-0.254634827375412,0.9999498724937439,0.04008502885699272,-0.6223174333572388,-0.2826040983200073,0.9999584555625916,0.04227133467793465,-0.6196839809417725,-0.2941287159919739,0.9999592900276184,0.04566742852330208,-0.6094749569892883,-0.27132648229599,0.9999575018882751,0.11446786671876907,-0.6166995763778687,-0.125173881649971,0.9999348521232605,-0.062158968299627304,-0.5457528233528137,-0.16806650161743164,0.9998906254768372,0.11634042859077454,-0.5874508619308472,-0.2193005234003067,0.9996758699417114,0.054286785423755646,-0.5465103387832642,-0.2566635310649872,0.9996556043624878,0.16042988002300262,-0.46643418073654175,0.09450411796569824,0.9992858171463013,0.02929438091814518,-0.49918872117996216,-0.1006074771285057,0.9994608759880066,0.32653307914733887,-0.3065316081047058,0.1292818784713745,0.420351505279541,0.25587010383605957,-0.31272679567337036,-0.1802544742822647,0.7883728742599487,0.5365146398544312,-0.1274440735578537,0.11518535763025284,0.40457049012184143,0.4216703474521637,-0.2691188156604767,-0.22160638868808746,0.713652491569519,0.5805351734161377,-0.12541373074054718,0.12851427495479584,0.4135880470275879,0.47893306612968445,-0.2728632688522339,-0.28792712092399597,0.7076342701911926,0.5802590847015381,-0.11210037767887115,0.09960958361625671,0.41698330640792847,0.5260860323905945,-0.3095845580101013,-0.27845388650894165,0.7036148905754089,0.5508078932762146,-0.08447708189487457,0.10124438256025314,0.40535831451416016,0.4422249495983124,-0.28077444434165955,-0.22471493482589722,0.6751726269721985,0.040876999497413635,0.017329704016447067,0.10267437994480133,0.9999465346336365,-0.0378614105284214,-0.022469691932201385,-0.10026362538337708,0.9998716115951538,0.11608418077230453,0.4030782878398895,0.11682077497243881,0.8706480264663696,0.04707377031445503,0.10041738301515579,-0.3460223972797394,0.8431922197341919,-0.01176737155765295,0.7754051089286804,0.1900571882724762,0.9347622990608215,-0.02303529530763626,0.12086549401283264,-0.31467023491859436,0.7345044016838074,-0.04563947767019272,0.8131129145622253,0.20881909132003784,0.924966037273407,-0.027518369257450104,0.11257752776145935,-0.3428928852081299,0.7615610957145691,0.07666463404893875,0.8176018595695496,0.2276456356048584,0.9069667458534241,0.003436247119680047,0.05321621894836426,-0.3384968042373657,0.7372221946716309
310,10.333333333333334,0.043880727142095566,-0.6020881533622742,-0.26223549246788025,0.9999478459358215,0.04899076744914055,-0.625823438167572,-0.2452174723148346,0.9999492764472961,0.05166764557361603,-0.6262982487678528,-0.235353022813797,0.9999390840530396,0.04933830723166466,-0.6266847848892212,-0.23882149159908295,0.9999548196792603,0.019503153860569,-0.6291135549545288,-0.2648122310638428,0.999962568283081,0.021551191806793213,-0.6279217004776001,-0.27660924196243286,0.9999632835388184,0.02445162646472454,-0.6164426803588867,-0.2545678913593292,0.9999616742134094,0.11013376712799072,-0.6345276236534119,-0.11799151450395584,0.9999412894248962,-0.07331482321023941,-0.5576832294464111,-0.15823866426944733,0.999901294708252,0.0909358412027359,-0.5983027815818787,-0.20636722445487976,0.9997080564498901,0.0332777164876461,-0.5558062791824341,-0.242728129029274,0.9996896386146545,0.16904060542583466,-0.4768746793270111,0.09343332797288895,0.9993563294410706,-0.027404816821217537,-0.5115529298782349,-0.09649693965911865,0.9995066523551941,0.3530281186103821,-0.3274077773094177,0.13698497414588928,0.4600207507610321,0.056336674839258194,-0.3122996389865875,-0.26363593339920044,0.8088628053665161,0.5687997937202454,-0.21182361245155334,0.13917508721351624,0.46309199929237366,0.2279997318983078,-0.26944443583488464,-0.4249824285507202,0.7418870329856873,0.6026087403297424,-0.20408940315246582,0.1524338573217392,0.4712860882282257,0.27678629755973816,-0.26022228598594666,-0.49954724311828613,0.7362668514251709,0.5992379784584045,-0.19920726120471954,0.11804763972759247,0.4745213985443115,0.3535912334918976,-0.29859060049057007,-0.49010586738586426,0.7326640486717224,0.5810527801513672,-0.18002310395240784,0.12245980650186539,0.46380922198295593,0.2587448060512543,-0.27841249108314514,-0.42688432335853577,0.706256628036499,0.04490962624549866,0.01717803254723549,0.09823871403932571,0.9999417662620544,-0.04197774827480316,-0.021964479237794876,-0.09592676907777786,0.9998475909233093,0.03633524104952812,0.3957931697368622,0.1017279177904129,0.8684730529785156,0.0531628243625164,0.1610894799232483,-0.27188602089881897,0.8534415364265442,-0.05161652714014053,0.763262152671814,0.15196862816810608,0.9382889866828918,-0.13015124201774597,0.13259118795394897,0.024470601230859756,0.7109680771827698,-0.08368197083473206,0.7985101342201233,0.16720084846019745,0.9276545643806458,-0.1484212428331375,0.11793354153633118,0.019455788657069206,0.7338218688964844,0.0006337578524835408,0.7864351272583008,0.169511616230011,0.9127435088157654,-0.1547771692276001,0.11055745929479599,0.1014925166964531,0.7277261018753052
311,10.366666666666667,0.02807564102113247,-0.6062173843383789,-0.25210899114608765,0.999950110912323,0.040651835501194,-0.6297518610954285,-0.23522178828716278,0.999949038028717,0.042943987995386124,-0.6300004124641418,-0.22566628456115723,0.9999383091926575,0.040873728692531586,-0.6307864785194397,-0.2289869785308838,0.9999552369117737,0.011252844706177711,-0.6332538723945618,-0.2523074448108673,0.999961793422699,0.013840544037520885,-0.6323925852775574,-0.2636818289756775,0.9999620318412781,0.01645229198038578,-0.6222080588340759,-0.24205635488033295,0.9999586939811707,0.10928477346897125,-0.6305763125419617,-0.11477243155241013,0.9999440908432007,-0.06595408171415329,-0.5612738132476807,-0.13143055140972137,0.9998841285705566,0.07793822884559631,-0.5991953611373901,-0.19920244812965393,0.9997269511222839,0.022504480555653572,-0.5589791536331177,-0.23085911571979523,0.999692976474762,0.19998475909233093,-0.475197970867157,0.04473470151424408,0.9994186162948608,-0.044909343123435974,-0.5108035206794739,-0.02297617308795452,0.9994021058082581,0.3672308027744293,-0.3550367057323456,0.0803353413939476,0.5119464993476868,0.009343953803181648,-0.3127381503582001,-0.2089335024356842,0.7980121374130249,0.546149492263794,-0.26139765977859497,0.10208247601985931,0.5153144598007202,0.0854671373963356,-0.32735198736190796,-0.3465743958950043,0.7194059491157532,0.5803853869438171,-0.2512948513031006,0.11511342972517014,0.5220526456832886,0.11901085823774338,-0.3309386968612671,-0.41577914357185364,0.7180158495903015,0.581483781337738,-0.2480875700712204,0.08369915187358856,0.5252545475959778,0.16106416285037994,-0.38564929366111755,-0.41683539748191833,0.7153916358947754,0.5579914450645447,-0.2333812266588211,0.08679606020450592,0.5152808427810669,0.1017913818359375,-0.34680265188217163,-0.3551633954048157,0.684887707233429,0.07014831155538559,0.018869953230023384,0.06412307918071747,0.9999465942382812,-0.06720253825187683,-0.023180894553661346,-0.05983602628111839,0.9998577237129211,0.04206279292702675,0.4164213538169861,-0.03346000611782074,0.8814103007316589,-0.17851796746253967,0.06112300232052803,-0.3385613262653351,0.8679764270782471,-0.04076508432626724,0.8040613532066345,0.05030129477381706,0.9443888068199158,-0.5167480111122131,0.13216696679592133,-0.16385510563850403,0.7392749190330505,-0.07194138318300247,0.8422902822494507,0.06674336642026901,0.9343460202217102,-0.5524581074714661,0.1295892894268036,-0.1827881634235382,0.757476270198822,0.010133027099072933,0.8504422903060913,0.01484773401170969,0.9212836027145386,-0.5898739695549011,0.1100037470459938,-0.20335517823696136,0.7543019652366638
312,10.4,0.019753465428948402,-0.6199313998222351,-0.24280250072479248,0.9999549984931946,0.035539574921131134,-0.6406686305999756,-0.231418177485466,0.9999538064002991,0.037427306175231934,-0.640995442867279,-0.22024855017662048,0.9999440312385559,0.035747602581977844,-0.6421332955360413,-0.22360338270664215,0.9999593496322632,0.008498046547174454,-0.6460922956466675,-0.2432328164577484,0.9999654293060303,0.0115120904520154,-0.646064043045044,-0.2526339888572693,0.9999656677246094,0.014300527982413769,-0.6359623670578003,-0.23215118050575256,0.999962568283081,0.10833965986967087,-0.6299874186515808,-0.11283404380083084,0.9999494552612305,-0.0574672557413578,-0.5707180500030518,-0.09698446094989777,0.999894917011261,0.06919177621603012,-0.6074565649032593,-0.19111530482769012,0.9997539520263672,0.019725849851965904,-0.5699102878570557,-0.22675058245658875,0.9997231364250183,0.20605763792991638,-0.47363215684890747,0.011223826557397842,0.9994764924049377,-0.061025671660900116,-0.5151448845863342,0.04001733288168907,0.9994572997093201,0.36471936106681824,-0.38736268877983093,0.046307243406772614,0.5605741143226624,-0.1441822648048401,-0.32500335574150085,-0.1832851618528366,0.81339430809021,0.5369644165039062,-0.31268221139907837,0.09582539647817612,0.5636948943138123,-0.17349761724472046,-0.3312259018421173,-0.4538440704345703,0.7454252243041992,0.5679507851600647,-0.29983025789260864,0.11013808101415634,0.5696430206298828,-0.16595077514648438,-0.3311121165752411,-0.5355039238929749,0.7441253066062927,0.5700573921203613,-0.3033009171485901,0.07586006820201874,0.5725615620613098,-0.11380276083946228,-0.38008323311805725,-0.5474691987037659,0.7419012188911438,0.5485213398933411,-0.28973013162612915,0.07983279973268509,0.5635381937026978,-0.15856316685676575,-0.3474265933036804,-0.471423864364624,0.7134935855865479,0.07426569610834122,0.021889878436923027,0.028190473094582558,0.9999501705169678,-0.07188689708709717,-0.026202810928225517,-0.02277342602610588,0.9998672604560852,0.001744246925227344,0.4377456605434418,-0.07094316929578781,0.8931071162223816,-0.28142738342285156,0.012684701010584831,-0.26821473240852356,0.880851686000824,-0.07184067368507385,0.8349838256835938,-0.046492453664541245,0.9498445391654968,-0.681252121925354,0.1637430191040039,-0.15111687779426575,0.7649393677711487,-0.10083286464214325,0.873144268989563,-0.038235343992710114,0.9399235248565674,-0.7228589653968811,0.16759426891803741,-0.18020692467689514,0.779565155506134,-0.037258315831422806,0.8862757086753845,-0.11380636692047119,0.9289839863777161,-0.7746095657348633,0.12188155204057693,-0.23649044334888458,0.7785022258758545
313,10.433333333333334,0.005077074281871319,-0.6206865906715393,-0.2629478871822357,0.9999593496322632,0.024814777076244354,-0.640003502368927,-0.2495569884777069,0.9999579787254333,0.02579256147146225,-0.640282154083252,-0.2406877875328064,0.9999491572380066,0.024800023064017296,-0.6412990093231201,-0.24300549924373627,0.9999629855155945,-0.0008338324259966612,-0.6453639268875122,-0.25919264554977417,0.9999685287475586,0.0013349856017157435,-0.6452082991600037,-0.2695973813533783,0.9999687671661377,0.004314292222261429,-0.6348719596862793,-0.2499663531780243,0.9999659061431885,0.10642796009778976,-0.6278749108314514,-0.1479044258594513,0.9999542832374573,-0.055628702044487,-0.5691340565681458,-0.1066993772983551,0.9999043345451355,0.05582452565431595,-0.6065541505813599,-0.2169642150402069,0.9997782707214355,0.009753676131367683,-0.5691001415252686,-0.24016651511192322,0.9997501969337463,0.20349878072738647,-0.4699115753173828,-0.059200190007686615,0.9995285272598267,-0.08183874189853668,-0.5142520666122437,0.05023399740457535,0.9995042681694031,0.3640735447406769,-0.39528656005859375,-0.1452483981847763,0.6043962836265564,-0.2237258106470108,-0.3442719280719757,-0.003113926388323307,0.8293874263763428,0.49948427081108093,-0.3234782814979553,-0.25591763854026794,0.6072068214416504,-0.4086972177028656,-0.3440014123916626,-0.20255523920059204,0.769756555557251,0.5285951495170593,-0.31120765209198,-0.2745397388935089,0.612414538860321,-0.42845216393470764,-0.34135302901268005,-0.24517452716827393,0.7680454254150391,0.5197782516479492,-0.3143572509288788,-0.3054572641849518,0.615084171295166,-0.4104633331298828,-0.3844718933105469,-0.3100196123123169,0.7662402391433716,0.5040263533592224,-0.30147868394851685,-0.27698254585266113,0.6068839430809021,-0.4126332402229309,-0.35587456822395325,-0.2404603362083435,0.7405465245246887,0.0801941528916359,0.028710685670375824,-0.002447596751153469,0.9999533891677856,-0.0774325579404831,-0.032988060265779495,0.006515868939459324,0.9998767971992493,0.0005049488390795887,0.45024964213371277,-0.10150054842233658,0.9036940336227417,-0.3953973650932312,-0.007980833761394024,-0.0372614860534668,0.8922300338745117,-0.0705249160528183,0.8299821615219116,-0.0020965242292732,0.954608678817749,-0.7491580247879028,0.1761440485715866,0.10964953154325485,0.787835419178009,-0.09748857468366623,0.8675835132598877,0.012096269987523556,0.9431599378585815,-0.7870802283287048,0.17215631902217865,0.08252426236867905,0.7986581325531006,-0.07080364227294922,0.8986904621124268,-0.04678390175104141,0.9356736540794373,-0.8568207621574402,0.141799658536911,0.03302280604839325,0.7998680472373962
314,10.466666666666667,0.0076802801340818405,-0.6208900809288025,-0.30042198300361633,0.9999627470970154,0.02862059883773327,-0.6394333839416504,-0.2884938716888428,0.9999595880508423,0.0291487667709589,-0.6396951079368591,-0.2805561423301697,0.9999514222145081,0.028292736038565636,-0.6406298875808716,-0.28227999806404114,0.9999641180038452,0.005299112293869257,-0.6449976563453674,-0.29575473070144653,0.9999699592590332,0.007039876654744148,-0.6449707746505737,-0.3060872256755829,0.9999704957008362,0.010281437076628208,-0.6340219378471375,-0.2872673571109772,0.9999676942825317,0.11444733291864395,-0.6210481524467468,-0.19998551905155182,0.9999571442604065,-0.04172177240252495,-0.568073570728302,-0.1500426083803177,0.9999103546142578,0.05700131505727768,-0.6058963537216187,-0.2578716278076172,0.9997987747192383,0.01458103395998478,-0.568440854549408,-0.27515295147895813,0.999772310256958,0.22219061851501465,-0.46125757694244385,-0.10131233930587769,0.9995737075805664,-0.07892802357673645,-0.5120021104812622,0.02952347695827484,0.9995397329330444,0.409088671207428,-0.409170538187027,-0.15740536153316498,0.6437711119651794,-0.2866419553756714,-0.35646626353263855,0.006092485506087542,0.8453471064567566,0.5565084218978882,-0.3489793539047241,-0.21709033846855164,0.6462393999099731,-0.5292683243751526,-0.3548873960971832,-0.12905368208885193,0.7922059297561646,0.5912213325500488,-0.3430851995944977,-0.22050490975379944,0.6505318284034729,-0.5586214661598206,-0.3577077388763428,-0.15992052853107452,0.789983868598938,0.582351565361023,-0.34695127606391907,-0.2516821622848511,0.6530286073684692,-0.5425616502761841,-0.3979382812976837,-0.2095307558774948,0.7885345816612244,0.5621228218078613,-0.3288309574127197,-0.23571456968784332,0.6455696821212769,-0.5358805060386658,-0.3649248480796814,-0.15940223634243011,0.76543128490448,0.08320772647857666,0.034754429012537,-0.004450500942766666,0.9999547600746155,-0.08053720742464066,-0.03907134756445885,0.007767993025481701,0.9998831748962402,0.008740393444895744,0.4654792249202728,-0.08410012722015381,0.9131105542182922,-0.396083265542984,-0.03252710402011871,0.014354736544191837,0.901889443397522,-0.06578461825847626,0.8271327614784241,0.014117087237536907,0.9588533639907837,-0.7021316885948181,0.18585152924060822,0.20994879305362701,0.8079150915145874,-0.09346368163824081,0.8634187579154968,0.04030459746718407,0.9457175731658936,-0.734582781791687,0.1774170994758606,0.19014562666416168,0.8135162591934204,-0.08481692522764206,0.8990982174873352,-0.008463124744594097,0.9416065216064453,-0.7791396379470825,0.16816848516464233,0.14510878920555115,0.8184143304824829
315,10.5,0.00350426253862679,-0.6204962134361267,-0.31429323554039,0.9999659657478333,0.026694852858781815,-0.6391306519508362,-0.3039419651031494,0.9999616742134094,0.026603424921631813,-0.6394703388214111,-0.29618459939956665,0.9999542236328125,0.025890501216053963,-0.6403137445449829,-0.2978478968143463,0.9999658465385437,0.004490663763135672,-0.6447368860244751,-0.31073907017707825,0.9999715685844421,0.0062301731668412685,-0.6444790959358215,-0.32131847739219666,0.9999723434448242,0.009414407424628735,-0.6336989402770996,-0.3023112714290619,0.9999695420265198,0.1139264702796936,-0.6147040128707886,-0.22268754243850708,0.9999602437019348,-0.036537252366542816,-0.5653666257858276,-0.1723361611366272,0.9999164342880249,0.05388249084353447,-0.6036165356636047,-0.27418461441993713,0.9998177886009216,0.014099959284067154,-0.5677948594093323,-0.290450781583786,0.9997930526733398,0.22302481532096863,-0.4525640904903412,-0.12251430004835129,0.9996151328086853,-0.0777246356010437,-0.507693350315094,0.02106245420873165,0.9995749592781067,0.40816858410835266,-0.4037931263446808,-0.19216229021549225,0.6792426109313965,-0.2912236452102661,-0.35970208048820496,-0.004211616236716509,0.8596159815788269,0.5508994460105896,-0.3479178547859192,-0.2709825038909912,0.6814188957214355,-0.5336372256278992,-0.3581681251525879,-0.13015621900558472,0.812290608882904,0.5843843817710876,-0.34322604537010193,-0.2790743112564087,0.6849899291992188,-0.5630636215209961,-0.36121639609336853,-0.16232670843601227,0.8095083832740784,0.57505202293396,-0.350332111120224,-0.30957967042922974,0.6873089671134949,-0.547189474105835,-0.4011291563510895,-0.20625735819339752,0.8084093928337097,0.5557184219360352,-0.32927852869033813,-0.2902970314025879,0.6805096864700317,-0.540238618850708,-0.367899626493454,-0.1577836126089096,0.7876566052436829,0.08449631184339523,0.037309739738702774,-0.004792899824678898,0.9999562501907349,-0.0817670002579689,-0.04167662560939789,0.007814689539372921,0.9998893141746521,0.011719303205609322,0.4704095423221588,-0.08470137417316437,0.9215980768203735,-0.39297258853912354,-0.02682388760149479,-0.0018444806337356567,0.9108890295028687,-0.06550707668066025,0.8279356360435486,0.0242187287658453,0.9626958966255188,-0.7010799050331116,0.18734391033649445,0.1891481876373291,0.8261435031890869,-0.09335014224052429,0.863645613193512,0.043825842440128326,0.9481298327445984,-0.733880341053009,0.1900564283132553,0.16954173147678375,0.8274793028831482,-0.0909288078546524,0.9004930257797241,-0.0009716346394270658,0.9469984173774719,-0.7790375351905823,0.18513824045658112,0.12705743312835693,0.8353458642959595
316,10.533333333333333,0.007632344961166382,-0.5868163108825684,-0.3974294364452362,0.9999693036079407,0.031018109992146492,-0.6007013916969299,-0.38771387934684753,0.9999653697013855,0.02820625528693199,-0.6011348366737366,-0.37871304154396057,0.9999586343765259,0.028096666559576988,-0.6019331216812134,-0.380482941865921,0.9999691247940063,0.008702957071363926,-0.6099259257316589,-0.395870178937912,0.9999743103981018,0.010245123878121376,-0.6110216379165649,-0.40692609548568726,0.9999749660491943,0.012908290140330791,-0.5954148769378662,-0.38780003786087036,0.9999724626541138,0.12063214182853699,-0.5696023106575012,-0.29986199736595154,0.9999640583992004,-0.02260751463472843,-0.5310330390930176,-0.26739174127578735,0.9999243021011353,0.05500292405486107,-0.5628218650817871,-0.35521256923675537,0.999835729598999,0.016792817041277885,-0.532425582408905,-0.37478330731391907,0.9998132586479187,0.22781780362129211,-0.4174812436103821,-0.17797067761421204,0.9996528625488281,-0.07304302603006363,-0.4910235106945038,-0.0753878653049469,0.9996071457862854,0.45041951537132263,-0.39872267842292786,-0.1788838803768158,0.7112085223197937,-0.2994876801967621,-0.37942415475845337,-0.06306935846805573,0.872969925403595,0.6535358428955078,-0.35361501574516296,-0.1808929741382599,0.7131662368774414,-0.5644969344139099,-0.3859047293663025,-0.14219962060451508,0.8301700949668884,0.6992208361625671,-0.35725048184394836,-0.1678953468799591,0.7161195278167725,-0.6000039577484131,-0.39593034982681274,-0.188117116689682,0.8258721232414246,0.6993937492370605,-0.3616938591003418,-0.20401832461357117,0.7182838916778564,-0.5848655700683594,-0.4281804859638214,-0.2088318020105362,0.8253074288368225,0.6665236353874207,-0.33510634303092957,-0.19926384091377258,0.7121435403823853,-0.5723664164543152,-0.3923375904560089,-0.18099728226661682,0.8069616556167603,0.08343343436717987,0.03770126402378082,-0.0008053836645558476,0.9999570250511169,-0.08082287758588791,-0.04176840931177139,0.003485975554212928,0.9998890161514282,0.021213583648204803,0.46423250436782837,-0.07474680989980698,0.9287144541740417,-0.3445229232311249,-0.03310220688581467,0.016040507704019547,0.9081146121025085,-0.04780113697052002,0.8255380392074585,0.04151071980595589,0.9656638503074646,-0.5538560748100281,0.05039151385426521,0.3444017171859741,0.7981816530227661,-0.07507190108299255,0.8584609627723694,0.06694553792476654,0.9481075406074524,-0.49093982577323914,0.04612363129854202,0.3418672978878021,0.7983996868133545,-0.07145116478204727,0.8975685834884644,0.006715972907841206,0.9511541724205017,-0.4717235565185547,0.048534419387578964,0.3562833070755005,0.8154463768005371
317,10.566666666666666,0.00851051788777113,-0.5739060640335083,-0.4166608452796936,0.9999722838401794,0.036118876188993454,-0.5866134166717529,-0.4054403007030487,0.9999686479568481,0.03153618425130844,-0.5872070789337158,-0.3960975110530853,0.999962568283081,0.03185893967747688,-0.5877934694290161,-0.3979249894618988,0.9999720454216003,0.01354166679084301,-0.5963680148124695,-0.41461288928985596,0.9999767541885376,0.014700135216116905,-0.5976285338401794,-0.4258546531200409,0.9999773502349854,0.01689518801867962,-0.5807005763053894,-0.4065743386745453,0.9999750256538391,0.1240132674574852,-0.5564514994621277,-0.3119979798793793,0.9999675154685974,-0.019255757331848145,-0.5186689496040344,-0.28736990690231323,0.9999312162399292,0.058901142328977585,-0.5490769743919373,-0.37271398305892944,0.9998518824577332,0.020360136404633522,-0.5195494890213013,-0.39406079053878784,0.9998314380645752,0.22822034358978271,-0.407302588224411,-0.18748979270458221,0.9996869564056396,-0.0744832456111908,-0.48448681831359863,-0.09808456152677536,0.9996346831321716,0.451575368642807,-0.39604416489601135,-0.17764803767204285,0.7399645447731018,-0.30202919244766235,-0.3872170150279999,-0.08465651422739029,0.8848490118980408,0.6582168340682983,-0.35680171847343445,-0.16720010340213776,0.7417371273040771,-0.5695118308067322,-0.3962710201740265,-0.15109169483184814,0.8459194898605347,0.7031744718551636,-0.36292728781700134,-0.15139208734035492,0.744125485420227,-0.6054233312606812,-0.4076133370399475,-0.19747337698936462,0.8395487070083618,0.7044903039932251,-0.3673931062221527,-0.18856719136238098,0.7461539506912231,-0.5920056700706482,-0.4385847747325897,-0.21958515048027039,0.8396282196044922,0.6716219782829285,-0.3388572931289673,-0.1859273761510849,0.7406045794487,-0.5782232880592346,-0.402425080537796,-0.18380996584892273,0.8236117362976074,0.08276299387216568,0.037700120359659195,0.0005927666206844151,0.9999562501907349,-0.08012517541646957,-0.04157737269997597,0.00187525840010494,0.9998825192451477,0.027443481609225273,0.46192777156829834,-0.06827545166015625,0.9349985718727112,-0.33302703499794006,-0.018307151272892952,0.056975722312927246,0.8979541063308716,-0.04512263461947441,0.8209980726242065,0.04389157146215439,0.9682807326316833,-0.5081233382225037,0.07001863420009613,0.406039297580719,0.7668873071670532,-0.07243648171424866,0.8549901843070984,0.06734243035316467,0.9475754499435425,-0.4581063985824585,0.06808117777109146,0.4046221971511841,0.7656542062759399,-0.06767551600933075,0.8916749358177185,0.010565102100372314,0.9548372030258179,-0.4315933883190155,0.06464320421218872,0.4217834174633026,0.7906874418258667
318,10.6,0.019531112164258957,-0.5782166719436646,-0.3785446286201477,0.9999750256538391,0.04676921293139458,-0.5921031832695007,-0.36879411339759827,0.9999716877937317,0.04346926510334015,-0.5926215648651123,-0.3585948050022125,0.9999662041664124,0.044266313314437866,-0.5933946371078491,-0.3614380359649658,0.9999747276306152,0.024602923542261124,-0.6010873913764954,-0.37918519973754883,0.9999790191650391,0.025945989415049553,-0.6020172834396362,-0.391263484954834,0.999979555606842,0.027494283393025398,-0.5862362384796143,-0.3695429861545563,0.9999774694442749,0.12922118604183197,-0.561680018901825,-0.2802102863788605,0.9999706149101257,-0.013025300577282906,-0.5218971371650696,-0.27452507615089417,0.9999377727508545,0.0667889192700386,-0.5538313388824463,-0.33353227376937866,0.9998664259910583,0.02826259844005108,-0.5231231451034546,-0.35807788372039795,0.9998478889465332,0.2287980616092682,-0.4087396562099457,-0.13637244701385498,0.9997168779373169,-0.07186118513345718,-0.4822736382484436,-0.04928210377693176,0.9996576905250549,0.44160667061805725,-0.3943382501602173,-0.13003100454807281,0.765685498714447,-0.3004128932952881,-0.38631966710090637,-0.039764776825904846,0.8943033218383789,0.6349708437919617,-0.3426317274570465,-0.1366470456123352,0.767330527305603,-0.5482115745544434,-0.3883429169654846,-0.13435035943984985,0.8593769669532776,0.6807953715324402,-0.34573501348495483,-0.12609325349330902,0.769099235534668,-0.5797914862632751,-0.39879363775253296,-0.16950036585330963,0.8512290120124817,0.6777290105819702,-0.3492225706577301,-0.16233672201633453,0.7710555791854858,-0.5608553886413574,-0.4318511188030243,-0.20182624459266663,0.8519299030303955,0.6458759903907776,-0.3232544958591461,-0.15466564893722534,0.7660095691680908,-0.5524019598960876,-0.3955196738243103,-0.16229131817817688,0.8380021452903748,0.08398661762475967,0.03752722591161728,0.0021547412034124136,0.9999579191207886,-0.08118467777967453,-0.04144308716058731,0.0005318093462847173,0.9998869895935059,0.06064474955201149,0.4544481039047241,-0.07249736785888672,0.9398075938224792,-0.30866172909736633,-0.09927264600992203,-0.034115809947252274,0.8952664136886597,-0.0072258030995726585,0.7982319593429565,0.04075319692492485,0.9700363874435425,-0.1569264680147171,-0.01810588873922825,0.33898991346359253,0.723392128944397,-0.03584550693631172,0.8300868272781372,0.06178928166627884,0.9456692337989807,-0.12561514973640442,-0.023039406165480614,0.36465346813201904,0.7315686345100403,-0.04866516590118408,0.851574182510376,-0.004671972244977951,0.9571921229362488,-0.08159651607275009,-0.009255949407815933,0.3203222155570984,0.7588363289833069
319,10.633333333333333,0.020525485277175903,-0.5790693759918213,-0.3242344558238983,0.9999772310256958,0.04687538370490074,-0.5953235030174255,-0.3242829144001007,0.9999740719795227,0.043586354702711105,-0.5957255363464355,-0.3152274787425995,0.9999690055847168,0.044521428644657135,-0.5962526798248291,-0.31783583760261536,0.9999768137931824,0.02498541958630085,-0.6039324998855591,-0.3251582980155945,0.9999808073043823,0.026510747149586678,-0.6042975783348083,-0.3377845585346222,0.9999812841415405,0.027984226122498512,-0.5892653465270996,-0.3186672329902649,0.9999793767929077,0.1314976066350937,-0.5668251514434814,-0.25770801305770874,0.9999728202819824,0.0022588493302464485,-0.5225513577461243,-0.20272046327590942,0.9999428987503052,0.06705153733491898,-0.5576391816139221,-0.2955540716648102,0.9998788237571716,0.028617843985557556,-0.5253414511680603,-0.30338627099990845,0.9998617768287659,0.22061271965503693,-0.41060948371887207,-0.13279017806053162,0.999742329120636,-0.06516736000776291,-0.4879354238510132,0.01791633851826191,0.9996812343597412,0.36072787642478943,-0.35182052850723267,-0.2586739659309387,0.7861428260803223,-0.2567247450351715,-0.3884519338607788,0.06290650367736816,0.8974432349205017,0.4584810733795166,-0.31292641162872314,-0.4055226445198059,0.7881353497505188,-0.4863668382167816,-0.38998398184776306,-0.012510165572166443,0.8720158338546753,0.48877647519111633,-0.31498509645462036,-0.42921268939971924,0.7890406847000122,-0.5111566781997681,-0.39727017283439636,-0.03773802891373634,0.8635918498039246,0.4765293598175049,-0.32445934414863586,-0.4493199586868286,0.7912744879722595,-0.4955224096775055,-0.4325464963912964,-0.08068022131919861,0.8645756840705872,0.4601275622844696,-0.298016756772995,-0.42153847217559814,0.7856401205062866,-0.4915938675403595,-0.3980797827243805,-0.03942842781543732,0.85202956199646,0.08296756446361542,0.03730476647615433,-0.014962650835514069,0.9999567270278931,-0.07999996840953827,-0.0412474051117897,0.01711251400411129,0.999890148639679,0.0636640265583992,0.45546048879623413,-0.10824648290872574,0.9410988688468933,-0.322679340839386,-0.0833817645907402,-0.006494938395917416,0.8767407536506653,0.0071323104202747345,0.7977691292762756,-0.02922450564801693,0.9701933264732361,-0.19427436590194702,0.05195591226220131,0.27412933111190796,0.6722144484519958,-0.02045571804046631,0.8296322226524353,-0.013492405414581299,0.9374772310256958,-0.1759416162967682,0.05314197391271591,0.2698259651660919,0.6922112107276917,-0.045084401965141296,0.8588119745254517,-0.07651175558567047,0.9576466679573059,-0.15116897225379944,0.07261639088392258,0.2866189777851105,0.7143300175666809
320,10.666666666666666,0.010803135111927986,-0.6041130423545837,-0.28713563084602356,0.9999790787696838,0.03889919072389603,-0.6170940399169922,-0.285517156124115,0.9999759197235107,0.0396481417119503,-0.6182817816734314,-0.2779045104980469,0.9999712705612183,0.03864354267716408,-0.6174799203872681,-0.2759634554386139,0.9999783039093018,0.020600853487849236,-0.628020703792572,-0.28294965624809265,0.9999822974205017,0.021609047427773476,-0.6265969276428223,-0.2943260073661804,0.9999827146530151,0.023988837376236916,-0.6130147576332092,-0.275166779756546,0.9999811053276062,0.1297951191663742,-0.5704900026321411,-0.23731030523777008,0.99997478723526,-0.000522502523381263,-0.5465866327285767,-0.1433836966753006,0.9999476671218872,0.057742733508348465,-0.5750933289527893,-0.25601571798324585,0.9998900294303894,0.019130514934659004,-0.5482058525085449,-0.25766339898109436,0.9998747706413269,0.17505115270614624,-0.41305065155029297,-0.1363557130098343,0.9997657537460327,-0.049723729491233826,-0.5006745457649231,0.08295636624097824,0.9997125864028931,0.1799536496400833,-0.3247697949409485,-0.2842465341091156,0.799269437789917,-0.21703487634658813,-0.39198175072669983,0.18784034252166748,0.8884334564208984,0.13765349984169006,-0.3032078742980957,-0.39047443866729736,0.8017284274101257,-0.42181697487831116,-0.39424851536750793,0.19271452724933624,0.884067177772522,0.13373638689517975,-0.3148379325866699,-0.4080743193626404,0.8029022812843323,-0.43668103218078613,-0.4085242450237274,0.1765492558479309,0.8762500882148743,0.11499206721782684,-0.3273715674877167,-0.41824233531951904,0.8057616949081421,-0.4144304394721985,-0.4388248920440674,0.14608950912952423,0.8772454857826233,0.12865284085273743,-0.295154333114624,-0.3982752859592438,0.7976488471031189,-0.42108848690986633,-0.4057160019874573,0.1728886216878891,0.8656665086746216,0.06120418757200241,0.007845687679946423,-0.026031985878944397,0.9999525547027588,-0.05761368200182915,-0.012807485647499561,0.027965424582362175,0.9998995065689087,-0.11200272291898727,0.23648588359355927,-0.10342404246330261,0.9262773990631104,-0.02797831781208515,0.3371488153934479,0.0649418905377388,0.8795143365859985,0.009232227690517902,0.3960492014884949,0.1967145949602127,0.9093462824821472,-0.03883011266589165,0.7413042783737183,0.23775464296340942,0.6973457336425781,0.005828328896313906,0.41181236505508423,0.23467661440372467,0.8899186253547668,-0.04141731187701225,0.7726534008979797,0.20635634660720825,0.7052874565124512,-0.010684935376048088,0.46430352330207825,0.28967493772506714,0.914309561252594,-0.06847725063562393,0.8219530582427979,0.162448450922966,0.7323682308197021
321,10.7,-0.0031190328299999237,-0.6167381405830383,-0.22281350195407867,0.9999600648880005,0.029045013710856438,-0.6305643320083618,-0.22490262985229492,0.9999619126319885,0.03242138773202896,-0.6312792897224426,-0.21285995841026306,0.9999569058418274,0.0304552111774683,-0.6301180720329285,-0.21284541487693787,0.9999700784683228,0.01281554065644741,-0.6443955898284912,-0.2182876020669937,0.9999629259109497,0.01330930832773447,-0.642452597618103,-0.23176096379756927,0.999957799911499,0.016707612201571465,-0.6325218081474304,-0.21061432361602783,0.9999598860740662,0.12887366116046906,-0.5784323215484619,-0.1728278249502182,0.9999667406082153,0.003132073674350977,-0.5701327323913574,-0.08343467116355896,0.9997649192810059,0.043960947543382645,-0.5909112095832825,-0.19249722361564636,0.999851405620575,0.007708801422268152,-0.5661375522613525,-0.195009246468544,0.999784529209137,0.10555148869752884,-0.4200423061847687,-0.14148320257663727,0.9997860193252563,-0.0037858313880860806,-0.5133073329925537,0.14191226661205292,0.9997001886367798,-0.03113171085715294,-0.33199793100357056,-0.2281806766986847,0.815650463104248,-0.023686887696385384,-0.3081434667110443,0.12232733517885208,0.8001041412353516,-0.20604398846626282,-0.30161482095718384,-0.3201386332511902,0.8119109869003296,-0.1123700961470604,-0.202421173453331,0.03924662247300148,0.7964162230491638,-0.25024622678756714,-0.3088565170764923,-0.39231759309768677,0.8103427290916443,-0.10229931026697159,-0.181651771068573,0.025402382016181946,0.7907399535179138,-0.2692373991012573,-0.3254777193069458,-0.29028311371803284,0.8135735988616943,-0.0976310595870018,-0.216013565659523,-0.01047118566930294,0.7918314337730408,-0.215562641620636,-0.29404154419898987,-0.2633567750453949,0.7988955974578857,-0.11308431625366211,-0.2116227000951767,0.01976081356406212,0.7814854383468628,0.04736552760004997,-0.0050680432468652725,-0.03484325110912323,0.9999551773071289,-0.04390338808298111,0.0023660019505769014,0.037764906883239746,0.9999078512191772,-0.12420132011175156,0.17680099606513977,-0.09120281785726547,0.8874112963676453,-0.01137603260576725,0.3659913241863251,0.027956774458289146,0.8705875873565674,-0.00879807211458683,0.3438207507133484,0.23079994320869446,0.8280521631240845,-0.035141315311193466,0.760871171951294,0.11262809485197067,0.7110164761543274,0.004617407917976379,0.36133554577827454,0.27487000823020935,0.8110607266426086,-0.037042152136564255,0.7914189100265503,0.07902971655130386,0.6970874667167664,-0.043868277221918106,0.4259487986564636,0.3349110186100006,0.835564911365509,-0.06409439444541931,0.8413339257240295,0.04423413798213005,0.7322659492492676
322,10.733333333333333,-0.014826099388301373,-0.6192662119865417,-0.22370417416095734,0.9999014139175415,0.019328515976667404,-0.6331325769424438,-0.22681023180484772,0.9999226927757263,0.023866327479481697,-0.632921576499939,-0.21480222046375275,0.9999169707298279,0.021848702803254128,-0.6321111917495728,-0.215781107544899,0.999946117401123,0.0060227857902646065,-0.6469756960868835,-0.22162982821464539,0.999904215335846,0.0064439536072313786,-0.6451457738876343,-0.2357637584209442,0.9998782873153687,0.010343994945287704,-0.6359385251998901,-0.21381935477256775,0.9998871088027954,0.12512415647506714,-0.5797404050827026,-0.17501187324523926,0.9999454021453857,0.008522089570760727,-0.5759157538414001,-0.09038245677947998,0.9992656111717224,0.031834203749895096,-0.5938669443130493,-0.19442805647850037,0.9997363090515137,-0.001032644766382873,-0.5703791379928589,-0.19797272980213165,0.9995099902153015,0.07536489516496658,-0.42532485723495483,-0.17666442692279816,0.9998038411140442,0.031753696501255035,-0.5176102519035339,0.13975213468074799,0.9996451735496521,-0.037055402994155884,-0.33529171347618103,-0.2965953052043915,0.8322741389274597,0.04483002796769142,-0.2714185118675232,0.15817877650260925,0.7202900052070618,-0.20512059330940247,-0.30004891753196716,-0.31461676955223083,0.8278170824050903,-0.04746021330356598,-0.1267906278371811,0.08582069724798203,0.717602014541626,-0.2433331161737442,-0.30381688475608826,-0.3407782018184662,0.825455904006958,-0.034168753772974014,-0.09939959645271301,0.058398954570293427,0.7141264081001282,-0.27234628796577454,-0.3245249092578888,-0.319789856672287,0.8285713791847229,-0.040788568556308746,-0.13085217773914337,0.024507077410817146,0.7153622508049011,-0.21812790632247925,-0.2916615605354309,-0.3002593517303467,0.8114659190177917,-0.05220038443803787,-0.13340380787849426,0.06356443464756012,0.7060126662254333,0.03582192212343216,-0.006970362272113562,-0.03910788893699646,0.9999555945396423,-0.03188123553991318,0.004724142141640186,0.04143891856074333,0.9999127388000488,-0.07956155389547348,0.22349339723587036,-0.03140683472156525,0.8352890014648438,-0.0015634201699867845,0.35935738682746887,0.027247067540884018,0.8546374440193176,0.007990504615008831,0.4176534414291382,0.2720310688018799,0.7607965469360352,-0.02975267544388771,0.7682541608810425,0.10317828506231308,0.7183740139007568,0.009470939636230469,0.4395175278186798,0.31234973669052124,0.7487990260124207,-0.031226467341184616,0.799728512763977,0.07216904312372208,0.6927350163459778,-0.013205724768340588,0.5041617155075073,0.36091917753219604,0.7696546316146851,-0.05689622834324837,0.8535460829734802,0.04289226606488228,0.7265728712081909
