frame,timestamp_sec,x_0,y_0,z_0,vis_0,x_1,y_1,z_1,vis_1,x_2,y_2,z_2,vis_2,x_3,y_3,z_3,vis_3,x_4,y_4,z_4,vis_4,x_5,y_5,z_5,vis_5,x_6,y_6,z_6,vis_6,x_7,y_7,z_7,vis_7,x_8,y_8,z_8,vis_8,x_9,y_9,z_9,vis_9,x_10,y_10,z_10,vis_10,x_11,y_11,z_11,vis_11,x_12,y_12,z_12,vis_12,x_13,y_13,z_13,vis_13,x_14,y_14,z_14,vis_14,x_15,y_15,z_15,vis_15,x_16,y_16,z_16,vis_16,x_17,y_17,z_17,vis_17,x_18,y_18,z_18,vis_18,x_19,y_19,z_19,vis_19,x_20,y_20,z_20,vis_20,x_21,y_21,z_21,vis_21,x_22,y_22,z_22,vis_22,x_23,y_23,z_23,vis_23,x_24,y_24,z_24,vis_24,x_25,y_25,z_25,vis_25,x_26,y_26,z_26,vis_26,x_27,y_27,z_27,vis_27,x_28,y_28,z_28,vis_28,x_29,y_29,z_29,vis_29,x_30,y_30,z_30,vis_30,x_31,y_31,z_31,vis_31,x_32,y_32,z_32,vis_32
0,0.0,0.4738030731678009,0.32531559467315674,-0.22667381167411804,0.9999951124191284,0.47567877173423767,0.3156328797340393,-0.20532366633415222,0.9999819993972778,0.4783973693847656,0.31588655710220337,-0.2055281400680542,0.9999755620956421,0.4816974103450775,0.316372275352478,-0.205435112118721,0.9999804496765137,0.4685612916946411,0.3154611885547638,-0.2104991376399994,0.9999905824661255,0.465326189994812,0.3157024681568146,-0.2108115553855896,0.9999912977218628,0.4620511829853058,0.3161064386367798,-0.21094654500484467,0.999991774559021,0.48694685101509094,0.3209788203239441,-0.09392273426055908,0.99997878074646,0.45911306142807007,0.32219675183296204,-0.11755048483610153,0.9999692440032959,0.47775381803512573,0.33623725175857544,-0.18375009298324585,0.9999619722366333,0.46930915117263794,0.33694228529930115,-0.1920253038406372,0.9999550580978394,0.509935736656189,0.3925282657146454,-0.015162116847932339,0.9999464750289917,0.43801429867744446,0.3904377818107605,-0.07580725848674774,0.9996612071990967,0.5763739347457886,0.4148174524307251,-0.01933114603161812,0.9361074566841125,0.3635232448577881,0.40016019344329834,-0.12586571276187897,0.9376197457313538,0.6223599314689636,0.4317103326320648,-0.14531783759593964,0.9552730321884155,0.30559778213500977,0.39318662881851196,-0.2603952884674072,0.9680492877960205,0.6386193037033081,0.43294182419776917,-0.16328147053718567,0.9379427433013916,0.28629815578460693,0.39444056153297424,-0.2924353778362274,0.9477546811103821,0.6423776745796204,0.42297783493995667,-0.20020288228988647,0.951968789100647,0.28155550360679626,0.3922116756439209,-0.31837448477745056,0.9562984704971313,0.6370731592178345,0.4209040403366089,-0.16436369717121124,0.949395477771759,0.28834080696105957,0.3908800780773163,-0.27649322152137756,0.9548811316490173,0.477784663438797,0.539469838142395,0.0189437847584486,0.9999704360961914,0.44273635745048523,0.522803544998169,-0.01924252137541771,0.9998964071273804,0.4799344837665558,0.6505802273750305,-0.014517677947878838,0.9947940707206726,0.40837448835372925,0.5000186562538147,-0.1501079648733139,0.8757829070091248,0.45378974080085754,0.7599481344223022,0.04287857189774513,0.9972956776618958,0.4255782961845398,0.5053781270980835,-0.008794437162578106,0.4952443838119507,0.44506555795669556,0.7764431834220886,0.0430142879486084,0.9918608069419861,0.42668813467025757,0.507696807384491,0.004104291554540396,0.5569545030593872,0.4583011269569397,0.7922112345695496,-0.07691297680139542,0.9961106181144714,0.4230089485645294,0.48889869451522827,-0.06229446083307266,0.7236812114715576
1,0.03333333333333333,0.4733191256149057,0.32179174810509525,-0.2395174270267443,0.9999876022338867,0.4754852189973715,0.3128930779377773,-0.2169425568324892,0.9999626874923706,0.4783268943810303,0.3131099504839543,-0.217157412404119,0.9999523162841797,0.4816655050836026,0.3135133467362868,-0.21705882101194046,0.9999595880508423,0.46848466644133036,0.31274969703870426,-0.2215837278512871,0.9999815225601196,0.465435105101492,0.31297734733207605,-0.22191671055747475,0.9999845027923584,0.4622178074043193,0.31333573984984064,-0.22206056013119635,0.9999850988388062,0.4868645405650323,0.3182838993027317,-0.099720770136737,0.9999567270278931,0.4587744628996838,0.31943589282935514,-0.12142794034096091,0.9999505281448364,0.47735427712111694,0.3325146638162573,-0.19454915148972418,0.9999240636825562,0.4691123712001494,0.3330112598697227,-0.2023507686801188,0.9999263286590576,0.5108056200512897,0.389363895002681,-0.01933669037007943,0.9999043941497803,0.43729547060305746,0.3872644717982251,-0.07405630427123275,0.9997503161430359,0.5771967425761426,0.41062753366232263,-0.022671367720612432,0.963678240776062,0.36267038996314666,0.3969663487449295,-0.12356983801870222,0.9498490691184998,0.6239585118529951,0.42564622086975323,-0.14785508670657807,0.9646058678627014,0.3034973895677318,0.39313915742732514,-0.26449286571296127,0.9764427542686462,0.6392204746043928,0.42723535469872914,-0.1653121572457662,0.9376475811004639,0.2840718936829987,0.3942693009642005,-0.2971248060722862,0.9548747539520264,0.6431197195059737,0.4184712178297364,-0.2037637346838501,0.9515474438667297,0.2797313575030656,0.3921535719634436,-0.3250658398438282,0.9632511138916016,0.637771035815043,0.41698480413802375,-0.1674590105394755,0.9497929215431213,0.2863061465098132,0.39104587055067697,-0.28170336999157075,0.9634139537811279,0.479197282042505,0.5361797516069938,0.01852732972999429,0.9999699592590332,0.44278274066030654,0.5198835249791967,-0.018838454254538825,0.9999377727508545,0.4786844368671289,0.648740166257441,-0.018246820227893906,0.9819923639297485,0.4101339485999742,0.5021829949077736,-0.1847984672543742,0.9630380868911743,0.45281141374183365,0.7596612398786713,0.04428894289601697,0.9910248517990112,0.42839204533341324,0.5132578982104146,-0.0591089923998517,0.8149176239967346,0.4444408713340633,0.7762331287528385,0.04454754441730426,0.9708093404769897,0.4305974066241667,0.5167037025372554,-0.04806704726772407,0.7603353261947632,0.45727504011090225,0.7911320778923063,-0.08250158241531068,0.9896630644798279,0.4270555294373642,0.5012222907231162,-0.12692031099504342,0.9114330410957336
2,0.06666666666666667,0.47186793439567914,0.3155677404745516,-0.27540631334793714,0.9999883770942688,0.47425737982450356,0.3070792945561945,-0.2528587060296047,0.9999646544456482,0.47711167299613305,0.3072718621232306,-0.25309502000264966,0.9999549388885498,0.48044973429033855,0.3076129767859682,-0.2529883044705894,0.9999617338180542,0.46741420980822296,0.3069520144107983,-0.25586885620719924,0.9999824166297913,0.4644672588636834,0.30716554607793906,-0.2562174523179625,0.9999852180480957,0.4612606116132017,0.3074853641572914,-0.2563709810912872,0.9999857544898987,0.4857408958240489,0.3125231211654008,-0.13177099727870484,0.999958872795105,0.4576407951109598,0.31358901290643615,-0.14562942218961994,0.9999525547027588,0.4758200429593596,0.3263761646218697,-0.2288119113000887,0.9999290108680725,0.4677623684147162,0.32672521822227646,-0.2344115061050823,0.9999303221702576,0.5116871225907883,0.3829662931522862,-0.04639302922585153,0.9999086856842041,0.4357097014491267,0.38145900148700856,-0.08862109823825551,0.9997594356536865,0.5786018490218329,0.40325076990476527,-0.052452735311181886,0.9642082452774048,0.3607534105873402,0.39248888568511303,-0.13196578793934405,0.952802836894989,0.6259416327904992,0.41705069300133407,-0.18453752025806922,0.9624693393707275,0.29997995827780183,0.39287148590555565,-0.2756065769503519,0.9761546850204468,0.6406259824287589,0.4205180996048469,-0.20499411140789936,0.933392345905304,0.2807761146606906,0.3940734939492878,-0.30912344341984493,0.9523667097091675,0.6447590120083657,0.4115615921320141,-0.2442844727656206,0.9478107690811157,0.276801780487203,0.3922402393205247,-0.34051847518665646,0.9610509872436523,0.639090038907136,0.41031886908240445,-0.20464410021937718,0.9457016587257385,0.28353119988992753,0.39153328295585094,-0.2943996629908687,0.9613025188446045,0.47998017286379097,0.5304790809161861,0.015155967983666538,0.9999621510505676,0.44231451944491673,0.514508244524774,-0.015501665712803245,0.9999207854270935,0.47586581792998195,0.6454731586064337,-0.028398887374463035,0.9787667989730835,0.4114283952951938,0.5026075832109017,-0.16148414289694132,0.9118679165840149,0.45049299636030266,0.7582817612323436,0.03225492716585885,0.9896427989006042,0.4256750651272698,0.5231822577326524,0.0010627965567967593,0.7495993971824646,0.4425282132148269,0.7748713227054083,0.03159984423924187,0.9649069905281067,0.42781699636748693,0.5274914423096854,0.015367868283282404,0.7030370235443115,0.4558999990860906,0.7895243539093955,-0.10743926172612808,0.9880469441413879,0.42377972537593234,0.5185391602286981,-0.06628901423171932,0.8475041389465332
3,0.1,0.47095433591374963,0.3067545640883508,-0.31502062701435907,0.9999893307685852,0.4736560416169608,0.2983209862776209,-0.2931160256537557,0.9999673962593079,0.47660319711240573,0.2985391117905333,-0.2933791748413458,0.9999584555625916,0.47996326887781465,0.2988849131042129,-0.2932730187336602,0.999964714050293,0.4667453000416004,0.2981820018437795,-0.29430568276472646,0.9999837875366211,0.46390462936267246,0.2984336657001639,-0.29466243602143505,0.9999863505363464,0.46079742511805166,0.29878241203882716,-0.2948197686588976,0.9999868273735046,0.4850778753821207,0.30384681147551135,-0.17074096800898275,0.9999620318412781,0.45696013390336515,0.3049727504369902,-0.17556908744441033,0.999955952167511,0.4750203879840397,0.31768779506857314,-0.26776357386210814,0.9999353289604187,0.46694698352692954,0.318028319503515,-0.2707884237059876,0.9999363422393799,0.5121073162956606,0.373502198507209,-0.08350958770761452,0.9999164938926697,0.4339086555651419,0.37369757452222246,-0.10607504366413173,0.9997792840003967,0.5788591143078162,0.39241560128276487,-0.09123512713284135,0.9667343497276306,0.35997789295390203,0.38833197718211315,-0.1379030892569118,0.9567965269088745,0.6266791701104641,0.40527520525108146,-0.2278238447737212,0.9649437665939331,0.29890977128517837,0.3939868650472331,-0.2847510008135742,0.9781160950660706,0.641003886118505,0.4102165051901484,-0.25235021794592305,0.9370932579040527,0.2802506032298289,0.3960382875784517,-0.3189683268375355,0.9558598399162292,0.644574920790027,0.4013334314120672,-0.291959276170593,0.9506420493125916,0.2766928245401584,0.39430346579520476,-0.3541687638400396,0.9639080166816711,0.638841360870251,0.4001920307198451,-0.24816585071481112,0.9485507011413574,0.2834780825961584,0.39364187138762363,-0.30511249634731885,0.9640206098556519,0.47998057870497407,0.5219223433154665,0.007772590910041469,0.9999568462371826,0.44135903327798093,0.5064232031996116,-0.00815981939622756,0.9999093413352966,0.47292383389778103,0.6402256896600251,-0.03967309632377778,0.9764161109924316,0.40693810075046766,0.4978858075806931,-0.10910583924586259,0.8522657752037048,0.4485832424080823,0.7545466738916256,0.024467687029770653,0.9863415360450745,0.4087783506027902,0.5253267273707177,0.08972135595439258,0.692005455493927,0.44089140085722545,0.7708424458954699,0.023759347199447854,0.9529081583023071,0.4097001552386059,0.5300068655184539,0.10719826409852169,0.6510313749313354,0.45470916083097435,0.7874654894253825,-0.12301080154954469,0.9846093654632568,0.4043946952274678,0.5267171723560015,0.025733862237290413,0.7896241545677185
4,0.13333333333333333,0.47025552992774017,0.29946888207852856,-0.34151924019978963,0.9999903440475464,0.473299417949039,0.2912033280665127,-0.32040306666115514,0.999970555305481,0.47633586872935224,0.2914388651743583,-0.320688101968533,0.9999624490737915,0.47970124380020235,0.2917839154652319,-0.3205850300863176,0.9999681115150452,0.46623964313686633,0.29105373252716255,-0.320503496957216,0.9999853372573853,0.46349830829191796,0.2912936027592859,-0.3208621639405421,0.9999876618385315,0.4605384611204123,0.2915796603777647,-0.3210181243866248,0.9999880790710449,0.48462019393960876,0.29705075551027466,-0.19843901248839232,0.9999656677246094,0.456743521165349,0.29784990272927786,-0.19732316017798537,0.9999598860740662,0.4744694135968887,0.3106013955227301,-0.29412229531295225,0.9999415874481201,0.46638397812202165,0.310874074115479,-0.29548542407032974,0.999942421913147,0.5123786701178086,0.3654056824931071,-0.10997320177799623,0.9999242424964905,0.432788399230258,0.36743808695970515,-0.11937632165542456,0.9997968077659607,0.5795744096762523,0.38233528143103884,-0.11421732249304128,0.9694869518280029,0.3603676948711663,0.38505028307879907,-0.14010762914782376,0.9596400856971741,0.6283126026228825,0.3944319234050405,-0.2494567245033697,0.9671723246574402,0.29877175685205737,0.3947045971174473,-0.2831468707741104,0.9784666299819946,0.6428341361068015,0.39972803259569256,-0.27618671230721975,0.9400888681411743,0.2802998507247088,0.39718073684224997,-0.31632560891101763,0.9544522166252136,0.6446484484971966,0.3939575814756386,-0.3154999417892178,0.9528750777244568,0.27701470640119025,0.3956623921833191,-0.3563160233981847,0.9626233577728271,0.6397312173543963,0.39129121108640763,-0.2696462781850699,0.9505670666694641,0.28390800562864105,0.3951583168242489,-0.3049624631590451,0.9626029133796692,0.47986563286909395,0.5142155302614414,0.0014712281794809776,0.9999567270278931,0.4411650687166785,0.49928994295524537,-0.0018895836487503592,0.9999024271965027,0.4709485993923367,0.6354419146609765,-0.05293394336978128,0.9748730063438416,0.40649093370834494,0.4960972283752299,-0.03475917634589654,0.7863814234733582,0.4474943066064008,0.7512411001493302,0.00738198780794647,0.9847443103790283,0.4094984837883645,0.5202871152769193,0.21561578301329298,0.6268415451049805,0.4397968016967456,0.7666610076076212,0.006110424910514474,0.9442858099937439,0.40526564590427544,0.5260126763332826,0.2383653003688963,0.5939708948135376,0.45411852807625336,0.7852890691948038,-0.14497761106671642,0.9833847284317017,0.4035286436698986,0.5250964274786507,0.1661346769380448,0.7198501825332642
5,0.16666666666666666,0.47042849225489236,0.292357236799965,-0.34951827534171104,0.9999885559082031,0.4738102390143602,0.2843117815795241,-0.3285952044803514,0.9999593496322632,0.4769153910945065,0.28458696793469324,-0.3288870653707674,0.9999480843544006,0.4802730615578045,0.28498141326178184,-0.32878666577375765,0.9999563097953796,0.4666271626399592,0.28414127619660723,-0.3280826017500118,0.9999790787696838,0.4639215691296965,0.2844159017495562,-0.32844519290035196,0.9999825954437256,0.461002622080494,0.28472334483267714,-0.328602439721484,0.9999833703041077,0.48496224157782525,0.29035164158451066,-0.2082811003301109,0.9999565482139587,0.45699672472319436,0.29102403424331036,-0.20742899950018118,0.9999437928199768,0.47476270401687964,0.30378490851498513,-0.30229774862875924,0.9999358654022217,0.46656215455385264,0.30402346437472605,-0.30294162558762705,0.9999339580535889,0.5128949055104848,0.35798922667285243,-0.12581215281686536,0.9999289512634277,0.4323825907028409,0.3613593916873646,-0.1137688556492776,0.999803364276886,0.5800605312516484,0.373826475972015,-0.13913323840656555,0.9716187119483948,0.3623505648161166,0.38365979424013824,-0.12716967880163418,0.9581604599952698,0.6295067850613627,0.3848814261473614,-0.2778393567564813,0.9682947993278503,0.3015630601257783,0.39772688803932765,-0.27589297003302804,0.9754842519760132,0.6441575954401725,0.3902196048138409,-0.30805793877771154,0.9408704042434692,0.28364594116950403,0.4012024582434016,-0.30884396087231547,0.9490197896957397,0.6455715460366619,0.3859505250309458,-0.3457434761790995,0.9532411694526672,0.2804328954317612,0.3998617600021483,-0.3508408537639531,0.9579645395278931,0.6406037755518383,0.3829523133980848,-0.29755655551669496,0.950975775718689,0.28733026884610297,0.39923918826554783,-0.29860310305666427,0.9576610922813416,0.4802321735303494,0.5080800690420088,-0.006705272099252526,0.9999563694000244,0.4407232335721962,0.4932571250456499,0.006271741800307738,0.9999018907546997,0.469350607631359,0.630743322450274,-0.05885870106773798,0.9742838144302368,0.3938487101794951,0.49214941475583057,-0.0038056655279798644,0.7667932510375977,0.4469952376948495,0.7468616193786475,0.01632677767046338,0.9799690842628479,0.3734566806229992,0.515338295046199,0.23496376987971349,0.63211989402771,0.43971231766118046,0.7615395460032588,0.01665558114283442,0.9242638349533081,0.36678365653473743,0.5217333608223231,0.25577948306793474,0.5865024924278259,0.4528034714926308,0.7825997683003675,-0.1366184841682743,0.9770963788032532,0.36349879820036285,0.5186081620865383,0.17660238174954773,0.7192608118057251
6,0.2,0.4697827316397689,0.2847694278483536,-0.34751110228482995,0.9999829530715942,0.47320694895846416,0.2770561821923283,-0.3281049835941795,0.9999414086341858,0.47628540499516203,0.2774008381361216,-0.3284141608331468,0.9999289512634277,0.4796107798261266,0.2778461702887169,-0.32832177532846973,0.9999374747276306,0.4661786018896804,0.27679942211549863,-0.32518809845392194,0.9999692440032959,0.4635541369083816,0.27706915035825774,-0.32554011091822005,0.9999749660491943,0.4607234256338804,0.2773531960143114,-0.3257010843521624,0.9999754428863525,0.4841832974709931,0.2832706463700309,-0.21105152049342657,0.999941349029541,0.45683702616432253,0.2836841827459956,-0.2015626599434453,0.9999253153800964,0.47399636953441443,0.29622180980735285,-0.3026847007263343,0.9999257326126099,0.4660181223182642,0.29635511699803047,-0.29990801391195865,0.9999220967292786,0.5107148242240321,0.3505778248211553,-0.13557471906581273,0.9999308586120605,0.43149348547060645,0.3548727128565436,-0.10034981102833487,0.9997938275337219,0.5763060653258538,0.36527110864796297,-0.1611518836364081,0.972818911075592,0.36583242280280126,0.3832700792806709,-0.10602598647772643,0.9542390704154968,0.6254067773351307,0.37556631370740867,-0.30970443306414674,0.9695161581039429,0.3079927875134383,0.4019918613991399,-0.25651268362412954,0.9738259315490723,0.6396562765495507,0.3812373249788887,-0.34413428735083607,0.9431892037391663,0.2906373680897168,0.4073227058087031,-0.28901230922679744,0.9469420909881592,0.6409393526798128,0.37770914215912166,-0.37977950751852385,0.9548906087875366,0.2873140984734595,0.40606698954727755,-0.33198334527321055,0.9561023712158203,0.6359135919121226,0.37452993936277934,-0.32885855759983235,0.9524681568145752,0.2943019669135205,0.4049221456534077,-0.27963703059060663,0.955600380897522,0.4786058407960518,0.501112923675056,-0.016136280359505515,0.9999518394470215,0.4392629999301229,0.4866974796265036,0.015701692384861562,0.9998920559883118,0.4658447564186293,0.6244362992246372,-0.07042598714620647,0.9752649664878845,0.3828595974993816,0.48797620445406387,0.024797490311258927,0.7583093047142029,0.445659583284282,0.7416911655515755,0.019057756892186473,0.978683590888977,0.3571044512391988,0.5106481539297409,0.2682184029409344,0.6322682499885559,0.43997001651735895,0.755320574642964,0.022531761845672925,0.907372236251831,0.35106432873645044,0.5176959134908921,0.28940319012411586,0.5786029696464539,0.44798778935023975,0.7799467684082007,-0.13061454989575783,0.9737225770950317,0.34506244342899206,0.5132821301312153,0.21159003734032583,0.7110670804977417
7,0.23333333333333334,0.4698994065879685,0.2779972971394086,-0.3416074986026388,0.999975860118866,0.473338463963382,0.27043855553204765,-0.32245241542904063,0.9999231100082397,0.47636195740759313,0.2707875525433329,-0.32277561505275676,0.999904453754425,0.47958104159393566,0.27121760707314874,-0.32268839279533457,0.9999182820320129,0.46637872743852893,0.2701521047389191,-0.31877848683357674,0.9999585747718811,0.46378832952114885,0.2704048768054434,-0.3191209718454523,0.9999648928642273,0.46100168145901016,0.27064994840910045,-0.31928314085435205,0.9999671578407288,0.48370204087235436,0.27661176175272134,-0.20555640808337794,0.9999186396598816,0.4567328165736171,0.27689634640740285,-0.19179465780941943,0.9998903274536133,0.47385279977942957,0.28953429639313405,-0.2968665043004821,0.999908447265625,0.4661129825847607,0.2897078321946422,-0.293007604972932,0.9999015927314758,0.5090439558920823,0.34406208488786133,-0.13937186295557868,0.9999328851699829,0.4312681211555365,0.3497160824715355,-0.08708490936969022,0.9997819662094116,0.5709855700188644,0.35861354511115434,-0.1739029888178676,0.952564001083374,0.37041163122294285,0.38583481709620054,-0.08785816266563175,0.9115994572639465,0.6131473834278329,0.3690104783394809,-0.3393693623618056,0.9437392354011536,0.3155502575120412,0.40906750617049964,-0.23865491162449895,0.9414380788803101,0.6256202005462507,0.3747179097231576,-0.3794129166945701,0.9160571694374084,0.2993792574544401,0.4161478157439088,-0.2715845971194102,0.9107808470726013,0.6260419458035764,0.37118380969669185,-0.41218472456165856,0.9296420216560364,0.2958470386259464,0.41483916938426924,-0.3144287272273659,0.9229167699813843,0.6213781072627296,0.3683471325543165,-0.3577804149788873,0.9228247404098511,0.30274342694482637,0.41300208004325584,-0.26161856136059675,0.9180247187614441,0.47757012376166214,0.494671981211808,-0.022640915768408938,0.9999507665634155,0.4384845737404893,0.4810636370776754,0.022198717120647193,0.9998885989189148,0.4632184735651014,0.6173711889353608,-0.07727513917642236,0.9732346534729004,0.37502879328327654,0.4844702060379402,0.06617160503590437,0.7050557732582092,0.4448164570029014,0.7362647363073642,0.021514089077153825,0.9717482924461365,0.3426342840907738,0.5047913505860651,0.316393544193067,0.6030827164649963,0.4405335702884512,0.749112129050266,0.026281223601406303,0.8704689145088196,0.33639902815897565,0.5127087788932769,0.3379682813875503,0.5431787371635437,0.444263623467182,0.7771604126637092,-0.12698073893218967,0.9627837538719177,0.3196362217914683,0.5063319440791981,0.2604744260429379,0.6752728223800659
8,0.26666666666666666,0.4697023339374049,0.2735606503491758,-0.3191196247734845,0.9999642372131348,0.4730444305444325,0.26616021317548044,-0.299374571477587,0.9999075531959534,0.4759176567125367,0.26644418066647824,-0.2996864121054613,0.9998863339424133,0.47898123439131735,0.26680196630189995,-0.2996069680477492,0.9999060034751892,0.46636743659789914,0.2659647182816366,-0.29611518578707025,0.9999435544013977,0.46386419003976276,0.26622105267600593,-0.2964496169234051,0.9999486804008484,0.4611620844610075,0.2664509283464725,-0.2966122450358696,0.999954879283905,0.48268769442123327,0.2720841702084819,-0.18150700905250658,0.99989914894104,0.4570448706777285,0.27253775384967116,-0.16885989528681963,0.9998332262039185,0.4732927790698929,0.2848034320035598,-0.27369994321632124,0.9998722076416016,0.4661579130004553,0.2849653026432867,-0.27055737944062935,0.9998501539230347,0.5065456930940618,0.33907042582994495,-0.118838037781479,0.9999328255653381,0.4343335528410732,0.3449159811524665,-0.06462202799128589,0.999769389629364,0.5528089033612752,0.3669038115947856,-0.14683176127324263,0.9416812658309937,0.37932046387536844,0.387290322880566,-0.05975410455180064,0.8729615807533264,0.585537160894401,0.38934368699727134,-0.30335630591418156,0.9373810291290283,0.326202706743084,0.4163217365532164,-0.20468103943801563,0.9260876178741455,0.5961178501288473,0.3977586193599488,-0.3421216833768899,0.9083612561225891,0.31089254986626985,0.42551368552562563,-0.23720232482461587,0.8937690854072571,0.5956671936026542,0.3926413450231538,-0.37390137479728397,0.922709047794342,0.3071605220794362,0.4246756841360567,-0.2794156963567684,0.9076762795448303,0.5920580412005525,0.39104200803595685,-0.32070844573991564,0.9122617840766907,0.31392170704304545,0.42211059169475806,-0.22718948406094963,0.8998264074325562,0.4756039845596067,0.4895280216609385,-0.024602281444849612,0.9999387264251709,0.43873566034510175,0.47796601422712015,0.024240457631099523,0.9998788237571716,0.46097389209606643,0.6110770537610233,-0.06731175402075926,0.9628561735153198,0.3878794596868895,0.5030995045424057,0.05342233005357644,0.7098449468612671,0.444258454860886,0.7309267264339075,0.03819407197200462,0.9652906060218811,0.35619160559733065,0.5372738835353572,0.2846372621283336,0.6136565208435059,0.4408600681937396,0.7434053396179299,0.04337550695235502,0.845685601234436,0.3543574133904615,0.5468148616288931,0.3042790072627497,0.5238569974899292,0.4408719485449477,0.7731949311161991,-0.10564209422376332,0.9553686380386353,0.3371901887989442,0.5471173421556188,0.21768564736276896,0.6770310997962952
9,0.3,0.46896692127744444,0.2712138580746571,-0.2962607427272834,0.9999528527259827,0.4723140862562223,0.2639608497670568,-0.2783740462588308,0.9998939633369446,0.47507482125929695,0.2641967868895748,-0.2786711473500584,0.9998657703399658,0.4780412253815373,0.26452417747144585,-0.27860046432669616,0.9998900890350342,0.46587319569264285,0.26386586787090766,-0.27207268096570153,0.999937117099762,0.4634886118018209,0.26412993753697644,-0.2723962654291614,0.9999407529830933,0.46091014302956756,0.26436196957741565,-0.27254575021788713,0.9999507069587708,0.48176850134873117,0.26967111206518785,-0.16814633800641435,0.9998675584793091,0.4573741858190891,0.2701156996620174,-0.14138276369414043,0.9998089671134949,0.472306065283672,0.28220459412905163,-0.25353959153531824,0.9998329281806946,0.46565533822564287,0.2823829622597017,-0.24655445019695515,0.9998238682746887,0.502433581433347,0.33597286722511055,-0.11937834218827387,0.9999256730079651,0.4377860975270189,0.34195979644663194,-0.02991507481614164,0.9997820258140564,0.536842397218866,0.3678914461982979,-0.17088569116462174,0.9146069288253784,0.3881297105403268,0.38852969061345455,-0.01459552429869649,0.8136225938796997,0.5616397683999317,0.39303397859566813,-0.3320102358278632,0.9076956510543823,0.3363206595322277,0.42143990828224237,-0.1598553243141767,0.9221900701522827,0.5704416548117288,0.40354570925705335,-0.37523886062558887,0.882140576839447,0.3216421549876012,0.4322957485547159,-0.19133459598753114,0.8935628533363342,0.57009273894967,0.3994793017855906,-0.40148302165297756,0.8980074524879456,0.31770824621198296,0.43171438343614793,-0.23478068637600424,0.9079058766365051,0.5670460609362092,0.39866271813750276,-0.34704859573125324,0.8782995939254761,0.3244811267992118,0.42855327325002585,-0.18299097429451794,0.8976206183433533,0.47370631648978506,0.4863558621617444,-0.03526506552535094,0.9999156594276428,0.43925779205579646,0.4763949375524363,0.03493432407392742,0.9998728036880493,0.45865031783728977,0.6073853189072576,-0.06741793919842787,0.8926043510437012,0.3982729741234697,0.5191619979016872,0.05935171676253673,0.648328959941864,0.4441742820671799,0.727782991958271,0.045799853504867136,0.9067152738571167,0.37185924602001996,0.5677200885841183,0.2621899884675727,0.5708344578742981,0.441998452246504,0.7402041229624786,0.05267404637898482,0.7846779227256775,0.3729397380042657,0.580170750601003,0.2820348652863952,0.48657339811325073,0.4380185984389584,0.7704991289169703,-0.09835185933003673,0.9043470621109009,0.3546163462834996,0.5833840797716718,0.19074738470775215,0.6340461373329163
10,0.3333333333333333,0.46819994389063874,0.27021831192454737,-0.28144319728948164,0.9999477863311768,0.47166790247284873,0.263054557393646,-0.26472644666364054,0.9998911619186401,0.47439495202174264,0.2632795236097615,-0.2650288638558569,0.9998646974563599,0.4773074903779869,0.263603765668482,-0.26497135716056947,0.9998914003372192,0.46525029287672337,0.2629757262164718,-0.25646981030335403,0.9999324083328247,0.46290266775105104,0.26323246614896073,-0.25678119418689177,0.9999351501464844,0.46034557732580134,0.2634575387863366,-0.25692361437088757,0.9999467730522156,0.48097732383837377,0.2686898959646679,-0.15914885082483593,0.9998714327812195,0.45675940698690287,0.26906930993064093,-0.12291703485978733,0.9997791647911072,0.47133915972708773,0.2810619513204692,-0.24008729546843227,0.9998278617858887,0.46481229169099414,0.28118231955438855,-0.23067736542337203,0.9998109936714172,0.4985338200598676,0.3345882682501017,-0.12537922325923467,0.9999285340309143,0.43786076713856764,0.3405244565727481,-0.004022554107677864,0.999767541885376,0.5161291462310562,0.36888935858219707,-0.18059454392777918,0.9207319021224976,0.3915018016575086,0.3902407217651839,0.007854603208462334,0.7662708163261414,0.5208139044546082,0.3938204519459237,-0.3280151271958815,0.9123912453651428,0.3410119004147444,0.41788777070950894,-0.14678721747053985,0.8871967792510986,0.5238820556304302,0.4070286871823899,-0.37557251348702436,0.886414110660553,0.3266965871005086,0.4273944720363597,-0.17897878531280642,0.8666139245033264,0.5233737526603968,0.4013860268359667,-0.3921180672006854,0.9010723233222961,0.3228708788820477,0.42693027594518185,-0.22193472227660554,0.883233904838562,0.5223396751585198,0.39906718071182257,-0.3385717723568303,0.8778355121612549,0.32977589576465516,0.4239870094063841,-0.17009638625540793,0.8701193928718567,0.47223820367407976,0.48498518483272307,-0.04152794738695294,0.9999210834503174,0.43951431068925584,0.47578870207208107,0.04122282643974505,0.9998816251754761,0.4576517338150559,0.6058630877771148,-0.07074956746947625,0.8934353590011597,0.40750530963844833,0.5329901289653635,0.05649551319446174,0.6602637767791748,0.44400794010046407,0.7262763880629359,0.05507290146841027,0.9030331969261169,0.3860642595331872,0.5944941012857798,0.2471684821447167,0.5952996015548706,0.4426511565261332,0.7383553939609788,0.06287655959448465,0.7598950862884521,0.3878787752964785,0.6065525832835696,0.2654827967177698,0.4903933107852936,0.43715321102808524,0.7694969721869098,-0.08716546847761722,0.900831401348114,0.368640818122359,0.6142094796958892,0.1688238261155411,0.6513224840164185
11,0.36666666666666664,0.4649567978480599,0.2705386248280718,-0.2658065226683832,0.9999520182609558,0.4694971359693183,0.26335166346916733,-0.2526746959686705,0.9999012351036072,0.47200495924962044,0.26344442906837134,-0.252982507421335,0.9998773336410522,0.47466854572561934,0.2637220307045556,-0.2529242672622314,0.999901533126831,0.46395018761670453,0.2631492569465096,-0.24048611847503018,0.9999383091926575,0.4621674887339314,0.26326491597101487,-0.24079340970055552,0.9999406933784485,0.45955603425274494,0.26333322000268794,-0.2409233448689596,0.9999511241912842,0.47935333569334576,0.2689089779010058,-0.15811369384184937,0.9998837113380432,0.45594598663569386,0.26930348546027144,-0.10696101217664158,0.9997972249984741,0.46766248370681796,0.28113557202873457,-0.22934259908411259,0.9998418688774109,0.46184550949963327,0.2812163294315342,-0.21491536171594838,0.9998250007629395,0.49089556945169704,0.3344716181933391,-0.1431734798762162,0.999933660030365,0.4382867218805536,0.3394622694542139,0.02065589058606051,0.9997668266296387,0.5058366167066272,0.37430236975154707,-0.20327796392168476,0.9180120825767517,0.3914911498779422,0.38710230446856586,0.03243732776585516,0.7080784440040588,0.5074359348697736,0.4041037555302642,-0.33721846914647174,0.9008499383926392,0.34214351022217215,0.4139754235233052,-0.12732746608182677,0.8598310947418213,0.510105206109247,0.41796024157493983,-0.38442994581296386,0.875067949295044,0.32781855656277703,0.4221593692259668,-0.15729226860790727,0.8475833535194397,0.5096782248180427,0.41279832163359437,-0.39831728845333325,0.8886072039604187,0.32417979419626786,0.4217349423610913,-0.19970972393847772,0.8650506734848022,0.5087822244121616,0.40994792582926354,-0.3460607380399838,0.8599441647529602,0.33195031478179915,0.41723521646196604,-0.1508041390562498,0.8529356122016907,0.47005567379519314,0.4843414515897426,-0.05560469458437625,0.9999255537986755,0.44014406742640466,0.47615866143933494,0.055291832640867886,0.9998853802680969,0.45601387898178375,0.6058931400449179,-0.09348592028834019,0.9036522507667542,0.4169869423875775,0.5413478268945138,0.08830322614965493,0.6375436782836914,0.4436709279815305,0.726290840787147,0.00967047667316355,0.9125195741653442,0.4082035035253127,0.5995228007311333,0.29643033564580545,0.5892254710197449,0.44338552724975705,0.7383147073484145,0.015088865451774729,0.7822026014328003,0.41019716736988115,0.6057293408639302,0.31645797376374063,0.5036191344261169,0.43613196361817846,0.7703298462142484,-0.1324151877466193,0.9104142189025879,0.39402091816865265,0.6284769484420406,0.2348920125546835,0.6536815166473389
12,0.4,0.4602462006683468,0.2705480763212706,-0.1745503589646179,0.9998998045921326,0.4649462860228921,0.2631512686828026,-0.17228138546200794,0.9998570084571838,0.4668273176973473,0.263165948098096,-0.1725871233806767,0.9998316168785095,0.4688159789001936,0.2633858481968351,-0.17255262792993536,0.9998756647109985,0.46158114865190814,0.26294322294183925,-0.15794165345113545,0.9998853206634521,0.46107046707508637,0.26299832337996043,-0.1582344456220862,0.99988853931427,0.45849605719555764,0.2629929191725726,-0.1583434946220854,0.9999061822891235,0.47380795112306295,0.2685846131791936,-0.1263562577658346,0.9998782277107239,0.4560650855508529,0.26897762395462943,-0.06545981283980831,0.9996775984764099,0.4622408451533683,0.2809624170098748,-0.1549117228544947,0.9997296333312988,0.4581822322788578,0.2809915315119551,-0.1377241170485176,0.9996477365493774,0.47790073611198847,0.33385001215553617,-0.13777312484592252,0.9999383687973022,0.4462842848980897,0.3383099931264453,0.03935818621299146,0.9997387528419495,0.47885228916938605,0.373711468047239,-0.18370077652409544,0.9250280261039734,0.40858263001386846,0.39093127878970463,0.047023979746184566,0.6482290625572205,0.4709425989384907,0.41143277763526287,-0.268123750214255,0.9043295383453369,0.3715751055771608,0.4231213332574729,-0.08678954789847565,0.7822010517120361,0.4704886950409072,0.4213345512953526,-0.3071566780283899,0.8765338063240051,0.36225512184402864,0.43360016104786997,-0.11093581058773383,0.772812008857727,0.46981617633194817,0.4159579368781431,-0.3149857847543283,0.8875714540481567,0.3588457300836103,0.4329384943877087,-0.14675946445834548,0.7880009412765503,0.47060851007771354,0.41481328057309064,-0.2727005611504388,0.8523769378662109,0.36487058900428615,0.42836981531190227,-0.10677545073040431,0.7764794230461121,0.4632676584623168,0.4845658716662019,-0.06081143248672648,0.9999309778213501,0.4464512063905544,0.4767063499898062,0.06048835538691128,0.9998895525932312,0.45418525707700136,0.6066743637713764,-0.0821424707204898,0.9123120903968811,0.43903849144090545,0.5366530463478583,0.11015623587044203,0.6223188638687134,0.44304142374838884,0.7265499402927995,-0.0048190185280774,0.9202358722686768,0.42767010811344064,0.5989906946829656,0.3079735696669059,0.5910384058952332,0.4435079379470218,0.7389973999588673,-0.001215478348712426,0.8010461926460266,0.42745458571657935,0.6029392290139177,0.3272769007726646,0.5284940600395203,0.43499278147457676,0.770276587112128,-0.13996515214454522,0.913732647895813,0.4142270861778147,0.6295372007490037,0.26426671318016576,0.6296336650848389
13,0.43333333333333335,0.4573116564710239,0.2705952235968654,-0.06723851845036954,0.9995350241661072,0.46153572317886726,0.26319884999022575,-0.07220362068835584,0.9992688298225403,0.4627155518519386,0.26322831990582934,-0.07249678916579022,0.9992336630821228,0.46383890348292733,0.26332495042781856,-0.07249107309392902,0.9995429515838623,0.46030065746409693,0.26293451539645524,-0.06144135215636396,0.9993613958358765,0.46065138184046067,0.26295242840113203,-0.0617211920239332,0.9993727803230286,0.4588814875149636,0.26289327601428875,-0.06181502876637496,0.9994800686836243,0.467391090552227,0.26832623943277284,-0.06525741494252082,0.9996809363365173,0.4578741765550945,0.26882446877001154,-0.0192551345213307,0.9982582926750183,0.4584724278371338,0.28093340126561117,-0.06124860310782358,0.9986978769302368,0.45677495401482116,0.2809017470669338,-0.048716280839453945,0.9982895851135254,0.46424964337768554,0.3322436846094809,-0.0915659052978572,0.9999414086341858,0.4546188143980519,0.3376352550483219,0.04808945039838938,0.999722421169281,0.45445172478598206,0.3732133491184514,-0.11666742795750076,0.9015965461730957,0.42377252700973106,0.3948516879260663,0.05406071742285731,0.5896704196929932,0.44619004589433775,0.4121962782192206,-0.15391018468112014,0.8336341977119446,0.39563441855053216,0.42894386838584964,-0.05348471385739181,0.7049465179443359,0.4464443674272082,0.4207070118952695,-0.18058845052119188,0.8041400909423828,0.3891641023108632,0.44016127591386944,-0.07156975988232733,0.6964782476425171,0.446967007322552,0.4155002195217441,-0.1862328643231777,0.8132528066635132,0.38500561797696414,0.43946529727402894,-0.09954335037386841,0.7100771069526672,0.44809473209991807,0.41468618744272884,-0.1561344319672398,0.7773372530937195,0.388848908655704,0.434732345378935,-0.06917571231109232,0.6996109485626221,0.4553658258074321,0.48490989512475646,-0.04687714146829012,0.9999351501464844,0.4516641380237567,0.4770778574421587,0.04654143272927672,0.9998928904533386,0.45101596908483166,0.6054989510797757,-0.061340945432962646,0.9020236134529114,0.4618614985828341,0.5308802187746533,0.09421416616011069,0.5869387984275818,0.44232044834033246,0.725611863446658,-0.025093573663656214,0.9136059284210205,0.4418941230924003,0.5980648357652139,0.25324820456137964,0.5559750199317932,0.4434285864823594,0.7384862209134528,-0.02557649245396754,0.8064945936203003,0.43933410701321085,0.6009752012374222,0.26925228428024506,0.508113443851471,0.43559984953188335,0.7665328861326246,-0.14535986202070508,0.8751827478408813,0.4268910654593421,0.6309358285376399,0.2219524848509977,0.5761364102363586
14,0.4666666666666667,0.45688637795674064,0.27046501666370737,-0.00012311965162815908,0.999238908290863,0.4595126479878757,0.2627236694546092,-0.010742843297238285,0.998815655708313,0.45971313072027065,0.2626584937903599,-0.011024860199123111,0.9986677765846252,0.45988712206786647,0.262596275809037,-0.011034420788790522,0.999220073223114,0.46047892063701445,0.26260409324030354,-0.0032680479207043145,0.9990898966789246,0.46144872818664706,0.2626221169714961,-0.0035438793622245904,0.9990967512130737,0.46066658744544065,0.26257362093381,-0.003633009870006379,0.9993091821670532,0.4618635658527687,0.2674837950148421,-0.032147688620515695,0.9994672536849976,0.4609579411500276,0.26875883648974913,0.00065630305774797,0.99782794713974,0.45668411409324167,0.28036718383926384,-0.0038483938556313213,0.9979503750801086,0.4572740621258987,0.2803189306969403,0.004413602678613113,0.9976597428321838,0.4522050417761904,0.33202141967040905,-0.06574418309836351,0.9999345541000366,0.4625813179833562,0.33608573398420294,0.042338929333030004,0.9996877908706665,0.4382102235609479,0.3755239315610271,-0.07066417288799202,0.8234291076660156,0.4389430188572586,0.3981357410271132,0.03804126697991653,0.5344943404197693,0.438209453048343,0.41305171875829483,-0.0682919716092465,0.7513545155525208,0.41459655604226164,0.4321491051730282,-0.0438312637868421,0.6359518766403198,0.4396338545383762,0.4206987879344485,-0.08483018910723755,0.7250164747238159,0.41032298414488644,0.44245046727796805,-0.05935918740387978,0.6285486817359924,0.44212469105510865,0.4157019279056393,-0.09219887009407178,0.7331587672233582,0.4053175858896073,0.441582516163447,-0.08242603161014979,0.6407154202461243,0.44322626838369683,0.4148985937840982,-0.07036517894672825,0.7007370591163635,0.40787325096462673,0.43764431960563044,-0.057141810635500626,0.6310601234436035,0.4489971188194836,0.48480272313960926,-0.03552167592804869,0.999936044216156,0.45982140599069643,0.47720921554200857,0.035188444921627024,0.99989253282547,0.4482475235048393,0.6047949004713226,-0.03588922396065729,0.9012269377708435,0.4759277993864946,0.5231615358532068,0.08406616626053219,0.5445066094398499,0.4435145219614638,0.7261721405973598,-0.019343344309805555,0.9147270321846008,0.45176118600955534,0.5945355360243241,0.23625581344369134,0.5157350897789001,0.4453142807960109,0.7397567324838706,-0.021792143558200833,0.8140360116958618,0.44801352397040245,0.5969265799803453,0.2516529474654301,0.4819115698337555,0.4378454298748928,0.7647164739574003,-0.12152437048285614,0.8496413826942444,0.4400163311313863,0.6245351906151236,0.219670184341333,0.5246661901473999
15,0.5,0.45545365547353855,0.2691910260914454,0.06580503254173471,0.9990397095680237,0.45675878138064685,0.2611949980024944,0.051256422875358136,0.9984548687934875,0.45617476983192773,0.26106470287883893,0.05098394091844233,0.9982181787490845,0.4556050973874197,0.2609032613212245,0.05096102672847453,0.9989489316940308,0.4593419577781819,0.26117945527727093,0.05545181421554085,0.9988943934440613,0.46071005599689846,0.261195815124965,0.05518635187124099,0.9989151358604431,0.4606778665518334,0.2611534268187114,0.05510456175985595,0.9991844296455383,0.45666506854824895,0.26576510395755987,0.006965822378282836,0.9992731213569641,0.4619730211749582,0.267497494138657,0.02588244430377723,0.9974363446235657,0.4541898944469958,0.2787785692609763,0.05422667801277934,0.9971950650215149,0.45643941371244096,0.27872667448580923,0.05819489728846422,0.9969752430915833,0.44197638690932806,0.3306498619981726,-0.035666049790412074,0.9999324679374695,0.46747877327678267,0.3335977716928238,0.03822181763035856,0.9996787905693054,0.4253765899025129,0.3773366371961761,-0.032267247848406476,0.7624071836471558,0.45139790970597965,0.3989401122391917,0.016652629263253844,0.49144503474235535,0.4310929922101003,0.4117935645441556,-0.008635018277971418,0.6782159805297852,0.4299629529538297,0.43191890665388455,-0.050083457460397475,0.5739759802818298,0.4330976637927746,0.4191832855622219,-0.01819466696564228,0.6546128392219543,0.4277009925427909,0.44090092955977667,-0.0641255705065274,0.5671550631523132,0.4373282899974137,0.4139754152043158,-0.026328755660803456,0.6618648171424866,0.421772591606622,0.43999249353904263,-0.07679805763310059,0.5780268311500549,0.4385519696205555,0.41359971402101575,-0.010669627309710987,0.6324005126953125,0.42356095264749105,0.43676079308559246,-0.05932726510021352,0.5690853595733643,0.44335620229107264,0.4835148930253976,-0.0244983030526712,0.9999373555183411,0.46362342832867487,0.4758237604938213,0.024171692794912467,0.9998937249183655,0.4452431024587538,0.6030532342149959,-0.00793864690108833,0.8712731599807739,0.4872326914095355,0.5159982079428649,0.07678978682657857,0.5006607174873352,0.44308549395832747,0.7257623003439744,-0.006609517303739983,0.8910221457481384,0.45812998237572333,0.5903758240602264,0.2094093758827525,0.4737277328968048,0.4458272288519003,0.7403845460370239,-0.010334193268746225,0.8100526928901672,0.4522631138530063,0.5927360902787548,0.22290618552078598,0.45689326524734497,0.4384711387654712,0.7622706210213509,-0.09513267299121711,0.7920517325401306,0.44807312187426007,0.6184722154720133,0.20296282311717403,0.4762084186077118
16,0.5333333333333333,0.4566020279434466,0.26823638037221614,0.06947380087516086,0.9990451335906982,0.455025080251426,0.2596442588723306,0.058558719184015506,0.9984589219093323,0.453362306077363,0.2593866418047281,0.05829083118153937,0.9982202649116516,0.45248106736775295,0.2591425258468834,0.05828471744224946,0.998921275138855,0.45847423846497404,0.25981936390499644,0.0605778456506216,0.9989211559295654,0.4602401468137473,0.2598006827483288,0.06031694612255656,0.998957633972168,0.4605158891072667,0.25974575325676313,0.060241756459204446,0.9992018938064575,0.454770782611648,0.26366123285779547,0.037464777755784356,0.9992688298225403,0.461005282869495,0.26560552810827565,0.02191890323495947,0.997581958770752,0.4536937664563235,0.27739432971776945,0.06299675952051174,0.9972572326660156,0.4560109284710816,0.2774874668932711,0.06558421890487916,0.9970867037773132,0.43830688243948535,0.3280567032031762,0.02476341145389623,0.9998998641967773,0.46581091762487525,0.329169484065678,0.0054145464415964704,0.9996899366378784,0.4293889772829633,0.37793797462930834,0.03562105968724338,0.698451578617096,0.4559201898241231,0.3901227174441594,-0.037800047436300305,0.5411818027496338,0.4394744748339906,0.4122386306578593,0.03256146891955534,0.6402828097343445,0.44438103277618973,0.42751976564200783,-0.09376149213914277,0.613902747631073,0.4430059493798858,0.4206862936489556,0.02511775485350909,0.6294155120849609,0.44404003922757435,0.4361024302378815,-0.11311556184662219,0.6063411831855774,0.446774432278353,0.41574587096083515,0.01176529395277989,0.6371940970420837,0.43939541010774796,0.435295922533236,-0.12001443334552758,0.6157025098800659,0.447570898763565,0.41472491521286714,0.02760617241457248,0.6084555983543396,0.4402387938117775,0.43249126231057256,-0.09995725159849374,0.6042197942733765,0.44027986908372957,0.48145106965563245,0.0018637191695680677,0.9999400973320007,0.4614742524957204,0.47360687800637813,-0.0021908064271652823,0.9998995661735535,0.44312705470746516,0.600938088819859,0.017656600665758426,0.8760191798210144,0.49472434223934963,0.5098950506377755,0.03752999872829242,0.5488771200180054,0.4426702824933402,0.7239889144014725,0.01736690952223822,0.9004887342453003,0.46300225230172065,0.5887071016653372,0.16331252799266258,0.5248580574989319,0.44531533921727756,0.7392936497196894,0.013127274202380362,0.8244902491569519,0.4544716170936751,0.5936186760162185,0.1762422390463703,0.5045297741889954,0.4394407817135737,0.759088225075077,-0.06636247319244254,0.8108890056610107,0.45531149819440714,0.6223244799244972,0.15867796486014185,0.5262633562088013
17,0.5666666666666667,0.4595057707154291,0.2684009069786691,0.046619334334896595,0.9990807771682739,0.45690579428534184,0.25936649965540204,0.04357767241335251,0.9985471367835999,0.45521071889679093,0.25904610309060155,0.043322131684533284,0.9983291029930115,0.4542993110820766,0.25878618238484963,0.04333675300050338,0.998975396156311,0.45977780752287845,0.2596050760852017,0.036063090420688323,0.9989813566207886,0.4610762889026081,0.25954746280429675,0.03579309413647608,0.9990235567092896,0.46112991293874095,0.2594737339808204,0.03570725778153035,0.9992473721504211,0.45548181039629826,0.26300594534942273,0.045645061215297586,0.9993027448654175,0.46028764263973304,0.2648567468357075,-0.0028350286581372633,0.9977465867996216,0.45622382987111626,0.2774550386373526,0.051939577770055576,0.9974151849746704,0.4580206173373237,0.2776102442414035,0.041319729917324056,0.9972748160362244,0.4408432500404048,0.3263063262980187,0.06064725518391671,0.9998955130577087,0.4632687187659419,0.32580697682653104,-0.033999687086676014,0.9997112154960632,0.4375121931653766,0.37878587264095437,0.07722759850008087,0.6486753225326538,0.46270935056903556,0.3850146812918387,-0.08997917365445607,0.5824002623558044,0.45056940033673476,0.411775594740769,0.04672353778130275,0.630118727684021,0.4571101700826406,0.42396495000309836,-0.13696294021240435,0.646448016166687,0.4553625666586407,0.42138652173338564,0.03950120091224773,0.6297338008880615,0.4584494843010153,0.43226617414541646,-0.1612665391719494,0.6377590298652649,0.45867438456730003,0.4164651565585704,0.021420592535750314,0.6380108594894409,0.4553998871563454,0.43101150866152904,-0.1634545171603794,0.6451188325881958,0.4590593954688891,0.41497653363593306,0.03904670415266766,0.6086711287498474,0.45505746997109436,0.42854824953152415,-0.14071319958131367,0.6290454864501953,0.44044008818778824,0.4798822666903356,0.02490942403964805,0.9999446868896484,0.45746804193580715,0.47408134095040316,-0.025204433148331498,0.999908447265625,0.4539568055472722,0.5818018934270877,0.04051241648973747,0.8794129490852356,0.49192992141121367,0.5204967322546211,-0.0044830135683331315,0.5936601161956787,0.44754550655082936,0.7026330805569745,0.0541447469910296,0.9078421592712402,0.46074685747938177,0.6080502444696625,0.10077282265148962,0.5722478032112122,0.44890295035441413,0.71629542030445,0.0510677365902935,0.8352125883102417,0.45172886770531817,0.6147948073966832,0.11124927676292647,0.5526103377342224,0.4450240202044289,0.7399982940428531,-0.023396352760273086,0.8273317217826843,0.4577464085109968,0.6454931360660074,0.08087844868091583,0.5733350515365601
18,0.6,0.46189746163160944,0.26998512509339756,0.038235598192139175,0.998772382736206,0.45860893467076125,0.26046678909955945,0.04119386220097947,0.9980937242507935,0.4569816704977928,0.26011223823325036,0.040927927628632815,0.9978868365287781,0.45602179397413034,0.2598530964814275,0.0409480684420105,0.9987025856971741,0.461260456776947,0.26080024736083085,0.023928957518454388,0.9986419677734375,0.4622824143188442,0.26074551728359435,0.023643658825931543,0.9987645745277405,0.4623218866827675,0.26067775193196097,0.023526352062578287,0.998971700668335,0.45615420710886456,0.2639346751753743,0.05897120724638716,0.9992168545722961,0.4608414636896464,0.26556882857556374,-0.015438513713379842,0.9973438382148743,0.45880471586273064,0.2788285430433881,0.05063516125145956,0.9974302649497986,0.46020755512303535,0.2791014256532032,0.024090479131550088,0.9972155690193176,0.44443184549384696,0.3272743537795334,0.09244377732199888,0.9998947978019714,0.4614483449153269,0.32429604239210774,-0.06204503748272782,0.9997090101242065,0.4476402426484078,0.38172039764979654,0.1196525722609914,0.6193308234214783,0.46522452814297144,0.3806120339229302,-0.14966278940027283,0.6201910376548767,0.46615456999026805,0.41354603505375387,0.08099617778748981,0.647267758846283,0.4681673547754428,0.4185116873746445,-0.21582810001738434,0.6787722110748291,0.4738488510210862,0.4236730357049029,0.07660826157763351,0.6487205028533936,0.469611525930302,0.4262083839125368,-0.2484328393961862,0.6703048348426819,0.4768929423977503,0.4187631883800056,0.052181521364203565,0.6584742069244385,0.4675794774601754,0.42470923009235984,-0.24536240634933312,0.676526665687561,0.4759934129487682,0.41706131033382576,0.07040881260942605,0.6299965977668762,0.46674651670353096,0.4224585755755761,-0.21788978560855038,0.6573595404624939,0.4408769174658807,0.4796824215130568,0.04139422229669366,0.9999440908432007,0.45633170858121286,0.4743741502523534,-0.04167659916475529,0.9999030232429504,0.4522222794237379,0.5730883401662503,0.05184430966435229,0.8778076171875,0.49026055569123966,0.5270477631276848,-0.01843596151872817,0.6210886240005493,0.44758958236270285,0.6918744973487401,0.08375646947274874,0.9150066375732422,0.4644513539347701,0.6130549532328937,0.08698584798830797,0.607559859752655,0.4483629589214994,0.7094635478838245,0.06357194742469925,0.8453789949417114,0.45577825331946387,0.6240071102748772,0.0970480989280994,0.577766478061676,0.4458620013934607,0.7347435761620806,-0.023668681423192506,0.8420941829681396,0.46350406852380444,0.6504434948103683,0.061870933958168804,0.6055339574813843
19,0.6333333333333333,0.46322437822838547,0.2723084531965156,-0.014605084294081184,0.9988939762115479,0.4605475353819421,0.26253503088195335,-0.005589636288682663,0.9982832074165344,0.4595126841172529,0.26222055602681205,-0.005881549525444708,0.9980968236923218,0.45901731642759735,0.2620152618217073,-0.005864494891366173,0.9988313913345337,0.46158462838864545,0.2628323102350879,-0.02545549772210623,0.9987766742706299,0.46192695242646103,0.2627814241888116,-0.025747876437873386,0.9988870620727539,0.46148925336781027,0.26272227281689653,-0.025875953394976503,0.9990732669830322,0.4586566537119963,0.2660184112944168,0.0418492125780687,0.9992945790290833,0.45913592186167995,0.26732948506558485,-0.04767073431376578,0.9976052641868591,0.4611427867769133,0.28120278809649396,0.007617438951573338,0.9976852536201477,0.4610291557722047,0.28148563523118997,-0.022291482243945254,0.9974905252456665,0.4506906164032931,0.33146555197489136,0.10008955303717164,0.9999038577079773,0.45698932734122577,0.3247967864186372,-0.09836350455502696,0.9997295141220093,0.46203192988686187,0.3866084855702758,0.13955923980372695,0.6471412181854248,0.4626723160543035,0.3719620870529277,-0.2304476206924056,0.6549963355064392,0.4872049269884359,0.4185769915513278,0.09336748479284732,0.6810605525970459,0.46616530972738274,0.39295163136674205,-0.34469074857062837,0.7096452116966248,0.49644982544571276,0.4285395265028483,0.09085380555573105,0.681768536567688,0.46910381689588765,0.39868137990457114,-0.39102465746905835,0.7014485597610474,0.49913811331130337,0.4239431341530925,0.05921088480193319,0.6909976601600647,0.4676516383526259,0.39628415485256324,-0.38371726269473694,0.7069723606109619,0.49730271645399643,0.42196651786547973,0.07968086957710917,0.6653137803077698,0.4653735922305605,0.3938585739225135,-0.3470176012719973,0.6878995299339294,0.4440087379514737,0.4818619796844905,0.05644525891789769,0.9999469518661499,0.4505543414115851,0.4766476999704624,-0.05668399939078742,0.9999099969863892,0.4552338225542552,0.5739197587501426,0.09440987354019514,0.8445552587509155,0.4812906059927401,0.542858266049482,-0.05816684015220555,0.6581698656082153,0.45377390999772005,0.6804016926405605,0.17423548540413475,0.8868226408958435,0.45840054958594045,0.6363244190193564,0.027883008804903665,0.6461023688316345,0.4518120812661972,0.699888858050347,0.16141747130328418,0.8162665367126465,0.45031629671782714,0.6476963648983275,0.03471821248730402,0.612205445766449,0.4543401319289031,0.720519012849377,0.0749954379870962,0.8311840891838074,0.46086006308277605,0.6735871235781322,-0.028450769071265057,0.6435655951499939
20,0.6666666666666666,0.4626651967185526,0.27188697866223066,-0.06476635159852001,0.9989157915115356,0.4611389463414367,0.26193625114922364,-0.050201882449380175,0.9983044862747192,0.46079238625565977,0.26154241423041286,-0.050496424704316825,0.998066782951355,0.46084262845990986,0.26123781089231024,-0.050458799727087,0.9988237619400024,0.4604407394661062,0.26226526904898334,-0.0700005949701804,0.9988043308258057,0.4600651350877575,0.2621961624635105,-0.07031345290620275,0.9989012479782104,0.4590328249833013,0.2620934717609252,-0.0704650619348046,0.9990972876548767,0.4607301899040159,0.2657191684677131,0.020675450274949457,0.99909508228302,0.45630350059802066,0.26673017629304685,-0.06816608079026601,0.9975378513336182,0.4617750864257333,0.28066231569088806,-0.034130937762167975,0.9977272152900696,0.46009270934111585,0.2809132171015286,-0.06380500939854628,0.9975247979164124,0.45444826632171637,0.33601287731182833,0.10221356807605478,0.9998911619186401,0.45187257771170863,0.3237331654824376,-0.1125085430626593,0.9996635913848877,0.47784745111634663,0.3902560445714195,0.13979498024912568,0.6718894839286804,0.461510278911425,0.36798007506327124,-0.24928765911399797,0.6487067937850952,0.5114146302385479,0.4254062067852806,0.07634620426132213,0.7058021426200867,0.4762725290386238,0.37817135513259925,-0.3839050083307454,0.7221411466598511,0.5213249797407122,0.4359613184067029,0.07204156956552002,0.7039914131164551,0.48151307685887346,0.38622400128909407,-0.43785149771153387,0.7109687924385071,0.5241215591532542,0.43226376422123924,0.03404564693072945,0.7139270901679993,0.4809576241730505,0.3837842314483354,-0.43139867630791884,0.7163576483726501,0.5213049973352937,0.4299773194675588,0.05994543712516542,0.6893283128738403,0.4785482755418726,0.3774508053082992,-0.38708359192764713,0.6885889172554016,0.44621098796717157,0.4826463128229955,0.06070623564086439,0.9999391436576843,0.44347094800065934,0.4761141260097221,-0.06092079359006761,0.9998897314071655,0.4552639240192535,0.5802675647054364,0.09365363024633079,0.8301505446434021,0.469418103719529,0.5479281832534274,-0.15855570510318412,0.6739650964736938,0.4501859450669756,0.6885378557101463,0.18155394095867006,0.8864034414291382,0.45522061068933445,0.6421649313522942,-0.03312424736478976,0.6207891702651978,0.44748198849906157,0.7067268495588948,0.1721026553032749,0.7870234251022339,0.4496182292438929,0.6531613991133657,-0.022548049640928613,0.5691382884979248,0.4531370592118419,0.7289566497288913,0.1145885380081105,0.8309821486473083,0.45819276470529346,0.6797520274762567,-0.09975370592947669,0.6214791536331177
21,0.7,0.4628109012181592,0.2736881985623632,-0.10325522912671872,0.9990160465240479,0.46219513421074754,0.2643936303836192,-0.0850511926030128,0.9984617233276367,0.4625055839759663,0.2640874968826635,-0.08534858680510148,0.9982398152351379,0.4631861066981637,0.2638346373350259,-0.08530398935389545,0.9989295601844788,0.4602870463046072,0.26465648380153284,-0.10349192135400917,0.9989165663719177,0.45938100890246286,0.2645800161703158,-0.10381152882855332,0.9990034103393555,0.45788786930894754,0.2644414984612447,-0.10397475820112985,0.99918133020401,0.46372174146092326,0.26887087931645887,0.0016044836987283602,0.9991658926010132,0.4547612952062508,0.269428082409359,-0.08153141624437632,0.9977564811706543,0.4629331240047019,0.28289703117291276,-0.06735299304756572,0.9979387521743774,0.4600714209527921,0.2828691492386321,-0.09503797497970407,0.997750461101532,0.4600522498081942,0.34150814641030147,0.09171070223982639,0.9998934864997864,0.44862595779056946,0.32759819134606233,-0.11909648467104444,0.999654233455658,0.4934418872322856,0.39426437863866487,0.12859304123381537,0.7019141912460327,0.4614753928221526,0.3688586158896356,-0.2669488854512515,0.6715403199195862,0.5325442912769844,0.43128713782825345,0.05136600293355024,0.7337372899055481,0.48536392481448026,0.3757350370296052,-0.4325223632872848,0.7471393942832947,0.5435319360347337,0.44308851154646384,0.04486113816622589,0.7310822010040283,0.4913653017646174,0.3836260282468904,-0.4933826698548046,0.7357322573661804,0.5462180062779941,0.4401946607425615,0.004022648835722099,0.7404952645301819,0.49191469561690726,0.38123000103085536,-0.4871357752822213,0.7405921220779419,0.5424750706325445,0.4373629815631526,0.03371885074171467,0.7178046703338623,0.48928465524921155,0.37529427864865067,-0.4364828619460374,0.7120963335037231,0.4498262586611359,0.48512873247841226,0.06278046086211532,0.999932587146759,0.4394646748960931,0.47703261786243234,-0.0629276961226016,0.999871015548706,0.45573016393641624,0.589771571536755,0.07198656655355701,0.8343176245689392,0.4522927094365816,0.5466591435746418,-0.21917339119121823,0.6914187669754028,0.44689797882965654,0.7003057299249149,0.1686003770397688,0.8931067585945129,0.44549191070285804,0.6404351847372989,-0.06864137537767695,0.6047849655151367,0.4430871188146137,0.7182121432630627,0.16207328438169535,0.7833095788955688,0.44316859199581254,0.6515977499934194,-0.05595148343504245,0.5358588099479675,0.4512411115975848,0.7400159138273187,0.08083896975223494,0.8390489816665649,0.4468507562130771,0.6782730929296593,-0.144534808572229,0.6053252816200256
22,0.7333333333333333,0.46248496442076165,0.2771339979548914,-0.1352447858000962,0.9991114139556885,0.46255192848525456,0.2682846685785788,-0.11489700178604695,0.9986106157302856,0.4632904314152051,0.2680960127379148,-0.11520740548216263,0.9984076023101807,0.464298354009163,0.26793931147141725,-0.11516174958412202,0.9990320801734924,0.45964894181226035,0.2685049202383274,-0.13174336870864947,0.9990214109420776,0.4582908189826268,0.26849534498985117,-0.13207075407328434,0.9990993738174438,0.45649691975246864,0.26841919256824875,-0.13224241782532647,0.999259889125824,0.46496276389461877,0.273175232029242,-0.01797677626075649,0.9992444515228271,0.45334527210062703,0.2736460959998019,-0.0940567883434762,0.9979667067527771,0.46337700709390106,0.2867732700286525,-0.0961694512635877,0.9981379508972168,0.4596251086528895,0.28686638878938353,-0.12141279793820337,0.9979631900787354,0.4664960541354276,0.347311677244025,0.07674899158852447,0.9999018907546997,0.445914899204761,0.33270538056241294,-0.12583141700872677,0.9996582865715027,0.5066222482819168,0.3988123320459516,0.11082698687701806,0.7269114255905151,0.4607185934210923,0.37287442377913016,-0.279085648342126,0.6952456831932068,0.5496560180716693,0.4371718632998583,0.026192534152744005,0.7578045129776001,0.4919811419268051,0.37697626805859347,-0.45933926886011095,0.7674561142921448,0.56131662775767,0.4496819677627984,0.017485891876620616,0.7540021538734436,0.4988177385546791,0.38485718638247834,-0.5227468573710263,0.7548415064811707,0.5640780326477014,0.4473584609469834,-0.024279135383217267,0.763047456741333,0.4996141144038673,0.3826992031584984,-0.5164492133060045,0.7590950727462769,0.5596924300643977,0.44420151607228564,0.00802495252493558,0.7420342564582825,0.4968869221004306,0.376295877628427,-0.46351097643046146,0.7276577353477478,0.45109995706356676,0.48972824178669955,0.06197077947040777,0.9999369382858276,0.43630653355303084,0.479814511255776,-0.062105821571882866,0.9998764991760254,0.45572760206278234,0.5993278880209911,0.06084253088927077,0.8466313481330872,0.43232322126387446,0.5399871349230285,-0.22738750407411212,0.7162535190582275,0.4437056267037497,0.710935323713795,0.16280280441855083,0.9011330604553223,0.41004626617902507,0.618547972234172,-0.07981267212244954,0.63045734167099,0.43895909541279443,0.7286752034349384,0.15857370864005113,0.7955907583236694,0.400760668226434,0.6262995082039552,-0.06779569401503444,0.547692060470581,0.4492495409756165,0.7501353371490629,0.06293779485872089,0.850363552570343,0.4000712837475123,0.6431006368262507,-0.15896947671126305,0.6310904622077942
23,0.7666666666666666,0.46228805739740036,0.2831766627562805,-0.16516378050485836,0.9991998076438904,0.4632563696263752,0.2746808785982735,-0.14344893398004138,0.9987488389015198,0.4645062113716911,0.2746238417924833,-0.1437712254483093,0.998565673828125,0.4659479619717896,0.274582350066149,-0.1437172672721976,0.9991281628608704,0.459163075137928,0.27481110928928465,-0.15853572454806786,0.9991187453269958,0.45748649111839207,0.27487664215946395,-0.15886672580618397,0.9991888999938965,0.45545366674394233,0.2748687404077178,-0.1590444248104629,0.999333381652832,0.4670149904217827,0.2798004477916083,-0.03742153056000609,0.9993191361427307,0.45211213186533555,0.28012637674735885,-0.10537282121213531,0.9981679320335388,0.46385608147781787,0.2931951023613749,-0.12292031600712397,0.9983223080635071,0.4590742499967262,0.2933599371148633,-0.14545633356040286,0.9981637001037598,0.4725065697982065,0.3540082485457378,0.061421511249404835,0.9999098777770996,0.44254189649140074,0.339634388858826,-0.12844780698455574,0.9996665120124817,0.5179084140250029,0.4041329238523819,0.09309706839163566,0.7498144507408142,0.45935306596897557,0.3799764796626256,-0.28279316431336476,0.7181668281555176,0.5642106354764556,0.4425097946020874,0.0002886176800589585,0.7798721194267273,0.4924997396782343,0.3810406500109907,-0.4740448638895617,0.7858410477638245,0.576504098181386,0.45537824826626205,-0.011251255729728186,0.7751474380493164,0.5010097029556191,0.3882742828096452,-0.5383304405026017,0.771885871887207,0.5792387100709094,0.4533666317797685,-0.053472167910956964,0.7837920784950256,0.5018438419135037,0.38599219661114514,-0.5326605754126561,0.7755879759788513,0.5739099374105303,0.4499650004568052,-0.018272499621303277,0.7643926739692688,0.4982803778681866,0.3803865410969341,-0.4786167276559716,0.7421072125434875,0.4530576526637762,0.49646575380244173,0.05649333541316303,0.9999387264251709,0.43353674658571295,0.4848768031882823,-0.056657629027979266,0.9998720288276672,0.45529257900563125,0.6088961693821936,0.04741881235893069,0.8610337376594543,0.4134021612912746,0.5419412454164123,-0.1804530941817941,0.7260833978652954,0.43982432327114285,0.7206375328938669,0.15237640920697054,0.9102270603179932,0.3827561465237432,0.6055993461916798,0.005045700999030761,0.6328890323638916,0.4340071638084643,0.7380702159660464,0.1500578311052717,0.8107490539550781,0.3735679732573794,0.6128683655351929,0.020684162030531396,0.5314037799835205,0.4470678090974124,0.7589082846889067,0.04265987229252922,0.863859236240387,0.370863917151074,0.6254819690877775,-0.06536880304200816,0.6322282552719116
24,0.8,0.4643945218077851,0.29164882713158735,-0.18213881508873248,0.9992714524269104,0.46592977613918823,0.28339245140092506,-0.15896330623104973,0.9988577961921692,0.4675984517546404,0.2834348988234479,-0.15929587240869686,0.9986813068389893,0.4694363679213973,0.2834914304249079,-0.15924257196225958,0.9991978406906128,0.46108463139188577,0.28344325169703294,-0.17282620165762624,0.9991956949234009,0.45919944245836675,0.2835484155467022,-0.1731664212128654,0.9992594718933105,0.45697822124713583,0.28358526313653676,-0.17335529362925198,0.9993897080421448,0.4707069081184031,0.28868452454832066,-0.04603980944545811,0.9993702173233032,0.45362319103413057,0.2888977000002936,-0.11060376332549256,0.9983062744140625,0.46658613877725813,0.3019035665587655,-0.13751347790807944,0.9984631538391113,0.4610155081288395,0.3021089795376569,-0.15823192238745482,0.998302161693573,0.4800790861846945,0.362720499597089,0.053034694039057355,0.9999101758003235,0.4437556420471002,0.3486989352522744,-0.13093842107836554,0.9996183514595032,0.5282180914736738,0.4088959890434503,0.08430326205258563,0.7617812752723694,0.46144126011921055,0.38515277572962614,-0.3005663530606204,0.7269521355628967,0.5758088845201497,0.4444605485156664,-0.010659593162981203,0.7928298115730286,0.49490348323205247,0.3862347868405313,-0.5221425064052062,0.7866442799568176,0.5882512743551533,0.45659313477581165,-0.023049348367463987,0.7854223847389221,0.5033229462881306,0.39226817433157074,-0.5911820462466928,0.7703575491905212,0.5912151554857257,0.45523222114826073,-0.0653804670542185,0.7950838804244995,0.5052176100716786,0.3895891439781422,-0.584541896967484,0.7734985947608948,0.5853939652735984,0.4517887239919318,-0.029263540244420128,0.7766157388687134,0.5018057510428693,0.38514536887803946,-0.5272168500567027,0.7301723957061768,0.45754718127673794,0.5053119447423794,0.05204562447218267,0.9999421834945679,0.4347826024559318,0.4926842392478098,-0.052237595650358,0.9998774528503418,0.45800364835187474,0.6194219392401882,0.03769551446850025,0.8713126182556152,0.39871803946892104,0.5473259342330277,-0.16014939497496244,0.7413051724433899,0.43964503027959556,0.7322157571490362,0.13991964075936325,0.9166486859321594,0.35446800146507096,0.595986238197514,0.015881787734774794,0.6621512770652771,0.43332841575802195,0.7481919371765484,0.13803912956856593,0.820321798324585,0.34487087355055207,0.6025159328919361,0.025970143991099717,0.5552330017089844,0.4477089599498247,0.7678614466233664,0.01977484617195664,0.8730947971343994,0.3365260205255147,0.6114279265055401,-0.07395969227019075,0.6597942113876343
25,0.8333333333333334,0.46578401327358776,0.29907582435863495,-0.2053105947970184,0.9993438124656677,0.4677376454363444,0.29119730890490625,-0.18093921008906574,0.998970091342926,0.46969534887575276,0.29128211326950454,-0.1812722063856609,0.9988108277320862,0.47176475435176357,0.29133537404454357,-0.1812052185774874,0.9992761015892029,0.4621970273510101,0.291137962921144,-0.19285608299090198,0.9992748498916626,0.46011482541114745,0.29125910974070246,-0.1932092977475014,0.9993324875831604,0.45771451348040637,0.2913582488220414,-0.19339859050263575,0.9994495511054993,0.4733549938322046,0.29660448883680124,-0.06063307883756083,0.9994315505027771,0.4544368242302374,0.29716423112057233,-0.11627288039179778,0.9984714984893799,0.46849083895094207,0.3096042662018055,-0.15824480619820114,0.9986149072647095,0.4621024587382837,0.3098096209036527,-0.17617580416737028,0.9984686374664307,0.48585407625169813,0.370391398862661,0.038975369698486445,0.9999179244041443,0.4437241930454009,0.35785430396572865,-0.11994442188784367,0.9996337294578552,0.5366384885911539,0.41147829903211264,0.06692274515881887,0.7846855521202087,0.45079460201235355,0.39095663475408077,-0.26957548191033937,0.7424828410148621,0.5862366136367884,0.4432014609009335,-0.037701630019163546,0.8130857348442078,0.4640481278757964,0.38940938488688337,-0.48976537029002454,0.7994562983512878,0.5988950047288248,0.45414865575750285,-0.05235891630287058,0.8058242201805115,0.4682585003457333,0.39419349484470395,-0.553526665989115,0.7805215120315552,0.6017603287775816,0.4528381624034169,-0.09556603502705133,0.8147323131561279,0.469389086750724,0.3916324247330363,-0.5553149143763163,0.784580647945404,0.5963625925144792,0.4499951520715735,-0.05718487847948753,0.7980127930641174,0.46809840694240656,0.3881143174635911,-0.4982648428065206,0.7441555857658386,0.461041806864586,0.5128625814510358,0.04477069407703981,0.9999457001686096,0.4352022503167775,0.4988229392962079,-0.044994209105716707,0.9998831748962402,0.4603346443133416,0.62858785062299,0.025167057717376838,0.8839260935783386,0.38569874471713617,0.5395965690002348,-0.14846385314821609,0.7657684087753296,0.43813539601216994,0.7402254610032777,0.13132831817901805,0.924586296081543,0.32813105817023436,0.580168114422368,0.006306701946894708,0.6935997605323792,0.43129979755418646,0.7559152941349898,0.13035979614128856,0.8361102342605591,0.3201073599493636,0.5898698785558606,0.014925802232868865,0.5916774868965149,0.44696833613750897,0.7739746481293046,0.004140765483973357,0.8850162029266357,0.3079523059959679,0.5893526869548513,-0.09121345636492989,0.6912679672241211
26,0.8666666666666667,0.4672422773461712,0.30183358343980055,-0.21579302963429003,0.9994090795516968,0.4693635182081464,0.29410657737717766,-0.19000033548702205,0.9990726113319397,0.47159586325945685,0.2942314792117744,-0.1903175630715911,0.9989290237426758,0.47392139089451235,0.2943222082972768,-0.19020854615547622,0.9993480443954468,0.4634530599774864,0.2940435350997197,-0.20439743077656305,0.9993470311164856,0.4612359356103292,0.2941934678556523,-0.20478449298192075,0.9993988871574402,0.45866546051639295,0.2943282170914475,-0.2049536016126173,0.9995042085647583,0.47563403067757754,0.2997713759447437,-0.05507383452054737,0.9994878768920898,0.455133899062901,0.30046544829245037,-0.11213168748831434,0.9986223578453064,0.4703701955557472,0.31266967570051923,-0.16363688178369798,0.9987520575523376,0.4635185301086022,0.312906094875551,-0.18352191402584675,0.9986193180084229,0.4900663095868952,0.37275556208145,0.049447912894135526,0.9999231696128845,0.443615461049072,0.3615427582995093,-0.11405562093516879,0.9996075630187988,0.5439254626370322,0.41010075584014083,0.07885412804235324,0.8025649189949036,0.4474985875925616,0.3908321005608341,-0.2792938833268547,0.759628415107727,0.5949159378228686,0.43911112666173513,-0.03531798859653262,0.8310193419456482,0.461359238453661,0.3798987252074697,-0.5165754245197693,0.8155144453048706,0.6083505761177554,0.4490710194567221,-0.05061820945682259,0.8241447806358337,0.46423954673291695,0.380323267504843,-0.5834869995627249,0.7966839075088501,0.611126733751489,0.4479259962404043,-0.09593738924145981,0.8324140906333923,0.46499847894698043,0.3775132735713856,-0.5841569229624037,0.8005052804946899,0.6054641128611149,0.44541056367334964,-0.05614222310505809,0.8171867728233337,0.4645824787875546,0.3762223654777564,-0.525272928936805,0.7611557245254517,0.4646684178049374,0.515705089727128,0.04578876674656155,0.9999437928199768,0.4373677148891654,0.5012672325880648,-0.04603117476853172,0.9998639225959778,0.46202326310682396,0.6328640206074952,0.024600879655444777,0.8933200240135193,0.39249818379016665,0.5340158774944851,-0.1562923315143589,0.7696840763092041,0.4370558071037294,0.7437141613997487,0.12433573196706138,0.9307262301445007,0.3515439520582653,0.5746756286590984,0.01682225884127204,0.6562399864196777,0.42961229537015444,0.7592856891346045,0.12443262707072836,0.8467293977737427,0.34627138707251415,0.5838525850293514,0.028662939853779153,0.5555638670921326,0.44659368557565104,0.7765841951861738,-0.00530273166920405,0.8943892121315002,0.33813151990337204,0.584842670677326,-0.07229308798799604,0.6630688905715942
27,0.9,0.47033124712998403,0.3020242249666828,-0.2388975852436101,0.9994663000106812,0.4727179711114208,0.29448683955420785,-0.21226241677371446,0.9991586804389954,0.4751608858176999,0.29464544958489164,-0.2125697461685656,0.999025285243988,0.4776910137602319,0.29476832305819173,-0.21246271233630082,0.9994059801101685,0.46631680856200386,0.2943569441477911,-0.22468951080514696,0.9994091391563416,0.4639496058643753,0.29451718858761444,-0.22508530053216236,0.9994558095932007,0.4613097105500236,0.2946828943538992,-0.2252479850046168,0.999550998210907,0.48029945777745675,0.30012941953976574,-0.07329036528248378,0.9995308518409729,0.45805265690023306,0.30090081177186645,-0.12303977316109266,0.99874347448349,0.4738889668746505,0.3129446691072597,-0.18545246231621712,0.9988647103309631,0.46673784060767015,0.313249749104089,-0.2030314626932792,0.9987442493438721,0.4986367273257415,0.3720614673498408,0.033523391138975775,0.9999256134033203,0.4434684404782882,0.3631821542698248,-0.10959370049777194,0.9996179938316345,0.5573462328532818,0.40559338610766915,0.06145601817775332,0.8033381700515747,0.4307026366207351,0.3903787944525712,-0.2589526224760075,0.7674099802970886,0.6090935253813489,0.4322325484980545,-0.04791033800574836,0.8130530714988708,0.42676191339118696,0.3810997856627152,-0.48000798482085927,0.8110242486000061,0.6228988011673889,0.44112779498680404,-0.06150793252310097,0.7911591529846191,0.4267631959044888,0.38042862277476025,-0.5401213722214823,0.7780166864395142,0.6250586766168986,0.4403380584251868,-0.10769244515779355,0.8052918314933777,0.427429538850868,0.37744967222059683,-0.5482247065791472,0.786436915397644,0.6197364172673623,0.4382691869895793,-0.0691767621607714,0.7935237288475037,0.4275423575081812,0.37711401418617185,-0.49141002421357477,0.7509584426879883,0.4718769906530181,0.5168390033699991,0.044566575756721405,0.9999480247497559,0.44250243610713125,0.5018271382666794,-0.04486722256716204,0.9998740553855896,0.46384013683256525,0.6350001473329093,0.008368773456096506,0.8861182928085327,0.40461435239461996,0.5198270174748973,-0.19765407884604658,0.7522373199462891,0.43729071343573483,0.7463898004744989,0.10236235269684886,0.9234315752983093,0.3772147133369044,0.5513952962716467,-0.0780006495597158,0.6234772205352783,0.4301578539517264,0.7617338794165954,0.10226975825552216,0.8442510366439819,0.38037689646039813,0.5601582772892233,-0.07163974004054952,0.5347812175750732,0.4479019064222335,0.7793417076035518,-0.035496706915374925,0.8924543857574463,0.36975224602846324,0.5552027745196961,-0.18569649158035814,0.6586101055145264
28,0.9333333333333333,0.4638881249403484,0.300219434365747,-0.29601192737980964,0.9995192885398865,0.4649590089380839,0.2927729972349766,-0.27045371471157365,0.9992409348487854,0.4663500737779813,0.29294609422721224,-0.2707746453468832,0.9991204738616943,0.4696906920292756,0.29308428381091345,-0.2706651215411259,0.9994634389877319,0.45968698772318894,0.2926180074289086,-0.27936172363776407,0.9994670748710632,0.45724995723647144,0.29278444908639867,-0.2797614875810267,0.999509334564209,0.45451190726393914,0.29296619426101905,-0.27992152396599707,0.9995949268341064,0.4752669876663748,0.29843015041265336,-0.1310500224246695,0.9995760917663574,0.45038941594132775,0.29923143436856114,-0.16588511776695103,0.9988654255867004,0.46623271526806986,0.3111852880732273,-0.24227495384509556,0.9989765286445618,0.46024155112522736,0.3115015661291921,-0.255213428542892,0.9988674521446228,0.5009785463072,0.36985605656231324,-0.0253686485810816,0.9999319314956665,0.438862175755618,0.36182201231528466,-0.1272357841292877,0.999650239944458,0.5627414797397141,0.40107455906059425,-0.009902750464918557,0.8222985863685608,0.4154033303100623,0.38767811162755983,-0.249250334078092,0.7889804244041443,0.6145135299728604,0.4256588173579709,-0.13156351435546548,0.8302058577537537,0.39809070200650476,0.3795240060013795,-0.4635132539369656,0.8282985091209412,0.6284157851727304,0.4341638680031348,-0.15078073468801298,0.8078596591949463,0.3943051148706259,0.37802748939262687,-0.5197550772931259,0.7961310744285583,0.6303084452575578,0.43317114111497546,-0.19624616679221674,0.8213542699813843,0.3942526355128041,0.37621137937507687,-0.533167310606939,0.8044070601463318,0.6246565625386503,0.4311577036099162,-0.15311721094068548,0.8106871843338013,0.39572175785347224,0.3772295874190128,-0.4768499905618838,0.7721505761146545,0.47108636643944457,0.5154605207310591,0.032679293200452555,0.9999502301216125,0.43692012652231393,0.5000270733760842,-0.03302456152920278,0.999880313873291,0.45932916154115927,0.6336898495783158,-0.00896270160833072,0.896170437335968,0.3924123101610978,0.5140450054414557,-0.16073794837186198,0.7596859335899353,0.4328391140529417,0.7465526937014588,0.08979378268907588,0.9296832084655762,0.354249750943892,0.5428945713580913,-0.033167713032930354,0.6499265432357788,0.42582721949166685,0.761628855672351,0.09004933692276676,0.8548843264579773,0.3516547322080142,0.5508940958934427,-0.02642637352379233,0.5585955381393433,0.44347331036354143,0.7786523608283361,-0.057794832325993625,0.9016879200935364,0.33980270321724193,0.5405561556366058,-0.14633151096221717,0.684414803981781
29,0.9666666666666667,0.4639238210408702,0.29620839072663163,-0.32019099669293793,0.999566912651062,0.46540636938156754,0.28901454096795715,-0.29524887695183855,0.9993151426315308,0.46708557231789705,0.2892423180866574,-0.2955746417463671,0.9992066621780396,0.47060787218296773,0.2894478565665649,-0.29546809740864244,0.9995156526565552,0.45986121980704453,0.28874028615593933,-0.3021120785298323,0.9995193481445312,0.4572993686720446,0.2888729578585249,-0.3025117400845868,0.9995575547218323,0.45448993787252623,0.28901896334961613,-0.30267724717953665,0.9996344447135925,0.47636459094390815,0.2949547362542827,-0.15727187170302886,0.9996172189712524,0.4503514736087119,0.29533339135245085,-0.1837732951818708,0.9989752769470215,0.4664367126981701,0.30725410526381236,-0.2670092187637174,0.9990771412849426,0.4603061601733023,0.3073133300385813,-0.27730254572453783,0.9989780783653259,0.5038548402616068,0.36547068739389843,-0.05512197015852911,0.9999376535415649,0.4354232709362893,0.3593687909389155,-0.1332944495331711,0.9996718168258667,0.5682248577318905,0.39468362218384845,-0.043588404317578454,0.8393958806991577,0.40210411655212186,0.3850701162831125,-0.2329842347666686,0.8061114549636841,0.6214584323259693,0.4166775931476502,-0.16945127292409856,0.8464652895927429,0.3756372981884186,0.38141037067882355,-0.4392855226855157,0.8384937047958374,0.63579687253535,0.42495672160145354,-0.19091619721574532,0.8252511620521545,0.36906153942755787,0.3803952899090832,-0.49108294463881697,0.803199291229248,0.6377446140262732,0.4238125939239574,-0.23613965817218036,0.8378315567970276,0.36846524395151786,0.3792555345461377,-0.5109399989579635,0.8128010630607605,0.6316838995683335,0.4219892015874407,-0.19116651465293016,0.8281522989273071,0.37103797738501915,0.3805052523853247,-0.4549871271443959,0.7845931053161621,0.4728602053180212,0.5124751271447113,0.02399971823383259,0.9999513626098633,0.43672315041539406,0.49696077846400055,-0.02437292749739888,0.9998787045478821,0.45775154983477173,0.6313476355357581,-0.02491915869954797,0.9048357009887695,0.3904772973561459,0.5104209397290255,-0.14074544546806594,0.752217710018158,0.43083535795240757,0.7452715582648597,0.06440707723903918,0.9355176687240601,0.35925020916176914,0.5366964049451017,0.004299545264021265,0.6172890067100525,0.4241764959853906,0.760120335050747,0.06399526129359683,0.8646507859230042,0.35741909679369155,0.5439145225360997,0.013300999523795029,0.5343403816223145,0.44133193723552017,0.7781751457823581,-0.0889574646247317,0.9101281762123108,0.35220504200793556,0.5335974746675962,-0.1004782303352207,0.6653398871421814
30,1.0,0.466752067516759,0.28791915876786384,-0.33518531978779076,0.9996099472045898,0.46850385688003227,0.2809563332016465,-0.3113253278141333,0.9993829131126404,0.4703714838164731,0.2811783079703516,-0.3116493999230482,0.9992851614952087,0.4738657287979281,0.28135686302069274,-0.31154186420059893,0.9995633959770203,0.4628628926813153,0.28062085458996644,-0.3152297964622941,0.9995669722557068,0.46032252125246165,0.28070813362239744,-0.31562156863048646,0.9996013641357422,0.45750035441359316,0.28077030527590097,-0.31578908756854074,0.9996705651283264,0.47944102090936175,0.2870148834236651,-0.17550849216054837,0.9996544122695923,0.4533062784844909,0.2871889696769173,-0.18998268521085768,0.9990755915641785,0.4693757416366172,0.29905760754098215,-0.2827211551663924,0.9991682767868042,0.46324231216183354,0.2988604616076416,-0.28923435673932885,0.9990785121917725,0.5074641915816266,0.3569479055938326,-0.08110093783513087,0.9999420046806335,0.4361928494109595,0.35329506298731733,-0.12398295462680353,0.9996889233589172,0.5716398497563281,0.3844488408108058,-0.07544892876509206,0.8549516201019287,0.3973085863803139,0.38128419629700366,-0.19800022371964482,0.822287380695343,0.6259709778281228,0.40315397744335074,-0.20907646754424328,0.8615303039550781,0.3656157421629575,0.38525680313189975,-0.40141679078865955,0.8528458476066589,0.6409264304175211,0.41133943613940577,-0.2343169694578593,0.8420431613922119,0.3570180685956944,0.3866234666693437,-0.44997436664327084,0.8192130327224731,0.6431179215225663,0.40993550093422365,-0.27884423912512873,0.8535316586494446,0.3556692283014522,0.3854341632404822,-0.47671563656061167,0.8285397887229919,0.6366748607428321,0.40800300361503083,-0.23068284393870223,0.8447037935256958,0.3593877215430865,0.3858569047848859,-0.41978455774127055,0.8030822277069092,0.4758802715340738,0.5051201839101811,0.00982862218826972,0.9999495148658752,0.43890064310364657,0.48995143321559387,-0.010217778791837403,0.9998728632926941,0.4593669314105834,0.6235573585363604,-0.04433463748058239,0.9060162305831909,0.3824401112658632,0.5029275248324265,-0.11005777819170473,0.7225280404090881,0.43400974376458024,0.7394651418031009,0.0477237738804697,0.9356743693351746,0.37211895156259833,0.5284562015195904,0.07249614767406268,0.5659059882164001,0.42827376856710064,0.75303314106985,0.04819692922386273,0.8513157963752747,0.37343643264623255,0.5343973116249715,0.08625352261884014,0.49774110317230225,0.44338259920486367,0.7737734254254511,-0.10679565944323322,0.9115731120109558,0.36786774157852486,0.5242558016311126,-0.017876873181270903,0.6166883707046509
31,1.0333333333333332,0.4714240666124679,0.2795160776238466,-0.3378808038160545,0.9996485114097595,0.4731386593317659,0.2726838912427852,-0.31472717117600907,0.9994437098503113,0.4751141183474522,0.27286352652098556,-0.3150453363143109,0.9993554949760437,0.47853518329584205,0.272980958294898,-0.3149375518801153,0.999606192111969,0.4675190084078334,0.27238625197603084,-0.3169949207820405,0.9996097683906555,0.464831039651648,0.27244894551873916,-0.3173745452996891,0.999640703201294,0.46191703916453897,0.2724487532756212,-0.3175396359976483,0.9997029900550842,0.483834185228561,0.27840096783674306,-0.18207153204708723,0.9996875524520874,0.4576551752903919,0.2786508912284626,-0.19032519181128965,0.9991657137870789,0.47401191555401595,0.2909122453172385,-0.2865928852245632,0.9992496371269226,0.4674475758192589,0.2906509706086556,-0.29102547771418424,0.9991679191589355,0.5111298593066003,0.34813666546244504,-0.09505813521887756,0.9999445080757141,0.4368789302184771,0.3472321998524073,-0.11428691855829025,0.9996901750564575,0.5745315082665865,0.3714261693185249,-0.09646308671001963,0.868873655796051,0.394450380218215,0.37938218624152664,-0.172939343563009,0.8347062468528748,0.6298672334463471,0.3903319387095757,-0.23645003661244704,0.8747827410697937,0.35738185565861175,0.38974143652641857,-0.3735722204824692,0.8624212145805359,0.6451399111913486,0.39854376328567065,-0.26422836702895647,0.8564183712005615,0.34731128995031024,0.3922795250709609,-0.41978483206508066,0.8275219798088074,0.6474107447054747,0.397061572813037,-0.3074180991239547,0.8670796751976013,0.3454985792029961,0.3912027370057405,-0.45097890562432386,0.8374921083450317,0.6407282363716733,0.3950598250537153,-0.25771835738825205,0.8589538335800171,0.3499458112930815,0.391181286611242,-0.3936855495857157,0.8150086402893066,0.4796605008219237,0.4969481622627594,0.0006463216644026519,0.9999489188194275,0.441519089842087,0.4825824091078046,-0.0010312220198912744,0.999869704246521,0.46247572972254736,0.6155426711823133,-0.05454122974975392,0.909511387348175,0.37600591057930277,0.4952966714586114,-0.09739120712127826,0.71046382188797,0.4380173602208759,0.7337294845289691,0.039278216350657355,0.9388753771781921,0.3834619519842698,0.5195858793629426,0.11386392504391334,0.5245068669319153,0.4325052287246748,0.7457693767915377,0.04033086661710469,0.8478322625160217,0.3872517644922795,0.5222268705545676,0.13133656175194763,0.46749064326286316,0.44294238056797497,0.770578242283213,-0.1175525177812295,0.9158263206481934,0.38155128097178703,0.5219916653455654,0.03263821566909126,0.5780747532844543
32,1.0666666666666667,0.4729299223404996,0.27299453130750434,-0.3290747590946451,0.9996827244758606,0.47469604748009336,0.2660735821333594,-0.3065251345862135,0.9994973540306091,0.4767598404362019,0.26619775721505134,-0.30682576779439474,0.9994171857833862,0.48009033423075775,0.26627892998487757,-0.30670608495398455,0.9996432065963745,0.46909518870391076,0.26588097739047445,-0.3066881202489054,0.9996479153633118,0.4663864126991574,0.26594465178146154,-0.30705184153832843,0.9996758103370667,0.4634566206812995,0.26591928710224744,-0.30721379557028433,0.9997320175170898,0.4850276030976809,0.2718067605615597,-0.17718105331477918,0.9997141361236572,0.4590975426549462,0.2719982922004228,-0.17761967221985603,0.9992461800575256,0.47550417365186287,0.28442341314178626,-0.2791205152178665,0.9993205666542053,0.46891587682682967,0.28407985656904466,-0.2808967149834846,0.9992467761039734,0.5116904337290267,0.3410625862907714,-0.09759189905643588,0.9999420642852783,0.4364445311272718,0.34241721731040153,-0.09600927611508442,0.9997040629386902,0.5742053378022755,0.36138215072068197,-0.10484634904625123,0.8773000240325928,0.391337226238558,0.37883578468902557,-0.14230190353419908,0.8433377742767334,0.6293527682516289,0.37847103737826526,-0.2490382747234125,0.8816466331481934,0.3537044699906572,0.39486437153639464,-0.34079282916871356,0.8738731145858765,0.6433054224912624,0.38593371695301515,-0.278655934898705,0.8619512915611267,0.34325840597344076,0.3994001932852432,-0.38532072750257657,0.84086012840271,0.6450381284761477,0.385883000175849,-0.3199637758574843,0.8732224702835083,0.3410798436245034,0.39816416172171315,-0.4194130844840537,0.8504238128662109,0.6378924539850661,0.38327420342948315,-0.26960060469567143,0.8649507761001587,0.3459172186919836,0.3974219061847407,-0.3619135241850331,0.8297761678695679,0.480211051623006,0.49043634794272195,-0.007165396919217459,0.9999488592147827,0.4418742225815577,0.47668387495036857,0.00678814323405281,0.9998739361763,0.4631798961600734,0.6099404691171411,-0.06621672010686393,0.912757396697998,0.37092812570569733,0.4886996506428004,-0.0874753074778879,0.7040981650352478,0.4399161028506513,0.7299647911949388,0.022717810156877676,0.9418630003929138,0.3919951723549029,0.5161593793137835,0.1352739207358813,0.49627038836479187,0.43538120907130584,0.741050346234884,0.023755914272028836,0.8416011929512024,0.3976051972983973,0.5173904539897795,0.15442131917741736,0.4452942907810211,0.4410588757659516,0.7696291442943617,-0.13567006642623544,0.9196683168411255,0.39147292620698915,0.5251456281005844,0.05988448104401363,0.5532371401786804
33,1.1,0.47293892251251074,0.2683571510474383,-0.31908121059793854,0.9997062683105469,0.47512993234734163,0.2613664589695513,-0.2981480588251934,0.9995319247245789,0.47738397916931374,0.26152451428640977,-0.29844522586951217,0.9994537830352783,0.4806424377527161,0.2616693459373321,-0.2983241614766876,0.999659538269043,0.46929129346101867,0.26122371401236294,-0.2951754099738273,0.9996744394302368,0.4666133258401931,0.2613196816918989,-0.2955337455958411,0.9997005462646484,0.46374468617700293,0.26131864763285817,-0.2956921240628736,0.9997532367706299,0.48527793806273867,0.26759479188758145,-0.17329856787821055,0.999714732170105,0.45947264043610536,0.2675326353585201,-0.1613279119704003,0.9992970824241638,0.47562745212019875,0.27976106098064724,-0.27109628000479524,0.999343991279602,0.4689174765162516,0.2794111005242565,-0.2687759336788281,0.9992824196815491,0.510465658255531,0.3355322373859738,-0.10836361197913338,0.9999355673789978,0.4367141025997472,0.3387216500659712,-0.06811985475345426,0.9997149705886841,0.5563437173855029,0.3547438728394206,-0.13959488472952447,0.8419715166091919,0.3932716872844833,0.3801943520161832,-0.0955635912571782,0.7971700429916382,0.6032290979248307,0.3750298001330162,-0.29181657535524624,0.8211496472358704,0.35486225050405706,0.4011608661936873,-0.28276457620969314,0.866454541683197,0.6142638715463022,0.38217288839241126,-0.3271847664885049,0.8021774888038635,0.3439904923242887,0.40790593293682964,-0.32352040954422545,0.8358555436134338,0.6155139658936376,0.3816214341583605,-0.36138921400316903,0.8130263090133667,0.34120594468029725,0.40664790076706137,-0.35944100710217186,0.846512496471405,0.6096419646088647,0.3789806644973761,-0.3096768207496643,0.8018620014190674,0.3468425167134032,0.4050835331463406,-0.3041507464812559,0.8241727352142334,0.47933669040458304,0.4862458459358977,-0.019535919090285254,0.9999505281448364,0.44059973688192694,0.4733557301771698,0.019170556261396205,0.999882698059082,0.4625618771335976,0.6058811736053314,-0.07492481690472091,0.9190832376480103,0.36565293026037116,0.4849487185894895,-0.05175099984219493,0.7132450342178345,0.44213677483140007,0.7267699131948473,0.014160966181181473,0.9435043334960938,0.37601746460417085,0.5135672964838712,0.1586361899905018,0.5269426703453064,0.43881629847482084,0.7374813917656765,0.014052017792507303,0.828454315662384,0.37977741138102955,0.5165836845515044,0.17650856051787744,0.4629918932914734,0.4403370582310797,0.7687064719141582,-0.136369454521021,0.921332597732544,0.3622394190045504,0.5206391213975128,0.08349440553109086,0.579573929309845
34,1.1333333333333333,0.47240941646460344,0.26541081900485775,-0.3053207190078874,0.9997158646583557,0.4748971123261224,0.258353057720706,-0.2865064185294891,0.9995447993278503,0.4772421134262554,0.2585003810673838,-0.2868067289306856,0.9994713664054871,0.48042119085758944,0.2586496742824845,-0.28669620700416293,0.9996570944786072,0.4686055679431767,0.25834081960549093,-0.2801832043153286,0.9996854662895203,0.46582903973460693,0.2584752976673193,-0.28053105369939757,0.9997106194496155,0.4629400931025438,0.2584939142152956,-0.2806862303168473,0.9997603297233582,0.4850467026310137,0.2647228455175309,-0.1707594127575205,0.9997103810310364,0.45914575364992266,0.26469232926081593,-0.14437238202693128,0.9993265867233276,0.4751630806035288,0.27679257201521823,-0.26119775323477484,0.999342679977417,0.46834476281300114,0.2766298609583128,-0.25446478950267964,0.9992847442626953,0.5086220087754324,0.331695526033319,-0.12923016294738818,0.9999235272407532,0.43723564094697115,0.3368358089122423,-0.04365218350341412,0.99967360496521,0.5385753919889817,0.34782992593035267,-0.20179108524834133,0.855830729007721,0.395346719923112,0.38241196379484443,-0.060974573113343235,0.7511579990386963,0.5765092823115031,0.3504185310933532,-0.363318550075313,0.8372762799263,0.3565995726082349,0.40703866086706086,-0.23637063149166412,0.852436363697052,0.5851252790962906,0.35350901155927555,-0.40568012971803175,0.8185491561889648,0.34581704510744743,0.41523262980510434,-0.272462630185196,0.8226210474967957,0.5864524342083866,0.35191268973142814,-0.42975197300008416,0.8282366394996643,0.3423423328592159,0.4138185246248976,-0.3087872410082915,0.8347281217575073,0.581653282016202,0.35123090934950857,-0.3776356963429524,0.8165879249572754,0.3484622724910428,0.41168044865985426,-0.25767587361091887,0.8134754300117493,0.4780666822438577,0.48336506323107076,-0.032295233292580786,0.999936580657959,0.4396584110629652,0.47085114007195,0.03194872878359723,0.9998655915260315,0.46104276559521645,0.6027101442860434,-0.08675414278689597,0.9258885979652405,0.3621459827370411,0.4819810912101762,-0.01602020097813096,0.7224729061126709,0.44380974950595964,0.7236607010228435,0.011607295897290653,0.9457005262374878,0.36014347454995277,0.5115194429093517,0.19406102223748262,0.5527967810630798,0.441790343796563,0.734699515051541,0.010023654733265816,0.820486843585968,0.3624606414401199,0.5165186965442375,0.21183437534465266,0.48206982016563416,0.4406607998341346,0.76715391697008,-0.13568775171571895,0.9242572784423828,0.335044850696046,0.5144998840438608,0.12152583515147386,0.6021490693092346
35,1.1666666666666667,0.47271403691818026,0.2644998361939477,-0.294781201099715,0.999740719795227,0.475463459910374,0.25752420481867494,-0.2757866164022952,0.9995864629745483,0.47786032055687466,0.25778269814703547,-0.2760909968899575,0.9995203614234924,0.48095446986006063,0.25806357283388426,-0.27598798412854936,0.9996883869171143,0.4690409517164234,0.25731983551755955,-0.26879402060244484,0.9997133016586304,0.46629202051913804,0.2574093955647339,-0.2691302947160007,0.9997360110282898,0.46343669404211574,0.2573961420561721,-0.269283340892721,0.9997810125350952,0.4850260128175791,0.2643049298376098,-0.16026555538273074,0.9997349977493286,0.4596461703588255,0.2636241676427695,-0.13064614637515368,0.9993735551834106,0.475304795863752,0.27608356856695343,-0.2508013291940141,0.9993948936462402,0.46856350091205745,0.27571068092397044,-0.24327691218891057,0.9993367791175842,0.5056106559620674,0.33156491252013276,-0.12546152976455122,0.9999280571937561,0.43803377591277715,0.33542566092928766,-0.022189786865121408,0.9996635913848877,0.527699907930943,0.3597644020007113,-0.18565935504183032,0.8657118082046509,0.400695514888746,0.38501624846087185,-0.02305599583818515,0.7160751819610596,0.5580982474773872,0.37271070939958817,-0.3395523593937676,0.8488388061523438,0.36278460078719055,0.4130577714976553,-0.187913168393968,0.8392794728279114,0.5648068671790765,0.3782673135195359,-0.38119360324784857,0.829688310623169,0.3521780299889649,0.42226189698713174,-0.22145473837699162,0.8138176202774048,0.5657601878013383,0.37722229762032766,-0.40522813041028494,0.8393287658691406,0.34817393284432796,0.42105357814803157,-0.25965014528546004,0.8277991414070129,0.5617530980066734,0.37598781317585733,-0.35310697835873583,0.8266257047653198,0.3548665401204425,0.41816842284415806,-0.20954433395701025,0.8066335916519165,0.4767018184760406,0.4810376151287535,-0.037878594517285744,0.9999364018440247,0.4394534857680655,0.4701639880464881,0.03754902107023177,0.9998610615730286,0.4606705302654373,0.5989844193861665,-0.09133767612884935,0.9322124719619751,0.3785821061237536,0.49845537964382247,-0.003358109865674098,0.7254910469055176,0.44609396003144536,0.7209854844532172,-8.959791607542414e-05,0.9504806995391846,0.38483016474889176,0.5281676652445249,0.21801615795325358,0.5535252690315247,0.4448665124545872,0.7321962702899798,-0.0018129374775309338,0.8319726586341858,0.389454026848422,0.5297911968484725,0.23737577927839082,0.4778328835964203,0.44021449171748056,0.7641080936592484,-0.1493595738793403,0.9309584498405457,0.36737388676302657,0.5311475780903705,0.1506749086908621,0.6087249517440796
36,1.2,0.4719963598876267,0.2681718667684181,-0.279682733598406,0.9997581839561462,0.47499337349334614,0.2607996277010231,-0.26207769043372425,0.999615490436554,0.47728489305947075,0.2611064931736513,-0.26238000074356554,0.9995546936988831,0.4801367642216682,0.2615234552954571,-0.26228413724643296,0.9997079372406006,0.46893905524640117,0.26045504997747954,-0.2535866480133453,0.9997328519821167,0.4664090756917427,0.26045419965829375,-0.2539166320624223,0.9997543692588806,0.46381206604158354,0.26042542789472567,-0.2540653220785805,0.9997965097427368,0.4840314556804633,0.26757154684951423,-0.15297234453686398,0.9997501373291016,0.46050642433974354,0.26634629510202146,-0.11654928340061946,0.9994140863418579,0.4743430783460746,0.27942689682413685,-0.2378797654217926,0.9994322657585144,0.4680071193814515,0.27917041914706314,-0.22848659049514417,0.9993807673454285,0.5011879098123331,0.3343737478758019,-0.12362981063952498,0.9999265670776367,0.4391917771930646,0.336742993660946,-0.0032870175186575524,0.9996820092201233,0.517116491570228,0.3697827930832119,-0.17781055180950228,0.8643215298652649,0.40141318169419027,0.3811040864815742,0.00826193374365487,0.7199365496635437,0.5399882956885554,0.39171439983498574,-0.32167899318868154,0.8411316275596619,0.36518782018591345,0.40742696793337313,-0.14572257806681738,0.8519313931465149,0.5456289376822004,0.39981731325273556,-0.3620150987575662,0.8191264271736145,0.35290494167801534,0.41624268414787347,-0.1765702998036016,0.8283601999282837,0.5464437407004435,0.3984745921903574,-0.385439745769674,0.8290512561798096,0.3489537814782685,0.41504686736860263,-0.2160208810054318,0.8415439128875732,0.5429890580201026,0.3960737924309069,-0.33445805354353936,0.8112372756004333,0.35717767921755117,0.41230930299181145,-0.1677106826862135,0.8220036625862122,0.47443441177938367,0.48116492900225616,-0.041634677564526136,0.9999363422393799,0.4376754615501487,0.4723748880179199,0.0413287370326455,0.999868631362915,0.46072287485088204,0.5989909271922432,-0.09044025503011907,0.9355277419090271,0.391508865980419,0.5147963641398898,0.0010507063908982385,0.7362782955169678,0.44786004537373764,0.7210255622376374,-0.008022906592624258,0.9537503123283386,0.3996262782449418,0.5539260161586184,0.2107240971105079,0.580653727054596,0.44687402215449834,0.7340680725542943,-0.007596398812412307,0.8378656506538391,0.40450243905497624,0.556824819509816,0.2282826055492404,0.4934825301170349,0.44176610754046325,0.7640784652411192,-0.15070075373613018,0.9357542991638184,0.3852606116358146,0.5633434522821725,0.13771484100799092,0.6336702108383179
37,1.2333333333333334,0.47036320877981064,0.2693475978717688,-0.20692819333429696,0.999722957611084,0.4736276925696928,0.2614570637550289,-0.2002985284031693,0.9995843172073364,0.4767599790804081,0.26164601969958223,-0.20059489100349068,0.9995177984237671,0.4780264656155252,0.26192908489903555,-0.20051698005836488,0.9996841549873352,0.46810495469762614,0.2612863718981744,-0.18889928246942544,0.999694287776947,0.4662954960277328,0.26129708305364197,-0.18921124673938333,0.9997122287750244,0.46452324483083773,0.26128427949048155,-0.18933456414119199,0.999768078327179,0.48201527249811166,0.2673082445751191,-0.13662851041140367,0.9997400641441345,0.4628062320634007,0.26682048389404256,-0.08739241844374998,0.9993509650230408,0.4734427092452238,0.2801214357509002,-0.18060961230136613,0.9993566870689392,0.4666135759089667,0.2800272827327406,-0.16736411182772254,0.999282717704773,0.4904631403355282,0.3314456454328848,-0.12943287031371634,0.9999289512634277,0.44665918045571174,0.33450496161069165,0.014879690798932255,0.9996544718742371,0.4935514612307981,0.36661450216434444,-0.18319428226154505,0.8591436743736267,0.4146638940700513,0.37886187593773446,0.030161267393476795,0.6516237258911133,0.5027296730984794,0.38938596635031913,-0.2964025350775273,0.8169594407081604,0.37940214183963483,0.4042371725431751,-0.09617401952286059,0.7856165170669556,0.5045380623893764,0.3983469496737433,-0.3328949815141323,0.7937451004981995,0.368290779767564,0.41223446499977084,-0.12008805458686618,0.7704810500144958,0.5117421953546352,0.39541350581382084,-0.3502412506786463,0.8007855415344238,0.36418478323910397,0.4110223875126431,-0.15533896733559785,0.7816900610923767,0.5102681864247194,0.3934578036482118,-0.3057006790768437,0.770343542098999,0.3709311458594162,0.4085239243221387,-0.11577696274659813,0.7626823782920837,0.4693950165192125,0.48121678682891034,-0.04834729204454111,0.9999362826347351,0.4442445740283596,0.4739938978177406,0.04802811026691917,0.9998645186424255,0.45944856005060714,0.5996799809047622,-0.08017602582054933,0.9369638562202454,0.4104287764315887,0.5137161514550408,0.07179726484734471,0.6706984639167786,0.4492699950494683,0.7215806234678984,-0.0168529088430127,0.9567305445671082,0.42197729120908917,0.5609385055455666,0.2837566098221825,0.5398341417312622,0.4490415762543749,0.7357329524517314,-0.017454691022290768,0.849193274974823,0.42577521653787465,0.5690979837924307,0.3022885151027347,0.47958022356033325,0.44328323167213496,0.7632290585146605,-0.15197596923785503,0.9354370832443237,0.41084362346960956,0.5876883690273453,0.23506072116948545,0.5828262567520142
38,1.2666666666666666,0.4668662413540511,0.26860692136787523,-0.10869286693000207,0.9994537830352783,0.47017579971637363,0.2603835865284983,-0.11205997623927842,0.9992877244949341,0.4728415022534202,0.26047202642986295,-0.1123570444144519,0.9991962909698486,0.4731638691320186,0.2606350320516746,-0.11231278466085037,0.9994985461235046,0.4672816120517184,0.260333834133018,-0.09879330785486126,0.9993793964385986,0.4652228362486188,0.26034284813846037,-0.09909210102368368,0.9993945360183716,0.4638126376075075,0.2603277998715864,-0.09919731948646873,0.9995161294937134,0.47749304263099196,0.26568834989910045,-0.09381389912372579,0.999655544757843,0.4636799986283906,0.2656736134824575,-0.03631560736339885,0.9986637234687805,0.4693566219213447,0.27911734233478386,-0.0981683454129108,0.9986978769302368,0.4646172419905771,0.27912189864132153,-0.08246318635512605,0.998357355594635,0.47793539317704004,0.3273143921454439,-0.11129160008757846,0.9999328255653381,0.4547722044889647,0.33257115403933085,0.04412461886323911,0.9996092319488525,0.4706450685707333,0.3616587418224155,-0.15157007506096754,0.8668934106826782,0.4279294647312748,0.3821289316475297,0.057945642055799065,0.589671790599823,0.469956673405976,0.3860769591804738,-0.2169165957761795,0.8038311004638672,0.40055885106535694,0.4149322464079753,-0.03817275324314316,0.7093092203140259,0.4692624475263257,0.39522246526738575,-0.24553117871678212,0.7729100584983826,0.3919984641368145,0.424430597521144,-0.05474774630729856,0.6963263154029846,0.4756059010028968,0.3921042069256205,-0.25602879740579126,0.7761997580528259,0.3873224819990277,0.423184352788167,-0.08479238557494259,0.7062546610832214,0.47557389738625616,0.39021192589125064,-0.22177427787705192,0.7342727184295654,0.3920759661704202,0.4197753207896082,-0.05473859704915814,0.6891234517097473,0.46305996680034667,0.4801753651831977,-0.05144841183038479,0.9999402165412903,0.4515204393954363,0.4735034548642856,0.05113495287925458,0.9998699426651001,0.45783307839744514,0.5986034284187177,-0.0663508110953123,0.9405575394630432,0.4361288406496286,0.5099373609986582,0.0967881044995699,0.634951651096344,0.45014464201212284,0.7205085381793734,-0.02665211362548373,0.9589009284973145,0.4424444799078202,0.5635681209964896,0.296071952278202,0.5251504778862,0.4506867688579855,0.7348084226077591,-0.02889100698071871,0.8598291277885437,0.44385321569196273,0.5731493720783926,0.3143495124560512,0.49084973335266113,0.44510572039010765,0.7613670227938638,-0.15160922047400294,0.9294884204864502,0.4310745424540434,0.593849738074628,0.26205111976889855,0.5452215075492859
39,1.3,0.4628482816363559,0.2662393837411923,-0.03299334622427051,0.9993601441383362,0.46640461044527454,0.2577124000613754,-0.044264046740423675,0.9992157220840454,0.46842240469486707,0.257804731471291,-0.04456505161520363,0.9991397261619568,0.46828769577686247,0.25795439228492856,-0.044543391741727986,0.9994655847549438,0.4661534490263785,0.25767626559305395,-0.029046503233077677,0.9992616772651672,0.46474740888738253,0.25768576909498553,-0.029330553710783018,0.9992706775665283,0.46319258623458065,0.25766745237646477,-0.029416642127969933,0.9993926882743835,0.47278087446705336,0.2629114190225131,-0.06179061143991765,0.9996510744094849,0.46430790549339873,0.2628518178099196,0.004463208480586279,0.9983180165290833,0.4645684781177543,0.2763119069237999,-0.034969269148818566,0.998461902141571,0.46198447217945565,0.2764390709162436,-0.016692179347365103,0.9978575706481934,0.467862303489289,0.3233819268249543,-0.10026464207727537,0.9999374151229858,0.46162469188973343,0.329572593881494,0.07095714867196876,0.9994935989379883,0.4518293852038378,0.35721452836100304,-0.13602850883685982,0.8773541450500488,0.43905374319602536,0.38553142240352284,0.08944470182037934,0.5316528081893921,0.443446982341419,0.38221610406912404,-0.16990076058989614,0.8126465678215027,0.4165737317763244,0.42000386468457157,0.024216840662533958,0.6393982768058777,0.4409818596833557,0.39072484793449636,-0.19354015501235966,0.7800230383872986,0.4097567262847175,0.42982333202626344,0.015271586293412936,0.6284491419792175,0.44609193301991323,0.387806080823837,-0.1985908060791564,0.781441330909729,0.4039849920711407,0.4284139258436881,-0.011369612899243944,0.6373110413551331,0.4471710407714839,0.38581208189369154,-0.17139542663285215,0.7321848273277283,0.4072544117267476,0.42470011790630846,0.009861576266437445,0.6220400929450989,0.457279856636364,0.4781618195074031,-0.05339277874997158,0.9999443888664246,0.45765418560359117,0.4718477890621872,0.05307577187554182,0.9998737573623657,0.4567401606409661,0.5984995600557907,-0.0577066627993119,0.9449863433837891,0.4570801813074965,0.5053296029667493,0.11602189306146245,0.6122270226478577,0.45105685305614207,0.7203583733599439,-0.04019735449813472,0.9618328809738159,0.4587025367393207,0.5639789449784972,0.29807899253769893,0.5232394337654114,0.4525464846349001,0.7345356568698661,-0.04406698186512274,0.8707377910614014,0.4582466149280834,0.572500263018317,0.31564615762717274,0.5088333487510681,0.4465754264498982,0.7614043178758402,-0.15505027032587376,0.9303940534591675,0.4474061895205971,0.5958649604745558,0.2765901766386167,0.5238786339759827
40,1.3333333333333333,0.4600006864537969,0.2643942855702514,0.042775680379493086,0.9992671608924866,0.46294503565727296,0.25575954550986296,0.027976435977434433,0.998998761177063,0.4642803552680177,0.25576135889823226,0.027694906463891417,0.9988657832145691,0.4636189222714247,0.2558024402125403,0.027700461561729492,0.9992849230766296,0.4647253848182732,0.2559384843961683,0.03868656612363335,0.9991692304611206,0.46407059760712827,0.2560086593565197,0.03841091203204354,0.9991936087608337,0.46313090507820587,0.25605141518775815,0.03833395326684286,0.9993454813957214,0.46696176098039766,0.26055637597805503,-0.012373177659768336,0.9994932413101196,0.4648176798586328,0.2612905614942332,0.0352450706825617,0.9981347918510437,0.46036716047815224,0.2741084238904185,0.03285858764361724,0.9979999661445618,0.4604245521204954,0.2744569957830653,0.0453415629550825,0.9975708723068237,0.45722991233478444,0.3211904992072256,-0.05645977406478417,0.9999331831932068,0.46732494096804594,0.32628224099059144,0.07710821649407683,0.9995264410972595,0.439714509312905,0.3614811864795013,-0.09019617429926838,0.8028482794761658,0.45003304262180555,0.38996800088471045,0.06542212684359504,0.4956006109714508,0.43610906229366264,0.3847946591624138,-0.11512770369519895,0.7337360978126526,0.43183607165489973,0.42261828831227916,0.02018798432560631,0.5836573839187622,0.43349545443119686,0.39103033120929076,-0.13375569101482557,0.705217182636261,0.4275789375886035,0.4322089475385833,0.012967156329805428,0.5732271075248718,0.4367838312553032,0.38688508515010045,-0.1388063014324066,0.7063461542129517,0.4205840026871591,0.4300202679875119,0.018006372059642332,0.5808512568473816,0.43749597034240745,0.3853978616849891,-0.11673907427172395,0.6614692211151123,0.4229580333584983,0.4270285450499544,0.016731914311262783,0.5652351975440979,0.4505806226360721,0.47777055921522094,-0.03797962860324563,0.9999479055404663,0.46116984149920764,0.4719873955802826,0.03764821439389231,0.9998835325241089,0.45472131570242963,0.6003765946648134,-0.0370597088788167,0.9397963881492615,0.47728536714300235,0.5031485149622748,0.09907022953453859,0.602120041847229,0.4517663635607075,0.7223872396189719,-0.041376363511342135,0.9576718807220459,0.4668687342242513,0.5686314115556432,0.2544658366925539,0.5153371691703796,0.4541634454033874,0.7369123880971327,-0.05103100805806553,0.8760697841644287,0.46354250225155225,0.5748897749270298,0.2700848430387731,0.5097530484199524,0.44831608266905987,0.7629974591579601,-0.13600526721119152,0.9021151065826416,0.4546435972562139,0.6011321762801182,0.24461697952749484,0.4904218316078186
41,1.3666666666666667,0.4595288968995371,0.2643009508535444,0.08993043571228024,0.999282956123352,0.46133929631008774,0.25548185261980094,0.07216570723174388,0.999009907245636,0.4618863105990718,0.25540755808303633,0.0718935366701215,0.9988811016082764,0.4607731077607091,0.2553710129275769,0.07188973033433609,0.9992848038673401,0.46479777457304966,0.2557811486438829,0.08050524227743541,0.9992007613182068,0.46506124965836043,0.25588074816388057,0.08023030373847093,0.9992315173149109,0.4651109365715156,0.2559556209962986,0.08015491261288682,0.9993748664855957,0.46278650316854936,0.26012626899520386,0.015442872948209995,0.999506413936615,0.4673433992330648,0.2613880614239986,0.053033406002894,0.9982331991195679,0.4589256293721638,0.2738899005685105,0.07444493949770467,0.9980237483978271,0.46095767794709885,0.27432147212139835,0.08384021977368221,0.9976585507392883,0.44953177961812457,0.3207690203788694,-0.032436403534739366,0.9999339580535889,0.4735159180898844,0.3254501007295506,0.07982789121516279,0.9995595812797546,0.4318545735728026,0.3659175065791972,-0.045662797159677374,0.7751067876815796,0.4623673774721438,0.39352528403759074,0.05360538440128265,0.4933059811592102,0.43561094130646005,0.3881998591916066,-0.03391625183797299,0.6643686294555664,0.4440631658862212,0.42373900230211436,0.024946797899095506,0.5296831130981445,0.4345496146760623,0.39298515321145155,-0.043267232670414754,0.6390452980995178,0.4405838168779669,0.43237974882357055,0.01969569202520654,0.51986163854599,0.4383951358968725,0.388085738774224,-0.04926389112094759,0.6398804783821106,0.43298697284083065,0.43004984652081846,0.024413366485706856,0.526608943939209,0.43897530656289385,0.3868529790317826,-0.03500907343094228,0.5990604758262634,0.43521568706805536,0.42735936105122013,0.02232461140398251,0.5120477080345154,0.44590441029725686,0.4790998826585843,-0.028855538065799904,0.9999502897262573,0.46646826054816753,0.47326936790099,0.028523127655644912,0.9998902082443237,0.45305214339374644,0.6028807497762314,-0.02207471049735773,0.9439029693603516,0.4944466711912719,0.502058581490955,0.0891855325391315,0.6111763119697571,0.45487686278901385,0.72520317248842,-0.037130979399080145,0.9603143334388733,0.47399954486569157,0.5735589767395527,0.2270965714886121,0.5379844903945923,0.4579861417184533,0.7396933242671041,-0.04826069205066437,0.8865609169006348,0.46807433823607664,0.5783517442439876,0.24122584587141593,0.536911129951477,0.451987259843611,0.7660421372134657,-0.11619142773032672,0.9029396176338196,0.4600161973303616,0.6072923389455561,0.22573699895171376,0.48871615529060364
42,1.4,0.46139236163747366,0.2653496607633107,0.09388555599383101,0.9992477893829346,0.46226252816041796,0.2561082322918164,0.08040561246627431,0.9988815188407898,0.4622375945327822,0.2559713726989582,0.08014337389266657,0.9987531304359436,0.46088241788924716,0.2558836191463174,0.08015324602749468,0.9991751909255981,0.46638921430713115,0.2564536309662958,0.08409773860738126,0.9991711378097534,0.46704420523744383,0.25652681033344676,0.08382571504888109,0.9992222189903259,0.4675288920849719,0.2565768498220348,0.0837517743811268,0.999358057975769,0.4615204316816238,0.26046737377895623,0.04097014748087974,0.9994646310806274,0.46888701630405377,0.26184255790686867,0.037309901325223355,0.998294472694397,0.4603383876026074,0.2750344701446983,0.08369785538873097,0.9979594349861145,0.4632189981758213,0.27542051880462604,0.09003096031334801,0.997690737247467,0.4465511548950645,0.3210280052131418,0.024602430992661684,0.9999128580093384,0.47377769784609397,0.3254711212157001,0.035532385728429455,0.9995605945587158,0.4317846726990173,0.3721134743633599,0.029360873329793875,0.7073031663894653,0.47142925446804174,0.39722488581707005,0.006808375582311517,0.5392860770225525,0.4459026920558034,0.3922421831958176,0.031114814548179034,0.6200261116027832,0.45705560225770137,0.42735353851836266,0.0043890404102262335,0.5679141879081726,0.44606467435843167,0.3965775656487876,0.02731673766927821,0.6058720946311951,0.4564819740107978,0.43464510484466123,-0.0036735199726214817,0.5540605783462524,0.45087511682047476,0.39200801332439006,0.016563501284961944,0.6067366003990173,0.44946203177642907,0.43099088845640954,0.005376460282228412,0.5587478876113892,0.4513455109687926,0.39097372189893687,0.027642845861008424,0.5679360628128052,0.4505191817833799,0.42822405134833497,0.005082146871741104,0.5367202758789062,0.44279203082136986,0.48037944994519105,-2.417403938649587e-05,0.9999485015869141,0.46653339939012883,0.47463980863692823,-0.00030904137132768683,0.9998878836631775,0.4510789758930783,0.60479948519623,0.011169146183105744,0.9454359412193298,0.5062828476462121,0.5014639303735507,0.048374684836171314,0.6464930176734924,0.4557295413482215,0.7283393285853572,-0.006391595558584668,0.963403046131134,0.4801073375015547,0.5767867308472154,0.19537756964627545,0.5766385197639465,0.45836547008350603,0.7428721275044111,-0.01668765953898005,0.8952178359031677,0.4725992560014655,0.579400737809381,0.21078225856426472,0.5645720958709717,0.45412532057034993,0.7681907412316864,-0.07896298301288088,0.9103376269340515,0.4657458742477011,0.611491690715674,0.20445857424020103,0.5250594019889832
43,1.4333333333333333,0.4645578989198913,0.2662535377983505,0.08089882805137347,0.9988574385643005,0.4644153158419064,0.2567013657983405,0.08179783641196145,0.9984530806541443,0.46397441675898465,0.2565199642914679,0.08158265598518327,0.9983336329460144,0.46249725807518455,0.25638949532836264,0.08165876089073362,0.9988389015197754,0.4683009858693806,0.2570117850450181,0.06723256504738127,0.9988762140274048,0.46880726161548486,0.2570372726015257,0.06695416969135622,0.9990281462669373,0.46919615748457605,0.2570360604759767,0.06686164220585346,0.9992184638977051,0.4613804576353424,0.26064020656555337,0.05669629467307251,0.9992843270301819,0.4687738255490627,0.26183174337065107,0.012937399874825457,0.9981610774993896,0.4628192837955429,0.2758960934729465,0.08488986754322629,0.9977946877479553,0.46562403899793026,0.2760913909539863,0.07186961380620595,0.9976102709770203,0.4481346110872679,0.3205084126821881,0.06832995566692582,0.9999033212661743,0.4720061083414488,0.32299219052255057,-0.014700522495107188,0.9995987415313721,0.4371907530697922,0.3765133567695287,0.08230193446618037,0.648750901222229,0.4793759058968366,0.3926394841644603,-0.05760373095807536,0.5832025408744812,0.4568099375516844,0.39986172957655397,0.057238111477443766,0.58500736951828,0.470286166153456,0.42451262595253003,-0.05515314971127368,0.6084125638008118,0.4573228830074552,0.4069957043545608,0.05461584343452701,0.5803799629211426,0.4713473025116766,0.43151427724683167,-0.07062666469535839,0.5945492386817932,0.46328500581730353,0.4024309440136342,0.03751482275795117,0.5822878479957581,0.46548807503719053,0.42728312608944735,-0.060533884388373815,0.5979654788970947,0.4640733612232248,0.40051253152122385,0.05035979108260563,0.546967089176178,0.4654807947578387,0.42464982807360124,-0.053562282981074766,0.5737348198890686,0.44425380338530807,0.4812189842637111,0.02798713867268,0.9999526143074036,0.4624869646079294,0.4772698295572,-0.028274221363839426,0.9998985528945923,0.46351081002504246,0.5833804067294774,0.04511942707765289,0.9370973110198975,0.4978418198818665,0.5205982263721373,0.0057493310065427974,0.6815992593765259,0.46392503227842347,0.7009700359243687,0.060966811026514835,0.9570727944374084,0.4767353967802591,0.610181889994758,0.13099771589199008,0.6187915205955505,0.4632153803370045,0.7139961710783612,0.05502315931202879,0.8883278965950012,0.47045945157469,0.6139666176310494,0.14375101706706164,0.6052989959716797,0.46136332602827185,0.7469067097929412,-0.0007605232918613675,0.9101508259773254,0.47015312399961207,0.6447568221994207,0.12101382751783257,0.5719454884529114
44,1.4666666666666666,0.4671044637977231,0.26751179284087984,0.0473347110176295,0.9989365935325623,0.46632849008137633,0.25776947017044827,0.053228262634897085,0.9985725283622742,0.4657451780827385,0.25756173880831196,0.053000471036434266,0.9984652996063232,0.46434507466444175,0.2574104466518874,0.053078235996779244,0.9989331960678101,0.46947349095157936,0.2580547048793217,0.03247433095296971,0.9989641904830933,0.46964806935689407,0.2580513698626743,0.032191156923787254,0.9991048574447632,0.4697297251972472,0.25802179721672147,0.0320835649326086,0.9992806911468506,0.4620809654372735,0.261389298687472,0.06750986547251744,0.9993404150009155,0.46766234356058844,0.26243399728872985,-0.020094790975687594,0.9983115196228027,0.46505419887909105,0.2771532758653573,0.05987608130040134,0.9979904890060425,0.4673722886764421,0.2772029706724742,0.037113243672849655,0.9978244304656982,0.4504478585443935,0.3209648954268987,0.08872722580208417,0.9999095797538757,0.4694942310955474,0.3222672069822574,-0.062408975836329955,0.9996352791786194,0.446926860896178,0.3795468741278715,0.11449483327881867,0.6407841444015503,0.48384171922968155,0.3901714439240395,-0.11711638185860017,0.6223008632659912,0.47463087636881574,0.4042001914876376,0.07241849260765305,0.6101650595664978,0.4845881038768314,0.4218484280506,-0.11889186527378023,0.6416300535202026,0.4779370724227583,0.4123545925734885,0.07049861985622236,0.6033728718757629,0.48883635656692354,0.42946256056683246,-0.1428606168833746,0.6251089572906494,0.4831008018903869,0.4080923435719141,0.0468290164822904,0.6072906255722046,0.48508318892668645,0.42550034778251955,-0.13075387062221056,0.6272242665290833,0.48270227741463984,0.40585316337326477,0.062341944141240044,0.5743069052696228,0.4831838050323921,0.4227363476698572,-0.11654053131220218,0.5957626700401306,0.4461424212284243,0.48138646707243427,0.049120670776755,0.9999549984931946,0.458445166146597,0.47975791728747147,-0.049337147026126474,0.999907374382019,0.4721746224888515,0.5770059638992285,0.09791718703664742,0.8686150908470154,0.48829553183444324,0.5380891447400116,-0.04159005955493583,0.7129663228988647,0.4700325529107829,0.6807381894607403,0.18107475000553697,0.8853301405906677,0.47135589364979,0.6373259627391834,0.06147406366026623,0.6563411355018616,0.4681383089249901,0.6926009583258899,0.18290776587789448,0.8228574991226196,0.4653609025026399,0.6423369776482397,0.07135438329084423,0.6369192600250244,0.4691978807382288,0.722507993215538,0.13775920140157533,0.8556428551673889,0.47094996464168004,0.6731334023694063,0.028824269599512314,0.6134258508682251
45,1.5,0.4697416706419165,0.26806372229707254,0.021553259934254148,0.998999297618866,0.4683568991383829,0.2581389773211075,0.031037266461058345,0.998664140701294,0.46779943365039356,0.2579295721043756,0.030798308615406535,0.9985647201538086,0.4666240884174776,0.25778586555665994,0.030872203132444053,0.9990022778511047,0.4706063257265363,0.25842572201965786,0.006719680369478131,0.9990364909172058,0.47047215435375433,0.2584264725615815,0.006425407655081795,0.9991704225540161,0.470289524608084,0.2584017992071823,0.006300760094916008,0.9993342161178589,0.46347917626457596,0.2615520830248633,0.06772799710579992,0.9993782639503479,0.46715545624351146,0.26254318075451816,-0.04200808091840376,0.9984455108642578,0.467664786898017,0.2775465491819994,0.04042879092671717,0.9981511831283569,0.4692092870708922,0.2776603234011799,0.011535359969191264,0.9980067014694214,0.45410928636654335,0.32091886407410297,0.10925520119561027,0.999908447265625,0.4680506229185651,0.3212543489304598,-0.09578393711632552,0.9996681213378906,0.45721113584058526,0.38140470926850156,0.14940189846798346,0.6336907148361206,0.4858086028635675,0.3870789996785007,-0.16035463976309802,0.6590791344642639,0.4890553392148629,0.40681654719218135,0.09700417055472861,0.6372999548912048,0.49608946998711195,0.41920459856335013,-0.169231012618516,0.6766740679740906,0.4946515405309514,0.4153019957112029,0.09648806537316018,0.6302276253700256,0.5028507548412028,0.42763223613302004,-0.20006022649193464,0.6611180901527405,0.4990977007528097,0.41152569047542853,0.06676296140927834,0.6355831623077393,0.50039204988403,0.42401449085281095,-0.18699024291259833,0.6629102230072021,0.49788929500024864,0.40914897749645796,0.08414807978946526,0.605520486831665,0.4977016552327201,0.42117866997035514,-0.16644887480264797,0.6327945590019226,0.4494600099720341,0.48128036438731464,0.0645611494407858,0.9999550580978394,0.45593777889119336,0.48157396211529746,-0.06474099389609128,0.9999145269393921,0.4758458578260083,0.5748011153762939,0.1320030126846065,0.8261149525642395,0.4817566332597085,0.5508720793416588,-0.0790827243137451,0.7411668300628662,0.47252051158937797,0.6680212519498709,0.2585210634143765,0.8402133584022522,0.4673982012076224,0.6586577998428372,0.007275585668864139,0.6901604533195496,0.4703047205113163,0.6784022156816245,0.2654658383614948,0.7813380360603333,0.4618761958330244,0.6650379048052952,0.015046223752253202,0.666761040687561,0.47238931162287984,0.7060919227583021,0.22644000848350793,0.8274663686752319,0.47010093342313775,0.6952065818418723,-0.041354738781659475,0.6509009003639221
46,1.5333333333333332,0.47006063862646524,0.26847272543778533,-0.06643959613981604,0.9990909099578857,0.46945677014634124,0.2587445160909552,-0.05276378246411187,0.9987854957580566,0.4694553709536969,0.258584511133939,-0.053021610891698656,0.9986933469772339,0.4689522650101221,0.2584933464178386,-0.05294400886973405,0.9990933537483215,0.4696915549228211,0.2589349315825546,-0.07315976089190879,0.999122142791748,0.4688972376952335,0.2589106994244173,-0.07346849406071243,0.9992411136627197,0.46807074492928247,0.25884140897714786,-0.07360658647411693,0.9993890523910522,0.46591842373799425,0.26226283168624087,0.008824703333227574,0.9994255900382996,0.46488001651827887,0.2629614919922327,-0.0826877836316243,0.9985277652740479,0.4691346302435879,0.27821848030024743,-0.038612596557466794,0.9983175992965698,0.46872332853751236,0.27826796265812503,-0.06352574155737298,0.9981695413589478,0.46255058635726,0.3272130450841089,0.06414857145786013,0.9999154806137085,0.4643284114576308,0.3225672617646974,-0.10995599217275266,0.9996089339256287,0.477745587901529,0.3855304631991102,0.09997050800000327,0.6696082949638367,0.48278623974647356,0.3898961658629837,-0.1721280745411992,0.6081340312957764,0.51726108881285,0.4173035151482497,0.030509115729127977,0.6725426912307739,0.4938265659645551,0.4243802820141307,-0.21260303496067579,0.624169111251831,0.5247917207065611,0.42739742006987796,0.02524611675356741,0.664858877658844,0.4994023007318005,0.4335384541018713,-0.24822627310259393,0.6089860200881958,0.5286800392446005,0.4249211970049473,-0.007844660846607433,0.6701284050941467,0.49669767022943906,0.4300600749964083,-0.243536337270963,0.6121559143066406,0.5263310607522724,0.42187513348310013,0.016292366221036317,0.6423780918121338,0.494683958764979,0.42695958833842246,-0.21391765195754475,0.5835989713668823,0.45280742332347346,0.4822542525181074,0.05924638462771967,0.9999546408653259,0.4512920655862182,0.4821480107475647,-0.05941471016834902,0.9999037981033325,0.4744027214698754,0.5808522777184858,0.10407410004754993,0.8339811563491821,0.4679594277479492,0.5490019358138845,-0.1661558424640939,0.7627508044242859,0.4686350386381689,0.6789674844939901,0.24443118354161916,0.8525092005729675,0.4605489521491085,0.6683314457123848,-0.047216893168165235,0.7000765800476074,0.4660549725517292,0.6895374105531082,0.25169558975212614,0.7726245522499084,0.45792872212328606,0.6726815130737503,-0.0367154122105728,0.6473130583763123,0.4704590305801689,0.7184174001245329,0.17910117183783833,0.8388095498085022,0.46284982144980885,0.7056191557914896,-0.11247007080106128,0.6667032241821289
47,1.5666666666666667,0.47090051366567437,0.26998780011688517,-0.1147977351854001,0.9990107417106628,0.47132694977735523,0.2603850264945551,-0.09772715908242842,0.9987273812294006,0.4720244403416852,0.26025354451034716,-0.09800465816907689,0.9985499382019043,0.47232167372177736,0.26020215170542854,-0.09794093284429467,0.9990633726119995,0.4697015490688421,0.2605393651731633,-0.11550307358407433,0.9990368485450745,0.4684398938453686,0.26049584411716303,-0.11582245596298055,0.9990929365158081,0.4671505538577887,0.2603914480198013,-0.1159735089933673,0.999291718006134,0.4708172431807164,0.26401963686679647,-0.018966229732108333,0.9992595911026001,0.4640997434576107,0.2644834876791053,-0.099316444979855,0.9973189830780029,0.47124126880523887,0.279895217279882,-0.08107532191064278,0.9979870319366455,0.4690932441132756,0.2799409657587059,-0.10351552659878008,0.9974987506866455,0.4724123844774911,0.33337283296610576,0.04687595312844856,0.9999158978462219,0.4620903528525471,0.32509677763097705,-0.11542402926430329,0.9993636012077332,0.4959712456149942,0.38975114459606974,0.07958640569720424,0.6882573366165161,0.4816714130199261,0.3900311551237475,-0.17742946399118134,0.5516234636306763,0.5398523020655184,0.42566965908359156,0.000517552181972275,0.6944028735160828,0.5033870045751895,0.4246318809955328,-0.23576206678472117,0.5691826343536377,0.5486060882853417,0.4367446696545979,-0.00651758137166232,0.6832594275474548,0.5104308955105584,0.43315353781397536,-0.27529805575102223,0.5575593709945679,0.5521568781566315,0.4352715187830241,-0.04261130389898816,0.6898103356361389,0.5091069931392522,0.428902574564852,-0.2730336728842311,0.5607075691223145,0.5489601712980692,0.43181885937136366,-0.014823906320169456,0.6618972420692444,0.5067631275111137,0.42583461462379235,-0.23838916205104155,0.5323577523231506,0.4580461228373065,0.48442347668304553,0.05549754635293852,0.9999570846557617,0.4479259815502746,0.48268719429400214,-0.0556609897278119,0.9999052882194519,0.4732852098855012,0.5883994031802013,0.08888579506640712,0.7942865490913391,0.45931907884560114,0.5451929083621934,-0.24682524735795386,0.7622573971748352,0.46542201068679057,0.6903438129658168,0.22188777129048537,0.8231850862503052,0.45107952812751306,0.6430379108661589,-0.18760056978396414,0.6745877265930176,0.46228977958370876,0.7012873447043206,0.2278794887919096,0.7302265167236328,0.45054090212583287,0.6509603513507278,-0.18390132554226374,0.614484965801239,0.46869001981210606,0.7313096685881905,0.14188253280859076,0.8077518939971924,0.4530779578611659,0.676483905600165,-0.2790093577782827,0.6612741351127625
48,1.6,0.47160251240843787,0.2734073931089472,-0.16557276982472374,0.9991079568862915,0.4726689326703454,0.2639018356868398,-0.14585667862185772,0.9988523721694946,0.473894709766915,0.2637683285736444,-0.14616118406969952,0.9986921548843384,0.4748073219597829,0.2637117733242504,-0.14609228165179772,0.9991553425788879,0.46979740105947254,0.2641707028870077,-0.16134777033854342,0.9991305470466614,0.46825348499536157,0.2641748628412513,-0.1616734711302075,0.999180793762207,0.46664959127464556,0.2640999721487141,-0.16183692844963632,0.9993593096733093,0.474323725355381,0.26761688129557415,-0.050925482513713,0.9993316531181335,0.46359977292167576,0.268355091682287,-0.12102704716505,0.9975696802139282,0.4728916049007753,0.28344531753313434,-0.12626368029030788,0.9981839060783386,0.4695688526641024,0.2835731439527651,-0.14631139002538612,0.9977362155914307,0.48029774553519017,0.33994424353621905,0.027432275258345195,0.9999226331710815,0.4600216126894263,0.3297062863948532,-0.12667809687915374,0.9993091821670532,0.510857949577045,0.39489355765191725,0.06367478383341298,0.7178119421005249,0.4782268254594222,0.3877264467924066,-0.21565211950164587,0.5684713125228882,0.5589654185496024,0.4335681098197386,-0.020652189952061962,0.7241907119750977,0.5019401779780764,0.41247021496040764,-0.32444629411791537,0.5841180682182312,0.568458907349364,0.44577720698545154,-0.029943615637936995,0.7133345007896423,0.5085945718427797,0.41816935619683654,-0.3735962263092722,0.5655809640884399,0.5718766386560058,0.44481818633817316,-0.06938679945955911,0.7195723652839661,0.5080639704348014,0.41347307196636773,-0.37199763099173055,0.5694425106048584,0.5680325964303115,0.4407504905427805,-0.03741710304221756,0.694133996963501,0.5058957031509799,0.41150847194823204,-0.32897855306373536,0.5351781845092773,0.46223017901708763,0.48837903654547005,0.05076725917597835,0.9999571442604065,0.4455327590484344,0.48387321269815853,-0.050936146073486184,0.999891996383667,0.4728394685658238,0.5987173072173897,0.07171532232147883,0.8115628957748413,0.4457810195850732,0.5433333163351595,-0.22750126008467955,0.7612443566322327,0.4626885423832886,0.7032415597768027,0.20465241069883724,0.8389623761177063,0.4353795868382415,0.6307438851209985,-0.10110665485275136,0.6535242199897766,0.4584190673686564,0.7150224593936608,0.21021261991567022,0.7394728660583496,0.43762906903750787,0.6368482958365945,-0.09127226284610054,0.5760117769241333,0.46636849931123386,0.7438351732511805,0.10615904654863352,0.8235345482826233,0.4351970822699959,0.6619507459238063,-0.186457663887433,0.6447992324829102
49,1.6333333333333333,0.47127103579743757,0.28004376806413506,-0.19273429408882486,0.9991892576217651,0.4724010946951952,0.2707945589456046,-0.17121288919914562,0.9989530444145203,0.4734756973639074,0.2706938122882177,-0.17154096362892293,0.9988053441047668,0.47388329496676723,0.2706472385356145,-0.17147711922561545,0.9992289543151855,0.4691463878189569,0.2709314046902727,-0.18490763581960262,0.9992023706436157,0.46748812116966426,0.2709249041050394,-0.18523541395382823,0.9992472529411316,0.46574522460848516,0.27081513801516494,-0.18540908680558377,0.9994060397148132,0.47534729059252967,0.274775673763562,-0.06549454254675587,0.9993878602981567,0.4626630187068304,0.27521946208941317,-0.1285657454852605,0.9977256655693054,0.47271459130756777,0.2903412865997454,-0.14965410519042904,0.9983406066894531,0.4690415200194167,0.29044075241888573,-0.16780294269064308,0.9979012608528137,0.48704502667759875,0.3472206763059135,0.019294597404283034,0.9999266266822815,0.4567987637186262,0.3368063671532755,-0.13484762163286193,0.99919193983078,0.5232463722474847,0.4004678673440595,0.0559134521084802,0.7422665357589722,0.47510910436381093,0.38891804500158395,-0.23518642400329676,0.5685837268829346,0.5732794306181207,0.4401553381825789,-0.03307375693704073,0.7495235204696655,0.4992931245191574,0.40843576712343727,-0.37994655204405975,0.563297688961029,0.5837748759068965,0.45272323870584574,-0.04493227319081765,0.7382727861404419,0.5055151408788106,0.41097334991713697,-0.4351916465970074,0.5448864102363586,0.5869900571402745,0.4520112015214538,-0.08566814431983333,0.7445534467697144,0.5058921959451773,0.40446181690997485,-0.43426558460432113,0.5504456758499146,0.5825099746006477,0.44769430203949134,-0.050581554783829294,0.7210814356803894,0.503853158881357,0.402920981237411,-0.38577186882197145,0.5111764669418335,0.46389293642734153,0.4953769595442915,0.04675660623819214,0.9999539852142334,0.44382463982343556,0.48826136759007466,-0.04694427311857657,0.9998645782470703,0.4719880144463364,0.6091668313629787,0.05402418877556872,0.8276522159576416,0.43311900381075447,0.5463338264000505,-0.18782987785105473,0.7618028521537781,0.4601000455376442,0.7153989713301004,0.18624155998058017,0.852337121963501,0.4085585740946686,0.6232098636715973,-0.02433859336682731,0.6599814295768738,0.4550836395535838,0.7276574086786829,0.19149279493000484,0.7489420771598816,0.4087271607056307,0.6281375460533318,-0.01128068520914896,0.5608694553375244,0.4640224941038713,0.7543138733943802,0.07503026943393969,0.8364117741584778,0.4017452475650305,0.6487953588897821,-0.10627306565665377,0.647392213344574
50,1.6666666666666667,0.47145574891948133,0.2906528551155169,-0.228963058401505,0.9992701411247253,0.4733731374011608,0.28168655654238844,-0.2062982572921287,0.9990571737289429,0.4749049863556935,0.2816212754574682,-0.20663304854496614,0.9989241361618042,0.4759023558452584,0.28145867372616384,-0.2065600221779076,0.9993054866790771,0.46901161723940094,0.28142768308789284,-0.21714050768304954,0.999281644821167,0.4672088684170626,0.2814571497416788,-0.21747777207910401,0.9993221163749695,0.46526125122024053,0.2814116872770566,-0.2176540314585243,0.9994648694992065,0.4783819424184505,0.2859573815765784,-0.09055022198796384,0.9994485378265381,0.462312841670092,0.28610757176255674,-0.14074333848946183,0.9979506134986877,0.47384421232727547,0.30127876844011087,-0.18247552254690166,0.9985057711601257,0.4688248600350199,0.30115487497225013,-0.19721913487548576,0.9981094598770142,0.49307882379128243,0.3583647152669907,0.00018589403121847294,0.9999332427978516,0.4535099545769097,0.347763219035426,-0.13044343080215282,0.9992533922195435,0.5335100848247891,0.4065820257893912,0.034843284994420694,0.7675186395645142,0.4629573099571989,0.3937144536047035,-0.23129502958555762,0.5996041893959045,0.5843456779570466,0.44281159165776796,-0.06327692601755938,0.7743397355079651,0.47781445127348643,0.408585294864215,-0.4017206527385691,0.590747058391571,0.5951916511254265,0.454568431230383,-0.07906864647265091,0.7638664841651917,0.4811296724100152,0.41033168346320414,-0.4582042078518486,0.5676394104957581,0.598200429098744,0.45397110531543533,-0.12080874982414454,0.7696412205696106,0.48159204013671225,0.40356042044600815,-0.46285581336727744,0.5749583840370178,0.5934940634557352,0.4497402024019905,-0.08168506803001349,0.7483879327774048,0.4805411372444168,0.40241588198232925,-0.41046644285369926,0.536535918712616,0.46772378024308936,0.5029211754504587,0.03941204130606181,0.9999526739120483,0.44253968579526404,0.493706255494216,-0.039615728433371564,0.9998607039451599,0.47284563456730666,0.6224691789393213,0.037311200620533155,0.8428665995597839,0.41546380918417486,0.5463967571069872,-0.16992372627901725,0.7791021466255188,0.4566564833157755,0.7283278255141361,0.17221218477953942,0.8641849756240845,0.37923719421412516,0.6138916685654985,0.005798302273378051,0.6787561178207397,0.45031676973489587,0.7403928223314974,0.17744148987594494,0.7614649534225464,0.37524210923594287,0.6165346970202841,0.019614307890307874,0.569663405418396,0.46223360368008565,0.7643698388749868,0.05106238572003029,0.8485678434371948,0.36826952304369037,0.6340826992124471,-0.07944258278946123,0.6669964790344238
51,1.7,0.4729336615980913,0.2981161713306909,-0.2594181820859162,0.9993425607681274,0.4752243158026619,0.28928509544612413,-0.23565019282140245,0.9991496205329895,0.4771597064078298,0.28920572525254606,-0.23599362412472635,0.9990296363830566,0.47868404068854975,0.28904301874983523,-0.23591386209126464,0.9993733167648315,0.46995308026769034,0.2890143590251922,-0.24453109353200558,0.9993517994880676,0.46797144606983565,0.2890261108137265,-0.24488052014286457,0.9993883967399597,0.4658585827713077,0.2889656399985094,-0.24506220708940574,0.9995164275169373,0.4816844157927529,0.29361962867030544,-0.11172392968201608,0.9995023012161255,0.46295022494861615,0.29375663331718055,-0.15274876023143708,0.9981476068496704,0.47591161775139496,0.30900339773449387,-0.21023294622719715,0.9986531734466553,0.4698625264970093,0.3088366583445566,-0.22265079591794065,0.9982940554618835,0.4989676623894001,0.3663429267669316,-0.015106223115647873,0.99993896484375,0.45188640643241307,0.3572743586393299,-0.12792023790469828,0.9992889165878296,0.5417378104022744,0.4109141837593197,0.020095263846998994,0.7900711297988892,0.4516660618755794,0.3984894794257414,-0.22984588198778005,0.6257264614105225,0.59306352744936,0.44381649644605686,-0.08381089253918703,0.7966565489768982,0.45589081485011007,0.4071471898196776,-0.4208800296216962,0.6152428388595581,0.604550109886511,0.454560595374954,-0.10139688874467395,0.7868834733963013,0.4560761426055698,0.40758076917917413,-0.47794280378045695,0.5880313515663147,0.6073133674529585,0.45387618678718405,-0.1448022031391973,0.7922118902206421,0.45637781458795085,0.4007853420908617,-0.48763125516816064,0.597008228302002,0.602377423054084,0.45006739548547553,-0.1032192882222287,0.7729838490486145,0.45643234558801865,0.40034194831972847,-0.43229749319615135,0.5597137808799744,0.4714544720781705,0.5098045558685081,0.03411546686523671,0.9999526739120483,0.44247206512176884,0.4988188217911558,-0.034335621173985136,0.9998574256896973,0.4749293965541236,0.6312702846693938,0.02567642010709737,0.8568740487098694,0.4027713954697406,0.5496500095857108,-0.15989526822825265,0.7946641445159912,0.45554808481400977,0.7377584163221429,0.16338137308829215,0.8758066296577454,0.3567255009490289,0.6045906139603672,0.01942141623852585,0.700236976146698,0.44816330064550497,0.7505708282282061,0.16859212971636517,0.7751808762550354,0.34914427152401895,0.6071889259878964,0.033543253669656575,0.5846900343894958,0.4619846676811141,0.7711014980985884,0.034649517452773844,0.8605345487594604,0.34147386803042556,0.6196150559752206,-0.06184153955883532,0.6894388794898987
52,1.7333333333333334,0.47482685027505206,0.3006487923358891,-0.2849475864233042,0.9994083046913147,0.4775966009185012,0.2918615757454967,-0.2605019664302355,0.9992345571517944,0.47997275900720116,0.2918335361216452,-0.26084540250329535,0.9991265535354614,0.48181200156927134,0.29174353257800345,-0.2607589463794765,0.9994359016418457,0.4717495039686363,0.29159887744547,-0.2676340471401405,0.9994165897369385,0.4695483740877957,0.29163762738979043,-0.2679915655265743,0.9994494915008545,0.4672982499613139,0.2916246010414422,-0.26816562991258064,0.9995647072792053,0.4851517953437817,0.2962728267772971,-0.13159645441925893,0.9995520114898682,0.46407252196494736,0.29642536513827167,-0.1642057697283191,0.9983324408531189,0.47843101267555044,0.3113863817246737,-0.23420529173806334,0.9987877011299133,0.47159087229986296,0.31138108000002057,-0.24449410644595437,0.9984643459320068,0.5045862150783356,0.3676779880108145,-0.03123588471787469,0.9999448657035828,0.4513633025582246,0.36141881216193816,-0.1259734049898498,0.9993525147438049,0.5521425194802659,0.4084546606593557,0.0025129705476674372,0.810602068901062,0.43747026218972374,0.3988749266393703,-0.21429201589972557,0.6571701765060425,0.6061581641854159,0.4380545509432929,-0.1073823124528949,0.8168414235115051,0.4257259345017825,0.4064958004374367,-0.4004332689385697,0.6433144807815552,0.6183787036803131,0.44868163042286713,-0.12612749532517545,0.8077892661094666,0.42205433653629054,0.4069218739462712,-0.4527238084298484,0.6107081174850464,0.6210933168534956,0.44777172906076634,-0.17111467670697533,0.8126884698867798,0.42175051396064916,0.40113998704752385,-0.4697829027579972,0.6217783689498901,0.6156682066206935,0.44410978659565015,-0.127861491536159,0.7953292727470398,0.4232299109090827,0.4008357360699628,-0.41475324194174307,0.5889516472816467,0.4766071260102537,0.5112641023246534,0.029340600643824377,0.9999533295631409,0.44549152187422086,0.4997422748528769,-0.02960772102967831,0.9998507499694824,0.4769799808940539,0.6332846909126777,0.009234862740685704,0.8689228892326355,0.4091853377351404,0.5347109710450855,-0.14949515332015537,0.7756043672561646,0.4552866405081021,0.7426730990387027,0.12558756369960183,0.8852605223655701,0.36447290919328973,0.5788081999549292,0.01931033138862866,0.6560140252113342,0.44740928639536776,0.7563408947718306,0.12843938289657997,0.7902186512947083,0.3578271959185484,0.5824913408876804,0.03176206262825996,0.5596811175346375,0.46169401960655687,0.775080148555919,-0.012038013271166416,0.8716967105865479,0.34914414753022877,0.5870500764384394,-0.059068111351441924,0.6707098484039307
53,1.7666666666666666,0.4798856193852372,0.3008231490328885,-0.2976996752802551,0.9994673728942871,0.4835703381583354,0.2920434567858224,-0.2722441103737359,0.9993109107017517,0.4870176208067443,0.2920449457218565,-0.2725792603538115,0.9992136359214783,0.48915165344195427,0.2919960569234974,-0.2724904453314465,0.9994921088218689,0.47657740817099087,0.29184313987043503,-0.2789936558592941,0.9994747638702393,0.4740498379797666,0.29190236648524026,-0.27935637492230286,0.9995043873786926,0.4715044682472603,0.29191516167634823,-0.2795259645422775,0.9996080994606018,0.49311443242761727,0.2964986846539639,-0.1393267447063103,0.9995965957641602,0.46745805868100554,0.29672982648626633,-0.1698474461076694,0.998498260974884,0.4847459255008091,0.31151278731425347,-0.24571564135327245,0.9989085793495178,0.47642152178856023,0.3115579837282759,-0.2557079880510906,0.9986172914505005,0.5113793601821208,0.3672646804316614,-0.03688889802568884,0.9999498128890991,0.45266069494010375,0.3623185890435923,-0.12395645244467707,0.9994053244590759,0.5613301158960543,0.4054888110619932,-0.004949741356681806,0.8284715414047241,0.4243430536496648,0.39761478112747883,-0.20507280856627869,0.6849629878997803,0.6170315337896544,0.43278492285064185,-0.12041395570650568,0.8346588015556335,0.4012956740062861,0.4054595292854736,-0.38863449819809237,0.6705614328384399,0.6295356849355573,0.4428600082197322,-0.1392646768436199,0.8257786631584167,0.39417931849947613,0.40604377253665996,-0.43811660047156575,0.6326690316200256,0.6321045611817696,0.4419573242744223,-0.18484197237333228,0.8304925560951233,0.3933796533982957,0.4010013715918439,-0.4598882560727786,0.6453176140785217,0.6265229116392849,0.43851373029865937,-0.14146009317290953,0.8147644400596619,0.39588617513186336,0.40074234212023896,-0.40480834707866203,0.6164394617080688,0.48364059831526673,0.5108449641711494,0.02621188613307164,0.9999539256095886,0.45364581413376975,0.49919257939083156,-0.02645688037345181,0.9998507499694824,0.4819542515346164,0.6328410143482295,0.0010113728850055992,0.8774475455284119,0.4174516511072531,0.53128413071912,-0.1653764199730634,0.7674554586410522,0.4571125409712125,0.7429697920109525,0.09709272302328686,0.8946730494499207,0.3793743437022406,0.5721682813419422,0.0078557876307087,0.6111594438552856,0.4481989011252121,0.7586216554052303,0.09773962777665988,0.804496705532074,0.3740456566881331,0.5758242270933213,0.020979156272389207,0.5253815054893494,0.46368874085503764,0.7749275321679429,-0.05012713275209137,0.8823766112327576,0.36789056118313335,0.5807364520624787,-0.07096870763346427,0.6418841481208801
54,1.8,0.4825806738632387,0.29900308536234477,-0.33788382078311824,0.9995205998420715,0.48689391166405394,0.2901063359289636,-0.31247321898988606,0.9993796348571777,0.49103226627124563,0.29011410790963826,-0.3128102088969156,0.9992920756340027,0.49382343238903265,0.29008978613558073,-0.3127233703854846,0.999542772769928,0.4790442439559085,0.28989745025563524,-0.3176691514739727,0.9995271563529968,0.47625065468511923,0.28993512215600564,-0.31804012943375326,0.9995538592338562,0.47344592914978734,0.28993477985347177,-0.3182031805703103,0.9996472001075745,0.4987266247831269,0.29455504040635716,-0.17519181273662884,0.9996368288993835,0.4692918065558074,0.29480293724684387,-0.19827609010170374,0.9986479878425598,0.48817090073807207,0.30951222926789745,-0.2842920923363379,0.999017596244812,0.47896128005669897,0.30966508929700476,-0.29226548521704837,0.9987552762031555,0.5154966660231439,0.36470810931755265,-0.0678809910998713,0.9999545812606812,0.4528130671278218,0.36164326396027463,-0.13685024320485925,0.9994596242904663,0.5682029367478882,0.3999164282319029,-0.04157866027764997,0.8454903364181519,0.41420139584345855,0.3945521458924885,-0.2065667455926385,0.7159022688865662,0.6257133175234797,0.42476808138512795,-0.16434022181038405,0.8510998487472534,0.38101194617329714,0.40444455123042194,-0.39347942791072243,0.702082097530365,0.6392062551900438,0.4347608462895973,-0.18622556638598287,0.8428919911384583,0.3710581083964529,0.4057097376772714,-0.4399190170711253,0.6656389236450195,0.6419206358176162,0.4339117343463293,-0.23241404812976282,0.8472061157226562,0.36972420013633844,0.40134221258504793,-0.4683355718812431,0.6776908040046692,0.6358614497197262,0.4306826288932516,-0.18614752745242158,0.8330283761024475,0.37333462950620216,0.4010769351928008,-0.41220084820266045,0.6517359614372253,0.48856076620716193,0.5090261914174296,0.020854655190791622,0.9999556541442871,0.45814733575650113,0.497212398311899,-0.021145036968048755,0.9998572468757629,0.48417373926487645,0.6309005899779249,-0.016559365221269697,0.8892979621887207,0.4075970648353008,0.5272623777711605,-0.14109027971728877,0.786521852016449,0.4572683249993238,0.7421399263996393,0.07743510487426121,0.9046815037727356,0.35670064551021136,0.5603547531282809,0.025148115141028004,0.6456377506256104,0.4478487579357873,0.7594617829259722,0.07755333902005092,0.8214784860610962,0.35462960158603013,0.5669613897676513,0.036909408614026765,0.561200737953186,0.46381101864202473,0.7740316443283253,-0.07946533108437169,0.8935681581497192,0.3402431724178784,0.563482625083854,-0.0646700667849774,0.6744934320449829
55,1.8333333333333333,0.48229657083823807,0.294073892529874,-0.3822572792267018,0.9995682835578918,0.48659984033480064,0.2851392040928708,-0.3582911358329121,0.9994404315948486,0.49076381204253505,0.285183673639786,-0.35863676549592677,0.9993613362312317,0.4937553715721771,0.28520278516733094,-0.3585534343220884,0.9995871782302856,0.47878273094074186,0.2848904341909235,-0.3607094939433704,0.9995737671852112,0.47601112765914194,0.2848999570679804,-0.36109009704116524,0.9995979070663452,0.473209472808425,0.284875512510597,-0.36125419820622573,0.9996818900108337,0.4985390108295854,0.2897418437361939,-0.2212123061287513,0.9996722340583801,0.4685959511000233,0.28975330228472573,-0.23113180309302309,0.9987812042236328,0.48777466016941196,0.3046444502436907,-0.32858059211559154,0.9991150498390198,0.47866380201389425,0.30471824039173123,-0.3328507219886355,0.9988787174224854,0.5178052607672535,0.35836039476135867,-0.115556716130864,0.9999585151672363,0.44930443770675954,0.35829518150328354,-0.1496379638609157,0.9995103478431702,0.5728919344803154,0.39174258338233253,-0.10054079127912688,0.8606524467468262,0.4050280346896019,0.3907820055322064,-0.20375606324529993,0.7436119318008423,0.6295278522934464,0.4137990339907692,-0.23391395967522474,0.8655804991722107,0.3651727609492065,0.40150138831304516,-0.3956739892247276,0.731396496295929,0.6432665770368597,0.4230172619418624,-0.26168630054962516,0.8574436902999878,0.3534836807211116,0.40293634069289513,-0.43943712991730355,0.6978408694267273,0.645733516429567,0.4218214303723939,-0.3071765383856625,0.86155104637146,0.3519800921483108,0.40026363564366113,-0.4727235215043166,0.7089094519615173,0.6391785373901967,0.4189774428955218,-0.25594639221206905,0.8486567139625549,0.3563374191363933,0.40014827479070925,-0.41518319194494746,0.6853827238082886,0.4903394482689466,0.5056378462292792,0.009061596700788363,0.9999561309814453,0.45725351686643295,0.49281429059912857,-0.009397438328982252,0.9998642802238464,0.48216689106177474,0.6276254339823686,-0.03288625886774105,0.8991708755493164,0.3959652089391305,0.5195437931219983,-0.10234513705484787,0.7916553020477295,0.4563020694769042,0.7399416227005093,0.07363215865351923,0.9112966656684875,0.33323057043991094,0.5487812109911312,0.07095512398856169,0.6654667258262634,0.4473073931353683,0.7575925635745926,0.0737704767473264,0.8267449140548706,0.329792589346804,0.5566078276566679,0.08298217903986341,0.5764564275741577,0.46242957676840524,0.7760727932030811,-0.08475486750158444,0.9008952379226685,0.3147258668569257,0.5488475446398139,-0.024211806801140275,0.6948665976524353
56,1.8666666666666667,0.4818029325811381,0.284559370918134,-0.40568652512986175,0.9996108412742615,0.48582071844524916,0.27542223590044357,-0.3824306217260921,0.9994940161705017,0.4897760893550423,0.2754345879028296,-0.3827812565748547,0.9994222521781921,0.4928643900026391,0.27541575278758024,-0.3826930510047882,0.9996257424354553,0.4781347818159258,0.2752395111602431,-0.38283554651162627,0.9996151328086853,0.47535000219030166,0.27524171801262126,-0.38321954672905134,0.9996371269226074,0.47248959671162805,0.2752090628492818,-0.38338872244195915,0.9997127056121826,0.4978125709285929,0.27982056290885776,-0.24534520284136796,0.9997023344039917,0.4681965791928038,0.28009725165944843,-0.246044533941909,0.9988995790481567,0.48716608827271257,0.29476610503958145,-0.351986392404317,0.9992012977600098,0.47833884184539277,0.2947928558664549,-0.353642628279058,0.998988151550293,0.5197269200029113,0.34788596634508123,-0.14206932220881974,0.9999603033065796,0.44702798728954424,0.35085073272807765,-0.15313333702306753,0.9995514154434204,0.5770002150412546,0.3810369063043616,-0.13104676430559337,0.8742691874504089,0.39705385520391345,0.38571827116051166,-0.1959058167862103,0.7684003114700317,0.633729265645063,0.4016208749522191,-0.2663111621620329,0.878517210483551,0.3532319689820161,0.4005082709057561,-0.3933384807916247,0.7578316330909729,0.648325386487003,0.41029035886651943,-0.2966214330156225,0.8702135682106018,0.3411479138858821,0.4032862541646988,-0.4356750700661358,0.7268742918968201,0.6508919394687153,0.4091349114499352,-0.34140114778112635,0.8741974830627441,0.33946366818247264,0.40125275290118356,-0.4728398032692791,0.7370440363883972,0.6442136887383456,0.4067463995508111,-0.2881696102510705,0.8625012636184692,0.34418859054997475,0.4008822462399441,-0.41373453093069706,0.7157143950462341,0.4910208264911839,0.4987305337152814,3.2737996579985766e-05,0.9999507069587708,0.45572829879718907,0.48448633223361937,-0.0003937403484687808,0.999860405921936,0.4807339616479989,0.6225826486988396,-0.04566123490406444,0.9079611897468567,0.3816941276022642,0.5089917282488655,-0.07313998499754637,0.7963623404502869,0.45639563855599874,0.7379811281348969,0.07312528725283587,0.9172170758247375,0.3171001802056739,0.5380936324362873,0.12921509014125937,0.670141875743866,0.44853239774630754,0.7541278710920273,0.07124272671924126,0.8292850255966187,0.3128160380025122,0.5461744016717756,0.14423124819355881,0.5768543481826782,0.46123906903116774,0.7768948247377256,-0.08469278435536963,0.9067795276641846,0.2889267322061395,0.5382071320878307,0.03682470437756012,0.6988195180892944
57,1.9,0.4820001674573785,0.27733450624590916,-0.40946022510616303,0.9996496438980103,0.4858542120562765,0.2680521672068196,-0.38707618265205,0.9995443224906921,0.48970450958108425,0.26801747003258536,-0.38742285404118154,0.9994796514511108,0.49283321334839464,0.26796337316440294,-0.3873310373075353,0.9996628165245056,0.4784149226403948,0.2680817828015121,-0.3865538639402004,0.9996534585952759,0.47568371556187183,0.26820819157973996,-0.38693274040105774,0.9996732473373413,0.4728544686345358,0.2682921521627465,-0.38709777863208966,0.99974125623703,0.49777095227810814,0.27244375759722395,-0.252417343867229,0.999731719493866,0.46847424946311383,0.2734461453255115,-0.24872749717172415,0.9990090131759644,0.48732815497880594,0.28747444918014836,-0.35658450948892967,0.9992807507514954,0.4786903631739882,0.2875277851403724,-0.3570372848840858,0.9990887641906738,0.5216706845284753,0.3397082492401987,-0.15349832600737157,0.9999635815620422,0.4464350915690362,0.344859539454354,-0.15009301256862423,0.9995924830436707,0.5804303194573533,0.37101749188888256,-0.1456861034609091,0.886624813079834,0.3929967717462791,0.382346637800858,-0.1804868852410551,0.7904278039932251,0.638174450900266,0.38931311954698616,-0.282952173047237,0.8903932571411133,0.34597435701418155,0.400367340568894,-0.37822032402417993,0.7813452482223511,0.6531476596705842,0.3976478734576781,-0.3147830015414502,0.882371723651886,0.3332464099412431,0.4049747187699726,-0.41973933080768017,0.7524430751800537,0.6556415497449725,0.39622034487221236,-0.3587783672841357,0.8861344456672668,0.3314528352273618,0.4031679530235223,-0.4596378255341476,0.7618906497955322,0.6487977763680973,0.3942255791129645,-0.3045765396343912,0.875542402267456,0.3366109212506292,0.4023765422686751,-0.3999036006873557,0.7425714731216431,0.4927500868298408,0.49284263890760605,-0.006938777771886745,0.9999508261680603,0.4552184579047335,0.478347160259441,0.006563383745456652,0.9998643398284912,0.4804108703218876,0.6181763128445902,-0.05556555558446279,0.9162043929100037,0.371962725875104,0.5006244959201884,-0.05322209058841511,0.8040222525596619,0.45763041025090506,0.7363372926111884,0.06647214254028755,0.9235469102859497,0.3145808959925836,0.5290809156296402,0.17116306356143388,0.6671879887580872,0.45037435941977483,0.7512781145470139,0.06572323152539584,0.8349093794822693,0.3115315136387655,0.5374714256809805,0.18872330277106042,0.5714130997657776,0.46177160893780156,0.7775084113115893,-0.09229442627759668,0.9136160612106323,0.2868989205399936,0.5300918956087105,0.08444159198522064,0.6988803148269653
58,1.9333333333333333,0.4830586554375671,0.27101324738633226,-0.3896090750932403,0.9996801614761353,0.4868897244581557,0.2617894402027293,-0.36926074279918136,0.9995830655097961,0.4906314561188019,0.26176549405993155,-0.3695992237860902,0.9995227456092834,0.49379193078056705,0.2617365024356919,-0.36950118551281175,0.9996885657310486,0.47947409185812,0.26187345018287117,-0.3646904901522755,0.9996834397315979,0.47678748822282624,0.26204321828823784,-0.36505730785892887,0.9997011423110962,0.4739949545964311,0.26218395989665155,-0.3652120342467368,0.9997633099555969,0.4987876298603975,0.2664918220014092,-0.2454078499068677,0.9997486472129822,0.46968951680921817,0.26748670232292304,-0.22241027813408168,0.9990958571434021,0.4882998824208084,0.28129295773212104,-0.34052777610842433,0.9993337392807007,0.4797394874970698,0.2812438045491302,-0.3356229020523603,0.9991561770439148,0.5230995321040773,0.33361167314838425,-0.16722574248405087,0.9999508857727051,0.4478547902057508,0.33961403124187484,-0.11706980747511339,0.9995965361595154,0.5674715177899587,0.3615290835802014,-0.2120671841166361,0.8805769681930542,0.3955246568215077,0.38109967959740054,-0.13639669402329105,0.7577113509178162,0.6078028200212777,0.374680219007939,-0.3758684530354769,0.8714432716369629,0.34721948300581024,0.402773908545154,-0.32462147591383234,0.784717321395874,0.6184670542473056,0.3806888710796045,-0.41849440063642945,0.8582121729850769,0.3326701718268464,0.4097801585384174,-0.3636699130604591,0.7546436190605164,0.6201890481279175,0.3781935967289407,-0.45047108106325207,0.8616601228713989,0.3299476698400908,0.40844464705723293,-0.40385053417246974,0.7651407718658447,0.6150124701564219,0.37723066597826665,-0.3935728523895813,0.8430500030517578,0.3365964174780306,0.4067988582656975,-0.3465630864224544,0.7443806529045105,0.49419795700694813,0.4873596264159608,-0.020914789634589655,0.9999419450759888,0.4559366503756048,0.4734465541978812,0.02054379970431895,0.9998610019683838,0.4817576350145488,0.6134323461942537,-0.0752659673672803,0.9206613898277283,0.36923007998606067,0.4946916034940476,-0.013910856028484766,0.7842801809310913,0.45996209672264615,0.7340496475146729,0.046184106929435295,0.9251308441162109,0.3155751156294957,0.522659547143112,0.22167337378290822,0.6506518721580505,0.4540929503705173,0.7480018177255531,0.04660008618357018,0.8172211050987244,0.31404888618839477,0.5317427555753429,0.24067754247186796,0.5539261102676392,0.4643505852029936,0.7776358789985602,-0.11281067614813105,0.9142000079154968,0.28791058459789637,0.5241580272654124,0.14125830775277648,0.683224618434906
59,1.9666666666666666,0.4823517076890117,0.2656887727310648,-0.3762357704418246,0.9997096657752991,0.48628298189626057,0.2566084291062401,-0.35727128377128237,0.999621570110321,0.4900132306983793,0.2566004787885237,-0.3576061668389234,0.9995664954185486,0.49323991234676157,0.25659585083898495,-0.3575063099469906,0.9997163414955139,0.4786090987574324,0.25672731422334844,-0.3503977915719301,0.9997127652168274,0.47593334175869123,0.25691262426412537,-0.3507543647075585,0.9997285604476929,0.4731322646104236,0.25707140830295466,-0.3509030477404905,0.9997849464416504,0.4981201989643593,0.26166610829847414,-0.24067349215384087,0.9997690916061401,0.46872981585506834,0.26251292392596354,-0.20532646539338778,0.9991787672042847,0.48754221186654845,0.27614015634714983,-0.3294344035955529,0.9993873834609985,0.4789062530384631,0.2760003061883855,-0.32141897570121686,0.9992237687110901,0.522421483481543,0.32885167770341883,-0.18490522719052294,0.999939501285553,0.44701105688825,0.3354778511289765,-0.09243577108639965,0.9995800256729126,0.554102461720465,0.3533427826039157,-0.2729909922860328,0.8855220079421997,0.396692985187593,0.3804284958232469,-0.10166591044827336,0.7206202149391174,0.5824133279027145,0.35672513002392264,-0.4548883146273064,0.8734930157661438,0.34825343701491385,0.4052373050017203,-0.2782870454034768,0.7713730931282043,0.589193012861494,0.3609996072994889,-0.5056501652876125,0.8560258746147156,0.33323634156814785,0.4137430677427647,-0.31410895164476865,0.7385673522949219,0.5907934998330302,0.35786586030554307,-0.5276496027749991,0.8591037392616272,0.32980976713259696,0.412652676610794,-0.3543947866782214,0.7507686614990234,0.5867834957859,0.35816876584030194,-0.4692727034293575,0.835667610168457,0.336925362362246,0.410436575929097,-0.30029549000176053,0.7300481796264648,0.49370052631400496,0.4830619255266993,-0.03342980243146672,0.9999378323554993,0.4541693308938631,0.4700255519231368,0.03307355899762402,0.9998589754104614,0.479547284739477,0.6095547407174128,-0.09111012274424889,0.9263728857040405,0.36697769773150507,0.4907963534170423,0.01960330507126766,0.7655234336853027,0.4606221923877399,0.7321316409229357,0.03334537281441209,0.9288336038589478,0.3246155143980001,0.5176854188413885,0.28616212674011327,0.6149200201034546,0.4560368907625873,0.7452683641460873,0.03526468813146946,0.8112683296203613,0.32449327280807877,0.5271512849555373,0.3091161867521372,0.5278624892234802,0.4628223294720376,0.778086127091901,-0.12254455191004125,0.9172180891036987,0.2996266695816832,0.520731408355577,0.2207610789111602,0.6493382453918457
60,2.0,0.4821341777930299,0.26141002075027325,-0.36362168130031103,0.99973064661026,0.4861373666771238,0.252488166077698,-0.3443613961235701,0.9996495246887207,0.4898309398323918,0.25247582623313536,-0.344696312203817,0.9995974898338318,0.4930726460519761,0.25248506979269514,-0.3446011240821076,0.9997355937957764,0.4783391151852134,0.25271071937507317,-0.33783966619896083,0.9997337460517883,0.47567503752899726,0.2529121645318709,-0.3381854153465861,0.9997473955154419,0.47288817251823184,0.25308682620564726,-0.33833865081857717,0.9998000264167786,0.49748530486044723,0.25780108709833205,-0.22552782234573243,0.9997779726982117,0.46842920032097324,0.25864777668667305,-0.1925135463264797,0.9992266297340393,0.4873478294557861,0.27200374709769365,-0.31596498660613315,0.9994165301322937,0.4787143538947566,0.2717927389536636,-0.30855944777377725,0.9992622137069702,0.5203913093307218,0.3247697181250254,-0.17383715855487636,0.9999349117279053,0.4477000126036441,0.33154376224104687,-0.07342365860280076,0.9995613098144531,0.5427440338510071,0.3595640906045763,-0.24592650066881117,0.8572019338607788,0.40130488745820936,0.38048439695770075,-0.07179626759690175,0.7032181024551392,0.5652346906398126,0.376397065402882,-0.41742819655586333,0.850029706954956,0.3530068083373972,0.40966984612477353,-0.24197926835789577,0.7812501192092896,0.569856707162262,0.381479063996012,-0.4662525774442732,0.830048143863678,0.337945372452712,0.41988627977265036,-0.2771290363518708,0.7486992478370667,0.5712655919400969,0.37871982648579006,-0.4895015630389168,0.8363973498344421,0.3344480614442862,0.41892166737382736,-0.3185200590658834,0.761761486530304,0.5679615859425226,0.37751718111432875,-0.43154030791384457,0.8074827790260315,0.3416690994262832,0.41604801828890436,-0.264320017236813,0.7399320006370544,0.49339312997917306,0.47927654110174234,-0.03818418654586861,0.9999176859855652,0.45550734186935854,0.4677262633905632,0.03783520793277637,0.9998217821121216,0.47866050380358854,0.6057382985386385,-0.09518595074276387,0.9285168647766113,0.38356828176883884,0.49920937467602056,0.03319522005550683,0.7196671962738037,0.46239761438188054,0.7302214940280715,0.0256251889557383,0.9322814345359802,0.35521907937416963,0.5247369862981786,0.3264568175448572,0.5640532970428467,0.4593052054805008,0.7426725708076353,0.02805150599546323,0.8032745122909546,0.3564759767937531,0.5317894427745852,0.35309911251625353,0.4849250912666321,0.46247634049363867,0.7787258104594391,-0.12757234046769744,0.9190447330474854,0.33583895056705915,0.5338319578385183,0.2748016816014245,0.5981928706169128
61,2.033333333333333,0.4814750272650321,0.258687414346449,-0.33967787817163025,0.9997574090957642,0.4855539733213483,0.2499459027238938,-0.3221486985536433,0.9996845126152039,0.4892019978861618,0.24998786213950774,-0.32249880483168675,0.9996376633644104,0.4925003514475023,0.25011179944219974,-0.32241080867874394,0.9997619986534119,0.47788443883022147,0.25012150577007475,-0.3132241961602643,0.9997602701187134,0.4752734715179242,0.25029802132863715,-0.3135473358382881,0.9997724890708923,0.47251179894929696,0.25044955622882176,-0.3136817432181025,0.999819815158844,0.49651079998790115,0.2558097244383711,-0.21189328596317542,0.9998001456260681,0.46806394202655366,0.2560767344533067,-0.16795880307670222,0.9993025064468384,0.4863422101295963,0.26957128094988025,-0.29527251610379607,0.9994742274284363,0.47792560519324656,0.2691381138116516,-0.28480895716588817,0.9993340373039246,0.5134708764561348,0.32282093789663024,-0.18628357181660776,0.9999409914016724,0.4496244164912008,0.32864943702052407,-0.04040773503188663,0.9994946718215942,0.5209724568025017,0.3620892045104884,-0.26878192389987965,0.8712303638458252,0.4112537036726896,0.3759779471654896,-0.051874159582451465,0.6451848149299622,0.5248698703971498,0.3810349887224715,-0.43032367435929486,0.8647753596305847,0.37007879081493616,0.39935376418226765,-0.23085329417196163,0.7173309922218323,0.5252200642279676,0.39103891856414674,-0.4838973318685894,0.8466644287109375,0.35742710988910675,0.40852343344025827,-0.2666722770188223,0.6993614435195923,0.5255698304311712,0.3898131632266335,-0.5002540896795921,0.8524146676063538,0.3542891087809932,0.407021975788128,-0.3063354282009326,0.71244877576828,0.5244617112520139,0.3858807100542144,-0.44105597391831664,0.8259482979774475,0.3602286466962,0.4041919956676754,-0.25293255391056,0.689671516418457,0.491724887000089,0.47714015809109084,-0.05430111981017229,0.9999246001243591,0.45717232266529906,0.4674816611322167,0.05396705076651673,0.9998311400413513,0.4781379316736983,0.6034611176055338,-0.12255403098179805,0.9349108934402466,0.3998982123811483,0.5082716687347482,0.10984751855304765,0.6844532489776611,0.46432719666952493,0.729094333769397,-0.02418955472564833,0.9386879205703735,0.390508339855971,0.5321193559850664,0.4220824382864188,0.552519679069519,0.4627570769772011,0.7416110871328824,-0.023201342024571223,0.820864737033844,0.39306943693084423,0.5367138759905863,0.45096161825375225,0.5019700527191162,0.46168366216637147,0.7793366114537481,-0.18538181593441372,0.9268662929534912,0.3784896586757289,0.5443432624317392,0.37880395614351187,0.6036484241485596
62,2.0666666666666664,0.4800585128822566,0.2575128680846298,-0.3116835965704898,0.9997805953025818,0.48414692021287287,0.24895809624135493,-0.2985341000595953,0.9997156262397766,0.4877437978085158,0.24905818706613464,-0.2988996786727546,0.9996734857559204,0.4911296108483236,0.24924651634104084,-0.29882283594524167,0.9997855424880981,0.4768908381054816,0.24898990898472584,-0.28586122488003574,0.999783456325531,0.4745246882857152,0.2491330847080851,-0.2861656426871909,0.9997941851615906,0.47201105202520466,0.24923846556302348,-0.28628319871703556,0.9998365640640259,0.4948666841657099,0.2551033461442515,-0.2041909839948894,0.9998199343681335,0.4686469523447954,0.2549601806230226,-0.14592352853872584,0.9993641376495361,0.48487111850979553,0.26862209052935826,-0.2735167761383319,0.9995241165161133,0.47656861184405847,0.2680390652990323,-0.2583143458226347,0.9993925094604492,0.5032827737375868,0.3215003480200643,-0.2049025319731498,0.9999464154243469,0.4526442737579991,0.3260886000075496,-0.010349440070807348,0.999388575553894,0.4976691390871252,0.36193245221124926,-0.28843589768524985,0.8838160634040833,0.4194178293890215,0.3721302503805118,-0.03416672513347297,0.5848821997642517,0.4864551006793379,0.38154078687524945,-0.4291358029746871,0.8780583143234253,0.3839894964671765,0.38798060778885035,-0.2260877071668066,0.6563674807548523,0.48212244418609423,0.3926109515318696,-0.4840208036787987,0.8615924119949341,0.3733196243897446,0.39321157626071834,-0.2627369158117257,0.6509919762611389,0.48151609250061234,0.39155131145123756,-0.4970025725606271,0.8667688369750977,0.37061924209337277,0.3917615705110392,-0.3000440993138516,0.6637269854545593,0.48255165819082346,0.38717284491983806,-0.4381510412913395,0.842273473739624,0.37578338734358296,0.38943298817494715,-0.24781055900779525,0.6393266320228577,0.48998879539207946,0.47663882207379216,-0.06824590091537393,0.9999291896820068,0.4589228760410392,0.4676253399478561,0.06792825466460017,0.999822735786438,0.4778329585168014,0.6030938006705231,-0.13777373323154432,0.9403685927391052,0.4140784032139705,0.5127137883050041,0.1661063379995319,0.6326415538787842,0.4658448388221643,0.7288927201651498,-0.0504204327037971,0.9438430070877075,0.41237226594072246,0.5349565708646242,0.4954367727175253,0.5146065950393677,0.4656646127612977,0.7412005471135864,-0.04984770255907281,0.833764910697937,0.41612680537705815,0.5401982478435899,0.5264427348332881,0.48933449387550354,0.4612035496123713,0.779959527959596,-0.21135289722592027,0.9331983327865601,0.40085333766630066,0.5498946844557255,0.46586832622881,0.5760902166366577
63,2.1,0.47495780153881145,0.256609955132146,-0.24532844183500485,0.9997928738594055,0.4793355350600429,0.2480159611044647,-0.24260137697138362,0.9997383952140808,0.4823150787045073,0.24814526137369583,-0.24296341087802173,0.999700665473938,0.4850924437531301,0.24834961180856518,-0.24289596321868953,0.9998035430908203,0.47422638658475075,0.24799419099426198,-0.22542587344506979,0.9997971653938293,0.4730590478924883,0.2481317824362571,-0.22572548755797797,0.9998053908348083,0.47113769566739494,0.2482235494336607,-0.22582535620364333,0.9998446702957153,0.4896376106223007,0.2543771497126763,-0.19159537371088559,0.9998359084129333,0.468798851302999,0.2540716468674799,-0.11393556087396207,0.9994051456451416,0.47898542441698866,0.26807589651102465,-0.22245518930389455,0.9995548129081726,0.472806014691286,0.26751665858069523,-0.20136909305609535,0.9994202852249146,0.4925516161437155,0.32040082157776606,-0.21220383647083005,0.9999503493309021,0.45966332820698486,0.3239019535006602,0.016905799777463294,0.9993969798088074,0.4775898749916094,0.3612329348764246,-0.27741842833351615,0.8832175135612488,0.42772801804164523,0.36777184067830726,0.018408941583194862,0.5280231833457947,0.45963730284453075,0.3807065996913325,-0.35699878106965,0.8669188618659973,0.39295392493786163,0.3763277714832186,-0.1252900629905019,0.597104012966156,0.4543732235495449,0.3920769140381723,-0.4021429039058363,0.8478244543075562,0.38384728942467666,0.37995916406983826,-0.15024352823326528,0.5960929989814758,0.45711708578911353,0.39108732677237046,-0.41201387313596094,0.851283073425293,0.38128432094041587,0.37874188327877933,-0.1839086209458754,0.6074768900871277,0.456004539130515,0.3865771656215483,-0.36282141276593116,0.8157199621200562,0.3857065305636292,0.3770541381571886,-0.14463837897436438,0.5859026908874512,0.4851067176476288,0.476229998682701,-0.07829884316254732,0.9999314546585083,0.4632375750118966,0.46811996234314046,0.07797641607964205,0.9998245239257812,0.47687515419832716,0.6021655044557219,-0.14524693388835969,0.9402589797973633,0.43256812775074976,0.5148269744317925,0.2130231364488262,0.5748739838600159,0.4668262093950605,0.7286260781404124,-0.0721941992464901,0.9468907713890076,0.4367228503869266,0.5408170688157875,0.520257663149367,0.48144665360450745,0.4680309969474669,0.7412656784175233,-0.07294691428211056,0.8419576287269592,0.43945513454575125,0.5449678930560355,0.5495883509883552,0.47613051533699036,0.46060413433556485,0.779749791783245,-0.2204275052164244,0.9346352815628052,0.42718458300667017,0.5587209855014899,0.5067252019175499,0.5401195883750916
64,2.1333333333333333,0.469867203911418,0.2563502279723197,-0.1868279728754296,0.999789834022522,0.4743571311472922,0.2476737860489442,-0.19267743722140798,0.9997484087944031,0.47676623664366824,0.24781528196134794,-0.19303504463719515,0.9997154474258423,0.4789688352656337,0.24801455497335806,-0.19297613043029968,0.9998136162757874,0.4712147381447369,0.2476173676524126,-0.17239634054011344,0.999794602394104,0.47128426487978337,0.24774400198671392,-0.1726897328948814,0.9997991323471069,0.4701524029473805,0.24781608451126497,-0.17277326598695014,0.9998371005058289,0.4842481038916052,0.25409947625179125,-0.17767034274324633,0.999846875667572,0.4688744493986873,0.25372426420504407,-0.086383037152077,0.9994008541107178,0.47327376500703533,0.2680636775312627,-0.17650066929941102,0.9995533227920532,0.46908794485180827,0.2675486727846363,-0.1513578405250251,0.9993887543678284,0.48264013920819293,0.3198863227734529,-0.21465491187019534,0.9999532699584961,0.466634680195519,0.32265367125496625,0.03911839548037074,0.9993569850921631,0.4595921252474584,0.3610827675083891,-0.2613117450394625,0.8865690231323242,0.43624386905218104,0.3649393973448309,0.061925327108269555,0.4761285185813904,0.43819775745242007,0.3800596538660232,-0.2940311637882454,0.8598735928535461,0.40112990761986456,0.36736825665190675,-0.04063279322648606,0.5413200855255127,0.43212817224611705,0.39135218997163856,-0.33111642790888657,0.8378816246986389,0.39302055784587053,0.37112669839273604,-0.055767451529996744,0.5435689687728882,0.4343017044981409,0.390133629299915,-0.3371501316284683,0.8399412631988525,0.39011539089571845,0.36976366175646447,-0.0865037954821265,0.5538352131843567,0.43463074451060774,0.38579096276516345,-0.2966293850616768,0.7951446771621704,0.39364857819116245,0.36871613972681394,-0.05797441161769866,0.5347617268562317,0.47971146463891134,0.47654713090764456,-0.08474609087007387,0.9999315738677979,0.468993835862857,0.4686243969959165,0.08442443957563435,0.9998171925544739,0.4756782917906913,0.6021001490123321,-0.14041757347904227,0.9390180706977844,0.44996440269593807,0.5138971098890956,0.24084386687084844,0.5232856273651123,0.467696502542163,0.7288529884706143,-0.08382096050976215,0.9486348628997803,0.45663859783528393,0.5465643584785109,0.5235725334763258,0.4524023234844208,0.47015941079653467,0.7415072739804018,-0.085420268346145,0.8478452563285828,0.45827916478805897,0.5500309122338576,0.5510454594439274,0.4641719460487366,0.4602850883174176,0.7797700584965441,-0.22143750633927295,0.932910144329071,0.44863654506062883,0.5668306867636782,0.5204638510337622,0.5058003664016724
65,2.1666666666666665,0.4671016632230537,0.2563272807689094,-0.08660305944024156,0.9997276663780212,0.4706524133123986,0.24753418070297056,-0.09820117247626839,0.9996446371078491,0.4727796330809112,0.24761402454509107,-0.09853778228448909,0.9996137022972107,0.4742856862147224,0.24774423746911053,-0.09850439707199651,0.9997430443763733,0.4700736295292615,0.24757419425110222,-0.0826189372198192,0.9997262358665466,0.47097283492432257,0.24769446513291393,-0.08288924761644409,0.9997435808181763,0.47067187304142727,0.2477673102893756,-0.08295938025283894,0.9997839331626892,0.4784581520904651,0.2537162423409137,-0.11470830015705102,0.9998096823692322,0.4707442419307085,0.25390023096259634,-0.043851383011886375,0.9992507696151733,0.4692309050868194,0.2678647029362763,-0.0874625113266723,0.99931401014328,0.4675287613008018,0.2675518724740547,-0.06846177754954841,0.9991410374641418,0.4702755798453825,0.31938955583470197,-0.16195060549969423,0.999954342842102,0.4733032920231271,0.3228355650997549,0.04529335824452295,0.999385416507721,0.44126706962923995,0.3624462067682862,-0.19947113689570398,0.8534246683120728,0.4497563712713116,0.373039202113525,0.03881850185338826,0.4473915100097656,0.4276561019810677,0.3844010914404381,-0.21379509788798304,0.7840616703033447,0.4165171505700113,0.3741479258468808,-0.047390627033736754,0.4890637993812561,0.4227587948184094,0.39465979082280006,-0.24196162254693127,0.7637462019920349,0.4089119633200067,0.3769541641398912,-0.05881959591497196,0.491146057844162,0.4263913115119874,0.3928854248459893,-0.2479547273104251,0.7650337815284729,0.404712071335038,0.37451093404953584,-0.06156931790263423,0.5002800226211548,0.4271165197158662,0.38897514461773264,-0.21587601175701374,0.7223012447357178,0.4075091949423405,0.3735624006109438,-0.058477144421636276,0.4828076958656311,0.47253762147770606,0.4775429787890829,-0.06596911301354141,0.9999366998672485,0.47322043136640823,0.4694960634231542,0.06564229401386341,0.9998311996459961,0.4742296342236676,0.6031327960433551,-0.10496631807141117,0.940218985080719,0.47495052813256794,0.5106754395932047,0.20125884382801618,0.5315059423446655,0.4677191254358503,0.7300825086048427,-0.07798212466969254,0.9512743949890137,0.4724216828955634,0.5535040928359006,0.4297059430113942,0.47249606251716614,0.4707740722604683,0.744266900102094,-0.0829125869581922,0.8602795600891113,0.47117061901544,0.55482784415182,0.4522738094474705,0.48873886466026306,0.4605250506037096,0.7772884030795452,-0.19619613435080166,0.9283221364021301,0.4620853794996733,0.5776481336016084,0.4297524808706112,0.4977332055568695
66,2.2,0.4671967677688925,0.25768582466595863,-0.007754753437507499,0.998828113079071,0.46935861917099947,0.24857032540640417,-0.022808018197453137,0.9980509281158447,0.4705040743077226,0.2484606492558895,-0.023124973907675872,0.9979262351989746,0.4710759826895098,0.24840144197639366,-0.023118863978620147,0.9987778663635254,0.4710219802728419,0.24890956203570702,-0.011499692422946468,0.9985794425010681,0.4725897137528678,0.24906737780898985,-0.011755741870536185,0.9986302256584167,0.47328921830522697,0.24920608453729737,-0.011815576044850215,0.9989026188850403,0.47365491178198593,0.25390773679844,-0.061153629525369554,0.999134361743927,0.4744000794975519,0.2553469671114015,-0.008797922623897936,0.9962744116783142,0.467619942518945,0.2684750240126904,-0.01637678164336203,0.9968625903129578,0.46830653687927826,0.2686076084789939,-0.002957784815554809,0.9964422583580017,0.460071798714723,0.31910876531163296,-0.11403154725047872,0.9999507665634155,0.47968960645056186,0.32331513233693826,0.04755850411882311,0.9993700981140137,0.4283680162233065,0.3662549784402099,-0.14307424441221903,0.7943168878555298,0.46303041329821815,0.3788603856887079,0.027693246394379464,0.40887296199798584,0.4250421511328319,0.38953308981500595,-0.1440457627584103,0.7108035087585449,0.431852775091037,0.38436358979156415,-0.04266011289642177,0.44216084480285645,0.42279520496104145,0.4001954540873217,-0.1649496993189214,0.692328929901123,0.4266320128737364,0.38847650934382,-0.05252789205217951,0.44409501552581787,0.42681095530082036,0.39747751184838986,-0.17152654658827549,0.6932994723320007,0.4211135226777441,0.3864967915401375,-0.0544165993517771,0.45225563645362854,0.42711331527471624,0.3936523712557887,-0.14604932157150635,0.6537798047065735,0.42284994334905746,0.3851678485560327,-0.051954913254529736,0.43618741631507874,0.46685055903115,0.47868898057993853,-0.04983956439343246,0.9999383091926575,0.47845418923379285,0.4710058024590005,0.04951072627276141,0.9998378157615662,0.4723501530474663,0.6055651630787868,-0.0765843917386719,0.9117780923843384,0.49756575490857075,0.5074867330509689,0.1617430176983357,0.5070309042930603,0.4699324724180569,0.7323066754710529,-0.07360160269099972,0.9390849471092224,0.48344582359500093,0.5597815482154119,0.3476043836515847,0.45758336782455444,0.47328705745614097,0.747630171456803,-0.08094018245241483,0.8566980957984924,0.4792396204693916,0.5605071377230203,0.36587150303651333,0.47860583662986755,0.46447714908724635,0.7752442880821493,-0.1809285736712187,0.8862884640693665,0.4719430461380284,0.5853621935049397,0.35007938625045815,0.46344172954559326
67,2.2333333333333334,0.4671765061220627,0.2590585909565208,0.05458981306488939,0.9985730051994324,0.4679362730628492,0.24953571478301179,0.0384555486131765,0.9975202083587646,0.46819209168833886,0.2492907696900633,0.03816765318357973,0.9973233938217163,0.46799227184086023,0.24911156684392785,0.03817219531714877,0.9983963370323181,0.47106093575123703,0.24995509886158865,0.04365516578519315,0.9983097910881042,0.47291514413731667,0.25004728580820157,0.04339548381055594,0.9983987212181091,0.4741107606060415,0.25014228091503027,0.043338254724668235,0.9987393617630005,0.4692309706475001,0.25426291887903163,-0.01223779314116634,0.9989357590675354,0.47555456160713866,0.2561524870650044,0.013982698523787227,0.9960953593254089,0.46656409715948816,0.2691008625513893,0.04182847951778961,0.9963529706001282,0.46879442026792345,0.26936076603202935,0.04728942758042607,0.9959970116615295,0.45264319401930997,0.3198461839574062,-0.05739938597917297,0.9999426007270813,0.484669616364665,0.32241426167779835,0.037101856587362037,0.9993885159492493,0.42682011413264437,0.3716944656011723,-0.07770356016070792,0.7217826247215271,0.47433210733761216,0.38358444996328617,0.017475424237614,0.3789612054824829,0.42855407979243754,0.3933468398592621,-0.07642263238318803,0.6410842537879944,0.44617730322214183,0.39253427100598104,-0.016074708618559145,0.4006878435611725,0.42725418349992067,0.4046975774387351,-0.09061924140618632,0.6251628994941711,0.44143615821279536,0.39673847677949237,-0.023369863340921455,0.402286559343338,0.4310808273374144,0.39991088725110435,-0.0979500928877246,0.6259344220161438,0.4361937258680576,0.3949694719231233,-0.02395202580950449,0.40947845578193665,0.4303965055925638,0.3969484324384519,-0.07885414785760067,0.5901674032211304,0.43747319653105327,0.3934634317500623,-0.022684568348846808,0.39456069469451904,0.46098225855995706,0.4802727381648769,-0.02761828721575014,0.9999421834945679,0.4813371823334934,0.4728114795065955,0.02729398448969194,0.9998490810394287,0.4699857368354375,0.6085309550928835,-0.042904551410146916,0.8913072943687439,0.513212209610603,0.5025832919001203,0.11646102126380031,0.5058547258377075,0.47143820317562135,0.7348381240016093,-0.052300333548558654,0.9304791688919067,0.49182207968805153,0.5648112496483243,0.2794551564780935,0.4419816732406616,0.4753072180458727,0.7505906888480018,-0.059918607284726026,0.8552811145782471,0.4857298477068057,0.5648394949948472,0.2961781154075038,0.4643123745918274,0.4685439759005644,0.7752288691838998,-0.14519960091354653,0.8528407216072083,0.4809306073669973,0.5926190226128949,0.2924981755699407,0.4315798580646515
68,2.2666666666666666,0.4695129240040329,0.2599803577581968,0.07838559117121016,0.9985435009002686,0.4690198305485371,0.25008045029768006,0.06661957046568191,0.9974430799484253,0.46860122316793534,0.2497317887743627,0.06634597248836493,0.9972761869430542,0.4678006332217574,0.24946213802690054,0.06635996592663353,0.9983601570129395,0.47278795623473496,0.2505768984257582,0.06328049795521906,0.9982576966285706,0.4745672536623885,0.250622632001746,0.0630128859659643,0.9983682632446289,0.4758289825274199,0.25067746312178557,0.06295208896902847,0.998688817024231,0.46746479291473564,0.2542958183018702,0.027084214159161263,0.998919665813446,0.47654612479552877,0.2564957773839358,0.018932623969094467,0.9960762858390808,0.4681213187774183,0.2695794829693003,0.069850905021347,0.9963399171829224,0.4711141770348738,0.26990626398037665,0.06418674108474526,0.9959800839424133,0.4494097767869339,0.3201046446238611,0.006445228185890724,0.9999381899833679,0.4848789957065464,0.3216059460110326,0.009208064064868154,0.9993709921836853,0.43136940103787147,0.3764665577526578,-0.006196415548781024,0.6597729325294495,0.4788982458435635,0.38725454718991076,-0.018061308966196184,0.4032977521419525,0.44498453672268384,0.395368091291579,-0.027887618741157506,0.5928999781608582,0.46114988975518545,0.39685093982300645,-0.02615855129705604,0.379645437002182,0.4458077931902871,0.4068183430709378,-0.0383673004439398,0.5834146738052368,0.4590492383152816,0.40108028328664747,-0.03574924375654217,0.3774595856666565,0.4489526387503317,0.4009487987435448,-0.04970667246417859,0.584003746509552,0.45478265293158615,0.3997313052816727,-0.02638316478749412,0.38259199261665344,0.44750418764794103,0.39848392677152566,-0.032704687681284164,0.5495597124099731,0.45462834913345956,0.39776237827351646,-0.02714946659554395,0.3646498918533325,0.4567527985129858,0.48088902796313215,6.864053226206951e-06,0.9999455213546753,0.47975382611433864,0.4735022998544081,-0.0003395566291757683,0.9998560547828674,0.46772610085413224,0.6101810083590178,-0.01691150492827712,0.8861644864082336,0.5236650046857245,0.4983522681757792,0.06733089533665593,0.5316011905670166,0.4719193064717131,0.736595064240218,-0.04068042667514562,0.9329771995544434,0.49968700911133507,0.5684979773972901,0.2161452682101004,0.4641527533531189,0.4755233185868078,0.752873493775722,-0.04910825868733776,0.8615946173667908,0.49201999624754295,0.5688502920951324,0.23159208967870715,0.4684191942214966,0.47122336281790644,0.7750484990360387,-0.12969625791402348,0.8571437001228333,0.4900076426422605,0.5980132411099479,0.23173795821246332,0.4391721189022064
69,2.3,0.47174094332302957,0.2606986767721071,0.09065797830411676,0.9985597133636475,0.4705827245495501,0.2504973715522438,0.0677096372641019,0.9975107908248901,0.470033779770039,0.2500793004086445,0.0674368163664466,0.9973337054252625,0.46915886816390384,0.24975040609518223,0.06745656147991339,0.9983667731285095,0.4738122978092903,0.2510632833741364,0.06388195956819147,0.9983378648757935,0.4752060669139359,0.2510801246945943,0.06352574576631859,0.9984596371650696,0.4761902055634797,0.25110525131850636,0.06335160874834267,0.9987591505050659,0.468018879912812,0.2543669782683401,0.04838662671839131,0.9989399909973145,0.47616900265147466,0.2567688547431284,0.0069215994558303635,0.9963579177856445,0.4702328589712038,0.26996602850622936,0.07197316099220578,0.9964889883995056,0.4728164393868859,0.2703441045095756,0.06046176653635916,0.9961867332458496,0.45116585942581144,0.32032813139716054,0.058127301335551176,0.9999057650566101,0.48323833673093414,0.32110635268004417,-0.024541412584997934,0.9994117617607117,0.44197886765110384,0.3789096466516205,0.07063820605469459,0.5979608297348022,0.4832347881665362,0.3861296870056754,-0.0704437383518888,0.46169015765190125,0.4591566854463238,0.39686768671230543,0.04572482724336814,0.5480340123176575,0.4775204415646286,0.3997964772079948,-0.08097651576833222,0.43983396887779236,0.46040837351533853,0.40778915982472275,0.04073732697328314,0.5483275651931763,0.47898089433715396,0.40366125899450195,-0.0974487627613113,0.43700167536735535,0.46338475040163346,0.401702599380412,0.02359913007508467,0.5498796105384827,0.4756728684967895,0.40240835006688774,-0.0863250119879952,0.44119352102279663,0.4622375935546899,0.399409257220125,0.0384833387300709,0.5173010230064392,0.47432790673229924,0.4003214475396541,-0.08034395532747578,0.4217579960823059,0.4556034734194905,0.48127146804175136,0.021942409652280413,0.9999455213546753,0.4777482643691597,0.4740405290446867,-0.022268114584483304,0.9998610615730286,0.46705972497593207,0.6103704054864634,-0.004361814703228306,0.8920966386795044,0.5251318162893286,0.4952993437443183,0.037087498598112285,0.5696991682052612,0.47229474277325967,0.73867360906679,-0.0410130920441451,0.9385928511619568,0.5036454286807472,0.5722542641334931,0.18996127824269585,0.5052930116653442,0.4749368612811709,0.7546513724914401,-0.05146660335209166,0.8720791935920715,0.49539126684387513,0.5746808291921014,0.20601579933243241,0.49925222992897034,0.47315655377341825,0.7774188808163128,-0.1298166142307982,0.869811475276947,0.4974453662993221,0.6036482870792194,0.20857754373204127,0.47972795367240906
70,2.3333333333333335,0.4739760117746026,0.2608138575985548,0.07868479748223749,0.9982297420501709,0.47240698653348734,0.250354054271097,0.0648110878923081,0.9970451593399048,0.4718918741904374,0.24994760010540423,0.0645381641599167,0.9967384338378906,0.4711024532141549,0.24964428293000646,0.0645554865793999,0.9979749917984009,0.4747662742943172,0.2509415656698733,0.05140253927247172,0.9981305003166199,0.4756840696160616,0.2509696867931322,0.051030545877632796,0.9983260035514832,0.4762821816395456,0.250997427842572,0.050818826221907594,0.9986477494239807,0.46908670685234155,0.2540640901224068,0.06443372904063276,0.9987110495567322,0.4751020570821867,0.25638409321457645,-0.0052980953869052,0.9962769150733948,0.47247940259427335,0.2700149305711472,0.06880063133163845,0.996370792388916,0.4743132426258618,0.2703824373442222,0.047609352185831996,0.9961007833480835,0.4542999975842164,0.31999829371326,0.09941295614522463,0.9998798370361328,0.48087728130967383,0.31966619412415165,-0.05585702815604475,0.9994373917579651,0.45332069666904806,0.3800034924714339,0.1285989096513573,0.554924488067627,0.4857804648833664,0.3826085642036552,-0.13231163017358777,0.5128912329673767,0.4757670553220207,0.398684701647501,0.09306092078427428,0.5473443269729614,0.49028817782732925,0.40035320248664275,-0.16545044302059794,0.49370235204696655,0.48005005391710864,0.4093177764566306,0.09075361324869906,0.5542078018188477,0.49360421568630564,0.40411421380758844,-0.19248105643303268,0.4903557598590851,0.4824807795802076,0.4042344779709683,0.06673222436063607,0.5590680837631226,0.4917434187867945,0.4027681004034288,-0.1784813911181583,0.4939056634902954,0.48058496804571327,0.40208029059890316,0.08270428805290876,0.5277223587036133,0.48984353508541406,0.40067369745260817,-0.16364487103255698,0.4726231098175049,0.4564291405972253,0.4805340388119969,0.042096715929112336,0.9999457597732544,0.47455494727312797,0.47369475080642554,-0.04238072254820396,0.9998656511306763,0.46746971733904963,0.6091284053529565,0.015376836354863284,0.8751676082611084,0.5226779556593916,0.49750947782897414,-0.01903064095896795,0.6046518087387085,0.4715514201958361,0.7388994932738983,-0.011841332613042491,0.936280369758606,0.5046807256606101,0.5765977623341333,0.13302363493976221,0.5356936454772949,0.4731073016435586,0.754901640035921,-0.021317314930796964,0.8634682297706604,0.49554588416031914,0.5820408021231285,0.1489511040964742,0.5080811977386475,0.47466760281733533,0.7776025890169638,-0.1003589364823453,0.8726189732551575,0.5032597133288831,0.6117182270724077,0.14397847793058532,0.510104775428772
71,2.3666666666666667,0.47520952649284254,0.26085991753088383,0.05411192173351568,0.9983494281768799,0.4733977616456647,0.2502015379994971,0.04784121898831971,0.9972773194313049,0.4727917752673943,0.2498160575373847,0.047579839378039834,0.9969890117645264,0.47193838396324583,0.24954865984186905,0.04761520761339442,0.9981218576431274,0.4755285441329637,0.25079871069742515,0.028004949737209933,0.9982812404632568,0.47626795119481424,0.25083725008370605,0.02763949286286723,0.9984647631645203,0.47677388642167423,0.2508697124807641,0.02743484672665912,0.9987630844116211,0.4693575700319967,0.2538879553265897,0.0666175169368955,0.9988006353378296,0.4755446700081995,0.2560585710771055,-0.028772733750095168,0.9966171979904175,0.4736281662042506,0.2700050634095568,0.05467713646316077,0.9966762661933899,0.4753546117788693,0.27036173253762236,0.025426240008896865,0.9964431524276733,0.45772789659219576,0.3200005556767813,0.12048368760934566,0.9998797178268433,0.4786234572150967,0.3187638073149809,-0.09468033894420799,0.9994911551475525,0.46376270700876904,0.38055013013559474,0.14949104407994643,0.5232563614845276,0.49022576374393123,0.37972140704410323,-0.17385024472684305,0.5600635409355164,0.49322647916030643,0.3999347964478367,0.09543124262393235,0.534106969833374,0.5061108947888656,0.40048297797614846,-0.19884526101491307,0.542284369468689,0.4995708283166025,0.41093945311379654,0.09224242103301886,0.5458305478096008,0.5111142102180101,0.40523403637956085,-0.23149953528365627,0.5377215147018433,0.5039601152482223,0.4077966661549396,0.07326540066541211,0.5523458123207092,0.5111857004383003,0.40486293836133724,-0.21686050977494845,0.5402281880378723,0.4996530781791536,0.40446738909714475,0.08684097990852095,0.5238959789276123,0.507387696572544,0.40159465804130856,-0.1963751377445638,0.5163397789001465,0.45808418203979107,0.48103246563107976,0.06306348102511672,0.9999497532844543,0.470840131422253,0.4754564595532179,-0.06328233047167973,0.9998785853385925,0.469572670877755,0.6006122848141897,0.09374716620094584,0.8378753662109375,0.5128211307415568,0.5215693377479846,-0.06318546177547488,0.6441333889961243,0.4726223564313869,0.7159598970493645,0.1330505178214953,0.9177043437957764,0.49771904959849217,0.6108836182639452,0.058843707997323746,0.5820348262786865,0.4749098211239009,0.7354406414348778,0.1307851363426346,0.8473828434944153,0.4888339485032562,0.6183135481919706,0.07107909263436779,0.5555837154388428,0.4807784164645037,0.755814646965577,0.06610838477599652,0.8654565811157227,0.5014767915141178,0.6470865165115791,0.04264860791253626,0.5588155388832092
72,2.4,0.47672507238086315,0.2611483057051536,-0.009583947646070283,0.9984905123710632,0.4756336437687758,0.25051477751960016,-0.007187337686381232,0.997519314289093,0.47558497018470614,0.25020951208367104,-0.00744903733764922,0.9972378611564636,0.4752740060020398,0.25002544647250674,-0.007395836785893624,0.9982802271842957,0.47575305133255125,0.25106082242670713,-0.027480226097940263,0.9984357953071594,0.47563617248510653,0.25113677371722026,-0.027849547771849763,0.9985986351966858,0.47535165625855036,0.2511924884730559,-0.028059313979313973,0.9988729357719421,0.4732114151142831,0.25438701154032356,0.04427688983145061,0.9988536834716797,0.4736157499595721,0.25633666354931445,-0.05520813648379853,0.9968922138214111,0.47613184572897777,0.2707653326893264,0.004427128847788606,0.9969314336776733,0.4760091305301083,0.27139429820357197,-0.025432172090812524,0.9967128038406372,0.46447531281704735,0.3239790759938859,0.12256704106502384,0.9998642802238464,0.4750944590223216,0.31932938597684535,-0.11480329541791309,0.9994449019432068,0.481902898155423,0.3824099685729055,0.158821602358582,0.5402498841285706,0.4949071359083052,0.3789845945307493,-0.20873233566380697,0.5658023357391357,0.5193294918063011,0.4052847704957488,0.09218842810268454,0.5663855075836182,0.5191547490651762,0.4004972928437675,-0.2663804060581424,0.5741678476333618,0.5274266397093668,0.4177715738768693,0.08848477508569137,0.5747954249382019,0.5254365719861906,0.405301630787657,-0.30901002432329616,0.5656353235244751,0.5318896340986323,0.41600306753498045,0.06965098913110346,0.583063006401062,0.5255329853714061,0.40483437057318344,-0.2954358903184531,0.5679168105125427,0.5268011184117778,0.41197524182086087,0.08200634992743278,0.5546040534973145,0.522382618010977,0.40207578965141155,-0.26485806754296376,0.5334839820861816,0.4624658986971613,0.48272390641791174,0.07043355408906786,0.999935507774353,0.46508635007404564,0.47693396318035275,-0.07062741572973916,0.9998477697372437,0.47193975048702785,0.6005479069247189,0.09166865419362004,0.8255521059036255,0.4996643366117043,0.5304757358706746,-0.1651384708354302,0.66717129945755,0.47143509197314754,0.7178976460100597,0.15478307306237077,0.9168753027915955,0.4918265868075448,0.6207448851730043,-0.005293210451508497,0.5663111805915833,0.47232470234819873,0.7369635088181582,0.1528891932162494,0.8251057267189026,0.4852619461472019,0.6290584480012257,0.010427138236004753,0.5194872617721558,0.4811883080899201,0.7579633562142559,0.07671843660527887,0.8641802668571472,0.49804459022591885,0.6572200367537885,-0.03725733485450361,0.5451534986495972
73,2.433333333333333,0.47867411808894156,0.2639688499115914,-0.07273604762972369,0.9986408948898315,0.47836326840931914,0.25351281661254027,-0.06426940325071286,0.9977664947509766,0.4789686041747953,0.2533041533841472,-0.06455970819532117,0.9975126385688782,0.4793974380227601,0.25319619723307285,-0.06450087606907884,0.998451292514801,0.4769204982206958,0.2539587620151579,-0.08442016936185867,0.9985915422439575,0.4762675574435342,0.254030507992695,-0.08478547723840524,0.9987381100654602,0.4753860714282742,0.25407750286597114,-0.08498567911045994,0.9989849328994751,0.47807446892683153,0.25770993647093887,0.008116574720784576,0.9989674091339111,0.4730307788677847,0.2594058051482899,-0.08783992762136461,0.9971991777420044,0.4790830485161135,0.27413976034103227,-0.04906623435899038,0.9972359538078308,0.4773633632812823,0.2747406694131669,-0.07840261470141953,0.9970366954803467,0.47416684408714377,0.32932959515579524,0.10068864433418039,0.9998764991760254,0.4730139849783883,0.32311170550598994,-0.13833837356827156,0.9994726777076721,0.501799584328908,0.38577004264506565,0.1407617626543298,0.5775086879730225,0.49469456350060265,0.37834278714218683,-0.2533287455386997,0.5930300951004028,0.5453888547187565,0.4139035967488994,0.0635630456878719,0.6054235100746155,0.5267446379091365,0.39819663934226224,-0.3492053768763071,0.6078571677207947,0.5542128899842534,0.428145490320996,0.05732530940043401,0.6110683083534241,0.5357918750219401,0.4031573985160215,-0.4003524283954861,0.598505973815918,0.5583811304553292,0.4276897128036274,0.03085537767383892,0.6194740533828735,0.5379255524102795,0.40203017031745353,-0.38758407808036854,0.6003805994987488,0.5530404670572537,0.4226308313207969,0.050283624855073976,0.593237578868866,0.5316478503961137,0.3997256812237706,-0.34880559102341824,0.5607414245605469,0.46756620804519733,0.48724107879606704,0.075966651668582,0.9999411106109619,0.4634461240882796,0.47983555737839534,-0.0763095912421167,0.9998587965965271,0.4738454478377811,0.6071939017807599,0.07746379069541633,0.8422144055366516,0.47481739170728315,0.5269832299749659,-0.15445681354782892,0.6960006356239319,0.4698401274088516,0.726579134481778,0.143722882328696,0.924800455570221,0.4452511625041332,0.5985097655139172,-0.008280453232116012,0.6064707636833191,0.46886796446868656,0.7455297936111105,0.14143385474392217,0.8406782746315002,0.4382675673586155,0.605404943026048,-0.002538977466734883,0.5537322759628296,0.4797627448379057,0.765858367926223,0.045636116719009204,0.8770774602890015,0.44467660896021616,0.6302792699678096,-0.04633160641646356,0.5870721936225891
74,2.466666666666667,0.47762038195446377,0.26965005548444676,-0.12023133204570349,0.9987762570381165,0.4783872945783745,0.2596729872369375,-0.10780710795369955,0.9979889988899231,0.47965223118472095,0.2595780505749433,-0.10811805291341783,0.9977600574493408,0.480756503600227,0.2595313922076915,-0.10805140220413925,0.9986051917076111,0.4752680097720961,0.2599299894523768,-0.12493605083981435,0.998731791973114,0.47410501672716143,0.25998013982498125,-0.12530014160472935,0.998863697052002,0.47262284515968633,0.260009034284993,-0.1255106692783248,0.9990857839584351,0.48055174070898227,0.26405517040887605,-0.020232451165627732,0.9990696310997009,0.47013290838286426,0.2653453235757376,-0.10229894615435241,0.9974768757820129,0.4790934613154267,0.2803774483736536,-0.08982496114718116,0.9975104928016663,0.4753886989472889,0.280822230936122,-0.11492636844712913,0.9973297715187073,0.48403193167267183,0.33599331250932934,0.07562597771461599,0.999885618686676,0.46590068819902297,0.3298872157199142,-0.14536942852554624,0.9994919300079346,0.5189326552419438,0.3895397549049222,0.11041465025829718,0.6158751845359802,0.4847285745723895,0.38081866569729733,-0.2850046192436648,0.6275063753128052,0.5671502506971847,0.4204024883046435,0.025956680908171104,0.6422462463378906,0.5184074668832522,0.39535642420108225,-0.43776303878605727,0.6413068771362305,0.5770613974422806,0.43585643180725286,0.016375565609131903,0.6459136605262756,0.5271778916393624,0.3988604293278203,-0.4979988827369274,0.629723310470581,0.5807173253568135,0.4356353000707572,-0.014330876776825447,0.654242753982544,0.5301451349468618,0.3969636023795755,-0.48648506620859905,0.6315708756446838,0.5753015177383279,0.4302723024195185,0.010977074636352238,0.6301347017288208,0.524394203721095,0.39567618311141517,-0.43951143818083754,0.5905178189277649,0.4710766673465524,0.49370038795031645,0.06761363914639322,0.9999362826347351,0.4575272860836413,0.48414188661491064,-0.06796683857662777,0.9998403191566467,0.4739818121143206,0.6158640264889272,0.05708142345872823,0.8560975193977356,0.4514493499524521,0.5354324339592407,-0.1199362922850737,0.6996159553527832,0.46546275486531874,0.7357737563820665,0.12415896271878216,0.9311339855194092,0.4191948831783929,0.583319954727438,0.07704142452814779,0.602482259273529,0.46294214535911654,0.7542766313144913,0.12177354960629462,0.8462087512016296,0.41268812330131166,0.5917558990189231,0.08876782086816414,0.5290096402168274,0.4753027754876788,0.7737862248605561,0.0073245547370355685,0.8873330354690552,0.414345042107309,0.6126070047245482,0.03595224326711262,0.5826228857040405
75,2.5,0.4852165761278875,0.27661164929377224,-0.16007141901821992,0.9988968372344971,0.48443765749667517,0.26701576208682704,-0.1448863152139881,0.9981867671012878,0.48554401569143235,0.26707424839782445,-0.14521531855015626,0.9979789853096008,0.48665637623229663,0.2671448256648491,-0.1451532250622537,0.998741626739502,0.4820109606953543,0.2670541596589059,-0.15915871817272143,0.998855710029602,0.4792916936273339,0.2671059435527647,-0.15951936088090957,0.9989741444587708,0.47656633534112064,0.2670961198096899,-0.15972992569566208,0.9991739392280579,0.4866728863952474,0.2718153415459975,-0.046392265920803304,0.9991595149040222,0.47364409164788646,0.27227408353982724,-0.11465632950041411,0.9977131485939026,0.4854129873443468,0.28758702023649946,-0.12464524075094846,0.9977538585662842,0.48011660943109147,0.2877834438576256,-0.14573588822229172,0.997584342956543,0.4943607636575352,0.3444904023971111,0.05292690353349901,0.9998941421508789,0.46399817171924185,0.3393004237892188,-0.148070318483743,0.9994776844978333,0.5347599632086871,0.39443703823868814,0.08742465202096948,0.6470378637313843,0.48337223539709184,0.38444456018504436,-0.3057920528178193,0.6505253911018372,0.5855385949084958,0.4291718946234645,0.002428136688008481,0.6717883348464966,0.5188066920727787,0.3951350369749704,-0.49701603323966714,0.6591767072677612,0.5965934599130591,0.44569468394472306,-0.009147292471492898,0.6715478897094727,0.5279769549385783,0.3974635117596269,-0.5629043918593297,0.6398802995681763,0.5998815421645096,0.445655221192271,-0.042760964605498275,0.6806678175926208,0.5323139487261861,0.39516381855496996,-0.5523605431981619,0.6415171027183533,0.5940861216063145,0.4404154561858429,-0.013541866168008137,0.657539427280426,0.5277471748872447,0.3946250833444175,-0.5002586022374583,0.5927541255950928,0.477569842956527,0.501503272605876,0.05759598814417209,0.9999326467514038,0.45755466262471906,0.4893655018210782,-0.05795374261566503,0.9998207688331604,0.4799432762934074,0.6273867272194733,0.03625050094022754,0.8614034652709961,0.43494979717156423,0.5457962349298557,-0.08630644993962522,0.6632992625236511,0.4668554868986228,0.7466666335336145,0.10767746621752883,0.9318515062332153,0.39639841037393575,0.5851062663310059,0.1376078912961293,0.576321542263031,0.46309003728922354,0.7650229205492249,0.10559567357578308,0.8294110298156738,0.3901923717782698,0.5930836099373045,0.15249295367250643,0.4918545186519623,0.4759152965175114,0.782729540342239,-0.022692538236309755,0.8886430859565735,0.3879179876630906,0.6137846766566519,0.08991222253295407,0.556018590927124
76,2.533333333333333,0.49079491613763715,0.28396997747942254,-0.2123245258671441,0.9990068078041077,0.4881776034770527,0.2746543295883339,-0.19505460313425454,0.9983668327331543,0.48910279131043044,0.2748103087757241,-0.1953968155173702,0.9981797933578491,0.49026674915809143,0.274953528924336,-0.1953334433081449,0.9988664984703064,0.48731329879079033,0.274547843231101,-0.2050529503323429,0.998968780040741,0.4827520410476017,0.27460228962201677,-0.2054146352307233,0.9990754723548889,0.4787209228103818,0.274581615859793,-0.205611954741801,0.9992547035217285,0.4907624698008427,0.279722353458462,-0.0869959083971419,0.9992429614067078,0.47520014758413076,0.27966226225027285,-0.13524256983611083,0.9979338049888611,0.48920749274971054,0.29514364984753205,-0.17258641291995777,0.9979771375656128,0.4836540349214701,0.2951631390363977,-0.18790454989531036,0.9978220462799072,0.5030623072940085,0.352787758894781,0.010685381244337828,0.9999041557312012,0.4617613681207167,0.3481181761810455,-0.1415296369317839,0.9994763135910034,0.5490497917900014,0.3986889725985083,0.03667252502860695,0.6822304725646973,0.4668873615802303,0.38898681206828983,-0.2892923561237711,0.6736360788345337,0.6017245985295034,0.4328355763132478,-0.059940154684204015,0.7044689655303955,0.48626242111324375,0.39594815226214153,-0.5069662143419372,0.6682435274124146,0.6137891166306481,0.4489822651390646,-0.07622069761561132,0.7039494514465332,0.4908956279143121,0.3972409662924211,-0.572869162578105,0.6428498029708862,0.6167931254203542,0.448880112514959,-0.11244213095315736,0.7122523188591003,0.49420958754356775,0.3941748919841943,-0.5671312534420728,0.6479561924934387,0.6104283818719878,0.4438169818890264,-0.07722709703942184,0.6913607120513916,0.49153740724301664,0.39422321953421613,-0.5123631646679718,0.6035335659980774,0.4819850295741151,0.5093852176994222,0.04362155157982125,0.9999292492866516,0.45666198934453617,0.49486000394334406,-0.04398387593775849,0.9997953176498413,0.4835160519506142,0.6370175904353483,0.018651340077894978,0.874205470085144,0.4193761778719676,0.5423133925656006,-0.06141594653606762,0.6885884404182434,0.46683031693254223,0.7548314941404496,0.09648570022938777,0.9367431998252869,0.37113175495669004,0.5818528040705098,0.13050948981442873,0.6070729494094849,0.4620587806286475,0.7724739260099261,0.09902408393518258,0.8376830220222473,0.3647903591257309,0.5899139097576745,0.14358968301346814,0.5178815722465515,0.47537041423910953,0.7889385002456484,-0.035577466604392316,0.896855890750885,0.35805593806035024,0.6032390980153721,0.06305840779651042,0.5894888043403625
77,2.5666666666666664,0.4915081901317615,0.29102793186346293,-0.25502211124416807,0.9991059303283691,0.4894404794151871,0.28183899872054674,-0.23690523680417408,0.998529314994812,0.49074341351524875,0.28201369311180274,-0.23725565132799714,0.9983609914779663,0.4922740963579798,0.2821756133631863,-0.23718095353530633,0.9989791512489319,0.48787333767469754,0.2816774198234121,-0.2427186422740219,0.9990711212158203,0.4831556474328399,0.28173643932272946,-0.24308547718033613,0.999167263507843,0.47895537295455026,0.28173056355054,-0.24326812853667276,0.9993283152580261,0.4932923905011852,0.28709494737855756,-0.12367983874886562,0.9993181228637695,0.47506132283789515,0.28694845146759945,-0.1522197756350765,0.9981369972229004,0.4905055237506237,0.30233681744412566,-0.2126241180714473,0.9981785416603088,0.48439738446374636,0.30238469607343277,-0.22224111344432174,0.9980379939079285,0.509893684316219,0.36028959807195376,-0.030146642722857796,0.9999133348464966,0.45856754954519335,0.3561293869968749,-0.12887780712768726,0.9995148181915283,0.5609767011475231,0.4015629286883987,-0.013992328316247162,0.7139227986335754,0.4509299656921456,0.3903731402549901,-0.23894837406670497,0.7033106684684753,0.6165719141163555,0.4334315785516448,-0.12109327690693425,0.7339346408843994,0.4556892597244998,0.39688040872070807,-0.44039536080120706,0.6978074312210083,0.6295962732001434,0.44828810865129565,-0.14165981589418164,0.7332515716552734,0.4562659968683259,0.397903876888672,-0.49788299347787135,0.6713771224021912,0.6324319610820153,0.44788001655524934,-0.17929847826921558,0.7407873868942261,0.45873639924715476,0.39488014752263134,-0.503138582526238,0.6770946383476257,0.6257802472824954,0.4432563115835749,-0.13925964220669007,0.7219426035881042,0.45793571871525185,0.3949509547073116,-0.45000718245046445,0.6374632120132446,0.48518263294811326,0.5165958795011272,0.027389724733000786,0.9999290108680725,0.4555500296476141,0.5000883650546872,-0.027765867044354554,0.9997934103012085,0.485603075859078,0.644102673227715,-0.004698178278132991,0.885968029499054,0.40755476973216914,0.5359776250044116,-0.044083624246139694,0.710273802280426,0.4654950989788048,0.7598342661500328,0.08504521439980944,0.9413554668426514,0.3501023490471216,0.5758330686688307,0.14681337373057524,0.6361938118934631,0.459223023545963,0.7770156892382892,0.0883426167049524,0.8458635807037354,0.3433311303794505,0.5858315807705939,0.15958527562612096,0.5455874800682068,0.4729020317858528,0.7929421085676795,-0.054762660246461835,0.9051945209503174,0.3282591206207938,0.5902558691530917,0.0680821342283297,0.6222245097160339
78,2.6,0.490997069911731,0.292603070130936,-0.2655214243002064,0.9991953372955322,0.49025047161742263,0.283359085872829,-0.24519335134407777,0.9986763596534729,0.4919943873494558,0.28349292223093486,-0.24553651037032806,0.9985249042510986,0.4938630179472242,0.2836323096108346,-0.24545285012772988,0.9990811944007874,0.4872653051377105,0.28333676931431173,-0.25151080552183314,0.9991639852523804,0.48279344467155955,0.2834537537449473,-0.25187513405059003,0.9992505311965942,0.4787397868936343,0.2834878755560195,-0.25204068229762977,0.999395489692688,0.4952558369888239,0.2885543492192517,-0.13139834439121267,0.9993863105773926,0.4745270868034856,0.288890684705643,-0.15639275949544507,0.9983232617378235,0.4912182102484842,0.3038500574593858,-0.2206782928360995,0.9983606934547424,0.4843858658744406,0.3039874634899627,-0.2309313413182591,0.9982341527938843,0.5151127924253786,0.36164558211935044,-0.04719186833897304,0.9999219179153442,0.45573973884129493,0.35835270017490306,-0.12205249187584422,0.9995606541633606,0.5704875076552668,0.3986665393100748,-0.037892035871013,0.7421480417251587,0.43332648078925134,0.38496353489767066,-0.22194639931531754,0.7300717830657959,0.6294424728500726,0.4259644560017336,-0.13003412227747466,0.7603650689125061,0.42315521209297113,0.3933035598240564,-0.4167062583729737,0.7221429944038391,0.6432049204738344,0.43981298828007453,-0.15064503924289294,0.7594191431999207,0.4199809195430832,0.39425635197834463,-0.47087049007231546,0.6926506757736206,0.6457779098059966,0.4389286976656562,-0.1887313038293179,0.7663255929946899,0.4214939829930546,0.39198365449885103,-0.4809779088729307,0.6990777254104614,0.6390876608565427,0.43503669580658927,-0.14809617037104156,0.7493427991867065,0.42225401284599384,0.3923180871952703,-0.4282180279116919,0.6628821492195129,0.4881051604465413,0.518266214753556,0.018491977185165136,0.999934732913971,0.456274432256376,0.500982817360774,-0.01897028653493466,0.9998078942298889,0.48670539994961803,0.6459989579130534,-0.011637676724836205,0.896728515625,0.4065590410103874,0.5176699256133772,-0.06327711083299895,0.7304882407188416,0.46354337641583254,0.7612438648540608,0.07660888956434549,0.945759654045105,0.3531714697682568,0.5459451447492193,0.0923487129193596,0.6379708051681519,0.45675511007078173,0.7777933259997875,0.07903210223195994,0.8587074875831604,0.3475972779311784,0.5558107196018252,0.101968976932289,0.5603588223457336,0.4705298810102008,0.7939780891955962,-0.06471629751972292,0.9131802320480347,0.3323964396090803,0.5502954257970517,0.008464537985289476,0.6420167088508606
79,2.6333333333333333,0.4944192816287764,0.2939057811715221,-0.27843507683233626,0.9992755055427551,0.49467254215329715,0.28478862320941234,-0.25596292489151545,0.9988078474998474,0.4969035242821189,0.28493114428100313,-0.2562960641902698,0.998671293258667,0.4993287929735248,0.28504860454710135,-0.2562107870632459,0.9991722702980042,0.49049919220948307,0.2846996815359748,-0.2619222859991838,0.9992470741271973,0.4861966529694826,0.28474227966408633,-0.2622939648452875,0.9993249177932739,0.48212034651507474,0.2847440424953961,-0.2624531953258493,0.9994553327560425,0.501359391536692,0.2900585827594667,-0.13548618136884855,0.9994468092918396,0.4775486421993152,0.29028263972368834,-0.15958090079743537,0.9984878301620483,0.4956235267361282,0.3051582125280847,-0.23111014836899324,0.9985228180885315,0.4881522512210904,0.30498572828404,-0.24098047861677654,0.9984081983566284,0.5265143849968581,0.3628201693156763,-0.05162701479930033,0.9999287128448486,0.4560392599631097,0.3607965946948062,-0.11574972100014225,0.9995816349983215,0.580507783324006,0.3962456499294246,-0.044179658072134774,0.7667418122291565,0.4204274899490625,0.38534939279850655,-0.20758123861482417,0.7316499948501587,0.6410298825945797,0.42167563040891615,-0.14108489959847223,0.7828078269958496,0.3990649740960066,0.3950658724624363,-0.3972325609199511,0.7089688777923584,0.6553888785132704,0.4348893915798151,-0.16054033840018367,0.779575526714325,0.3917027179064277,0.396539001057413,-0.4472912485316215,0.6692689061164856,0.658075338160603,0.4340766980457159,-0.2012497269318195,0.7867264151573181,0.39236308744734055,0.3945386543392737,-0.4630882521928358,0.6794951558113098,0.6513225882967463,0.4304613655473021,-0.16039858385097586,0.7714285254478455,0.3943463030098068,0.39487002112475506,-0.4110000953026164,0.650152862071991,0.5007002520231716,0.5185478513935894,0.015390792275278679,0.9999391436576843,0.46116245735837613,0.5019529997732014,-0.01588410477804656,0.9998199939727783,0.49058739858450245,0.6471791406932205,-0.02157690715064346,0.9025339484214783,0.4120194844552217,0.5077842504637922,-0.12517154258868896,0.7454804182052612,0.46507672817800766,0.7651444938809288,0.05718131990756787,0.9437549114227295,0.3667092754544015,0.5401612557432194,-0.03762190862310848,0.6375520825386047,0.458318469922686,0.7814777928842938,0.05813953508809834,0.856866180896759,0.3629372777279092,0.5517767769805818,-0.03504406014859851,0.5634201169013977,0.4718611519038142,0.7980649331614974,-0.08786468384464605,0.91334068775177,0.348611548607482,0.5407158045677077,-0.14334982396512325,0.6577249765396118
80,2.6666666666666665,0.4953823985168484,0.28993883419545663,-0.3091861184773986,0.9993477463722229,0.4963657331390706,0.28094696165476113,-0.2864470367173052,0.998926043510437,0.49889161636995116,0.28105029113308383,-0.2867888796088848,0.9988031387329102,0.5016790617904785,0.28111632194477243,-0.28670452228532906,0.9992541670799255,0.49134024839548757,0.28086581016842777,-0.29036675234099285,0.9993215799331665,0.4872411917060353,0.2808725478326637,-0.29074331886736143,0.9993917942047119,0.4832629716480355,0.2808314371553149,-0.29089201855735325,0.9995089173316956,0.5038990689900222,0.2859585009782567,-0.16151904637428594,0.9995015263557434,0.47816869964733244,0.28630443064270583,-0.17665113803736107,0.9986355900764465,0.49717823762277213,0.3010606240766491,-0.26021578647649996,0.9986696839332581,0.48952186149811006,0.3010212061926218,-0.26729834957614257,0.9985657334327698,0.5354339554341875,0.35789937659659865,-0.0775748742002044,0.9999355673789978,0.45521644397290073,0.3577161065643406,-0.1119587013648813,0.9996148347854614,0.5866935400526935,0.3892686578285085,-0.0768390539596562,0.7898920178413391,0.4109714279124708,0.3831825156288451,-0.19092180073429182,0.7554685473442078,0.6475532318936028,0.4134628441841311,-0.18685186061871123,0.8043313026428223,0.3814089078433315,0.395227835228934,-0.3794590626669039,0.734555721282959,0.6623707982447131,0.4257291099983559,-0.20982442787372832,0.8009769916534424,0.3716768536963895,0.3973746283448189,-0.4263134065485588,0.6952260732650757,0.6650319151947074,0.42489028323710065,-0.251143748859135,0.8075453042984009,0.37162691098515854,0.3955441642822784,-0.4483832689121522,0.7056726217269897,0.6581177740814423,0.4216828711015815,-0.20679542117496608,0.793721616268158,0.3747450491269936,0.39583134057936864,-0.39575578621801216,0.679298996925354,0.5109552592002701,0.5140829513070999,0.008410723707538221,0.99994295835495,0.4631927584531585,0.498191687075407,-0.008904126609315773,0.9998299479484558,0.4904538707080963,0.6440193370769195,-0.03606801979006194,0.9118776917457581,0.4126471176694081,0.5022338663412901,-0.12338534561642514,0.7661288976669312,0.4648816455828983,0.7652283602282953,0.03979351603639612,0.9489362835884094,0.3579482210477518,0.5345772472721296,-0.07615750606704232,0.6691502928733826,0.4586221939634008,0.7819583508515636,0.039667153599393865,0.8685020804405212,0.35309219464887875,0.5468692096303222,-0.112860132615834,0.5955636501312256,0.4720301687551837,0.798563623739804,-0.11529172293767054,0.921444296836853,0.336866843877528,0.5323955574165458,-0.1595388656228265,0.6886389851570129
81,2.7,0.4934111720188382,0.28236924354421794,-0.3216511167517174,0.999411940574646,0.49515513364096797,0.27351607469455425,-0.2995961243752886,0.9990308880805969,0.4979582146705239,0.27367339316983574,-0.29994437225043047,0.9989195466041565,0.501051093705453,0.2738105318329982,-0.2998649562205725,0.9993266463279724,0.48941783352434187,0.27332089087889555,-0.30117816474214193,0.9993874430656433,0.4854280260539862,0.27329579875262044,-0.30155515969894997,0.9994503855705261,0.48144119639071514,0.27322456818351754,-0.3017053394628494,0.9995561242103577,0.5036068998030496,0.2787997883957134,-0.17466772104473413,0.9995484948158264,0.47602355875005087,0.27882745593060626,-0.1804225644511689,0.9987595677375793,0.49564827594335775,0.293697056364287,-0.2725535319754804,0.9987991452217102,0.48781493740941617,0.29364858562499313,-0.2764444744320569,0.998703122138977,0.5366781687742965,0.34980036082019395,-0.09349860517813137,0.9999403357505798,0.4529688958362154,0.3512151199216544,-0.10168928221416249,0.9996362924575806,0.5890624795002976,0.3796377297513113,-0.09432855218131543,0.8080680966377258,0.4050174462543664,0.3768059374743713,-0.15925313836757507,0.7735777497291565,0.6487296257903385,0.40189631523056635,-0.21204688925530496,0.8218405842781067,0.36925265193744977,0.3945264925061999,-0.34445039450347015,0.7572458386421204,0.6637708536292525,0.4133061478530835,-0.23878537786779774,0.8164430856704712,0.35779503530404777,0.39834835326408014,-0.38865968427449754,0.7173339128494263,0.6664149470713416,0.4125852944378624,-0.2799858276718793,0.82326740026474,0.35724933896413896,0.39698202449495024,-0.417699484519316,0.728304386138916,0.6592548342242075,0.40959279661015374,-0.23217373679254405,0.8101958632469177,0.36116325745072203,0.39687752000200693,-0.3635311409019196,0.7040917873382568,0.5123398125540032,0.5066399288497321,-0.001786989299431275,0.9999428987503052,0.46243543750409444,0.4916887084897592,0.0012795130982995902,0.9998259544372559,0.4879565838360245,0.6372281205107234,-0.05211054204080043,0.9131449460983276,0.41327977454216397,0.5047383799762677,-0.05580055709006604,0.703484058380127,0.4628563360473616,0.7614554326226455,0.015428164877565913,0.9497150182723999,0.36903533868295013,0.528315427744435,0.060470372126316105,0.6060547828674316,0.4565113301125484,0.7780234790873913,0.014236745008518476,0.8587253093719482,0.3685193378605217,0.533801357967467,0.03983943080462807,0.5429976582527161,0.4701677455143817,0.7970166680190756,-0.14883816309620593,0.9246446490287781,0.35135899060397924,0.52607852056182,-0.009513864778743858,0.6278760433197021
82,2.7333333333333334,0.491789853323273,0.27357900428381204,-0.3296889228809825,0.999470591545105,0.4940272092944898,0.26506806039926,-0.30730786283621353,0.9991272687911987,0.4968927054137968,0.2652335980932917,-0.3076642808377616,0.9990269541740417,0.5001115796989816,0.2653970479738229,-0.30758236910269543,0.9993935227394104,0.4878328773564129,0.2647725517743932,-0.30770882275082717,0.9994483590126038,0.4839518795508373,0.2647212263987025,-0.3080829873461012,0.9995050430297852,0.4800505321472316,0.2645758805996372,-0.3082286674881035,0.9996002316474915,0.5030811395661746,0.2708898508304717,-0.1803196139085393,0.9995930194854736,0.4747472182997783,0.27042938989298376,-0.18073925532117854,0.998881995677948,0.49429733853398927,0.2850329057769964,-0.27991572801665643,0.9989185929298401,0.4863185369430368,0.2846369514425485,-0.2820717165093628,0.9988319277763367,0.5357002889854683,0.34122531529172984,-0.1015439471131166,0.9999455809593201,0.4495724593191961,0.3449280122464806,-0.09204963440514087,0.9996680021286011,0.5901457851229052,0.36879049691356813,-0.10684623607480581,0.8259041905403137,0.39961819731383985,0.37404634513092444,-0.1338176277083408,0.7936068773269653,0.6489183749647265,0.3911502140432276,-0.23826608791205295,0.8387722969055176,0.3590327934357722,0.3950943156814774,-0.3179433840521104,0.7799816727638245,0.6638787132933535,0.4020604877536672,-0.2698302431179729,0.8326172828674316,0.3461502899965426,0.39959723546804576,-0.3607012345769698,0.7419304847717285,0.6664363192614363,0.40141655420608846,-0.3105227618837038,0.8392137885093689,0.3452307268179011,0.3986041961249538,-0.39456046502978526,0.752480685710907,0.6592521291042138,0.3985359843678937,-0.25870608063506234,0.8272159695625305,0.3499724573653892,0.3983518150325644,-0.3388974251016903,0.7303323745727539,0.5109137050886742,0.4984351326917411,-0.009600544652519548,0.9999428987503052,0.46167724452259556,0.48536603730907196,0.009075494298756225,0.9998292326927185,0.4850648046970527,0.6306561141215052,-0.064671445390139,0.9174349308013916,0.40500146402449444,0.5025718769522484,-0.0017658035200225075,0.6582896709442139,0.4607956732040323,0.758810280834774,-0.0022336478965726235,0.9472125768661499,0.36365486806959213,0.5266916003063868,0.15362413948742645,0.568729817867279,0.45482990244965305,0.7748165617960263,-0.0041672443939860734,0.8436753153800964,0.36231695721686613,0.5327715954973768,0.14197901896570814,0.508660078048706,0.4678846387468405,0.7966236561413114,-0.17384123294856174,0.9249271154403687,0.3452179933545114,0.5234709443089658,0.08387511528859104,0.5971419215202332
83,2.7666666666666666,0.49096867983472525,0.26681972001098203,-0.33586812747166955,0.9995218515396118,0.49366356418612756,0.2585270634274443,-0.31468354612164684,0.9992088675498962,0.49662444542342965,0.25870599096492736,-0.31504105176002234,0.9991168975830078,0.49988973994391006,0.25888598301226956,-0.3149575155789974,0.999447762966156,0.48718531528092757,0.2581796735544281,-0.31264148836751615,0.9995002150535583,0.48355148583031493,0.2581234331050656,-0.31300746636021076,0.9995517134666443,0.47987378769916605,0.257947892487724,-0.3131502731890043,0.9996376037597656,0.5029937303127181,0.26462180765488097,-0.1906817190134813,0.9996274709701538,0.4747831623098133,0.26391954351426217,-0.17984707863667743,0.9989848732948303,0.4937193382718793,0.278392837720487,-0.28715046418798496,0.9990222454071045,0.48575000771734306,0.2778756398443494,-0.285883132957474,0.9989430904388428,0.5343974181997748,0.33455355643747586,-0.12212671324490235,0.9999488592147827,0.44866359800484856,0.33997760311365,-0.07977735046151146,0.9996926784515381,0.5891136066850925,0.36122488451110857,-0.15765264539864382,0.8355433940887451,0.3957931916657346,0.3732794136159703,-0.10953560975377331,0.8010464906692505,0.6441020599411886,0.38154510605132863,-0.3222457435218221,0.8370609879493713,0.3543606256368891,0.3976723387006824,-0.29540321562732313,0.7961022257804871,0.6571005586962102,0.3931945472158954,-0.36372646877966863,0.8245449662208557,0.34082189059402196,0.40338129122484734,-0.33741068908588684,0.7581070065498352,0.6584368845388688,0.39211308119906535,-0.4005385622365958,0.832714319229126,0.33960903538569814,0.4024542882406473,-0.3743275810721947,0.7688597440719604,0.6518524226353246,0.38960246704352064,-0.3421024031866232,0.8179994821548462,0.34480935087441933,0.4017490269341057,-0.31755978189948364,0.7473335266113281,0.5087446315939957,0.49222293246516385,-0.02200129547350759,0.9999427795410156,0.46079173204390217,0.48018601053386384,0.02147144075122764,0.9998361468315125,0.48245274421926226,0.6254940798907563,-0.0886459725547742,0.9240448474884033,0.39694691361890483,0.4978753410422544,0.04832600188295229,0.6404140591621399,0.46043433223634306,0.7559066754942951,-0.01678279319663003,0.9476555585861206,0.34249455675445956,0.5226832085394488,0.22475097706205713,0.5750744342803955,0.4559620236722578,0.7713087596708387,-0.017732146949475117,0.829552412033081,0.33946812315153513,0.5314043190615338,0.2196197262224296,0.5055601596832275,0.4652363267326952,0.7969340402349295,-0.18985497624197284,0.9256559610366821,0.3221108296158859,0.5174166176194922,0.15350108883392466,0.6013447046279907
84,2.8,0.4898969532515311,0.261136287328039,-0.3382899543233359,0.9995672106742859,0.4929512732706383,0.25299188510998294,-0.31478152909095847,0.9992838501930237,0.496156157795833,0.2532028342942891,-0.31513754449972864,0.9991995096206665,0.49952627585087617,0.2534265459958731,-0.31505531941849463,0.9994981288909912,0.48582318924634516,0.25264680066859374,-0.3102475297973794,0.9995477795600891,0.48225735702399775,0.2526207151452978,-0.31061286341219985,0.9995941519737244,0.4786558538645389,0.25246983302922527,-0.31077039891349745,0.9996721148490906,0.5030869196334357,0.2592683096354143,-0.19325934461472938,0.9996582865715027,0.47409082138170144,0.25847476573824657,-0.16659893017285757,0.9990795850753784,0.4930238625052571,0.27275451944681756,-0.2876236022575217,0.9991133213043213,0.4846619937087726,0.2723281251754051,-0.2807822843541463,0.9990416765213013,0.5320452474714439,0.32936779304217356,-0.1388360488188887,0.9999483227729797,0.4492806657374514,0.33547421846373154,-0.05175101752595929,0.9997161626815796,0.5709396686584678,0.3612300371063933,-0.19207424751312724,0.8157006502151489,0.39695027479291767,0.3734159365390408,-0.06646635277300969,0.7935192584991455,0.6116642340685535,0.3771883352722894,-0.35923343350069936,0.8158027529716492,0.3537136779785627,0.4012414133684709,-0.25507143975200747,0.813045084476471,0.6205718782751645,0.38632764854096346,-0.4058299128520897,0.8018051385879517,0.3391490367423435,0.4086287916101004,-0.2956595280938453,0.7780080437660217,0.6219344512987374,0.38596776466574195,-0.4362094279661653,0.8104621171951294,0.3373580183047359,0.4078567669549622,-0.33479289544195556,0.7882360816001892,0.6169952707786452,0.3835857944320274,-0.3763333857222109,0.7871041893959045,0.3433251417427858,0.40665337521919165,-0.2780628624466588,0.7674638628959656,0.5052169496300472,0.48739973355652444,-0.037200218744686125,0.9999290704727173,0.4587123864320093,0.4758556475037938,0.03669841684363803,0.9998327493667603,0.47937942602659556,0.6207975896340236,-0.11178363498444582,0.9283787608146667,0.3879793491333532,0.49411578655346733,0.08594112044087027,0.6202261447906494,0.45986787514575056,0.7529582291510715,-0.028175508508533807,0.9436920285224915,0.32988786494638195,0.5196106208515053,0.2969977966781885,0.5481742024421692,0.4568305639202884,0.7682646064621779,-0.02744905448960099,0.8014086484909058,0.3276305171239907,0.529955323115829,0.29991671800584785,0.47965073585510254,0.4620898804070692,0.7965986858829458,-0.19536886119359909,0.9210116863250732,0.3059926807670759,0.5125969482096221,0.23653662200303455,0.5757030248641968
85,2.8333333333333335,0.489744864029495,0.2567258811044149,-0.32585307819656834,0.9995962977409363,0.49292446541787954,0.24873675025777137,-0.30416342946623054,0.9993326663970947,0.49607876863409234,0.24896447451471876,-0.30452390457147466,0.9992507100105286,0.4993739776945225,0.2492055122896837,-0.30444864938648913,0.9995275735855103,0.4856355092303089,0.2484006290731596,-0.2969466609529455,0.9995728135108948,0.48217482549541324,0.24839550862725707,-0.2973015958396178,0.9996138215065002,0.47868950682025857,0.24826106717507843,-0.2974615351346017,0.9996876120567322,0.5029434545166163,0.2550804220045626,-0.1894044818978009,0.9996673464775085,0.4746926796095241,0.2542438181363199,-0.15059420367539506,0.9990745782852173,0.4929585523982894,0.26832137053883187,-0.2774882245827502,0.9991551041603088,0.4848630240609055,0.26802493557127705,-0.26727936743867176,0.9990653991699219,0.5285291007062839,0.32525406272965107,-0.14618848605188567,0.9999495148658752,0.4532776755317537,0.33157153516796284,-0.023781390369416917,0.9997053742408752,0.5520296466894475,0.3633945628253201,-0.19712368619100407,0.8054183125495911,0.40331898151861767,0.3741564644963226,-0.02569790161910411,0.7480270266532898,0.5809994788603117,0.3903383101728337,-0.3410840723656886,0.7952437400817871,0.35869828996574016,0.40525455411677197,-0.2095295052300112,0.7980890870094299,0.5870350911454446,0.40141131580865463,-0.38696241110333585,0.775653064250946,0.3434322475257082,0.4145573353705072,-0.2468209189688997,0.7659757733345032,0.5877081394349082,0.40044546422535177,-0.41292250310895706,0.785020649433136,0.3411240394659765,0.4141134267447461,-0.2874447032838468,0.7779157757759094,0.5840314269181698,0.397153159185137,-0.3552283555261096,0.7562792897224426,0.34776115090911897,0.41198836573364017,-0.2328529822176171,0.7559492588043213,0.5018495001403689,0.4835694648073233,-0.0493762876013422,0.9999260306358337,0.45915184398969733,0.47265962852483207,0.04890225846221612,0.9998323321342468,0.4778282334660422,0.6165584190242859,-0.12119675867037641,0.9332459568977356,0.3851283783518823,0.4913260461091776,0.11478877231702816,0.6078372001647949,0.460611307879073,0.7502680462086442,-0.03546499947848563,0.9444288611412048,0.3222259677913525,0.5164494769140561,0.32773107816238195,0.565964937210083,0.4591258312819406,0.765797676827987,-0.030327550439565774,0.7881119251251221,0.3205709000597791,0.5283126402810622,0.33405436164299285,0.4874822795391083,0.46029097722543366,0.7960153018963576,-0.18889489841026796,0.9202302694320679,0.29238539789627516,0.5081822921513965,0.26878752661684224,0.5899757742881775
86,2.8666666666666667,0.4886338554253341,0.25379277136690975,-0.3073710909386168,0.9996336698532104,0.49203577205775284,0.2458407881003631,-0.2888694457167099,0.999397873878479,0.49512890398054743,0.2460458710238934,-0.28923792772068674,0.9993241429328918,0.49836269893201945,0.24628283931619982,-0.28917516044527686,0.9995739459991455,0.4848621561641484,0.2455812549167631,-0.2783432525261432,0.9996131062507629,0.48164702809124293,0.24560627155492729,-0.27867788982062625,0.9996489882469177,0.4783689859876236,0.24550217319067963,-0.2788249540517148,0.9997152090072632,0.5019475120928528,0.2522024255552872,-0.1849457092609022,0.9996998310089111,0.4746979771934089,0.2514641946853115,-0.13139124484576004,0.9991450309753418,0.4918438662349722,0.26530362208160296,-0.26315937750923435,0.9992316365242004,0.48412937768143327,0.26501578368401046,-0.24915304338589106,0.9991360902786255,0.5237863917132195,0.32218166209861554,-0.16497896197590656,0.9999536871910095,0.45541967305789444,0.32854873025635667,0.006482444244889286,0.9995349645614624,0.5293823274912742,0.36083498956571225,-0.22902374347563212,0.824616014957428,0.41576127870510915,0.37542931992068307,0.01884331051692081,0.6768202781677246,0.537059467806366,0.38525395484855873,-0.3684173726522428,0.8153668642044067,0.3802297096479626,0.41152495800880756,-0.14819928049485534,0.7215440273284912,0.5378759919967967,0.3966996647760308,-0.4194872579307785,0.7974982857704163,0.3682311847749473,0.4231043812928119,-0.1813125691416296,0.6951950788497925,0.537927368658301,0.3958869426772039,-0.4367433560547625,0.8059567809104919,0.36563006848800805,0.4222671145062801,-0.2223471739232929,0.7066007256507874,0.5364348906741692,0.3926105587603665,-0.37839790095551096,0.7793037295341492,0.37085076414922413,0.41888257743300034,-0.17118830867938598,0.686907172203064,0.49826592063004205,0.48152410366381193,-0.062459878159717874,0.9999306201934814,0.4589979801412653,0.4727303753614358,0.06202418444936159,0.9998289942741394,0.47684804621138044,0.6142000187734876,-0.1294604942153999,0.9370336532592773,0.4011718464156142,0.5025407028539886,0.1359955082836292,0.568148136138916,0.46118991773249707,0.7483506329776037,-0.0422299190330686,0.9465854167938232,0.360012067856364,0.5240943999027139,0.3863744562143076,0.5189717411994934,0.46079827695982023,0.7635251077855107,-0.03661031513180582,0.792529821395874,0.3608592848458066,0.5344996149856982,0.40038900955709333,0.46076980233192444,0.4587067551433032,0.795672981816927,-0.19059372029377827,0.9234057664871216,0.33926918840518694,0.5212942690952755,0.34525705180046207,0.5462150573730469
87,2.9,0.4873162641089433,0.25229156805295855,-0.28154858468890015,0.9996693730354309,0.4904357442088433,0.24430147882654782,-0.2682029620909882,0.999457597732544,0.4940841436051391,0.2444992410083191,-0.26857255826455556,0.9993912577629089,0.49670396336097533,0.2447373466243266,-0.2685163555357452,0.999616265296936,0.4831947567552925,0.244018017944649,-0.25385679741321854,0.9996510744094849,0.48044751351497716,0.2440135333489115,-0.25417120545546745,0.9996832013130188,0.4776974751687522,0.2438731842961812,-0.25430140077854213,0.9997427463531494,0.500679726515858,0.25061723815225057,-0.182092758279967,0.9997296333312988,0.47549171541993024,0.24967024718154493,-0.11355486318982207,0.9992266893386841,0.4900167245345667,0.263632393219465,-0.2445253301681835,0.9993072152137756,0.48239038840489423,0.26320716435959457,-0.22592921334171298,0.9992194175720215,0.5149624962132713,0.31983674674842344,-0.18774731340508566,0.999957799911499,0.45716749002884927,0.3258677155125871,0.030617039806181242,0.9995283484458923,0.5093676237804065,0.3570720462787068,-0.2666812792551048,0.841694712638855,0.41902409221583875,0.37270884262110116,0.043847993541853036,0.6164194941520691,0.5027831088634445,0.38025325000413684,-0.4020337719548197,0.8334552049636841,0.38515071464192063,0.41226670339522986,-0.12321976979268362,0.6639549732208252,0.4974212407164817,0.3902823793584367,-0.45697230192341715,0.8171660304069519,0.3722453193292042,0.4190317090614752,-0.1543454796016845,0.6481384038925171,0.4982665226399273,0.3883197206998885,-0.4683478151414855,0.8248130679130554,0.3706443103162377,0.4183990593062956,-0.19553821712088723,0.6605649590492249,0.49696285925368455,0.3859477841405849,-0.4093545730629258,0.8000661134719849,0.3722367595906138,0.4142582337131272,-0.14650408472753973,0.6419050693511963,0.49492323571976554,0.4800620558485774,-0.07582821524497571,0.9999352693557739,0.459701681106681,0.4732625430349248,0.07541228839936119,0.9998345971107483,0.4758665720427832,0.6128944691271772,-0.13951808412489963,0.9411607980728149,0.4156414832972215,0.5122935404563334,0.17586799021721128,0.5320597887039185,0.4615583009680029,0.7468358764487127,-0.05404396723028444,0.9494748115539551,0.39284334023569795,0.5313826178583111,0.45652664641826207,0.48048660159111023,0.4624433229193203,0.7615320590765174,-0.0488606775593751,0.8006734251976013,0.39363749920127855,0.5402153834181558,0.4764646601220951,0.44713106751441956,0.4575805944849686,0.7951247859041877,-0.2003152658725429,0.9279225468635559,0.3754140092010016,0.5333775421307361,0.43122990787873405,0.5146127343177795
88,2.933333333333333,0.48573526726746996,0.25150140028264295,-0.2584449892027993,0.9997019171714783,0.4885548264112281,0.24345634410263292,-0.24965449274660717,0.9995115399360657,0.49294861703436255,0.2436448821212316,-0.2500243100720529,0.9994518756866455,0.4947984428302559,0.24387780431906,-0.24997091244106964,0.9996544718742371,0.4815360105819073,0.24313691991992425,-0.23218487944620686,0.9996855854988098,0.47933139897186516,0.24309091686768178,-0.2324826312554915,0.9997143745422363,0.47715789647757206,0.24290398033840901,-0.23259682648239283,0.9997679591178894,0.49944747606305895,0.2496603015416925,-0.1799533973087766,0.9997565746307373,0.47640143844939026,0.24850505267421513,-0.09854374697333942,0.9993017911911011,0.48795078946764847,0.26261757061390695,-0.22771580600964358,0.9993757605552673,0.4803992406430632,0.2620655049588253,-0.20534306471135105,0.9992957711219788,0.5065918710504709,0.31799246724728053,-0.20670727293917954,0.9999617338180542,0.4587874682160037,0.3235004574645453,0.051246679784196406,0.9995453357696533,0.4927268413027955,0.3537421354464127,-0.2974669345194606,0.8573119044303894,0.4193588336155121,0.3689031492218929,0.06944301827846029,0.5637785792350769,0.471725981950858,0.3754462914344383,-0.42975395190075594,0.8499375581741333,0.3857552969098501,0.4119329007574856,-0.0919574540496388,0.6150690913200378,0.464675335675563,0.3850812254685998,-0.48736977958665717,0.8351718187332153,0.3687127569222685,0.4133825972718803,-0.11996043914975268,0.6094916462898254,0.46369567332319395,0.38286475878955784,-0.4943084022766454,0.8420752882957458,0.36788472189954674,0.4129457519642392,-0.1607531774536645,0.622754693031311,0.46484237168331993,0.3804873052069596,-0.4350693810808345,0.8194175362586975,0.36733709918465185,0.40841912237929423,-0.11501099712893083,0.6046463251113892,0.4918549165753754,0.47909075355529784,-0.08756639070715085,0.9999404549598694,0.46037913411549575,0.4737375582493495,0.08716706784281773,0.9998447299003601,0.4749994610656112,0.6119037731317707,-0.14832492187118324,0.945974588394165,0.42802783671751243,0.5198471355346315,0.21886898924298814,0.508600652217865,0.4617332343704911,0.7454879275761017,-0.06380505194422036,0.9532149434089661,0.4212901622049728,0.537162829996406,0.5247697583267904,0.4550749957561493,0.46381600561098935,0.7598279012029904,-0.058898964617748566,0.8130701184272766,0.4223418050278209,0.5442221138764568,0.5495320549023637,0.44978705048561096,0.45644404348421785,0.7946178067794407,-0.20840697690507634,0.9335698485374451,0.40861096863780133,0.5435568074321351,0.5121136847281231,0.5009117126464844
89,2.966666666666667,0.4810723428250586,0.2509879734784436,-0.18690535858635737,0.9997093677520752,0.48419149130000205,0.24285365620422777,-0.18811817941359393,0.9995408654212952,0.48803221800290275,0.24301927247806038,-0.18847571163013097,0.99948650598526,0.4892467444617676,0.24322458570065048,-0.18843206730151044,0.9996756315231323,0.47928209724183046,0.24252523473054438,-0.1676527127061318,0.9996960163116455,0.4783924248509691,0.24245664619233834,-0.16793424264644344,0.9997220635414124,0.4761431959741566,0.2422531035558033,-0.16803091802844666,0.9997727274894714,0.49471164895318687,0.2488913656300286,-0.15963017917389866,0.9997727274894714,0.4770540873437147,0.24777658510629205,-0.0658449947928143,0.9993119835853577,0.4827350854542264,0.2619077888977769,-0.1708433137110775,0.9993910193443298,0.47736112069384656,0.26138001839560504,-0.14478648689484658,0.9992917776107788,0.49543077042661887,0.31597705666983494,-0.21656185683345894,0.9999637007713318,0.4661266028538567,0.3216532221541325,0.0684201198236874,0.9995228052139282,0.47126842437130695,0.35126915090319144,-0.2804401140357289,0.8708409070968628,0.43527359974374014,0.3715294586556544,0.0861295447765212,0.5207743644714355,0.44648356883228374,0.3718581729162941,-0.36331346454948676,0.8596572279930115,0.3962484918268697,0.411935211470298,-0.05348145902068695,0.5577659010887146,0.4387518552585015,0.3814143016736159,-0.4114300234674567,0.8423147797584534,0.3793357686401284,0.4127283867944565,-0.07453885176187662,0.5534311532974243,0.43784407673708026,0.37941740232030086,-0.4158596848090817,0.8477776646614075,0.3774651921126968,0.4120738204870219,-0.1121707028612761,0.5652167201042175,0.440055211485416,0.37619677792427597,-0.36607647946533706,0.8194661736488342,0.3778050008356514,0.407718938189156,-0.0747416909145442,0.5495561957359314,0.48450238987587596,0.4783556675595152,-0.0917504580020456,0.9999427199363708,0.4667760754959483,0.47376141050145076,0.09135849737635021,0.9998453855514526,0.47427667784406646,0.6111478883953958,-0.13573325833667832,0.9504051208496094,0.4456623223053481,0.5120591599940402,0.2444033512315401,0.4879278242588043,0.46222557406731524,0.7442944157256177,-0.06709185341603892,0.9572656154632568,0.4444135485556903,0.5410715938411268,0.5334134894436993,0.46503591537475586,0.4650754095367819,0.7583999388622202,-0.06318547401912775,0.8297577500343323,0.4444395380399798,0.5471566436695241,0.5599265091174854,0.47816359996795654,0.4560430310129475,0.7916716842685997,-0.1991372653966759,0.9376921653747559,0.43433341859698615,0.5533571142164116,0.5256778574203561,0.4951818883419037
90,3.0,0.477930086056368,0.25071812052435005,-0.09970831940331698,0.9996911287307739,0.48069614622868573,0.24244236873378444,-0.10720148379575989,0.9995316863059998,0.48361375660328787,0.2425687088529468,-0.10754716179403537,0.9994715452194214,0.48402343523724956,0.2427295205280338,-0.10752249133957656,0.9996650218963623,0.47808034815378014,0.2421484566505846,-0.09097519658050685,0.9996785521507263,0.4781724520490461,0.24208706526629287,-0.09124542775897726,0.9997020959854126,0.47678205071677593,0.24191126105339317,-0.09133096339973948,0.9997521638870239,0.4880384517301649,0.24828343711909734,-0.11001207423381094,0.9997720122337341,0.47888681441764236,0.24758643140212305,-0.0351784981711282,0.9992514252662659,0.47869809201806196,0.26144197025424226,-0.09501840000289688,0.9993368983268738,0.4758671454537994,0.26112542657583354,-0.07467792269958015,0.9992172122001648,0.48140561760208844,0.314508664817393,-0.1683145084799337,0.9999633431434631,0.4747585749468828,0.32185843180498663,0.05727396601142424,0.9995327591896057,0.45107661564623036,0.3514155728674832,-0.22416134991017075,0.8150116801261902,0.4479992266813163,0.3767895054611704,0.02476858213177023,0.48038724064826965,0.4361788395459673,0.3746796804652648,-0.28981644882055585,0.7872146368026733,0.41225232231131365,0.41174735575886495,-0.13030574938471068,0.5062915086746216,0.42996654907617105,0.38699425344267036,-0.3299815447881165,0.7733045816421509,0.3983015117335924,0.41124512882620207,-0.15693833902645146,0.5034956336021423,0.4305524628455719,0.3853477916855327,-0.33646724644327974,0.7775269746780396,0.3959655022184545,0.4096021638500468,-0.18546015255399245,0.5137805938720703,0.43279208667639946,0.3821026026372579,-0.29306435154731947,0.7470176815986633,0.3958523462931795,0.405967634649556,-0.14835346592909965,0.49795717000961304,0.47600041175018937,0.4786506397354352,-0.07008017983830976,0.9999456405639648,0.4716743501910115,0.4745256615882106,0.06969416571055259,0.9998542070388794,0.4729699026542472,0.611153368409227,-0.0960156822273388,0.9481892585754395,0.4718932444386629,0.5068531390192828,0.21018061016873768,0.4764955937862396,0.46234373161254294,0.7438510255740287,-0.05285783076561702,0.9583188891410828,0.4628112993566062,0.5471849027953735,0.46280257704111194,0.4640466868877411,0.46548804863862814,0.7583202420265164,-0.052128245808333674,0.8400461077690125,0.4598003012339311,0.5506864758562288,0.4859293579718024,0.47584664821624756,0.4562304927416969,0.7880245280360989,-0.1741101563266107,0.9305306077003479,0.45094289685963596,0.5637261372705389,0.4603535448337551,0.4730924665927887
91,3.033333333333333,0.47741970508390474,0.25081703455928406,-0.02107725929545072,0.9996138215065002,0.478775372308096,0.2422934570974092,-0.03378558299369825,0.9994275569915771,0.480451780569455,0.24234617896037902,-0.03411731053547079,0.9993810057640076,0.4800681174021641,0.24243957437173907,-0.034108413128451386,0.9995915293693542,0.478967852803656,0.24214859539627231,-0.021358514334943478,0.999618411064148,0.48017488729346225,0.24211262341907597,-0.02163490821047017,0.9996567368507385,0.48027792306757605,0.24197474445597833,-0.021724234684263384,0.9997052550315857,0.4823803501395824,0.24787138219700142,-0.06318052910549052,0.9997535943984985,0.48357089097125694,0.24774086453650823,-0.005224932160019614,0.9991920590400696,0.47705118792565415,0.2613207492548439,-0.025867191766134556,0.999119222164154,0.47700373315377914,0.26133432244894533,-0.010635843341396424,0.9990330338478088,0.4692863839392486,0.313393053022696,-0.11980778351929831,0.9999591112136841,0.48339383287695303,0.3226504308404696,0.05041132169972832,0.9995534420013428,0.43756444421202284,0.3558229838802228,-0.13256525049245027,0.786379337310791,0.4628558148906735,0.38342923535141926,0.027535910545189064,0.47646498680114746,0.4335551718925153,0.3769237112998223,-0.12546152411909117,0.7118727564811707,0.4287033371646525,0.41155532247763804,-0.06616184698651914,0.4571669101715088,0.42992797371310204,0.3910050965419226,-0.146359798704206,0.699447751045227,0.41583937038067204,0.41038325433145906,-0.08293980992113198,0.4545822739601135,0.4313069087164383,0.3893843653652654,-0.15500699004237845,0.7031674385070801,0.4133192023209757,0.40832454905708404,-0.10525565557273475,0.463828980922699,0.4328804252287675,0.38656906281125,-0.12764536169180785,0.6754778623580933,0.413512838320806,0.4053988109019343,-0.07998138625064376,0.449578195810318,0.468633756907338,0.47976075456471623,-0.052100737260918795,0.9999469518661499,0.47672118451510986,0.47525997354099514,0.05173959838043524,0.9998595118522644,0.4699502630391186,0.6113321087862702,-0.06931899971003787,0.9511074423789978,0.49666836183268065,0.5027099274154067,0.16962911074147888,0.5090897083282471,0.4636598228821546,0.7443488072076834,-0.04951278771869595,0.9610585570335388,0.47589046665760243,0.5528808514868978,0.3799362373725265,0.4958805739879608,0.4670418739596434,0.7599415052774519,-0.05249978428095588,0.8542559146881104,0.4699504004802801,0.5541482335208179,0.39953124816972546,0.5083068013191223,0.4570677682148471,0.7864179377755605,-0.15747527591588908,0.9297560453414917,0.46206850520688747,0.57354843498919,0.3850523315321719,0.47894299030303955
92,3.0666666666666664,0.47886988914723067,0.251889100622187,0.03467289613427291,0.9996020793914795,0.47873454419539957,0.24282891969139436,0.021871007574575888,0.9993930459022522,0.4794213287187262,0.24276571280130158,0.021568351239875088,0.9993432760238647,0.47844788619238154,0.24276101540171305,0.021584748343008286,0.9995668530464172,0.48060390024891997,0.24292409179715593,0.02671736439856801,0.9996039867401123,0.4822124127678028,0.24289619501625254,0.026446043202087356,0.9996431469917297,0.4830275996526049,0.24275069584521758,0.026368792264687226,0.9996950626373291,0.47885127113989956,0.2480879523131474,-0.01581081561145272,0.9997403025627136,0.48555335754179196,0.24829181035560932,0.009854094087684178,0.9991927146911621,0.4776982936019268,0.26238362239011104,0.027234359766046275,0.9990037679672241,0.4792073013767659,0.2625938771525981,0.032531752178694105,0.9989157915115356,0.46140371054632495,0.31449720796288766,-0.05730569995652555,0.9999514818191528,0.4902538574234186,0.3230753282698293,0.03336687751700457,0.9995368123054504,0.4369167129899277,0.3637533928194226,-0.0527606364815878,0.7161814570426941,0.4755258786917124,0.38818128614679215,0.023166340052785363,0.44937434792518616,0.4397530044069789,0.38479758683980836,-0.03423380539081235,0.6424375176429749,0.4450043097099495,0.4132446596727919,-0.013415525001496835,0.4155444800853729,0.43886165790864173,0.3974679085795776,-0.045260191967804606,0.6318192481994629,0.4358176018579047,0.411940701963398,-0.02397634239320013,0.41282588243484497,0.4412835597392103,0.39519098878075104,-0.05595000861147453,0.6350622773170471,0.4312185575758677,0.4093953994520103,-0.040059461522959715,0.42087849974632263,0.4425829991114684,0.3925650974442675,-0.03721990145410832,0.6101881265640259,0.43129343558330774,0.4072113121419637,-0.022892436771315056,0.4074947237968445,0.4625346775670946,0.48153410053819895,-0.02685749930510735,0.9999493956565857,0.4811102985808049,0.4760568956797425,0.026518728670166702,0.9998661279678345,0.4667088012431887,0.61189574973292,-0.031464611770145846,0.9458606243133545,0.5153130359460766,0.49925971005154446,0.12418069526841044,0.529861569404602,0.4642957004051806,0.7450702110320206,-0.02800243957053112,0.9611484408378601,0.4843866022025429,0.5580538639981244,0.3141086810422868,0.5048643946647644,0.46781174514498686,0.7611602841715874,-0.03243753873537861,0.8627355694770813,0.4771355163399077,0.5574173492903414,0.3327264680678723,0.5082522630691528,0.4587863773274739,0.785041537439261,-0.12326233345277185,0.9225786328315735,0.4707671079004665,0.5811787073745781,0.3292019054648795,0.4676574170589447
93,3.1,0.4797817619582553,0.25333660340596725,0.07111492142728885,0.9995071291923523,0.4785307304109495,0.24383452348074622,0.05712705867649503,0.9992008805274963,0.4784438176882869,0.24367065211519257,0.05684074414467517,0.9991188049316406,0.47703387213776727,0.24358643492768486,0.05685502085695078,0.9994359612464905,0.4815166769962035,0.24412500827581401,0.057565389688053706,0.9994800090789795,0.48322011141122084,0.24408697300588922,0.05730384026544378,0.9995242953300476,0.48430634207175527,0.24392058644142933,0.05723741689734819,0.9996050000190735,0.47582442251844037,0.24885832937057684,0.010265364056389344,0.99965500831604,0.4860948146698723,0.24928127964022095,0.016906059042996788,0.9989427328109741,0.47789004438866145,0.26373872448400304,0.06056272289487466,0.9986711144447327,0.48053265292236524,0.2640899331416884,0.06005432274213618,0.9985196590423584,0.45511806615425043,0.31586379687013144,-0.02407912944518577,0.9999475479125977,0.4939157221880417,0.3239507450901943,0.017803725368914676,0.9995120167732239,0.4392694293912352,0.37012219504777527,-0.01609707873927556,0.6534199118614197,0.4868434052845356,0.39168490426255376,0.0032407509926937646,0.41680487990379333,0.44689588760354215,0.39531761185778214,-0.00023656651162896197,0.5796587467193604,0.4599502097505591,0.41535118887502354,0.00044912685151968224,0.37828290462493896,0.4472360251773074,0.40695431610909044,-0.007104226087164815,0.5703722834587097,0.45248453720711834,0.4141509978794998,-0.013016907068966068,0.37554168701171875,0.4506693254563637,0.40410956570026335,-0.018543648960108055,0.5731331706047058,0.44582919635836565,0.411496463366975,-0.031154165721480775,0.3824916183948517,0.4520144209440408,0.40147569113038983,-0.0037143338032068,0.5506025552749634,0.44610892476444114,0.409615267481509,-0.013089834673286576,0.36956319212913513,0.45703452893371777,0.4832420472052026,-0.010785163642588887,0.9999513626098633,0.4828210109076951,0.47717457812814745,0.010455336719932096,0.9998719096183777,0.4634151367904656,0.6128355111663442,-0.0033757222500936657,0.9310217499732971,0.5290149458692145,0.49680348924412776,0.09851611749547308,0.5109429359436035,0.4644308662300999,0.7461404950889453,-0.0070577643673245365,0.955843448638916,0.491363949431901,0.5624331107334601,0.2719934146817346,0.488591730594635,0.46806004134797935,0.7624242285483956,-0.01200520181850379,0.8639188408851624,0.4818109185551829,0.5606293865109161,0.28946580935721083,0.49246999621391296,0.4601361676718654,0.7841455592143947,-0.09144381474806668,0.8981049656867981,0.4797315185205422,0.5871109483447915,0.2929617240284055,0.43870702385902405
94,3.1333333333333333,0.48161744276171925,0.25470998127611433,0.07013970385760754,0.9993593096733093,0.4796172057511554,0.24472277921290086,0.06777174469809254,0.9990140795707703,0.4791308595810164,0.24451486929084126,0.0674043411791971,0.9989486932754517,0.4775724116071896,0.244406815123583,0.06736864086418579,0.999279260635376,0.4825942462690207,0.24511143168263125,0.047746054164911365,0.9993470907211304,0.48397145701582095,0.24509299569041637,0.04747719286370874,0.9994425177574158,0.4848721638338919,0.24495474876545575,0.04739194841193716,0.999546229839325,0.47476338113261507,0.24945842906221488,0.02611537675449308,0.9995579719543457,0.48510517810767734,0.25001408330368446,-0.007734609372264287,0.9989097714424133,0.47917489262412916,0.26500676562127745,0.06639324757750764,0.9985376596450806,0.48186656666060895,0.26533562466005234,0.04825123820751577,0.998465895652771,0.45463314594803794,0.31523367618729464,0.02077637868491749,0.9999382495880127,0.49117578761967184,0.3214204940083119,-0.03119673933212655,0.9995554685592651,0.44297532015177776,0.37399705237565506,0.0374245681557723,0.6031741499900818,0.4954496941951755,0.3896759486851765,-0.054993666410713106,0.4722590744495392,0.4593562835028288,0.40121078693014245,0.028365783558854538,0.5583992004394531,0.4791400063354094,0.4164443890418283,-0.044228227611946024,0.43817949295043945,0.4622733949069085,0.4131530123349208,0.024475517921055172,0.5573025941848755,0.47744080261529476,0.41609263791791995,-0.0628593284457576,0.434272825717926,0.4663477120272626,0.41000487570371635,0.007243672020870529,0.5596887469291687,0.472347780709221,0.4136701929805018,-0.07336987679894616,0.4396734833717346,0.4673558692019486,0.40740557381350345,0.021836674800249364,0.537188708782196,0.4713302857569647,0.41196181276165894,-0.053475204192721705,0.4240482747554779,0.4558968434396595,0.48175468296976043,0.017310233898317217,0.9999539256095886,0.4789974415398482,0.4782364755650885,-0.01759637319493452,0.9998838305473328,0.4733159025416575,0.5908030962687485,0.05931579915026447,0.9092812538146973,0.5173687096347402,0.5177327475443065,0.048993757992089174,0.5596030354499817,0.46847940007998196,0.7154824741998913,0.0946678536290593,0.9410703778266907,0.48619091658855007,0.5988728458218708,0.19224038094079662,0.539559006690979,0.4703017280521084,0.7294572016551988,0.09411296232908872,0.8573815822601318,0.47757350427476863,0.6000068970917597,0.20674080326578498,0.5416793823242188,0.46559974657018055,0.7525530341606987,0.03416742572694746,0.8879287242889404,0.4812486877421639,0.6271844839432856,0.19565617369235153,0.49409961700439453
95,3.1666666666666665,0.4838527000157822,0.2554240729283936,0.04615548115200862,0.9993107318878174,0.481184491719581,0.2449692740547553,0.04949714760053354,0.9989597797393799,0.4804815440331926,0.24474228396307796,0.04914885246723865,0.9989235401153564,0.478918504003934,0.24463340586251506,0.04913132940728382,0.9992455840110779,0.48369532967585516,0.24538827824492798,0.02227901529817776,0.9992964267730713,0.4846118729412201,0.2453933610319189,0.022000799139197856,0.9994211792945862,0.4851728679107342,0.24530503052108846,0.02190131771179845,0.9995264410972595,0.47448447589338505,0.24949964043550107,0.03250107492668254,0.9995327591896057,0.4836577365911452,0.2501900693690582,-0.036834586867818334,0.99891197681427,0.48100262698990215,0.2656276446227082,0.052392245853178546,0.9985415935516357,0.483276346989867,0.26586558852374276,0.023430125330312697,0.9984914660453796,0.4563130651905424,0.31429447043628866,0.05587240315407447,0.999936044216156,0.4876933639918761,0.31911933171290524,-0.07791749012502097,0.9995938539505005,0.4507044675817481,0.37626675668141973,0.08280610649606202,0.558459460735321,0.5001416335773432,0.3861851754394653,-0.11066607231136899,0.5214740633964539,0.4737104634142213,0.4046822332925364,0.0519024907173902,0.5420867204666138,0.4952752857690837,0.41582340043518146,-0.08983442441320776,0.4887409508228302,0.47914053785750044,0.41621219974964524,0.05003216020693037,0.5470370054244995,0.49786624595944856,0.41731399799804436,-0.11318565886442063,0.4823460578918457,0.48367094636665264,0.41290077709582645,0.02656553443732488,0.5505212545394897,0.49400509956309324,0.41464595937187587,-0.11786865573124268,0.48553580045700073,0.4826889519968623,0.4103663822397018,0.042167041881483486,0.5289492011070251,0.4918337267964628,0.41248803452956995,-0.09580656256305325,0.46366116404533386,0.45695527989907264,0.47996163005427184,0.04144494330680579,0.9999573230743408,0.47415633699836834,0.4789968308326048,-0.04168141889809912,0.9998947978019714,0.48357350371644103,0.5700715057919306,0.08749560024913577,0.8933011889457703,0.5061144945352003,0.5366287882607557,0.0072455253397045935,0.6032776832580566,0.4733139901056059,0.6884174093124644,0.15470438883953447,0.9227213263511658,0.48104181259055745,0.6286286176431678,0.13352325960637126,0.5853597521781921,0.47428813280578563,0.7015571658363897,0.15773194245715383,0.8444556593894958,0.47323124522664095,0.6319587416131699,0.14607645987366574,0.5850499272346497,0.47117180499945077,0.7261319842137621,0.10719786097624204,0.8791561722755432,0.4793066263739565,0.6612383415496083,0.11876984436655463,0.5438255667686462
96,3.2,0.4839075141113056,0.2552578647930709,0.018051215592314287,0.9993525147438049,0.48117771270250886,0.24467603650284392,0.025713667910798776,0.9990252256393433,0.4804692689423856,0.2444771679552461,0.02538526729230689,0.9989922642707825,0.4790694401650034,0.2444050525713582,0.025395170115672466,0.9992855191230774,0.48325441161442223,0.24511104470418832,-0.004578713923839885,0.9993467926979065,0.48391783164531055,0.24516258272587185,-0.004864298996078303,0.999464750289917,0.48431891367197855,0.24513414880088216,-0.004967921560765354,0.9995613098144531,0.47431640741313835,0.24913588093059985,0.03463532202408421,0.9995539784431458,0.4822104847565373,0.2497800893843242,-0.06030809334982616,0.999006450176239,0.4811771382666476,0.265401872091255,0.032391935217053885,0.9986587762832642,0.4830186452842874,0.2655413847315713,-0.002624639038623349,0.9986211061477661,0.4590552165515865,0.3138862323040374,0.08092298741218107,0.9999366998672485,0.48403144407662546,0.31734428165458606,-0.11833518364394485,0.9996336698532104,0.46150657205132206,0.3764488785406677,0.09220269565500194,0.5342810153961182,0.5035603879883221,0.38279653392869006,-0.1628059602592939,0.5688592195510864,0.4906181131055461,0.4054314702908384,0.008545037979824609,0.5579977631568909,0.5120356352329628,0.414133489467285,-0.14441321749924518,0.5393505096435547,0.4970805887928887,0.41662630660931144,0.00027587355259020563,0.5695059299468994,0.5178413795156349,0.41795967963531677,-0.1755946256114308,0.533254086971283,0.500571439090914,0.41358281249192735,-0.027004629575750005,0.575249969959259,0.5161098278602803,0.4161306699024502,-0.1755721980931026,0.5359933972358704,0.4989670581964842,0.41128626251246936,-0.004256869925358203,0.5519938468933105,0.512553074504426,0.413188017710009,-0.14793980762154127,0.5146383047103882,0.45866602144864665,0.4795118344675131,0.06293893299251141,0.9999603033065796,0.4710864615524736,0.4795560856094725,-0.06311074816521554,0.9999050498008728,0.4897417236334037,0.562460008309008,0.16320550301815095,0.8394743800163269,0.4983886380113591,0.5534427072734588,-0.0514508109634661,0.6429196000099182,0.4789636245172898,0.6733325438669479,0.298572821575261,0.8727933764457703,0.4765844322421547,0.654896451452225,0.040481604094757456,0.6267685890197754,0.47779434047994485,0.6856005871402031,0.3085475648873915,0.803750216960907,0.46914132221280336,0.6606089466217122,0.04909517911757727,0.6249843239784241,0.48093847537750745,0.7113007805829582,0.2685850331024437,0.8536059260368347,0.47926015529127874,0.6897372157123636,-2.268144002630368e-05,0.5893206596374512
97,3.2333333333333334,0.484116580172189,0.25541910298473497,-0.008893678892659181,0.9993914365768433,0.4818094437748024,0.24495335503184895,0.0044584217304208425,0.9990949034690857,0.48141354224634414,0.24481050714269093,0.004142767342674134,0.9990525245666504,0.4804938793216915,0.24479492097863348,0.004168987874969662,0.9993347525596619,0.48277273191240366,0.24536024036223678,-0.025882635050472405,0.9993951916694641,0.48296120869319314,0.24545314649893427,-0.026189676889901467,0.9995008111000061,0.48292241888579746,0.24547391186791795,-0.026315736967251372,0.9995901584625244,0.4762090811910099,0.2494827756942653,0.04278457295039688,0.9995695352554321,0.48001936055821703,0.24999109770217987,-0.06965925918179715,0.9990454912185669,0.4819710230784646,0.26565015060350716,0.01430145021029163,0.9987576603889465,0.48286513847297485,0.26575294990267073,-0.022414919544237973,0.9987070560455322,0.46468234780043066,0.31693653319349213,0.11002388187622494,0.999936044216156,0.48049613687758796,0.3175604001227042,-0.12690825273373746,0.9996243715286255,0.4790240410284623,0.3782008025430466,0.13381411712094954,0.5622575283050537,0.505949309927961,0.38035949063257835,-0.19561541780604144,0.5877289175987244,0.5156087317998068,0.4076793257369583,0.04059134205387909,0.597663164138794,0.5217326061640841,0.4078351874466867,-0.21896084638381358,0.5758439302444458,0.523858636312762,0.4198375394799361,0.03442012013505891,0.6075255274772644,0.5278101341794983,0.41177310459012867,-0.25954385218460657,0.5699917674064636,0.5271085432106072,0.417774067887397,0.0007963732309105367,0.6135599613189697,0.5266256495478213,0.40907906784358594,-0.2578341657254849,0.5724685788154602,0.5245045272828988,0.41483501869056233,0.02525351941725497,0.5920044183731079,0.5230927054688508,0.40656533155909924,-0.2223314624287738,0.5451488494873047,0.4625253257075526,0.48196781440565556,0.0743169647265643,0.9999613761901855,0.46659737492578723,0.4807017347839091,-0.07446834841671292,0.9999070167541504,0.48819421068204005,0.5741107923754664,0.14515486697888766,0.8472798466682434,0.4906755843747911,0.5583979989841774,-0.17169922243911234,0.6779070496559143,0.47634262786814224,0.6881625702491173,0.2638220469816842,0.8832138180732727,0.4752791578384374,0.6675534406262187,-0.07410200194620248,0.6533827185630798,0.4737694773966123,0.7018057451605251,0.27101406426894914,0.8160274028778076,0.4691439196349694,0.6750693608886309,-0.06475726066776966,0.6325315833091736,0.48173629820565256,0.7261746780864468,0.2075933609332144,0.8648114204406738,0.4812748872596731,0.7012141899185325,-0.12999278196234118,0.6195151209831238
98,3.2666666666666666,0.48445939967694474,0.2573963164516733,-0.059368702006416425,0.9994457364082336,0.48322745429140734,0.2473333580244227,-0.04171536198700968,0.9991765022277832,0.483567402086979,0.2473063817829573,-0.04202736444901545,0.9991335868835449,0.48339711652166195,0.24736172660213074,-0.04198419571426809,0.9993931651115417,0.48217153525972195,0.2475516129522385,-0.06925544316491218,0.999449610710144,0.48167550694535266,0.2476507610007586,-0.06957140338153804,0.9995442032814026,0.48098681543369937,0.24770886868976572,-0.06971427636131337,0.9996252655982971,0.4802422894633637,0.2520563720054326,0.020796170695206617,0.9995996952056885,0.47787325344628895,0.25251522947311933,-0.08387169332678193,0.9991157650947571,0.4835799851117298,0.267984786254565,-0.02836049551793708,0.9988680481910706,0.4823854391396655,0.26820795882176257,-0.06255907760676979,0.9988133907318115,0.47491030104396625,0.3230412513601396,0.10368491011109485,0.9999368786811829,0.4757647243591011,0.3205591789595371,-0.13118287667592163,0.9995811581611633,0.5001347951562212,0.3816958158374319,0.15465391318107335,0.6027779579162598,0.5024594104940847,0.3786279326652534,-0.2285721658236019,0.613432765007019,0.5428386677322975,0.4141555243150607,0.040129708538731455,0.6368232369422913,0.525558824895589,0.4009285342870455,-0.3075742225405905,0.6147936582565308,0.5522621625343554,0.42768756951038994,0.03441191793019825,0.6449120044708252,0.5325318175804502,0.4035631259632122,-0.3579093785070522,0.6077844500541687,0.5554007195612907,0.4267704535665085,-0.00791510053087377,0.6507126688957214,0.5327409785978999,0.3999110026399895,-0.35468172533228526,0.6100314259529114,0.5517413326249119,0.42291484588396694,0.021226148384477974,0.6308479309082031,0.5294845204821778,0.39835278267761287,-0.31143728610006177,0.5811061263084412,0.4684699277442939,0.4853395023777165,0.07554981475851565,0.999954104423523,0.46373608399607463,0.4819775620425832,-0.07568393613715563,0.9998766779899597,0.486821365867747,0.5842861146140932,0.1085646313748865,0.8561345934867859,0.47359879813823474,0.5532597746931416,-0.2374949066946616,0.6983821392059326,0.47374009182230215,0.702856371491644,0.22599741372222676,0.8932300806045532,0.46843885491892334,0.6593162148855389,-0.09169779915666443,0.6300143003463745,0.4698799368453615,0.7169597080945684,0.23212807834093468,0.820492148399353,0.4655613149142589,0.6698519987469237,-0.07848275407637599,0.5905678272247314,0.47991343089617017,0.7413433642545414,0.14626316588168287,0.8749611973762512,0.47393360462653505,0.7049918082680142,-0.1518461167656855,0.6041671633720398
99,3.3,0.4844138244950441,0.2626744811380161,-0.11235944246596802,0.9994994401931763,0.4841237595662917,0.253055321238301,-0.09295787205373363,0.9992556571960449,0.4849920731190602,0.25306145344828207,-0.09329452572500116,0.9992157220840454,0.4855366624764215,0.2531096516595461,-0.0932528801959934,0.9994509816169739,0.48167506340780597,0.253128556501874,-0.11536059186759309,0.9995015263557434,0.4806086863174202,0.25317533011256,-0.11568068129290032,0.9995866417884827,0.4793551607356161,0.25319621766061573,-0.11583182959389832,0.99965900182724,0.483904513536515,0.25791766453411596,-0.01391358826504607,0.9996371865272522,0.47631458343839106,0.2582798549513097,-0.0996828809200082,0.9991837739944458,0.48446278514724905,0.2734505482176774,-0.07636903688095267,0.9989756941795349,0.4818348417209192,0.27377664812990843,-0.10461593861059232,0.9989185333251953,0.4852104563809613,0.3307638929929327,0.06961022031222841,0.9999417066574097,0.47142398958995957,0.3267700271215533,-0.13188450406531738,0.9995619058609009,0.5195890515712058,0.38626576863178014,0.1162026329485381,0.6411089897155762,0.4961243335294805,0.3792049137996324,-0.25576174198540624,0.6292532086372375,0.5661957618614827,0.42068042249682325,0.00794306537142387,0.6719013452529907,0.5212115302508185,0.3959890516614483,-0.39679970213330223,0.6361020803451538,0.5769545807413529,0.43496679013478967,-0.0012585551899114006,0.6777631640434265,0.5277186893321547,0.3978743085494878,-0.45571779259385725,0.6255286931991577,0.580080406459107,0.4344347903106575,-0.044448303820973166,0.6834819912910461,0.5292418889221784,0.393882029505537,-0.4525010706369341,0.6284284591674805,0.575681468686235,0.43019574715544556,-0.011245461233572025,0.6651791930198669,0.526508985530308,0.392992540971826,-0.4023317655809801,0.5929483771324158,0.47338274733341434,0.4916389501603322,0.061442930235312665,0.9999529719352722,0.46117368452285,0.4850831703537418,-0.06161534449622811,0.9998648762702942,0.48608555758709193,0.5967076176990646,0.07971299537566902,0.8660889267921448,0.45459742595697145,0.550849536583401,-0.18355758019129118,0.685127854347229,0.47192878566958074,0.7171824148940469,0.19825034796175406,0.8985533714294434,0.4337275251057572,0.64405789091928,-0.02101305432996735,0.6352792382240295,0.46748088601815396,0.7315943220623626,0.20371965728766597,0.8101000785827637,0.4305542714405259,0.6558280416657225,-0.007489758563016903,0.574131429195404,0.4774897992738034,0.7547013060302707,0.10054343127068179,0.8784294128417969,0.4322154899265132,0.6808265114772031,-0.09051404356019158,0.6091766953468323
100,3.3333333333333335,0.4824586766201294,0.2697294007544227,-0.15301474987779445,0.99954754114151,0.4834850460925529,0.2605886071816518,-0.1324603666827232,0.9993264079093933,0.48504731285015035,0.2606321953073575,-0.13280296550502052,0.9992890357971191,0.486325918626594,0.260674534529226,-0.13275488722912976,0.9995025396347046,0.4794495414602488,0.2603713072327053,-0.15029983166291142,0.9995487332344055,0.47798894685159854,0.26033098895599444,-0.15062806318486308,0.9996254444122314,0.47635533285237786,0.2602895500329706,-0.1507893444093485,0.9996905326843262,0.48622776177258914,0.26552577906924557,-0.04071113250873781,0.999670147895813,0.4734110632687125,0.26574142294440306,-0.10967025829344731,0.9992556571960449,0.48380748880015434,0.2807729775389692,-0.11320144089299619,0.9990732669830322,0.4796178317319004,0.28107026581327843,-0.13609725422935007,0.9990183711051941,0.493546822928378,0.34070837535327647,0.045616594492683356,0.9999445676803589,0.46300562236137255,0.3359136072683212,-0.12768744723980902,0.9995529651641846,0.5345983542509358,0.39245353412046297,0.08386123702034308,0.6750975251197815,0.4834611929172964,0.38454603472849747,-0.26287242895773033,0.6540601253509521,0.5841896124780844,0.4294700265077837,-0.02792922354057453,0.7029213309288025,0.5174676217643961,0.3964924799644826,-0.43566601552840123,0.6608117818832397,0.596125895196566,0.44441924108524894,-0.040946435208500984,0.707072377204895,0.5249856930317934,0.39791092754422974,-0.49849141355383664,0.6479452252388,0.5991326851724812,0.4435115219238256,-0.08426526389235295,0.7127760648727417,0.5272269389019634,0.3932444719841778,-0.4961300874885743,0.6510299444198608,0.5944178033552703,0.43909554935758205,-0.04718892974185786,0.6956396698951721,0.5244990876532245,0.39275302779547905,-0.4421859494876048,0.6123711466789246,0.4765867923414687,0.5002246213053083,0.04972345736175467,0.9999423623085022,0.4563254099071041,0.4895077291495247,-0.04992202183722146,0.9998343586921692,0.4838206554574157,0.6084290064918368,0.05472587106649217,0.8721339702606201,0.43786417741462247,0.5511392492601612,-0.16427708702813953,0.6903217434883118,0.4681635634115354,0.7297295661363438,0.1798873303603718,0.9008185267448425,0.4084670450205718,0.6384203026279057,0.01517572008708171,0.6295061707496643,0.46339171314336675,0.7443595866752446,0.18550439845670327,0.7892592549324036,0.4059818241158991,0.6506762511601156,0.03004218178569647,0.5474706292152405,0.47265053228029613,0.7665427255731823,0.07016355496210586,0.8791858553886414,0.40281991011070845,0.6709729142016572,-0.05890561638924798,0.6078733801841736
101,3.3666666666666667,0.48387058670523364,0.27795475537651726,-0.1888058550910566,0.9995919466018677,0.4857498568290299,0.26914012293912426,-0.1668647662053161,0.9993911981582642,0.487755517100525,0.26925847483556953,-0.16721510189318078,0.9993572235107422,0.4895020890266969,0.26932887711107073,-0.16716208719353287,0.9995502233505249,0.48077023921723194,0.2687678548661205,-0.17970081425953244,0.9995915293693542,0.47906365096000825,0.2687073896038784,-0.18003764466566546,0.999660849571228,0.4772151619261088,0.26868261110785563,-0.18019793808084048,0.9997187852859497,0.49047390204417957,0.27433120583647846,-0.06369973558657686,0.9997013807296753,0.4743953411043599,0.2744580356612889,-0.11430385299569458,0.9993170499801636,0.4860889043852621,0.28928165892507657,-0.1457477862534749,0.9991639256477356,0.48087147204337444,0.2894405170313784,-0.16262302855729804,0.9991121888160706,0.5019218480427186,0.35211847698985765,0.0211730933663545,0.9999493956565857,0.46079501032920317,0.3449520047937646,-0.10847935939110734,0.9995743632316589,0.5484308250353608,0.39727160618309176,0.051049238737041425,0.7073284387588501,0.4704314262135954,0.38779595998507993,-0.2457870694399427,0.6806066036224365,0.5995780299548956,0.4332015035788017,-0.06541154305548544,0.732492983341217,0.5009800651950159,0.39647469818787984,-0.45611033953827573,0.6888697743415833,0.6119920359465236,0.44794470760268323,-0.08346982957753944,0.7360188364982605,0.50683947614291,0.39858938287440604,-0.5215271639087228,0.6756298542022705,0.6149471031395827,0.44703323223991065,-0.12668895347548198,0.7412175536155701,0.5107164614972776,0.39325698782618945,-0.5234365463630548,0.6792212724685669,0.6096982257472383,0.44240981178630345,-0.08482640411892142,0.7256830930709839,0.5084986402459748,0.3927915458703671,-0.46524632054103815,0.6417546272277832,0.48125210134752416,0.507735824356587,0.03531187950086379,0.9999399781227112,0.4559809483150192,0.49474752410291406,-0.03553477471661741,0.9998263716697693,0.4851074414216165,0.6213867671399524,0.025976009436070195,0.8819456696510315,0.4215146500121208,0.5458889301775401,-0.15496380174306235,0.7113342881202698,0.4684082474507043,0.7422930696845794,0.1521280633164464,0.9072635769844055,0.38094596515153123,0.6250974347449347,0.014666650543913896,0.6567758917808533,0.46326219093969445,0.7565092284876596,0.15712393883697962,0.7924627661705017,0.37554312880849244,0.6358483024727888,0.02721463870595227,0.5675939321517944,0.47217606420797126,0.778143150347612,0.02804046933341334,0.886297345161438,0.36917680894119104,0.6503713160791721,-0.07491426027026742,0.6377807855606079
102,3.4,0.48464971966555825,0.28558801110044973,-0.215195363178364,0.9996324777603149,0.4871731529765293,0.27693324881680714,-0.19200854007978505,0.9994512796401978,0.4895660793551424,0.27713410570318675,-0.192351353997564,0.999420702457428,0.4917201927015975,0.27728783467974133,-0.1922769885838046,0.999594509601593,0.48144491264396116,0.27641096530332676,-0.20112520226151942,0.9996318221092224,0.479491084789872,0.2763389588418663,-0.20147164001434303,0.999694287776947,0.4774274210430305,0.2763101244330428,-0.2016303817944553,0.9997463226318359,0.49342867291645154,0.2824246947979873,-0.0804738970427291,0.9997302889823914,0.4747115541847531,0.28223799655975673,-0.11709076215716203,0.9993828535079956,0.4875077794421364,0.29703345557311805,-0.16989526305726274,0.9992461204528809,0.48151243890093387,0.2970027363727198,-0.18241026661461515,0.999198853969574,0.5089646551976281,0.36053227975724017,0.0022995154708430592,0.9999531507492065,0.4588185971890773,0.35405969570760853,-0.09078108722711754,0.9996010661125183,0.5599059130452896,0.40064339746948163,0.02459584174273972,0.7363049387931824,0.4547500062399875,0.38868442364312905,-0.1992752907451658,0.7065330743789673,0.6131569320307108,0.4335292604377697,-0.09750912992692494,0.7590504288673401,0.4683127806354786,0.3957403447662078,-0.3988201475099328,0.7170906066894531,0.625950631230809,0.4470680764144451,-0.11691066946582966,0.7619007229804993,0.47000849204083184,0.39744410851046735,-0.4569704150719869,0.7027099132537842,0.6291027097667474,0.4462712174570226,-0.16048185161693096,0.7666968703269958,0.47268536739642103,0.3926701318124432,-0.4681468352980901,0.70677250623703,0.6236953993067094,0.44217009767579685,-0.11732420099405884,0.7526381611824036,0.47226959107726185,0.39239842153458554,-0.4114650489548434,0.6732164621353149,0.48504560110218753,0.5137280595628035,0.025324037766649293,0.9999408721923828,0.45577088823114503,0.5000022924372086,-0.025556901447017118,0.9998301863670349,0.4863253503107942,0.6306256653694711,0.006954473304878044,0.8914598226547241,0.410463335217524,0.5421873816873571,-0.1868565411251636,0.7364413738250732,0.46732487099574893,0.7512452214887948,0.12287832312478111,0.9153663516044617,0.38585361930288853,0.6162212675144172,-0.019834209277751227,0.6667097806930542,0.4612582536880735,0.7658397872867644,0.12645643572510887,0.8076346516609192,0.3831494560201339,0.6262372442239442,-0.00734817656448954,0.5806170701980591,0.47103992840122483,0.7854590911674627,-0.01193090577156106,0.8962334990501404,0.375342513808825,0.6400873172990181,-0.11292179557113441,0.6583924889564514
103,3.433333333333333,0.48758644155238634,0.29043341679202883,-0.2688873030672008,0.999669075012207,0.49053797630588375,0.2819673214595812,-0.24576402280719095,0.9995056390762329,0.4932350271836736,0.28213448275889785,-0.24611740830827533,0.9994782209396362,0.49581281663457055,0.2822783101704144,-0.24603418607204508,0.9996346831321716,0.4844724764568611,0.28152370673309635,-0.25133434163702095,0.9996681809425354,0.48244108891209025,0.28147437582554635,-0.2516888288920922,0.9997244477272034,0.4802725381443996,0.2814561271107565,-0.25184139638625114,0.9997711181640625,0.49860657008690024,0.28753287979330566,-0.12785178183344298,0.999756932258606,0.4773798223079866,0.2875199645321703,-0.14956443510366357,0.9994422197341919,0.49104034346928216,0.30174925207455433,-0.22161251787652525,0.9993208050727844,0.4846167776575523,0.30165622951293986,-0.22971412429001575,0.9992775321006775,0.5217294996794535,0.3646641891199255,-0.04450942151078218,0.999957263469696,0.4591597087438013,0.35958667343023365,-0.0988579777486632,0.999624490737915,0.5725223139372544,0.4015969798611113,-0.029398390936820385,0.7625017166137695,0.44020822284685085,0.3877430180140424,-0.18474976875211496,0.7341054677963257,0.6271883002905048,0.43155705124433386,-0.15832138414359143,0.7830082774162292,0.43768347644769345,0.3941895739086335,-0.37814975112195137,0.743026852607727,0.6412074766466674,0.44410076376736196,-0.1810903914272844,0.7852655053138733,0.4341148717429746,0.3960618566698534,-0.4312299375967195,0.7263928651809692,0.644468163763327,0.44351448589092185,-0.22513588728107345,0.7896848917007446,0.43538157234951497,0.3919010252973548,-0.4500737723908895,0.7311480045318604,0.6384220620954316,0.43973946404179076,-0.17887478391133316,0.7769872546195984,0.4366081399896532,0.39154354078985226,-0.3938046029427889,0.7015806436538696,0.4923731067953486,0.5169790770454781,0.014043956394187679,0.9999400973320007,0.45904719719462794,0.5030398657548228,-0.014323247415635038,0.9998244643211365,0.4901520847212243,0.6361677966663928,-0.011282159336059172,0.9009497761726379,0.4065992805096406,0.539819025080772,-0.14626565201923006,0.7405464053153992,0.4689064746167794,0.7560476994834563,0.10213940209506696,0.92255699634552,0.38576695916309733,0.6050722599068159,0.05052640136423114,0.6617194414138794,0.4623877322025695,0.7707180703313155,0.10517819928112128,0.819991409778595,0.3839117327576202,0.6148989429196332,0.06591143520994834,0.5789450407028198,0.4717185257074759,0.7903968379302377,-0.04249663671390126,0.9052008986473083,0.37363263834873134,0.6261101780901452,-0.03516718573828252,0.6643560528755188
104,3.466666666666667,0.4881929088054705,0.29158263988301836,-0.33147838048157674,0.9997021555900574,0.4914121390179296,0.28317215852284455,-0.3085606916452086,0.9995549917221069,0.49425857474968876,0.2833037956503538,-0.30892254803892927,0.9995303153991699,0.49709680877050455,0.28343155589610297,-0.3088307884927026,0.9996711611747742,0.4850876495045545,0.2827543038846415,-0.31239588611028957,0.9997013211250305,0.4829977398241846,0.28267947319243203,-0.31275892278656237,0.9997519254684448,0.4807717273061059,0.28262166705893604,-0.31290940351064656,0.9997939467430115,0.5005473386053068,0.28852661304830246,-0.1835493210408948,0.9997811913490295,0.47807220761851527,0.2885534793031429,-0.19747877583852985,0.9994975328445435,0.49200569352940826,0.3029210003581055,-0.2814831057691496,0.999388575553894,0.4853878488290668,0.3029597062633984,-0.287304709611035,0.9993494153022766,0.5278823000956225,0.3639269447681406,-0.09233931730984493,0.9999610781669617,0.45733716899917226,0.3612601178309909,-0.12928137852238114,0.9996495842933655,0.5804267472294444,0.3979450674164037,-0.07879127822882732,0.7859366536140442,0.42611100956460485,0.38572661553385945,-0.1984672097856242,0.7592806816101074,0.637645658265165,0.42548776430633367,-0.2128740576860628,0.8042757511138916,0.4091122935221663,0.3933023029898757,-0.3780107043249038,0.7631914615631104,0.6530548930138997,0.4374635711775987,-0.23844457275935793,0.8055105805397034,0.40185552447947237,0.39536778099682535,-0.41289838812275714,0.7379047870635986,0.6565460359126287,0.43708896436825406,-0.28392289142468974,0.809786856174469,0.4021181067255879,0.3919267753513151,-0.4544523209090703,0.7447202801704407,0.649739743224441,0.4335630408939919,-0.23453824202212376,0.7981699109077454,0.4046664474837297,0.39167256591267824,-0.3979836648361976,0.7192758917808533,0.4965474394338746,0.51708072563705,0.006813532576703393,0.9999392628669739,0.4609262781975383,0.5033443428587193,-0.007140179961583452,0.9998123645782471,0.49050939395367865,0.6382585641525474,-0.034054097552218554,0.9066056609153748,0.4067654165710403,0.5358771450476303,-0.08118707161241423,0.6916404366493225,0.4677091141277774,0.7597706618646103,0.06189770458642891,0.9282476902008057,0.39066662175873823,0.5958639055359196,0.15478850345831335,0.6047062873840332,0.4613514320121387,0.7746792962220994,0.06263149129928147,0.8271316289901733,0.3902125367409564,0.6052179086736476,0.17404184398087602,0.5357131361961365,0.47069695764460323,0.7932802064758953,-0.09850866538825732,0.9130374789237976,0.3789408674031746,0.6156030461140872,0.07599399483278997,0.619208574295044
105,3.5,0.48679818647651746,0.2904278681392535,-0.3528481743128118,0.9997317790985107,0.4905892793884017,0.2820089130216547,-0.328673753622161,0.9995987415313721,0.49356362417537647,0.28212048770407516,-0.32902990565182094,0.9995765089988708,0.49656275320971877,0.282236160557125,-0.32893554153814486,0.9997034668922424,0.4834548033389144,0.2816149973697712,-0.3323088544871041,0.9997307062149048,0.4809011368942936,0.28153018985459904,-0.3326767667877596,0.999776303768158,0.47820920820601276,0.2814563752802081,-0.3328312320576946,0.9998140335083008,0.5006482906908406,0.28726654692383813,-0.19767160719977217,0.9998022317886353,0.47559619322898183,0.28731699539993005,-0.21118221350183908,0.9995452761650085,0.490829933770369,0.30177224231269023,-0.3009992916600065,0.9994488954544067,0.4830816865332417,0.30187721198190726,-0.30674989025047594,0.9994131922721863,0.5309818115946328,0.3617433039346197,-0.10314755415337257,0.9999637007713318,0.45459038379444794,0.35978693574430287,-0.13882706930000602,0.9996727108955383,0.5873390360286048,0.3939864481102989,-0.08982464010290436,0.8066567182540894,0.4141456449197922,0.38339039062650715,-0.20384287260348,0.7813910245895386,0.6457992358646258,0.419351719699558,-0.22455965225560875,0.823308527469635,0.3852725510056951,0.3917807308301777,-0.3769610761068696,0.7837387323379517,0.6620107644845775,0.4310119118882586,-0.25001209764751253,0.8235083222389221,0.3757473259968084,0.39391524910505105,-0.40833779068629306,0.7555021047592163,0.6652286842017119,0.4305924601615067,-0.2958051193036274,0.8277191519737244,0.37516011492976514,0.3908085877529457,-0.4565202164665703,0.7632622718811035,0.6580348818548788,0.42726974058544376,-0.2464995329619304,0.8171333074569702,0.3786390683271224,0.390618477631722,-0.3998425923157618,0.740665078163147,0.5000819794368552,0.515557102692351,0.003870498596846204,0.9999203085899353,0.46178414306782345,0.5013581370864405,-0.004297846919402588,0.9997695088386536,0.48772358037448305,0.6370483745555842,-0.049718777927984834,0.8916656970977783,0.41912795417587173,0.5409585260444805,-0.09538150553998692,0.6486939191818237,0.4650671632158656,0.761336071495391,0.02695734580304596,0.9243144392967224,0.4047150540711852,0.6073565954213163,0.15282619506055659,0.5568128228187561,0.45885717228075706,0.7762918740974509,0.025226992877052084,0.8172495365142822,0.4058884758963759,0.6151530768285078,0.17345777852050917,0.49436238408088684,0.4674461495578857,0.7939736455575748,-0.14513969326635318,0.913455605506897,0.3964721077932161,0.6308472491006918,0.06777378938947035,0.5800383687019348
106,3.533333333333333,0.48698291239606784,0.2866242401004669,-0.35593865889932574,0.999758243560791,0.491153508027403,0.27826064695430536,-0.3312127907837845,0.9996371269226074,0.49436268896275326,0.27841724281336094,-0.33156178689781457,0.9996168613433838,0.49757574035874597,0.2785811611271006,-0.33146913393726185,0.9997315406799316,0.4834940332467855,0.2777669526951269,-0.33470220975213844,0.9997566938400269,0.48076922907776914,0.2776545749890414,-0.33507384575158594,0.9997978210449219,0.4778777049486769,0.2775513853031707,-0.3352329286826607,0.9998316168785095,0.5016244152284488,0.28380519822145767,-0.19885939399613306,0.9998201727867126,0.47461701898563136,0.2835041132615466,-0.213090359538517,0.999586820602417,0.49124865882508756,0.2983114723361915,-0.3035585029606638,0.9995021820068359,0.48300229565622144,0.2982617845479328,-0.30929518476746576,0.9994693994522095,0.5329933645147793,0.35681828485433925,-0.10589256662314311,0.999965250492096,0.45148926564614683,0.3567957064618938,-0.14068188121290098,0.9996924996376038,0.5925686611061036,0.3874553059759763,-0.09261429476038818,0.824416995048523,0.4056962528116414,0.38061265788726617,-0.1992093289119691,0.7989816665649414,0.6510950374916536,0.4100424540702584,-0.22522473699716816,0.8384685516357422,0.36784445918875497,0.3901809047766981,-0.3704025102211279,0.7965596914291382,0.6678147483801713,0.4210223181901499,-0.25036607973664504,0.8354402184486389,0.3564048776111037,0.39264982649788915,-0.4021044707577055,0.7606838345527649,0.6707237270577353,0.42057460610757147,-0.2957152855164863,0.8404188752174377,0.3553013715122133,0.39022720453738924,-0.45050355175473134,0.7705590128898621,0.6635156621193942,0.41743923257112436,-0.24698847481512695,0.8307076692581177,0.35963310639472035,0.3902948688625971,-0.3941310696995539,0.751287043094635,0.5030579668980746,0.5125659426160797,0.0028556872387359346,0.9999188184738159,0.46295873238376717,0.49864960755931925,-0.0033801608098061636,0.999771237373352,0.48512445370843693,0.6344220735918846,-0.059410367123381394,0.8853632807731628,0.42919926874447206,0.546488154281351,-0.10902876992175353,0.6227944493293762,0.4621565166929477,0.7615018634973437,0.0014621452642450683,0.9250187277793884,0.41762640353438346,0.6172734923736556,0.13612445759927227,0.5262858867645264,0.4559302146224424,0.7768477620838519,-0.002197481397855451,0.8148012161254883,0.4184426873069641,0.6250058331324253,0.15620421092688527,0.4638524651527405,0.4657426097635104,0.7946083543866482,-0.17805167532398455,0.9160390496253967,0.40974797050449835,0.6455192935382627,0.046328291915379835,0.5572414994239807
107,3.5666666666666664,0.48794358307203434,0.27923089470480833,-0.37832663985103476,0.9997823238372803,0.49214763067682693,0.27107000024746125,-0.3547200355265694,0.9996728897094727,0.49543716938852167,0.2712336669682692,-0.3550735451641726,0.9996546506881714,0.4987439718935518,0.2714153027687985,-0.3549802660600706,0.9997578859329224,0.4843319788780145,0.2705987673124752,-0.3563359524199554,0.9997807145118713,0.48157055294330275,0.27048761884073175,-0.35670898318568245,0.9998177886009216,0.478641392911516,0.27037383550227856,-0.35686598184824725,0.9998481273651123,0.502592334563911,0.2769169109163552,-0.22238191720593725,0.9998377561569214,0.47478000381972535,0.2764703752743033,-0.22822405352110023,0.9996271133422852,0.49229188636066457,0.2910382610253307,-0.3259895423679471,0.99955153465271,0.483999190108484,0.29089069811573176,-0.32929730235266313,0.9995217323303223,0.5341936619238249,0.34879117127565323,-0.13095104673908675,0.9999681115150452,0.4492950621184022,0.35063570775723435,-0.14285890594895173,0.9997166395187378,0.5959378896684789,0.37839082935224083,-0.12101632497214901,0.8417590260505676,0.40018184881611235,0.3769412359368962,-0.19220187426895946,0.8177657127380371,0.6553567231700366,0.39865266895550605,-0.25537439131163064,0.8543537855148315,0.35718518756753836,0.390223560300357,-0.3657671730054415,0.815474808216095,0.6727544785254209,0.4088571187979252,-0.2832034904256254,0.8511379361152649,0.34457697469743226,0.3943592307877897,-0.39916481209167,0.7813866138458252,0.6755057825622494,0.4083699611315048,-0.32824501698258096,0.855781078338623,0.34295940925437174,0.3921599328132576,-0.44773997665443055,0.790831983089447,0.6681262381273487,0.4055570834830189,-0.27718685751350713,0.8469480276107788,0.3479269631544798,0.39164878109219725,-0.3894207843456613,0.7734537124633789,0.5043709260179469,0.5064826816741617,-0.004250739857070366,0.9999217391014099,0.46279831676922245,0.4927422987575456,0.003718069444622097,0.9997795820236206,0.48301669497290634,0.6295151299319834,-0.07148649878408385,0.8959888815879822,0.4170890232020452,0.5345031249146776,-0.08242909905198789,0.6415541172027588,0.46079439121102195,0.7609405467712124,-0.0078542862021853,0.9316519498825073,0.4036538576938685,0.6066328062702292,0.17379845711878739,0.5419025421142578,0.45549848849839986,0.7763723166704458,-0.01129322211808028,0.8270165324211121,0.40452231976663733,0.6159194012609778,0.1947182947812393,0.4750266373157501,0.46453316843597975,0.7951741350893313,-0.19087089322455117,0.9233713150024414,0.39236890663170704,0.6325216922130573,0.0850319229808774,0.5774829983711243
108,3.6,0.4893055371429407,0.2698084253027793,-0.38064032272388404,0.9998040199279785,0.49358286253584444,0.2620024864811362,-0.35889539861838315,0.9997053742408752,0.49696570163001036,0.26231634842172646,-0.3592458715036958,0.9996888637542725,0.5003754915399768,0.26268154625256795,-0.35914785036877994,0.9997818470001221,0.4855847771138079,0.2614375531203582,-0.3583730729951514,0.9998025298118591,0.4827776007016399,0.261444744948001,-0.3587314999082316,0.9998359084129333,0.47981759210908387,0.2614676741160087,-0.3588792966723794,0.9998632073402405,0.5041734568398873,0.2683210903474512,-0.23162408128039552,0.999853789806366,0.47534606502547344,0.2677951451967879,-0.229722733771221,0.9996641278266907,0.49378417337689523,0.28188857758106667,-0.33015234332037535,0.9995962381362915,0.485354486864236,0.2814532713136566,-0.33062249386509784,0.9995693564414978,0.5350681617195752,0.33815169546838375,-0.15345798834963392,0.9999709129333496,0.44944425510529085,0.3435624836330184,-0.13121747217146595,0.9997433423995972,0.5960067885686573,0.367891605071421,-0.18918946920364954,0.8562608361244202,0.39596665480667326,0.3739362662217965,-0.166956952961472,0.8307485580444336,0.6496568947520467,0.38682727908582437,-0.36961181265689985,0.8666135668754578,0.3528140541017858,0.39245469635929686,-0.3360064210875045,0.8317070007324219,0.6651213067266137,0.39475258601435437,-0.4092980035260647,0.8630143404006958,0.3395682625899291,0.3980920874548842,-0.36949833123681003,0.7989168763160706,0.6663945728985096,0.393698002804613,-0.45075384277563846,0.8677578568458557,0.33777222223165576,0.3961791185437279,-0.41603026357576256,0.8079541921615601,0.6583613336862729,0.39143852015180786,-0.39150617652820613,0.8587533235549927,0.34312508367407557,0.39529804304137894,-0.3590597428577344,0.7911964654922485,0.5047226185477639,0.4988062689555942,-0.01712274140499464,0.9999268651008606,0.4626871320964627,0.4841477862292323,0.016600984380294934,0.999796986579895,0.4814830565928082,0.6236855631589159,-0.098529927929568,0.9062381386756897,0.4061933978519507,0.5217258317911775,-0.004950534191736321,0.6484869122505188,0.46091251992544346,0.7574846195160423,-0.027139882308424835,0.9379939436912537,0.37657164589321657,0.5858126208154293,0.27071561193274546,0.5609635710716248,0.4570242678264524,0.7720102732348473,-0.029193027319829527,0.8388116359710693,0.3755686208603867,0.5953091302468934,0.2935013555248288,0.4904692471027374,0.46289523457038406,0.7956490773900884,-0.2096899860943717,0.9304735660552979,0.36276816487466446,0.6038697006925356,0.1901051397107873,0.6010587811470032
109,3.6333333333333333,0.48924065588217064,0.26260240537682045,-0.36663826909671665,0.9998169541358948,0.49350452891280755,0.2549765197089442,-0.34695765115550103,0.999725341796875,0.4968993729243758,0.2553742825971619,-0.34729902666947954,0.9997076988220215,0.5003396371799096,0.2558447690063103,-0.34719970120115295,0.999792754650116,0.48553220437040034,0.2543670637664588,-0.3425679906119516,0.9998173713684082,0.4827204633733533,0.2544402619692813,-0.34291824425473594,0.999847412109375,0.47967748745520994,0.25453828926230004,-0.3430678397803659,0.9998734593391418,0.5043936719632337,0.2615623648688782,-0.22890397750708794,0.9998524188995361,0.4749261118375021,0.26099936126196166,-0.20799060169209863,0.9996868968009949,0.4935013791026137,0.2748206019598769,-0.3189577283724304,0.999611496925354,0.4853758652756501,0.2742308187221142,-0.3144360121141572,0.9995883703231812,0.53335842381991,0.3300778652162496,-0.16626398024866412,0.9999269843101501,0.4499450989656098,0.3381972892162467,-0.10107457726418474,0.9997193813323975,0.5821956699198091,0.3582870417876251,-0.24097731792357047,0.8628736734390259,0.3981595447111137,0.37387011566265305,-0.12212387230128928,0.8301999568939209,0.618406190377223,0.36517669457370805,-0.43217467008154076,0.8740830421447754,0.3528724003683366,0.39730877527865954,-0.28717145089604784,0.8468222618103027,0.6294062895205969,0.3691708437626473,-0.47972694578075226,0.8669470548629761,0.33923700345255214,0.40514544795027113,-0.319662861975976,0.8164326548576355,0.6314241230057803,0.3647955297862922,-0.5100176645275809,0.8713338375091553,0.33716129069965217,0.4030420248870519,-0.3663500199124304,0.8248894810676575,0.625496860073174,0.36586494113959217,-0.450105650654243,0.8584840297698975,0.3428996447069918,0.40148402138834693,-0.3106574785277843,0.8092362284660339,0.5026083194272897,0.4926949628611936,-0.030292767157364647,0.9999120235443115,0.4612427300348054,0.47733113755493367,0.029815076886637544,0.9997907876968384,0.4787653249521017,0.6189073047433133,-0.11464692372980029,0.90912264585495,0.39606757728188324,0.5126393172377992,0.02112257067784838,0.6308757662773132,0.46072020146982623,0.7536473158505188,-0.03504494779573851,0.936458945274353,0.38708229022669904,0.573312134361998,0.31550181361606167,0.5141717195510864,0.458285588808903,0.7677677895632746,-0.03557139421332583,0.8155943751335144,0.3896532425562207,0.5828994405920064,0.3412269601312127,0.4529472887516022,0.46023705678486815,0.7951243795363774,-0.21077350246626314,0.926536500453949,0.37530669938068395,0.5924987849020827,0.2504103409436297,0.5535178184509277
110,3.6666666666666665,0.49002671628276084,0.2568730742941371,-0.3510061514172775,0.9997986555099487,0.49405827181920253,0.2496078651883118,-0.33264531883691933,0.9996576309204102,0.49730687212971375,0.25011739148215834,-0.33299776105852724,0.9996367692947388,0.5006359582528754,0.2507228469636201,-0.33290980972736745,0.9997258186340332,0.48629760213171513,0.24885088167000574,-0.32592410226246527,0.9997667074203491,0.4835536369607818,0.24894852425566236,-0.32627004038736535,0.9998104572296143,0.4805968402924158,0.24908132420732196,-0.32642534134435675,0.9998378753662109,0.5043216420766784,0.256598971932549,-0.21987677244158882,0.9997904896736145,0.47604400913986655,0.2556208583834232,-0.1874608402130073,0.9995327591896057,0.4938319572484168,0.26926202189315407,-0.30517475255326865,0.9995603561401367,0.48616815403839303,0.26849438815036614,-0.29756117693680006,0.9995115399360657,0.5295019754552315,0.32486397721500015,-0.16894884812450447,0.9999295473098755,0.45059200062539984,0.3341118345186408,-0.06961694834038176,0.9997121691703796,0.5715398317009888,0.3596391757509764,-0.2411640099405821,0.8592146635055542,0.40362501739216344,0.37583635166092955,-0.08034301629651952,0.7941798567771912,0.5989735891839003,0.37558103729917136,-0.407694989943414,0.85524982213974,0.3581880793891298,0.40367102932896026,-0.24941510430297406,0.832533061504364,0.6086194379881167,0.3812172519310805,-0.45390928234724526,0.8379907608032227,0.3448036655588174,0.4127478191991058,-0.2809466630753781,0.8021697402000427,0.6094540336141784,0.37746219983885365,-0.48264056203799693,0.8448309302330017,0.3423641872940465,0.4109008328634274,-0.3272443490413468,0.8132704496383667,0.6041596185073528,0.3777211977937579,-0.42416063947123767,0.829340398311615,0.3483301314370019,0.40856075982440865,-0.2731542728208482,0.7962126135826111,0.5003108057775256,0.4879891260014403,-0.042432752875078694,0.9999144673347473,0.460339558703024,0.4725078347184606,0.041968568502845985,0.9997992515563965,0.47766035380340954,0.6150052938977186,-0.1347039306587911,0.9176966547966003,0.3905249555960771,0.5058203019551889,0.06815831340053617,0.636188805103302,0.4626457617239067,0.7500533106023396,-0.04275208814948821,0.9414880275726318,0.3645068764751373,0.5589129273665038,0.35843376860572135,0.5511286854743958,0.4612770219188501,0.7643502372768094,-0.04169814562051469,0.8187720775604248,0.3644745270612171,0.5692106078663837,0.3833515798005077,0.4780745506286621,0.45929667858511236,0.7938036390524277,-0.21640764426062306,0.9317383766174316,0.3496261490545679,0.572097588104796,0.2910487869540639,0.5853582620620728
111,3.6999999999999997,0.4909991254201917,0.25233016789507295,-0.34064295938893036,0.9997885823249817,0.494975188300142,0.24538475489555145,-0.3227542405485873,0.9995885491371155,0.49813974688097984,0.24601828883639315,-0.323112080694596,0.9995642900466919,0.5014106830317422,0.24676329626317828,-0.3230333709525458,0.999648928642273,0.4871297728779937,0.2445167110376889,-0.31490170889597785,0.9997280240058899,0.4843689099927666,0.24464888017844993,-0.31524697799594864,0.9997856616973877,0.4814395773304857,0.24481660062538446,-0.3154080651569128,0.9998129606246948,0.5048793831198667,0.2527497455858811,-0.21176947545225072,0.9997292757034302,0.47712351764956523,0.25141483953677135,-0.1731985725225378,0.9994481801986694,0.494636020653916,0.26488583345189054,-0.29560192901933907,0.9995137453079224,0.48705944165073073,0.2639884318473302,-0.28644373699386894,0.99945467710495,0.5271756436115327,0.3213250780325313,-0.16972051074583952,0.9999297857284546,0.4520947430312534,0.3308245171860513,-0.04960160009863667,0.9997117519378662,0.5696605764214885,0.3589363708432755,-0.22995262474065553,0.8651589751243591,0.40850618981838427,0.37761623033358754,-0.05272474507245489,0.7884148359298706,0.6000806734266965,0.37815887189725306,-0.3839202629215148,0.8579144477844238,0.3634842198128121,0.408474114493811,-0.22450379514176622,0.8422249555587769,0.6105827218619342,0.3841305491973559,-0.42847854831974497,0.8352625966072083,0.35039543867061046,0.41877653820801747,-0.2556994723184221,0.8121404051780701,0.6121007434118453,0.3807836926619369,-0.4574474550914563,0.8440440893173218,0.3477583707388697,0.4171931941372798,-0.3016488401767589,0.823735237121582,0.6066280664236197,0.38085121805765354,-0.4001071572972617,0.8288835883140564,0.3538786460544506,0.41407657024654887,-0.24840443521804303,0.8070136308670044,0.4985876281377927,0.48422576394448175,-0.05051334233556379,0.9999111890792847,0.4601340528170455,0.4687356987320207,0.050050638165621206,0.9997963905334473,0.476980715765018,0.6113690399366131,-0.1481920533838928,0.9248141646385193,0.38710541759535905,0.5007472801300862,0.10349539488502171,0.6257343888282776,0.46466990991488877,0.7471521782661215,-0.04863522395217927,0.9443821310997009,0.3441384411451548,0.5466706061259745,0.3897347134705594,0.5678280591964722,0.4641137659302152,0.7603851796413366,-0.04650018171759486,0.8160035014152527,0.34229211387521263,0.5578126943722295,0.4140272653588205,0.48683086037635803,0.45945395051777993,0.7922656099313721,-0.22051596117730865,0.9344609975814819,0.32778264304818927,0.5547738909034728,0.3216466836230848,0.5996181964874268
112,3.7333333333333334,0.4907355726054651,0.24950293651947641,-0.31761199565104287,0.9998086094856262,0.4947632530401504,0.24264442561011548,-0.3016197337172394,0.9996291995048523,0.49783448427833576,0.2432973764880378,-0.30198282131233734,0.9996073246002197,0.5010341140289397,0.24408333464127618,-0.3019173478908004,0.9996837377548218,0.487145265828366,0.2417609235061631,-0.2907885904967626,0.9997544288635254,0.48450565077828206,0.2418780591515641,-0.2911153470730091,0.9998059272766113,0.48171379278624843,0.24202110152611403,-0.291264733635154,0.9998304843902588,0.5044297709831377,0.2501182649760129,-0.1992272790754497,0.9997560381889343,0.4776623119331956,0.2485082731471511,-0.14673228932106086,0.9994953274726868,0.4941321376045737,0.2620610037058823,-0.27575811113539206,0.9995595812797546,0.4869728367193892,0.26106212242832516,-0.2627653687836692,0.9995012283325195,0.5219864360595653,0.31947637561869147,-0.17937853207929788,0.9999362230300903,0.4543695367669264,0.328318228671235,-0.013345316535887948,0.9996107220649719,0.5466062596645987,0.35600008433937247,-0.2448611943356621,0.8783515691757202,0.4209310960174997,0.3781074813920613,-0.011457936156604898,0.7158461213111877,0.5555079009735986,0.3785850165726401,-0.384492043189508,0.8715945482254028,0.38592915402062816,0.4141710184551866,-0.18050433449830697,0.7612914443016052,0.5598500280366702,0.38423878478539397,-0.4339455681710095,0.85086989402771,0.37571778373584497,0.42677070133479345,-0.21119632690230364,0.7368022799491882,0.5608758613141116,0.3807591182045039,-0.4530820855811307,0.8588141798973083,0.37327056095437583,0.4251817582289565,-0.2551262783556772,0.7477861046791077,0.5576936912016817,0.3817542735336481,-0.3950026743109772,0.8440887331962585,0.3780891414811881,0.4208826434927193,-0.20380150146472098,0.7326934337615967,0.49654851937094574,0.48136767982941636,-0.06341776950926738,0.9999186992645264,0.4613893018085445,0.46873800202784266,0.06298780266213914,0.9998076558113098,0.4768351344740793,0.6090920568442497,-0.1585256010704536,0.9309344291687012,0.4028632832854934,0.5148709191694728,0.13630559770019138,0.594937801361084,0.46662384939368634,0.7450561148786392,-0.06304688784401358,0.9487465023994446,0.3792685336354239,0.5508583742636766,0.44638598000002494,0.5320003628730774,0.46745067175289146,0.7577575575342538,-0.060751505728559335,0.8252338767051697,0.3792931302533783,0.5593403578195778,0.4741546140223365,0.47379061579704285,0.4595324847942074,0.7923646972724061,-0.2327434077169451,0.9394968748092651,0.36689261177619914,0.5630950910661761,0.393945932831447,0.5719502568244934
113,3.7666666666666666,0.4885485783273674,0.24829702428327366,-0.24180381949535007,0.9997493624687195,0.49280586173463464,0.24120901378004111,-0.23620598829027617,0.9996045231819153,0.4947635983443498,0.2418088619243581,-0.23655304447491057,0.99957275390625,0.4969542771878864,0.24252204279251968,-0.23650340199102335,0.9996674656867981,0.4856895533518157,0.24044836870444167,-0.22211692123388807,0.9997224807739258,0.483321798651821,0.24059468879796297,-0.22242639755566906,0.9997693300247192,0.4810882684224238,0.24074992753074362,-0.22255535760001519,0.9998068809509277,0.5006521221323103,0.2484926276724605,-0.17748482020273915,0.9997520446777344,0.47869454676265744,0.24726580826716188,-0.11176724574837442,0.9994450211524963,0.4905359022080916,0.26075023885883,-0.2153830128719841,0.9994775652885437,0.48640327777849585,0.25983318230186486,-0.198242540750741,0.9993962049484253,0.5074809768116826,0.31790949199763424,-0.18210055263077884,0.9999367594718933,0.4627832982357852,0.32600615536235356,0.008887646908844192,0.9995675683021545,0.5156526328183417,0.3537596887326721,-0.24800021644515569,0.8867403268814087,0.4354691059669945,0.38036028178109926,0.014067663030983344,0.6511863470077515,0.5172464333789115,0.3790439992020686,-0.3485008427352107,0.8746557831764221,0.40738581676243557,0.4180858396337551,-0.13253923386550295,0.7120104432106018,0.5182748191352794,0.384853728931452,-0.393086010905808,0.8525381684303284,0.3991766001433992,0.4308019786393803,-0.15816596366153238,0.696611762046814,0.5200263879072187,0.3806964724441674,-0.40655692065491217,0.8585332632064819,0.3963595756263206,0.42912356742256574,-0.19687860037160815,0.7054595947265625,0.5189809447339283,0.3816210154796818,-0.3555826077647084,0.8349555730819702,0.39983437093899016,0.42455418679892004,-0.15333923142975475,0.6895570158958435,0.490125057574052,0.47943437894641305,-0.06939518658677533,0.9999249577522278,0.4674194553733778,0.4689539127143022,0.06899397196694793,0.9998217821121216,0.47599609182364855,0.6107759738340099,-0.1395505760164732,0.937163233757019,0.4214771187437759,0.5191581602289671,0.16513332900796035,0.5881268978118896,0.46777499460838634,0.7453011869209136,-0.0583592061831171,0.9536040425300598,0.4116091123395418,0.5545838464303002,0.45688327923708244,0.5500268340110779,0.4690403554512097,0.7583305836952171,-0.05688647015507596,0.841261625289917,0.41097496867871275,0.5614292248426103,0.4836950077124633,0.5075188279151917,0.45966932892671997,0.7922451470470189,-0.21260513741988876,0.9441508054733276,0.40153943831087346,0.5711407129459993,0.41695049326224093,0.5746968388557434
114,3.8,0.4863427645455119,0.24773252378301663,-0.17233607289750572,0.9997119903564453,0.49079343493585437,0.24047531867558522,-0.17546649652051524,0.999592661857605,0.49145931749816835,0.24102685126656148,-0.17580093255658646,0.9995566606521606,0.492685848742767,0.24166027130962575,-0.17576409965883172,0.999663233757019,0.4839675088215423,0.2398051642285726,-0.15874542219479265,0.9997024536132812,0.4821332882598118,0.23997244782265592,-0.15903570826806615,0.9997451901435852,0.48061390741332843,0.2401356556992531,-0.15914321911486073,0.9997920989990234,0.4965827538881581,0.24751977997916663,-0.15462598647939796,0.9997549653053284,0.47998937597355196,0.2467076697082699,-0.0780422101177408,0.9994139671325684,0.4866595965409203,0.26003685512532804,-0.15932951893663938,0.9994370341300964,0.4852248974764335,0.25919782984634976,-0.1388247065884725,0.999337911605835,0.4945022550816213,0.31667853781171895,-0.18301351788850903,0.999939501285553,0.47004325175093076,0.32381121292841303,0.03195674675107287,0.999543309211731,0.4889456753619887,0.3521932309163166,-0.24736529600879176,0.896412193775177,0.4472754760942933,0.3823673887756487,0.04302019694245319,0.5935199856758118,0.4815730452633955,0.3802434602978928,-0.3191842356941366,0.8825153112411499,0.42391649979207435,0.4229380322676458,-0.08121819247317558,0.6713576316833496,0.4792795306148624,0.386514999875637,-0.3605569266060406,0.8600515127182007,0.4171776663043714,0.43519323291935097,-0.10194100615808438,0.6646363139152527,0.4814298970670715,0.3816150643909021,-0.368469480042003,0.8647270202636719,0.4145393723161704,0.43370091288825546,-0.1366897010385548,0.6715303659439087,0.4824113570826007,0.38215933291570364,-0.32314231103639157,0.8359964489936829,0.41747751208421424,0.42666519413571524,-0.099995573703673,0.6547902822494507,0.4836341330077696,0.4782334268428677,-0.07493553225783853,0.9999309182167053,0.4724191036272033,0.46920406694275923,0.07456554744276438,0.9998348951339722,0.47525017162100225,0.6125434930256455,-0.12359735048557986,0.9426518082618713,0.43787725383702925,0.5197250490113973,0.19322309170657045,0.5733925104141235,0.4686936218880586,0.7456548753321043,-0.04846918712752624,0.9578160643577576,0.4379190632607864,0.558143431740504,0.47431684467216373,0.5563228726387024,0.470431000566723,0.7590934814572036,-0.047002192294369326,0.8550014495849609,0.4367050841365938,0.5637720721385787,0.5007093235671771,0.5333679914474487,0.45948330109348157,0.7918858573260297,-0.19042443900506204,0.9475044012069702,0.42999080104298987,0.578345965449002,0.44775738029252815,0.565938413143158
115,3.8333333333333335,0.4843102720030593,0.2476292862129868,-0.11882811302301227,0.9996113181114197,0.4887033918289239,0.24027098457142534,-0.12849279426114085,0.9995057582855225,0.4887196972636584,0.2407496620245166,-0.12882286091885542,0.999466598033905,0.4892370218805481,0.24128559090754767,-0.1287979861544991,0.9996104836463928,0.4831373920969831,0.23974282209681883,-0.11121497133101572,0.9996066689491272,0.4820273089785949,0.23994668799466698,-0.1114862581467365,0.9996505379676819,0.48125387381991214,0.24014544845098554,-0.11157522096434784,0.9997183680534363,0.4929163566601398,0.24693094702535417,-0.13616878627573828,0.9997311234474182,0.48174727033669873,0.24671367940898428,-0.057298100557368586,0.9992376565933228,0.48355184148075847,0.2596353968174509,-0.11575096692834576,0.9992895722389221,0.4836175291583419,0.2589127477932305,-0.09456636851840028,0.9991411566734314,0.4838233649853989,0.31568799846872203,-0.1825159102981596,0.9999423027038574,0.47592502448244306,0.3216788274973495,0.04285188223627574,0.9994891285896301,0.4677917406460165,0.35091195549677684,-0.24265172349738215,0.9054380655288696,0.45673220821693605,0.3833828588480619,0.05667141434617469,0.540966808795929,0.453013778992211,0.3810882310369883,-0.29218266015266126,0.8899157643318176,0.43719168454081503,0.42659934590313414,-0.04820424401095143,0.6240391731262207,0.4488191582731764,0.3879986261448459,-0.330814155962663,0.866741418838501,0.4336879203750562,0.43733108058974685,-0.06555388359503286,0.6229440569877625,0.45063434304835126,0.38347964287807124,-0.3345822748976404,0.8703297972679138,0.4292183793956055,0.43707902532267007,-0.09659139870095995,0.6284170746803284,0.45291898564304256,0.38321371563779777,-0.2937548439247707,0.8369517922401428,0.43238660507762033,0.42839498484907396,-0.06502277806298741,0.6108864545822144,0.47794553412785584,0.47754116695024973,-0.07730540420306749,0.9999344348907471,0.47609601427880965,0.46944140330093015,0.07695609089066928,0.9998389482498169,0.47469215397765896,0.6136835612635161,-0.1023246716761293,0.9470924735069275,0.4536474766623588,0.5183599163826476,0.21589861089711354,0.543685257434845,0.46930892455485346,0.7456189118759248,-0.035484904065983834,0.9614227414131165,0.45872194325943144,0.560552874195138,0.4863981606164777,0.5503848195075989,0.47167727233161777,0.7594293359466712,-0.034457493198756454,0.8670960664749146,0.4574158704388619,0.5658068008256346,0.5120693134485546,0.5480138659477234,0.4593824506413736,0.7915357447599239,-0.16936497078040852,0.9494982361793518,0.45291434485093834,0.5836026147594815,0.4683299349521233,0.5449243187904358
116,3.8666666666666667,0.48315443109584977,0.24765846431062175,-0.031982381422264235,0.9995890855789185,0.4867670044468899,0.24010204466469406,-0.046598549328223215,0.9994599223136902,0.4863751892440833,0.24050211988861778,-0.04691178227511239,0.9994173645973206,0.48596284945956364,0.24095138889072726,-0.046908664590827785,0.999587893486023,0.4830715359344366,0.23973520523265496,-0.03438205796575135,0.9995871782302856,0.4827687124227914,0.2399657055221462,-0.03465424278856165,0.9996297955513,0.4827464321131664,0.24019438885194394,-0.034739995586232156,0.999701976776123,0.4879971491751096,0.24643453615539912,-0.08107556382250627,0.999723494052887,0.48388503865493815,0.24677367253155444,-0.024321865047906607,0.9991888999938965,0.48138157885149524,0.2593349031091191,-0.03843839480440928,0.9991944432258606,0.48325711231012813,0.25890395005227723,-0.023889223900992365,0.9990602731704712,0.471955020284654,0.3146013630964798,-0.13130731749495078,0.9999451637268066,0.48308339245742093,0.3212348736999415,0.04282574309098747,0.9995228052139282,0.45172527115965133,0.35367639886944235,-0.15188541928141974,0.8713693618774414,0.4723545926556226,0.3883122691271644,0.04419713148974874,0.5200770497322083,0.4440267884025516,0.3811337092313538,-0.14263955878927845,0.8055065274238586,0.4489892379510402,0.4285656063896398,-0.03126102421551516,0.5623325109481812,0.44125938497941886,0.38880192910099254,-0.16497634042065049,0.7843381762504578,0.4440221613055924,0.4371559188499387,-0.044079275014743846,0.5612741112709045,0.44331150721295587,0.38398226011047715,-0.1712080485304437,0.7875151038169861,0.43926175318155836,0.4360871829599656,-0.06986186523324667,0.5661939978599548,0.4453651535829416,0.3834532550192307,-0.14380047073661842,0.7571494579315186,0.4426927480382723,0.42836131290690627,-0.04530542888194583,0.5504268407821655,0.4705515538507691,0.47820892188719666,-0.057714414157048956,0.9999387264251709,0.4788463577002502,0.47019481219303233,0.05736836335060354,0.9998493790626526,0.47349104133148034,0.61486776662667,-0.07075758054605179,0.9468216896057129,0.48197354888705507,0.5140139976750412,0.1738251611583262,0.5407377481460571,0.4693470261470815,0.7455559019895879,-0.031378218014664776,0.9615664482116699,0.47327476002362584,0.5662382443870304,0.3995078054525665,0.5369410514831543,0.4721117347061138,0.7598528799897177,-0.03376781675684566,0.876382052898407,0.4687688938953958,0.5692236562618417,0.4216211943180154,0.5431397557258606,0.46114173812034787,0.790825088143581,-0.14808972906472734,0.9381470084190369,0.46383228507543134,0.5923380380809433,0.3937815859213462,0.5128036737442017
117,3.9,0.48503327379080236,0.24801549402336903,0.014488486848215264,0.9995328783988953,0.4868420331489022,0.2400910282059276,-0.001199966361043879,0.999322235584259,0.4858193183884285,0.24037880175745827,-0.0014904692404320574,0.9992374181747437,0.484764237149345,0.24072917796548035,-0.0014828793829779127,0.9994645714759827,0.48558010970169246,0.23993870679805773,0.004754446974295803,0.9995415210723877,0.4859282549436247,0.24016632161408297,0.004475399931694511,0.9995928406715393,0.48654071844628555,0.2403774867932642,0.004396358965525562,0.9996790289878845,0.4849421950428262,0.24606995974223714,-0.04579152796670004,0.9996405839920044,0.4874829995354211,0.24680265747214958,-0.014720236047853379,0.9991500377655029,0.48246119342397,0.2594144717561161,0.004738907088722478,0.9990047812461853,0.4858198971294942,0.25929367297392686,0.011107358593085068,0.998964786529541,0.4641071863126453,0.3139082780215164,-0.08472881904845495,0.9999388456344604,0.49466218593308353,0.32092963522019,0.01996141638206818,0.9995561838150024,0.446602385938459,0.35848806577832043,-0.08086258791739462,0.7988332509994507,0.48499496302666967,0.3909072804482715,0.019002107569463397,0.519478440284729,0.44629546368086753,0.3856883038563459,-0.04878707327057318,0.7270228266716003,0.46079273596582027,0.4297573605324045,-0.023272495733665494,0.5398174524307251,0.44462842770407907,0.39280075207931586,-0.060060122042682726,0.7083868384361267,0.45632008862687173,0.438799971941384,-0.033743171576100336,0.5325931906700134,0.44745405883720185,0.3879017163058379,-0.0689513139475717,0.711133599281311,0.4517264697333222,0.4371852230921151,-0.05469380362737444,0.5360832214355469,0.4494547526027589,0.38708427204360596,-0.05053851685712338,0.683820903301239,0.45450899897945235,0.43007545969979155,-0.03441372009290705,0.5156638622283936,0.46424748496086643,0.4790353200843564,-0.034642511912396326,0.9999423027038574,0.4814762637638121,0.471187595498231,0.03430038525233421,0.9998606443405151,0.4718718531166877,0.6154441305634902,-0.03399808190149403,0.9435913562774658,0.5004270269117843,0.5090128975950882,0.13264201450650834,0.561066746711731,0.47084813817967036,0.7453661072279995,-0.01342975275129505,0.9620574116706848,0.483040326318875,0.5727656639965972,0.3270653787119828,0.5591768026351929,0.47405830024412005,0.7601112611105417,-0.017347641224629992,0.8825587034225464,0.48375866226574626,0.5746708733181016,0.3462890670925024,0.5530301928520203,0.46481800052777517,0.7902224772873532,-0.11496854708932018,0.9298990368843079,0.47647931730201726,0.601316481278859,0.32902615671455077,0.5134087204933167
118,3.933333333333333,0.48657039416860587,0.2487022852819516,0.06455097728353254,0.999504804611206,0.486794944629626,0.24033032209498476,0.04844518910445503,0.9992405772209167,0.4853084638537613,0.2404986534750496,0.04817475798924786,0.9991365075111389,0.4838364518747845,0.24075018346945382,0.048180350938288534,0.9993847608566284,0.48729291956409726,0.24034144452411416,0.048809175037671446,0.999525785446167,0.4879492973989842,0.24052914884249668,0.04852397231737726,0.9995839595794678,0.48883450704119763,0.24068337158212255,0.04844798834650479,0.9996727705001831,0.48246241646753824,0.2459142774710972,-0.004438834090401009,0.9996055364608765,0.48904488238386673,0.2468177719657121,0.001540572074507706,0.9991605281829834,0.483390223665888,0.25992604850925016,0.052043869754732755,0.9988572597503662,0.4875130369420392,0.2599868994765652,0.05105976245884811,0.9989028573036194,0.45784405000561723,0.31335768789193463,-0.03678569600236371,0.9999348521232605,0.5007527006886999,0.3207161763971761,0.009663502755737952,0.9995904564857483,0.4429251490523165,0.3626225710243416,-0.004476817754092505,0.7310356497764587,0.4942296719515779,0.39212269316395376,0.00937624408834007,0.5165989398956299,0.44790698543984125,0.3886894217950757,0.06396337075543669,0.6554361581802368,0.4702065508198067,0.43030865193368967,0.0042256705725575265,0.5189415216445923,0.44710301030220884,0.39525338728533416,0.06520752287773747,0.6389435529708862,0.46624990998033256,0.43993013855677077,-0.001996806648511245,0.5089833736419678,0.45073869593569615,0.3903198112426877,0.05445266356951048,0.641386091709137,0.46191915814042,0.43815068358248477,-0.018112489620467305,0.5114253163337708,0.4528815794305444,0.3893059452394202,0.06229678447659854,0.6169293522834778,0.46415689340811034,0.4315859517083373,-0.00380379413342425,0.48676759004592896,0.45908898333063275,0.47952548596840094,-0.016758205585181145,0.9999447464942932,0.48278252716247944,0.4718267927045648,0.016423427525917245,0.9998698830604553,0.4693784605153202,0.615697995365854,-0.009415032650189024,0.9438878893852234,0.5147347614276263,0.504940191196172,0.09887354616945732,0.5813952684402466,0.4711233134817646,0.7451758212611491,-0.003066085885057591,0.9630144238471985,0.4909013273185071,0.5774006749640148,0.2582949430818232,0.5757641196250916,0.4748498182790886,0.7602593182733443,-0.011174183416540423,0.8900805115699768,0.48947120109007536,0.5786958730214276,0.27436464591023885,0.5617427825927734,0.4667644936323462,0.7896561950123416,-0.1008249392403661,0.9243314862251282,0.4824258399728253,0.6098332628876082,0.26635452368284,0.509657621383667
119,3.966666666666667,0.4882633967252288,0.2491782811263875,0.07445077236202027,0.9995318651199341,0.487216443882602,0.24049059672682346,0.06405798097558298,0.9992793798446655,0.48547638674473215,0.24057922701878062,0.06379673979752948,0.9991827607154846,0.4837572498576153,0.24076248073421974,0.06381930832683604,0.999419629573822,0.48845162706680867,0.24061329072609877,0.05651142031907341,0.9995529651641846,0.4890118084724646,0.24078022680977496,0.05622400739348567,0.9996072053909302,0.4897630159745413,0.24090619456529197,0.056149073829307145,0.9996880292892456,0.4808858254811536,0.24574212067599938,0.03077142609023938,0.9996291399002075,0.48863742127534576,0.24662220683636832,-0.002309048437372643,0.9992104768753052,0.4846311626060415,0.2602623780675932,0.06831079401072704,0.9988924860954285,0.488814067887595,0.26047770409143794,0.05742228746397578,0.9989280104637146,0.4556074072286893,0.312912889061839,0.02587527003307912,0.9999202489852905,0.4994856300778446,0.3198354532678068,-0.022143439439270322,0.9995461702346802,0.4437256507822098,0.3662800649344131,0.061198479767928894,0.6623824238777161,0.5009188880221065,0.3916160109754143,-0.018419699804418738,0.545940637588501,0.4587243916906774,0.39044609675516473,0.0987141242119634,0.5949196815490723,0.48159398337323955,0.42347174989461445,0.02120876776105011,0.5053360462188721,0.4595824768792872,0.397612474931501,0.10262387039686818,0.5831074118614197,0.4781925391122088,0.43161884924217975,0.016840798969555003,0.4896114766597748,0.46337598674218466,0.3927790706423651,0.08838200487679196,0.5853203535079956,0.4744876217994226,0.4297410296448874,0.006914847029843577,0.4886767864227295,0.4649230767479262,0.3916724294879316,0.09455677058929716,0.5637481212615967,0.4756870523372294,0.42432557702845264,0.017068545186668543,0.46032556891441345,0.4566229410210044,0.4794870728093406,0.012437657797835793,0.9999479651451111,0.4828077344355919,0.4720217046199165,-0.012773171249160461,0.9998772740364075,0.46789129915350275,0.6151560315414787,0.018752095379424082,0.9414423704147339,0.5256504775326156,0.5009218454845924,0.05357294108457626,0.6195435523986816,0.4701956351533837,0.7451352015915702,0.010802943657900927,0.9649460911750793,0.49565743371507476,0.5806775340360404,0.20009102036974724,0.6123127937316895,0.47302621981241993,0.7606610651060572,0.0018595552566821518,0.8969960808753967,0.4912169797248688,0.5808215978557897,0.21520160079605458,0.5857008695602417,0.4680948893509578,0.7891349052615356,-0.07929265656924457,0.9285880923271179,0.4863920067718195,0.6147947512475216,0.21351574042982846,0.5468197464942932
120,4.0,0.49003154850577246,0.24950167885300514,0.05631470883029396,0.9995308518409729,0.48800945759125103,0.24060101652500143,0.05363232216422772,0.9992888569831848,0.48617983543681953,0.24063016213750912,0.05337670837517518,0.9992077350616455,0.48434985902065775,0.2407656112373706,0.05340974398411139,0.9994373321533203,0.48949709059134217,0.24079631665293727,0.036418576547343304,0.9995494484901428,0.48989518468220616,0.2409414178303659,0.03612732865878528,0.999609649181366,0.49046883057956603,0.24104309204888322,0.036040359415005864,0.9996862411499023,0.4803069741600967,0.24559241551021993,0.0412200341357989,0.9996402859687805,0.48841659882802013,0.24644936426485045,-0.027218794820451652,0.9992292523384094,0.48623460454457845,0.2604840015960228,0.06094667836355072,0.9989422559738159,0.490072323741197,0.2608288585236783,0.036849395247949376,0.9989683628082275,0.4573629129211624,0.3124509785671528,0.06247543155593173,0.999923050403595,0.4971288016677873,0.31911978732527196,-0.06597834768574179,0.9995848536491394,0.4518550835159322,0.36980330920350424,0.09994361050557488,0.6263563632965088,0.5068250354009496,0.38951816520374927,-0.07669404458293133,0.5889402627944946,0.47566938205776577,0.3948339419557406,0.10467979034807665,0.6072340607643127,0.49744902014155634,0.4193236670942451,-0.03676689969965716,0.5514549016952515,0.4799392136959325,0.40164894753238667,0.1086701748973617,0.5980322957038879,0.498357793102941,0.42694224755449406,-0.04922926773669039,0.5349123477935791,0.48334178313846604,0.39682595495903705,0.08899452376021627,0.6012477874755859,0.49565066382621253,0.4249627509094008,-0.05324479750128115,0.5329674482345581,0.48324727899828096,0.39651926369886487,0.0974489474670691,0.5796266794204712,0.49523888041648295,0.4200838473054235,-0.038704728501381604,0.5013980865478516,0.4563087576847453,0.4787632432540403,0.03846111004404829,0.9999507665634155,0.47940110731606733,0.47210762625361424,-0.038745144751740304,0.9998881816864014,0.469669250200355,0.6074969921631451,0.07184668817485487,0.8779938817024231,0.5171028660831867,0.5188761684226987,0.0019747077192922846,0.6570664644241333,0.4692149083548256,0.7226049506113283,0.10561515441854198,0.916511058807373,0.49120534177055897,0.6106855429461326,0.11947633020908059,0.6505563259124756,0.470379143303794,0.735814008079044,0.10203192139982598,0.8681920170783997,0.4873875396921414,0.6130777488216363,0.13140912955592574,0.6241903305053711,0.468707124082627,0.7633643778183501,0.040532864500094544,0.8909651637077332,0.4889404058571878,0.6442612880041653,0.11713558675151792,0.5904468297958374
121,4.033333333333333,0.4919347497398993,0.25041323783439756,0.03432273501664382,0.999507486820221,0.4891804667712663,0.24118070937614952,0.03637415959256799,0.9992747902870178,0.4873226718807009,0.24117370370724822,0.03612310919014958,0.9992119669914246,0.48544023789228463,0.24127199474384187,0.03616475454741618,0.9994393587112427,0.4907174426635303,0.2414629978626499,0.013080163370242807,0.9995227456092834,0.49094924984974275,0.24162475435177203,0.012784000511851489,0.999594509601593,0.49134309371553003,0.24173115115621502,0.012685988701080269,0.9996735453605652,0.4803791576156085,0.24602494126897645,0.04400232884236942,0.9996386766433716,0.4884189167924569,0.2468696936749302,-0.052813657481605325,0.9992256164550781,0.4880849541039869,0.26132740299394197,0.04609037465876454,0.998968243598938,0.4914639806838934,0.2617155249443571,0.013777537292484054,0.9989852905273438,0.4608003276518149,0.31241198989435803,0.0878121690739452,0.9999258518218994,0.4948103255578792,0.3187575558449358,-0.10624267880190152,0.9996206760406494,0.4617373590480322,0.3727569932685028,0.12838569991274498,0.596372663974762,0.5106548364594685,0.386319999622352,-0.12446475822322056,0.6256486177444458,0.4911528318252497,0.3986222638931593,0.10518528837039202,0.6167756915092468,0.5105260714793413,0.41640434043140795,-0.07878663636085241,0.5915000438690186,0.4979719424642325,0.4056751822254722,0.10893727370912346,0.6105074286460876,0.515372008022908,0.42429452152845765,-0.09723826097636519,0.5738415122032166,0.5018123795038535,0.40121024737438993,0.08395140999142589,0.6149464249610901,0.5134980217411786,0.42214464181216665,-0.09734705370488331,0.5706319808959961,0.49984314801636565,0.40076222937900063,0.09501781772068238,0.5938947200775146,0.5108525461619784,0.417391711122355,-0.07927461740496647,0.5354477167129517,0.45897966076553703,0.4777350654456791,0.05962558975742678,0.9999539852142334,0.4749726867096408,0.4729334074031001,-0.059851043337646695,0.9998983144760132,0.47821191005171326,0.585142511467154,0.11722669820809187,0.8420724272727966,0.508424462121965,0.5357089191864417,-0.03653416755144768,0.690970242023468,0.4719578087809745,0.6989917319198525,0.182932127004943,0.8930838704109192,0.48688673490942513,0.636723245687321,0.06715737206653516,0.6851600408554077,0.4710385763015866,0.7104753300088776,0.1833463444771446,0.8454755544662476,0.48371937689504296,0.6412060638483031,0.07741482021420894,0.6587483882904053,0.471289054144525,0.7391088650172186,0.1320059291790954,0.8755645155906677,0.48746327844037884,0.6731319064599066,0.048176279705867665,0.6303037405014038
122,4.066666666666666,0.4909591276655439,0.2498597241786042,-0.031833940266351904,0.999553382396698,0.4892107841660881,0.24033664485459405,-0.023387123312148834,0.9993429183959961,0.48815404071176816,0.24034929531929783,-0.023649321520084837,0.9992839097976685,0.486981045207724,0.24044973573035003,-0.023596987560946157,0.9994913935661316,0.48888709141275083,0.2405938505335291,-0.046541281378831685,0.9995676279067993,0.4884406823781047,0.2407845615836371,-0.04685238411306259,0.9996321201324463,0.4881158961530586,0.2409169960521247,-0.04697218654752288,0.999704122543335,0.4824203439521984,0.2451785077259615,0.01820607412413449,0.9996662735939026,0.48478288757088006,0.24599142138027547,-0.08268438005322679,0.9992918372154236,0.48853387245015334,0.26077922454935254,-0.009029269392734122,0.999059796333313,0.4896568004254061,0.2612128219718177,-0.04131247565324517,0.9990735054016113,0.4682064535296794,0.31510806790819673,0.09272193385272051,0.9999218583106995,0.48999706270886845,0.3179182974329697,-0.1332348972381563,0.999639093875885,0.4809441274400871,0.37482999473249184,0.1385858350391901,0.5998647809028625,0.5134454583502301,0.3816568563237345,-0.16590034412491325,0.6494846940040588,0.5176904983218471,0.40462672582636083,0.08727256938468686,0.6375541090965271,0.5259016041243868,0.41120740847343923,-0.14856727523837482,0.6232908964157104,0.5261275403139279,0.4132687489120738,0.08650240185847348,0.6300244331359863,0.532679517608998,0.4190170801542944,-0.17832039154791862,0.602258026599884,0.5297106350426709,0.40995403523790813,0.05421322034052372,0.6365684270858765,0.5316087899006238,0.4162316366346763,-0.17643886750271093,0.5989336967468262,0.527195659429955,0.40891540481900196,0.07327327425658602,0.6157827377319336,0.528589819731999,0.41216963142145857,-0.14907563344121497,0.5565171837806702,0.4609982788542625,0.4788030599854515,0.06952425390903615,0.9999532699584961,0.47005371086618997,0.47374118068510473,-0.06973178457215902,0.9999026656150818,0.48062679948783993,0.5845822104398554,0.12408452253171091,0.8045953512191772,0.5003663214486482,0.5505533403411345,-0.06731028001931269,0.7034397125244141,0.4711855110684097,0.6977357092109061,0.2218702821883929,0.8442954421043396,0.4827175664019895,0.6572268986755552,0.05388274412783258,0.6897590160369873,0.4690899973930505,0.7081047695519871,0.22591688937521465,0.785628616809845,0.47925537627869447,0.6627165855672743,0.06483958436493895,0.6243366599082947,0.47203494417900266,0.7378343260801907,0.1615052405649019,0.8324729204177856,0.4857033529894437,0.6942622648144198,0.012570318662463595,0.630878746509552
123,4.1,0.4913199045003267,0.24957285340112143,-0.07083435249606249,0.9995915293693542,0.49056548524974564,0.24037034509026445,-0.057071846506359505,0.9993993043899536,0.4903246672218471,0.24050525490012625,-0.0573508581774986,0.9993413090705872,0.48998190155810284,0.24070088665643702,-0.057295476354102017,0.9995344877243042,0.48868755409231973,0.2405171518161257,-0.07950264754425704,0.9996039867401123,0.4877291018240003,0.2407555122613255,-0.07982405186614744,0.9996614456176758,0.48687752383589405,0.240936961472115,-0.07995663531919761,0.9997261166572571,0.4865770528072586,0.24565112138305095,0.005346972992606289,0.9996910691261292,0.4833440490325551,0.2463616091232701,-0.09339488060132024,0.9993302226066589,0.4903209923762336,0.2606910648852698,-0.0413567975216789,0.9991429448127747,0.4894701877921092,0.26129013162831227,-0.07288644192647756,0.9991468191146851,0.47928320158189597,0.3201484756247223,0.09245227174256032,0.9999278783798218,0.48391503893259935,0.3188166706663507,-0.14160149581373283,0.9996469616889954,0.5018554156031675,0.377389447842609,0.13859103993783825,0.6361284852027893,0.5082272839932644,0.3759826026887691,-0.21816318760686057,0.6718147397041321,0.5428861435523119,0.41011622108490425,0.07272614582940909,0.6727917790412903,0.5305210546942632,0.40241007203536283,-0.27019138204279713,0.6570677161216736,0.5527718439265461,0.420469017784271,0.0699662227676447,0.6655820608139038,0.5396800261124567,0.40994452378487567,-0.3142032804084595,0.6374582648277283,0.5560446923012214,0.4178987599181082,0.03370821777981493,0.6717355251312256,0.5400651680989486,0.40712163583039984,-0.3090844307635013,0.6345710158348083,0.552967230582616,0.41628395626683035,0.05700056485777515,0.6526767015457153,0.5367828122721153,0.40392978614089203,-0.2713441575031094,0.5914208292961121,0.46730639032580745,0.48195004631609717,0.07231903900571415,0.9999555945396423,0.46549424607717177,0.47456342859152917,-0.07252334900431175,0.9999030828475952,0.4825899754317856,0.5928703986684772,0.11172858902639397,0.8175418972969055,0.48104796001900313,0.5475358315136682,-0.16040943999160753,0.7312606573104858,0.47057363011182574,0.7075689367753464,0.20974715538901725,0.8586534261703491,0.4538480034093499,0.6374462969865117,-0.03564898585881507,0.7127253413200378,0.4668329096326188,0.718943470813823,0.21229807893140268,0.8001505732536316,0.44988885821981167,0.642577004838875,-0.024654700054301384,0.6355668902397156,0.47359215984572656,0.7492691698794047,0.12585826781953946,0.8472469449043274,0.4511303464120846,0.6712324149994077,-0.09098311578170537,0.6612071990966797
124,4.133333333333333,0.4878409642819193,0.2495615258649757,-0.10460338818804603,0.999616265296936,0.4882231340733978,0.2406301853206995,-0.08614954335478747,0.9994335770606995,0.48872834447114694,0.24085538545758037,-0.08644068907848906,0.9993659257888794,0.48919155389864744,0.24113343954703312,-0.08637839441928892,0.999557614326477,0.4845775646829395,0.24069250616330756,-0.1079154129511285,0.9996275901794434,0.4828604531811582,0.24096322442804577,-0.10824578810129779,0.9996784925460815,0.4810552212872045,0.24117579182314575,-0.10840147878389428,0.999738335609436,0.4873356818930954,0.24640531885831052,-0.004849370476672415,0.9996933937072754,0.476166679903138,0.24687974267350854,-0.10130521204349868,0.9993476271629333,0.48808695901845905,0.26084319242201104,-0.06932244516057152,0.9992007613182068,0.4852429086807034,0.2615352803117509,-0.10008381592418968,0.9991911053657532,0.4869916846102713,0.3246668363350681,0.09059019065788435,0.9999276995658875,0.4716307643050006,0.3199406092121129,-0.14720080622934212,0.9996187686920166,0.5176270971951827,0.3796596926397698,0.13752523020128013,0.664867103099823,0.49318524347162707,0.37124717879436175,-0.25318868964885355,0.6914277076721191,0.561810665544518,0.4141554492079237,0.05642393937671832,0.7027714848518372,0.5324406902360341,0.39657283247328723,-0.35264018228280813,0.6865072250366211,0.5727659855471888,0.4260274451032887,0.05145182953855132,0.6955642700195312,0.542280159689889,0.4029935811248414,-0.4067024011749585,0.6676576137542725,0.5758558777075771,0.42411251970587877,0.01269067846571713,0.7016778588294983,0.5438381234547448,0.4005436147461866,-0.4001946541509108,0.6651985049247742,0.5720662643736825,0.42161507405316573,0.039563428474722946,0.6837796568870544,0.5405482917863067,0.398190019335624,-0.3545341456993589,0.6206437349319458,0.47018891238416605,0.48468114194535483,0.07281244205697966,0.9999512434005737,0.45143817278907616,0.47520931092640745,-0.0730134748150936,0.9998856782913208,0.47964176599455133,0.5994081346812938,0.10178083658494887,0.8269445300102234,0.4631989055821781,0.5424871697325282,-0.22771987585157288,0.7543086409568787,0.46495214947663605,0.7165223200936074,0.20052259783866233,0.8710194230079651,0.4289575395454124,0.6219691800477594,-0.07912272824926753,0.7196838855743408,0.4584036111939893,0.7287314702255642,0.20232161384484268,0.8101041316986084,0.4244515100943013,0.6267866005708916,-0.0657118806758047,0.6214382648468018,0.4719153393546854,0.7600201985250428,0.10446035663365957,0.8592395782470703,0.4232868169927203,0.6552281520582428,-0.13868568765446465,0.675146758556366
125,4.166666666666667,0.48625513497047784,0.2529522880255438,-0.1331804409713026,0.9996464252471924,0.4877774068405454,0.2443311916832741,-0.11366421714197479,0.9994744658470154,0.48891069338202303,0.244610220052943,-0.11396597569518374,0.9994086623191833,0.4900491080793342,0.24493798224790944,-0.11389792665660073,0.999588668346405,0.48275464153902103,0.24434359058375527,-0.13071905626383795,0.999652624130249,0.4806187609781756,0.24461852759090413,-0.1310536772121753,0.9996986985206604,0.47828727914003505,0.24482817458040185,-0.13121885214524978,0.9997526407241821,0.48959621269105225,0.2503569541751421,-0.023260612976981267,0.9997072815895081,0.4737460386678844,0.2506874404888534,-0.10429575974965294,0.9993604421615601,0.48754931754569875,0.2644692362230794,-0.09538632446687163,0.9992599487304688,0.4831849637704253,0.2651207617165034,-0.12002492617962657,0.9992314577102661,0.49655039642705584,0.33018106028130834,0.0690175450678286,0.9999310970306396,0.4633412980052212,0.32271885888886453,-0.13052759721598786,0.9995629191398621,0.5338927337607317,0.38309177266461514,0.10523608393378307,0.6963266730308533,0.48501934210624786,0.37255386872445556,-0.2654057023397111,0.6740880608558655,0.5818140778500486,0.4196943661713856,0.016127000441976694,0.7299203276634216,0.5323468026798204,0.39325701170011435,-0.38606953074219985,0.6699104905128479,0.5934713023167354,0.4324831374382586,0.007537660324956022,0.7216039299964905,0.5435988856018645,0.39950140685330626,-0.4443116925740108,0.6502386331558228,0.5965249546742971,0.4311557702357672,-0.03174814100617886,0.7278426289558411,0.5439701691289723,0.39693084378441434,-0.440422160818565,0.6494563817977905,0.5920959861433082,0.42797117055363487,-0.0010039235375531377,0.7105306386947632,0.5402814632206471,0.3949533217935193,-0.39027748175843696,0.6016964316368103,0.47449196018250267,0.48878902991124235,0.06152438750905899,0.9999478459358215,0.4457040296200883,0.47729248405728397,-0.06171991833698765,0.9998722672462463,0.4800668376704105,0.6075105138019037,0.0770379217760684,0.8310345411300659,0.4472839732989346,0.5401311017761239,-0.24680612538634605,0.7634431719779968,0.46467920152114206,0.7270215352152178,0.17755996776223176,0.877558171749115,0.41348864759007875,0.6162366012977932,-0.08446876814725204,0.7077105641365051,0.4574480804490284,0.7398708582243787,0.17900428813642807,0.7895830273628235,0.40935671349338676,0.6264940842478441,-0.07032592380068957,0.5918856263160706,0.4709967271329638,0.7699333954136438,0.06406643157589154,0.8627735376358032,0.4043859082043117,0.652920381538701,-0.15519819839442633,0.6692803502082825
126,4.2,0.4889342911312393,0.2597834881195743,-0.17511691362650017,0.9996758103370667,0.49166280918023686,0.25138941553344346,-0.15504515721403117,0.9995102286338806,0.4939626203393129,0.2516206332389997,-0.15537226247880548,0.9994475841522217,0.4949499810761846,0.2519056165444657,-0.15531128992189536,0.9996169209480286,0.485305181417878,0.2515043509108399,-0.16769509414873707,0.9996715188026428,0.4828605234335199,0.2517872845518849,-0.16803217001389864,0.9997140169143677,0.48013142454638646,0.2519916476339593,-0.16820078323613646,0.9997603893280029,0.49477395012604686,0.2576423484567388,-0.056800388062912266,0.9997261762619019,0.4754900128368977,0.2581152412486326,-0.11708295780307112,0.9993473291397095,0.4915287443059142,0.2711992147600093,-0.1349172012568174,0.999321460723877,0.48561098975174766,0.2717806577844464,-0.1535041447079359,0.9992817640304565,0.5066874627252724,0.3374985953518279,0.03495718116386792,0.9999366402626038,0.4613445629369877,0.3303250692577284,-0.122739940275298,0.9995629787445068,0.5493928273829463,0.3877218469761015,0.06317703599136068,0.7235603332519531,0.472651110363072,0.3752537326052327,-0.27065134727424234,0.6933349967002869,0.6003822814846966,0.42427973471089686,-0.03340302882502093,0.7552867531776428,0.5214672648502673,0.38795487114902494,-0.43463947369842504,0.6937003135681152,0.6127405011562967,0.4377085013701913,-0.04735056160509962,0.7467740178108215,0.5330690540787195,0.39110086927983634,-0.4969430471723889,0.6725383400917053,0.6158540897020668,0.43644946568577747,-0.08677709242508103,0.7528597712516785,0.5343788377162177,0.38889165574716805,-0.4936030340354474,0.6718891263008118,0.6108012696699956,0.43288384150082915,-0.050871281228595994,0.7365770936012268,0.530824813344385,0.38777528738770145,-0.4402439741614635,0.6227082014083862,0.48055786116643273,0.4955564728576708,0.0465031961793449,0.9999401569366455,0.44734882820046745,0.4822242085409063,-0.04674115771216765,0.9998398423194885,0.48470117975796334,0.6172955830139062,0.04595135154477394,0.8382007479667664,0.4301438376085637,0.533715598805316,-0.18194150404614562,0.7197094559669495,0.4679833853289348,0.7369182619759531,0.15572341473305837,0.8822809457778931,0.3828214447824272,0.5953172323797953,-0.005325317793340938,0.693035900592804,0.46032595051051706,0.7505395458472474,0.1579628565348565,0.7804489135742188,0.3779160643616711,0.6079148609430486,0.009210252516288008,0.5633125901222229,0.47298683333192165,0.7784464065312862,0.03160698103772312,0.8660783767700195,0.37117962790474335,0.6226128300304987,-0.08161262764029571,0.6567338705062866
127,4.233333333333333,0.4885292016731215,0.2690337007611207,-0.20470430995210248,0.9996802806854248,0.4919231300275857,0.261184945350294,-0.18532477968340566,0.9994797706604004,0.4945034277684497,0.26132590476985296,-0.18566763232399713,0.9994062781333923,0.4957335115635274,0.26149590179209936,-0.18561464259417315,0.9995989799499512,0.48514059282872035,0.2614279505150019,-0.1937057807126421,0.9996274709701538,0.4826077996953742,0.2617313600046397,-0.19404957461605982,0.9996659159660339,0.47977811654149505,0.26197557046862885,-0.19422718974656789,0.9997090101242065,0.4962323253857545,0.2671910921304363,-0.08528882091695622,0.9997110962867737,0.47561476536391345,0.26827993279890605,-0.12554332313486527,0.9991047382354736,0.49143758052597797,0.280180771934292,-0.1642020341682587,0.9993506669998169,0.4850053385713301,0.2805457871034432,-0.17694834350942032,0.9992694854736328,0.5142367514218716,0.34719861954346276,0.003180489052496023,0.9999409914016724,0.4565269093347059,0.3390684956991859,-0.11606700732492616,0.9995505213737488,0.5626315033188576,0.3943898408949363,0.022197713160210315,0.7478693723678589,0.4607380287812348,0.3765835236042745,-0.2729584525582992,0.7139511108398438,0.6156723195707862,0.43015313026198426,-0.0800207552447964,0.777307391166687,0.5099387887385054,0.3836960132215404,-0.45886373880953046,0.713569700717926,0.6283394939233026,0.44418979098249034,-0.09827843703550637,0.7676864266395569,0.5222305999496177,0.3853765224631279,-0.5224163294828932,0.6881057024002075,0.6315607816154973,0.44357721964500063,-0.1372525356260292,0.7737981677055359,0.5242478541424448,0.38242817046906097,-0.5200933768418168,0.6872329711914062,0.6260788900579422,0.43933855365905194,-0.0974989389355729,0.7578791379928589,0.5204035114255421,0.3820044136673358,-0.4655788843780103,0.6351575255393982,0.4836100101423294,0.5058179220339004,0.032097045035044285,0.999930202960968,0.4467745901779065,0.4896621068537612,-0.03236696183785204,0.9998061656951904,0.4853560761482267,0.6306162579858169,0.024743521402035222,0.8407478332519531,0.4139962981763728,0.5317413868469412,-0.12677333559552578,0.6843013763427734,0.46812737861276493,0.750805797409843,0.14050347500625635,0.8853628635406494,0.35738619248669967,0.5797234247853346,0.05987073703711561,0.676758348941803,0.46053923393154406,0.7651124656922786,0.14319069764978218,0.767405092716217,0.3520429831619422,0.5934333034546535,0.07480147609905229,0.5375913977622986,0.47151123661833816,0.7871166157026273,0.007800524150536,0.866414487361908,0.34398830112071915,0.6067656716363705,-0.01870976916420186,0.6433029174804688
128,4.266666666666667,0.49031353109566067,0.2770322143834238,-0.23928312284007153,0.9997121095657349,0.4939060223138503,0.26937114519747524,-0.21985957953706906,0.9995313286781311,0.496560299986489,0.26947074591846515,-0.22020408743778092,0.9994652271270752,0.4980767672419304,0.2695939038745628,-0.22013862403612777,0.9996387362480164,0.4870967966163608,0.26957313880425177,-0.2248136133741926,0.999664306640625,0.48458933179881064,0.2698215932398098,-0.2251616802663933,0.9996989369392395,0.4817744999689609,0.2700221710208565,-0.22533239579136638,0.9997375011444092,0.49920453879966403,0.2752913232079231,-0.11570669216472779,0.9997397065162659,0.47780251317275824,0.27647348296773616,-0.13993448261621882,0.9991921186447144,0.4933900571247132,0.2880375062017941,-0.1975164651223364,0.9994149208068848,0.48684934119303924,0.2882927869469628,-0.20574957196510496,0.9993409514427185,0.5212524477267564,0.35421165473645727,-0.03186539158264433,0.9999462962150574,0.4559757749548715,0.347921363783829,-0.10988735066726084,0.9995633363723755,0.5732381936290243,0.39639842539510917,-0.019890312545520053,0.7730412483215332,0.44462124773927214,0.378440432167311,-0.2376321948514618,0.7402555346488953,0.6295343904663488,0.42807722191066677,-0.13187468176491257,0.799555242061615,0.46978609951813394,0.383182862675788,-0.42053433946145824,0.7382475733757019,0.6429978714490074,0.4419252980441626,-0.15271918863867995,0.7908469438552856,0.47550728896978317,0.3839399559680656,-0.476898415298032,0.711449384689331,0.6462236658033738,0.4413613919188497,-0.19270916669872135,0.7963646650314331,0.4766370971004281,0.38140804705683,-0.4860913014250054,0.7121050953865051,0.6402429339005222,0.4370713371611372,-0.15024879443231465,0.7820237278938293,0.4751225930917306,0.38147425660935197,-0.4320539622738186,0.6665133237838745,0.48870777854332675,0.5118397646862849,0.020310440913573657,0.9999282360076904,0.45047656334095265,0.49561440053142447,-0.020600492604912934,0.9997877478599548,0.4886480185791926,0.637548549737252,0.004840428688035987,0.8555094003677368,0.41300920655672124,0.5307021963931862,-0.0948982441274934,0.7055904865264893,0.47010556483907057,0.7578660815388771,0.11219250246203141,0.8961765170097351,0.3749691387097228,0.5800272653777911,0.07962729481444045,0.6701153516769409,0.4626190099736889,0.7727410218054945,0.11395631061797933,0.786808431148529,0.37268343037496987,0.5925813895042563,0.09514813836044192,0.5452972054481506,0.47230558240522547,0.7921431517704718,-0.030038506927346387,0.8789536952972412,0.36373918419477774,0.6075045354042887,0.0013268115172368079,0.6532120108604431
129,4.3,0.49307105752505576,0.2806883442034227,-0.30222083931405225,0.9997408390045166,0.49686084455469287,0.2728509172501029,-0.2813461589703685,0.999578058719635,0.4996728624696162,0.27294369313324607,-0.281701520740341,0.9995185136795044,0.5016407615124514,0.2730632409375571,-0.2816258390291499,0.9996747374534607,0.48992623408006286,0.2730168177974521,-0.28597666704455815,0.999697744846344,0.48741951018688734,0.2732401979735764,-0.2863358705252442,0.9997289180755615,0.48459695373720635,0.2734210253289418,-0.2865081084486753,0.999763548374176,0.5034129260152593,0.27861719494419857,-0.16503347765844217,0.9997655749320984,0.4805514091598461,0.27991660692441084,-0.186479270012473,0.9992717504501343,0.49648339061797286,0.2917251013537657,-0.25577384202758535,0.9994730949401855,0.48980022250124955,0.29203889054659354,-0.26336636614801745,0.999406099319458,0.5309173000281227,0.3566900698037079,-0.0695375770475172,0.9999508261680603,0.45644532409605565,0.35197452728381595,-0.1400364503503715,0.9995720982551575,0.5842828157275837,0.3943437006884922,-0.053437015054064715,0.7951377034187317,0.4304352397787372,0.37822982889597795,-0.25004901588165285,0.7631436586380005,0.6426272652176142,0.42217916240978004,-0.17297109914900952,0.8190188407897949,0.4335043017550064,0.3843804277565966,-0.42795293338076046,0.7468811869621277,0.6569935840640224,0.4356348819187434,-0.19583158121197808,0.8102090954780579,0.4332628751289317,0.3848579664124196,-0.47961714750529405,0.7020193934440613,0.6601434120973706,0.4349375252504911,-0.238781192237514,0.8155671954154968,0.4331370226356311,0.38286914699482405,-0.4992476291911304,0.7073989510536194,0.6536846312411659,0.4308999130973427,-0.1931846733991806,0.8024381995201111,0.4334361791407528,0.38333213739141875,-0.44351522332035087,0.6684532165527344,0.4967676873917665,0.51378158144974,0.01509142053263468,0.9999258518218994,0.4565110883489585,0.4985316411161422,-0.015380897691913396,0.9997592568397522,0.492245582299608,0.6406465926855485,-0.013063668085917784,0.864555835723877,0.42162598657693595,0.5255636163598156,-0.04844398939162126,0.6489154100418091,0.4712404491375486,0.7622834221732685,0.07804671036814766,0.9040106534957886,0.3942696210117878,0.5734431813087634,0.16574315086632072,0.6068493127822876,0.46377777938228865,0.7776406009373455,0.07782652709667079,0.7974560260772705,0.3931285114486901,0.5845910847966699,0.1847656651766959,0.4979073107242584,0.47277420401428577,0.7957625141402962,-0.08029268071190687,0.8887853026390076,0.38568245029007464,0.5993624490286577,0.09189356051144013,0.5975759625434875
130,4.333333333333333,0.492729186790507,0.2808636350400561,-0.3442040288306233,0.9997666478157043,0.49638774134077124,0.27294941242582904,-0.3222864399573844,0.9996197819709778,0.49919979238269024,0.2730495387254226,-0.3226524374037195,0.9995661973953247,0.5014024361475666,0.2731746829915544,-0.32257483128343256,0.9997069239616394,0.48967063903640795,0.2730475763961163,-0.3262579534415939,0.9997276067733765,0.48724318974247893,0.27324052513878416,-0.3266199514806163,0.9997556805610657,0.4844975821776217,0.27339645606531576,-0.3267921569069157,0.9997866749763489,0.5035007047351174,0.27869370635941787,-0.1983250000230006,0.9997885823249817,0.4804576918211813,0.27995925093967733,-0.2157828633554502,0.9993416666984558,0.49620740144069375,0.29195284234103097,-0.2950001920825912,0.9995251893997192,0.4896160624894255,0.2922502393139642,-0.3015454275410061,0.9994642734527588,0.5343281268611484,0.3562388167613303,-0.09821759337377348,0.9999549984931946,0.4555468355881552,0.3523563872690475,-0.15574828014875408,0.9995971322059631,0.5904130177866422,0.3910494436093564,-0.07928915551060753,0.8153818249702454,0.4176529402195166,0.37694246762234745,-0.25376454539820265,0.7855209708213806,0.6516599916503728,0.4164436482202776,-0.2029620479075602,0.8368639349937439,0.4032996295234997,0.38414911616595604,-0.4184348315865877,0.767625629901886,0.6668250750603413,0.42929207824001014,-0.2272975193697208,0.8283794522285461,0.39856822250722157,0.3843502084412014,-0.46587553912296154,0.7174699306488037,0.669978093263789,0.42864206399481625,-0.271829018887647,0.8334059119224548,0.39785786111745847,0.38272664566997333,-0.49342047191437377,0.7249563336372375,0.6631599050504756,0.42479198925035894,-0.22426719088290603,0.8214800357818604,0.39950083088811356,0.3833970132256387,-0.4372864944471881,0.6911808848381042,0.5001153239765923,0.5130887063933055,0.01116343404573539,0.9999147653579712,0.45870380004416306,0.4986379243911699,-0.011486458968317095,0.999720573425293,0.4919633166538269,0.6401591491814795,-0.030293042841286894,0.8673418164253235,0.4317126974199377,0.5317834489259092,-0.0005695816938342604,0.6028811931610107,0.4702679503893886,0.7625918229237703,0.046076483235091545,0.9095861315727234,0.40945338393965136,0.5889590627296342,0.24474550679804613,0.5590173602104187,0.46295324782520103,0.7781299092404358,0.043871034273346515,0.8006222248077393,0.40879916118268217,0.5996958873120176,0.26601495556414134,0.46102288365364075,0.47145503765304064,0.7961211005081017,-0.12699946747307556,0.8971080780029297,0.40248722108314705,0.6179878466033454,0.16791727845023563,0.5614391565322876
131,4.366666666666666,0.4918590386323568,0.27814127792425364,-0.37280354844010855,0.9997898936271667,0.49539485839949526,0.2705783550570724,-0.35120259927184033,0.9996572136878967,0.49819176892404793,0.27070269218848664,-0.35157308460963566,0.9996089935302734,0.5005605797234807,0.27083362067848576,-0.3514935491764601,0.9997357130050659,0.48859329693761455,0.27057320687306885,-0.35312314829225155,0.9997544884681702,0.48601647169361706,0.27073685209707865,-0.35348858651635007,0.9997798204421997,0.48315215473621165,0.2708530969367291,-0.35365365847863517,0.999807596206665,0.5031427725031131,0.2764454666325346,-0.22555246754190833,0.9998093843460083,0.4789934320913396,0.2775283880603847,-0.23342729039700744,0.9994061589241028,0.4952578732391719,0.28939551429529453,-0.32316869444961027,0.9995722770690918,0.4884915043072478,0.28967629771654047,-0.32694931015427886,0.9995170831680298,0.5363737333423861,0.3533614514896106,-0.12784264916543464,0.9999589920043945,0.4540772103053802,0.35089161494784615,-0.16024285648559217,0.9996294975280762,0.5967647881962055,0.38542325756528184,-0.11457947947817888,0.8336884379386902,0.40849814820413144,0.3750279389787252,-0.2408141730996879,0.8058753609657288,0.6595699720061508,0.4083212660205665,-0.24322009399215105,0.8530111908912659,0.38076371714139606,0.38433888736107,-0.4096340003898274,0.7893112897872925,0.6755983122538434,0.4206441550728201,-0.270618109058346,0.8450170755386353,0.373518724975581,0.3849878783530269,-0.454909728046994,0.7419092655181885,0.6787726433164328,0.42003983279998885,-0.3152337408015521,0.8496562838554382,0.3719891825013689,0.3834762594011108,-0.4876448533415687,0.7493744492530823,0.6714282348789656,0.41627464040665124,-0.26492776634694926,0.8388693332672119,0.3747245684616695,0.38443736875891865,-0.4307591258220624,0.7191178202629089,0.5023906066039369,0.5111460570546853,0.0034096905624545542,0.9999123215675354,0.45945603274220675,0.49673301795384794,-0.003777243737667537,0.9997161626815796,0.49006606033145694,0.6383457958894684,-0.04401067606633155,0.8784839510917664,0.42084508982063484,0.5285177679730239,0.0128797025798836,0.6014164090156555,0.4682288152835615,0.7630309809641761,0.032370762615677416,0.9162997603416443,0.3951913045531274,0.5857936770870011,0.2645684528853652,0.5564969778060913,0.4611214320399589,0.7782081499042941,0.030056009938724645,0.8096019625663757,0.3935592774517704,0.5977061461585633,0.2858173671039946,0.45838460326194763,0.4685986823901033,0.7974035455261151,-0.14605806213059186,0.9050309062004089,0.38479094708613404,0.6109447562408385,0.18512452373770466,0.5697084069252014
132,4.4,0.4913585930723351,0.27182260310038003,-0.38364285410155274,0.9998108148574829,0.49463496373042154,0.26472988217212584,-0.3637817352349997,0.9996910095214844,0.49723789134767504,0.2649084940589046,-0.36415261202911375,0.9996475577354431,0.49962976875803705,0.26508569859146563,-0.3640728984717825,0.999761700630188,0.4883502402176701,0.26462032849450057,-0.36407239620684595,0.9997788071632385,0.4859000742224339,0.26477043710469583,-0.364440915936212,0.9998016357421875,0.48317408196588346,0.2648557070901719,-0.36459661103196805,0.9998266100883484,0.5025600438921207,0.27086778101874764,-0.24307703773801248,0.999828040599823,0.47915019651059976,0.27164030857867055,-0.2426877367474536,0.999464750289917,0.4943382808723557,0.2832376250840913,-0.33576736137821395,0.9996147155761719,0.4880789439911106,0.28335212615278704,-0.337250025274681,0.9995648860931396,0.5372032470840584,0.34699474616123716,-0.1524141075966123,0.9999626874923706,0.4532334146142885,0.345757035906742,-0.16095869655501055,0.9996641278266907,0.6005107670375563,0.37700761063272104,-0.14492884218825075,0.8499943614006042,0.40283224348281144,0.3727543489267693,-0.22206924936201033,0.8247495293617249,0.6647339533108448,0.3980659350126833,-0.27666722685911926,0.8672789931297302,0.3669327763599447,0.3866492866920184,-0.3928446453850586,0.8100270628929138,0.6810635235809396,0.40953332033492224,-0.3069439324554237,0.8594056963920593,0.357615236764698,0.38877216047154584,-0.43597812993192303,0.7667871117591858,0.684271993751079,0.40914520016939787,-0.35147579033850285,0.8638267517089844,0.35577414695725834,0.38736580046263336,-0.47307825474086257,0.7736681699752808,0.6765833987767805,0.405465917630475,-0.2986467687850232,0.8539949059486389,0.3594471667543202,0.38804577120166023,-0.4155749806590953,0.7463659048080444,0.5031599104126113,0.5059529008941299,-0.007686184159070433,0.9999139308929443,0.4599918142906936,0.4911939546497834,0.007268446715049559,0.9997275471687317,0.4885274139143085,0.6344618101836114,-0.07029199045248558,0.8887043595314026,0.40792989809806657,0.520744748536357,0.04959317701807074,0.580295205116272,0.46669064389005316,0.7624244122574998,-0.006219747887325145,0.921287477016449,0.3784961778368354,0.5795574406859061,0.31543711835161303,0.528343915939331,0.4595005791046164,0.7772671219383199,-0.009633752976183706,0.8112084269523621,0.37777167624645014,0.5928254178137156,0.337761365285363,0.43979746103286743,0.4669457496878018,0.7978027140573207,-0.18789084868368888,0.9115358591079712,0.36486961815054797,0.6033869494289764,0.2421439906028276,0.5529507994651794
133,4.433333333333334,0.49160387256870236,0.26512999796643766,-0.3995403598604058,0.9998296499252319,0.4947165143888034,0.2583889822251749,-0.3797772963339851,0.9997215867042542,0.49720624595912827,0.2587063919085334,-0.3801478148824331,0.9996824264526367,0.4996085839226084,0.2590121422020194,-0.38006746699188476,0.9997851848602295,0.488615263690218,0.25820467053492135,-0.3789852188224667,0.9998007416725159,0.48617669868640595,0.2584565906706322,-0.3793530752240636,0.9998213052749634,0.4834458547711554,0.25862722494165963,-0.3795029194330749,0.9998437762260437,0.5026497594390634,0.2649553545323542,-0.2578489401810004,0.9998449683189392,0.479122872121222,0.26544939957737385,-0.2522085372611311,0.9995176196098328,0.49420755547446327,0.27696650231721964,-0.351252224394604,0.9996529817581177,0.488267695407116,0.27722798332408777,-0.3512509801446164,0.9996079802513123,0.5381867821254719,0.3403297525816219,-0.16949835218408776,0.9999659061431885,0.4519698568093973,0.3412638281652623,-0.15991682003836158,0.9996935129165649,0.6034556210161105,0.3686222115699544,-0.16507445063955262,0.8649362921714783,0.39904281844337625,0.3719044844637365,-0.20739472818618704,0.8418384194374084,0.6684468172799917,0.38864511545089087,-0.30125644116886025,0.8804736733436584,0.35654250676156396,0.38955181447905207,-0.3832052414892434,0.8286780714988708,0.6849855983041058,0.3999021048942928,-0.3339864305044295,0.8732052445411682,0.3456128598792593,0.3926613393133269,-0.4257676336121332,0.7891991138458252,0.688066763624228,0.399474132724135,-0.3783686719875332,0.8772406578063965,0.3432696816048179,0.3913312219916727,-0.4615918648637493,0.7955465316772461,0.6802763290437581,0.3959464681559412,-0.32335728977652956,0.8683620691299438,0.347639652244201,0.39165899733626125,-0.40636361216539063,0.7709261775016785,0.5034440276596758,0.5024446326805603,-0.014735507666532222,0.9999165534973145,0.4599180285236906,0.48638220620113676,0.01430385238661671,0.9997408390045166,0.48692876096451626,0.6325280691585413,-0.08035263642121675,0.8992554545402527,0.3976255226841186,0.5124386673336477,0.054643039160962886,0.6103931665420532,0.46538157862504653,0.7622192143676109,-0.018999372657823064,0.9278408288955688,0.3636373822830733,0.5737096239920764,0.32620665680426686,0.5550194978713989,0.4582759024703232,0.7774138233434084,-0.016614488841823837,0.8219946026802063,0.3642693161293593,0.5890499939336462,0.3488630866388252,0.4633314907550812,0.46648864689146535,0.7988190909517741,-0.20440521693835373,0.9187229871749878,0.34604157895825255,0.5952057211520381,0.2522101127759036,0.5795579552650452
134,4.466666666666667,0.49162083034544146,0.2587327174475259,-0.39878960150596166,0.9998456239700317,0.49502117342297186,0.2521600785041256,-0.37931576685828705,0.9997478127479553,0.4976299862255574,0.25252560187524586,-0.37968318363326686,0.9997122883796692,0.5001793980475242,0.2528887062129182,-0.37960323032162774,0.9998053908348083,0.48862346704182436,0.2518796252400127,-0.3799737311967461,0.9998193979263306,0.48618813289777213,0.2520877494578559,-0.3803704519860365,0.9998376369476318,0.48345975753769943,0.25220612710021567,-0.38054711218149606,0.999858021736145,0.5032615705996027,0.25908551251967027,-0.2588639399867688,0.9998589754104614,0.47910611028761924,0.2590691653932079,-0.24237941560983767,0.9995595812797546,0.49439078318454754,0.27051753455420696,-0.3510844700515561,0.9996860027313232,0.4880726844469334,0.27065271035453214,-0.3559102488640984,0.9996439814567566,0.5365774159407586,0.3324961014601161,-0.18504482792314023,0.9999674558639526,0.4515662975650649,0.33663772226024546,-0.13378727471566024,0.9996887445449829,0.6021892381690896,0.3613544194621837,-0.2217196006963349,0.8778325915336609,0.39820646734666204,0.3720640769826163,-0.16137771035284143,0.8246780037879944,0.6415996954225389,0.3730998530617898,-0.3824393291492968,0.8919214010238647,0.35029198049689525,0.3952834923502209,-0.33256915436531953,0.8377816081047058,0.6507440505780709,0.38144457461757736,-0.4247830502836914,0.8844909071922302,0.34101167102216856,0.4011201694917334,-0.3727299683990625,0.7991524934768677,0.65257889035877,0.3799795844908821,-0.45637362044546825,0.8880438804626465,0.33874629693589575,0.39992382170126084,-0.41074844343765016,0.8059016466140747,0.6476531444482854,0.3776925022393137,-0.39969382499456013,0.8785853981971741,0.3426930851581135,0.3990391824336428,-0.3560745422297041,0.7820254564285278,0.5022464833721398,0.49768791320555245,-0.026154413305344678,0.9999094009399414,0.45842183357246663,0.48109822131915797,0.02574994426925254,0.9997250437736511,0.4839917929469416,0.6300356143251646,-0.09297611528086411,0.9025534987449646,0.3910990861339778,0.5042770970858887,0.04406372236729218,0.6037343144416809,0.4645715867223074,0.7605249578167075,-0.01994516948832324,0.9279477000236511,0.3729939857266466,0.5647992821500961,0.33483971551126324,0.5118844509124756,0.45884021154414933,0.7771546324811549,-0.016382778275708637,0.7990544438362122,0.3763701738813065,0.5780776594440614,0.3604147000869009,0.4322236180305481,0.46432708926628163,0.7990022759815782,-0.20299491596555924,0.9167343974113464,0.3576005460277918,0.588070399989643,0.27099507162358183,0.5394262075424194
135,4.5,0.4909200379398976,0.25354361505464457,-0.37573084976968507,0.9998528361320496,0.49479221863068945,0.246960754678103,-0.35937940307042937,0.999763548374176,0.4974870409106876,0.24737458611310875,-0.3597416946204265,0.9997283220291138,0.500133298595459,0.2478064356501428,-0.3596723803665838,0.9998152852058411,0.48797589910677647,0.2465415390422847,-0.35560316648701185,0.9998317360877991,0.48540621180939736,0.2466744410562352,-0.35598814355711533,0.9998472929000854,0.48259124924245633,0.24671662562115962,-0.3561659006098894,0.9998679757118225,0.5036785725128385,0.2541761665691926,-0.2530019921188717,0.9998593926429749,0.47847368250831507,0.2535465667740351,-0.21787095593939682,0.9995863437652588,0.49364495973088707,0.2653064474676814,-0.3327134176539347,0.9996823668479919,0.48687372774262455,0.26527613291205654,-0.33143349880517314,0.9996458888053894,0.5318298660407317,0.3264469828234958,-0.20073857832150607,0.9999448657035828,0.4529725165252061,0.3323378570877929,-0.10073165187746426,0.99967360496521,0.5798569532110054,0.3547624047776404,-0.2582045250311372,0.8662960529327393,0.403799867024712,0.37309013805032815,-0.11124754927967899,0.7717773914337158,0.6053814609778267,0.3572607785675695,-0.40651171433950195,0.8755133748054504,0.3550987839198678,0.40144259089925344,-0.27504498703483016,0.8285651803016663,0.611471525122451,0.36226917633346156,-0.4518088342917179,0.8618808388710022,0.3448310384112835,0.41006981402078096,-0.3112695828030224,0.7922769784927368,0.6135819397240311,0.3601585284651864,-0.4755964526189776,0.8651484251022339,0.3421287209837664,0.4088187505329875,-0.351252004050278,0.800936758518219,0.6099316246760252,0.3592063656324116,-0.4203700741839453,0.8479469418525696,0.34646647364526834,0.4069841508176279,-0.29887617209724826,0.7773967981338501,0.49833566983163113,0.4929350924843577,-0.041336825417264564,0.9999069571495056,0.4562043011276416,0.47668140424100763,0.040957891425091285,0.999733567237854,0.48068204323940783,0.6248033035881517,-0.10854830062981545,0.9025963544845581,0.3886779644043637,0.5005538785672025,0.07436294338455549,0.5575037002563477,0.46443585907249674,0.7570846526015597,-0.031288024380958075,0.9231235980987549,0.38240367950424453,0.553367254714257,0.3897823152382344,0.4641786813735962,0.46081521429022615,0.7739003812645516,-0.02734842262588922,0.7708780169487,0.3872607591608757,0.5637990784956586,0.41897115035119264,0.39614591002464294,0.46242786480729037,0.7979485133647115,-0.2026046070299124,0.9070801138877869,0.3679866870515741,0.5760195897552842,0.3478726129140908,0.4907021224498749
136,4.533333333333333,0.49140206948288156,0.24935496964763482,-0.35370908957229635,0.9998617172241211,0.4954337093849683,0.24266722908734906,-0.33974230633955466,0.9997804164886475,0.49817752168220053,0.2430938812471807,-0.34010335183248613,0.9997459053993225,0.5008880184805263,0.2435527618781842,-0.3400421358948623,0.9998268485069275,0.4883400177722113,0.2421810472584835,-0.3323694600375839,0.9998441934585571,0.4857199692363056,0.24225962278691654,-0.3327440261047465,0.9998572468757629,0.48289326612062655,0.2422484046884245,-0.33291744354900127,0.9998776912689209,0.5046483266471816,0.24997614975302285,-0.24372959523175772,0.9998626112937927,0.4789870577531496,0.24902578705529094,-0.19449698485284667,0.9996114373207092,0.49425957737935966,0.26101055406527207,-0.3142123221543458,0.9996820688247681,0.48719105262898194,0.26086864911402546,-0.30774025722665477,0.9996477961540222,0.5284544386383997,0.3214493963456626,-0.21198284046589178,0.9999304413795471,0.45510197915240946,0.3282316079622023,-0.07126274953284173,0.99965900182724,0.5608349632601781,0.34876354898413325,-0.28700994003965064,0.8350903391838074,0.40881415026935397,0.37377497941508364,-0.07284020236165853,0.7156733870506287,0.5764022774513242,0.34635381745647736,-0.4256778859060707,0.8296639323234558,0.36062275924879184,0.4061296802467933,-0.23316890281814726,0.7991130352020264,0.5804614557233154,0.3495584251517301,-0.4737903886044311,0.813782274723053,0.34948546615751896,0.4168963397924117,-0.2667476281832483,0.765997588634491,0.5826963042482841,0.34717408774646896,-0.49122995839642436,0.817283034324646,0.3465578108305376,0.41581908904313925,-0.30795735202750735,0.777273416519165,0.5799746326070649,0.3470404629199993,-0.4368383860570275,0.7945190668106079,0.35160352428484737,0.41320221385201494,-0.25722798257250823,0.7536946535110474,0.4957216251938799,0.4890213899026853,-0.055081558626816046,0.9999082684516907,0.454891450183221,0.4731304980253113,0.05470678743299591,0.9997462630271912,0.4785899945675336,0.6203956705888533,-0.12582370754129835,0.8997541666030884,0.3882083088485516,0.49847313466954124,0.1093931439278272,0.5083000063896179,0.4648510345158823,0.7542344830911488,-0.05038225377847875,0.9157400131225586,0.38838017395918273,0.5426054403010027,0.44925884384942194,0.41982001066207886,0.4630275847264623,0.7711293125418902,-0.04671146775750877,0.739930272102356,0.39410556687885556,0.5507451706495945,0.48176866403983587,0.36150920391082764,0.4616320826857293,0.7978270337399431,-0.21276791177084067,0.8954126238822937,0.37381492735470345,0.5641338080426491,0.42770323867090676,0.4449997544288635
137,4.566666666666666,0.49129491563369254,0.2461379188603734,-0.3254022344016654,0.9998726844787598,0.49544789580414855,0.2393818770067402,-0.31127756063104867,0.9998006820678711,0.4982302213864098,0.23981899052417785,-0.31165004971230326,0.9997696876525879,0.5009955840533888,0.2402930279645876,-0.3115993803457316,0.9998430609703064,0.4883334644221943,0.2388527792147307,-0.3023940419105944,0.9998568892478943,0.48577390680289917,0.23890116288779317,-0.3027480430851774,0.9998679161071777,0.48304683528930936,0.23885852817476216,-0.30291367310308887,0.9998854398727417,0.5050173817910445,0.24675878953022598,-0.2179852928409774,0.9998757243156433,0.4796600820618041,0.24561597118591516,-0.1641717735091731,0.9996301531791687,0.4942185456933431,0.2577499446422656,-0.2871963996322693,0.999704897403717,0.48708609615827014,0.25754062470602285,-0.2784465016371629,0.9996541738510132,0.5247896229568078,0.31752192318466904,-0.20955087295796962,0.9999352097511292,0.4566814088317968,0.3249651496380579,-0.04441261246495917,0.99934321641922,0.5419651186572392,0.34394370738584445,-0.29127014812551644,0.8502967357635498,0.41553204004429223,0.37290756102180644,-0.058399190631356936,0.658342719078064,0.5412293208988405,0.34085043931256975,-0.43119214376488885,0.845497727394104,0.3799096581380751,0.40275120803501113,-0.2613656504760751,0.7332126498222351,0.5399195082044378,0.34358805538830456,-0.47539390573190843,0.8305400013923645,0.3713803590626149,0.4137511312134745,-0.30093644677414455,0.7113873362541199,0.5417064163200884,0.34119472601509027,-0.486072673429938,0.833765983581543,0.370358469402093,0.41135498436356344,-0.3356567864767792,0.7233472466468811,0.541076047252218,0.34126589436493704,-0.4315906800219315,0.8116395473480225,0.3741838842626324,0.4081697354555118,-0.2835999143866256,0.6982698440551758,0.4929623674854743,0.485803561180006,-0.06140303608336187,0.9999087452888489,0.45401128555572196,0.4706037544362024,0.06104871060076058,0.9997089505195618,0.47741352686910843,0.6167514617096359,-0.13454617482355125,0.9067026376724243,0.3957014460392815,0.5007873654140268,0.1338612180317566,0.47219470143318176,0.46536662325555556,0.7521968734571903,-0.06553642315669153,0.921197772026062,0.40050794818106017,0.5366197581583965,0.4933950597801335,0.3830866813659668,0.46467730936917534,0.7687018184347396,-0.06299442935643498,0.7434521317481995,0.40661054985276623,0.5438604739137861,0.5283569402766897,0.3354664742946625,0.46101632981204016,0.7983922189396297,-0.22919498018408224,0.9025455713272095,0.3872253329114238,0.5577164109064299,0.4810685820135734,0.4126947522163391
138,4.6,0.48986413111004623,0.2438367472060573,-0.2913026196076727,0.9998749494552612,0.4941231935494285,0.23685655913754045,-0.2794360213591028,0.9998165369033813,0.49676225117652884,0.23729518249365594,-0.27981255879187106,0.9997891187667847,0.4994583254686422,0.23777300756441166,-0.2797615966768722,0.999856173992157,0.48770001118575546,0.23630801860993367,-0.2673700578164236,0.9998631477355957,0.48552093227113263,0.23634181852348715,-0.26771068030839595,0.9998725652694702,0.48318339286178064,0.2362835768627772,-0.2678704549254822,0.9998857975006104,0.5035394627445805,0.24426207682036752,-0.19792987493964925,0.9998871684074402,0.4807705450308302,0.2429604898277679,-0.13354069572914265,0.9996351003646851,0.4926714131873609,0.25536676359790234,-0.25787030140563877,0.999725878238678,0.4858849155771675,0.25511405482092686,-0.24506266436750693,0.9996629953384399,0.5193812501197254,0.3147355387792237,-0.21267145197262222,0.9999404549598694,0.45815995185455005,0.3208433568510506,-0.017053768718921967,0.9991622567176819,0.5201947352139316,0.33934176897647805,-0.3039104095592292,0.8652197122573853,0.4180205804286891,0.3644645503654391,-0.055783134735107265,0.620641827583313,0.5025501891234625,0.3393947294402801,-0.4280180470981384,0.8609092831611633,0.3951847411383659,0.3861962585111733,-0.29503049440440854,0.7035796642303467,0.4971233229422609,0.34524946095850034,-0.47352379878083817,0.8474037647247314,0.3888624343749749,0.3964512285646872,-0.33945851157858353,0.6996544599533081,0.4979338021676385,0.3429315183636878,-0.48031731210947215,0.8503081798553467,0.3899552785765693,0.3935143735070257,-0.3691316182757524,0.7124042510986328,0.4989199335401645,0.3422673785566595,-0.4261120912510863,0.8302746415138245,0.3926917858962088,0.39043194340977616,-0.31614692087203133,0.6848810911178589,0.49035814992429133,0.4821336893137814,-0.06619616263642344,0.9999161958694458,0.453426971598224,0.46862737398018095,0.06589496347102337,0.9997272491455078,0.476533692380117,0.6138955525400068,-0.1372527667204993,0.9151082634925842,0.4038603758866261,0.5041702950189603,0.09953409974008161,0.5150121450424194,0.4657222714598766,0.7511030016514593,-0.06857050570673191,0.9286292195320129,0.42696025903197454,0.5389069906663088,0.4329663825155932,0.42094436287879944,0.4656504192882591,0.7669494673211463,-0.06655171123110074,0.7647490501403809,0.4322928570545734,0.5444897756218872,0.46555748735001806,0.3805673122406006,0.4600583304064528,0.7998992559559023,-0.23402164551292598,0.9116951823234558,0.4234057130398787,0.5620590824644339,0.4093159656641156,0.4586750864982605
139,4.633333333333333,0.48805583579489603,0.24235962756199828,-0.26461080062009545,0.9998730421066284,0.49240022268981737,0.2350066964033915,-0.25543118411879223,0.9998299479484558,0.49488259006641816,0.23541844713945934,-0.2558126029332388,0.9998059868812561,0.49754518512912604,0.23587042224118604,-0.25576061158058466,0.9998675584793091,0.4867648274617516,0.23447880792906356,-0.24064103194301956,0.999866783618927,0.48499756703342584,0.23450237673825378,-0.2409727956005663,0.9998748302459717,0.4830642022570144,0.23443174540652098,-0.24112704532813367,0.9998841285705566,0.5016358351609255,0.24230966020205308,-0.18659146703124688,0.9998974204063416,0.4816090686205374,0.24091552813464898,-0.11314600488885572,0.9996398091316223,0.49078829163001947,0.2537797608555747,-0.23624155430189464,0.9997450113296509,0.4843423166971558,0.25352531893715247,-0.21990180653771757,0.9996719360351562,0.5135842428437326,0.3127152893644235,-0.2209666254170755,0.999945342540741,0.4591444705546508,0.31720775116869515,0.00061605717164636,0.9990549087524414,0.5020055985823579,0.3355729611169528,-0.32008922350980945,0.8786290287971497,0.41988348570791956,0.35518026812266756,-0.057581933625450575,0.5896359086036682,0.47099521566902014,0.33947969969638336,-0.43122274945426126,0.8747605681419373,0.4075927709096935,0.36660348573276474,-0.31014096134091906,0.6895588636398315,0.4627326588255376,0.348059493693573,-0.47961743941573187,0.8625533580780029,0.40334701013996727,0.3754282850767314,-0.35671478495690506,0.6997003555297852,0.46253622731246424,0.34590301066241386,-0.4823374262176503,0.8651685118675232,0.4060173072706296,0.3720853626748931,-0.38293901954702536,0.7124947905540466,0.4648264267093931,0.34459145481738507,-0.428391687119765,0.8469815254211426,0.4077003517397717,0.36943287409250797,-0.3303118756872023,0.6828013062477112,0.4881072272246456,0.47901586062149215,-0.07076779868975946,0.9999233484268188,0.45316496797672334,0.4671072539734542,0.0705071701935189,0.9997468590736389,0.4756753197504723,0.6116488655464927,-0.13791449715341253,0.9225488305091858,0.41063051740185225,0.5061623898403282,0.08591521121892609,0.5482407212257385,0.4660379590825168,0.7504723580315525,-0.07108143525228147,0.9353559613227844,0.4491127398772634,0.5420211035121727,0.39701093556392536,0.45274263620376587,0.4665186634628857,0.7655752887853352,-0.06953391655072336,0.7852866649627686,0.4537437387796283,0.5460905456062379,0.4274792582559532,0.422054260969162,0.4591946668006528,0.8016542038911804,-0.23829951061836005,0.9200059175491333,0.453623600183635,0.5670945897530643,0.36680494182146844,0.498526006937027
140,4.666666666666667,0.48461100375429444,0.24246347474684365,-0.16225784726889025,0.999748170375824,0.48808553278955535,0.23446420202980195,-0.16359308282449833,0.9997137188911438,0.48974859256695524,0.2347052598635896,-0.16396215349121648,0.999689519405365,0.4915863724595354,0.2349594033444065,-0.16393371251382705,0.9997905492782593,0.4855289110415261,0.23417232833214166,-0.14782727211928015,0.9997469782829285,0.48395450173117815,0.23422635949390153,-0.14814468881581289,0.9997556209564209,0.4823666622549813,0.23418657821794342,-0.14827732888096845,0.9997838735580444,0.4951739734924682,0.24102159080534166,-0.1405837925149258,0.9998561143875122,0.48243763417666635,0.24032439827069407,-0.06457805501195564,0.9993637204170227,0.4864969516229443,0.25354542629343124,-0.14979537529385153,0.9994214773178101,0.4827439117765666,0.2536157518843591,-0.1318233004908903,0.999221920967102,0.49965922600104806,0.3103127040631622,-0.19044618303494662,0.9999481439590454,0.4705293141237902,0.3176657876002904,0.0272355649757244,0.999093234539032,0.47636408160754334,0.33464604718131996,-0.2614303919769689,0.8804593086242676,0.4370119279573961,0.36399450419713747,-0.015784490242072815,0.5333114266395569,0.4485848173939561,0.3454413390644902,-0.32078488936262434,0.8433182239532471,0.4240425689066166,0.38042511020452957,-0.21401173424520614,0.6239715814590454,0.44223971560266395,0.3561500878544938,-0.3575507757526805,0.8228278160095215,0.4200006851068142,0.3894138673732489,-0.2481688006510899,0.6344001293182373,0.44351484002402686,0.35403725778016154,-0.358758329582592,0.8241209983825684,0.42007521781270535,0.38652909080099773,-0.27217399789003877,0.6457793712615967,0.44546290296996394,0.35189519517995843,-0.31672674901863235,0.7967554330825806,0.4212370265467107,0.38350428729333025,-0.23156548467069313,0.6188601851463318,0.4817130475564191,0.4779159724691181,-0.07089255436458665,0.9999268651008606,0.46208703124582007,0.46753789153563063,0.07059632589916662,0.9997602701187134,0.4747622950026881,0.6104080872245645,-0.1181209011119342,0.9282938241958618,0.44073861248644347,0.5060198528089217,0.11072128183049103,0.5281509160995483,0.4659310007991367,0.7498997838945356,-0.08091128520584076,0.9402874112129211,0.4692565300398056,0.5480677722257189,0.376664577256884,0.459571897983551,0.4669116061022991,0.7645479688738432,-0.08204156958706885,0.8037100434303284,0.4705618023099156,0.5517796316150274,0.40322428357776047,0.4463772773742676,0.45940311402736106,0.8012252375127693,-0.23354681028935317,0.9194222688674927,0.4715803467097106,0.5754561350086348,0.35197420749474434,0.477338582277298
141,4.7,0.482851346027022,0.2428240272969087,-0.07510837523086233,0.9996697306632996,0.48539314139898315,0.23425206758753964,-0.08233751311963639,0.999622642993927,0.48616870299473675,0.2343399928803034,-0.08269342150804389,0.9995847344398499,0.4870329067810586,0.2344208378527559,-0.08268654780080198,0.9997270703315735,0.4851543304593421,0.23416215679514543,-0.07096221306618952,0.9996722936630249,0.4841616841468618,0.23424112868778038,-0.07125990223536839,0.999679684638977,0.4833282503325198,0.23423480204243174,-0.07137232090839374,0.9997137188911438,0.4889442261776974,0.24015477652124095,-0.08900255544298394,0.9998248815536499,0.4845681204961091,0.24049104732018028,-0.033039958423302256,0.9991618990898132,0.48381589089722016,0.25361091002907893,-0.07303865201623977,0.9992616772651672,0.4823887541523297,0.2541179564166661,-0.060515585385787565,0.9990310072898865,0.48506573360991684,0.3085432199094885,-0.1398356007187546,0.9999486207962036,0.4797614240223679,0.31910683653488026,0.025818199359951836,0.9991307258605957,0.4564047861875084,0.3395658791698107,-0.2019733471063437,0.8153712153434753,0.4526802425585661,0.37388014132800873,-0.051561027946706986,0.4889734983444214,0.44174241078119125,0.3551526634472068,-0.25175872094753576,0.7723814845085144,0.4392384362791739,0.3870167085210998,-0.24217006382985612,0.5653935074806213,0.4367886622429557,0.36665970000491377,-0.2824621240575819,0.7559913396835327,0.4357273207512681,0.39480061557866286,-0.2772520514527217,0.5757195353507996,0.4380695420183004,0.3644690272311123,-0.2874814031629263,0.7567146420478821,0.4340835488622534,0.39183960101838466,-0.29480886254469574,0.585774838924408,0.4401666183180646,0.3612833012965512,-0.2502469000014845,0.7273762226104736,0.43457611205533175,0.3889250682581274,-0.256950931599096,0.5600665807723999,0.4743474191366015,0.478347572304306,-0.050853461425025316,0.9999314546585083,0.4691349199016924,0.4689974163176897,0.050545009959864204,0.9997777342796326,0.47312819561898745,0.6113351001373618,-0.08293357336220906,0.9273740649223328,0.47261345370310376,0.5050985413255946,0.0919459216862805,0.5318686962127686,0.4660919026533409,0.7497747370593825,-0.06699854453692762,0.9428609609603882,0.4834527885799257,0.5559394531234478,0.3176410888873996,0.4714890420436859,0.467324420735811,0.7649417403387848,-0.07059313367803532,0.8172668218612671,0.4809189685223839,0.5574144325865621,0.34038456095396263,0.45787039399147034,0.45980871673454204,0.79898588541903,-0.20249966926945892,0.912626326084137,0.4818918798592713,0.5838399888949204,0.3033647592977298,0.4656899571418762
142,4.733333333333333,0.48263208482786657,0.24343932226372195,0.0013987511519511359,0.9996018409729004,0.483781224308696,0.2344127087450887,-0.011049706674678715,0.9995208382606506,0.4836824625837398,0.23435340820365444,-0.01138984226651095,0.9994701743125916,0.48370142486619416,0.23428092071326206,-0.01140385787753663,0.9996604919433594,0.4859303394463591,0.23448918886315662,-0.0028431817123402425,0.9996048808097839,0.4860109975816839,0.23457015423419098,-0.0031252657193680533,0.9996140599250793,0.4863571742102637,0.23458529956157945,-0.0032208447303653104,0.999662458896637,0.48428142375608585,0.23966790219425183,-0.0439732011981645,0.9997823238372803,0.4885785682879541,0.24089947245114657,-0.0027149821210020707,0.9989789128303528,0.4823898861757206,0.2539770988670824,-0.0057135082676732785,0.9990342855453491,0.48343595437248943,0.2548594907811945,0.002913502786340942,0.9987918138504028,0.4738108191547821,0.3072020190169152,-0.09704362703877993,0.9999488592147827,0.48912280624187654,0.32049137140732054,0.024796480110908067,0.9991811513900757,0.4409510247594798,0.3444585011410099,-0.13860549102852499,0.7591224312782288,0.46707069566930165,0.3819936554272044,-0.0655366472060822,0.44728878140449524,0.4382255560886726,0.3626170079368969,-0.1589341881527372,0.7009643316268921,0.45255737832675613,0.3936155241481111,-0.23453595946225284,0.5116965770721436,0.4365466913193119,0.37427804905848816,-0.18048895104662024,0.686531126499176,0.4490247950875539,0.4001017117155577,-0.2664393895980719,0.5213086605072021,0.43863240913099877,0.3718124386112696,-0.18834823540303824,0.6869393587112427,0.44586195744917784,0.39719396816232677,-0.28023331508087146,0.5302890539169312,0.4398676109649867,0.36829286153421303,-0.15881540468165292,0.6594031453132629,0.44608242732263315,0.3945582221268992,-0.24706235808513774,0.5065711140632629,0.46908213191297615,0.47962769162212915,-0.03485555337484788,0.9999363422393799,0.47716852040268637,0.4708350232556,0.03453577167917794,0.9997959136962891,0.47152564529824315,0.6140532329742734,-0.05412232808610866,0.9274495840072632,0.49905965746853814,0.5034293918971227,0.0773362389227224,0.5344361662864685,0.46691889990595714,0.750031462979722,-0.05496084636069082,0.94452303647995,0.49492665160646676,0.5632342086760513,0.2684966967124419,0.4793894290924072,0.46828003890073505,0.7661815158873182,-0.0600631726826652,0.8298450112342834,0.48969504934758634,0.5624553207696461,0.2879893032531208,0.4712979793548584,0.4618702832974927,0.7972170022709629,-0.17522263615416542,0.9020748734474182,0.4899370033250506,0.5920466482598904,0.26333620522702883,0.45106905698776245
143,4.766666666666667,0.48183548884478333,0.24380101861383752,0.06543104587331393,0.9996155500411987,0.48188255839716904,0.2342613375770622,0.04972308402913362,0.9995225071907043,0.48105094024161404,0.23408084648326766,0.049409103876828106,0.9994707107543945,0.48036339244955123,0.2338857027547161,0.04938712062282577,0.9996621012687683,0.48558785915632663,0.23448683413919413,0.05410214150887849,0.9996164441108704,0.4863045950475061,0.2345686509097239,0.05383033707627919,0.9996272325515747,0.4873190941906692,0.23460424648816636,0.05374916934230699,0.9996741414070129,0.4797755059610749,0.23905903154278027,-0.0020855065293632485,0.9997860789299011,0.49017618359311244,0.2410543657540153,0.021874241809372526,0.9990206360816956,0.48037669059453164,0.25407254817011177,0.05187630692728471,0.999057948589325,0.48320420190981567,0.2551239119015579,0.05563884382132144,0.9988297820091248,0.4641082249246325,0.3062075344484732,-0.05396011559217117,0.9999514818191528,0.49545611942436674,0.3215291652441909,0.02262745611082106,0.9992481470108032,0.4353133746661781,0.3519795110678777,-0.07884055587541988,0.7339823842048645,0.4811941324133364,0.3867377894207888,-0.07070532592692151,0.45237797498703003,0.4399229301645156,0.36866384014113934,-0.07987249498975744,0.6392698287963867,0.4628168626147547,0.3982194396296981,-0.19827953076438898,0.4628463685512543,0.4397691355463414,0.3802355692716077,-0.09331642087763495,0.6260799765586853,0.4582954601964274,0.40387082758785586,-0.22476741809125075,0.4709572196006775,0.44223454769632764,0.37664722175062604,-0.1021307270899292,0.62595134973526,0.4547780785013298,0.40097777714485405,-0.23524467453181264,0.4789210557937622,0.443036322412373,0.3732369722276878,-0.08045741191486089,0.5997501611709595,0.4553267856059151,0.3983747911294975,-0.20834539561892101,0.45738235116004944,0.4641272436911617,0.48043410300914535,-0.019359375053467125,0.9999409914016724,0.4832026638878409,0.4719567649594577,0.01904089739339611,0.9998121857643127,0.4687747473515337,0.6158878772933172,-0.02772119904724636,0.9271920919418335,0.5192952573097724,0.5018355512965964,0.0551861453418477,0.5525702238082886,0.4669896323907516,0.7510897516881481,-0.04228224674973564,0.9469252824783325,0.5009210204237291,0.5702943100780571,0.2173830961363546,0.4963538646697998,0.4687487774731014,0.7674406993425369,-0.04835688295652197,0.843911349773407,0.4945670088226291,0.5679160111690549,0.23422056835804947,0.49514979124069214,0.4636406219902429,0.7973779544695703,-0.14639122961842313,0.8982427716255188,0.49122236334683084,0.6012214912850309,0.22132837056762092,0.44769179821014404
144,4.8,0.4822819534136717,0.2440383945416536,0.0871229002975963,0.9995293617248535,0.48117640910587217,0.23412927250340093,0.07562546266093817,0.9993201494216919,0.4798626606717884,0.23385764924728988,0.07532753220072685,0.9992550611495972,0.47867565382515775,0.233573926077327,0.0753212192606516,0.9995024800300598,0.4856040185272891,0.23447884126695356,0.07182194318792376,0.9995165467262268,0.48653319972344183,0.23455840803375003,0.07155279529105268,0.9995546936988831,0.4877089704110637,0.23460174193125988,0.07147258021715676,0.9995936155319214,0.4769445454212575,0.2385833822481352,0.03565640226361724,0.9997209906578064,0.489989982205996,0.2410270960114928,0.02797415647208846,0.9989228248596191,0.4802543846505737,0.2541302890753171,0.07802900558687306,0.9989251494407654,0.4838656935168473,0.2552895659785243,0.07122277396278673,0.9987034797668457,0.4604915673673451,0.30572268285652904,0.0059134271842003205,0.9999476671218872,0.4956952905824937,0.3202615149034278,-0.0051105408909750474,0.9992852807044983,0.4350545246579833,0.3603207373350387,-0.023414885797707653,0.6692559123039246,0.49292467921023175,0.38756865791093076,-0.10935264651477561,0.4837549328804016,0.4462863636146484,0.38160199150070456,-0.057784299606382886,0.5819064974784851,0.4741168378516716,0.402315338870907,-0.2132959614997691,0.4662865698337555,0.4458335734640789,0.39320841598788064,-0.07075508946029718,0.5743024349212646,0.4695601660058684,0.4074172655467846,-0.24226149091723187,0.46900227665901184,0.44874362246140914,0.3883974913370781,-0.08208560686015541,0.5740180015563965,0.46625267025352995,0.403965912923215,-0.2458223906541713,0.4732653796672821,0.4495725676396969,0.38479671017269534,-0.060842716439668904,0.5486701130867004,0.46663252054018317,0.4016575221174837,-0.21946356628652353,0.44048959016799927,0.46143471425160415,0.48092850532991344,0.0061820313937762765,0.9999445676803589,0.486009546151514,0.4727015606133223,-0.006504851835212076,0.9998252987861633,0.46673136046670705,0.616994538387111,0.0016136383983088032,0.92026287317276,0.5316082023393127,0.4990302891484616,0.02547770793372095,0.5815576910972595,0.46688445806808554,0.7524152321176829,-0.021338856190285513,0.9489161372184753,0.5084806933267298,0.5735471041652984,0.17364367346033263,0.5267223119735718,0.4688943637030331,0.7690722018035073,-0.028499670227288755,0.8529802560806274,0.4975754342575221,0.5705889452546495,0.1890525863802323,0.5128678679466248,0.4655426659479207,0.7985637345413068,-0.11813119685836912,0.9003605842590332,0.49490552842685864,0.6064714419302343,0.18164782014969993,0.4709888696670532
145,4.833333333333333,0.48267764989717443,0.2441932272601242,0.09235968698039522,0.9995083808898926,0.48058697290009517,0.2339641582226653,0.0853564663525549,0.9992730021476746,0.47899553684679624,0.2336313107255211,0.08506812853966786,0.9992005228996277,0.47751875493698287,0.2332940212395754,0.08507554168609227,0.9994635581970215,0.48517308516021634,0.2344171501127181,0.07475817735106324,0.999503493309021,0.4861218334248645,0.23449259842832648,0.07448499936876654,0.9995486736297607,0.4872768928375061,0.23453179257385978,0.07440117439443762,0.9995834231376648,0.474915641496162,0.2382077382983664,0.06079927571616659,0.999708890914917,0.4886438611677171,0.24083320425999624,0.021147053398844852,0.9989342093467712,0.4803329887168767,0.2541608376484524,0.08882501675132477,0.9989158511161804,0.4841528686849428,0.255400762166832,0.07324855181600132,0.9987108707427979,0.4584099537894102,0.3053553315548643,0.05511629886359562,0.999943196773529,0.49402592711111754,0.31782218816116303,-0.0325160439728058,0.9993095993995667,0.4407314968486673,0.3660300282670484,0.029479095031256477,0.6092160940170288,0.5010999500017336,0.38779443509336053,-0.14338787518847657,0.5118399858474731,0.45612608517036346,0.3899001558883734,-0.03190261026913179,0.5317036509513855,0.4840644442296807,0.4042440248209468,-0.2280275743382894,0.46716251969337463,0.4554217157125362,0.4010300341923975,-0.04393466331049045,0.5302001237869263,0.48098677448404686,0.40910808756858696,-0.2588357025623376,0.46634986996650696,0.45820048704036787,0.39547629595931927,-0.05835254170353326,0.5296969413757324,0.4774039657048143,0.4054744318965301,-0.25791831777457197,0.46699970960617065,0.4593749297827472,0.3918120926527391,-0.03749861859610572,0.5052474141120911,0.47699315361197764,0.40328641261455755,-0.23157176447325195,0.4252321720123291,0.4591285891737997,0.481313541399631,0.027865777833039236,0.9999485015869141,0.4863433276507832,0.4730740808010845,-0.028198924119866853,0.9998384714126587,0.4645937534846782,0.6177212258239558,0.02290301528172747,0.9193101525306702,0.5405244623578754,0.4957829402528714,0.0035125064513707553,0.6119070649147034,0.4662604332764822,0.7534785097864185,-0.0068246711558185204,0.9521089792251587,0.5146097381487088,0.5752342290602516,0.1402243703054246,0.5626726150512695,0.46842084831964514,0.7705650590516848,-0.014872237960099056,0.8629958629608154,0.49969011041043615,0.571964665834425,0.15441274777427108,0.5362199544906616,0.4664310531073138,0.7999437698550927,-0.09984375617779973,0.9063977599143982,0.4970642299152906,0.6098230220337012,0.14998187002322222,0.5069289207458496
146,4.866666666666666,0.4843160999217987,0.24427685156576387,0.058458049738124664,0.9994550347328186,0.48176361555382363,0.23383067202872307,0.058449717631577434,0.9992399215698242,0.48022510070807384,0.2334509373546547,0.058147413223116756,0.9991616010665894,0.4787589021037641,0.23307516261408123,0.05815374826509833,0.9994527101516724,0.485753036873628,0.23436305779906322,0.0403962355608775,0.9994675517082214,0.48648055833350634,0.234432803958582,0.04011056075941213,0.9995121359825134,0.48736594724660015,0.23446755020999843,0.040002152681576794,0.9995561242103577,0.47584566446293924,0.2379159923162948,0.06528254119482813,0.9997110962867737,0.4877999713151848,0.24064742578501794,-0.013604962447446443,0.9989042282104492,0.4819060391074481,0.2541780741561665,0.06496177523965146,0.9989964365959167,0.48519107349973,0.25548258214343644,0.03917932881004017,0.9987977147102356,0.4597910614376234,0.30630199869043906,0.08081800944166376,0.999947190284729,0.49109835934589535,0.31576032338944965,-0.0810978928073253,0.9993749260902405,0.45770355609610325,0.3696660518784174,0.08001023825719872,0.6130788922309875,0.5030736615359426,0.3814472797212404,-0.2226166535044023,0.5566277503967285,0.48316190737732617,0.3951559030427088,0.016722388139886888,0.572550892829895,0.49237073760422717,0.39768819007831113,-0.336514091153284,0.5178545713424683,0.48541127546248725,0.40567408175743946,0.009167704901458115,0.5698832273483276,0.49029049378572365,0.40214439240533634,-0.3807974221086285,0.5161094069480896,0.4882318374254283,0.40073156597461346,-0.015147389922378397,0.5706104040145874,0.4884746590695207,0.3976967803347974,-0.3746030603311263,0.5162638425827026,0.4878010849917702,0.3973200947122675,0.006780507164486558,0.5477169156074524,0.487941434006425,0.3960266530656713,-0.33914985144565013,0.4724140465259552,0.4608481676501551,0.481535518597598,0.05267974224868227,0.9999508857727051,0.4825202771858361,0.4743226482536261,-0.05291546984781398,0.9998528361320496,0.46594044263853657,0.611639694658724,0.10526632622954935,0.8351625800132751,0.5281421062841934,0.520028219322376,-0.051219550602793734,0.6500819325447083,0.468191305455858,0.7279219163981373,0.15236629049627012,0.8737084269523621,0.5055771583801797,0.6121837060400972,0.0574928326672231,0.6054584383964539,0.4702456096353162,0.7487346219979294,0.15198953805789872,0.7953149676322937,0.4920506632474371,0.6119739360023729,0.06791335408066818,0.5701268911361694,0.46920968018307735,0.773126443322807,0.08115891198262462,0.8405755162239075,0.49481124700852513,0.6512509323679505,0.034347276782238256,0.5537076592445374
147,4.9,0.4874740659863548,0.24393983916149328,0.009804382441004275,0.9994859099388123,0.4852621108069287,0.2334076596670931,0.017685253003560664,0.9992955327033997,0.4842059847467095,0.23306832653356996,0.01738446238125753,0.9992198944091797,0.48320309226419844,0.23273163055432594,0.017405781671804975,0.9994944930076599,0.4875540328683884,0.23386858953132073,-0.0029375485248667316,0.9995039701461792,0.48761958525204113,0.23393432881447473,-0.0032523896605912636,0.999541163444519,0.48775407214631844,0.23396742783978292,-0.003392766574844816,0.999582052230835,0.48048240124324904,0.23758439141633134,0.06509153111599056,0.9997248649597168,0.48663116361492226,0.24003886013770528,-0.03431609527319561,0.9989496469497681,0.4856201896425145,0.25383605303146284,0.02861122146499019,0.9990614652633667,0.48723988295313464,0.25511483832275134,-0.0008190806068634898,0.9988495111465454,0.46741840246322436,0.3079190421224761,0.10745488620402652,0.9999480247497559,0.4881490632259142,0.31421383792425533,-0.09905764971978251,0.9993101358413696,0.47715728404237656,0.37223791779800297,0.13342694957073664,0.6347537636756897,0.5088480812209442,0.3770772462250816,-0.23744976165450402,0.5502384305000305,0.5119847906714241,0.3999200204869522,0.06608393452918548,0.6112834215164185,0.5110852633592982,0.3934295911008112,-0.34006868360562337,0.5002473592758179,0.5166656064722617,0.4118184087458995,0.06229064400476179,0.6079654097557068,0.5118396738277358,0.3983267902906722,-0.3931074601919194,0.49635037779808044,0.5195822374348774,0.40766647719265164,0.030025051694008178,0.6094351410865784,0.5102588965170796,0.3928760675131955,-0.3841840718281312,0.49638229608535767,0.5180811706319923,0.40367370467868535,0.0529486631079001,0.5878371000289917,0.5089801972758083,0.391043920149048,-0.3409365604803082,0.44710230827331543,0.4675247620178379,0.48298100706310015,0.06652438255890121,0.99995356798172,0.47678658038631905,0.4755460776258542,-0.06671640819748624,0.9998587965965271,0.4706400862026231,0.6111764983917147,0.12444601661453464,0.8433127403259277,0.5164761043792142,0.5280793577698716,-0.17325240552676857,0.6844984889030457,0.4686051952157248,0.7280227244547008,0.170669927901759,0.8832058906555176,0.496941068354509,0.6219013250759754,-0.05801406064831091,0.6356016397476196,0.46926481326359504,0.7475976919305826,0.17083866146154586,0.8039757013320923,0.485634855996801,0.6216645430857737,-0.04680453885666236,0.5835319757461548,0.4715791039389164,0.7730366066748416,0.11691348960178397,0.852229654788971,0.49112004691451416,0.663329286224088,-0.09874671235123479,0.5897678732872009
148,4.933333333333334,0.4894562280244108,0.24364867717550168,-0.01979188377881383,0.9994370341300964,0.4875348340382475,0.23307162416136362,-0.007083954487437146,0.9992372393608093,0.48691214968469104,0.23276773130910558,-0.007389451081159293,0.9991405606269836,0.486316722789717,0.23247404759535978,-0.007358530657404716,0.9994652271270752,0.4884259202008371,0.23347478632334673,-0.027765743097707626,0.9994411468505859,0.48804795782595806,0.23354048728159688,-0.028094933100475384,0.9994676113128662,0.4877028607580461,0.23357430319668576,-0.02825221184654207,0.9995083212852478,0.48387284268058794,0.23735231927872305,0.06272350014689695,0.9996738433837891,0.4856889337028796,0.23955432370799346,-0.04274346140683717,0.9986426830291748,0.48836216563801094,0.2535625197689233,0.006036946678575728,0.9990689754486084,0.48873967868177426,0.25481639507045295,-0.02361926329730094,0.9987770318984985,0.47625447976227275,0.31004337076126925,0.12022420140277872,0.9999470114707947,0.4848601732337841,0.31305921044090174,-0.10427638309033174,0.9991950392723083,0.494496265514777,0.3744607204230114,0.15927153998850535,0.6657490134239197,0.5063030060920881,0.3690629021826225,-0.26430656136997416,0.5698052048683167,0.5358131502997175,0.404076490688368,0.08904603308225388,0.6489060521125793,0.5087631961576559,0.3683706862204176,-0.407985983094457,0.5385386943817139,0.5422380507502467,0.4167967141089012,0.08721632106144633,0.6451219916343689,0.5113038123586353,0.37085767227313904,-0.4686983819709899,0.5310949683189392,0.5449419528028252,0.41350140619997006,0.049328972056787976,0.6468812823295593,0.5092046277981775,0.36523233675608163,-0.45925154329200096,0.5312785506248474,0.5427455141098302,0.40926117366375947,0.07358142288571196,0.6270679831504822,0.5084796019457551,0.3653139322199753,-0.4101302510101721,0.4787290692329407,0.473077497752443,0.48472301446452254,0.07195325426977642,0.9999484419822693,0.47109614823842194,0.47649194023922675,-0.07212446113776377,0.9998408555984497,0.47496527426890006,0.6116152858184167,0.10508520142121165,0.8416973948478699,0.5059788725831443,0.5324326256712071,-0.2558633544551401,0.7096933126449585,0.4678664636038623,0.7323528450650391,0.17106100608014177,0.8888481259346008,0.4914187866261347,0.6289558301193356,-0.10840767870099491,0.6403945684432983,0.46703349368922387,0.7508202672569383,0.17095434449625777,0.7927140593528748,0.48150882323851835,0.6326215876059684,-0.09453510255483757,0.5580981373786926,0.47234068623025005,0.7770396170285305,0.09355924121226036,0.858368456363678,0.4879946594923028,0.6706547449152256,-0.16507136497815844,0.6005997657775879
149,4.966666666666667,0.49014298558326563,0.24432862366811442,-0.05830309612453534,0.99947190284729,0.4890152362044876,0.2340953032482884,-0.041554987697694994,0.999278724193573,0.4889087916075737,0.23385904996728746,-0.041858739801708955,0.9991734027862549,0.4888264637259539,0.233642645055069,-0.04181568219400257,0.9994874000549316,0.4885148554720309,0.2343570466916148,-0.061054653290157995,0.9994761347770691,0.4877502908455025,0.23438408662082527,-0.06139314679136866,0.9994998574256897,0.48699291016064905,0.2343627898011847,-0.061561481177434076,0.9995406866073608,0.48712541209029947,0.23859876237424238,0.04448748906621772,0.9996597170829773,0.4845553070160192,0.24018129128201324,-0.053657982972967186,0.9987176060676575,0.48978177697348313,0.2543361133554126,-0.025969072356855333,0.9991292953491211,0.4889096415572181,0.25545073074629027,-0.054165105594769336,0.9988552331924438,0.48492192615562196,0.31463077537852535,0.11744495697480553,0.9999430775642395,0.4806270208027714,0.31324775848778963,-0.10621836974273918,0.9992268681526184,0.5120937173903569,0.3775973997643268,0.16776502833600568,0.6958189010620117,0.5036871481500813,0.36428801546511413,-0.2731994615864589,0.5980380177497864,0.5589782921525756,0.40932721437243474,0.07170571868748797,0.682195782661438,0.5114046662376484,0.3538409735525931,-0.4447353120266335,0.5814331769943237,0.5672154849150122,0.42287586002070776,0.06735480634240983,0.6777510046958923,0.5181350701947829,0.3567681154418698,-0.5107127784343183,0.5734893083572388,0.5697164963345311,0.4205312297894968,0.025391920134492985,0.6798526048660278,0.516998179203165,0.35268872445512384,-0.5024629859036601,0.573665201663971,0.5665442395119431,0.4159289789736335,0.054275049855858154,0.6613298654556274,0.5155524451200532,0.3527354160387881,-0.4480699743927006,0.5226091742515564,0.47791785596515,0.4864978227840441,0.07083242288760062,0.9999441504478455,0.4672560107355795,0.47711799993373405,-0.07097226938554414,0.9998359084129333,0.47723547178036263,0.6154429040418958,0.08040115577537604,0.8496912121772766,0.4863195244801683,0.5296267485529367,-0.3152957680341817,0.7332025766372681,0.46839997088344276,0.7374210077385401,0.16450793022488902,0.8972061276435852,0.4790271299702701,0.633280922373645,-0.13935814183226086,0.6425531506538391,0.4657623878593701,0.7553476568273588,0.16580276487562456,0.7911046743392944,0.47285206230760507,0.6372979280890185,-0.1232252598828333,0.5354808568954468,0.4733790240630667,0.7827306348322218,0.06425155015846622,0.8672287464141846,0.4767520393508834,0.6739586411333678,-0.2078968362890976,0.6058332920074463
150,5.0,0.49087013753781994,0.24777875868826665,-0.10439230008836571,0.9995136260986328,0.4903175487018621,0.23758958120593354,-0.08487013924388309,0.9993287920951843,0.49041610462001634,0.237391133917693,-0.08519093739834332,0.9992284774780273,0.4902186732963547,0.2372077244775687,-0.08514256552688218,0.9995217323303223,0.4887592839350819,0.23787327323533253,-0.10196422644922756,0.9995086789131165,0.48764290521612497,0.2379339608908284,-0.10230676353978382,0.9995301365852356,0.486472978870915,0.2378970625445231,-0.10248391025146898,0.9995644092559814,0.48833707380253105,0.2423738421534884,0.014272761085657504,0.9996775388717651,0.48342555932266584,0.2437514166495902,-0.07108382827044929,0.9987637996673584,0.49100027858427,0.25825315683407435,-0.06681886464402284,0.9991955161094666,0.4892280361798547,0.2593721600082074,-0.0918046714489944,0.9989197850227356,0.49432220415796835,0.321327604633895,0.09293099317836734,0.9999444484710693,0.47726602284833064,0.31654863164272695,-0.10870041792773073,0.9991517066955566,0.5306979741935479,0.38133926382501876,0.1387101808418646,0.7248761653900146,0.49851094159573356,0.36146720084417694,-0.28898447135573296,0.6209476590156555,0.5807247262557531,0.4152108140317714,0.039859649097134894,0.7129275798797607,0.5078913830156849,0.34368590406856614,-0.49419593716201293,0.6106441617012024,0.5905146323556959,0.4295581903476277,0.033348319290958175,0.7077945470809937,0.5145649320915779,0.34584932138316665,-0.564359633579067,0.5976374745368958,0.5930457867523042,0.4278359974100165,-0.01014558344287015,0.7101460695266724,0.5138906373620097,0.34150757583949565,-0.5576468439207807,0.5984964370727539,0.5889970454217712,0.4230726422198532,0.021637236429017635,0.6930260062217712,0.5127643459290478,0.3425057500366526,-0.49940508378593745,0.5459280610084534,0.48044898917505924,0.4907334971930474,0.06343261940765588,0.9999313950538635,0.4644412629322607,0.4787332576605108,-0.06356865175267806,0.9997943639755249,0.47893513161894524,0.622174573018381,0.06253260285387797,0.8563534617424011,0.46567436505854076,0.5290529581470401,-0.3238184473624184,0.7502784729003906,0.46909701641594603,0.7464328982049494,0.16027769033083403,0.9037734866142273,0.4495759756452241,0.635891079312285,-0.14921034289413798,0.6563365459442139,0.46552164483314207,0.7644386948786712,0.16228371064363478,0.7861549258232117,0.4448131613047634,0.6419052271062164,-0.12778666006213832,0.5286328792572021,0.4738154443368447,0.790002236599985,0.04332486112253389,0.8738385438919067,0.44316238221476123,0.6753399640456272,-0.21101586360541535,0.6215142011642456
151,5.033333333333333,0.49014975118762594,0.25148781700138595,-0.14324044706372602,0.9995515942573547,0.4902797542772867,0.24145891699612332,-0.12294047292035931,0.9993729591369629,0.490921648965019,0.2413042460847183,-0.12327483548301343,0.99927818775177,0.49130781994461636,0.24117668812385634,-0.12322251557515941,0.9995524883270264,0.48726343755964097,0.24177413198565548,-0.13568271970589485,0.9995389580726624,0.4856982941776613,0.24186140495316374,-0.1360285059308052,0.9995588660240173,0.4840537757996025,0.2418303595154501,-0.1362095798487349,0.9995893239974976,0.49020388794657654,0.24638490589918827,-0.015776788416418067,0.9996901750564575,0.48056282268654504,0.2475205552905521,-0.08078969560991049,0.9987893104553223,0.490969392012825,0.2623887783353134,-0.10230074600668301,0.9992497563362122,0.488103295932456,0.2636415016876001,-0.12146237742400703,0.9989703297615051,0.5023276114827853,0.3274131255859568,0.06280812311039334,0.9999465942382812,0.4709237956280757,0.31975387496238833,-0.09436565054529492,0.9991146326065063,0.5454298261536518,0.3845004675999553,0.0993390742857014,0.749038815498352,0.48789705040908327,0.3659091436903452,-0.2639254566264374,0.5889670252799988,0.5973449314033943,0.4195543059948649,-0.004631276663344182,0.7368032932281494,0.5020099214258118,0.35063448601245384,-0.5076537766037197,0.576957643032074,0.6083199678334998,0.43455123170388443,-0.016204983306647606,0.7290212512016296,0.508486136154936,0.35281880445019,-0.5963990899706594,0.5673165321350098,0.6108285439964125,0.4333534873382958,-0.058891402420217995,0.7325438857078552,0.5083626931260133,0.34737118600299566,-0.5671183552174748,0.5700910091400146,0.60619429372803,0.4284692156786208,-0.022774226925598443,0.7148593664169312,0.5074313034618189,0.34803491875097553,-0.5279660282139917,0.5173404216766357,0.4826305934713806,0.4948536995315145,0.04811936065330095,0.9999239444732666,0.4590054253666257,0.4804973494008177,-0.04827200133205605,0.9997726678848267,0.4800628801135963,0.6279729431900746,0.03826209239153646,0.8543003797531128,0.44734974271310624,0.529865702531388,-0.29163938509318765,0.740588903427124,0.46862250154084456,0.7542859513483948,0.14233420525168103,0.9017508029937744,0.4235182664328965,0.6379360879905395,-0.10840274897252092,0.6465846300125122,0.46447983762014655,0.7722913270898619,0.14446320140440455,0.7574813365936279,0.42115535117742997,0.6463644429183957,-0.08813315957704124,0.5066804885864258,0.47262105649341674,0.7960278819505029,0.011558130814867569,0.8695884346961975,0.4130349804356608,0.6755580651039221,-0.18405515918022608,0.6158722639083862
152,5.066666666666666,0.490969646465659,0.2612121321789115,-0.16484156445272252,0.9995929598808289,0.4912910718053086,0.2511307097276859,-0.14572877606519657,0.9994234442710876,0.4919561229099838,0.25092794172329796,-0.14605755919476004,0.9993385672569275,0.49239386330988627,0.2507512179545032,-0.146012066454004,0.9995876550674438,0.48858501549206695,0.2514493540319542,-0.15410915425574745,0.9995781779289246,0.4872507721357939,0.2514765802003893,-0.15444636091734992,0.9995977878570557,0.48583022482363547,0.2513752087794563,-0.15461798104737798,0.9996259808540344,0.4920309088150877,0.2557731619510094,-0.04196032847734458,0.9997110366821289,0.48334946493995556,0.2567464193329884,-0.0857042974603406,0.998894453048706,0.4918427198465823,0.2721673888865076,-0.12477314052207053,0.9993201494216919,0.4892396076832489,0.2731167359358042,-0.13798797413993844,0.9990679621696472,0.5106081916745357,0.3359238780384255,0.030888807847745326,0.9999505281448364,0.4696176090946858,0.32912216583542186,-0.07812716667472014,0.9992009401321411,0.5603463064497338,0.38871020893287517,0.0456674662067721,0.7735520601272583,0.47270856764876923,0.3695777164620959,-0.2103658457971083,0.6273790597915649,0.615202918886649,0.42241527680903335,-0.085005322926506,0.7628426551818848,0.4736777869503407,0.35769293353458553,-0.4359099337141189,0.6186988353729248,0.6283825523867588,0.4375152702438645,-0.10409081965821718,0.7553438544273376,0.4755625904232352,0.35982317046572676,-0.5134175098108072,0.6092989444732666,0.6312969441777797,0.4365076293186724,-0.146458673249428,0.7586716413497925,0.47499506397816926,0.35427887849549367,-0.49982071977631665,0.61198890209198,0.6255780739314118,0.4316177108674346,-0.10426030839035903,0.7426110506057739,0.4759166741602151,0.35480722635666717,-0.4574773757812408,0.564332902431488,0.48614968285733107,0.5002020314991308,0.035437487914762145,0.9999164938926697,0.4637549640506309,0.4876420015209189,-0.03561809134598344,0.9997889995574951,0.48233892795495653,0.628114388959111,0.019560022862147877,0.8079034686088562,0.4550709105432258,0.554510303886254,-0.23969881263042261,0.7546966671943665,0.47060001633493453,0.7361350846257275,0.18226660874798353,0.8205957412719727,0.428252560103386,0.6662985715856227,-0.08711303888881416,0.6659422516822815,0.4667253104718868,0.7511896682070497,0.1897101106038681,0.6942794919013977,0.4271696484158761,0.6776660937692447,-0.06956087872296553,0.5163810849189758,0.47379697479914173,0.772647173127035,0.06845868131507765,0.7988792657852173,0.42341189070221363,0.7024138370510478,-0.17847425860938781,0.634158194065094
153,5.1,0.4951428791073099,0.2719722959553291,-0.13083748621633295,0.9995103478431702,0.495547857306044,0.2623814263550623,-0.11831682510720658,0.9993287324905396,0.49614722998165217,0.26222630505608496,-0.1186121324915131,0.9991744160652161,0.4965464479299906,0.26209818509819566,-0.1185755608703862,0.9994725584983826,0.49336876432544635,0.2624837266673623,-0.12571269242440836,0.9995477795600891,0.4923628320846111,0.2624211351318672,-0.12603944348623897,0.999568521976471,0.4913064573719775,0.262246885458151,-0.12620247736520362,0.9996285438537598,0.49633876938034527,0.26696682635346386,-0.043954895628045595,0.9994560480117798,0.4900402710819619,0.26735246584046424,-0.07927951781671567,0.9989150762557983,0.4958625773713766,0.2829945934984991,-0.09910560294296453,0.9988908171653748,0.493673691179694,0.28354083926180196,-0.11105460318883438,0.998820424079895,0.5036614627947322,0.3444279691336797,0.019443447531684765,0.9997676014900208,0.4831072226532722,0.3379609370571002,-0.07801973132173617,0.9992697238922119,0.5441015623719105,0.3919648633597836,0.01831202517029073,0.6989548802375793,0.49744462868431333,0.3776084745270791,-0.19628125565802806,0.5933065414428711,0.5892347377595348,0.41822389127959014,-0.11303828512065249,0.6881039142608643,0.5143247902582299,0.37100887063938015,-0.3922904836449693,0.5984588861465454,0.5995144177605952,0.43005952514481677,-0.13446212146619482,0.6826987266540527,0.5206460751024786,0.3741917034453411,-0.4636313511269237,0.5887300372123718,0.6032465189050459,0.42774926243648675,-0.1712726242757428,0.6855853199958801,0.5206701795376418,0.36991583365976227,-0.4505786381790748,0.5885626673698425,0.5994156420265438,0.42399845442391026,-0.1301306381467439,0.6701682806015015,0.5189544229208296,0.3692451667174913,-0.40928155556881946,0.5300667881965637,0.4866666558687772,0.505332988123102,0.028760580526944024,0.9998874068260193,0.4791251573239012,0.49807057506574687,-0.028948529280335387,0.9998068809509277,0.48042824072901014,0.611107591725271,0.0761036760599555,0.727817177772522,0.4695568124014386,0.5758813882911168,-0.2076414465587455,0.7580172419548035,0.4794484447753787,0.678192923630037,0.2798244429614064,0.7390639185905457,0.4419262002111101,0.6928935500801945,-0.08760937203766143,0.6800981163978577,0.48028380012980926,0.6882787972345465,0.29344908040112383,0.6264528036117554,0.44226223005096776,0.7059092761091507,-0.07450323143334285,0.5073536038398743,0.4801035837426607,0.6938675391904144,0.21222763644833137,0.7195963859558105,0.43852731019451907,0.7261320810922425,-0.17835020303741192,0.6199852824211121
154,5.133333333333333,0.4976339157783606,0.2784725009459493,-0.17161246200393293,0.99952232837677,0.49819610629047195,0.2689035393934318,-0.15793353370219462,0.9993271231651306,0.4990265815647384,0.2686940677799377,-0.15826417229197678,0.9991829991340637,0.4997581009213653,0.2685189817738888,-0.15823943830697906,0.9994852542877197,0.4954228541656878,0.2691362505703545,-0.16263917181334453,0.999514102935791,0.4941931086131126,0.2690889941434361,-0.16297702420920068,0.9995301961898804,0.4928891379577901,0.2689231462445085,-0.16314004988144654,0.9995845556259155,0.500063938260852,0.2734159290235017,-0.0761754261274934,0.9994744062423706,0.491183811691487,0.27391825602876607,-0.09850435732284435,0.9984285831451416,0.49859029653032966,0.28958534515465745,-0.13718083113585822,0.9988918304443359,0.49582189603354093,0.29008298819296396,-0.14540998794406254,0.9986636638641357,0.5128399570939022,0.35066659165744646,-0.010693746671535173,0.9997873306274414,0.48194518503162853,0.3457718058661443,-0.08238587444413085,0.9991130232810974,0.5552906553916791,0.39415477393229403,-0.008633314828834997,0.717627227306366,0.4951379783831056,0.3835978319919833,-0.19128414196859828,0.566153883934021,0.6009302414615271,0.41822549986724633,-0.1361088934840501,0.7127289772033691,0.5118352237258251,0.37661033599242816,-0.3809839023254995,0.5926135778427124,0.613630102317689,0.4288900773264113,-0.15972633258455282,0.7042944431304932,0.5173223282733048,0.3790374033057553,-0.44659988548896734,0.5843347311019897,0.6168385000336334,0.4267701136994988,-0.1983627761634613,0.7089141011238098,0.5178695218690165,0.3742874084265428,-0.4472320565879993,0.5874378681182861,0.6122950576825636,0.423233013640486,-0.1541032191188214,0.6939950585365295,0.5164528820539653,0.37356587024256505,-0.4011677218355174,0.5277384519577026,0.49190791801884814,0.5106087129596666,0.01817224915488387,0.9998937249183655,0.48132448553971563,0.5031080621757233,-0.018417663078238555,0.9997878074645996,0.4866492864998616,0.6124223987539362,0.05650148563833801,0.7456610202789307,0.4707795216620557,0.5606542246450922,-0.1243692873525457,0.6860371232032776,0.4809782214302053,0.6923950767142735,0.231186881717769,0.7600544095039368,0.44341824368191785,0.647921559260449,0.02240444753490589,0.6179584860801697,0.48052106304677117,0.7048157651120808,0.2415072378525517,0.6454755663871765,0.4434809066069181,0.6595556839799446,0.03701008475616434,0.46499496698379517,0.4810753711826934,0.7111293089126072,0.1395853536275392,0.7412935495376587,0.43845987758983923,0.6701690119205979,-0.0605021662568119,0.5703610777854919
155,5.166666666666667,0.4993921071412193,0.2751598686407626,-0.21495840626700552,0.9995696544647217,0.5001294993060204,0.26612836262471135,-0.1988048378745625,0.9993919730186462,0.5010090264068793,0.26598775223331306,-0.1991387886397216,0.9992621541023254,0.5018589732617181,0.2658482592624939,-0.19910741780681152,0.9995347857475281,0.497223200780636,0.26630441830707513,-0.20320952230732925,0.9995611310005188,0.4959078972153703,0.266276890769622,-0.2035578297845616,0.9995758533477783,0.49450207883049857,0.26610123038142847,-0.2037142874107811,0.9996246099472046,0.5019390002413033,0.27120892704793026,-0.10441323724369786,0.9995255470275879,0.49249140092988225,0.27157898234667244,-0.12441920806486162,0.9985805749893188,0.5002026408443232,0.2864293347209435,-0.1760723758887177,0.9990016222000122,0.49741842310594286,0.28673379833718804,-0.18372065591032355,0.9987956285476685,0.5192346488938616,0.3471620068948248,-0.03323982913236497,0.9998080730438232,0.47723492283335456,0.3447490532856335,-0.08898118679561061,0.9991937279701233,0.5644174496825428,0.3873307316271758,-0.029319271940925234,0.745444655418396,0.47368778311742615,0.38192304004542765,-0.18353152871527162,0.6080150604248047,0.6169264944169457,0.4090049560031456,-0.16418932041846618,0.741259753704071,0.47155489729436806,0.37996504837234796,-0.3746033563536226,0.6317971348762512,0.6315851917987811,0.4190227106277883,-0.19071176481670007,0.7332912087440491,0.47184102595658745,0.382666374362831,-0.4355287464375205,0.622299075126648,0.634784285463139,0.417089226080924,-0.2316292586496267,0.7375926375389099,0.4715606194800029,0.37880811011184096,-0.44622267003756483,0.6257414221763611,0.6293111037999528,0.4139455831625119,-0.18385499139489275,0.7240912318229675,0.4721072140791162,0.37815165164058273,-0.39654315154850206,0.571715772151947,0.4959412900572605,0.508225980711579,0.011627712767893228,0.9998983144760132,0.4808198077703167,0.5006251005357593,-0.011925610692807863,0.9997904896736145,0.4884589028064798,0.615918521265041,0.02637399723356224,0.7685486078262329,0.45904653971459547,0.5577542481500487,-0.08839959486370993,0.6696300506591797,0.47966649402672235,0.7085898942407839,0.18425031514466367,0.7806031107902527,0.42364623786227573,0.6384911417674324,0.07096313139628165,0.6084598898887634,0.47819627069488824,0.72321060098988,0.1920852391303794,0.6663305163383484,0.4227353326008262,0.6507026687454263,0.08527066561613315,0.4550410211086273,0.47973656908513596,0.7306520337060464,0.07084798312882964,0.7635897994041443,0.41424091962150617,0.6571674389654589,-0.02079696148804356,0.5757129192352295
156,5.2,0.498608408332257,0.26517446067246686,-0.2730246989479271,0.9996126294136047,0.4999619125790301,0.25673481262003606,-0.2553536235039674,0.9994525909423828,0.5011693592343878,0.2569208099338118,-0.2556928991494062,0.9993357062339783,0.502388546005763,0.25708896007386334,-0.25564545147177653,0.9995810985565186,0.49641575247438247,0.256496493360706,-0.2586624423983702,0.9996049404144287,0.49488053181783365,0.256508519899058,-0.25902070242507425,0.9996181726455688,0.49320410386211533,0.25636823435085476,-0.2591805472186809,0.9996620416641235,0.5027185236546658,0.2631201825965668,-0.15005453871695862,0.9995728135108948,0.49053141863380045,0.2627063376624551,-0.1642030177933365,0.9987221956253052,0.49974194451279186,0.27678654193319735,-0.23021312312030356,0.9991012811660767,0.4962651987414658,0.27737230890515674,-0.23614080182386765,0.9989158511161804,0.5248632818166202,0.3369903089128857,-0.07270922945431071,0.9998267889022827,0.4680751583771442,0.33988490859410564,-0.1071912113141228,0.9992715120315552,0.5745606994114827,0.37542432457029795,-0.06894058673747529,0.7706766724586487,0.4533663569341275,0.37481248167896997,-0.18033208044300603,0.6468850374221802,0.631083157068488,0.3974002353432592,-0.209584760291986,0.7669081091880798,0.43711149902768065,0.3799025856915125,-0.37412327801251755,0.6682551503181458,0.6466656457642621,0.40727748020580457,-0.23928500500099914,0.7592675089836121,0.4329306712723458,0.38289425411535805,-0.42903035316392846,0.658951461315155,0.6499102108718183,0.40541374398225777,-0.2814956052785075,0.7633094787597656,0.43198077309391897,0.3799450701214364,-0.45098722138403163,0.6622537970542908,0.644115362617512,0.4023569883236455,-0.2303167463995911,0.7511083483695984,0.43412115697347303,0.37933070840624483,-0.3982028216481597,0.613558292388916,0.49892451695969525,0.5025030310491482,0.003397517823670428,0.9998989701271057,0.4767669260035765,0.4920897931680639,-0.003739714887615506,0.9997923970222473,0.48801981806791506,0.6171565565245641,-0.010129618213107879,0.7903444170951843,0.438112172200541,0.5458193201541667,-0.04901365518604053,0.6676188707351685,0.47535345096730725,0.7217495592092502,0.13594919038025866,0.7982237339019775,0.39753871117027584,0.6242292050494209,0.1440589833112843,0.5900774002075195,0.4730874076052046,0.7370124489719441,0.1424388278514923,0.6827937960624695,0.3961276340391797,0.6366096112309365,0.16083975636383918,0.44481050968170166,0.47640366833995224,0.7465556589570249,0.007278836074922086,0.7829607129096985,0.38442590621887596,0.640800722467407,0.0549028096977229,0.5699182152748108
157,5.233333333333333,0.49993173343192177,0.2607104321919791,-0.31046678019744794,0.9996510744094849,0.5016681077704799,0.25284952441817377,-0.2920195735167597,0.9995060563087463,0.5030715360033043,0.25318792798181144,-0.29236262472582486,0.9994006752967834,0.5044993738348098,0.2534835254882046,-0.29231056524360316,0.9996217489242554,0.49777262094837776,0.25249618291163733,-0.2946375395487391,0.9996437430381775,0.4961710419690575,0.25257887852656236,-0.2950002536045814,0.9996557235717773,0.49440888443695225,0.2524812630909135,-0.29516723916837245,0.9996951818466187,0.5048730527033762,0.2601422734854314,-0.18164879780972193,0.9996145367622375,0.49136134469479154,0.25933559139790935,-0.19183823102148234,0.9988479614257812,0.5012684269027823,0.2726992011159191,-0.26597700343673525,0.9991902112960815,0.49753604051325595,0.2731649990423158,-0.27075328871543214,0.999022901058197,0.5301425792120553,0.3321855379517248,-0.101298276209484,0.9998428821563721,0.46476283531246165,0.33839645573153454,-0.12325087009262611,0.9993364810943604,0.58388333091361,0.36655730218230353,-0.09721159946116514,0.7930278778076172,0.4384215234841924,0.37249878771322353,-0.18262679422305164,0.6814842820167542,0.6437361548050726,0.3897121917335479,-0.238445868314849,0.7895243167877197,0.4102583481131761,0.3817764179979643,-0.3731556665280018,0.7003107070922852,0.6604649760208222,0.3994277247589004,-0.26936625177219126,0.7816193103790283,0.40245490734414135,0.38496526516157403,-0.4231784586449273,0.6898738741874695,0.6637062024710974,0.3976316658267949,-0.31249325676290624,0.7856777310371399,0.4010010854761241,0.38266904487723113,-0.45167277600493017,0.6934240460395813,0.657544380420608,0.3946978023763784,-0.2598678414615604,0.7746291160583496,0.4044875620682252,0.3822204036571713,-0.3975092892591217,0.649604320526123,0.5024052578539512,0.5006546284370244,-0.0024992792630308754,0.9998950362205505,0.47594556560676604,0.4886675288239862,0.0021148458597270146,0.9997766017913818,0.48952513452475754,0.6193501377914612,-0.03749374058202847,0.8094014525413513,0.42390758523308736,0.5417475900956474,-0.010060984967893049,0.6382488012313843,0.4744973461410716,0.7319809873664468,0.09644514118484747,0.8138203024864197,0.3837913624832754,0.614284893254182,0.21698274967125208,0.5492146611213684,0.47170620640238536,0.7471422265454375,0.10168360769549113,0.6964727640151978,0.3821246554446209,0.6264627908245333,0.23678877522944491,0.4195903241634369,0.4758667138452348,0.7573874104538316,-0.0417613320890877,0.7997260689735413,0.36865453343652266,0.629222380756632,0.13725234412313597,0.5391766428947449
158,5.266666666666667,0.5015822920476711,0.25428108104054564,-0.32410630052065414,0.9996854066848755,0.5038819421814371,0.24667557434607712,-0.3057959634608371,0.999552845954895,0.5056209715466256,0.24716007611415866,-0.306145082893002,0.9994579553604126,0.5073997585787376,0.24761260922642545,-0.306092034310891,0.9996572136878967,0.4992119701176405,0.246176305936806,-0.3060150173075411,0.9996777772903442,0.4973837793207841,0.2462840888848176,-0.3063780520974009,0.9996889233589172,0.49542985518234395,0.2462052902939142,-0.30654444032511435,0.9997242093086243,0.5081907205448849,0.25473571664351613,-0.1944042996597678,0.9996514916419983,0.49210304460169435,0.25347545307069064,-0.1962357561809326,0.9989588856697083,0.5032510476244083,0.2665382026258459,-0.2794359989310517,0.9992697238922119,0.49875726294295286,0.26678572791046173,-0.281007478858158,0.9991183280944824,0.5342724482141324,0.3254901379629206,-0.12058621727709935,0.9998576641082764,0.46390150304538535,0.33416177368611544,-0.11010221922604407,0.9993916153907776,0.5901302022235757,0.3580233889353054,-0.12128006807804786,0.8135523200035095,0.429804708595388,0.37097926719113117,-0.15301815150219159,0.7115697264671326,0.6516881070100982,0.3793770240557016,-0.2626020688781369,0.8103911280632019,0.3945080072213819,0.3857149588365698,-0.3450336748955733,0.7289110422134399,0.6685633316330576,0.38830847174351374,-0.2960865841704739,0.8029306530952454,0.38463437054617283,0.3906651719655375,-0.3916026074159812,0.7180449366569519,0.6717803841431994,0.3862881322125784,-0.3382101193001177,0.8066898584365845,0.38300688874864425,0.3888139757056319,-0.42552767538115865,0.7217645049095154,0.6653355967710588,0.3838391728592204,-0.2837525696778258,0.796673059463501,0.38723975552424306,0.38791434895337773,-0.3703922179510004,0.6823587417602539,0.5050969156854416,0.4979638446995165,-0.014551608392171005,0.9998968839645386,0.47509216089037176,0.48433113282819495,0.014135975942221192,0.9997749328613281,0.48984109927036135,0.6196458907220432,-0.06379351875759087,0.8278124332427979,0.41306620286399376,0.5291499322884927,0.027145403504281178,0.6451565623283386,0.47470912369094936,0.737485513375356,0.06831279153315126,0.8302804231643677,0.3667611425500664,0.5952134965391978,0.2712056914265041,0.5579755902290344,0.4726531866100587,0.7525081808202796,0.07346890356914829,0.7108398675918579,0.3687715663797415,0.6084285951845868,0.2922215932139697,0.4332212507724762,0.47495478294827465,0.7668241321472198,-0.07730472381404994,0.8167930245399475,0.34495456007173997,0.6041738221478595,0.19529298063686365,0.5541183352470398
159,5.3,0.5017290268841412,0.24795017863542768,-0.3429560959695042,0.9997165203094482,0.5045366138992256,0.24044116948814173,-0.3259347723156603,0.9995970129966736,0.5065464800386157,0.24095455816434116,-0.3262870480127451,0.9995113611221313,0.5086188208324287,0.2414372253181774,-0.32622116142763163,0.9996908903121948,0.4991154991044902,0.23979917139678708,-0.3235957796827973,0.9997096657752991,0.496985672609938,0.23984252015157415,-0.32393862761933867,0.9997196793556213,0.4947364668664356,0.23972758092472307,-0.32408708460639046,0.9997515082359314,0.5100384334720085,0.24874253608371052,-0.21575142872264547,0.9996857643127441,0.49115277307371735,0.2471959775209949,-0.20490831104372903,0.9990618228912354,0.5036995388777048,0.26036241194128873,-0.2984491980315775,0.9993420839309692,0.4982998449388523,0.26025058717820476,-0.2965494016878349,0.9992055296897888,0.5352791719978502,0.31867187169547506,-0.15629849553121267,0.9998696446418762,0.4627937074749606,0.32837567791180294,-0.10293679151033304,0.9994377493858337,0.5913558240263191,0.3503175847495204,-0.20088284390385142,0.827457845211029,0.4226975307447781,0.36985113397288927,-0.13105821718939806,0.713568389415741,0.6321788627552961,0.3685814374837581,-0.37208727430824473,0.8228470683097839,0.38444149773269753,0.39043365186613427,-0.310473456730412,0.7510414123535156,0.6428705397330969,0.3764344319957662,-0.41673268082281717,0.8131682276725769,0.37365505670390153,0.3977192128649758,-0.35378630665646543,0.7393177151679993,0.6434578911958896,0.37333335013272195,-0.44882428286581294,0.8169747591018677,0.3718809893701199,0.3960101240902132,-0.38989344221150185,0.7433671355247498,0.6391566002208101,0.37179805362886587,-0.3900931715932349,0.8013525605201721,0.3765463259887623,0.394332500738622,-0.3352851415175058,0.7054902911186218,0.5054840324895963,0.49226249945065537,-0.02850173193301262,0.9998950362205505,0.47382892546495153,0.478810007855611,0.028090675818484574,0.9997722506523132,0.48803753819209694,0.6184027223301826,-0.09202148050293207,0.8407319784164429,0.4005300323232749,0.517062702572211,0.07913688995508324,0.6032620668411255,0.474900865123449,0.739842904033687,0.035764271994001805,0.8411216139793396,0.37437671732450817,0.579893803202512,0.3656690468829487,0.5089297890663147,0.47386353330885556,0.7543669391770638,0.04101621409713059,0.7030719518661499,0.3777042329297613,0.592088152808505,0.39146893737314264,0.40029194951057434,0.4717357076604808,0.7738078555647506,-0.1123521159594339,0.8282737731933594,0.35550581254640856,0.59186325833842,0.307729077716877,0.5100280046463013
160,5.333333333333333,0.5018490905634994,0.24291554899442722,-0.3591461228931097,0.9997445344924927,0.5050930655070736,0.23510803390502538,-0.34324670121650347,0.9996367692947388,0.5072704329966943,0.23560794331553994,-0.34360550914977184,0.9995595216751099,0.5095549816959685,0.2360824068785488,-0.34352990107399306,0.999721348285675,0.4990013669331104,0.23441943968403373,-0.3387937878355575,0.999738335609436,0.4965479619843517,0.23439684106665926,-0.3391185170616229,0.9997472763061523,0.493969505485436,0.23422576425627495,-0.33924910475503645,0.9997759461402893,0.5120237623229322,0.2435002768056414,-0.234116541665522,0.9997166991233826,0.4901873438135085,0.24170126370299141,-0.21269166454971025,0.999153733253479,0.5042673247935026,0.2553241410464436,-0.3147104414716751,0.9994072914123535,0.4978996675110923,0.2549920681321678,-0.30998031864155906,0.9992838501930237,0.5362541858033278,0.3131867835851223,-0.18607116432536963,0.9998815059661865,0.46190211619708144,0.32312976742058896,-0.09659473778702217,0.999472975730896,0.5941003068578868,0.34431565522314606,-0.26349150603260707,0.8416425585746765,0.41859476624894026,0.3689930601667532,-0.11198848417497763,0.7014870643615723,0.6145894606428607,0.3580735497934737,-0.4573665228160609,0.8364853262901306,0.37455263270180444,0.39420678286013544,-0.28340220074523437,0.7618285417556763,0.6193970411760097,0.36789773047526464,-0.5108926761425725,0.8247838020324707,0.36448151907516657,0.40341088863993607,-0.32439425558569346,0.7472782731056213,0.6181058896202313,0.36131260122035114,-0.534053783441173,0.8283393979072571,0.3626577921335708,0.40199300991300496,-0.36229879354380207,0.7526811361312866,0.6157576482617255,0.36050086630101136,-0.4722604558462159,0.808387815952301,0.36740308911980724,0.39972141047896204,-0.3079162961070485,0.714243471622467,0.5058069297465095,0.486461481461831,-0.04034012854112066,0.9998912215232849,0.4728335617967323,0.473270007303957,0.039930704785972125,0.9997544884681702,0.4864733336433874,0.6165623251077736,-0.11825395231238099,0.8497041463851929,0.3937144849967487,0.5066744486271506,0.11607458483323477,0.5603111386299133,0.4753092936554908,0.7409273244267165,0.0035364955626566094,0.8474217653274536,0.38193704005175844,0.5683498421792761,0.4362522207750806,0.4630376398563385,0.4749864861258813,0.7550607737276946,0.008525373450598006,0.6847051382064819,0.3877361664105277,0.5784121330120536,0.46578057394607286,0.36835044622421265,0.46925621540195994,0.7790638201429758,-0.14829514587276776,0.8347879648208618,0.36614694544019355,0.5832418859550957,0.3918809037548596,0.4675125479698181
161,5.366666666666666,0.5021082934847375,0.23935274021133107,-0.3435480388165288,0.9997472763061523,0.505672766270436,0.23138776881533402,-0.3291810450252529,0.9996413588523865,0.5079853363848305,0.23189706276363725,-0.3295308155987005,0.9995622038841248,0.510450946365967,0.23239716683569817,-0.32945651435388085,0.9997129440307617,0.49926732058722173,0.23063870862936525,-0.32110095995645704,0.9997487664222717,0.49675859926879934,0.23057907697310437,-0.3214312877668511,0.9997571110725403,0.4941305125377141,0.23038796029225445,-0.3215664724461306,0.9997877478599548,0.5132324889665626,0.23978456197440934,-0.2270208948126126,0.9996877312660217,0.4906364498392465,0.2376839452165901,-0.18963646013608937,0.9992023706436157,0.5045904632883212,0.25171016962364084,-0.30169674405325925,0.9993351697921753,0.49804055014308435,0.25121521515072964,-0.2924593595739641,0.9992591738700867,0.5341167484203925,0.3093047075581792,-0.1977566628258931,0.9997854828834534,0.4632151734683813,0.3192795029847701,-0.06620855347875598,0.9994205832481384,0.575954462512604,0.33571745164670674,-0.30132475028583405,0.8378868103027344,0.41957554933931734,0.36973442036576065,-0.07435055277495933,0.6758882403373718,0.5893274416154944,0.33745781792969537,-0.49017288956158567,0.8274290561676025,0.372911711727774,0.3995247866133204,-0.2462711579010275,0.7658892273902893,0.5929521315090256,0.34285027501659193,-0.5469739115333082,0.810640275478363,0.36181766019516537,0.4106764074577257,-0.2841382353135764,0.7504915595054626,0.5927873368015124,0.33678832432823985,-0.5632576035614871,0.8143447041511536,0.3594170253868044,0.409417895467784,-0.32439655246834365,0.7576892971992493,0.5909144185322257,0.3374433904293328,-0.5024534570742923,0.7883102893829346,0.3647433819334349,0.40641575673230224,-0.2711979682489151,0.721469521522522,0.5054747337638078,0.4824646496346055,-0.051920067364160896,0.9998908638954163,0.47206668703858634,0.46955330011993046,0.0515397535544352,0.9997667074203491,0.4861453498641569,0.6142495037736286,-0.1283414998124367,0.8536791205406189,0.39265068663404445,0.5004397663866631,0.10571150482461995,0.5494753122329712,0.4763286113086215,0.7407191801469877,-0.003483464530554677,0.8503909111022949,0.39598976811562026,0.5608913586961106,0.462181643593055,0.4291130602359772,0.47694849568238074,0.7545415710885033,0.0005045170761331054,0.6714518070220947,0.40378521263915035,0.5691777514817943,0.47793509482095164,0.34873953461647034,0.4691804368225174,0.7821818750385904,-0.16949576781004005,0.8338460922241211,0.38284036057225956,0.5789084483017055,0.39723344721320825,0.43665483593940735
162,5.4,0.5011265542122588,0.23672751020995017,-0.32255965771654144,0.9997711777687073,0.5046131791343735,0.22849691045552867,-0.3108701739694908,0.9996761679649353,0.5069305980391882,0.22909061882932785,-0.31123102479909076,0.9996048212051392,0.5093866570104931,0.22972138088735863,-0.3111663232791441,0.999740719795227,0.4982504875160643,0.22778900499394075,-0.2990291484384474,0.9997731447219849,0.49583577487075736,0.22772405282002367,-0.29934722093210137,0.999780535697937,0.49328752343735116,0.22751218946617935,-0.2994755566892823,0.9998082518577576,0.5121002051459927,0.2369343983161654,-0.22064491556630642,0.9997181296348572,0.4902435170676176,0.23472942181127973,-0.16593588538578352,0.9992789626121521,0.5033499264519212,0.24895419404917804,-0.28510601455426826,0.9993991255760193,0.49709759689095157,0.24832226733424007,-0.2709577384026214,0.9993302822113037,0.528767653424333,0.3082181231594301,-0.21454084355857098,0.9998054504394531,0.46606883421497014,0.3174169355668671,-0.03221915076188499,0.9994679093360901,0.5548480166698453,0.3293384523091261,-0.32339539952112734,0.8533252477645874,0.42626655723648643,0.37224607228319284,-0.028467256476108302,0.6661008596420288,0.5528048028595525,0.3294166721510076,-0.4950660178953153,0.8434523344039917,0.3778843239019991,0.405646630767813,-0.19854186534113694,0.7855498194694519,0.5520956426831904,0.33410632584820105,-0.5529469488800092,0.8276853561401367,0.36581461276915217,0.4184125462176256,-0.2334462108940096,0.7720539569854736,0.552037187092584,0.32819050587679777,-0.565282079414783,0.8310670256614685,0.36291856974359527,0.41693756415363514,-0.2759552710518347,0.7790306806564331,0.551763031445358,0.3291013935540658,-0.5052544974633362,0.8060107827186584,0.3688569832115644,0.413394319814933,-0.22385314567496628,0.7453904747962952,0.5026655831141588,0.4801664152844282,-0.0680700374651493,0.9998994469642639,0.4717020385504352,0.4694069394274541,0.0676922358788165,0.9997844696044922,0.48558635443253706,0.6137227307267282,-0.14312736650293717,0.8675727844238281,0.407846214062949,0.5106241125790116,0.1697219482888609,0.532349169254303,0.477184330559408,0.7415374415674266,-0.020508383891237502,0.8647032380104065,0.42184468542399817,0.5613407758265684,0.5470394779486067,0.4207857549190521,0.47868042624649254,0.7553661928330285,-0.01610914606641853,0.6992861032485962,0.42978461684962715,0.5663070569447511,0.5687363668026117,0.36532652378082275,0.46835040448020027,0.7871037272101639,-0.18239667625018322,0.8495777249336243,0.413544505493641,0.5808009856100109,0.5019575750712132,0.4427916407585144
163,5.433333333333334,0.5003358054613567,0.23495794700483835,-0.3020937326912313,0.9997908473014832,0.5039448233215177,0.22657723293149096,-0.2919578135155281,0.9997061491012573,0.5063257978788037,0.22720481554056987,-0.2923253914667098,0.999641478061676,0.5088807829593446,0.22789767871083316,-0.29226802406079744,0.9997645020484924,0.4975809116968274,0.22589269127439782,-0.27736044621541095,0.9997940063476562,0.495249716259938,0.2258249614293449,-0.27766949823775405,0.999800443649292,0.49276838301148207,0.2256053070803716,-0.27779174516462496,0.9998257756233215,0.5118027287770273,0.2349612066128649,-0.21009017500470833,0.9997443556785583,0.4899789592273909,0.23271779094262374,-0.14165074706624334,0.9993438720703125,0.5027172110787257,0.24710409547883233,-0.2676428167517747,0.9994527697563171,0.4964422221476532,0.24640998741453296,-0.249899630113792,0.9993896484375,0.5239617261672485,0.3073853778310778,-0.22248103707710337,0.9998222589492798,0.4686283483066863,0.31596579182923823,-0.0001943344258079592,0.9995036125183105,0.5390033138393294,0.32647696948115945,-0.3363263401778895,0.8656790256500244,0.43295779863075046,0.3740893644054957,0.010363042348271206,0.6347348690032959,0.5232532368007046,0.32395502684943966,-0.49497913441256064,0.8550076484680176,0.38282953536371667,0.41047586460826735,-0.16095000776764104,0.7974868416786194,0.5185499723667959,0.3304868354666944,-0.554040612279648,0.839247465133667,0.37014272096216605,0.42449981890391286,-0.1941191107792447,0.7872045040130615,0.5184054207011546,0.3246341450415556,-0.5623492006269137,0.8423435688018799,0.36693968102897895,0.422938028403902,-0.23807664885482577,0.7944754362106323,0.5196437565657862,0.3255877242824607,-0.5030128057280308,0.8154994249343872,0.37327111432235116,0.4189534979825479,-0.18655165426200085,0.7621563076972961,0.500298985781495,0.47842642050329753,-0.08063776966932328,0.9999074339866638,0.4718220096833365,0.4694597157118798,0.08025946500284868,0.9998010396957397,0.48537560861838364,0.6138491343563119,-0.15426671953065715,0.879538357257843,0.4209399084902644,0.5193909302327963,0.2132349046818125,0.5098476409912109,0.478323791246551,0.7421892076173243,-0.033775214924859485,0.8773200511932373,0.4442650864427795,0.5637743451533098,0.6008143115838911,0.40771180391311646,0.4807927406978043,0.7558857097779357,-0.02898654515727791,0.7223817110061646,0.45218861639386854,0.5662124374649136,0.6270204726301809,0.3705092668533325,0.4682109042476,0.7908528223680836,-0.19164904700601926,0.8634090423583984,0.4392874496133787,0.5842965316604631,0.5696734337424985,0.4413802921772003
164,5.466666666666667,0.49556073736849,0.2335514972664316,-0.2269369772249855,0.9998020529747009,0.5000000525411259,0.22509827338099342,-0.22607568172001924,0.9997287392616272,0.5018137055812257,0.22572386904996666,-0.2264368073051392,0.9996704459190369,0.5037287941862418,0.22641834380161147,-0.22638926356057756,0.9997833967208862,0.49745476552994694,0.22444458038810727,-0.20701836625123116,0.9998067021369934,0.49366457266107033,0.22440851184128985,-0.20731058438897576,0.9998121857643127,0.4909717611517427,0.22422175060482363,-0.20740882485157963,0.9998356699943542,0.5079346494471155,0.2333589030310006,-0.18469878320359762,0.9997676610946655,0.48951772272024724,0.23130601875761533,-0.09729982823285224,0.9993899464607239,0.4972690593265204,0.24567023561844858,-0.20701231002058315,0.9994955658912659,0.4937674666638889,0.24500406466981503,-0.183430262167928,0.9994283318519592,0.5127637213535178,0.3051351546934638,-0.22381751520318904,0.9998392462730408,0.4746855191624988,0.3131008211654307,0.037047410215838135,0.9995096325874329,0.5106826181486821,0.325079734136076,-0.3413098296892555,0.8786246180534363,0.4436046474055786,0.3759360598120622,0.055671259399775345,0.5757343769073486,0.4864476844621741,0.32898298954580285,-0.4531241527233598,0.8686020970344543,0.3962399078846912,0.41392965738121384,-0.09167623511103035,0.7391965985298157,0.47980744704783296,0.3371301902128273,-0.5073653396843484,0.8537074327468872,0.3838649140643803,0.4275862178519864,-0.11637228077211528,0.7394258379936218,0.47944584109880245,0.33154408962577386,-0.5106015145858852,0.8563855886459351,0.3800468157353852,0.4258149887482486,-0.15871784873459324,0.7456554174423218,0.48181579373787997,0.3314756182178757,-0.45759846814228844,0.8301791548728943,0.3860109167083406,0.4221674847100958,-0.1156809285990468,0.7170143127441406,0.49729643948297053,0.4771396176578824,-0.09046272271990716,0.9999154210090637,0.47912902003149815,0.4692900503138791,0.09008045117071342,0.9998156428337097,0.4847492163690895,0.6150796045680794,-0.1565364087959541,0.8911782503128052,0.4417127799442626,0.5197592595146824,0.25217408261925706,0.5005207657814026,0.4794449175921005,0.7440709364216472,-0.056343968435009745,0.889309823513031,0.4656695453258182,0.5654307954608383,0.6090414273760463,0.4359564483165741,0.4830282923582318,0.7574185202620258,-0.05317355758265269,0.7488073706626892,0.4712971583262742,0.5661546759295943,0.6350104381711252,0.4157957136631012,0.46874341441316303,0.7942508718315511,-0.2051705133896508,0.8761876225471497,0.4616050664977907,0.588581489763571,0.5905891097919805,0.46267959475517273
165,5.5,0.4910986049041268,0.23312397125691708,-0.1293765911254647,0.9994457364082336,0.49559555794298266,0.22431591990339309,-0.13679289986243545,0.9992790222167969,0.496288270144914,0.22486084419521413,-0.13714031529802656,0.9991470575332642,0.49717436094017253,0.22545719881901205,-0.13711494179860914,0.9994445443153381,0.4950177560777725,0.22381499215191786,-0.11911652079741614,0.9995027184486389,0.4916892240259979,0.2238431850290204,-0.11940847304038216,0.9995313286781311,0.48992275520893125,0.2237312017321988,-0.11950277849034406,0.9996444582939148,0.5009350823879974,0.232111623109578,-0.13549518033288857,0.9995419383049011,0.49008439409895055,0.23093138061524257,-0.05464465241720895,0.9988632202148438,0.49223803444425496,0.2451338445618455,-0.12361152930202395,0.9985702037811279,0.49075867408011015,0.24487200116764427,-0.10188162157899192,0.9986465573310852,0.4978827226453294,0.30356000993838933,-0.18647509581580052,0.9998457431793213,0.4844555115711394,0.31342598145642697,0.04888986379543213,0.9995171427726746,0.48308707155656183,0.3278316486360957,-0.26820462674128037,0.8539532423019409,0.4582967919879252,0.38167041900291554,0.06474160089278742,0.5257480144500732,0.463677519248788,0.3377908188162822,-0.3235844358637555,0.7962962985038757,0.42367178338814215,0.42118023261075976,-0.05052623731528355,0.6711836457252502,0.45654254761210455,0.3482034143111131,-0.36378460513831945,0.7809574007987976,0.41471816233061476,0.4350135203066398,-0.06899958172476092,0.6717278957366943,0.4591626361377873,0.3412109206192564,-0.36528646616659777,0.7825225591659546,0.4103366373048377,0.43328358091219543,-0.10390260955029611,0.6770113110542297,0.4613421674660154,0.34039199006924215,-0.3253054670074987,0.755530595779419,0.4141549355497319,0.4291553224967166,-0.07017216846413542,0.6502693295478821,0.4914219230986388,0.4774661177585059,-0.0808280955065325,0.9999204874038696,0.48495525027013736,0.46967663823049854,0.08044701815374249,0.9998277425765991,0.4835038965952766,0.6173378619771785,-0.12090384818191123,0.8971964120864868,0.4673870938467077,0.5143790496890212,0.23546286625711343,0.4778396487236023,0.47980188119540396,0.7453763106098104,-0.05079876871178016,0.8963001370429993,0.48293393790734956,0.5678523391334174,0.5325643990803097,0.43288353085517883,0.48425566493532923,0.7593848277999048,-0.05089109937665458,0.7665653824806213,0.4856904879006494,0.5668118955006801,0.5552301338326172,0.4263226091861725,0.468577293092258,0.7955308371042151,-0.1774433240017393,0.8640280365943909,0.47653494013108355,0.594229605335968,0.5226315118107641,0.43400534987449646
166,5.533333333333333,0.48833209952848433,0.23318499572206997,-0.04271542947341118,0.999289870262146,0.49186843658017276,0.22374359576852304,-0.05637237828984433,0.9990904927253723,0.4916518477634302,0.2241908429699584,-0.056707016685886256,0.9989221692085266,0.49168067636785007,0.2247542811195795,-0.056702030583443176,0.9992777705192566,0.49462843846579724,0.223388941646607,-0.04032941186132083,0.9993985891342163,0.4917023594432186,0.2234628668771219,-0.04062648098802925,0.999442994594574,0.4903926131476841,0.22341746699466358,-0.040720542298172444,0.99958336353302,0.4949498673844299,0.2312452087223417,-0.08701014867359617,0.9994505643844604,0.4916821321381996,0.23078040735686553,-0.013693224907167425,0.9987297654151917,0.48828515155880714,0.24521877448177165,-0.04828911437245442,0.9980486631393433,0.48961474836250374,0.24530171850963203,-0.02873988257372774,0.9983029365539551,0.4860133183875499,0.3023765257203164,-0.1474585706863472,0.9998522996902466,0.49331040918096847,0.31443829517197,0.060379217318305284,0.9995497465133667,0.46136174745230446,0.33140077086599035,-0.18854604787872825,0.8208131194114685,0.47093136731621843,0.3871965218436534,0.07341076711638148,0.4905693531036377,0.4477696653781321,0.345069147147044,-0.17185190179688414,0.7235286831855774,0.44805857539929855,0.42826750407229297,-0.009527990397819638,0.6195977330207825,0.44131553577040944,0.35692438167802154,-0.19533404912406466,0.7091561555862427,0.4431443166920908,0.4422889737448227,-0.02222872321572491,0.6202088594436646,0.4459180008363982,0.3503264700611527,-0.19646429727785325,0.710172176361084,0.4398795015438983,0.44093377859913274,-0.04987129804518444,0.6243680715560913,0.4486977332306672,0.34937868765224095,-0.17105137647448568,0.6846433877944946,0.44058876295118743,0.4358527062328982,-0.024971133367201546,0.5971069931983948,0.48585649974666933,0.4781452659768148,-0.07078709009611164,0.9999256134033203,0.4903536522880796,0.4700269767146791,0.07040907625322218,0.9998409152030945,0.48397082808505987,0.6189221988858933,-0.09450165963689104,0.904028058052063,0.4889826060333442,0.5084906750554009,0.21361429904262424,0.46908286213874817,0.48121061423664235,0.7462038721470328,-0.046537664320483854,0.9025027751922607,0.4970572407698205,0.5704645591665953,0.4636906611582454,0.44128698110580444,0.4861807479900395,0.7608910937336588,-0.048714993967687754,0.7834444046020508,0.49706879542394394,0.5679998753059287,0.48365304215479277,0.4445401728153229,0.4710209566115697,0.7959520609541204,-0.15583538338268973,0.852855920791626,0.4881434880408625,0.6001398615943312,0.4611085321686297,0.41445672512054443
167,5.566666666666666,0.48725857978445536,0.2334233784691984,0.029981053701197136,0.999320924282074,0.4892985236781252,0.22366325644457039,0.012750290193333083,0.9991251230239868,0.4883190765150929,0.22396498574889867,0.01243153504020976,0.9989747405052185,0.4876035409962065,0.2243986874679857,0.012423188161297137,0.999311089515686,0.495151409147674,0.22346795741771297,0.024766360677045303,0.9994212985038757,0.4927706858186651,0.22356258424126715,0.02447209606927174,0.9994664788246155,0.49170933959679713,0.22356798926430474,0.024384136633821614,0.999594509601593,0.4895333081427494,0.23056299778208922,-0.03858727369922427,0.9994854927062988,0.4937490798653119,0.2309943352380216,0.017237552872564593,0.9987836480140686,0.48609962507258664,0.24531012039174752,0.017091940282129653,0.9981313347816467,0.4900572736316195,0.2457145081395791,0.031371658794942275,0.9983564615249634,0.47517145316374243,0.3015324584285769,-0.09998698902251296,0.9998640418052673,0.5006746495844887,0.31525057651215826,0.06810516822067145,0.9995782971382141,0.4448400563892242,0.3371584521098183,-0.11237958851759838,0.8065961003303528,0.48371805544967106,0.3913013623401901,0.06127950138903085,0.48612332344055176,0.44322117937318994,0.3532583392178832,-0.0606228413579037,0.65937340259552,0.46116324955816823,0.4300011033154338,0.0011876822660928672,0.5586464405059814,0.43740538730243006,0.36515890063698503,-0.07219551600819701,0.6457194685935974,0.4559880072164906,0.4411731761547385,-0.008533635711661146,0.5590289831161499,0.4423341832478542,0.3590765887902976,-0.07725890706509048,0.6464444994926453,0.45218820402468163,0.4396876701125658,-0.03141837655301978,0.5627491474151611,0.44594241728246325,0.3572751982219023,-0.06049173406461866,0.622360110282898,0.45273306630292676,0.434821545009792,-0.011814667309894177,0.5382177233695984,0.4804137395895933,0.47865823935671636,-0.052429623023344286,0.9999312162399292,0.4950390825727538,0.4702553757957063,0.05205632642306007,0.99985271692276,0.4826518058825782,0.6198355528954664,-0.0679484572889846,0.9109802842140198,0.5142747991697658,0.5027298088663573,0.163336652329918,0.5075541138648987,0.48320703564950584,0.7468937491240704,-0.04610361905584771,0.9108706116676331,0.5064132060533536,0.5747286751918295,0.3637059281206407,0.48030129075050354,0.4890435060924269,0.7620166218142455,-0.05057860889493476,0.8033266067504883,0.5032106302848234,0.5702178270670304,0.3800109303405746,0.4833012819290161,0.4734757157856825,0.7963012415538758,-0.1435825615381339,0.8605698347091675,0.493658884478923,0.6066021379276755,0.36821259343881896,0.4356174170970917
168,5.6,0.486982437908128,0.23370246812236814,0.08939035910362063,0.9992942810058594,0.4877327495801018,0.2236266286833953,0.07106071497142949,0.9990322589874268,0.48622711289026715,0.22381751590400553,0.07076675173759649,0.9988734126091003,0.48494106803044845,0.2241660226440133,0.07075581228956397,0.999254047870636,0.49488527073289973,0.2236496342475433,0.07728891981632598,0.9993786215782166,0.49367866106072333,0.22374995637365816,0.07700180556405264,0.9994286298751831,0.49352513037112056,0.2237741947652954,0.07692901885534861,0.9995636343955994,0.4852430661216093,0.23008821847617725,0.007831070722750515,0.9994577169418335,0.49587085757937266,0.2311665574657424,0.03874778200135115,0.9987319111824036,0.48485479918891894,0.24538084544075853,0.07250392759802873,0.9980482459068298,0.49053944093238255,0.2460457583321388,0.0792489535918845,0.9982438683509827,0.46608724234111454,0.30222113685586427,-0.046034087187206314,0.9998697638511658,0.5094728523964861,0.31459930581934986,0.057891752425233006,0.9995932579040527,0.44017820337434144,0.34638211735645,-0.051364732589516265,0.7371469140052795,0.4958202179164293,0.3935769384979153,0.04559699910699129,0.45235663652420044,0.44624112537387783,0.360180725985651,-0.004547270503052057,0.5963608026504517,0.47522784049166505,0.4282507159471347,0.014180988154320368,0.5076749920845032,0.4416129538343711,0.3700655361477855,-0.011689843069895602,0.5851743221282959,0.47083630582587793,0.43672983573251944,0.006104552276001936,0.5079644322395325,0.44661032104933546,0.363682781177588,-0.018096920859594398,0.5856836438179016,0.4657350868601867,0.43503728354620363,-0.011633216980597105,0.511155903339386,0.4502317860584536,0.36184549882041384,-0.0053703190873161735,0.5635042786598206,0.4656283190693825,0.4309154821455465,0.004141652055020515,0.48803094029426575,0.47514606245705776,0.47851643354945184,-0.03018859182784262,0.9999357461929321,0.4995121723870976,0.4703812101991155,0.02983206578557826,0.9998629689216614,0.48083682760053764,0.6202983020835282,-0.03674782025345228,0.8885883688926697,0.5315414126795253,0.4991031273485863,0.11530496728994329,0.5125938653945923,0.48439547921203624,0.7482860051150997,-0.033974537905033325,0.9049803614616394,0.5182723424365724,0.5802471278985757,0.2823130423758549,0.47061482071876526,0.48982794885722697,0.7641887549034541,-0.039936658061522266,0.8105149269104004,0.5044835498892712,0.5756259433555024,0.2966893838781673,0.47738105058670044,0.4777435485554494,0.7967066516664012,-0.1204863481308437,0.8314058780670166,0.49604599264695476,0.6152710945690094,0.2942348204098234,0.412127286195755
169,5.633333333333333,0.48780206279035276,0.23446383527550718,0.10102612161311905,0.9992308020591736,0.48709543289323687,0.22400119452164052,0.08861226372903322,0.9989294409751892,0.48537222457185947,0.22409332954332525,0.08833259735551863,0.9987410306930542,0.48385644633444463,0.22437585586245573,0.08833840023801581,0.9991831183433533,0.49422485328550336,0.22417247895658138,0.08618803342543736,0.9993190765380859,0.49364503632744244,0.22422901716953283,0.08589599384478083,0.9993761777877808,0.49390148340573514,0.2242099483369727,0.08582148077198434,0.9995165467262268,0.483011621725018,0.23004190865288315,0.04605741527554662,0.999406099319458,0.4952952340244189,0.23135143459470617,0.0402374347582619,0.9986339211463928,0.48557978471101815,0.24582893548489432,0.09117058335292344,0.9980136752128601,0.4913813745258566,0.24659999792165152,0.08672128948285306,0.9981650114059448,0.4640873250094877,0.30279414381138536,0.024725714355343903,0.9998695254325867,0.5073122393260356,0.31225998424212925,0.02001618855460012,0.9996041059494019,0.44689120908582947,0.3531753934874416,0.026199712373079394,0.6710110306739807,0.5056862895371526,0.39016772083728,-0.010337916691485517,0.4981721341609955,0.460048331018498,0.3708459062924476,0.03405402469270406,0.5544925928115845,0.48683926047871984,0.42398342941162237,-0.03161656194973032,0.5374746918678284,0.4571450061492407,0.38038761809044774,0.02882746279427823,0.5513346195220947,0.4830715708289306,0.4310410792283799,-0.0452061354177068,0.5307374000549316,0.45927240004715614,0.37300199603809714,0.016932645998986143,0.551723062992096,0.4783086990841625,0.4291880864194593,-0.056865650081571066,0.5310861468315125,0.46194455560145053,0.3711355491539057,0.029901284928636886,0.5292022228240967,0.4776507714056898,0.425449992727795,-0.03866225245852616,0.4977082908153534,0.47241871225331133,0.47791298763254936,0.002155834418713979,0.9999402761459351,0.49595074580501386,0.47031599289234266,-0.002516959284559705,0.9998730421066284,0.47920701662193865,0.6197157716261351,-0.010448988518991273,0.8753657937049866,0.5371704934169294,0.5043799911957253,0.05538091905841884,0.5544903874397278,0.48310233067954594,0.7499183167570196,-0.01926229185292779,0.9090597033500671,0.5131836021419646,0.5936988100369768,0.20387172588468638,0.5154987573623657,0.48601662971970133,0.767771312697537,-0.02632405959719307,0.8183061480522156,0.4977721038175693,0.5915753400029675,0.2169812663011907,0.5057873725891113,0.47960483964643563,0.7974586392120695,-0.1057097491921902,0.8397687077522278,0.4969150297322321,0.6324537481499641,0.20981623644790773,0.4566168189048767
170,5.666666666666667,0.48921490676342283,0.2336531051770822,0.06844040003448695,0.9992382526397705,0.48759816440979703,0.2232260134790537,0.06427086024350231,0.9989673495292664,0.48588466594111895,0.2233451409762507,0.06399427403858647,0.9987943768501282,0.48434251473109374,0.2236664697578366,0.06401712206953536,0.9992135763168335,0.4937671023294388,0.2234564553910632,0.05160164974561285,0.9993398189544678,0.493230144051515,0.22358990577372842,0.05129671489510483,0.9994021654129028,0.49333741286885313,0.22365593017959803,0.05120091696990495,0.9995390176773071,0.48211121189621536,0.2293696737685028,0.05351059177784999,0.99942946434021,0.49286281665527076,0.23065534247458752,0.002310859305131325,0.9987214803695679,0.48694650306139947,0.24506779763615344,0.07090427169043882,0.9981592297554016,0.4920584693796467,0.2458568694442428,0.05274411939304841,0.9983023405075073,0.4653042509137423,0.3010382181147367,0.06452891636544247,0.999876081943512,0.5025683952786661,0.30738429522303073,-0.03753529897831093,0.9996407628059387,0.45760813006332246,0.35674359793145805,0.0841597473206945,0.6399415731430054,0.5115222002623974,0.38396987650922876,-0.08249200123113276,0.5474337935447693,0.4779246662194197,0.37629826023851254,0.06507247431335088,0.5781465172767639,0.502287865426059,0.4186817424913183,-0.09968039454211072,0.5832438468933105,0.4783008975406496,0.38543765642161854,0.06196547267872099,0.5771909356117249,0.501902014054968,0.42539120055140167,-0.12204314302323821,0.5767384171485901,0.48095470716902944,0.3786525682690388,0.04082934624191202,0.579060971736908,0.49869006776406366,0.42317900940568254,-0.1282993433679476,0.5768857598304749,0.4813730708315362,0.37677412931395166,0.05640974145190048,0.5573820471763611,0.4972844919527421,0.4198327864137479,-0.10452161978315476,0.5454236268997192,0.4719506933959777,0.4762977158746232,0.031053199128993063,0.9999449253082275,0.48877358111786456,0.4701567499555119,-0.031346771232089087,0.9998850226402283,0.48861569369206065,0.6057951881241982,0.041401402405773544,0.8562822937965393,0.5254506443240462,0.524102813650189,0.004803930146707047,0.5984970331192017,0.48211270156641695,0.7255166390044534,0.07776310873180309,0.8826382160186768,0.5065479456090158,0.6252290548589795,0.13452383325739775,0.5634872913360596,0.4823941553486267,0.740149377562313,0.07576425909864465,0.7930806875228882,0.49296673100885735,0.6265962314639253,0.1457242324772779,0.5511006712913513,0.47793444316826567,0.7738430020011509,0.0086656621758298,0.826381266117096,0.4976373232118242,0.6662810042032976,0.11870911389833527,0.5096991658210754
171,5.7,0.49030201317551736,0.23319924944015644,0.040749197876766306,0.998950183391571,0.48830717051106887,0.22290811958577741,0.042740147407462334,0.9986611604690552,0.48672001525404596,0.22304050351806778,0.04245976863639367,0.9984729290008545,0.4852954203997685,0.22337589803717178,0.04248782394981777,0.9990003108978271,0.49360017837933456,0.22321267990602353,0.023558318458595975,0.9991315007209778,0.49320457776459237,0.22341213672072824,0.02324605207100841,0.9992360472679138,0.4933559656657578,0.22354013448685045,0.02312373913882245,0.9994157552719116,0.48265251226379746,0.22898898307681928,0.05700394954612999,0.9993108510971069,0.49242490212920226,0.23020751576453508,-0.0255385472119331,0.9985655546188354,0.4881606830900958,0.24456694999635034,0.05200575780816405,0.9981603026390076,0.4925403249860336,0.24536339972537052,0.024965977425985473,0.9982879757881165,0.46906979689055106,0.299748125101581,0.09479077288058196,0.9998816251754761,0.4988365759296177,0.30453611437592426,-0.08437942929657094,0.9996724128723145,0.47042525095121024,0.3590805770351602,0.1186885379215328,0.6137783527374268,0.5163680121472969,0.37859093268748223,-0.15250468008992715,0.5881333947181702,0.4987991291100604,0.3802091997492659,0.0696213602076714,0.5997995734214783,0.519011581656601,0.4130923773274204,-0.18317764518566776,0.6218411922454834,0.5029814246094304,0.38916129666665417,0.06603941992888626,0.599737286567688,0.5221705508388035,0.4203133224611215,-0.21718952368612826,0.6143934726715088,0.5053084174567438,0.3832288992735628,0.039351147433627075,0.603715717792511,0.5199667137608444,0.41800648327036705,-0.21668402837262957,0.6137937307357788,0.5043662532591294,0.3812784220424035,0.05787598658108945,0.5827875137329102,0.5177060432512549,0.41466993879070846,-0.185776484180564,0.5781558156013489,0.4723733497609174,0.4750627590494912,0.05688063856650122,0.9999476671218872,0.48430972226059865,0.47010174515748965,-0.05709353975034852,0.9998952746391296,0.49491857004472317,0.598275002981409,0.12068903630606377,0.7791198492050171,0.5158630504889952,0.5425872881171135,-0.060630304671344025,0.6382691264152527,0.48447595109278396,0.7014785290979477,0.22651289718247636,0.8062684535980225,0.5004141812705434,0.6533261520241975,0.03710260383907202,0.6062312126159668,0.48379054843070435,0.7192329962422466,0.23201258403783437,0.7283859252929688,0.48828835005544696,0.6570652816868672,0.0450376844309226,0.5859452486038208,0.4794664010673094,0.7493693823210925,0.1802432189102747,0.7612709403038025,0.49740523150143023,0.6965892994363304,-0.004132531478986665,0.5562350749969482
172,5.733333333333333,0.491143868652383,0.23289963808226613,0.007046508105981897,0.9989931583404541,0.4889311251369971,0.22266738441175657,0.014546694875010709,0.9987320303916931,0.48756062730431016,0.2228098798133224,0.014261465821840687,0.998550534248352,0.48634757317942245,0.22315935010424456,0.01430161193191904,0.9990488886833191,0.49335795767398083,0.22302642827840935,-0.009393519386233878,0.9991784691810608,0.4930744916900917,0.2232807553498104,-0.009712937069433242,0.999277651309967,0.49325413099882043,0.2234544803716263,-0.009852496316555093,0.9994481205940247,0.4837186598481323,0.22874261406693902,0.0591654073198372,0.9993360638618469,0.49206988374122296,0.229894965291521,-0.05352002262310924,0.9986575841903687,0.4894347376459664,0.24424271422149518,0.026779392646689854,0.998292863368988,0.4930105942220159,0.24502951379696405,-0.006732335477166652,0.9984118342399597,0.4734306754485072,0.29902512209545723,0.11592712098566628,0.9998857378959656,0.4959907363138473,0.30247431991953533,-0.12506627129845715,0.9997020959854126,0.4828406892283645,0.3607729458629596,0.1390390328843047,0.5804036855697632,0.520211968619438,0.3741533666950838,-0.20640448848489237,0.6259961128234863,0.5179264055318299,0.3837285656012397,0.06116350778173693,0.6156021952629089,0.5328616919262629,0.4083923110197558,-0.24392950645086003,0.6573507189750671,0.5249850646846513,0.39250891807574395,0.055103794683535344,0.6187838315963745,0.538484844694264,0.4160985481683138,-0.2868632505045616,0.6492987275123596,0.5270888560240933,0.38745992710258137,0.019508568434693622,0.6249205470085144,0.537056295094687,0.4138895073164451,-0.28198286338998174,0.648225724697113,0.5251256812313576,0.38546687270658897,0.043732940270677145,0.6038720607757568,0.5343143756294879,0.41057727312708375,-0.2450259949082476,0.6103789806365967,0.4737354274342188,0.47413491939428926,0.07785680940265134,0.9999505877494812,0.4811582176695425,0.47008656379059277,-0.07800034636016355,0.9999049305915833,0.5005040403320773,0.5934889226419124,0.18222893241694588,0.7122786641120911,0.5083406663673674,0.557387506419929,-0.11156872774212626,0.6742277145385742,0.4885769031878739,0.6809451972792975,0.35057153992459256,0.7388731837272644,0.4956292713793231,0.6761770382226826,-0.03884966935861657,0.6451497673988342,0.48753742852522974,0.6987200808890282,0.36293230263249676,0.6725488901138306,0.48452505052432765,0.6817828102777842,-0.033533604304438545,0.6211854219436646,0.48462713181663375,0.7262425192235558,0.32280773139399027,0.7064138054847717,0.4974382499937786,0.7209605159361668,-0.10206565889254524,0.599301278591156
173,5.766666666666667,0.4921260896561901,0.2326519190201624,-0.05333909307213575,0.9990862607955933,0.4909172700441483,0.2225000633693724,-0.03841739773078323,0.9988500475883484,0.49037866386859486,0.22267105602060133,-0.03870631218632141,0.9986814856529236,0.48991210864864576,0.22303730414166786,-0.03864747333201724,0.9991362690925598,0.4926779219689637,0.2228473075522834,-0.06451841604348829,0.999254584312439,0.49179222208832135,0.22315158679785613,-0.06486696970874985,0.9993427395820618,0.49119991732177826,0.2233739151052819,-0.06503945621535032,0.99949711561203,0.487902890558051,0.22859552200650846,0.038018328290556624,0.9993880987167358,0.4890983668272215,0.22968361030075346,-0.08283408465962752,0.9987622499465942,0.4917096211242367,0.24402742661758786,-0.02139620469878626,0.9984405636787415,0.49250805291524236,0.24481197486807066,-0.05787819262724586,0.9985353350639343,0.47972070233452,0.3016499713782265,0.1274154117652097,0.9998814463615417,0.4925944787514661,0.3019722003570328,-0.15188551481061185,0.9996112585067749,0.5001205896061133,0.363409865526282,0.17339515234679376,0.5938950181007385,0.522941769050386,0.3702771174985774,-0.24994699428983636,0.6322166323661804,0.5411082887642642,0.38902924763404567,0.08756912581530599,0.6469939947128296,0.542996485742411,0.4031296016143167,-0.31406337812566043,0.6647139191627502,0.5500755523850897,0.3989789205962371,0.08332120918315042,0.6488602757453918,0.5490996025515995,0.41030501291225296,-0.365575518017085,0.649959921836853,0.5526465590569754,0.3950722071281631,0.04149513952002816,0.6557195782661438,0.5478169532360205,0.4075813634288385,-0.3599354188939633,0.6493323445320129,0.5493778713504538,0.39242834110915686,0.06800160707258304,0.6355128884315491,0.5450067038098372,0.4046752109989766,-0.315375438052703,0.6008166074752808,0.4771426605062954,0.475230815528926,0.08981821395748085,0.9999409317970276,0.47683867071748776,0.4707264293460514,-0.0899625778539493,0.9998737573623657,0.49887342923160616,0.5962542346387595,0.17197618309075538,0.7109565138816833,0.5027547949350761,0.5645124320966615,-0.194547873900792,0.6989046335220337,0.48523518980889346,0.6938977018097188,0.3347893634339729,0.753638744354248,0.49323352102599133,0.6837223513559396,-0.06711309263961412,0.6325580477714539,0.4831110770934156,0.7105247987390301,0.34491497764392703,0.6702238917350769,0.48317686949135363,0.6888000295626518,-0.05626152755358123,0.5850667953491211,0.48560700250781014,0.7395104389662518,0.27533138812554314,0.7187421321868896,0.5004529417968789,0.719379482049854,-0.13179306499880952,0.5871971845626831
174,5.8,0.49314693636488804,0.23294363825198944,-0.10960828044815048,0.999165952205658,0.49285594683393175,0.22326354086672245,-0.09015778790553716,0.9989522695541382,0.4930623842945232,0.22350654012848672,-0.09045506010217966,0.9987906217575073,0.49330270818999294,0.22388917638849534,-0.09038591961659734,0.9992099404335022,0.4925055567732713,0.2234881629132219,-0.1144043951413166,0.999320924282074,0.4910916650758659,0.22381352761465853,-0.11476494510000168,0.9993988871574402,0.48989928537062394,0.22403470373449236,-0.11495658647471285,0.9995400309562683,0.49220163594425514,0.22940713131392623,0.006374327233889563,0.9994257092475891,0.4872937875962078,0.2303066242878802,-0.10592454063441781,0.9988502860069275,0.4937503909506163,0.2446266986492972,-0.07037927562294116,0.9985722303390503,0.49239865765051316,0.2452899489922154,-0.10463074061466507,0.9986488223075867,0.4885825939363662,0.3057384842739679,0.10699832506763785,0.9998844861984253,0.487755374517437,0.30339673881724155,-0.16302038274277872,0.9995851516723633,0.5170811474935022,0.36706154959470055,0.15343714792693444,0.6235281825065613,0.5199745841006215,0.36753719969191795,-0.28380196587411666,0.6421141624450684,0.5640469838564948,0.3948630204220022,0.05688804546504178,0.6786611676216125,0.5496983890980431,0.3976378305109106,-0.40012818766098224,0.6933149099349976,0.5748496601591009,0.40668376732200084,0.05013967545077249,0.6794880032539368,0.5578889094954504,0.4036863906464173,-0.46192837862469854,0.6786760091781616,0.5776182503077067,0.4039888664576468,0.005357487147876438,0.6864893436431885,0.5559456812659277,0.4006926093317559,-0.45597618146514585,0.6782686710357666,0.5733318569375474,0.4005149134165946,0.036435920755678926,0.6669860482215881,0.552906490548323,0.39817097203318175,-0.40263389615738987,0.6286168694496155,0.48168720016545796,0.4776501617343275,0.08774999747611052,0.9999371767044067,0.4728764585421757,0.470958382699885,-0.08788898971239859,0.9998520016670227,0.4961483107106577,0.6030442785087193,0.14370775902767075,0.730758786201477,0.4857590092096489,0.554336000676376,-0.2680213865299238,0.7109006643295288,0.48158508191378935,0.7090282437863512,0.3008804598079952,0.7768709063529968,0.48317948758660156,0.6539668964507714,-0.08260509692140972,0.5885730385780334,0.47767942096125776,0.7257300541327418,0.3095428914757939,0.6935300827026367,0.47735291840557603,0.6550653052826615,-0.06581953158575707,0.5405539274215698,0.4844643582886334,0.7548054279612169,0.21726558281868172,0.7435511946678162,0.4889346277376956,0.6872219906593381,-0.14439657594007577,0.5540652871131897
175,5.833333333333333,0.4944546712337353,0.23587119735572737,-0.14499583793658405,0.9992443323135376,0.49483297848928937,0.2266929196613709,-0.12290985324285436,0.9990482330322266,0.49560275920663854,0.22693508195489914,-0.1232219001613179,0.998899519443512,0.49644912186906975,0.22727345901509746,-0.12315095249942362,0.9992815256118774,0.49294735581533766,0.22682232069211927,-0.14443923804017234,0.9993817806243896,0.49116445759679833,0.22708558163297324,-0.1448015367435873,0.9994518756866455,0.4895302496718472,0.22726396940792826,-0.14499769242576666,0.9995783567428589,0.4962607240599607,0.23300012427507832,-0.01377882702755441,0.9994746446609497,0.486591237948523,0.23365359522225465,-0.11483637525828196,0.9989343881607056,0.4957395511881535,0.2477958213537127,-0.10140640380477042,0.9987046122550964,0.49304441049831355,0.24832793193272412,-0.13216100235565054,0.9987633228302002,0.4983145849786018,0.3116961598504709,0.08976775247139207,0.9998931884765625,0.4830577048803645,0.30678684854719546,-0.16239041145604333,0.9995545148849487,0.534082308256294,0.3710991283406507,0.13581769154693404,0.6595342755317688,0.5127037729091475,0.3657575212332239,-0.3074682216841643,0.66213458776474,0.5849920189875852,0.40181345674198,0.03803928793568165,0.7100008726119995,0.5432705900162323,0.3854214662726885,-0.4776654658876123,0.7145051956176758,0.5972944914118947,0.4150550599834995,0.030292602015198518,0.7099268436431885,0.5509395374818389,0.3904494047562027,-0.5469494501380949,0.6966742277145386,0.6002814321177153,0.41322689965764464,-0.016063077799937292,0.7165638208389282,0.5500269577648341,0.38653435145838316,-0.5406530747115084,0.6966060996055603,0.5951370529287504,0.40923983211504544,0.01725261872177452,0.6986458897590637,0.5474311436032802,0.38525564030388554,-0.4817492337592405,0.6443694233894348,0.4857548068271146,0.4816029020533544,0.07955815156465398,0.9999309778213501,0.47030639637021143,0.4721019899882968,-0.07970043238113637,0.9998251795768738,0.49442689460863976,0.6100569627619985,0.10882633997984638,0.7487913966178894,0.4677665389085145,0.5475351496912937,-0.2990150268148621,0.7264707088470459,0.4795499013496469,0.7226240561456909,0.2611115685821028,0.7942243218421936,0.46003425085665695,0.6426570940509718,-0.09251092555583855,0.5877154469490051,0.4750367780373821,0.7392254377825062,0.26841859925140116,0.6910387277603149,0.4541683395070522,0.6414423094234363,-0.07427002455023456,0.5153335928916931,0.48197635967539176,0.7682944183762315,0.15612026982147031,0.7606909871101379,0.4591792472493231,0.6756982597484352,-0.16656105364123502,0.5577571988105774
176,5.866666666666666,0.4937621519372749,0.24422478303370163,-0.1795401040789445,0.9993178248405457,0.4954882803739943,0.23474265978361372,-0.15519001758228196,0.9991393089294434,0.49703394945361745,0.2349206040720075,-0.15552406866508325,0.9990032911300659,0.4985515587738797,0.23516999811863987,-0.1554521521583661,0.9993487000465393,0.49152860265420256,0.23484120744006393,-0.17403469909085098,0.9994404315948486,0.4890788555622868,0.23508610119647083,-0.17440167465518872,0.9995037913322449,0.4866849458993786,0.2352574551218153,-0.17460756398195962,0.9996172785758972,0.49929539066346135,0.24069486752975477,-0.03496226310593053,0.9995225667953491,0.48362605975071815,0.2413887429244635,-0.12349758262796508,0.9990271329879761,0.4962398767442268,0.2561165360034303,-0.1322762329166022,0.9988259077072144,0.4912880072424215,0.2566146248459703,-0.15937975765081105,0.9988729953765869,0.5070233208642178,0.3204606006734669,0.07114574012032249,0.9998983144760132,0.47677235902549314,0.31413999933069753,-0.1609598652009083,0.9995423555374146,0.5487870550071903,0.37561816379199725,0.1122656639235917,0.6898216009140015,0.5044758004295111,0.364637411061166,-0.33683924667722404,0.6852989792823792,0.6042703201862099,0.40811191496367827,0.012041740608426863,0.7370516657829285,0.5309522752874315,0.3778240003125476,-0.5600944472172017,0.7366046905517578,0.6175685008275049,0.4218724719421171,0.0017642697128273412,0.7354207634925842,0.5376891231910416,0.3815483850952215,-0.6364898731084078,0.7176663279533386,0.6206929867695479,0.42037736980919654,-0.045887343552467305,0.742124617099762,0.5386309773794895,0.3772532622206385,-0.6294938574248217,0.7179721593856812,0.6151443349796908,0.41616643749424514,-0.009433704701930256,0.7257109880447388,0.5366316548668381,0.37691664814245607,-0.5655802150376997,0.6647723317146301,0.48871964217607183,0.4885495352732964,0.07014291848363428,0.999925434589386,0.4627725318865559,0.4760429774574151,-0.0703234455852404,0.9998055100440979,0.4923250674911717,0.618979861199589,0.08074681885211908,0.7705224752426147,0.4500864972611802,0.5470629138346209,-0.24504718706093165,0.7237974405288696,0.472151855915355,0.7363942338151894,0.22099607972476318,0.8107903599739075,0.4240979594642095,0.6278379225682366,-0.04459037848617708,0.6069591641426086,0.4686254502163043,0.7527259088404056,0.22663248306902167,0.7047514915466309,0.41708048861683883,0.629393880302194,-0.02813696339903444,0.5176898241043091,0.4754404177496679,0.780091472397179,0.10008461556358372,0.7781303524971008,0.4157939263226799,0.6538033827305187,-0.12990564628918402,0.5764909982681274
177,5.9,0.4943107255137234,0.2517459995724883,-0.20595269027189855,0.9993848204612732,0.49680269572468094,0.242288505890207,-0.18005740541425752,0.9992223978042603,0.49891017586897635,0.24249854047868347,-0.18040313635089605,0.9990984201431274,0.5009103685841716,0.24274911653468442,-0.18032762349676945,0.9994101524353027,0.4914640340644408,0.24220388891525868,-0.197009833079598,0.9994944334030151,0.4888122068261018,0.24239789038335144,-0.19737786907094387,0.9995517730712891,0.4861826218336276,0.24253080247562633,-0.19759176426318026,0.9996536374092102,0.5024854816352718,0.24809244287038199,-0.0513327729093585,0.9995670914649963,0.48279881632348703,0.24850010634188838,-0.13083697911990796,0.9991180896759033,0.4976235686180492,0.2637559135887374,-0.1558209548131599,0.998938262462616,0.4913824321438883,0.264211683421254,-0.1803240466202371,0.9989780783653259,0.5141674728122646,0.3280865916374123,0.05737292784178566,0.9999041557312012,0.47219843381593074,0.32087553734488566,-0.15973774701667726,0.9995433688163757,0.5612196319836374,0.3805747495920881,0.09466272763022594,0.7152705788612366,0.49651458478805266,0.3651840676667487,-0.35660335584592906,0.7047840356826782,0.6204120051143369,0.4141531427528044,-0.008473718783923235,0.7609657645225525,0.5145624260702677,0.3734901866127298,-0.6161761635145282,0.7571763396263123,0.6345965039985642,0.4285110754499564,-0.020677067062344002,0.7581877112388611,0.5232788203811127,0.376593031004704,-0.696699906458579,0.7380701899528503,0.6376960349623894,0.42712459833325683,-0.06949921798616418,0.7650325298309326,0.5244367975631901,0.3721235347015943,-0.6896836279935921,0.7387185096740723,0.6319639207764004,0.4228079529262268,-0.030592511965232376,0.7498688697814941,0.5210356285808626,0.37205613892169787,-0.6227481583727321,0.6859206557273865,0.4921222787081224,0.49533372365824113,0.06287811248284542,0.9999097585678101,0.46133364969336366,0.4811416307835098,-0.06308578365767474,0.9997614622116089,0.4917844950017641,0.6266963149730533,0.06262409325694072,0.7857871651649475,0.43413816373915826,0.5482110888405181,-0.2073751750395039,0.7120158076286316,0.4698749414334864,0.747620005702651,0.19419584839494816,0.8235745429992676,0.39310395875561877,0.6158323623970199,-0.0057771837540513266,0.609557569026947,0.46619830720482475,0.7632101455603344,0.19863866960293078,0.7088505029678345,0.3858053999285448,0.6195490983873723,0.010136521158226417,0.5029287338256836,0.4727038184407877,0.7903090714181886,0.06001086535810869,0.7909334301948547,0.3813168787147037,0.6370882846045349,-0.09712640138552746,0.5792652368545532
178,5.933333333333334,0.49635209283254916,0.2600922079840138,-0.23208056486527207,0.9994463324546814,0.4992009081141845,0.2504868077348343,-0.2056936982145378,0.9993001222610474,0.5016116396207725,0.2506806074238093,-0.2060444277471319,0.9991885423660278,0.5039368670823368,0.25090952684699075,-0.205958875117016,0.9994691014289856,0.49321812478147825,0.2503990673181901,-0.2185936017914031,0.9995449781417847,0.49051260947845643,0.2505469236112411,-0.21896057095749016,0.9995965361595154,0.4877770462781633,0.2506413749455818,-0.2191587179332864,0.9996882081031799,0.5058422592775872,0.25609171908584555,-0.0737583698990198,0.9996103644371033,0.48420868826951846,0.25641119890503944,-0.13480940025641647,0.999206006526947,0.4999287990808886,0.27208681956823305,-0.1810720540791516,0.9990443587303162,0.4931727608146445,0.27257940541439424,-0.19997520251816187,0.9990801215171814,0.5219206513222692,0.3360783112440684,0.028318271527796392,0.9999135136604309,0.4711411956618238,0.32902422115769564,-0.13935292291634355,0.999579906463623,0.5737282511065873,0.38524264516187423,0.0575808394297916,0.7435762286186218,0.47712990109618925,0.36700569777959213,-0.3003193441934854,0.7308685779571533,0.634823719692116,0.4194875118373404,-0.056762539358205445,0.7847617864608765,0.48006430662635424,0.3729008410308585,-0.5393066900118793,0.7783937454223633,0.6497561039289599,0.4338701904426155,-0.07325466973909259,0.7820837497711182,0.48347685048189615,0.3754609756464873,-0.6099893841429688,0.7578091025352478,0.6529914344504343,0.43342614227864806,-0.12135949155034631,0.7883128523826599,0.4838091703109935,0.37108246662331257,-0.6139857019678164,0.7594382166862488,0.6467631285577838,0.4285245525161939,-0.07898252388861703,0.7746096253395081,0.48290107996413034,0.3711514334003766,-0.5499366757679799,0.7121657729148865,0.49663209025212024,0.5017782061391964,0.04664627468385085,0.9999105930328369,0.4633501804946232,0.4870339855374536,-0.04690157454803438,0.9997450709342957,0.49383150924461694,0.6329796593242459,0.019982791614146476,0.8060089349746704,0.43728623768878694,0.549238382090287,-0.15075828135665822,0.7025896310806274,0.4702453942457691,0.7569068895059567,0.1220638026512372,0.8403264284133911,0.40285163523223944,0.6057795790903358,0.10139088869149036,0.5597614049911499,0.4659844795965391,0.7717518411833353,0.12348030827688472,0.7326486706733704,0.3972703297158825,0.6089201330220897,0.1231919411181218,0.47206273674964905,0.4726866107426593,0.7982638671965295,-0.027836018080060303,0.8110991716384888,0.3924027985220122,0.6266822710621752,0.028272490491360977,0.5484104752540588
179,5.966666666666667,0.5009375835877218,0.2691751960839056,-0.27841614427679345,0.9995017051696777,0.5044681127953383,0.25947607043318727,-0.2513451850789896,0.9993700385093689,0.5074374381800772,0.2596590367601586,-0.25169965169574515,0.9992696046829224,0.5102937696540966,0.2598798447407284,-0.2516064797039373,0.9995221495628357,0.49746150257035493,0.25939721498062795,-0.2616997289738515,0.9995903968811035,0.49462983961275336,0.25951712768176893,-0.2620711805232695,0.9996368288993835,0.4917881581474461,0.2595787328547439,-0.26225697982460616,0.9997192621231079,0.5135788727805977,0.2649990865272381,-0.11355843089427742,0.9996492266654968,0.4881076867322608,0.26525407402917256,-0.1620057459502496,0.9992849230766296,0.5051693225736033,0.2811489145319149,-0.22534759899783824,0.9991397857666016,0.4973821375031895,0.2816304989060152,-0.2407027454975792,0.999171793460846,0.5338871291533107,0.3449545484187839,-0.008715655253799411,0.9999217987060547,0.47076103170924,0.33807159405875337,-0.14223214606596077,0.9996116161346436,0.5867431160199595,0.3893052637580045,0.01720327696460173,0.7688382267951965,0.4583034703727474,0.36883788256320477,-0.27595112535329985,0.7563906908035278,0.6489930192731133,0.4200260383075472,-0.10808112850289618,0.8060811758041382,0.44576520541526604,0.37382239515414917,-0.49567301177349815,0.7971975207328796,0.6647511098467637,0.43438009348885687,-0.12780553005806425,0.8032994866371155,0.4442188638352427,0.3755026006470257,-0.5591046583176936,0.7721339464187622,0.6679617799297157,0.4339987460256706,-0.17641371482341395,0.8090494275093079,0.4437984134449557,0.3717033159306699,-0.57168865829305,0.775263786315918,0.6611682754307414,0.4289887258410717,-0.13100037344297263,0.7966326475143433,0.4444552085656652,0.37205376016258657,-0.509420987983854,0.7335349917411804,0.5055213195995949,0.5090264968887522,0.036535042713079946,0.9999082088470459,0.4675981988344105,0.49422177190550215,-0.03684458467010912,0.9997276663780212,0.49959082810372074,0.6404101308975898,-0.00838063983483163,0.8197073340415955,0.4372420512063173,0.5493316860053941,-0.11726048007116059,0.6733537912368774,0.4733421141084627,0.7664807803271072,0.07360365000977057,0.8523462414741516,0.40330797630967974,0.6041733513479034,0.152596032432536,0.5180514454841614,0.4678034224393581,0.7813686724643011,0.07266780716439995,0.743013322353363,0.3988079523440044,0.6080619842351725,0.17605374573709875,0.4407704174518585,0.4746679641501985,0.8078313198993818,-0.09069885503959267,0.826877236366272,0.39249507482317475,0.6254950250087665,0.0816516566061202,0.5207613110542297
180,6.0,0.5030404591787335,0.2736363373491358,-0.32088066736977106,0.9995514750480652,0.5070378445740304,0.2642985372011098,-0.2937654800566345,0.9994329214096069,0.5103861148540159,0.26451871247237424,-0.29412613520570563,0.9993425011634827,0.5136763522420655,0.2647852464916722,-0.29402933368218637,0.999569833278656,0.4994281746264791,0.26403645456798513,-0.3017449549146474,0.9996312260627747,0.49652646336929596,0.26406901516649806,-0.30212071718071193,0.9996730089187622,0.4935864759601756,0.2640468839903332,-0.3022994813652923,0.9997472167015076,0.5179797873136343,0.2703344217069916,-0.15308984418111274,0.9996841549873352,0.4897223659150596,0.2699273385335827,-0.18998113706721517,0.9993556141853333,0.5075341251967729,0.28571272669147074,-0.2668127998886269,0.9992254972457886,0.49921076023226074,0.28593585793150267,-0.278925604921675,0.999254047870636,0.5398193267512899,0.3495531531145878,-0.04793377792404348,0.9999288320541382,0.4691587404038706,0.3440082228347433,-0.15270635630663307,0.9996333718299866,0.5955152985507342,0.3891336997774746,-0.027494553406327185,0.7912961840629578,0.4422095207267434,0.3690857518220323,-0.2649212794765168,0.7786458730697632,0.6607678698930832,0.417250700966981,-0.16019469520667132,0.8248234391212463,0.4168832719892078,0.37518780711741706,-0.47105037432617997,0.8121474981307983,0.6775145148444253,0.43092314075428895,-0.18257722749015537,0.8212317824363708,0.41048394126508847,0.3766097969224001,-0.5291095572993344,0.7805168628692627,0.6808915035383005,0.4306712531681127,-0.23190961899365442,0.8268308639526367,0.40908127997967325,0.3736234734225918,-0.5484188950933135,0.7857592701911926,0.6737694375429466,0.4259765326882079,-0.18386353108715925,0.8155502676963806,0.41179078546388026,0.3739570031643162,-0.4873191550443924,0.7494888305664062,0.5105606629800428,0.5121669259408517,0.027979729138949846,0.9999057054519653,0.46966175666773785,0.4977226052643601,-0.028347476641425538,0.9997040629386902,0.5019537506526709,0.6439985255631522,-0.024870849922865344,0.8311895728111267,0.4396833914826355,0.5393254725485378,-0.07693609598870355,0.6193116307258606,0.4740631725109516,0.7734684906555171,0.04405135587484578,0.8629417419433594,0.41236865818266155,0.5881402439732105,0.2105099967841047,0.4697684645652771,0.46763757048830873,0.7876604027907941,0.04168673959018762,0.7556930184364319,0.40891002691102674,0.5922420272290685,0.23577125624695774,0.40407633781433105,0.47468856245890984,0.8135272687964914,-0.12913169075667025,0.8405154347419739,0.4040380925618413,0.6073822227749084,0.14670788750937053,0.4778870642185211
181,6.033333333333333,0.503374751632667,0.27494674699170124,-0.3532916628704584,0.9995962977409363,0.5077917128881928,0.2655065506202348,-0.325667621355313,0.999489426612854,0.5113168017192227,0.26572298100483144,-0.32603193275963843,0.9994080066680908,0.5147814213417058,0.26601832025370936,-0.3259324177475692,0.9996126890182495,0.49967931103743424,0.2651214797056916,-0.3326018255312648,0.9996679425239563,0.4966308132704621,0.2650814536658782,-0.33298221177844173,0.9997055530548096,0.49350765366536514,0.264974673616487,-0.33315627291432587,0.999772310256958,0.5191997411531823,0.2717417953406637,-0.1799796395551342,0.9997155666351318,0.4893531230108705,0.2708036523820192,-0.21132353540508328,0.9994188547134399,0.5079881050918346,0.28703950494940356,-0.2972561611599631,0.9993025660514832,0.4990205985602014,0.28698981983461064,-0.30787421273788473,0.9993278980255127,0.5428529945519213,0.3502920804730453,-0.07162397905705667,0.9999350905418396,0.46701939675360654,0.3460818864617633,-0.1605410814604734,0.9996528625488281,0.6023886032536964,0.38692815728910823,-0.051656223253636446,0.8117798566818237,0.4283865671635765,0.3680135611670451,-0.2564269092041092,0.799580991268158,0.6701720814866761,0.4133987500748344,-0.18843205187570494,0.8419675230979919,0.393135741521951,0.37481857216611275,-0.4508548686033877,0.8277638554573059,0.6879118825657817,0.42691386253290126,-0.21209643717443405,0.8380627036094666,0.3826869518961558,0.3761861270414183,-0.5046756271181085,0.7924350500106812,0.6911585195967317,0.4265300510728548,-0.2617335137649748,0.8433667421340942,0.38070906368876456,0.3735446314132279,-0.5294551977125732,0.799064040184021,0.6838343929896654,0.42201318310533653,-0.21251648272191884,0.8330795764923096,0.3850114597297163,0.37385215535448485,-0.46918016622657294,0.7672092318534851,0.5128475316266831,0.5121208643061133,0.02290152383611134,0.9998982548713684,0.469900090133109,0.4979460356556277,-0.02330261140243464,0.9996743202209473,0.5023210840898396,0.6442188493687209,-0.04399992035865369,0.8397150039672852,0.44581690267908836,0.5388243978567105,-0.0512136160727165,0.5839521288871765,0.47305758390924074,0.7765137100983317,0.010768389948039598,0.8727334141731262,0.42736853707540157,0.5968989584230199,0.2534951575417209,0.4300496280193329,0.4663046534879563,0.7902735510993845,0.006638202405366604,0.7648844122886658,0.42348574218421287,0.6008964151308607,0.28030588745557095,0.373596727848053,0.47336878983622727,0.8160236700700563,-0.1731865297658681,0.8535839319229126,0.41755040166116864,0.6190065496690356,0.1893364988137133,0.4463806450366974
182,6.066666666666666,0.5032415984333078,0.2728477031377094,-0.3753805607750549,0.9996366500854492,0.5079553528514383,0.2634598375547438,-0.3479062598776631,0.9995404481887817,0.5115123864532048,0.2636795944117002,-0.3482690821288906,0.999467134475708,0.5150021448085242,0.2639925719279011,-0.34816837461910144,0.9996513724327087,0.49941987323394954,0.26294870526166414,-0.35351771538815013,0.9997011423110962,0.4962376989966045,0.2628433665285964,-0.3539001823428856,0.9997349977493286,0.49296409354639414,0.26266465250143156,-0.3540663894594065,0.9997950196266174,0.5194128960653238,0.26983833372989763,-0.20021504948767194,0.9997439384460449,0.48872389873062483,0.2685312402400693,-0.22504534894343148,0.9994767904281616,0.5077774603958103,0.2849815043930051,-0.31853338689204436,0.9993722438812256,0.4983084513004292,0.2847672123554321,-0.3273234390725872,0.999394953250885,0.5446212112091122,0.3474655546805125,-0.09161373415814218,0.9999411702156067,0.46440178795138304,0.34481496944786055,-0.16326650835949685,0.9996829032897949,0.6069744268802099,0.38156166931483293,-0.07302185947383175,0.8302683234214783,0.41820295226882337,0.36497282681615895,-0.24362722344821086,0.8183932900428772,0.6769517538554568,0.4062914939542497,-0.21226746082840675,0.857431173324585,0.3745136775228063,0.3750677963532848,-0.4311003627260892,0.8429883718490601,0.6954904283919275,0.4192578844163409,-0.23748882031046242,0.8533157110214233,0.36201320004014154,0.3773159820014925,-0.4812271315685316,0.8074122667312622,0.6989694119373253,0.4187398376560043,-0.2870534638960659,0.8583237528800964,0.3596773627204037,0.3753430130261228,-0.5109487847455495,0.8144742846488953,0.6913368509931556,0.41446895415213697,-0.23652597537163628,0.8489556312561035,0.36477132336565427,0.3754878744072524,-0.4511545829204258,0.7859776020050049,0.5144782774559603,0.5093982874296255,0.016654811859523597,0.9999006986618042,0.47060834430982984,0.4953381020404458,-0.017091247775321537,0.9996829032897949,0.5009712510687879,0.6415030501381463,-0.06450457406028348,0.8489263653755188,0.45038958599602397,0.5409497411115722,-0.025726786422476586,0.5516089797019958,0.47065208807275283,0.7772839175044651,-0.026108664948479222,0.8818262815475464,0.4386055571617301,0.6052816698992204,0.2817894939258312,0.3970339298248291,0.4643421836439646,0.7910211596618828,-0.03218726560191538,0.7739467620849609,0.4344264420370388,0.6090474314236993,0.3085692033920399,0.349315881729126,0.4707355542056421,0.8164937396720648,-0.21925307111544462,0.865801215171814,0.429332186502569,0.6317895501622662,0.21503666641160923,0.42487484216690063
183,6.1,0.503259148420747,0.26703883222772307,-0.39500488727979716,0.9996729493141174,0.5081839553093948,0.2580305922232179,-0.3695853151124896,0.999586284160614,0.5117281421842699,0.2583078306362363,-0.3699574052170744,0.9995203018188477,0.5152215316400016,0.25866204593710923,-0.36985981763687525,0.9996861815452576,0.49934863574223387,0.2573254986283056,-0.3721925490212729,0.9997309446334839,0.49598716140203075,0.25717985720220304,-0.3725740574042369,0.9997614622116089,0.4925858024045184,0.256988004112145,-0.3727281347761604,0.9998154640197754,0.5198169953970849,0.2648763057095308,-0.22606020084945036,0.9997694492340088,0.48837029322908493,0.26318344276789435,-0.23636387891024904,0.9995286464691162,0.5077415731105983,0.27945343649540966,-0.3393499907491847,0.9994348883628845,0.49793549502468765,0.279039373977531,-0.3439865914301341,0.9994552135467529,0.5458742630253046,0.3415679920750689,-0.12472757828333429,0.9999467730522156,0.46153880955371634,0.34078155792308035,-0.15857127483962624,0.9997112154960632,0.6105119783878608,0.3734808489669806,-0.11248823942327678,0.8469346165657043,0.41145827159777826,0.3629995088448564,-0.21583553582548054,0.8355536460876465,0.6818916992206285,0.3968404869278981,-0.253915575177043,0.8713512420654297,0.3619692557026765,0.37795842932838114,-0.3969942235205722,0.8578997254371643,0.7013839500204098,0.4100822717455202,-0.28330727724884675,0.8670416474342346,0.3479219591892606,0.38129017936770687,-0.4431516878651073,0.8243952393531799,0.7050271143118519,0.40954453944974023,-0.3315938570787754,0.8717595934867859,0.34550407336387823,0.37972206383852,-0.4787741099952419,0.8312149047851562,0.6967727944177279,0.4051448184848267,-0.277871956914313,0.863151490688324,0.35114280468116177,0.379695064338893,-0.41923373493135235,0.8055086731910706,0.5153786925686926,0.5043933751336869,0.0016203010174958392,0.9999050498008728,0.47088456983071053,0.4904572492389244,-0.0020993052809646882,0.999695897102356,0.4990480266690912,0.6367347427576737,-0.08605946346693875,0.8607004880905151,0.4379764428000361,0.5328225004607839,0.052866611716250164,0.519055187702179,0.46868345591743077,0.7758983437944786,-0.050346046702880044,0.8905567526817322,0.42983092055222283,0.5932261765199677,0.3820204194278563,0.3695542514324188,0.46348749507467996,0.7896266332179869,-0.056586158480536025,0.7763913869857788,0.42627169171683876,0.5978157786582061,0.4108449553620541,0.33163025975227356,0.4681217344635839,0.816360649796664,-0.2469464258665022,0.8769751787185669,0.41830590019348923,0.6166945002500241,0.32297003671635316,0.40865686535835266
184,6.133333333333333,0.5043125652838605,0.2594609653212896,-0.38611271589361407,0.9997052550315857,0.5091544609257665,0.2509247633346381,-0.36277435721056817,0.9996266961097717,0.5126320833427892,0.25123374934197773,-0.36315259834225033,0.9995671510696411,0.516084455740631,0.2515881714926692,-0.36308076177328885,0.9997168183326721,0.5002756383998489,0.2501027168128172,-0.3608895131774677,0.9997571706771851,0.49682121206345464,0.2499520524419446,-0.3612630221835407,0.9997845888137817,0.49333052737670346,0.24978178966105966,-0.36141126336598645,0.9998332262039185,0.5206846430589654,0.25825000776775053,-0.22974546614816282,0.9997915029525757,0.48909784308040133,0.25657441316431245,-0.21910233648706606,0.9995714426040649,0.5086778763142287,0.2720954913365238,-0.33344982385722594,0.9994899034500122,0.4988208811118895,0.2713955333911512,-0.3321971330466864,0.9995073676109314,0.547001263457161,0.33413429375024783,-0.13268322425047285,0.9999513030052185,0.46067098281415025,0.33591968685518947,-0.12922399225674208,0.9997282028198242,0.6121884875129826,0.3640329409659768,-0.12702573923937277,0.8601740598678589,0.4094165144875515,0.36263041736235063,-0.1677218356330248,0.8414945006370544,0.6837033440564885,0.3852213898476282,-0.26990329116830747,0.8826884627342224,0.35778830017837354,0.38200265124859045,-0.3453024421300991,0.8662445545196533,0.7038110571759604,0.39756439262925325,-0.3022253078207823,0.8771606683731079,0.3423099794140019,0.3868661309026002,-0.3877592152047715,0.8311485052108765,0.7080359689030038,0.397191019059648,-0.34813640267588764,0.8820611834526062,0.3399664023487218,0.3856443541775814,-0.42797621980550693,0.8393301963806152,0.6995245897602276,0.3931568934800002,-0.2929512947438485,0.873750627040863,0.3461945208498771,0.38524491435245745,-0.3692292280375307,0.8159864544868469,0.5164232197755307,0.4988743772865057,-0.01220396154379998,0.9999068379402161,0.4721539916412325,0.4860015686765727,0.011698916306039982,0.999698281288147,0.4974329517653891,0.6321402902050305,-0.10199947328110719,0.8607062697410583,0.43909379800950843,0.5294430351409738,0.09454562938536766,0.47210007905960083,0.46827722458517923,0.7743403313303946,-0.0697396433799513,0.8900852203369141,0.4344215387674753,0.5828135843377966,0.4333106390984076,0.3347146213054657,0.4648853291796514,0.787889723134747,-0.07591172071175105,0.7574717998504639,0.43209482252605064,0.5869077462777461,0.46353300478398085,0.3036452829837799,0.46735339452130276,0.8166000978193582,-0.26484867968613995,0.879210352897644,0.4236193498699139,0.6044892361922197,0.384505926688031,0.37322890758514404
185,6.166666666666667,0.506398526492982,0.2508389309063279,-0.3766892696473527,0.9997332096099854,0.5114752652984138,0.242789312917789,-0.35515865405740954,0.9996615648269653,0.5149528555332191,0.24316444213498362,-0.3555249712972396,0.9996073842048645,0.5183717697670073,0.2435615529423797,-0.3554491938086364,0.999742329120636,0.5023412737272551,0.24186015694858076,-0.3494085077372401,0.9997799396514893,0.4987347244129416,0.24171613498064828,-0.3497702187517011,0.9998046159744263,0.4951233158349869,0.24155082165154337,-0.3499068246233807,0.9998485445976257,0.5228970582404414,0.2507471961110138,-0.22825748042024718,0.9998081922531128,0.490989619565358,0.2488173201758641,-0.20226760293409304,0.9996101260185242,0.510620268659917,0.26364417433485865,-0.3266832203610332,0.9995357394218445,0.5005661246537029,0.26252349777238754,-0.3204880718621986,0.999550998210907,0.5480764831670201,0.32578740070310164,-0.14652733986242297,0.9999482035636902,0.46166881457036446,0.33004805445854074,-0.10216288166925502,0.9997354745864868,0.6072098411965982,0.3534627987878084,-0.19188100984731202,0.8652712106704712,0.41045579605772603,0.3638528361092057,-0.12423571889461726,0.8391580581665039,0.6650624283561405,0.3710096961907139,-0.37836221555023813,0.8842705488204956,0.35861563015207587,0.3872808756007503,-0.29913403539997463,0.8768279552459717,0.6813715135833751,0.38120099730389495,-0.42319924894597916,0.876993715763092,0.3427942831104763,0.39465156000299606,-0.3401019833591841,0.8438848257064819,0.6841393152232098,0.3803731039233471,-0.4605766382416217,0.8822527527809143,0.34045510302091997,0.3934785117124484,-0.38337758241754016,0.8518540859222412,0.677117113102339,0.3774215530739627,-0.3992027214459275,0.870309054851532,0.34700899254416406,0.39205025148942724,-0.324144601177013,0.830264151096344,0.5165644922811758,0.49223725052811373,-0.024607422231585446,0.9999087452888489,0.47186848517252983,0.4801017399025211,0.024130869880222373,0.9997181296348572,0.4942660484329344,0.6271388813599508,-0.1130431467306903,0.8666967749595642,0.42940304736520346,0.5185805857010792,0.07784757417816175,0.49177029728889465,0.46966216933156757,0.7708091825530824,-0.07093828284269735,0.8951293230056763,0.4390239898076887,0.576159170241555,0.41694366607204814,0.32861214876174927,0.46762925629376334,0.7838297023290569,-0.0717024229998033,0.7422195672988892,0.43625987380154113,0.5806885026655293,0.44823945694472966,0.29715895652770996,0.46691170633868906,0.816163278102918,-0.2534858758393287,0.8830761909484863,0.4281721421874722,0.5998758946475842,0.3740573799748478,0.37028396129608154
186,6.2,0.5034960694710475,0.24423369907763437,-0.3481793096541419,0.9996985197067261,0.5088772898805078,0.2375770811422005,-0.3304370006738549,0.9996181726455688,0.5121887262893454,0.23803144845329477,-0.33080256138584996,0.999555766582489,0.5154094187624221,0.2384604212857055,-0.33073083396103015,0.9996828436851501,0.5003301325364103,0.23651747957285657,-0.32020606296883647,0.9997580647468567,0.497061220671894,0.2364297987782364,-0.3205643125719872,0.999783456325531,0.49376844109736245,0.2363148295033582,-0.32070239489207486,0.9998326897621155,0.5200999757247107,0.24584955013091292,-0.22265649470614993,0.9997074007987976,0.4906696605279613,0.2437376845357257,-0.17386625472076084,0.9995474815368652,0.5074355365941453,0.2579880318735376,-0.30471922158274195,0.9992314577102661,0.49819840934354803,0.25649580875956374,-0.29266405890651237,0.9993298053741455,0.5405633596156374,0.3202502185990735,-0.17099369806209305,0.9998741149902344,0.4639815690353569,0.3257730223527024,-0.06598205998090192,0.9996713995933533,0.5863749092888788,0.3380950312374877,-0.2531114621508692,0.8626604080200195,0.4147000100254248,0.3662734836026804,-0.07796754097184706,0.7854015827178955,0.6331001206344248,0.33982373942992716,-0.4333262119698396,0.878254771232605,0.36316660919546995,0.3930983879767304,-0.2518307810061453,0.8751798272132874,0.6461628841611611,0.3485864223139761,-0.4839733170394578,0.8656247854232788,0.34740510553080967,0.402891022198177,-0.28928591086356603,0.843868613243103,0.6491382821271204,0.34408380621094264,-0.5112178793659382,0.8711783289909363,0.3449612936070713,0.401820451196269,-0.3346014941620399,0.8531985878944397,0.6431046880654634,0.34293887181822924,-0.4503647540203105,0.8556351065635681,0.3514246458581161,0.39933132871192045,-0.27776915470636643,0.832158088684082,0.5097915277831531,0.48782005917715365,-0.04315068384424347,0.9998917579650879,0.4678890178290447,0.47607220386789767,0.042696789344231004,0.9997072219848633,0.4889636304524254,0.6228555595338714,-0.12688091262233067,0.8468180298805237,0.4170128377218367,0.5103415167565805,0.11651223296211886,0.4457748234272003,0.469890407442014,0.7663268010514708,-0.08243984822123791,0.8776859045028687,0.4414248079545596,0.5674471525228082,0.44366286713108843,0.2980462312698364,0.47007063309947905,0.7787778962964137,-0.0828515800604518,0.713123619556427,0.44166933002715614,0.5721983655764631,0.4739691753818357,0.27332261204719543,0.4666497902565703,0.8151269246891188,-0.2572623019457263,0.8651794791221619,0.431780468318211,0.5920659544733646,0.4067746979246901,0.3374854028224945
187,6.233333333333333,0.5028179193754557,0.23947390814495928,-0.3333224776470062,0.9997116327285767,0.5085538754726356,0.23293206228011926,-0.31807295404637503,0.999634861946106,0.5118014120194858,0.2334650935692446,-0.3184366292263202,0.9995698928833008,0.5149798373859317,0.23397541648607076,-0.3183670056203002,0.9996892809867859,0.5001588471086021,0.23170682312489876,-0.30523769137306306,0.9997714757919312,0.4970475587415748,0.2316000924620611,-0.305596696089323,0.9997939467430115,0.4939039291509377,0.23149112709623987,-0.30574262935623764,0.9998425841331482,0.5195574187736612,0.2413065184123465,-0.22381193977639954,0.9996931552886963,0.4914334995629159,0.23902371562397962,-0.15868962532305764,0.9995625615119934,0.5065314805048404,0.25330167887796234,-0.29335924672144276,0.9992052316665649,0.49765014165154675,0.25177755640529625,-0.2779185784554192,0.9993212819099426,0.535204982623877,0.3160597805986874,-0.19704485845935632,0.9998276233673096,0.4673260704912777,0.3210656772934569,-0.04023326012597534,0.9996675848960876,0.568006470553142,0.32944973437820324,-0.29230807859862573,0.8288946151733398,0.4194405498798923,0.36818018908451644,-0.03781523161924671,0.7334799766540527,0.6021947967767879,0.32441388370219737,-0.4538304976643368,0.8268232345581055,0.3679747899239434,0.3983837208913912,-0.21031181562221324,0.8690835237503052,0.6120214168629485,0.3306292477440001,-0.5065845925193637,0.8139267563819885,0.3523967542689239,0.41028869201471174,-0.2450668983879633,0.8407769203186035,0.6151856418563098,0.3255589324823506,-0.527382902081211,0.8203567862510681,0.34968644225844125,0.4091896239463805,-0.2921580745969187,0.851427435874939,0.6107512092508446,0.32540900469829903,-0.46780448270949326,0.800621509552002,0.35602154285845433,0.4059008015802441,-0.23684544454727083,0.829757571220398,0.5048898467423061,0.48436349153909397,-0.06065897048953739,0.9998881220817566,0.46574643505423574,0.47278500173577204,0.060227851967019824,0.9997206926345825,0.48562095934649596,0.6192222035139054,-0.13871624587741568,0.8298324942588806,0.4121143534192102,0.504822258960211,0.15554667626648053,0.40419289469718933,0.47118753377736483,0.762113990509042,-0.09008227762593274,0.8610442876815796,0.44394628950739856,0.5592154520724529,0.48463532207286986,0.2700285017490387,0.4732898084478724,0.7743810660750818,-0.09003968258042448,0.6838734149932861,0.4470348719610863,0.5638912856704432,0.5155993291810768,0.25121256709098816,0.46712929315925644,0.8140464822550679,-0.2567039367958518,0.8452492952346802,0.43401342465120496,0.5842366635905996,0.4593125589948005,0.3068312704563141
188,6.266666666666667,0.4993232262687063,0.2544624214482898,-0.2877064784600927,0.9880567789077759,0.5050062621017296,0.2475583911866852,-0.277713378342031,0.9927782416343689,0.5083809357140613,0.24790123413865145,-0.278077727732411,0.9921347498893738,0.51192085572857,0.2483290293869611,-0.27802134579030746,0.9949552416801453,0.49690189860728523,0.246711347094142,-0.261814984688849,0.9922375082969666,0.4941742697149607,0.24671589177075562,-0.26216535940248437,0.9918569922447205,0.49148463029891,0.24666282973501652,-0.26232293894187153,0.9939677715301514,0.5158545367340479,0.25478541406126876,-0.204545541125613,0.9962126016616821,0.4903582762794727,0.2531980655619759,-0.12678479072227097,0.9832673072814941,0.503300592911263,0.2668330079594351,-0.2553311675127932,0.9869531989097595,0.49419442102844746,0.26581406238995525,-0.23590064323758916,0.9818252325057983,0.5302570217189417,0.3209738403232199,-0.20413607602307127,0.9997156858444214,0.4704834617367465,0.32564812474681404,-0.010517568773318168,0.9981955289840698,0.5506795762181775,0.32580029263728155,-0.30236227653352515,0.7940641641616821,0.4337598316043695,0.3651333287040435,-0.00919393934646481,0.6632235646247864,0.5765040025063098,0.31566388598331563,-0.4354151093150478,0.8025341033935547,0.39146771499966515,0.38052805842820897,-0.17537636518388952,0.7949366569519043,0.5835576929811286,0.3185177251000674,-0.48695553193970975,0.792884349822998,0.37915170903528245,0.3876893087724189,-0.20864080995971687,0.7752708792686462,0.5870150055412835,0.3128707874201827,-0.5013655060468185,0.7987402081489563,0.3760835016080323,0.3862100920535268,-0.2504849502823699,0.7846938371658325,0.5862023074417992,0.30988774302401617,-0.4457992989596959,0.7683870196342468,0.3812304893436798,0.384003276843783,-0.19992775864350432,0.7638752460479736,0.49955330039812124,0.48316176015034434,-0.06897216722152599,0.9998729228973389,0.4656571688673514,0.47214193639626406,0.06855155704288517,0.99968022108078,0.48468258430524247,0.6175928556974328,-0.14415989108779584,0.8360074162483215,0.42452266786598414,0.5081819180242346,0.18449191515923136,0.37647008895874023,0.4731936382739145,0.7589430332069561,-0.10158960086978241,0.8722571730613708,0.4583665399988186,0.5604287475243547,0.501004906867391,0.2715764045715332,0.4767755280833587,0.7711220507365617,-0.10237108577842124,0.702799916267395,0.4620998980568556,0.5650059666897502,0.5308077326866072,0.2634527385234833,0.4687715489580545,0.8131567567581299,-0.2698384853788077,0.8555513620376587,0.4515409886210717,0.5863198932748184,0.4745835343283989,0.30223923921585083
189,6.3,0.4980242233112079,0.25620909073539766,-0.2521461700103027,0.9892505407333374,0.5048431979238892,0.24853880977964224,-0.2673118794827075,0.9934998750686646,0.5083543456688199,0.24894660395311421,-0.26766741677763556,0.9929206967353821,0.5120772815972326,0.24948630377611358,-0.26761705296173727,0.9954591989517212,0.4973330236592822,0.24748835708584954,-0.24526632828874473,0.9930133819580078,0.4952599144173372,0.24733428200163796,-0.2455050027350475,0.9926708936691284,0.4932538051498099,0.24705478572179906,-0.24559096666292196,0.9945706129074097,0.5169524038095639,0.2559792170278734,-0.21112844800069888,0.9965910315513611,0.49484603325567733,0.25278664649396987,-0.1281712632668773,0.984939455986023,0.5022767079754561,0.2670557860036726,-0.2466803357275318,0.9882569909095764,0.4938082678224885,0.266116909310857,-0.21995316285651398,0.983641505241394,0.5267323209538297,0.3186370041859527,-0.2239416329740921,0.999742865562439,0.4775507740310591,0.3204025465976847,-0.001178433754790647,0.9983694553375244,0.5387241681967141,0.3236711394554332,-0.35222055530562757,0.8135566115379333,0.4379536694022666,0.3584195647364687,-0.0003915278050639036,0.6432989239692688,0.5597059219775109,0.3035581292074008,-0.5120216224787529,0.8217186331748962,0.3897133177866019,0.3711083777890348,-0.14224834669861988,0.7966302633285522,0.565414251708018,0.30183877017155947,-0.5669656095785023,0.812968909740448,0.3770348795049657,0.3774204648001058,-0.16905559263257505,0.7761533856391907,0.5691653686683695,0.29565812143123926,-0.5790634060440814,0.8183499574661255,0.373747019733692,0.376006490477501,-0.2078434203145253,0.7856498956680298,0.568708535072834,0.293921550392779,-0.5222088766292912,0.7906051278114319,0.378537684790028,0.3742044005573222,-0.1646078005241834,0.7650004029273987,0.49770428871524924,0.4794973618529732,-0.07641696281446277,0.9998844861984253,0.471007759039771,0.4693570534378246,0.0759998226499335,0.9997101426124573,0.4880817776833583,0.6163024422170282,-0.1601479905369941,0.8521537184715271,0.43439401701599223,0.510281729038034,0.23215097784638472,0.3893882930278778,0.4792390905702908,0.7565603846188862,-0.11903037471697744,0.8848178386688232,0.47397757739000246,0.5617146345798177,0.5651888767336609,0.30068662762641907,0.48278519656869257,0.7685913175653584,-0.11959070219651999,0.731276273727417,0.47818622023199514,0.5657361549867875,0.5970445094850276,0.31110838055610657,0.4761057839025554,0.8122444826703665,-0.2823796013340025,0.8698118329048157,0.47155256695182485,0.5888851474356727,0.5504830323870492,0.3448079824447632
190,6.333333333333333,0.48990581351242724,0.2526190343546233,-0.2169158132700808,0.9903243184089661,0.49767718858106763,0.24484090962518185,-0.23513303623072557,0.9941490888595581,0.5011665835195044,0.245377846559668,-0.235483468415103,0.9936277866363525,0.5050106738311698,0.2460302532883658,-0.23542034547801646,0.9959126710891724,0.4914423514935694,0.24368765750335478,-0.2098315728391886,0.993710994720459,0.4902171791525841,0.24355471669012996,-0.21007213449789658,0.9934027194976807,0.4890166812139843,0.24327119288891677,-0.2101401954170289,0.9951124787330627,0.510740467202561,0.25276166372145803,-0.20403353975289018,0.9969315528869629,0.49299292925578103,0.2491977566344067,-0.1028549062828685,0.9864426255226135,0.49430796688408213,0.26348239909732035,-0.21674257645326356,0.9894291758537292,0.48712571468359217,0.26248427910817074,-0.18559929972699052,0.9852731823921204,0.5168178581377193,0.31457096636017257,-0.23093045630284167,0.999767541885376,0.47869090807294973,0.31472777180602474,0.023497740757073945,0.9985057711601257,0.5182332688950695,0.32241478201057694,-0.37282362540364655,0.8307067155838013,0.44611343233712325,0.35242929514647886,0.037828330131085317,0.5905191898345947,0.5250105143777904,0.30569334861583375,-0.5360820780081477,0.8380822539329529,0.40824135713358817,0.3661388101099108,-0.080890140290616,0.7356365323066711,0.5294573006839012,0.308701133364641,-0.5938315264452487,0.8300288319587708,0.39878000207859643,0.3711995049040092,-0.10329761430257622,0.7237747311592102,0.5327400272728813,0.3019172256122426,-0.6016677035595058,0.8348708748817444,0.39626265884683265,0.3705116202600666,-0.13853529522584165,0.7326016426086426,0.5324076421114629,0.29858175337774173,-0.5442056477204696,0.8075931072235107,0.3993533920893945,0.3670042143890302,-0.10106162926330735,0.7117787599563599,0.4902720614616753,0.4770604103103675,-0.08566110023505194,0.9998944997787476,0.4741123562556274,0.4672496761090428,0.08525839917488011,0.9997342228889465,0.48637172103390947,0.6157571394278115,-0.1663489887831505,0.8661686182022095,0.447937110003651,0.5117810537643843,0.26189973313590753,0.38140442967414856,0.4793666362609912,0.7552002436938425,-0.13381080650134175,0.8960444927215576,0.4872490938189928,0.5643240491615359,0.6020589783791388,0.3069365620613098,0.48365465567889393,0.7670890245914037,-0.1356011590082722,0.7559218406677246,0.4898424023936271,0.5681932382186275,0.6347186224055268,0.33616501092910767,0.4764700613208971,0.8113807498668042,-0.29676425878341833,0.8823668360710144,0.484893180284953,0.5929884732853719,0.5961804480684816,0.36137065291404724
191,6.366666666666666,0.484049838774966,0.24822066227091985,-0.18213621724324564,0.9912797212600708,0.4929480204772451,0.2402014907367427,-0.2027139327470543,0.994726836681366,0.49625392154973424,0.24082183563276738,-0.20306802962945053,0.9942585229873657,0.4998692331093536,0.24152387825488217,-0.20300452044879388,0.9963170886039734,0.48819783572785164,0.23905772132669176,-0.1741305792562279,0.9943281412124634,0.48809190417516,0.2389928669738071,-0.1743773134096552,0.994050145149231,0.4870909163000845,0.23875687627907763,-0.17443905229784523,0.9955888390541077,0.5072912212474247,0.2485301277806688,-0.19434834886521818,0.9972360730171204,0.49243042646288443,0.2451735240722682,-0.07583849162599829,0.987761378288269,0.4884388837233284,0.2595579889183002,-0.18641702188411974,0.9904624223709106,0.48268272637249177,0.2585641759225068,-0.15101032856941415,0.9866899847984314,0.5085669177450132,0.310482996960052,-0.23734579650130425,0.9997893571853638,0.4810820537346848,0.3099277675941278,0.05491433765957099,0.9984768033027649,0.49784677291540025,0.32112967768696854,-0.3727745697331265,0.8470885753631592,0.45629948015408633,0.3480382957232969,0.08298868145187924,0.5328560471534729,0.4879928471219594,0.31405900859696817,-0.5004442424759119,0.8535557389259338,0.4231680447271867,0.3661748360972638,-0.021829171772271727,0.66658616065979,0.48773193538577336,0.32006143721243124,-0.5557504527766317,0.845768928527832,0.415455160836936,0.3713838931550269,-0.039702927583285245,0.6598461866378784,0.48990018559273446,0.31399310322152685,-0.5581057806304176,0.850007951259613,0.41217916118602543,0.3706846438254169,-0.07454461592342308,0.668052613735199,0.4915826547116712,0.31038490549776854,-0.5046839095763419,0.8235056400299072,0.41441831794691086,0.3662682494252296,-0.04155205593987727,0.6495741009712219,0.4855797568057574,0.47483703905128893,-0.09411863869602674,0.9999029040336609,0.4757126060698127,0.4657242157919461,0.0937512041421554,0.9997483491897583,0.4860644038572134,0.6156386510546786,-0.15826287029848143,0.8777488470077515,0.46056042321686885,0.5132636313503671,0.2680389420558847,0.3672839105129242,0.48042433015103225,0.7549648555275712,-0.13126627562267792,0.9056985378265381,0.49816021159438806,0.5673835468096018,0.6077563976814153,0.30880552530288696,0.48476741361358094,0.7671583008254725,-0.13413121089963445,0.776611328125,0.4994380559691638,0.5725613520869907,0.6436672797290959,0.3563168942928314,0.47701434711997104,0.8106380847844421,-0.28885931073769194,0.892645537853241,0.4946991969623883,0.5968851139989174,0.5970396915255554,0.3681996166706085
192,6.4,0.48239805626089005,0.24490109544484184,-0.08225498372663897,0.991889238357544,0.4890921370159661,0.23667674054565857,-0.10566261416389676,0.9948234558105469,0.4911989132884924,0.2372472743650892,-0.10600992575035328,0.9944238066673279,0.49384694367762905,0.237857264470749,-0.10597662995321597,0.9963881969451904,0.4872905729504641,0.23566789287877796,-0.08352066993191687,0.9946003556251526,0.48802786115722857,0.23565649151391044,-0.0837717826413854,0.9944053888320923,0.4878803054394618,0.23548285495291085,-0.08384222788162247,0.9958066344261169,0.5004373719827598,0.2446419294513305,-0.12803046933078455,0.9973511695861816,0.4932902721480942,0.2422345582653784,-0.03557506631658283,0.988396167755127,0.48495563435479294,0.256361338603967,-0.0949478569287677,0.9905329942703247,0.48243749789486257,0.25564220927472836,-0.06786568960218242,0.9871702194213867,0.4930791890370777,0.30775923954704393,-0.1774461969097591,0.9998014569282532,0.48957235026375134,0.309090763454297,0.05636851816503476,0.9985920190811157,0.47409148357751957,0.3287539376497224,-0.26970893447332406,0.802743136882782,0.47299137735002433,0.357663076076442,0.052138364306413096,0.5092822909355164,0.473188650827588,0.3288881292455914,-0.3404600401894208,0.7700928449630737,0.4405906623782555,0.37094548907506275,-0.03239279586045875,0.6002756953239441,0.4733924712943133,0.33623323850318976,-0.37919335836824186,0.7631189227104187,0.43273785175593,0.37476019368631935,-0.045306974981140696,0.5941861867904663,0.4753358523727549,0.3305407373431941,-0.38436659391307354,0.766862690448761,0.4292600888797893,0.37392830618684625,-0.05129088788857793,0.6015613675117493,0.47720782460118427,0.32661137686500613,-0.34418843559352513,0.7427880764007568,0.4314308922754678,0.36892830325522585,-0.04636040309526246,0.5849233865737915,0.4781564833983133,0.4735773341823011,-0.07159496917112439,0.9999085068702698,0.4801141537403793,0.4656457331318954,0.07122277757934517,0.9997647404670715,0.48314625472150335,0.6149581128627648,-0.11578645939929882,0.8780699372291565,0.48963709900860886,0.5098603376559976,0.21780748288563653,0.37522250413894653,0.4804174219727576,0.7537167074071935,-0.11082227816531247,0.9080947637557983,0.5071977647614673,0.5742894689943141,0.49681695376434704,0.32835668325424194,0.4844517837769948,0.7667884056258172,-0.11533286511372687,0.7930094003677368,0.5048819725285998,0.5774505929489194,0.5267221481631116,0.3801443576812744,0.4780364660614471,0.8049914446584816,-0.24239528554940606,0.874740719795227,0.49858350755773173,0.6064208921352294,0.49616830921690674,0.3549100458621979
193,6.433333333333334,0.4840775333341659,0.2425024757782274,-0.008388937234916537,0.9925550818443298,0.4883173964955676,0.23410976146553805,-0.03333132155883455,0.9951229691505432,0.48922629680263274,0.23458949931288917,-0.033668055039640266,0.9947742223739624,0.49062243907831904,0.23506431926857013,-0.033656928608922686,0.9965953826904297,0.4894346205868574,0.23321384945223222,-0.01700216121739085,0.9949880242347717,0.4912031933034623,0.23323040573810383,-0.017265648226375704,0.9948388934135437,0.49241568772626854,0.23308953051810988,-0.017339348992143525,0.9961065649986267,0.4947895185537012,0.24156945141143799,-0.07756960179391721,0.9975223541259766,0.49764651388799785,0.24008567155547117,-0.008632032224474836,0.9892086386680603,0.48474733976488704,0.2540035489265313,-0.02657613154487449,0.9909369945526123,0.48557850737779107,0.2535155326773872,-0.006998517103773402,0.9879183173179626,0.4805437025285748,0.30588232686988487,-0.12670191402847258,0.9998130202293396,0.49907525031303523,0.3100593733737679,0.04626751140062264,0.9987061619758606,0.4550265310960778,0.33582928746208723,-0.17686662689417304,0.7641966342926025,0.487419657606506,0.36775645471037555,0.030834000960751857,0.4988935887813568,0.4647732525522179,0.340907066122069,-0.19226740495910805,0.6949319243431091,0.45476421174298576,0.3768176231536688,-0.028715020030304024,0.5408113598823547,0.4680420851430015,0.3490316319049578,-0.21449945814366866,0.6887630224227905,0.4464404171602077,0.37987234421597355,-0.03724815146758298,0.5352607369422913,0.4705964133814845,0.34342404517376446,-0.22327752435700376,0.6921122670173645,0.4431548183902572,0.3781248111382004,-0.04099316534045477,0.5418919920921326,0.4713127862507367,0.3393072701890912,-0.19583544487215035,0.6703097224235535,0.4453038317163383,0.37352145939487635,-0.0395992315133548,0.5269168615341187,0.47322417102896747,0.473371322042312,-0.050366968261989886,0.9999138712882996,0.48744360733015574,0.46616807355720624,0.04998503987916553,0.9997806549072266,0.4808807927558307,0.614162957871868,-0.08459495381750823,0.8800743222236633,0.5140459430278552,0.5069566940191365,0.17074535485764253,0.3971264362335205,0.4825602729295639,0.751218947646267,-0.09786932646921655,0.9121463894844055,0.5157991672403861,0.581206795555375,0.38712357060690805,0.3574588894844055,0.48641794670435595,0.7656269495321002,-0.10932860400758468,0.8099628686904907,0.5120630877425445,0.5821915610474118,0.4105940920379292,0.4081113934516907,0.48232578131026804,0.7979729789710397,-0.21857056355942867,0.866420567035675,0.5056754274961317,0.6159052446601638,0.39466455683748997,0.351834237575531
194,6.466666666666667,0.4844247798538647,0.240592391465497,0.05651082357081606,0.9932639002799988,0.486600258858252,0.2318248110774445,0.03069487857696698,0.9955527186393738,0.48654382675363056,0.23217215661425664,0.03037617373785472,0.9952394962310791,0.4869458106316517,0.23249892435486272,0.030379831445436156,0.9968948364257812,0.48984753809692483,0.23108266089819612,0.04154129893870098,0.9954536557197571,0.49215621971725787,0.2310692516869176,0.04126883877749994,0.9953246116638184,0.49408613819831215,0.23089160748870485,0.041192671741525286,0.9964683651924133,0.48914794348512775,0.23873880464676367,-0.030978737630176,0.9977511167526245,0.49866232317364156,0.2378681756140361,0.015563283543292762,0.9902346730232239,0.48369229098346767,0.25189131839944945,0.03422697625715085,0.9917523860931396,0.48664311624677936,0.2516364787236228,0.04669314815519467,0.9890372157096863,0.4703800754387275,0.3045376904339115,-0.07788327147969216,0.9998279809951782,0.5052328539784309,0.31036256477431073,0.03931864084749809,0.9988213181495667,0.44564366821022694,0.344925305952914,-0.09149836273493307,0.7499830722808838,0.4993523103956768,0.3741521422428689,0.027926178130131908,0.5087203979492188,0.46326961718974474,0.34854345390649233,-0.061526490639183196,0.6311584115028381,0.4661828189602637,0.3822943601709326,0.015915583481072835,0.48829883337020874,0.46800677234380655,0.35570553245031356,-0.07009844809325243,0.6257246136665344,0.45750133951812255,0.38477446194297,0.012925883334664157,0.4830007553100586,0.47069843006953493,0.3506452105932777,-0.08131216428873567,0.6286473870277405,0.4543154004286358,0.3825434301538604,0.01007381389795415,0.48894190788269043,0.4708043569293195,0.34729523529042117,-0.06482551908646685,0.6085737943649292,0.45637222984205905,0.37865927144148237,0.00786178333049685,0.4754372537136078,0.46724353520192896,0.47332539727165823,-0.03240305915899522,0.999919056892395,0.493418853654322,0.4666008235830752,0.03204128783912231,0.999794602394104,0.47794276984068385,0.6138972609648988,-0.05091576258089264,0.888176441192627,0.5315057588246799,0.503045142218592,0.13299351371944207,0.4313441216945648,0.4837018249854311,0.7507815222437887,-0.07789085820783993,0.9186981320381165,0.5210045948860096,0.5849985834789357,0.3156807234139388,0.3850906789302826,0.48784769759758173,0.7659697842611659,-0.08937583094632673,0.8267271518707275,0.5134162758776131,0.585481889747765,0.33591968147053614,0.4355524778366089,0.48541268138324223,0.7935792398651651,-0.18009747262765738,0.8690446019172668,0.5103925225677187,0.6204510052839438,0.332369572051294,0.3535473942756653
195,6.5,0.4864064383434309,0.23909331148130195,0.07072487302084855,0.9938743114471436,0.4880927270585092,0.23008703257011215,0.05189255464469464,0.9958807229995728,0.48749523254302873,0.23031594473305678,0.05159185163463352,0.9955815672874451,0.4872706925516168,0.23052478524515807,0.051611121277673845,0.9971137642860413,0.4920406082595748,0.229485073320179,0.052462537243792906,0.9958478212356567,0.4942436410401912,0.2294404454105376,0.05218112401308643,0.9957394599914551,0.4961124277468266,0.2292331615432928,0.05210164200914985,0.9967762231826782,0.4872441370665095,0.23645441902990955,0.007438046513985868,0.9979149699211121,0.49835591811346275,0.23590292852410685,0.008097560175586032,0.9911218285560608,0.4855664754605221,0.25031162181151084,0.05604691802302293,0.9924010038375854,0.48938759357237877,0.25025077073256086,0.055420954090433724,0.9899817705154419,0.4659214085753593,0.30360102120511834,-0.009785374367495665,0.9998241662979126,0.5044077826905461,0.3093585599963968,-0.0009588321156457497,0.9988940358161926,0.4451596866920988,0.3526373943155774,-0.010919082529088867,0.6791117787361145,0.5071292398609366,0.37743174320081463,-0.01671717933422827,0.5441091656684875,0.46938711260191723,0.361543020763309,-0.007067562524179526,0.5723360180854797,0.4798244070218845,0.38627129748827344,0.004433764325659213,0.5009648203849792,0.4745166255603482,0.3685417187334221,-0.011859331441089388,0.5699780583381653,0.473576146484635,0.3884675059665837,-0.0009362619399693774,0.48569974303245544,0.47794151191019807,0.36349029703301783,-0.0270676994977926,0.5723425149917603,0.47038552791377064,0.3859775373243274,0.0060852219011752005,0.48781639337539673,0.47792711164055607,0.3602689144643933,-0.012781959309956771,0.5540611147880554,0.4716592791448456,0.3827036105149851,0.0028228062173340203,0.4638470709323883,0.46354947662255885,0.47332614305883913,-0.0005302854074594569,0.9999243021011353,0.4923185855457725,0.4669526084370488,0.00016297574071978335,0.9998094439506531,0.4763394295142909,0.6136849398030029,-0.013994313954664012,0.8906996250152588,0.5415506755648205,0.4992179528935043,0.07982960783370194,0.479436993598938,0.4840632448584039,0.7530934946533587,-0.04800214918403643,0.9248371720314026,0.5203541886726828,0.5880687979472856,0.25051787904326456,0.43328607082366943,0.48759515819499566,0.7688210370027974,-0.059510069624716555,0.8393394947052002,0.5099253373885224,0.5884860579547353,0.2694286100868173,0.46013447642326355,0.48741473238618005,0.7929981653267316,-0.14326481041382433,0.8771968483924866,0.5124873560636563,0.6257720325732672,0.26993805587096675,0.3924640417098999
196,6.533333333333333,0.4896051985468507,0.2378274574622011,0.05745132307187374,0.9943206906318665,0.4901746666279099,0.2284937440335789,0.06173357933925389,0.9960508346557617,0.48921935692378715,0.22863392584505143,0.06162421126095667,0.9958018064498901,0.48856404774459583,0.2287624173913958,0.06180262704555184,0.997218906879425,0.4938483434792718,0.22802846846563024,0.03518790779165987,0.9960929751396179,0.495516150754592,0.22796953252385133,0.03489303164727014,0.9960536956787109,0.4969051622370141,0.227750486890496,0.034795813900881836,0.9970118403434753,0.4861327239426434,0.2343738155001684,0.02603377787240927,0.9979771971702576,0.4965507073139081,0.23389706522832565,-0.018630634259235196,0.9918531179428101,0.4881277555773573,0.24904022751076854,0.05986314785778293,0.9928825497627258,0.49185934979710033,0.24906540265429944,0.03744158401388883,0.9907717108726501,0.46688582856434113,0.3026204293559134,0.04192895936576381,0.9998261332511902,0.5013199851087888,0.3057617703948769,-0.05113367320579691,0.9989990592002869,0.4540511732675492,0.35648171220870406,0.05559006930958847,0.6225406527519226,0.5149123477817633,0.3734368345745758,-0.07730938965845378,0.5862389802932739,0.4835435433989319,0.3689654309005733,0.03299247955139101,0.5464276075363159,0.49753887274365693,0.38876605792544405,-0.04859444383492608,0.5477313995361328,0.4900676020989604,0.3763895933900897,0.031097097094350636,0.550967812538147,0.49586586474507754,0.39106144925367303,-0.06210223920891607,0.532343327999115,0.49398141233949333,0.37083471481223745,0.008390892084138936,0.5546525120735168,0.49347429754453453,0.38836335973209246,-0.052328105945984735,0.5333603024482727,0.4926563962578675,0.367844875819913,0.02352361275748518,0.5379557013511658,0.49354481677322815,0.38550309020084295,-0.0482759430851126,0.5072022080421448,0.4638909281043778,0.4729950069726382,0.0300317041769526,0.9999295473098755,0.48713912051693675,0.4672925862721613,-0.030339041256754268,0.9998274445533752,0.48827641217457335,0.5871099705507283,0.04201393013066196,0.8582590818405151,0.5305696475436029,0.5194844027777952,0.028857999936024434,0.5308100581169128,0.4867790440162954,0.7260409098258553,0.043149571466503535,0.9063820838928223,0.5135933153884781,0.6212036907610042,0.16879489512048898,0.4896351993083954,0.48703055615178703,0.7373694945104781,0.036075324326138226,0.8259666562080383,0.5043886795972754,0.624109178351869,0.18386695318696047,0.5114910006523132,0.4894850551719737,0.7669603419186762,-0.03589345772020387,0.8689451217651367,0.5135941250510284,0.6601611544595852,0.1636775050184959,0.4521981477737427
197,6.566666666666666,0.4918830124415663,0.23733987714308835,0.005547953187682697,0.9947895407676697,0.49173294455543737,0.22772075775614328,0.016098973373743525,0.9963458180427551,0.49089454280201117,0.2277950704569545,0.01593741415936615,0.9961072206497192,0.4903109998154469,0.22786638525378203,0.016088338790675873,0.9974139928817749,0.4944744513715936,0.2274089795576672,-0.013613966760825602,0.9964193105697632,0.4956187605697469,0.22736551535709593,-0.013915823596787915,0.9963957667350769,0.4965521661223693,0.22714553370389834,-0.014048076170620243,0.9972634315490723,0.4873608982033817,0.23320225007785983,0.02474067059686916,0.9981288909912109,0.49508095221371884,0.23284585906098476,-0.0548825970472025,0.9925610423088074,0.4905782108293203,0.24848268770832607,0.020019662215727072,0.9935327768325806,0.49335852139771275,0.24863198114658508,-0.009516665457198956,0.9916310906410217,0.47119735310571176,0.30323913885459736,0.06495464679393886,0.9998371601104736,0.4975817481321847,0.3034305390430814,-0.09876881295724357,0.999092698097229,0.468494290010818,0.35994384010984337,0.0972687658432548,0.5944960117340088,0.515636708549904,0.3693399947189906,-0.16938846391464202,0.6199023723602295,0.503946454115478,0.37566401015895606,0.05738674078687498,0.5766603350639343,0.5084320099025972,0.3872915286171761,-0.19525855657044966,0.5912786722183228,0.5129947217332933,0.3830527320587477,0.05630520358641587,0.5814950466156006,0.5076875712444942,0.3892246491049745,-0.22678386079526833,0.5770233273506165,0.5164420401655795,0.377994950066841,0.025269226479341683,0.587192952632904,0.505747332370237,0.38520547842514175,-0.21408337408362563,0.5778545141220093,0.5139582695544263,0.37526905918009545,0.044176078737154435,0.5707346796989441,0.5055976974651524,0.383024211578631,-0.19488937939632245,0.5508295893669128,0.46681565733237224,0.4727337062009768,0.0528227046361605,0.9999328255653381,0.4832654754529561,0.46775030545154084,-0.05305379140196716,0.9998427033424377,0.4988088576238746,0.5775267764397114,0.11350466093349401,0.7989462614059448,0.5211836622631948,0.5372992616532724,-0.03541481738055678,0.5773108601570129,0.49054374765818,0.7018979674542877,0.1835171611785596,0.8626914620399475,0.5066293028459586,0.6495140813180439,0.06868946669233382,0.5402956008911133,0.48985795838876617,0.7165519430439289,0.18374652151854234,0.7840781211853027,0.4982529281130055,0.6539260605758677,0.07889959457459089,0.5554875135421753,0.4935141849153285,0.7417820546128904,0.11946865105225443,0.8372800946235657,0.5096601042125889,0.6914314101404336,0.028172962829785902,0.5060272216796875
198,6.6,0.49313998193222375,0.2366188555786078,-0.061492678977364434,0.9953098893165588,0.49362472701341786,0.2268875934943426,-0.045630441252882056,0.9967104196548462,0.49358142877479017,0.22696200271526562,-0.0458247099812942,0.9964950680732727,0.4936707718529573,0.2270308431000847,-0.04568262313611597,0.9976716041564941,0.4938690515736126,0.22674635133498372,-0.07500021418244107,0.9967768788337708,0.4940643526854523,0.22676316934583807,-0.07531994758401621,0.9967556595802307,0.49410876723066643,0.22660515710592044,-0.07547334741074178,0.9975366592407227,0.4914409624344114,0.2322933911866482,0.0027005215599014074,0.9983144402503967,0.4916837858588845,0.2320469836410516,-0.0898093304423227,0.9933028221130371,0.493218054043855,0.24781940043179776,-0.03484769614451241,0.9941769242286682,0.493246052475184,0.24817701420661653,-0.0665757693913296,0.992465078830719,0.4781042594457343,0.3043077451352063,0.07876441729611561,0.999844491481781,0.49354570436247364,0.3019898238954571,-0.13539951420297028,0.9991724491119385,0.48602808546816156,0.36254404227717196,0.12170519643853106,0.5809770226478577,0.5162334882829341,0.36508720235463266,-0.24113733147838526,0.6498391032218933,0.5279240742265482,0.38263941882894903,0.05768858477721824,0.6019467711448669,0.5184182360760436,0.3833901105891655,-0.31663643788727625,0.6276852488517761,0.5390045333520295,0.39150431414410414,0.05464658985078143,0.60612952709198,0.5173986495904335,0.38510833083773793,-0.3634508437396965,0.6123828887939453,0.5425054503941478,0.3874944817369338,0.022854081830886448,0.6138949990272522,0.5159345197105573,0.38065466592303154,-0.34966911260464806,0.612932026386261,0.5388989545418437,0.3843963095846723,0.04231326929926868,0.5976453423500061,0.5156716673876768,0.37912572865212685,-0.3167062087964942,0.5806998014450073,0.4710066380368767,0.47291551291495826,0.06933960733650446,0.9999316930770874,0.47935784872587395,0.46853107580937114,-0.06954641766996006,0.9998513460159302,0.49890275981753085,0.5810302231831357,0.12766437547089887,0.7758290767669678,0.513846125548105,0.5525397787297812,-0.07874326084879558,0.6149312257766724,0.4885297614207885,0.7077210408479561,0.22718993489408093,0.8442322611808777,0.49994488599764614,0.6716387484310893,0.034348232118438946,0.5784838199615479,0.48679772398383364,0.7218719540857449,0.23016748488265848,0.7559142708778381,0.49188545522040666,0.6770539920139163,0.04423983916891919,0.5597602725028992,0.49362940469491856,0.7483593978747813,0.15114847772793166,0.8253138065338135,0.5057539901784237,0.7146415614728716,-0.03239110782316881,0.5430759191513062
199,6.633333333333333,0.4938597657958713,0.23586939737266102,-0.12044900713116072,0.9957781434059143,0.4950511175285292,0.226087302603436,-0.09901788211371287,0.9970384836196899,0.4957851506076608,0.2261892209720199,-0.09923505903857172,0.9968440532684326,0.4965848756948719,0.22629280863743856,-0.09909660647646304,0.9979033470153809,0.493144679218546,0.22606477793595076,-0.12920015286643094,0.9970986843109131,0.4925583797635122,0.22615735512735005,-0.12953434557957152,0.9970795512199402,0.49185317227061254,0.22607821107538245,-0.12970498937498826,0.9977825284004211,0.4950773948533842,0.23158246414274897,-0.01903519261869,0.9984810948371887,0.48867078082442683,0.23139866903020234,-0.12173355095639321,0.9939703345298767,0.49514841372492485,0.24721774070728342,-0.08241159425376816,0.9947561025619507,0.4929404784998302,0.2477520047263183,-0.11702841972199299,0.9932153224945068,0.48454952162296294,0.3054352137353982,0.08693468344179961,0.9998492002487183,0.49014657256928756,0.3010783533794284,-0.1679730129145055,0.9992433786392212,0.5006719242302882,0.36458377995319236,0.13677431564773435,0.5600738525390625,0.5171391659077749,0.36178680332780494,-0.29557044384322173,0.6740461587905884,0.5472453176073235,0.38824952647058675,0.05234302436016903,0.6177591681480408,0.5270812108497005,0.3805396941658261,-0.4039275556363763,0.6594119668006897,0.560353974265316,0.39875968158706027,0.048487998741885606,0.6223158240318298,0.5258497671067106,0.3822305780448898,-0.46182671998990665,0.6427710056304932,0.5637796948834417,0.39567593448069194,0.00900638983432381,0.6324969530105591,0.524914701979362,0.3774745887825587,-0.4481893054765256,0.6430408358573914,0.5591571759814999,0.39201126260059893,0.038226351991754344,0.616260290145874,0.524515530064702,0.37635384205558736,-0.4045595417199255,0.6050133109092712,0.4743472616365925,0.47306592275383086,0.08267081255485308,0.9999304413795471,0.4760546883385422,0.46917033557274473,-0.08286297903418595,0.9998591542243958,0.4976670562335765,0.5856559312070962,0.13644911518055228,0.7473654747009277,0.5076946121999337,0.5647394124184795,-0.11224688145888821,0.6476447582244873,0.48596412189288696,0.71448334697623,0.2641083475606748,0.8164661526679993,0.4941603747619746,0.688367401723417,0.012330273357732872,0.6093273162841797,0.48301314228989123,0.7291450568757627,0.2697392283763176,0.7225020527839661,0.486364150331139,0.6946596725273024,0.022526673189185192,0.5570118427276611,0.4927077435279416,0.754815091230326,0.1796737429928614,0.8036000728607178,0.5020094993690126,0.7326475203970766,-0.07236914960351892,0.5707902908325195
200,6.666666666666667,0.494712198417382,0.2352546651697625,-0.15616260108261867,0.9961700439453125,0.4964425890887118,0.2254715332920109,-0.13075204580959982,0.9972955584526062,0.497735856978865,0.2256024371873187,-0.13099080330666377,0.9970924258232117,0.4990491260643401,0.22573367641832764,-0.13085893448858085,0.9980764985084534,0.4927513655003196,0.22551988131195966,-0.15937023746811257,0.99736487865448,0.4914861338379585,0.22567798216652873,-0.15972066829389028,0.9973427653312683,0.49005444124758585,0.22567239655551707,-0.15990907097256152,0.9979820847511292,0.49829426172930313,0.23109092343122956,-0.029723492495736616,0.9985570311546326,0.4861975358973257,0.2309233452663817,-0.13273565781300273,0.9944645166397095,0.4967708751914016,0.24675110123416016,-0.11110142832655598,0.9952179193496704,0.4924313303400781,0.2474203153216565,-0.14537329827727655,0.9938137531280518,0.49134962144301086,0.30762564742532783,0.0891229153096651,0.9998493194580078,0.4854100046445752,0.3011389556148401,-0.17541849151336375,0.9992170333862305,0.5166614844696049,0.3674482919549215,0.13970210947484726,0.5857466459274292,0.5155379124062178,0.3591486953220887,-0.31658579522411023,0.6541695594787598,0.5677963857342687,0.39434340966467135,0.047730039267535544,0.6486006379127502,0.5339017183493546,0.3785496347186167,-0.4584401904320405,0.6778357625007629,0.5821396779265067,0.40659539285822954,0.0420545502423427,0.6509371995925903,0.534046189423299,0.3803735900150862,-0.5240138888285336,0.6596689820289612,0.5855332826735984,0.40455271705334217,-0.0043037679768092,0.6616278290748596,0.5341831422118605,0.3753380333934728,-0.5122283973456176,0.660464882850647,0.580172192543633,0.4003316677061125,0.031065527917460284,0.6448887586593628,0.533477047384331,0.3744790401954218,-0.46039071689767086,0.6130574941635132,0.4777736349841329,0.47594362183636907,0.08635510025985016,0.9999231100082397,0.46928662465079785,0.4703940250369749,-0.08654525366159932,0.9998378157615662,0.4952047119378777,0.5939104204018644,0.11748649859463936,0.7355173230171204,0.49251121469171444,0.5570175661522758,-0.23249178326822922,0.6688717603683472,0.4823095485358401,0.7245203446810156,0.25523513807318315,0.8215717673301697,0.4875731303854332,0.6811385890104575,-0.07989188737780248,0.5843937397003174,0.4780532959895776,0.7399883676968322,0.2612838511226851,0.7088134288787842,0.4828876515652627,0.6891283459970176,-0.06689380989666957,0.5209431052207947,0.49048171464073,0.7667169853963436,0.15142564454245044,0.8009101152420044,0.4957160425581474,0.7243260798774075,-0.1705994782029315,0.5517855882644653
201,6.7,0.4947459384191046,0.23686970803654353,-0.17777846624738733,0.9965413212776184,0.49709385622428587,0.22733851752589787,-0.1508246614683042,0.9975458979606628,0.49882730953356025,0.22750246192354825,-0.15108016536435864,0.99735426902771,0.5005787621892139,0.22765115761307858,-0.1509601982229938,0.9982508420944214,0.4921539062799256,0.2274498488118781,-0.17538292297045174,0.9976152777671814,0.49040697804326594,0.22766471862821572,-0.17573954920892335,0.9975953102111816,0.4885680473367288,0.22771530157256828,-0.17593587722171483,0.9981716275215149,0.5011310901999425,0.23307528822130805,-0.03823342828353325,0.9986789226531982,0.4849267535051214,0.2330619922136255,-0.1314528650964813,0.9949755072593689,0.49751703001009917,0.2487159902803523,-0.12972910430940415,0.9956784248352051,0.4916770992470193,0.24940650811473267,-0.1599411170740393,0.9944036602973938,0.5006801608799389,0.31198814797448887,0.08058564554220406,0.9998576641082764,0.4803755484042981,0.3032405201175816,-0.1619667632855817,0.999238133430481,0.5336205161635692,0.371969911081015,0.12261590715904179,0.6259068846702576,0.509857642701487,0.3582683328481067,-0.322203159719435,0.6785481572151184,0.5870795081441249,0.4019963088802796,0.021905709379423852,0.682965099811554,0.5368579920671773,0.37705262546930074,-0.5066344947594579,0.7055397629737854,0.6021679853618328,0.41545190384751857,0.013571896959434719,0.684457004070282,0.5393971735998964,0.3786843980443907,-0.5783357866598869,0.6870919466018677,0.6055662224058537,0.4140598777554081,-0.03372625859781258,0.6943280100822449,0.5410286314827965,0.3737210762764687,-0.5676837011419056,0.6875904202461243,0.5995052284314356,0.4093679876922099,0.0041842015347114125,0.6788581013679504,0.5392374032811693,0.3731027023138559,-0.5100078152488093,0.6404746770858765,0.48122533623615266,0.47950028801040817,0.07680172847625405,0.9999255537986755,0.4655714792658129,0.4714098477424888,-0.07697282780162765,0.9998418092727661,0.49278691933097934,0.6037587877382617,0.08019799991838697,0.7597212195396423,0.4712676150815215,0.5483305628878158,-0.2924641587322639,0.700454831123352,0.4788441511792502,0.7350890673972541,0.2165379076991259,0.8387776017189026,0.4687176995734129,0.6747002143688573,-0.12353933565595132,0.6204824447631836,0.4736969654109352,0.7511118736010856,0.22151188493594307,0.7279720902442932,0.4675562574603699,0.684787628227203,-0.10969403954497327,0.5452523827552795,0.4871248747490765,0.7784474383759117,0.09339670321423478,0.8192982077598572,0.47149303410932947,0.716853544419656,-0.22642759705889665,0.5898639559745789
202,6.733333333333333,0.4924365352496724,0.24196709255348056,-0.20626360747989192,0.9968841671943665,0.4952211441614718,0.23263544590196286,-0.17873904943982813,0.9977845549583435,0.49804343884480784,0.23280675278366955,-0.17903268035312336,0.9976101517677307,0.5006301101277381,0.23297578989348908,-0.17892691323653845,0.9984197020530701,0.49003911691767676,0.2328429317038445,-0.19918238050059722,0.9978477954864502,0.48821218794664817,0.23311114223007545,-0.19953930866734937,0.997830331325531,0.4862906565448138,0.23322468169070928,-0.1997412313114534,0.998347818851471,0.5021669540302277,0.23889216161089344,-0.057513866837035875,0.9988058805465698,0.4828871823985302,0.2389896363299947,-0.13614261019525598,0.9954482913017273,0.49602645019062425,0.2540718881290489,-0.15602931100197076,0.9961032271385193,0.48924492335339465,0.2547747055741274,-0.1816654541513109,0.9949470162391663,0.5095295508179982,0.31909055588126434,0.05861512003300285,0.9998692870140076,0.47543171355003466,0.30962797684634247,-0.1541171060665035,0.9992494583129883,0.54962570621611,0.37661823890721086,0.09868503189423358,0.6616582870483398,0.5002285609671,0.36021341483783215,-0.3374870027604275,0.6978408098220825,0.6053900285136036,0.409453786565264,-0.001804190964992694,0.7134895324707031,0.526256818969579,0.37467519001153343,-0.5679046108967263,0.7191393375396729,0.620782170351664,0.42343813887031034,-0.012977856416430136,0.7135881185531616,0.5285526681727466,0.37571226662322105,-0.6447995159187481,0.6965321898460388,0.6241329166192049,0.42229205258960256,-0.06079842576704776,0.7229745984077454,0.5312311275539046,0.3706233898116266,-0.636305526450344,0.6979764699935913,0.6177571724344273,0.4174658886769881,-0.020469323681114565,0.7086862325668335,0.5297775162894357,0.37046895548219994,-0.5734871627451819,0.6469535231590271,0.4841495770619074,0.48535496817379675,0.06505746908911623,0.9999235272407532,0.46263850949731095,0.4747708367226336,-0.06525534203523856,0.9998235702514648,0.4893706050161592,0.6139843370948496,0.0521557527405293,0.780938446521759,0.4522819567261147,0.5439578497898802,-0.23331366017747324,0.7013384699821472,0.4757920581198016,0.7459937758809472,0.18602549555921516,0.8522176742553711,0.4349537993574638,0.6603667253706663,-0.037153067297726015,0.6358129978179932,0.4702139781190546,0.7622554082735359,0.19024593719306998,0.7378219962120056,0.43119061982269424,0.6737779496825352,-0.021681389650167984,0.5379654169082642,0.48360785250487964,0.7879316347449226,0.047599735265798145,0.8328638672828674,0.42993220753746825,0.6971142172200049,-0.1422285423732663,0.6034797430038452
203,6.766666666666667,0.4927935198132595,0.24663272099525363,-0.22936414622219142,0.9971939921379089,0.4961018617856407,0.2374745443384571,-0.20136757105866585,0.998002290725708,0.4992033352781904,0.23775187356991967,-0.2016876138964385,0.9978438019752502,0.5020880943597686,0.23802724423373373,-0.20159068796403584,0.9985739588737488,0.4899459724495804,0.23755190362946985,-0.21896005759282186,0.9980602860450745,0.4878403648626969,0.23784245569797016,-0.2193163048198036,0.9980446696281433,0.4856290327853864,0.23801664274108694,-0.21952439743940116,0.9985100030899048,0.5038698539301759,0.24399452456052612,-0.07314234170605645,0.9989218711853027,0.48161453031566537,0.24403116974600092,-0.1418785639269038,0.9958915710449219,0.4967853225704395,0.2590212808289013,-0.17733716000147154,0.9964879155158997,0.4890939521451759,0.25958539826654164,-0.19988241273370824,0.9954432845115662,0.516145411563412,0.3247573891223628,0.040178918432960106,0.9998798966407776,0.46937806884070526,0.31611117347497775,-0.14895339009648945,0.9992537498474121,0.5624047468756995,0.380316855396398,0.07505728857323236,0.6924840807914734,0.4869102004888008,0.3653173061730155,-0.34776626483304274,0.6983335614204407,0.6206128569051119,0.415288258778236,-0.029962089276921854,0.7393271327018738,0.5146285732315565,0.3758583442591052,-0.6058457324100168,0.7049394249916077,0.6360531544979455,0.43005978156912417,-0.0439845099120001,0.7374651432037354,0.5170329347157729,0.37688055442165436,-0.6852860661003586,0.6789616346359253,0.639250798028244,0.42897926067651443,-0.09215685122575638,0.746800422668457,0.5208774479536885,0.37155176613702257,-0.6785144935324234,0.6809754967689514,0.6328615090198022,0.424156592455986,-0.04935356305416918,0.7331284880638123,0.5197924116302796,0.37161694288261693,-0.6128116536602078,0.6246883273124695,0.48721282647085673,0.49130186831185835,0.05557819359428351,0.999923825263977,0.45988409167960853,0.47881959027202525,-0.05579321633805998,0.9998148083686829,0.4883559070248633,0.62237546783485,0.03865722450759457,0.7991361021995544,0.43584796936940295,0.5415052422569171,-0.199371100639527,0.7044841647148132,0.4728684743943534,0.7547233690273791,0.17241551423318083,0.8641279339790344,0.40668780983767766,0.6470489724915683,0.013257601340779405,0.6476965546607971,0.4669908866775921,0.7708634861584538,0.17638325244181507,0.7429236769676208,0.40301512826550684,0.6601712764447867,0.029807568444690017,0.531223475933075,0.4794513878007251,0.7949263176595442,0.02610575437668735,0.8441140651702881,0.3965930352647604,0.6792832524553104,-0.0918152493227983,0.6145151853561401
204,6.8,0.4956232780000239,0.25469239750106987,-0.23646571782641457,0.9974743127822876,0.4989468138399987,0.24591883706741338,-0.2094582033706937,0.9982011318206787,0.5020217791918937,0.24615577187327498,-0.20980928032309654,0.9980581998825073,0.5049288857662176,0.24637197986812576,-0.2097376732712182,0.9987155795097351,0.49227323418270374,0.2458966140591931,-0.2261120117220193,0.9982538223266602,0.48983155806506273,0.24613057208893163,-0.22646407905632446,0.9982398152351379,0.4873603675877216,0.24625295311176026,-0.2266830226765742,0.9986585974693298,0.5071245749444275,0.252446063611276,-0.07221812894627527,0.9990277290344238,0.48321954972523595,0.2525162677458784,-0.1354800351789627,0.9963005185127258,0.4996333133861817,0.26700743688829687,-0.18451248534119075,0.9968376755714417,0.491326285980632,0.2674177703409718,-0.20598130247355004,0.9958975315093994,0.5235904167552177,0.33301395832304964,0.03386170754294967,0.9998899102210999,0.467511964256378,0.3258142810634502,-0.13298027017643455,0.9993190765380859,0.5745313661070732,0.38443372967393236,0.06367722296110387,0.721784770488739,0.4678428762749096,0.3684563559738061,-0.3119425973406389,0.7196903824806213,0.6350737126027528,0.41813221742650997,-0.05270703746067819,0.7642842531204224,0.4767104774832538,0.3765281482463819,-0.5605087331509291,0.7292985320091248,0.6516326101276605,0.4330791550763376,-0.06784456907757366,0.7611141800880432,0.4746529987086807,0.37710875437830793,-0.6330323728428929,0.7007169723510742,0.6550294597705149,0.4319851135226215,-0.11617262614880614,0.7701767086982727,0.4774155441131065,0.3721767531154326,-0.6356078529362286,0.7040044069290161,0.6479255232516311,0.4271812244519495,-0.07309465931893568,0.7576942443847656,0.4782314279933226,0.37252441848228085,-0.5710171570043551,0.6526141166687012,0.4930137151727262,0.49841472484789323,0.049760400360225804,0.9999227523803711,0.4621789122913782,0.4859062363966827,-0.049971698999731,0.9998160600662231,0.4915245517056089,0.629205713452768,0.025397399589441035,0.8089421391487122,0.442456426047278,0.5402109334005157,-0.25921475689564816,0.7235046625137329,0.47271016804375476,0.7619015025614289,0.13842520724525342,0.872519850730896,0.42365332606979694,0.6407791301484396,-0.06472183432024255,0.6270503401756287,0.4658506079460778,0.7783431400665798,0.1401239446638725,0.7534181475639343,0.41973751986305413,0.6526356772372996,-0.04976830288183905,0.5133485794067383,0.4776849290940584,0.8009780193753515,-0.016886861271418727,0.8543524742126465,0.41507537457701893,0.6697334186506285,-0.1756137068299225,0.6131437420845032
205,6.833333333333333,0.5021661936803986,0.2647159474321757,-0.2536548374005726,0.9977267384529114,0.5061631886183048,0.2560568567120549,-0.22514057258892928,0.9983804821968079,0.5094959545993806,0.2562672655471216,-0.22547977260962138,0.998251736164093,0.5127352183726478,0.2564584504182267,-0.22540107520243938,0.9988436102867126,0.4985068851874807,0.2560441741069847,-0.23985913447201457,0.9984281063079834,0.4956647244267357,0.2562714663763855,-0.2402164447603135,0.9984155297279358,0.492632630472267,0.25638973974027657,-0.2404221650181735,0.9987923502922058,0.5167653205799312,0.26258089602465934,-0.08122772358394512,0.9991243481636047,0.48793331314716837,0.262800060841921,-0.1380306034371858,0.9966686367988586,0.5065507958468956,0.27702018448837673,-0.19982922560638938,0.9971533417701721,0.4964997046819931,0.2774131001400938,-0.21935800415363127,0.9963068962097168,0.5321674373414207,0.3431341215449875,0.02501328381999776,0.9998999834060669,0.46900118233254784,0.3364854389710656,-0.12607652175383482,0.9993773102760315,0.58504495084362,0.3904325370351304,0.05044946314595607,0.7490794658660889,0.45229028714031183,0.3711077133608691,-0.29418517118608056,0.7420178055763245,0.6474519976940407,0.4209002600636541,-0.07358188100895566,0.7875392436981201,0.44474140956505703,0.37731317974003464,-0.5423590481042918,0.7517381906509399,0.6644589302574442,0.43580107942505025,-0.08968666674980058,0.7841734886169434,0.4395055319228929,0.3776894440088288,-0.6114510505693869,0.7213282585144043,0.6678655856240708,0.43459559275817256,-0.13843207535758603,0.7925355434417725,0.44100001432181213,0.3733966348299766,-0.6202456647954329,0.7258462905883789,0.6603827674741978,0.42971107947868203,-0.09480505229423214,0.7811747193336487,0.44319842225444794,0.3739391776371509,-0.5553935471982847,0.6790887713432312,0.5013289101870965,0.5089548072038669,0.04665419380537154,0.9999181628227234,0.469360891700081,0.4971956077106421,-0.04686544072926879,0.9998022317886353,0.5005727502218037,0.6361650714071938,0.008191229711003186,0.8140615820884705,0.45209943072859116,0.5454388195822035,-0.3030436077787225,0.7330539226531982,0.4747121816825212,0.7728524285603318,0.1061791385795529,0.8809478878974915,0.43833354532648217,0.6419734138925698,-0.09996350047989253,0.6064366102218628,0.4672741834950629,0.79024279660429,0.1059398926303485,0.764185905456543,0.4323918553480204,0.6535616958458373,-0.08416465470033432,0.4926610291004181,0.4787621107310782,0.8087498228009299,-0.05965332876663083,0.8650565147399902,0.43005458871594343,0.6732551688090643,-0.2131028005647565,0.6095387935638428
206,6.866666666666666,0.5053049582193474,0.26677326042894167,-0.3000293058933804,0.9979538321495056,0.5097816411964058,0.25819790940151227,-0.27181509569361795,0.9985410571098328,0.5133662664384464,0.25851067757801033,-0.2721589048952885,0.9984251856803894,0.5169914317323163,0.25886672409083944,-0.27207821748542044,0.9989581108093262,0.501652457009039,0.25794014804205107,-0.2833927732016756,0.9985842108726501,0.4986113229523732,0.2581352392623613,-0.2837603442648574,0.9985730648040771,0.4953311135761711,0.2582485365845744,-0.28395235932493545,0.9989117980003357,0.5217542633407447,0.26515715136824736,-0.12557170586407057,0.9992111921310425,0.49039440524389366,0.26493758531123396,-0.1702955481065307,0.9969975352287292,0.5098863193642991,0.27927788063166353,-0.2451804810141635,0.9974371194839478,0.49919832575680395,0.27949963207463924,-0.2609324442396397,0.9966742992401123,0.5393879014180691,0.34518926947102646,-0.019274848815666507,0.999909520149231,0.4676545180073574,0.3403461310475833,-0.13602331168272264,0.9994215369224548,0.5943987797264483,0.3884405161671636,-0.0004397621513472019,0.7740103006362915,0.4381893129228249,0.37189284881935236,-0.28212057317345474,0.7643465399742126,0.6582696253615853,0.41604736142526844,-0.13178159316047275,0.8086233139038086,0.4163569883498438,0.3779941671471298,-0.5227805392714928,0.7678670883178711,0.676057809511335,0.4307474709733956,-0.1513336026492298,0.80522221326828,0.40778885641413737,0.37912464756442676,-0.5864219688980116,0.7315385937690735,0.6795197305429148,0.429424313751389,-0.20039405991084325,0.8128730654716492,0.4082860202990143,0.3755189147041412,-0.6029555425247022,0.7382965087890625,0.6715570563987319,0.4245804037291441,-0.15390597973234343,0.8026003837585449,0.4115594545231724,0.37580993780619,-0.5388263531992227,0.6972950100898743,0.5089523124983818,0.5104568193486256,0.03760405809687463,0.9999223947525024,0.47255038260633875,0.4985619406391477,-0.037867362933121845,0.9998086094856262,0.5024500092566988,0.6388051556328872,-0.0047783182282593265,0.8312755823135376,0.43430728188288137,0.5402880644238963,-0.26661248242545965,0.750347912311554,0.47410951044307714,0.7772192886472391,0.09468678584489558,0.8916252255439758,0.40693824027006725,0.6281082778410372,-0.08175405488713072,0.6380571126937866,0.4665452923614308,0.7948137935374708,0.09426625048312269,0.780823826789856,0.39988995667206656,0.6409156931780005,-0.06886895216112203,0.5213037729263306,0.4775897686834607,0.8125998444526348,-0.0791063974535566,0.8771378993988037,0.3941354052557469,0.6533565020156442,-0.2123408266719759,0.6427413821220398
207,6.8999999999999995,0.5048455600435512,0.2619918278321971,-0.3098064218738872,0.9981583952903748,0.509085417812328,0.2534519244113233,-0.2812058069453861,0.9986867904663086,0.5125728322946727,0.25376320174197303,-0.2815410996292124,0.9985824227333069,0.5161604297529758,0.254117524481666,-0.2814551227619366,0.9990621209144592,0.5009441905292231,0.25318256986489085,-0.2915694384493313,0.9987257122993469,0.4977571547128654,0.25338266039119434,-0.29193896446236495,0.9987156391143799,0.49437600580017504,0.25350023703231805,-0.2921232962871919,0.9990204572677612,0.52085383474882,0.26053108930039354,-0.1339865182036224,0.9992898106575012,0.4893677232535041,0.26039201048780647,-0.17728719344871177,0.9972971677780151,0.509365596063482,0.2746278865137381,-0.25430112837031305,0.9976931810379028,0.498713410916559,0.274827487907518,-0.2688083275249104,0.9970065355300903,0.5412023275752421,0.3400342682503522,-0.02874349581684573,0.9999180436134338,0.4631108186006183,0.33681117270314964,-0.1285245392036659,0.9994725584983826,0.5996358563665757,0.38047194039394194,-0.011627612483007158,0.7960430383682251,0.4253537401379234,0.36757782924968313,-0.25335040522450075,0.7840868234634399,0.6654812863719346,0.40609203165358265,-0.14684454841732286,0.8274863958358765,0.3918328138773828,0.37596935902495915,-0.4830382493081258,0.7860841155052185,0.6837833874234842,0.42023500102959654,-0.16755404747234243,0.8239341378211975,0.38110580258737836,0.37804479154642034,-0.5419975492577381,0.7470705509185791,0.6874362827531411,0.41895382691481453,-0.2165832985100144,0.8310087323188782,0.3807388578116652,0.3756324651160356,-0.5639735322243085,0.755052924156189,0.6790680548366095,0.414186966731226,-0.1693803909710833,0.8216718435287476,0.3849837186909878,0.37586485713112444,-0.5009323477490208,0.7183941006660461,0.5098012458593174,0.5052713034429046,0.03228068966614545,0.9999217391014099,0.4717067556780642,0.49368371890617024,-0.0325816271037883,0.9998029470443726,0.4986447550961326,0.6347776061001043,-0.016632067127357743,0.8371261358261108,0.43472639182355055,0.5348492663878339,-0.2530929829560752,0.7302903532981873,0.469203887221992,0.7751252317123389,0.06495330688478226,0.8980882167816162,0.4126046688140437,0.6213421131244765,-0.06483659886726036,0.5961165428161621,0.46269684158830315,0.792653183154938,0.062624179225593,0.7849405407905579,0.41083124276696725,0.632683364496078,-0.05126666549924692,0.4872339963912964,0.47294606318405086,0.8109535234412829,-0.1165700012177325,0.8851312398910522,0.4043268064641871,0.6453137446497585,-0.19125247771256842,0.6144751310348511
208,6.933333333333334,0.5053445370193473,0.25666485479919227,-0.32930345802420813,0.9983425140380859,0.5095894467647806,0.24822383983820015,-0.29920872813454324,0.998818039894104,0.5131473659440478,0.24854086650025387,-0.29953681808075056,0.998724102973938,0.5166688914037644,0.24889514822770012,-0.29944649572826626,0.9991558194160461,0.5013624828111295,0.24786893401457108,-0.310781214291067,0.9988530874252319,0.4981718974212025,0.24800251270301965,-0.31115881601596057,0.9988440275192261,0.4947952481520415,0.24804091706157144,-0.3113416340438453,0.9991183876991272,0.5208649616063536,0.2553084746221705,-0.14474879157485293,0.9993607401847839,0.48930885257313667,0.2548196382267029,-0.19433071311330785,0.9975672364234924,0.5100645256283399,0.26928026055674253,-0.27094598847803686,0.9979237914085388,0.4994922743485057,0.2694863870939621,-0.28728112920663473,0.9973057508468628,0.5434133394083879,0.3345522561330979,-0.031782705175551,0.9999257922172546,0.46105669250261844,0.33264025514948703,-0.14104033505130445,0.999521791934967,0.6049482600129428,0.3739472941126778,-0.014414737662146869,0.8157092928886414,0.41635728378703507,0.36337157191149316,-0.25192892846431925,0.8043496012687683,0.6714724878022666,0.3972563614053256,-0.14926690925054642,0.8444604873657227,0.37412992413077745,0.37629619617399335,-0.46109382518979175,0.8046532869338989,0.6901872000147351,0.411260016504031,-0.17001930159996986,0.8407598733901978,0.3612763067486108,0.3792353598358764,-0.5260282820367623,0.7645041942596436,0.6936534791064253,0.4098365877045389,-0.2187210180714535,0.8473325967788696,0.3603427368764945,0.3775536532073597,-0.5488501081877148,0.7728650569915771,0.6850247172876195,0.4052088304593549,-0.17165767214672595,0.838858425617218,0.36520245743133817,0.37761542346838545,-0.4796175012971612,0.7390065789222717,0.5116820724918076,0.49959920669328844,0.033999741204157455,0.9999178647994995,0.472329577649876,0.48799357988040903,-0.034339345670124144,0.9997963309288025,0.4967660852361418,0.6293432491046483,-0.02227433745709008,0.8355532288551331,0.44023927205812846,0.5352729181768929,-0.2455855925674773,0.7182247638702393,0.4668978849971387,0.7743642681159469,0.045734290476042445,0.8971636891365051,0.4186389045487723,0.6267932965803735,-0.05525438598481009,0.5676644444465637,0.46087305030236614,0.7922418490160436,0.04178876432765722,0.7805056571960449,0.4172600571488416,0.6384665609165763,-0.041502724618748155,0.4595048427581787,0.4711664724715545,0.8105403332870382,-0.14203261917351315,0.8880547285079956,0.41347287927900744,0.652589995355339,-0.17567154937685425,0.5946181416511536
209,6.966666666666667,0.5065488352520295,0.2529937215367622,-0.33867473848281004,0.9985082149505615,0.5108847541829301,0.24450555570610977,-0.3070412666816941,0.9989359378814697,0.5144426210422957,0.24480244623461586,-0.3073595679160763,0.9988513588905334,0.517883053734346,0.2451312816939063,-0.3072644060178216,0.999239981174469,0.5024551634818777,0.24399815437805372,-0.3198239086057148,0.9989676475524902,0.499247841055666,0.243998264939268,-0.3202064925652959,0.998959481716156,0.495843612348867,0.2438683390914875,-0.3203855676112182,0.9992064237594604,0.5214248050882513,0.25161494844944104,-0.14714854964742513,0.9994243383407593,0.489856742041336,0.250656487863294,-0.20246076218164916,0.997809886932373,0.5113987883559207,0.26556024202972883,-0.2780858687591233,0.9981311559677124,0.5009135652278451,0.2656671908863099,-0.2962934057497513,0.9975748658180237,0.5452329714484028,0.3308043776047324,-0.0303882350706897,0.9999326467514038,0.46044670163169277,0.3298264133047657,-0.1482393679152245,0.9995654225349426,0.6093656625151405,0.3693558349588431,-0.007163932399423027,0.8334652781486511,0.4098791792379987,0.3606099387109874,-0.2520595991939604,0.8211288452148438,0.6765613641744068,0.391092084864134,-0.15071024127672522,0.8597254753112793,0.36034004451446866,0.37765109093121824,-0.45203257163499194,0.8203445672988892,0.6955655286240257,0.40498910468355087,-0.17164293949701226,0.8558340072631836,0.34574211098044366,0.3812419976901179,-0.5205194299952626,0.7784727215766907,0.6989419861441428,0.4034995470335015,-0.21755715884858115,0.8619683980941772,0.34424227288116604,0.37995423526196515,-0.5437080471833471,0.7874798774719238,0.6901392845624573,0.3989589899984364,-0.17117280053365647,0.8542469143867493,0.3496788855919663,0.3798759600915882,-0.46378995302336323,0.755730390548706,0.5132326619809409,0.49572904004978113,0.03924241066894729,0.9999139308929443,0.47345597215765,0.4840043145280484,-0.039590949564573964,0.999790370464325,0.4961334156197155,0.6256467260532111,-0.024597010273613166,0.8305001258850098,0.44873540015958974,0.5356786229639501,-0.2770422035526149,0.7238031625747681,0.46602207691610464,0.7743839714252632,0.03911759109405084,0.8951995968818665,0.4272110552217393,0.6321011793889082,-0.08824456430631367,0.5494012832641602,0.46022595910757524,0.7928491964589581,0.03468465267802832,0.7752808928489685,0.42505055551188203,0.6442230093306458,-0.07477865650664664,0.43743982911109924,0.4707977755311742,0.8109760435870728,-0.15156696472135436,0.889510452747345,0.42621469155950087,0.6596543314496613,-0.21488983866398031,0.585452139377594
210,7.0,0.507146021299393,0.24734295080648855,-0.34851453964272605,0.9986568689346313,0.511510678486614,0.23886644047680342,-0.3191374835247215,0.9990411400794983,0.5150997854263708,0.23920293431101286,-0.3194711361474172,0.9989646673202515,0.5185995677799763,0.23958587552641925,-0.31937681986728284,0.9993149042129517,0.5030324585010595,0.23824941466145244,-0.3284035347466405,0.9990699887275696,0.49984821747527264,0.2381992981856857,-0.32878473673534275,0.9990625381469727,0.4964389140723639,0.23802445187838756,-0.32895910938903417,0.9992848038673401,0.521967335076663,0.2464798341607236,-0.1650612151081614,0.9994804859161377,0.4902473323964995,0.24495524662162027,-0.20481259213313138,0.9980236887931824,0.5120139429577066,0.2601171422918952,-0.2896133670130884,0.9983164668083191,0.5017357283404493,0.2598544782287764,-0.3031729392611179,0.9978147745132446,0.5462734023691089,0.3241274843171562,-0.05970582642883576,0.9999383687973022,0.45996000285263355,0.32510503504492516,-0.1352791911291105,0.9995923638343811,0.6105757530488141,0.3607351185902916,-0.049666006177222756,0.8457084894180298,0.40632670674693505,0.3586396915893385,-0.21384035597626208,0.8251296281814575,0.6753999621824208,0.37999971414374184,-0.2047007841127851,0.8708825707435608,0.353285120725119,0.38178562404075844,-0.40589731338856283,0.8263136148452759,0.6923037909762703,0.3925735922128879,-0.232399571044619,0.8655892610549927,0.3380989865671118,0.3867844311767823,-0.4676564727003592,0.7809417843818665,0.6946460649780424,0.39094783034156083,-0.2762177528953317,0.8719669580459595,0.3361915359671805,0.38546671719092984,-0.4968750249456537,0.7920389175415039,0.6862185844183558,0.38685185203021594,-0.22510735826135808,0.863831639289856,0.3419927339349765,0.38489978205070785,-0.4206072719906242,0.7623639702796936,0.5135908022279898,0.4905473837570345,0.021902210749758746,0.999918520450592,0.4740099116368292,0.47855448887469554,-0.022299668918904177,0.9997957944869995,0.4941613840103677,0.622284013670551,-0.05115428746720485,0.8429304957389832,0.435274639121839,0.5230217100838785,-0.16706160777260423,0.6701281666755676,0.46557094854695863,0.7714770734596639,0.01257337224002824,0.9020848274230957,0.4200774310717468,0.6044916693676676,0.06550467357169859,0.5048248767852783,0.46039022418534503,0.7884497691524592,0.008770710618691106,0.7687509655952454,0.4189140417966032,0.6150915786966282,0.08393651812742875,0.406068354845047,0.467884110325968,0.8112405512548383,-0.1777155827032612,0.8963452577590942,0.4162723243410189,0.6282842705394284,-0.03822343472916018,0.5451710820198059
211,7.033333333333333,0.506471833229582,0.24190870117434807,-0.3565005732946318,0.9987907409667969,0.5110585118676503,0.23360255540193414,-0.3289283476059307,0.9991360306739807,0.5147114845303924,0.23398453489425966,-0.32927480329204534,0.999066948890686,0.5183027210714076,0.23439759872064606,-0.32917985101455544,0.999382495880127,0.5024341937676812,0.23288668411926972,-0.33508603056974723,0.9991623163223267,0.4992935634817722,0.2328261997186962,-0.3354650190218382,0.9991555213928223,0.4959616659067951,0.23265325627609482,-0.3356365913319679,0.9993556141853333,0.521603465411535,0.241500122629076,-0.17962787273165534,0.9995311498641968,0.489830257462933,0.23978949656970705,-0.2053088016792899,0.9982173442840576,0.511389152334487,0.25482899104980994,-0.29909017808248656,0.9984835982322693,0.5012938491831589,0.254395509407088,-0.3084706959859956,0.9980314373970032,0.5462787215083121,0.3179840257976596,-0.08343264401057544,0.9999436140060425,0.45828330493462555,0.32056237697786855,-0.12189757446184574,0.9996225237846375,0.6096139705444689,0.3523575948639968,-0.08037078746039389,0.859490156173706,0.4028609972567777,0.35727630341408373,-0.17892020069628747,0.8367836475372314,0.6723763389043151,0.3700267240993364,-0.24055425524055635,0.8827733993530273,0.3478144104225859,0.38537165236994697,-0.36738335961385976,0.8405318856239319,0.6870470703463414,0.38150947273604563,-0.2729178704489406,0.8769921660423279,0.33201851861786946,0.3917761345084515,-0.4237938263444303,0.7965280413627625,0.6883996276347476,0.37992551002362973,-0.3153057544565139,0.8831107020378113,0.3299110461938618,0.39031213238156365,-0.45827493379609785,0.8075955510139465,0.6804503882781812,0.37623091901827777,-0.26087342183924883,0.8752819299697876,0.3362593498170586,0.3893315434726683,-0.3849383720852626,0.780245304107666,0.5122516665871838,0.4857609696384534,0.006446878229374333,0.9999216198921204,0.47234764217265834,0.4738056479702695,-0.006880213527165778,0.9997982978820801,0.49084003181983116,0.619191071068317,-0.07538133912443026,0.8558931350708008,0.4217166272298616,0.5127532037106487,-0.07555346257819018,0.6368396878242493,0.46420240755068565,0.7677889858161768,-0.010313595736826175,0.9096300005912781,0.4138391180687939,0.5834571740122518,0.20223326180226117,0.4709923565387726,0.4599997177207566,0.7833121745285901,-0.013466646885253414,0.771012008190155,0.4134418895687479,0.5924805403369322,0.22584962770938471,0.38332897424697876,0.46397970916211373,0.8114003848566427,-0.20067811920282888,0.9040570855140686,0.4083544811674087,0.6050722893843545,0.11940232313639391,0.5165545344352722
212,7.066666666666666,0.5061788336310717,0.23710091145478784,-0.35938983025766136,0.9989069104194641,0.5108480342478534,0.22885790976655324,-0.333133994294017,0.999214768409729,0.5144362642607716,0.22926103182307914,-0.3334790924156792,0.9991505742073059,0.5180214845625253,0.22970239602985798,-0.33337730992694775,0.9994359016418457,0.5022643091940102,0.2281132958700292,-0.33656589317644187,0.9992417097091675,0.4991538885159616,0.22806046376939418,-0.33693651151728254,0.9992353916168213,0.49583910242050777,0.22789875704315737,-0.3370995123364794,0.9994162321090698,0.5215348023773234,0.23694088500526192,-0.18851116694848286,0.9995633959770203,0.48987425554621433,0.2350598218684003,-0.20108558254823872,0.998383641242981,0.5110044638953883,0.24991694515567264,-0.30360585425079345,0.9986177682876587,0.5011093624220905,0.24933934349385792,-0.3094676461843665,0.9982105493545532,0.5449749377252816,0.3127850937926303,-0.11547272822042817,0.9999258518218994,0.4566694654307243,0.31660018981328225,-0.10406168171507096,0.9995917677879333,0.6003000591598777,0.3429968712039935,-0.17470762580509888,0.862250030040741,0.40046427224061104,0.35816333485548346,-0.14577720779999048,0.8195921182632446,0.6445852086672025,0.3540226713804034,-0.3774934694380273,0.8797245025634766,0.3434528704277122,0.3905877616761243,-0.328888894083253,0.8481218218803406,0.6561529612941142,0.36533641673871864,-0.4242605465787705,0.8696162700653076,0.32775152246411315,0.3986764033004263,-0.3810352744838559,0.8056269884109497,0.6545084439364969,0.3611770001440265,-0.45559088280015037,0.8758354783058167,0.32605077486059464,0.39726406412950455,-0.4189633128203672,0.8169530630111694,0.6489581932859313,0.3586187182346751,-0.39512605097004605,0.8613519668579102,0.3324898156567719,0.3956270546509219,-0.3484606774579118,0.7906259894371033,0.5104043971583917,0.4811273975960342,-0.009509283606900908,0.9999157786369324,0.46964927755552754,0.4689838553142362,0.009099567700255887,0.9997989535331726,0.48680835278036283,0.6154261520844051,-0.09833445254173914,0.858934223651886,0.41083667505990373,0.5038914532395364,-0.02678942573625509,0.6365421414375305,0.4629012531389309,0.7641874929434822,-0.024567624233667602,0.9112709760665894,0.4158066567267393,0.5736508574063249,0.21910667716949717,0.44550958275794983,0.45988965981385527,0.7784905330867635,-0.026453744718011485,0.7480499148368835,0.41819961875517186,0.5815675214081468,0.2434406634142504,0.36353495717048645,0.46021066710597575,0.8110475159055214,-0.2119278502226882,0.9033082723617554,0.4107145138793485,0.5981306223363498,0.1404166352531132,0.492009699344635
213,7.1,0.5047318182948981,0.23371591756193816,-0.34536785616823085,0.9990116953849792,0.5096451023932813,0.22544489643702542,-0.3206199448945077,0.9992860555648804,0.5131307084868143,0.22585610341193604,-0.3209532331424711,0.9992259740829468,0.5166678197408622,0.22632093302937328,-0.32084671901611317,0.9994829893112183,0.5010291790334924,0.22471143680780944,-0.3207859777907523,0.999314546585083,0.49792192509086525,0.22465110252618928,-0.32115427442400396,0.9993091821670532,0.4946258062380793,0.22447142828914968,-0.3213137910582275,0.9994727969169617,0.5203327968127628,0.23354738084279048,-0.183912717438055,0.9995880722999573,0.48904414456740497,0.23142485485194883,-0.18155300576484207,0.9985392093658447,0.5092416547365962,0.24646805474635586,-0.2922551504002131,0.9987110495567322,0.499717327597532,0.24574705922372514,-0.2939951701354482,0.9983618855476379,0.539476295086734,0.3085910704711734,-0.1309836902840262,0.9998211860656738,0.4565278519754558,0.3139358939623086,-0.07712425917531894,0.9995524287223816,0.5811277900714442,0.33033715166145616,-0.22078416618367772,0.8643433451652527,0.402497860150407,0.36127941004409714,-0.10568786520553328,0.8139329552650452,0.6123865167553911,0.3371680969353485,-0.4207019473984962,0.8740622997283936,0.34597630546170854,0.39637984160669304,-0.2823885873216079,0.8594940304756165,0.6215938962915067,0.3451703132109629,-0.471505944464146,0.8583177328109741,0.3303364188578574,0.40665581577797955,-0.32942081587530686,0.8199621438980103,0.6206043186749969,0.3416845176050241,-0.4953312454126267,0.8647080659866333,0.3281472950312264,0.40520512381562424,-0.3696789226000412,0.8307803273200989,0.6161416365426898,0.3403021501001458,-0.4357767294778811,0.8471466898918152,0.33455198583849866,0.402738341233584,-0.30328462357110747,0.8064272999763489,0.5066346387296645,0.47779005289411913,-0.02272651996750542,0.9999138712882996,0.46689257156225283,0.46595692185555637,0.02236461446965992,0.9998083114624023,0.48338020490400385,0.6126993881294182,-0.11229586115901971,0.870633065700531,0.4033803142050848,0.49769187184402847,-0.04633973566319818,0.6615739464759827,0.4631660268147718,0.760414859247137,-0.03116216392638757,0.9182361364364624,0.42299058988081323,0.5655332588311954,0.21461489247920038,0.43940845131874084,0.4609419037848809,0.7742675048723713,-0.03194045447062167,0.7574767470359802,0.4284872356234559,0.5720983585862438,0.2440418897783866,0.3641212284564972,0.4582946234557812,0.8086597134211638,-0.214468347943168,0.9098105430603027,0.41917458172344507,0.5921392579646493,0.14140561733853158,0.4905492067337036
214,7.133333333333333,0.5028788463233698,0.2315486967627897,-0.3373965903035089,0.9991105198860168,0.5079106467654825,0.22328623235531397,-0.3154594788879877,0.9993574619293213,0.5113392577534421,0.22369835109930103,-0.31581642817375166,0.9993033409118652,0.5148650690624632,0.22416557820103797,-0.3157180301379838,0.9995346665382385,0.49956767986017764,0.2225835812894434,-0.31240311207860755,0.9993830919265747,0.49662499266839455,0.22252599189944203,-0.31275713910759273,0.9993782639503479,0.49349929992094965,0.2223420575445589,-0.3129083781677873,0.9995254874229431,0.5189421386202735,0.23139460948670024,-0.1995275138227213,0.9996292591094971,0.48903871134616506,0.229150011631996,-0.17174670318297963,0.9986852407455444,0.507178230936691,0.24428150797163023,-0.2883630252432484,0.9988399147987366,0.49823204773648777,0.2434862856363942,-0.28512260496270436,0.9985256791114807,0.533256655731026,0.30601936936383645,-0.17538087679994116,0.9998390078544617,0.46081502054935053,0.3119872279731928,-0.05044051028722145,0.9995954036712646,0.5549535148072434,0.3249087890055282,-0.28117206202212397,0.8778966069221497,0.4129251778691878,0.36467408393674267,-0.05451442434820322,0.8117093443870544,0.5653372122261422,0.33079363101115794,-0.47258411001069545,0.8866467475891113,0.3550346156259977,0.4025267528803121,-0.21341862306270304,0.8721907138824463,0.5682349637260493,0.3377317459619432,-0.5277442182468564,0.8724688291549683,0.3394859392187078,0.4142084123942215,-0.2522458443495673,0.836592972278595,0.5668831667132873,0.3345257725277039,-0.546450285352343,0.8782223463058472,0.33667949336735636,0.4125988294671077,-0.2942831742680404,0.8464774489402771,0.564978991538,0.3334413832841137,-0.48494201372747436,0.8623952269554138,0.3433854392852656,0.4095524327013923,-0.23470657682762555,0.8239873051643372,0.5023556667443645,0.4756164466930029,-0.046266997576946564,0.9999215602874756,0.46720606596884906,0.46441035340981424,0.04589841992094231,0.9998244643211365,0.48128561416049853,0.6108196969715336,-0.13663033147466222,0.8835160136222839,0.41532152269537265,0.5027809231187135,0.07784791671191904,0.6733035445213318,0.4637456903402467,0.757828782160233,-0.06068255448465612,0.9263805150985718,0.442993266950399,0.5633441257993003,0.3801306724678093,0.47847986221313477,0.4631015193141859,0.7714623481234751,-0.06120250312700756,0.7814720869064331,0.4487837008169673,0.5659792957590267,0.4130716348997655,0.4191858768463135,0.4574291985382419,0.8074873375932213,-0.23765382366334947,0.9187999367713928,0.44254311859762674,0.5918176488385535,0.33141629294761815,0.5340307354927063
215,7.166666666666667,0.5008969968020529,0.23113144654288864,-0.24741183808476933,0.9991828799247742,0.505350434601223,0.22246541027019917,-0.238271199378893,0.9994083642959595,0.5083387889922334,0.222736707612535,-0.23863230830959567,0.9993592500686646,0.5123687216260502,0.22303419683039413,-0.23856040952066765,0.99957275390625,0.4994267123385009,0.2220162134492966,-0.2310570448449059,0.9994305968284607,0.49749393617162674,0.22201662506848924,-0.2313773305875762,0.9994252324104309,0.495438614412777,0.2219017246095928,-0.23149857704314736,0.9995594620704651,0.5162409113114008,0.22977664650635898,-0.17472199238659603,0.9996609091758728,0.49259729646674466,0.22845770234632967,-0.13147621709139437,0.9987710118293762,0.5041821361206965,0.243358868133827,-0.21734890247974117,0.9989383220672607,0.4973440771355889,0.24310845957345384,-0.20876906013756516,0.9986422061920166,0.5202505215612035,0.30438011345873583,-0.1874129658195356,0.9998546242713928,0.47218792299670304,0.3098681210434954,-0.02132464398591968,0.9996047019958496,0.5220143043647666,0.32213580201243797,-0.2952356429929348,0.8898245096206665,0.43326150290537224,0.36720840274123845,-0.022471627640083498,0.7550835609436035,0.5181037886526559,0.33078517966424553,-0.42202548400460993,0.8967143893241882,0.3722805737244801,0.40564650355604465,-0.15975441871676363,0.7954851388931274,0.5165054429728337,0.33840756599517197,-0.4707488959730215,0.8827460408210754,0.35704818609347777,0.41925596858423914,-0.1894997881660379,0.7647330164909363,0.5150346323899174,0.33576594937745585,-0.4832995168254366,0.8878298401832581,0.35327598257043447,0.41716456823461123,-0.2287934665769174,0.7732106447219849,0.5155136934232984,0.33423458401220346,-0.43007031190202627,0.8706119656562805,0.3605305928326427,0.41277286588589124,-0.17980270278130564,0.7528516054153442,0.49701531487308814,0.47419860846757667,-0.06047832878754898,0.9999274611473083,0.47306638702892756,0.46362744838814623,0.06008848010775258,0.9998315572738647,0.4798041105198472,0.612658599264245,-0.1452817135892963,0.8940502405166626,0.4290258078091541,0.5047290562697908,0.16721442419747218,0.6194690465927124,0.4642003117504656,0.7561318424086945,-0.08613473660405266,0.932778537273407,0.4597874445105907,0.562645372690637,0.47093860183696107,0.4553859531879425,0.4648655030421055,0.7692891155493853,-0.08710437697755899,0.8010944128036499,0.46515339152046653,0.564303537934694,0.5036021820126146,0.43390604853630066,0.45688768767827637,0.8084922763841126,-0.2468111175629345,0.9237028360366821,0.4619968225290476,0.5925438724459389,0.44875568060522875,0.5000613927841187
216,7.2,0.4970049989602434,0.23054597342819932,-0.16923112743821686,0.9992480874061584,0.5009601288702076,0.22159277816914602,-0.1705299595930034,0.999451756477356,0.5030135651244049,0.22177982517808248,-0.1708866740271273,0.9994068741798401,0.5062428812951368,0.22198378680863703,-0.17082859143300186,0.9996036887168884,0.49790337956124264,0.22132314361616248,-0.15843490068714702,0.9994717240333557,0.496019603432822,0.22138436158611977,-0.15873386865919142,0.999467134475708,0.4945417798645588,0.22134822803291018,-0.15882980622922377,0.9995887279510498,0.5102396339281776,0.22829509574850845,-0.14934057878831392,0.9996880292892456,0.4935316222958293,0.22778434851882734,-0.08708290595558767,0.998856246471405,0.4990203425339335,0.24240328033016476,-0.15473292413542777,0.9990156888961792,0.4958830615716315,0.24259967358929652,-0.13987644882304612,0.9987347722053528,0.5073143533478253,0.30190160380430026,-0.1898494385783111,0.9998677968978882,0.4816150751074483,0.3075330558802248,0.012351958975926603,0.9996040463447571,0.49506788890319,0.3206721889039217,-0.29467473822243645,0.9000968337059021,0.45010578366994225,0.37094364699197413,0.015543681552056716,0.7068595290184021,0.48345771859400877,0.334353927707539,-0.3920806618214028,0.9036266803741455,0.38658641732689697,0.40929095615600125,-0.09793607608862653,0.7271482944488525,0.4799865945409635,0.3425557841615309,-0.4369274873061561,0.8888590335845947,0.3724019826006786,0.4227780662590504,-0.11862225738357259,0.7003183960914612,0.479358681222396,0.3403182278360039,-0.4446710783461805,0.893012285232544,0.36795810455555944,0.4205244064337387,-0.1561387435563079,0.7073864936828613,0.4806683462217409,0.33832262965254073,-0.3971751251198543,0.8719186782836914,0.37526341959523185,0.4157862514599966,-0.11697192701427508,0.6898177266120911,0.4902231566908147,0.47328253406117127,-0.07018857394121153,0.999932587146759,0.48020245737412903,0.4634929937682621,0.06977005062081007,0.9998394846916199,0.47781029938700337,0.615070021043068,-0.14850075895240925,0.9042277932167053,0.449819758916474,0.5053823211188679,0.22232012505168353,0.5915685892105103,0.46460115544151603,0.7566886406219433,-0.11180412931225153,0.9393142461776733,0.4740141506731529,0.5643547955310212,0.5064902390616152,0.4820221960544586,0.4663183014024183,0.7697517959324199,-0.11484544424670276,0.8203829526901245,0.47760715178106933,0.565370163521941,0.5363527655190536,0.47439971566200256,0.4577288704342768,0.8095559037296913,-0.26189591711812726,0.9306306838989258,0.47484251442479436,0.5960331359140498,0.4976118881853087,0.5103968977928162
217,7.233333333333333,0.4927010557542922,0.22987176915124347,-0.1104625938929307,0.9993133544921875,0.4963797243599124,0.22075950481304701,-0.11972588074324217,0.9994978904724121,0.49764484090029054,0.22090415895146026,-0.12008257627007736,0.9994574785232544,0.500022216604991,0.22106345012612272,-0.12003442302322823,0.999637246131897,0.495932789014389,0.22059519841019376,-0.10324292998565071,0.9995148777961731,0.49394203066261877,0.22071187623609084,-0.10352023856619166,0.9995104670524597,0.49301466800449983,0.2207532265124456,-0.10359072269291131,0.9996198415756226,0.5041729206896476,0.22704555453364184,-0.13100621883815822,0.9997159242630005,0.493803633143631,0.227159006814637,-0.05109948973786133,0.9989446401596069,0.49371998392467864,0.24147517341277286,-0.10803393255062611,0.9991018176078796,0.4944370676696358,0.2419990001792227,-0.08746244591752099,0.9988390803337097,0.49718801065468976,0.29929641789013284,-0.19430366056967047,0.9998803734779358,0.48850391991128317,0.3054128280768627,0.042963832530252426,0.9996111392974854,0.4748563466595639,0.31999067168581014,-0.3056623538340946,0.9097314476966858,0.45834139008841845,0.3733096720259387,0.04909356878273268,0.6587331295013428,0.455893164911689,0.3381525876623594,-0.39017588013657645,0.9121336936950684,0.39781954437420103,0.41232385794714294,-0.05116607213247683,0.6703251600265503,0.4507391127044801,0.3469252244735719,-0.43515255291068766,0.897995114326477,0.3840389861326896,0.42479177733821316,-0.06612413223193607,0.6490327715873718,0.45044738964054265,0.34491850536508756,-0.4238230432927134,0.9016135931015015,0.37965550159692113,0.42256158170243696,-0.10295266128963221,0.6548547148704529,0.45265106773065517,0.34248599474189506,-0.38919066504911093,0.8799850344657898,0.3863851663382422,0.41810547033754547,-0.06989670080607815,0.6393656730651855,0.4839564756837628,0.4726261253704887,-0.08096456753941478,0.9999372959136963,0.4857972349933653,0.46386432595912525,0.0805197722452014,0.9998458623886108,0.4757766862026533,0.6169224229871071,-0.1557506225675223,0.9132705330848694,0.4674211869661475,0.5058889621001033,0.2701637705943118,0.5582960844039917,0.4649836521192323,0.7578506008519763,-0.14442321480663095,0.9451058506965637,0.4858957224799069,0.5672108999246265,0.5438694241305433,0.49418333172798157,0.46795999062111826,0.7710896233090091,-0.1495779894837104,0.8374466896057129,0.487574988548366,0.5685019019698702,0.5719348976652031,0.5071204304695129,0.458244096957058,0.8104041534951896,-0.29007867723899544,0.9367709755897522,0.48426458998028066,0.6000280148987984,0.5450114262054543,0.5133848190307617
218,7.266666666666667,0.4900031839974158,0.22936850289023725,-0.04146351680875435,0.9993141889572144,0.49271871296384895,0.2201788024327073,-0.05644225688892012,0.999443531036377,0.49318070667363834,0.2202939019242444,-0.05678414973330049,0.9993987083435059,0.4944922238062937,0.2204177838806779,-0.056757445086462355,0.9996026158332825,0.4943411964446406,0.22008183550970903,-0.04376089505917639,0.9994927048683167,0.493090078900401,0.22023612681894922,-0.04403945249442211,0.9994944930076599,0.4929735091589952,0.22033044917682187,-0.04410972289828203,0.9996054768562317,0.49717520066675747,0.2261853904983021,-0.09410263343747631,0.9996997117996216,0.49475562400414475,0.22669228626582572,-0.03130737788179363,0.9988938570022583,0.4895998377270548,0.24083234311419122,-0.04849933000475409,0.9990262389183044,0.4930601118456026,0.24152924315693203,-0.0330347622462397,0.9987857341766357,0.48355794530577506,0.29753794347488693,-0.15591838134589867,0.9998890161514282,0.4951954861400456,0.30659948011308696,0.030607504338369673,0.9996301531791687,0.4562978657378755,0.32747998685432245,-0.22609504339046527,0.8766136765480042,0.4737280910029629,0.37865633247923525,0.01720824441112119,0.6316992044448853,0.44747617373958837,0.34896965109951694,-0.2638388346913397,0.8258780837059021,0.4180696835339027,0.41404760026666676,-0.06307950381108915,0.6038476228713989,0.44158105166808415,0.3579091672507364,-0.29483084216125466,0.8125576972961426,0.40383298357364455,0.42629399815613667,-0.07430954783108516,0.5845543146133423,0.43914495917875823,0.3557482214058348,-0.2892123757747765,0.8156229257583618,0.3998488357818499,0.4239708510925573,-0.08112641428632261,0.5897769331932068,0.4429702569749451,0.3528389985923561,-0.26350860398623643,0.795537531375885,0.40578648940009177,0.4197456442162721,-0.07643973992528905,0.5758190751075745,0.47559105888493736,0.4748734648162809,-0.06113719870124592,0.9999411106109619,0.4881695708371171,0.4665647188614245,0.06070715878293287,0.9998558163642883,0.47374799907016985,0.6188387033247293,-0.11071965858820823,0.9123204350471497,0.4940261433273974,0.5044774342725026,0.21421094221863518,0.5551347136497498,0.46493584504658325,0.7587332631696602,-0.10786508927685953,0.9448619484901428,0.4941376492748083,0.5728645241065583,0.4447365410398883,0.49720603227615356,0.46839148490734733,0.7722692211126336,-0.11320689156287884,0.8472509384155273,0.4929757553252372,0.5719578562408285,0.46880614420050915,0.5127037167549133,0.45914712684293224,0.8096354981572305,-0.23069256291651336,0.919911801815033,0.48725129255498306,0.6072575282578022,0.45177062941236135,0.4903998374938965
219,7.3,0.49001691524432417,0.22925118675806974,0.027203540183858725,0.9992916584014893,0.49117313790296924,0.2197343491579145,0.010171663488667458,0.9993587136268616,0.4907868688272772,0.2198622542086289,0.009850587680562142,0.9993096590042114,0.49107382960849316,0.21997756437175106,0.009872410449809188,0.9995405077934265,0.4947403990741088,0.21984304960691006,0.016526696303993747,0.9994565844535828,0.49449434328235076,0.22000485017201293,0.01623933637255056,0.9994651079177856,0.4952446966045496,0.22010495354542997,0.016172359453888445,0.9995797276496887,0.4918984423295104,0.22558814193981147,-0.04337095729511143,0.9996671676635742,0.49722967700180154,0.22636976331335293,-0.009073110167780883,0.9988653063774109,0.48845668038378054,0.24035387828375704,0.014655989597265447,0.9987553358078003,0.493707147724866,0.24132836861876017,0.021717327331525777,0.9985511302947998,0.473430727274275,0.29730425339996264,-0.09566865563282104,0.9998871684074402,0.5048268314622927,0.3053529339524877,0.018263537510099428,0.9996384978294373,0.4477437020734596,0.33818239275847134,-0.1261674540184401,0.8030486702919006,0.4886032682262007,0.3821651076364737,0.012409369992363244,0.6065568923950195,0.4490789683598447,0.3569706498750815,-0.11381678583824534,0.7448338270187378,0.4418080236115414,0.4122037159297609,-0.001649849660845741,0.5527065992355347,0.44450506151524505,0.3662999774508289,-0.1284298957209909,0.733316957950592,0.42969749412397307,0.4229212349593601,-0.005683652326890033,0.5343782305717468,0.44340570317679573,0.36265505293583356,-0.12744031457379057,0.7360121011734009,0.4254585082447957,0.4205233551323998,-0.008610517783447416,0.538731575012207,0.4468724978992289,0.35999989903835694,-0.11372943041197721,0.717971920967102,0.4300886445844261,0.41677567844805063,-0.01036785975048509,0.524513304233551,0.46799180005532093,0.4765195320771266,-0.036987505071358846,0.9999433755874634,0.48988454990997043,0.4686847229032264,0.036592238050799406,0.9998627305030823,0.4713106827091966,0.6201320607850122,-0.06927797172253886,0.9011802077293396,0.5096836488078449,0.5064326079954564,0.15565179378161986,0.5678731799125671,0.466550147362811,0.7593845771374385,-0.08821965848837734,0.9411547780036926,0.4982737740467376,0.579226402744668,0.3544879187131215,0.49823081493377686,0.46961544893646134,0.7740103413435493,-0.09504394765718702,0.8528109192848206,0.49162323048782647,0.5771363071849509,0.3759747550614125,0.5110868811607361,0.46322723987518194,0.8088100715164235,-0.19456171065927302,0.894527792930603,0.4867137067144087,0.6153073683251774,0.36864723594497595,0.4651942849159241
220,7.333333333333333,0.4890766762109039,0.2296106840648431,0.07609441580677978,0.9992485046386719,0.4889244197710723,0.2195366604661012,0.057783552820881316,0.9992298483848572,0.48785936406982905,0.21955562724540587,0.05748030006837858,0.9991768598556519,0.48736584194353716,0.21966754814018866,0.05749848742352563,0.9994462728500366,0.4938636698389224,0.21991757259896824,0.059129503178321,0.9993950724601746,0.49429394823420264,0.2200227579640241,0.0588348521316215,0.9994143843650818,0.49556701836618033,0.22007204633248367,0.05876777026119564,0.9995349049568176,0.48683156231249836,0.22516153415611564,-0.0058513854378424435,0.9996148943901062,0.4978534017408455,0.22613292630799636,0.005814473188813123,0.9987961649894714,0.48659617075687467,0.24013735074910586,0.06016084345778015,0.9984623789787292,0.49286407121632614,0.24140851666342955,0.06058050774967527,0.9983004927635193,0.4638756524648824,0.2977604148748068,-0.04785865316656476,0.9998849630355835,0.5118726548298478,0.3035909368532072,0.006392551678774722,0.9996429681777954,0.4410587961699499,0.348162917906918,-0.05178704712795358,0.7327255010604858,0.49969242839608774,0.38387884223662716,0.008859299913442087,0.5667835474014282,0.4505450554860937,0.3634333657975541,-0.011278650336754806,0.6717560887336731,0.45731019640369386,0.40999662058397074,0.03810221757621863,0.5023778080940247,0.4485403540760915,0.37152348677141656,-0.015142564000520692,0.6619922518730164,0.4463052940357587,0.4187828068215758,0.03857114074644517,0.48599183559417725,0.44857206272119843,0.36798708362596955,-0.01868959355471586,0.6643893718719482,0.4418870900525501,0.41661003628630566,0.03673842677548689,0.48976877331733704,0.4511260987557338,0.36576132428449937,-0.012143613020654268,0.648149847984314,0.4457229232325032,0.4133179313560227,0.03222500880550233,0.4761045277118683,0.4612615747033378,0.4777267330119157,-0.016118887759584997,0.9999449253082275,0.4897398129434637,0.4701991748788118,0.015753352549637018,0.9998683929443359,0.4685777966591609,0.6194201588666206,-0.03779880916601888,0.8926689028739929,0.521636222656913,0.5084129129011011,0.10703895956409104,0.585168719291687,0.46691124708534837,0.7597899104024995,-0.07482690270597585,0.9400792121887207,0.4985729543014237,0.5846076093349153,0.27731651658833584,0.5054338574409485,0.4693218284955388,0.7753627571889377,-0.08301783063997681,0.8604162931442261,0.48844066302763944,0.5819155280097992,0.2962194352447365,0.5134530663490295,0.46564191246902625,0.8074779897644611,-0.16833107892314148,0.8793683648109436,0.4864560025654493,0.6227850253355557,0.29984347383173066,0.448184072971344
221,7.366666666666666,0.4885672027143941,0.229900907478425,0.08262306819671796,0.9992837905883789,0.48843873543251615,0.21940929474218737,0.06900346662546337,0.9992355108261108,0.48708495610723224,0.21935381262990766,0.06871172605725795,0.9991817474365234,0.4861863963994475,0.21946010493767665,0.06874486627029872,0.9994469285011292,0.49370575883358375,0.21994171208835053,0.0638463103937365,0.9994139075279236,0.4943882652869005,0.2199920417534581,0.06355069774792413,0.9994348287582397,0.4957339199357194,0.21999088533002137,0.06348020456068829,0.999544084072113,0.4842961812178176,0.22486644557150504,0.023440079180338115,0.9996189475059509,0.4971339197042196,0.2258613969174992,-0.00231780566578513,0.9988468885421753,0.4862605144575298,0.23997367757376392,0.07254240950163124,0.9984568953514099,0.49268049607056136,0.241490739408784,0.06492263939275988,0.998296856880188,0.46042285070694156,0.29787590950334797,0.010282180194325835,0.9998788237571716,0.5118864814872266,0.30221164084665164,-0.028580511751048636,0.9996174573898315,0.44046281616546845,0.357357431239019,0.014577149003364945,0.6637614369392395,0.5070436118381246,0.3851750934017306,-0.02695001720756264,0.5987308621406555,0.45302964144396396,0.38148691589750666,0.029621649359434697,0.6069585680961609,0.4725140882735611,0.4083838887999822,0.043454839605066964,0.5021737217903137,0.4520829675181566,0.3911935897797648,0.02918247249692438,0.5995027422904968,0.46350128487616943,0.4155672675563351,0.043578171982510946,0.4766367971897125,0.4529988209811238,0.38743833839668135,0.020323921028098227,0.6014864444732666,0.4589345741952805,0.4135182223728956,0.035891078978227936,0.4766727387905121,0.45509795653643265,0.38438246603410064,0.026221866663207374,0.5868655443191528,0.46189542670267136,0.4107436956600565,0.0345147939519778,0.455432653427124,0.4577797797815871,0.47865591084062054,0.013898365195134372,0.9999473094940186,0.488638496514081,0.47129364652810957,-0.014249654787885336,0.9998754262924194,0.46723017710816594,0.6179223469421693,0.007512344538960394,0.888515055179596,0.5331181974190276,0.5083329517254318,0.05712363090465179,0.6239283084869385,0.46634996683213076,0.7600861646623687,-0.031236118740650347,0.9437353610992432,0.4975319284304949,0.5893984006326949,0.2127518026843016,0.550089955329895,0.46817217766502955,0.7762933993254686,-0.03974615788588502,0.8690604567527771,0.4850672468845115,0.5860248849042864,0.23024584960031483,0.5439870357513428,0.46728377977077895,0.8064354318466544,-0.11425118020366443,0.8856534957885742,0.48290695857155086,0.6301220101125105,0.2396379079756644,0.49165186285972595
222,7.3999999999999995,0.49062003346970184,0.2307579211281801,0.05428555305700894,0.9992589950561523,0.48985735709981204,0.2201843682168806,0.04918315731363242,0.9992073178291321,0.48857990891567915,0.2200653786771811,0.04889782982403556,0.9991580247879028,0.4876828491176993,0.2201130379743737,0.04893916379537926,0.9994206428527832,0.4941647070956028,0.2207476482976861,0.035324197008134675,0.9994093775749207,0.4945839456051009,0.22074050117679608,0.03501077517947683,0.999449610710144,0.49554875494340356,0.22065256049059281,0.03491116408898223,0.9995571374893188,0.4850075301872048,0.2251729011613792,0.03379092512416299,0.9996113777160645,0.49540974268772375,0.2260882758141664,-0.02716039560991864,0.9988969564437866,0.48858635158383446,0.24049533212701862,0.05660601451307726,0.9985419511795044,0.4938497669808377,0.24203249771402213,0.03718934311971926,0.9984086751937866,0.46290682073399514,0.2979743936785645,0.05201637232460052,0.9998822808265686,0.5073116232668136,0.30125917787252504,-0.07131453483519559,0.9996523261070251,0.45255029645867295,0.3639678522466884,0.08015704022892811,0.6346172094345093,0.510882013446746,0.3815164916711868,-0.09798150709224973,0.6373974680900574,0.4697213795101762,0.38915061553977537,0.07757504667073402,0.6100141406059265,0.48971567755199175,0.40506638049114685,-0.054687441897765914,0.5502813458442688,0.4712801296220051,0.39855455573908743,0.07960010859870502,0.6061525940895081,0.48539658056017243,0.4122666742969018,-0.0671461044651682,0.526513397693634,0.4728462142899379,0.3947375935317533,0.061094739296786674,0.6102172136306763,0.481753818298807,0.40979552873428826,-0.06973835524083447,0.5260845422744751,0.4741193479799613,0.39148914863820966,0.06997079174388812,0.597103476524353,0.48325600884219055,0.40731527827455977,-0.06099356875590703,0.5040196776390076,0.46026062980708143,0.47748929406568896,0.038791628342193185,0.9999517202377319,0.48313769969408416,0.4718742620203568,-0.03907141643213916,0.9998873472213745,0.480082360607341,0.598440351216338,0.02347447989822816,0.8955106139183044,0.5223271420729331,0.525261586211421,0.0027217644789002543,0.6613200306892395,0.4684673722612174,0.7352466731106335,0.022033365229172906,0.9409945011138916,0.49189112805886825,0.6196290123144659,0.12982371874277632,0.5949395895004272,0.46732953478071737,0.748427201081191,0.017521006865590348,0.8642189502716064,0.48076272451183055,0.6206032868320763,0.14334883362050188,0.5874993205070496,0.4671741121206388,0.7823089087515591,-0.054522389017156815,0.890282392501831,0.48197187003508113,0.6635069012678272,0.1244548489461168,0.5420953035354614
223,7.433333333333334,0.4926320845231599,0.23033817756927666,-0.020054807588233366,0.9993308782577515,0.49204240994351495,0.2196223062198466,-0.016178669757997276,0.9992846250534058,0.49128812233884717,0.2195692260283244,-0.016471968891029164,0.9992395043373108,0.4908051181278282,0.21967344421423024,-0.016425698105385647,0.9994768500328064,0.494403761371987,0.22013451853982458,-0.03521210927216571,0.9994667172431946,0.49423376802335456,0.22020097335067693,-0.03552979317614025,0.9995027184486389,0.4944853929383386,0.22018069975567445,-0.03566026421429759,0.9995996952056885,0.4881268490689412,0.22493431307177353,0.01138112642050009,0.9996475577354431,0.49293773709702604,0.22583210454867655,-0.076394097881957,0.9990001916885376,0.4914072320934508,0.2403408927062164,-0.002991155759569007,0.9986744523048401,0.49460352017883336,0.24188036686316003,-0.02954340326897468,0.9985499978065491,0.46753297416135664,0.2985277080563035,0.07202736026818424,0.9998822212219238,0.5032735746900564,0.300718094507835,-0.1275039074566135,0.9996579885482788,0.467039623365693,0.36688189631645696,0.11519608102653778,0.5921139717102051,0.5153343885850816,0.37831915063101906,-0.17073950549345107,0.657599687576294,0.49531828090208235,0.39409241455874816,0.0845820407462276,0.6164992451667786,0.511267885261193,0.4040749018443388,-0.1395321344210108,0.563026487827301,0.49991009007874454,0.4038778241340561,0.08589774621440584,0.6159356236457825,0.5121858995638374,0.41284865424131034,-0.16303906193216558,0.5296452045440674,0.5016942711462054,0.4007043535011683,0.0606516952912078,0.622572660446167,0.5080748304499609,0.4109282498714175,-0.16164249769330372,0.5274060964584351,0.5015413204999157,0.39735951607159425,0.0736467248355897,0.6082708835601807,0.5092495695045705,0.4076940453699114,-0.1436997560964109,0.4920836091041565,0.4626430611668083,0.4762485672902287,0.06418077223248414,0.9999497532844543,0.47942759105915544,0.47229818226283504,-0.06442590099916218,0.9998936653137207,0.48304124761855044,0.5913910256972904,0.10054400698745525,0.8152363300323486,0.5133187414373384,0.5431221989531358,-0.04558306481449789,0.6932799816131592,0.4690075193253243,0.7187678275477842,0.16542105536534607,0.8658275604248047,0.48456971359079865,0.6469325848795119,0.06333289223281433,0.6327614188194275,0.46665779947703406,0.7313082354796436,0.167619225574229,0.8041163682937622,0.47336976264932873,0.6518541770851966,0.07408820743162361,0.615476131439209,0.46917451077349326,0.7631393309575925,0.10581678951524137,0.8274217844009399,0.4828664769132907,0.6912752156406589,0.03221349787416011,0.581630289554596
224,7.466666666666667,0.4948555122151749,0.22939951194943814,-0.0757867357623978,0.9993892908096313,0.4947695927368345,0.2186945220500836,-0.06484177435338824,0.9993462562561035,0.49472105843555997,0.21869921406708354,-0.06513186276644554,0.9992998838424683,0.49488264482292377,0.21885574052519455,-0.06506948093514457,0.9995162487030029,0.4950108529257918,0.2191806244505162,-0.08713032634397745,0.9995150566101074,0.49425172595126926,0.21933810606926152,-0.0874740135947073,0.9995481967926025,0.49387903755568163,0.21941129357947697,-0.0876431391284534,0.9996367692947388,0.4926240362893223,0.2243596371893651,-0.004693806818346493,0.9996567368507385,0.49130115002682134,0.22525267573741953,-0.10508602479845494,0.9990891814231873,0.4946750057685438,0.2398595447958507,-0.04621445623334651,0.9987668991088867,0.4956772469336667,0.24132444757608829,-0.07711040841404916,0.998666524887085,0.4742119016802035,0.2984064054215499,0.09125001712651387,0.9998452067375183,0.5015679608004839,0.3003410742299619,-0.15588498764309078,0.9996848106384277,0.4796783719871646,0.3669904126346677,0.14639980695213092,0.5497986078262329,0.5214556170378065,0.3760487666025173,-0.19909609507167586,0.6906502842903137,0.5081564766478317,0.3944712809878478,0.08607235560735135,0.609403669834137,0.5346436716850912,0.4040215241152307,-0.17883990566444458,0.6062429547309875,0.5108630927617068,0.4040357491744527,0.08452915730364914,0.6209837198257446,0.5389529725326454,0.41517602668180803,-0.21088644522501568,0.5757980942726135,0.5119294047706254,0.39938702155710504,0.05515029456508819,0.6285704374313354,0.5363590255967396,0.41354768367089895,-0.20750416607098343,0.5737354159355164,0.5120132601035703,0.39577271382427115,0.07309156124918939,0.6101322174072266,0.5361395683974517,0.40951253544745436,-0.18125966267158156,0.5407261252403259,0.4662616652724514,0.4753176248248178,0.07879285392048727,0.9999470710754395,0.4757401308018197,0.47262227101109583,-0.07902156523628512,0.9999010562896729,0.4860220375931654,0.5941929396795192,0.1281209922622754,0.770211398601532,0.5058293836619605,0.555944466589152,-0.09447878667967262,0.7223597764968872,0.47050174781253146,0.711883796195296,0.23875790452606177,0.8230352401733398,0.48089190493259315,0.6705840225407426,0.008418522019385428,0.6657845973968506,0.46741122404685026,0.724832662862174,0.24556794397768372,0.7615447044372559,0.47059096197272804,0.6779925661778082,0.018037175343967912,0.639173686504364,0.4717536004031063,0.7557555954473267,0.18505964098478409,0.793817937374115,0.4846849725673207,0.7120646304844234,-0.04118871389630056,0.6171034574508667
225,7.5,0.4963724672838395,0.22852784364404335,-0.13569275434305217,0.9994437098503113,0.49682392637370426,0.2178195217799057,-0.11873284349574167,0.9994043111801147,0.49736473166695105,0.21788405114805937,-0.11903042357628399,0.9993600845336914,0.4981105217484213,0.21808976756782444,-0.11895873272531027,0.9995571374893188,0.49507042149002944,0.21822769102288675,-0.1441101865791912,0.9995589852333069,0.4936886043364569,0.21845987077834683,-0.1444691673775375,0.9995894432067871,0.49258284346228376,0.21863137532741467,-0.14466726591715062,0.9996699690818787,0.49632353800037793,0.2237807221871856,-0.02912369212197435,0.9996788501739502,0.48933823898428686,0.2247307746555166,-0.14238767936607297,0.9991699457168579,0.49724232733680074,0.2393740475909374,-0.09511265571080023,0.9988699555397034,0.4960949172962096,0.24077756504198386,-0.1301135277672555,0.998781681060791,0.48146438231262434,0.2979851264618601,0.09724860603893108,0.9998424053192139,0.49898348726396835,0.3000919300747685,-0.1924827885419866,0.9997068643569946,0.492230524794214,0.36696416512784397,0.15616997050158235,0.5367565751075745,0.5250464600948374,0.37425026019406626,-0.23949425873424562,0.720405638217926,0.5264130889176974,0.3949641145697018,0.06473115221848555,0.6366935968399048,0.5519654889410381,0.4039873949761492,-0.23542420920234824,0.6452422142028809,0.5340979061322014,0.40712893014224005,0.05892263745309736,0.6494887471199036,0.5593676927223523,0.41704277279705215,-0.27752129636790857,0.6175006031990051,0.5352054611171198,0.4026484795121567,0.022965103253038098,0.6574621796607971,0.5583278527388923,0.4156683592498162,-0.2724113642350159,0.6156089305877686,0.5325884743899604,0.3973811233333776,0.04825603462890721,0.6388404369354248,0.5567048208304428,0.4109161272344796,-0.23681737364906513,0.5847228765487671,0.46948168150114084,0.47465925293743627,0.09137340405137682,0.9999449253082275,0.47232166798972075,0.47286022025684327,-0.0915712527770825,0.9999064803123474,0.4886834396796104,0.5979226230624416,0.15277914964111938,0.7307284474372864,0.4997025207185072,0.5671787121565549,-0.1266778644764405,0.7487154603004456,0.47184775286935476,0.7097414631861129,0.3058356617843545,0.7903138995170593,0.47746988490607967,0.6892049979364661,-0.014574969586767721,0.6958629488945007,0.46824448416926856,0.722819375336355,0.3166049263761216,0.7276349663734436,0.4669354837822293,0.6977019407254706,-0.004682353985911726,0.6603536009788513,0.47365600352146453,0.753249041949745,0.2516704536519424,0.7723582983016968,0.485429096105203,0.7292867578923063,-0.08008882758070329,0.6494545340538025
226,7.533333333333333,0.4971389957151533,0.22788709581109923,-0.16024874937285735,0.9994612336158752,0.4982651925811987,0.21745919674660266,-0.13974262133291757,0.9994060397148132,0.49938168544181205,0.21766888417586863,-0.14004299507183388,0.9993313550949097,0.500664763689629,0.2180052202018926,-0.13996804437726273,0.9995536804199219,0.4947945401190181,0.21770415242480423,-0.1638835040468801,0.9995683431625366,0.4929633481718953,0.2180268339275426,-0.16425383997252874,0.9995906949043274,0.49132686393341557,0.21831283504926854,-0.16446324659428813,0.9996748566627502,0.49967686587644017,0.2240756052226018,-0.03789015658449961,0.999616265296936,0.4877701633588609,0.2246625499085955,-0.16953710952645373,0.9991260766983032,0.4990203448883205,0.2392545159898477,-0.11486014234195416,0.9989216923713684,0.4959745519390477,0.24051931183185737,-0.1485012615672322,0.9988214373588562,0.4905702593413164,0.3006522002383476,0.09895577815490857,0.9998489022254944,0.49401099316951447,0.30088905641544944,-0.1973061287212724,0.9996849298477173,0.5099535856647456,0.3696137900678394,0.1567684469469866,0.5704208016395569,0.5239524444982328,0.37103706693510596,-0.2544088343974681,0.7182648181915283,0.5511581954194344,0.4018621583342576,0.05219985134592861,0.6674191951751709,0.5633487110509441,0.4018358598883284,-0.2963082629759117,0.6700238585472107,0.5603718905073767,0.41535302803012264,0.044819041646977587,0.677142322063446,0.5697578287806753,0.4144652858220246,-0.34784501753743485,0.6418441534042358,0.5618277903496683,0.41219825290321577,0.005595629398054247,0.6855250597000122,0.5690111896826593,0.4131928052670133,-0.3429419078348961,0.6404519081115723,0.558276507450877,0.4066787581100776,0.034461653161366665,0.6668397784233093,0.5672195753494407,0.4094254696681101,-0.29858895718699685,0.6021839380264282,0.473558028751372,0.47794142975026355,0.09810774322767156,0.9999401569366455,0.4665346846117146,0.47417867030975047,-0.09838566292178155,0.9998959302902222,0.4876951569685789,0.6046768836672913,0.12711741014856356,0.7129957675933838,0.4847314425214233,0.558876164705979,-0.23868193811824798,0.7648574709892273,0.4704930118532108,0.721445322580754,0.2787765094221423,0.7909815907478333,0.4684951388555004,0.6876713044510891,-0.10938325093746065,0.6732775568962097,0.46595974947785956,0.7354002214442761,0.288062018004791,0.7007794380187988,0.46068072235235524,0.6994308506837656,-0.09812581112287405,0.6164043545722961,0.4743472870632903,0.7651959194693317,0.19865947324300884,0.7684109210968018,0.47652121800125236,0.7288477319560778,-0.19057099585007903,0.63531494140625
227,7.566666666666666,0.49821674786669407,0.2340617038987793,-0.19064230235174418,0.9995107054710388,0.49982513364026326,0.22408221675403703,-0.16812533853137612,0.9994558691978455,0.5013427055923031,0.22424704851364752,-0.1684495545659465,0.9993865489959717,0.5030546977242698,0.2245126866560356,-0.16837916519753268,0.9995906352996826,0.49539202260063125,0.22437774234890293,-0.18793184340002106,0.9996025562286377,0.4932360797980478,0.22473863100996153,-0.1882991185544079,0.9996232986450195,0.49123122326852176,0.2250689124637848,-0.1885091946258371,0.9996981024742126,0.5033822481895278,0.2308875066079698,-0.0543761136710062,0.9996474981307983,0.48778612041992564,0.23158934770870132,-0.17842407489579837,0.9991660714149475,0.5008207045120703,0.24554869493810574,-0.14183443480760316,0.9990184903144836,0.4964570949378897,0.2468580833621475,-0.16977135775524435,0.9989137053489685,0.5026093143142899,0.30867597850541895,0.07921879827567496,0.9998610019683838,0.4895833971032654,0.30662185633416184,-0.17706859554837415,0.9996175765991211,0.5305477541723841,0.37531914434901315,0.1328331340181754,0.6112583875656128,0.5147528928210972,0.3721276457417981,-0.2627626900497898,0.7147440314292908,0.5766203222923423,0.4099808111344553,0.024488183875821995,0.6991458535194397,0.5534118687601862,0.40221704024764804,-0.37185970483008046,0.6500847339630127,0.5870175451374817,0.42462988077145974,0.012626071614195357,0.7064885497093201,0.5597714606455704,0.41355186911597414,-0.43200106036158914,0.6212576031684875,0.5889428929640786,0.42242997272594857,-0.028375005298550714,0.7146422266960144,0.5605960905582994,0.4113449615019076,-0.4286749329633447,0.6222764253616333,0.5844880667036195,0.41669751865294224,0.005924039469237651,0.6971821188926697,0.5587377658280607,0.4082555954795345,-0.37640047561441115,0.5781084299087524,0.47815407966470547,0.48422527170721924,0.0833717450282158,0.9999304413795471,0.4655789999655239,0.47741299528012743,-0.08366685308290864,0.9998489022254944,0.4890144479925175,0.6149181701835733,0.0896808942107996,0.7374898195266724,0.46552509301446665,0.5578335353357551,-0.20062748298089356,0.7618367075920105,0.47155005114134213,0.7352413325022484,0.24031079876078262,0.8074823021888733,0.43286641741680054,0.6765638900641,-0.04130257153690025,0.6832805871963501,0.4664169610546247,0.7497988085515805,0.2483930764345427,0.7034039497375488,0.42526863850431096,0.6897051612571523,-0.028466587264730142,0.5963669419288635,0.47542802214178803,0.7782314219543224,0.1345222112112119,0.7848530411720276,0.4336574757523479,0.7117067580671544,-0.13485668858002797,0.6452184915542603
228,7.6,0.49757127991571415,0.24059756387839804,-0.2196518418032287,0.9995560050010681,0.4999768242153137,0.23083138142839285,-0.19642283545571768,0.9995031356811523,0.5020632089494514,0.23098413397572765,-0.1967634389663404,0.9994386434555054,0.5042907068729612,0.23122391903600026,-0.19669056250365252,0.9996249675750732,0.4945192139841666,0.23106378609825004,-0.21233047651593934,0.9996365308761597,0.492188511684222,0.2313982795959129,-0.212698264881528,0.9996557235717773,0.4898986729584394,0.2317083780714334,-0.21291455368138024,0.9997227787971497,0.5059112008964217,0.23733193639992745,-0.07445366282262439,0.9996768832206726,0.48655613485078714,0.23811687084491936,-0.17649700663766038,0.9992281794548035,0.5009941074205932,0.2519653872292269,-0.16846753462059624,0.9991068243980408,0.49530668589762383,0.2534074777983315,-0.19113005439475184,0.9990033507347107,0.5118377911768878,0.31606786762980266,0.05674657197845325,0.9998701214790344,0.4838428457594599,0.3123862732929016,-0.16140246382224518,0.9995399117469788,0.5463525443250232,0.38047722519491234,0.10414743099441488,0.6461604833602905,0.5014995665259531,0.37561484125013944,-0.26389953144093437,0.7182422876358032,0.5959173466835845,0.4170198404970712,-0.00932213563036079,0.7261578440666199,0.5422737432711073,0.4043963962241463,-0.41254379958931686,0.6461307406425476,0.6074702386033988,0.43271224990384416,-0.025255865317708008,0.7308642268180847,0.5497624246397547,0.41430193439912416,-0.4764462361633872,0.615157425403595,0.6097766973505754,0.4310153973427848,-0.06762895361731329,0.7391491532325745,0.5518581737592315,0.41079252808918437,-0.47476814986647803,0.6175299882888794,0.6046593807543956,0.4251946893025292,-0.028439114870429244,0.722385823726654,0.5496783482596304,0.4082555378978753,-0.41850535570265135,0.5679648518562317,0.48349392518756595,0.49016857488424304,0.06810077056716068,0.9999079704284668,0.4638622521650396,0.48055863193422355,-0.06840568943914652,0.9997664093971252,0.48981959863174107,0.6236775876122727,0.060403225145533354,0.7616216540336609,0.444121235430753,0.5545421537540411,-0.1493295169793753,0.7582417130470276,0.4714229544143799,0.7469574815888198,0.20346767257316412,0.8248926997184753,0.40341486164764667,0.6599351440603732,0.03975878803487523,0.6865893602371216,0.46605551039777615,0.7617885409908612,0.21019541345623793,0.7155483961105347,0.3962724349661691,0.6731997530088623,0.05492746024288461,0.5741109848022461,0.4745440533943437,0.7891413372288157,0.0788350727806146,0.8029459714889526,0.3994844800635004,0.6908313991250251,-0.05439806853160748,0.6476645469665527
229,7.633333333333333,0.4985206786401251,0.24650538785741472,-0.23997730077447416,0.9995693564414978,0.5012377476516615,0.2368566781025623,-0.2160598393040055,0.9994812607765198,0.5036060533192515,0.2370487419382725,-0.21641290565274784,0.9994004368782043,0.5061358829904439,0.23731702009406794,-0.21634575502553646,0.999602198600769,0.4952858876487223,0.2369498451577798,-0.22873649950425312,0.9996152520179749,0.4928183304494848,0.23720597084861433,-0.22910600309666612,0.9996376037597656,0.49033146906102765,0.2374295010653502,-0.22932752863429487,0.9997006058692932,0.508509972864911,0.24318219597206933,-0.08839884378309651,0.9996542930603027,0.4872343101333209,0.2435812110238911,-0.17212112849193278,0.9990934133529663,0.502342792874286,0.2580106155740801,-0.18736289111492074,0.9991284012794495,0.4960747252457517,0.25935617027776003,-0.20574017605016448,0.998982846736908,0.5202045448412459,0.3225005294219281,0.039598881568187284,0.9998743534088135,0.4812770256912515,0.31711285713766163,-0.1466156269825269,0.9994277358055115,0.5598794892271299,0.38450533266999987,0.08433309229846138,0.6738937497138977,0.49135787971280614,0.38023505859743945,-0.26345673776128287,0.7150464653968811,0.6124327055381946,0.4216767872322589,-0.027912545135095907,0.7471688389778137,0.5378130760884089,0.40600701492583324,-0.4469490716835113,0.6406062245368958,0.6245765652049963,0.4380686311498222,-0.04600464022887886,0.7475364208221436,0.5464992368346865,0.4144677829128012,-0.5142056622015391,0.6068117022514343,0.6270681154514364,0.4366392416898916,-0.089166607608296,0.7567529082298279,0.5495060384162103,0.4098541869006661,-0.5132537511743492,0.6104009747505188,0.6215807365670347,0.4308360357451559,-0.047293158965510396,0.7397716641426086,0.547011503628418,0.4077383244168478,-0.45393663847384,0.5541804432868958,0.4886812247329576,0.4954565336106341,0.055440704905503096,0.9998757243156433,0.4640940342031305,0.4837747892451087,-0.05575252477859706,0.9996742010116577,0.49204887350314563,0.6302204110670351,0.03510677389900027,0.7692364454269409,0.430005513367922,0.5562076663964657,-0.12786846483727393,0.7293034195899963,0.47288062184351526,0.7561016745458082,0.1770343081934132,0.8272249102592468,0.37569103294963746,0.6500879643223018,0.06577495549047045,0.6714774966239929,0.46707694445141074,0.7708472938936681,0.18308268443128708,0.6892312169075012,0.36857856040327797,0.6638779489087667,0.08076647192200948,0.5396572947502136,0.47498647085048473,0.7977248087020927,0.039250318665505796,0.8003479242324829,0.3662667462391253,0.6766641119960926,-0.03392009231843597,0.6324182152748108
230,7.666666666666667,0.5002557544365708,0.25492677735900354,-0.26123066420138974,0.9996120929718018,0.5033407778970878,0.24538718607980564,-0.23705477248092688,0.9995322823524475,0.5060042765864547,0.24553983965308449,-0.23741400828462145,0.999459445476532,0.5088201994115508,0.2457422820813337,-0.23733214521470997,0.9996412992477417,0.49681193830901293,0.2455116583138876,-0.24628271010710573,0.999653160572052,0.494209649295127,0.2457850871146735,-0.24665543610586793,0.9996732473373413,0.49161344152559816,0.24602052934452473,-0.24687272114054593,0.9997299909591675,0.5116069197986113,0.25155940911463653,-0.10779328621136389,0.9996878504753113,0.48854554723919086,0.2521632308120358,-0.17021743233288975,0.9991809129714966,0.504588493870766,0.2666562867541165,-0.20885548653168565,0.9992147088050842,0.49766434385403613,0.2677694255677452,-0.22252291675942706,0.9990830421447754,0.5283484870185101,0.3311267120172214,0.01216800047643098,0.9998856782913208,0.47859317034990545,0.32652012740429437,-0.13141563140206025,0.9994655251502991,0.5725501702901844,0.3880114659459407,0.04906835187301009,0.7055262327194214,0.4734907394459208,0.38354980121356086,-0.22335409810130133,0.7392728924751282,0.6275506637182524,0.42438339934503927,-0.0745660601479906,0.7719817161560059,0.4965736937088727,0.40386944028071664,-0.40108988990085725,0.6732169985771179,0.6410216758383791,0.44005150713707447,-0.09638426503890032,0.7717103958129883,0.5000213562487471,0.41024241899775477,-0.46159876881752065,0.6385114192962646,0.6433849465080663,0.43887055110805395,-0.13981653805332878,0.7802364230155945,0.502043610524746,0.406121044475988,-0.4713252897370386,0.642991304397583,0.6372485185635987,0.43410500802584995,-0.09453318127029188,0.7647228240966797,0.5015362870459721,0.40464131653899527,-0.41232855083830894,0.5922221541404724,0.49489124269762036,0.5023643412343657,0.04160802657652899,0.9998761415481567,0.4658791531030134,0.4899863994493168,-0.04194276801234913,0.9996612071990967,0.4953415647814667,0.6387102001960768,0.0069339548910585,0.7897475361824036,0.43099233704789774,0.551674409442342,-0.09833944414986831,0.7046167850494385,0.47416764315285503,0.7638526977807625,0.1306109504242291,0.8428277373313904,0.38731525045643356,0.6259202433219889,0.1558816307605554,0.6115071773529053,0.467516747981755,0.7791309926902721,0.13464452376949645,0.7111055254936218,0.38217523015899546,0.6367629058938534,0.1778464536113075,0.498401403427124,0.47568630280067015,0.8045567130583923,-0.020528951286788458,0.8183307647705078,0.3786821046182032,0.6488535840251873,0.0770701266364183,0.5836235284805298
231,7.7,0.505864859982387,0.2640902368776191,-0.2796862407596005,0.999650776386261,0.509636038285193,0.2544919713977431,-0.2542261612767377,0.9995786547660828,0.5128591689208563,0.25447637206141355,-0.2545799865342985,0.9995130896568298,0.5162540507149838,0.2545322710050974,-0.25449124703067183,0.9996768236160278,0.5020881913926407,0.2547189448287606,-0.262465730419133,0.9996875524520874,0.49933932655925506,0.25495446539775457,-0.26284295651406087,0.9997056126594543,0.4965758891496614,0.2551330696738852,-0.2630531061032337,0.9997565746307373,0.5194309673544036,0.26038461512215494,-0.11950772083304756,0.9997186660766602,0.4929125595594558,0.2617016798215549,-0.17254276842108468,0.999261200428009,0.5109582415546752,0.2759351014507469,-0.22585979962751945,0.9992926716804504,0.5029893769633594,0.2768502487209678,-0.23820302402548107,0.999173641204834,0.5399068463407137,0.34070120845824564,-0.001556070090937868,0.9998959302902222,0.4784786714096625,0.3378384497757743,-0.12417571905669345,0.999492347240448,0.5857680462358015,0.38961364611324634,0.03043252446404259,0.7338194847106934,0.4554198093542136,0.3810925984281579,-0.21134703855182282,0.760509192943573,0.6439467416308616,0.42218615526593417,-0.1014140344114664,0.7940301299095154,0.45773455573261845,0.4001179631178175,-0.3881849505027338,0.6936988234519958,0.6586797010901779,0.4368126163970882,-0.12431319117802768,0.7928349375724792,0.4554906118376098,0.40549361255013733,-0.44614415941179336,0.6493345499038696,0.6610816996323604,0.43555129686779287,-0.16916547068423782,0.8009409308433533,0.45633814829902875,0.40225217265856245,-0.45814681521814793,0.6571215987205505,0.6544694612534283,0.43114208448957914,-0.12254940719109958,0.78678297996521,0.457254554655564,0.4011424832332498,-0.3994161208506504,0.6133543252944946,0.5071742880849215,0.5085097779222008,0.03523111951078511,0.9998751878738403,0.472342236643844,0.49599730297377354,-0.03557727561266589,0.9996470212936401,0.5033885584289479,0.6450032128205525,-0.012144791685506718,0.8046655654907227,0.44089404659122033,0.5515634225446411,-0.08763107213532038,0.674109935760498,0.47852980964917763,0.7734022051048994,0.08667075624664863,0.8555048108100891,0.40353135266707046,0.6227830874531123,0.17845851560946518,0.5584341883659363,0.47144882581479775,0.7883365849690427,0.08779968401307509,0.7268020510673523,0.40286985145252696,0.6336834932712562,0.2022836170200967,0.4575803875923157,0.47941702627195837,0.8130713961080098,-0.07786201743701615,0.8335403203964233,0.3969285075377194,0.6458348338596978,0.10349836744895971,0.541059672832489
232,7.733333333333333,0.5079749811880031,0.2694836023382949,-0.2890514342915041,0.9996846318244934,0.5121219007201248,0.2599976400753153,-0.2671370659424376,0.999618411064148,0.5157452177578531,0.2598359922015664,-0.2674314643841039,0.9995590448379517,0.5195739628416843,0.25974739237168215,-0.26731020014347734,0.9997071027755737,0.5039335293944417,0.26038386098277244,-0.2678429893111803,0.9997169971466064,0.501136091411351,0.2605679534417378,-0.26822227032938084,0.9997333288192749,0.4982677826433196,0.2606723440659616,-0.26840358465052877,0.9997789263725281,0.5232685241599065,0.2656835291385133,-0.12021951376462177,0.9997448325157166,0.49419869133104966,0.2672593166301301,-0.16260656649384,0.9993278980255127,0.5137543254874023,0.28126328100883186,-0.23716799129347216,0.9993597865104675,0.5048903330145976,0.28191994197804715,-0.24391052876647287,0.9992499351501465,0.546344625840898,0.34568513030979314,-0.007158109435313767,0.9999030828475952,0.4772184784759444,0.3458911752467451,-0.11370424864200779,0.9994878172874451,0.5947307610661872,0.3894782000497415,0.02184136699142887,0.7590838670730591,0.45087632591112514,0.38081103672046446,-0.21023912499443537,0.7714906930923462,0.6559294205029715,0.418917446879557,-0.11238905839062258,0.81393963098526,0.4474700680723712,0.3942774198116307,-0.41660617878445005,0.7183985710144043,0.6717717926367083,0.4325567754985946,-0.13585339562125054,0.8122873902320862,0.44360227801708735,0.3980060965738538,-0.47760430253589115,0.6760307550430298,0.6741630463669099,0.4313008582328857,-0.18178402310546493,0.8198956847190857,0.4447785708237899,0.3942848591855126,-0.4916403938047389,0.6842784881591797,0.6671108915572721,0.4271470610424719,-0.1341512460581814,0.8069331049919128,0.4463221235186753,0.3938491179558573,-0.4298039302101038,0.6431638598442078,0.514557893254133,0.5119651958847794,0.031198984284959725,0.9998746514320374,0.4753115970465871,0.4997437366259945,-0.03153945543947209,0.9996349811553955,0.5077354949118617,0.6486017872574106,-0.019639575073918992,0.8198055028915405,0.4481624823441451,0.547099237109096,-0.109568597580639,0.6747693419456482,0.47979041248223375,0.7795792449721469,0.07480205160250651,0.8685985803604126,0.4199770185555489,0.6182860342855193,0.1741575154260829,0.5346637964248657,0.47248913650057617,0.7940736654016929,0.07548498010015647,0.7451428174972534,0.42027736036950597,0.6283554228947414,0.20084112990513184,0.4366288185119629,0.4804237197796039,0.8185099138346277,-0.09479004346501917,0.8484601974487305,0.41629168561423135,0.6431591952872597,0.09881352293058833,0.5353788733482361
233,7.766666666666667,0.5092804875854006,0.26933077452533327,-0.343255630573314,0.9997161030769348,0.5134158792930454,0.25976608661585704,-0.32080676109499656,0.9996563792228699,0.5171160391146211,0.25953441286909906,-0.32112481864241726,0.9996029138565063,0.5210385060040589,0.25936037821892205,-0.32101008238094697,0.9997362494468689,0.5052094971380228,0.26031757037187353,-0.3210502332067576,0.9997451305389404,0.5024021172610388,0.26050512300280754,-0.3214380175780354,0.9997597932815552,0.4994178891702851,0.2605870469019517,-0.3216070632186592,0.9998008012771606,0.5250840237209954,0.26515613847544167,-0.1709023951718926,0.9997701644897461,0.49501295935142947,0.2669668602446247,-0.20307661946727268,0.9993936419487,0.515208660463225,0.2811155364028115,-0.28918463525595417,0.9994234442710876,0.5062534407894561,0.28177261048305613,-0.2944238112468439,0.9993241429328918,0.5514665575159916,0.3452184095514258,-0.054075039177534326,0.9999123215675354,0.47496334175804156,0.34664267684025857,-0.14095905239006246,0.9995256066322327,0.6061579524333089,0.3850799353407096,-0.029973107172526884,0.7821953296661377,0.43594859147407283,0.37771467142134363,-0.22680258054367253,0.7924184203147888,0.6719020795766667,0.41186706783038685,-0.17011443447383515,0.8317391276359558,0.416599794677339,0.3911532661487838,-0.43019919304593907,0.7435227036476135,0.6873895994911796,0.42469687912550325,-0.19646683887096975,0.8291692733764648,0.40841291021914355,0.39468919386263696,-0.4886792150631891,0.7000764012336731,0.6898214512090493,0.42336506925900735,-0.24405975556464837,0.8364705443382263,0.40908239344933384,0.3911645232254172,-0.5089038089934064,0.7091063261032104,0.6827182430364745,0.41953745451538416,-0.19310616607113457,0.8244386315345764,0.41223604672152275,0.39086939240077206,-0.44621609519829925,0.6714819073677063,0.5187510979409009,0.512265447133268,0.025066434343557206,0.9998824000358582,0.47736593964708185,0.499133879352236,-0.025453009680862854,0.9996445775032043,0.5081810049870978,0.6496254652336103,-0.0369033235873249,0.8360885381698608,0.4493653092187738,0.5347475215356466,-0.053504834002258486,0.6399821639060974,0.4794432280604508,0.7825206200472341,0.05173864900793722,0.8808135986328125,0.4194340263729085,0.5906349552522313,0.2595657297134842,0.49003279209136963,0.4724952414308132,0.7966621407254905,0.05156844552586172,0.766620397567749,0.4191476370150591,0.5993308455792904,0.288804759655953,0.40814197063446045,0.4813682938333742,0.8209890180266483,-0.12693995098484326,0.8628822565078735,0.413830471542895,0.610650798134922,0.1920565532842073,0.505621075630188
234,7.8,0.5049538906559374,0.2634311210701766,-0.3668673935323416,0.9997444152832031,0.5094737923590112,0.2537604335709053,-0.34386798430364873,0.9996905326843262,0.5132772669464052,0.253531041937202,-0.34419239894801823,0.9996423721313477,0.5173427941247082,0.2533454793982558,-0.3440749650997988,0.9997624158859253,0.5008668118862559,0.2543290204609496,-0.3433430128379139,0.99977046251297,0.4978845196010521,0.2545124256057378,-0.3437308452169379,0.9997836947441101,0.4946864779877499,0.25454623794157283,-0.34389143918349574,0.9998205900192261,0.5215104034851594,0.25932249329630397,-0.19499392192642587,0.9997929334640503,0.4884890132628241,0.26090458488734036,-0.2173107495839357,0.9994536638259888,0.510893429456559,0.2753658236300778,-0.31257919861603256,0.9994808435440063,0.501901371986993,0.27596130036363054,-0.3161638383263394,0.9993913769721985,0.5512285145143115,0.3395430496364109,-0.08461150710051121,0.999920666217804,0.467851108655869,0.34176281140858433,-0.14948136963269593,0.999568521976471,0.6118433683682412,0.37611474248312043,-0.0707703742575962,0.8037676215171814,0.4227371671408697,0.37119418848921537,-0.217560857005752,0.8115971088409424,0.6819371294744203,0.40112700108733457,-0.216329843840118,0.8483405709266663,0.3914567569262041,0.3865287872143499,-0.4170779129912703,0.7680860757827759,0.6976667715587953,0.4140446559406641,-0.24418464005943116,0.8456178307533264,0.3808336786010412,0.38959417568673965,-0.47097114279961866,0.7274203896522522,0.7002699781714126,0.413097715813906,-0.291998445663864,0.8523368239402771,0.3807582307638988,0.3875443714440975,-0.49927625626054717,0.7360794544219971,0.6932895230681865,0.40931593167664265,-0.23956494418392413,0.8414281606674194,0.38492719517184487,0.3876178822124303,-0.4365314642318272,0.70225989818573,0.5181642915143776,0.5074064392336192,0.017035822693145398,0.9998854994773865,0.47273329638194805,0.4938318669854629,-0.017451452513934877,0.9996535778045654,0.49743380352418126,0.6450236985205036,-0.0502548487751551,0.8498456478118896,0.45032634073341227,0.5248844390334784,-0.0732818215671865,0.6428518295288086,0.46800863321657704,0.7810197642436643,0.026963787892242873,0.8918377161026001,0.4263357199876545,0.5735677358118206,0.23361750470084927,0.47984737157821655,0.46494939526567663,0.7955488739646374,0.025117807566242663,0.784706175327301,0.42646395830531814,0.5811949670977319,0.261627815203484,0.40340131521224976,0.4743546821758969,0.8203441863158492,-0.16002259551763176,0.8757212162017822,0.4217900731926414,0.5884645732883365,0.16132288458927918,0.5158503651618958
235,7.833333333333333,0.5046398709079988,0.2584990138200521,-0.39823955367725256,0.9997699856758118,0.5092078459620651,0.24900655455030885,-0.3757400197355812,0.9997214674949646,0.5128733755786234,0.24882513844241202,-0.3760854417613187,0.9996781349182129,0.5167625962784342,0.24866345178706697,-0.3759734045511853,0.9997861385345459,0.5003857133406718,0.24944621850305068,-0.3746232820653408,0.9997934103012085,0.4971841263235722,0.2495964399531061,-0.3750086664557296,0.9998053312301636,0.49370950722332624,0.24959206086876798,-0.37515920825295485,0.9998385310173035,0.5205714061967163,0.25486114454927045,-0.22905801323619188,0.9998136162757874,0.4868311955746175,0.256154097753411,-0.24187986792640392,0.9995081424713135,0.5101819522899109,0.270509671526549,-0.3438337676251313,0.9995326995849609,0.501298570178252,0.2709704166310177,-0.3457309830247895,0.9994521737098694,0.5526790291317886,0.3351274551765301,-0.12182306765893866,0.9999284744262695,0.4630902960133163,0.33788583286235024,-0.16001313250359317,0.999609649181366,0.6172352511713894,0.36905903150556685,-0.10899580730498179,0.8231924772262573,0.41339728239438545,0.3669535829198921,-0.21200664913105996,0.8299413323402405,0.6898917039317359,0.39245674651835905,-0.25504243691235184,0.8632542490959167,0.372103245147265,0.383568238860522,-0.4022690171307805,0.7908291816711426,0.7065544221959014,0.405483736356404,-0.28581256175240494,0.8603249788284302,0.35952205339890747,0.38651902090608803,-0.4522408614351384,0.7531150579452515,0.7095630200292689,0.40499492006970667,-0.33390056299300086,0.8665454983711243,0.35891745937765507,0.386243542446071,-0.4866690681113466,0.7612519264221191,0.70248544354238,0.4013246909320878,-0.278674955856188,0.8565614223480225,0.36380689762751406,0.3865846819627112,-0.4240538577914557,0.730704665184021,0.5188357139257441,0.5037360421379542,0.006138803437124981,0.9998894333839417,0.47258006964284843,0.48994703824631014,-0.006599601509201174,0.9996560215950012,0.49263606552122513,0.6415233930442086,-0.0737914230890385,0.8599730730056763,0.45317529012403857,0.5192357106568086,0.01303668852338976,0.5859955549240112,0.46228131050541943,0.7803961321398796,-0.010423125474766443,0.8998984694480896,0.4316903694368464,0.5632499232264269,0.36483008267333444,0.43370524048805237,0.4615968403549292,0.7948972779575648,-0.013753979817922812,0.7949855327606201,0.4317044746511891,0.5701901822763911,0.39726641210347075,0.3688024878501892,0.472484084945864,0.8206788350212364,-0.20216562419210093,0.886579155921936,0.4281123548420983,0.5739057924298205,0.3102010028546659,0.47156015038490295
236,7.866666666666666,0.5056789108627332,0.2513708167825466,-0.40438927911461897,0.9997923970222473,0.5104549836527879,0.24219114718729504,-0.3866670241681316,0.9997477531433105,0.5140794177984589,0.24213920916129175,-0.38694965802336023,0.999708354473114,0.5178909667391317,0.24209351497581094,-0.3867499444656821,0.9998056888580322,0.5015455885229381,0.24235865743373264,-0.3752207362670271,0.9998133182525635,0.4982671144980893,0.24245098217685326,-0.37560964513894524,0.9998241662979126,0.49475144168357343,0.24238461064800482,-0.3757548112406666,0.9998540282249451,0.5213894651371581,0.24886683338857785,-0.24814204252502692,0.999829888343811,0.48805905663041027,0.24905547637774234,-0.23205296618390528,0.9995552897453308,0.5108431383603096,0.26383418076581006,-0.3545582007468484,0.9995772838592529,0.501986143430566,0.2638896961893666,-0.34460010585752837,0.9995046257972717,0.5537422961733359,0.3269413862895865,-0.1313091013269224,0.9999323487281799,0.4614979157189041,0.3314926088793161,-0.13769852461483204,0.9996392726898193,0.6192695366987079,0.3570033892406953,-0.12137796996231393,0.8391098976135254,0.4091978009480116,0.3640795779303133,-0.18029899116843154,0.8445632457733154,0.6965792431853195,0.3780960168310593,-0.26214940267438647,0.8751470446586609,0.36307956398368046,0.38417430362742244,-0.3750636231105381,0.8109964728355408,0.7094016385921577,0.38979622713354606,-0.2930876709292,0.870736300945282,0.3494844950610614,0.3893456555733203,-0.4224797547609175,0.7761814594268799,0.7108198137612531,0.38966389495429643,-0.3398427170303571,0.8769208192825317,0.3483085072340045,0.38934655887673797,-0.4601530651262339,0.7837828397750854,0.7039953644465928,0.38653834274721155,-0.28506383678198294,0.8674255013465881,0.3537007744660099,0.3889652992974098,-0.39815165715801226,0.7561337351799011,0.5194851736208881,0.49837124959348394,-0.00485398457118574,0.9998946785926819,0.47299281260754517,0.4842136627856034,0.004388632653157769,0.9996803402900696,0.4904448242908797,0.63664053267464,-0.09132760095432087,0.8720741868019104,0.43873927538065033,0.5091427915978525,0.014524812633781043,0.6101965308189392,0.4625300189142291,0.7774408725235028,-0.022597886545803823,0.908910870552063,0.42890428735485586,0.5593264193772225,0.35743466611297436,0.4578545391559601,0.46356150078020936,0.7913713146083187,-0.025173723516116214,0.8065963387489319,0.43344987001124674,0.5671025418397531,0.389008762991512,0.3890206217765808,0.4718819057901124,0.8204046118538109,-0.21251189394097364,0.8965107798576355,0.4272960161061902,0.5786665443722556,0.2985654799753214,0.4985394775867462
237,7.8999999999999995,0.5072822947717737,0.2443077021960086,-0.3934979753856557,0.9998060464859009,0.5124980012220385,0.2351713927815643,-0.37692879265361035,0.9997627139091492,0.5161320298332097,0.2352059371113127,-0.3771927712055352,0.9997245669364929,0.5198376953879578,0.23526076256722805,-0.376978726796778,0.9998147487640381,0.5035021014799214,0.23525531781346448,-0.36213219758332205,0.9998254776000977,0.5001943336893339,0.23535562732169785,-0.3625065675119229,0.9998347163200378,0.4966685828960226,0.23530040629539967,-0.3626394821451182,0.9998631477355957,0.5230347302950977,0.24256173438885187,-0.24966746610888899,0.999830424785614,0.49013716959263226,0.24207989487076284,-0.21345912878006645,0.9995827674865723,0.5120205718662966,0.25697701309005627,-0.3461593749433922,0.9995933175086975,0.5033211896247927,0.2567690335401878,-0.3316412876746968,0.9995253086090088,0.5548956283319297,0.31856768653131295,-0.1502949461089284,0.9999139904975891,0.46184114229213513,0.3257775343469857,-0.10633480833900746,0.9995880126953125,0.6074998469850342,0.34477189975356626,-0.19624196331735377,0.8497236967086792,0.4088529010695704,0.36260832649661834,-0.1318156383746782,0.8171680569648743,0.6586412783245017,0.363823238001563,-0.3645408757715233,0.8793515563011169,0.3603466988446795,0.3871753017477319,-0.31557244918540805,0.8227545619010925,0.6655978304740189,0.3719497076002975,-0.4059028584443459,0.8708885312080383,0.34590908351431127,0.39468512960211904,-0.35857269493447075,0.7900055646896362,0.6663572001980906,0.37166537144713685,-0.4390033406990925,0.8763412237167358,0.3441237356056081,0.39439015461540355,-0.3986560348465845,0.7977180480957031,0.6615700581423619,0.37023294694741277,-0.38262425441134107,0.8614315390586853,0.3499247541735099,0.39318646560098613,-0.3392097018210107,0.7716391086578369,0.5203114791954584,0.49191404235110836,-0.019254250453250507,0.9998960494995117,0.4735966354216104,0.4781687312046513,0.01883662838366372,0.9996986985206604,0.49018013516034886,0.6303678128190112,-0.10922799318362972,0.8815196752548218,0.42912596751963206,0.5015402925413288,-0.028121749237921587,0.641628086566925,0.4657261459032818,0.7729075824151443,-0.029128870255152713,0.9164040684700012,0.4333786296963859,0.557287117334704,0.30349503148533735,0.4715917408466339,0.4681906545314392,0.7862052362669609,-0.030148328217852377,0.8106700778007507,0.44092538160755956,0.563930528529684,0.3345734498362223,0.40251749753952026,0.4724878668209301,0.8197126291301648,-0.21367768640468646,0.9041887521743774,0.4313347728414354,0.582617307966217,0.24661296304049504,0.513900876045227
238,7.933333333333334,0.5062769723741792,0.23833557448172032,-0.38246733146356793,0.9998234510421753,0.5120247081727316,0.2291354124257393,-0.3657584135307744,0.9997838139533997,0.5157589697775641,0.22927822966878128,-0.36602194930178167,0.9997485876083374,0.5195983331005037,0.22945723546412058,-0.3658093398742112,0.999830424785614,0.5030327248945959,0.22898798307782497,-0.35005720382412786,0.9998413324356079,0.49982102989861155,0.2290604457717058,-0.35042181213446744,0.9998494982719421,0.49639587665137136,0.2290206825796104,-0.3505478472193635,0.9998754262924194,0.5236307680579942,0.23696908192621657,-0.24310413562428068,0.9998425841331482,0.4907235269130074,0.23598598717510744,-0.19602021684051385,0.9996197819709778,0.5108800767044211,0.2511333121877656,-0.3356953591654792,0.9996277093887329,0.5021585716253361,0.25065581863808245,-0.31953535071282096,0.9995660185813904,0.5525727415663082,0.3116268000795522,-0.16321773753922672,0.9999085068702698,0.4614702038173596,0.32051936878009724,-0.07676988749723954,0.999582827091217,0.5949813598711625,0.3353215454406363,-0.251213571532691,0.8627247214317322,0.40763352001468045,0.36186424177368415,-0.08519194811707592,0.8181925415992737,0.626657706666867,0.3500112299541237,-0.4439870066519742,0.8899088501930237,0.35590770872749544,0.3903760940861083,-0.26068582623131753,0.8387458324432373,0.6287506265066595,0.3565576541556565,-0.49403855463867596,0.8809871077537537,0.3403929985311321,0.3996232342577619,-0.3002657506726104,0.8085553646087646,0.6283997787218418,0.3554072236458575,-0.5168667609456632,0.8858961462974548,0.33785149598855435,0.3988881428197571,-0.34305672652569386,0.815799355506897,0.6263443659270432,0.35454275378266403,-0.45843728860108746,0.8705216646194458,0.34397912428128163,0.39706338325739604,-0.2850789676139485,0.79192715883255,0.5185340391208041,0.48607958112076727,-0.031337101731348,0.9998930096626282,0.47199873844602835,0.47255763828959085,0.030952937471321225,0.9997098445892334,0.4891467000586632,0.6246415832016893,-0.12686806131107742,0.891398012638092,0.41477318580596945,0.4952766370900871,-0.0551696496710125,0.6719226837158203,0.46852176638424825,0.7686217253949533,-0.0366050112074925,0.9233860969543457,0.43662458987786534,0.55503251061255,0.272893004469956,0.4816461205482483,0.4711937463157769,0.7817450105114923,-0.03600261393527156,0.8143489360809326,0.4462799462111959,0.5601317089961941,0.304031689010338,0.4093712866306305,0.47143426474695904,0.8186100992337836,-0.2146560219949313,0.9114592671394348,0.43548547330735077,0.5857873995277044,0.21902788046173843,0.5246680378913879
239,7.966666666666667,0.5051027881178173,0.2340452294116639,-0.3529539875811034,0.9997661709785461,0.5109569825956107,0.2252562264742214,-0.3398431700320358,0.9996799230575562,0.5141764276560431,0.2254803929958351,-0.3401262232595515,0.9996399879455566,0.5175012079140109,0.2257284455543281,-0.3399522400998596,0.9997206330299377,0.5031206377429582,0.22495081967875663,-0.3222535149744244,0.9997982978820801,0.5003277990867788,0.2250214856982363,-0.32260771942482835,0.9998160600662231,0.49732758782998404,0.22499915303916407,-0.3227382730100885,0.9998522400856018,0.5212932032469798,0.23333025859839715,-0.23682972016597295,0.9997367262840271,0.49282061989157966,0.23179458692399557,-0.17498374342822615,0.9995702505111694,0.5086947989150348,0.24682500249014397,-0.3129961136138336,0.9994557499885559,0.5010229421862681,0.2459566896798936,-0.29373552861459745,0.9994779229164124,0.5474319672093417,0.3075259954435651,-0.19044868357150757,0.9998723268508911,0.46529203473594977,0.3169432432904599,-0.05218435202553254,0.9995877146720886,0.5762286502073644,0.32376089552311244,-0.3019923626165369,0.8674336671829224,0.4126467878991044,0.3620745094533633,-0.05280581069361129,0.7958014011383057,0.601077361587621,0.3235293826802086,-0.4819879990873377,0.8935590386390686,0.35953396071738375,0.39456849933522026,-0.22372317955098608,0.8512923717498779,0.6032282195977974,0.3255834514841919,-0.5353535359755431,0.8824917078018188,0.3439551621024318,0.4058926760862113,-0.2594544937572544,0.8232001662254333,0.6036666044985348,0.32383977825898314,-0.5523568244538455,0.8875545859336853,0.3409694813882383,0.40508834455594245,-0.30380248290179757,0.8304462432861328,0.6021086424170554,0.323047939262908,-0.4942869914210641,0.8709710836410522,0.34721779581021833,0.40246198071736466,-0.248760892203763,0.8081862926483154,0.51405320175655,0.48249263367665557,-0.04920938577913907,0.9998788237571716,0.47228151817809005,0.468492695168287,0.04881570247781844,0.9997068643569946,0.48902118118948257,0.6209263849384343,-0.14375315778686587,0.8882219195365906,0.4174971723511028,0.4964500950843078,0.030594789894584355,0.6079278588294983,0.4731659923084134,0.7641758353748638,-0.04682942315123452,0.911521852016449,0.44742858257281115,0.5543266385881069,0.3686278590035639,0.4371813237667084,0.47640239515020183,0.7772801998119026,-0.044800877672685965,0.782686710357666,0.45782280379201035,0.5587014245088581,0.4008325808332575,0.3759583532810211,0.4732046331200832,0.8148021415944464,-0.2153908878736998,0.9008143544197083,0.44576475690203315,0.5864292469481955,0.3280577013180184,0.4795096516609192
240,8.0,0.5046837523093934,0.23140119508261672,-0.3401347312221654,0.9997870326042175,0.5104688442208201,0.22264492985174567,-0.32577529930780513,0.9997100234031677,0.5134712306962167,0.22289427826575497,-0.32603859353552056,0.9996738433837891,0.5165567384792994,0.22318787567644732,-0.32585386204064737,0.9997471570968628,0.5029614259862378,0.2222536741770849,-0.31053675568846445,0.9998165369033813,0.5002917294447227,0.22229434096271736,-0.31088387497300984,0.9998319745063782,0.4974614085355362,0.22226037150166633,-0.3110168248158151,0.9998648166656494,0.5199662671484908,0.230662427886545,-0.2403379328813433,0.9997617602348328,0.49376968513867225,0.22892719136195172,-0.16494130107174865,0.9996015429496765,0.5077846321011543,0.24411328763253265,-0.2984654539139209,0.9995070099830627,0.5004610729642052,0.24316895628339602,-0.28239072770936136,0.9995248317718506,0.5429106768484102,0.30485333093423495,-0.2202729832973665,0.9998841881752014,0.47008540757935363,0.3142095290136335,-0.02849586760361543,0.9996070265769958,0.5545791343799438,0.3147672384823161,-0.33237462712064797,0.8798494338989258,0.4208085675734813,0.36289829615814295,-0.01724826661105974,0.7501087784767151,0.5594334341523103,0.3060473670370739,-0.49855126382877346,0.9035231471061707,0.36767619179241023,0.3991507101150819,-0.18888427757314422,0.8489848971366882,0.5567937009224376,0.30689264847930087,-0.5555799673568057,0.8932601809501648,0.3525596730078665,0.41099986243695,-0.22288163376324974,0.8262991905212402,0.5568649917199977,0.30128753580481094,-0.5678170988125015,0.8978831171989441,0.34924021071656136,0.4100388643941204,-0.26937015968762495,0.8345727324485779,0.5572713776730267,0.3013094281753687,-0.5080700661150395,0.8817428350448608,0.3557739571527851,0.40719159374591096,-0.21473805661954842,0.8112475872039795,0.5101828161466473,0.47997127293808606,-0.06715863972437756,0.9998868107795715,0.47296604402774645,0.4658419690583226,0.06676225709851488,0.999723494052887,0.4900043727475603,0.6182404863428592,-0.15680564508884362,0.8951002359390259,0.4301085090700602,0.5082338347154939,0.11276599239913122,0.5679500699043274,0.47761457297718135,0.7611634783458536,-0.05750167791837142,0.9183229207992554,0.4637919498539883,0.5585650716166563,0.47819284967793174,0.41202259063720703,0.4811030913658768,0.7742634680391393,-0.05480443119491697,0.7898690700531006,0.47405569015237964,0.5618307988338199,0.5135580390709946,0.372290700674057,0.4754987003956133,0.812775365727409,-0.22234777677683457,0.9083228707313538,0.46376891471158876,0.5917948147223011,0.4527466205898997,0.46213558316230774
241,8.033333333333333,0.5035658874950291,0.2337656772151023,-0.29783756625896896,0.9997141361236572,0.5091334969163632,0.22483906505878548,-0.2885135931355925,0.9996671676635742,0.5127727110391025,0.22265673573496308,-0.2887945729369776,0.9996351003646851,0.5146040137679978,0.22511820816920047,-0.2886445108986854,0.9997289180755615,0.502437936640455,0.22488723297050894,-0.27029984042029004,0.999749481678009,0.50018031239238,0.22511825210055803,-0.2706306004760863,0.9997532367706299,0.4977950121748692,0.22523748176315408,-0.27075649393532697,0.9998030066490173,0.5186117442355123,0.23061223372558573,-0.22351835480461058,0.9997546672821045,0.4953642206041493,0.22852604405886653,-0.1343864790861564,0.9993468523025513,0.506375575543044,0.2459100867859952,-0.26408478188690265,0.9994437098503113,0.4998704874963551,0.24492885108685183,-0.24369437682325587,0.9993702173233032,0.5360624842796559,0.30490108908545116,-0.22720753225509532,0.9998912811279297,0.47545308144741927,0.3121438791665336,0.00768388667574741,0.9995130300521851,0.5361698712944837,0.3130532616615323,-0.33595148488790855,0.8893064856529236,0.4291276589239292,0.3628538764431759,0.026449751842816976,0.6855461001396179,0.5260921183907324,0.2973529426475092,-0.4731927430524509,0.9113031625747681,0.3756214261994786,0.39940595663580425,-0.1430853554994479,0.8054328560829163,0.5196407398741324,0.29764946857033314,-0.5293164380705625,0.9011184573173523,0.3626445845673656,0.41173492833640013,-0.174091851928297,0.7926470637321472,0.5189233005958557,0.2901343414344255,-0.5361773767902367,0.9052898287773132,0.3594064891101654,0.4118956304173386,-0.220709535028079,0.8029391765594482,0.5215176420747611,0.28926408456298847,-0.479240639522375,0.8876035809516907,0.3657781402539615,0.4087860726773254,-0.16904121212038778,0.7807697057723999,0.5066517222697011,0.4780862503283242,-0.07810512295789966,0.9998908638954163,0.47466120549952157,0.463817230353185,0.0777259748093446,0.9997284412384033,0.4913063553092872,0.6164419991884729,-0.16119651112306774,0.8962504863739014,0.44204473894819285,0.519232028247623,0.1351404008988601,0.5323247909545898,0.48144949106820273,0.7584124936561638,-0.06402541844089114,0.9214262366294861,0.4770703302612462,0.5624434453926399,0.4959961775545556,0.38596564531326294,0.4850340312651735,0.7716771275099401,-0.06122250552656163,0.7854348421096802,0.4868046052498587,0.5648129532098374,0.5311499214781445,0.3597188889980316,0.4779004043919411,0.8110362616434367,-0.224419846685818,0.908641517162323,0.478809842616412,0.5968160020099438,0.4759075262646863,0.43584582209587097
242,8.066666666666666,0.4994971344067284,0.23321177790342112,-0.20371723105200587,0.9997167587280273,0.5052836785859087,0.2240726110585202,-0.20549912797717787,0.9996774196624756,0.5083439066688017,0.22142434491246366,-0.2057854633399759,0.9996491074562073,0.509412902263036,0.22419302838344113,-0.20566770954614624,0.9997391700744629,0.5007969094091329,0.22421346459555253,-0.18393991793327374,0.999749481678009,0.49824691189801346,0.22447363283388255,-0.18425704659830067,0.9997549057006836,0.49625355936254484,0.22462218944175733,-0.1843672255361239,0.9998003244400024,0.5147854296785805,0.22901920772332718,-0.18588440445389207,0.9997714161872864,0.4961022200138233,0.22742952311560397,-0.08340953852568644,0.9993612766265869,0.5018195595379004,0.24508207122887304,-0.1870535566820169,0.9994428157806396,0.49881839262010585,0.2443186943208549,-0.16195672657608126,0.9993491172790527,0.521960005245935,0.30113350803754235,-0.21893339325053396,0.9999006390571594,0.48487754836202585,0.31038556015134433,0.04254709592068743,0.9995142817497253,0.5076898925762129,0.3160148269797765,-0.30551992670929107,0.8999924063682556,0.44688915361646797,0.3668505677799117,0.06653558362643741,0.6386154294013977,0.49179560564576363,0.3098212675128461,-0.38965948483194435,0.9155569076538086,0.39852420914374587,0.40457463676034866,-0.0662555523465348,0.7269666790962219,0.4846895857834541,0.31209934630155817,-0.43543271491512087,0.9023107290267944,0.3857233762735023,0.4167090504936032,-0.08615897553936211,0.7157420516014099,0.4847367583084277,0.3049458814149891,-0.4395415245375836,0.9052466154098511,0.3816514583746577,0.4163575380527885,-0.12791104663951758,0.724846363067627,0.4879176187134284,0.30335677033862374,-0.3927106891490571,0.8821691870689392,0.38747179671323495,0.4127147687857355,-0.08915290992091926,0.7053651213645935,0.5013603372786627,0.476481638293645,-0.08421135862179327,0.9998987913131714,0.4831595268477713,0.4627472775511015,0.08383604900076902,0.9997438788414001,0.49032640872856736,0.6150876237224582,-0.14521976754339982,0.9062306880950928,0.4633307607152121,0.5142376534554332,0.16895020560912602,0.544284462928772,0.48420902022580514,0.7572684223354923,-0.07514390291774636,0.9290586113929749,0.4898494224374167,0.5674799661879077,0.4853993350673492,0.43321868777275085,0.48823672444835076,0.770976530898219,-0.07439302457330373,0.8061394691467285,0.4966466956424013,0.5690114975010439,0.5138377588729226,0.41475141048431396,0.47976683106040624,0.8090816462638194,-0.2248651005041096,0.9168641567230225,0.48945584544167775,0.6040688041576714,0.4755592938083853,0.46930378675460815
243,8.1,0.49693852768128305,0.2320352070187075,-0.09562873985220345,0.9996293187141418,0.5019535852597928,0.2226368671937965,-0.10537352668718923,0.9995242357254028,0.504411906663879,0.22009868182556253,-0.10566220693913803,0.9994828104972839,0.5044291431098865,0.2226224109496972,-0.10558830975174803,0.9996543526649475,0.4996746138959076,0.2227406333385846,-0.08830274053231954,0.9996169805526733,0.49798455578471806,0.22297326544265283,-0.08861112856485588,0.9996206760406494,0.49694704194333056,0.22313816502082628,-0.08870850749240342,0.9996944665908813,0.5085446372622924,0.22704642289813376,-0.12366170683064077,0.9997094869613647,0.4981863417321033,0.22629688726623554,-0.041250786975910274,0.9989518523216248,0.4982568548743236,0.24360945224174332,-0.09323795887045636,0.999092161655426,0.49787927455374115,0.24301679003757423,-0.07362986633209954,0.9989166855812073,0.5072918212580094,0.29825087223460595,-0.16557230789896707,0.9999071955680847,0.4943201112775817,0.3083382176801757,0.051842864335281874,0.999529242515564,0.48317622681736017,0.3226296068533179,-0.22102808173506444,0.8673194646835327,0.46399513247106056,0.37082175883427904,0.05413822624901654,0.5840495824813843,0.4724662680479689,0.32644364605093235,-0.2556004839251588,0.8394925594329834,0.4236349423576949,0.4085433739727038,-0.05204093165504936,0.6558619737625122,0.46825366920851436,0.3310283191586191,-0.28775356139903197,0.824388861656189,0.4151980995009008,0.42112342852759377,-0.0688439265808688,0.6457250118255615,0.4696167237525318,0.3247794394191052,-0.2919109791448022,0.8263201713562012,0.4101861282304216,0.4205381099594618,-0.10339532793947309,0.6538334488868713,0.4722120296659169,0.32250440049241447,-0.2571645621055839,0.8022362589836121,0.41405328551456294,0.41663506258613947,-0.0715316769809243,0.6361048817634583,0.49422325937612477,0.47531421548876485,-0.06562936196298545,0.9999063014984131,0.48972812355221657,0.4621923083176426,0.06524676655860479,0.9997627139091492,0.48871038937300315,0.6141962694497288,-0.11127444813826755,0.8999864459037781,0.4909748192629386,0.5100849887193748,0.1447180875263519,0.5170801281929016,0.4856555703896798,0.7565879497844101,-0.08116138053346052,0.9277763366699219,0.5011802817074347,0.5741367226903936,0.40756044618680587,0.41831833124160767,0.4893884719354391,0.7713301335783335,-0.08375435113590288,0.8151262402534485,0.5035858417212946,0.573715721790234,0.4319075152954554,0.40744471549987793,0.4823644267147344,0.8061153150958478,-0.21599283762706745,0.8943058848381042,0.49528993842050634,0.6122526963079821,0.4051068012671976,0.43613341450691223
244,8.133333333333333,0.4968083893707188,0.23098237586808168,-0.021171315716546173,0.999410092830658,0.5003738830069916,0.22133552936312045,-0.03622612987981783,0.9991751313209534,0.5017490497476786,0.21902480665780738,-0.036519231580149004,0.999104380607605,0.5010861194049234,0.22117478464071386,-0.03647993857589856,0.9994416236877441,0.5008927907749914,0.22143734931592476,-0.023170861571559037,0.9993219971656799,0.5005545029528088,0.22162327861935038,-0.02347140668788627,0.9993250966072083,0.5009223840749801,0.22177227878972205,-0.02355896235951175,0.9994537234306335,0.5036978618522063,0.2253767598882841,-0.08020202702850521,0.9995636343955994,0.5035201556416733,0.2253509048115947,-0.015856485052365414,0.9980916976928711,0.4968241946329875,0.24229114271644134,-0.02851590700733194,0.9982630610466003,0.49890295512368543,0.2418977961594607,-0.013862091735115531,0.9979286193847656,0.4955047687497491,0.29635584013280647,-0.12520243511442516,0.999909520149231,0.5045591843228068,0.30635532459407283,0.04639165444815165,0.9995127320289612,0.4634831729477432,0.3292299183551017,-0.1537892584181826,0.8207876086235046,0.4792368362598356,0.3745265685005159,0.033170940125745625,0.534248948097229,0.4605815134399692,0.341809821440205,-0.14794399290234694,0.7620711326599121,0.44507404569207143,0.41245487106034745,-0.049541391903453275,0.5919544696807861,0.45989911063149713,0.3485383010630677,-0.16810178505606987,0.7473599910736084,0.4409821847137036,0.4261482706102059,-0.06420990933086963,0.582736611366272,0.4621000790463655,0.3426036076885864,-0.1736335936777586,0.7487176656723022,0.4350512658494657,0.4255090758852641,-0.09245792721610525,0.5899537205696106,0.4639735841080115,0.33979349689883154,-0.14886340621018476,0.7259187698364258,0.4374547608741437,0.42144239066665673,-0.0660402931793818,0.573799729347229,0.48904193895956805,0.47442491438959944,-0.04816186684617356,0.9999123811721802,0.49845758953707225,0.4619415143465125,0.04777486315134471,0.9997787475585938,0.4879820633453671,0.6135866048597112,-0.0785555546381733,0.8920699954032898,0.5142082610446136,0.5062920886431889,0.11961782862131912,0.49991562962532043,0.4887698784334703,0.7562767939435302,-0.07464184059278776,0.9255512356758118,0.5116394636618994,0.5800432732728215,0.3399551212307932,0.4188765287399292,0.49196255988127535,0.7720942757487586,-0.08035464828178021,0.8209191560745239,0.5116341893841341,0.577746160598705,0.36041396283009686,0.40960466861724854,0.48576932698267505,0.8038642621255305,-0.193118320551077,0.8689566850662231,0.5030361047710167,0.6187754061189024,0.3448012864039941,0.41298431158065796
245,8.166666666666666,0.49646608902793754,0.2301799330269183,0.034501031104911276,0.9993292093276978,0.4982096549532099,0.22034068484763344,0.015717140434023114,0.9990420937538147,0.4985872126855079,0.21823961059662356,0.015421503944494753,0.9989645481109619,0.49734205012067345,0.22008298983295427,0.01543336674333265,0.9993588328361511,0.5008987989981764,0.2204417916414328,0.024784079569944984,0.9992354512214661,0.5014389448345484,0.22058737521047117,0.024484656212804407,0.9992457032203674,0.5026482881059573,0.2207148376587521,0.024407352953401344,0.9993870854377747,0.49850078728048514,0.2241868842476123,-0.04638503282173968,0.999519407749176,0.5056766278760425,0.22464883228472868,0.0001857380189536316,0.9978794455528259,0.49548546146093386,0.24130631897579607,0.020316249383960726,0.9980337023735046,0.4991713942091104,0.24106586937558672,0.030000128677878844,0.9976924061775208,0.48468543242575435,0.29513481331722247,-0.09079571710379805,0.9999132752418518,0.511058731896,0.304882347818546,0.03557084740693392,0.9995321035385132,0.4509033676968291,0.3367314732357016,-0.09241355552103175,0.7689716219902039,0.4937919052067298,0.37724343589399245,0.014865340974640377,0.49067220091819763,0.45688761624366686,0.35280986385693286,-0.05164051715623241,0.6908222436904907,0.4621503920898757,0.41513129221015405,-0.04810794746034254,0.535743236541748,0.45851762955623837,0.3605053208951043,-0.06128209064210115,0.6774343848228455,0.45772553609837685,0.4261080572951157,-0.06042212926952615,0.5276448726654053,0.4613594705934848,0.3547270885014931,-0.07015349256273454,0.6785120368003845,0.4521055145929825,0.42474914931041474,-0.08401252814495194,0.5340979695320129,0.46232748487239517,0.3516351802120589,-0.053055259210390594,0.6573498249053955,0.4541415789028457,0.4211768956817218,-0.062042006594816734,0.5190648436546326,0.4831367523796574,0.47399105969216015,-0.03255650067095758,0.9999175667762756,0.5044371181970829,0.46235987246000354,0.032173730879181114,0.9997932314872742,0.48574382928146653,0.6131107417880755,-0.05757269194150202,0.8841829895973206,0.535534082938172,0.5029715057811797,0.09050118167864495,0.49652111530303955,0.4894009620995143,0.7561342304544562,-0.07280022804284855,0.9197249412536621,0.5184554980724377,0.5840466331776365,0.2717235137048862,0.4214441776275635,0.49249131191726203,0.7735865278682452,-0.0811809163052008,0.8238376379013062,0.516768446726717,0.5806693144848503,0.28878420295528534,0.4145572781562805,0.48646416883454147,0.8027486404341599,-0.17915192507085168,0.8400520086288452,0.5092093985460411,0.6227534061890387,0.28424089823504545,0.3937394917011261
246,8.2,0.49910420458511345,0.22988268146453994,0.06926536344495896,0.999369204044342,0.49932512605796037,0.21964586929605104,0.05341106962307141,0.9990786910057068,0.49888982405452514,0.21775596563225344,0.05313833399527857,0.9989981055259705,0.49716400085323276,0.21923058683584745,0.0531546165151294,0.9993737936019897,0.5029322727547143,0.21977022995562645,0.05358541362415738,0.999284565448761,0.5036592347521467,0.21984578722663511,0.05328717864213361,0.999297022819519,0.5049449365385026,0.2199068600894847,0.053216493540008014,0.9994295835494995,0.4962444583898998,0.22331633036598894,-0.0032541767119592044,0.9995301365852356,0.5062946480549593,0.22412149342702214,0.005117239958010907,0.9980459213256836,0.49704021014492467,0.24093821129837034,0.057073759984675336,0.9981114864349365,0.5014539826650531,0.24083317538887064,0.05531115102556608,0.9978276491165161,0.47756075568090295,0.29468618644931976,-0.029418039430064782,0.9999136328697205,0.5146271626428219,0.3036721023850887,0.008376322515837205,0.9995630383491516,0.4493784794065177,0.3444980867409796,-0.011675504031879912,0.7094973921775818,0.5074170085694382,0.37900272328637363,-0.009017269472414359,0.5202640891075134,0.46074381377776663,0.3643720864278281,0.030452554974358496,0.6268941760063171,0.4781402017736061,0.41701136504676883,-0.0329366268406748,0.5387134552001953,0.4631838636116094,0.37368217718350555,0.02903258292207639,0.6155166029930115,0.47304679409872286,0.42774282632310484,-0.04324658453140732,0.5191781520843506,0.46642761279214895,0.3676942878990258,0.016305916466614903,0.6164647340774536,0.4677921458703589,0.42582173829398345,-0.061225978518009115,0.5236991047859192,0.4670514601548451,0.36265055626130377,0.027339987023707976,0.5977953672409058,0.4695554804637343,0.42205279013062236,-0.04304726447142051,0.5018500089645386,0.4778682401510442,0.47368501811563807,-0.006104638325814787,0.9999192357063293,0.5046118203190911,0.4627061811325872,0.005738820292096727,0.9998027682304382,0.484029491569388,0.6128040184686263,-0.019212130662507484,0.8687325119972229,0.5485020951232807,0.5009076900887466,0.047450161266067825,0.519234299659729,0.49007985847214763,0.7561195153867781,-0.049396095865296044,0.9120051264762878,0.5202481933550132,0.5885865085603593,0.20599323502782688,0.42592471837997437,0.4935481978812657,0.7746452644213989,-0.058810178207995105,0.8231991529464722,0.5136235706393288,0.5847757328822073,0.22131900152638778,0.41062313318252563,0.4885582682954658,0.8018764025151799,-0.14363227559248326,0.8176800608634949,0.5126636062531602,0.6269117511615088,0.2241485520180924,0.3812946081161499
247,8.233333333333333,0.501702300137724,0.2298378677097087,0.09192675890732221,0.9994049072265625,0.50055409693116,0.21913264107173275,0.07896627716421381,0.9991094470024109,0.4994584365123103,0.21744586348612654,0.07870987699739421,0.999026358127594,0.49735613743131935,0.21856006135311065,0.07873452464754507,0.9993858337402344,0.5047123442446696,0.21928518783175965,0.07177873678238836,0.9993274807929993,0.5054661000860544,0.21928176003290814,0.0714824540841824,0.999342143535614,0.5066669281510768,0.21927386017845044,0.07141402818276703,0.9994668960571289,0.4946372580298045,0.22266581259655352,0.02920066493708757,0.9995406270027161,0.5065341483117528,0.22371972846436822,0.0060230229980716065,0.9981981515884399,0.49874112380863445,0.2409215220512662,0.08226354134441138,0.998176634311676,0.5036179859574765,0.2408782479406667,0.07100070411281842,0.9979462027549744,0.471828376856863,0.2946834280033784,0.01978847235595342,0.9999110698699951,0.5159421946407632,0.30261346548016654,-0.016318332533640595,0.9995826482772827,0.44968551148252345,0.3517345505162548,0.05156186366390732,0.6527935862541199,0.5181516419493069,0.3802506292598644,-0.02914445580926915,0.5459439754486084,0.4654409173652551,0.3749918573216703,0.08980895558805357,0.5692498683929443,0.4912854740398421,0.4181361289791601,-0.017569956866616582,0.5442107915878296,0.46804111781970553,0.3866589085443938,0.09390758410964536,0.5598706603050232,0.48586621296793614,0.4289591703462703,-0.026329535804260583,0.514451801776886,0.47189928271648923,0.3803733767158156,0.07823109472583031,0.5606679916381836,0.480813892731404,0.42680800366530364,-0.039497950037992405,0.5168808102607727,0.4726801668166191,0.3753953585825885,0.0852331405724251,0.5441210269927979,0.4824554224280714,0.42267493489836766,-0.02440902377150082,0.48861753940582275,0.4739795138714019,0.4734658254007534,0.015655132060671234,0.9999186992645264,0.5039723560437815,0.463054020075947,-0.016008507519051172,0.9998065829277039,0.4827479623389027,0.6126251455934489,0.012728962114166435,0.8661506772041321,0.5596091840389278,0.4978075321530537,0.01816261415685784,0.5339074730873108,0.49096492062350844,0.7566626673690466,-0.026361755434428133,0.9126798510551453,0.5233912587893148,0.5903378198307478,0.17145353839953628,0.42482805252075195,0.4944308761321257,0.775440640696951,-0.03630618750316467,0.8290777802467346,0.5124988105022232,0.5870930211848014,0.1868353637918748,0.4034051299095154,0.49047042863725887,0.8012867065686081,-0.11093831043939707,0.8117547631263733,0.5157972804224347,0.6283365484298558,0.1970178463445682,0.3674393892288208
248,8.266666666666666,0.5048084956454637,0.22929813471345198,0.07304800028020535,0.9994476437568665,0.5026322656152133,0.218008228211164,0.06838662634365872,0.999167263507843,0.5013145682166273,0.21659968404432028,0.06812992460720611,0.9990900158882141,0.4991805582784552,0.21746175299533943,0.06817419372253633,0.9994235634803772,0.5062076027880411,0.21817553748400864,0.05028306160148146,0.999377965927124,0.5065796938930496,0.21816586987777709,0.04998553421236872,0.9993923902511597,0.5073069735425675,0.21815871862681807,0.04991214196401695,0.999504566192627,0.49439002114292074,0.22189848661091766,0.039013974664493134,0.9995730519294739,0.5050317786967153,0.2229733440785609,-0.022039618152104572,0.9983481764793396,0.5014979057690159,0.2406337842861018,0.07481305422255947,0.9982994198799133,0.5057548033085962,0.24065550259112195,0.049060726850498296,0.9980887174606323,0.47096097522615954,0.29394140080093323,0.05789728318324637,0.9999042749404907,0.513671103356297,0.30155729626271405,-0.062326520349837405,0.9995607137680054,0.45595264689758397,0.35638562651205435,0.09541585980788128,0.5942959189414978,0.5273413207226225,0.38057310434931346,-0.07474916008126836,0.5811523795127869,0.47689668651921463,0.3804138583934245,0.10582933240419153,0.5208631753921509,0.5034104463001694,0.412903411052838,-0.028452279388957925,0.5586441159248352,0.48035590620961766,0.3930580523203222,0.11078134581349425,0.5171052813529968,0.5016862154783068,0.42318629870704544,-0.03811641697898053,0.5239620208740234,0.48404356889318506,0.386855928115892,0.09161503668769527,0.5176712870597839,0.494627698267828,0.419616540625529,-0.04229794989010322,0.5229663848876953,0.48465858920983745,0.38211178558962994,0.09897909510930422,0.5029735565185547,0.49680021510854033,0.4166605435111384,-0.03041564905529329,0.48863834142684937,0.47069470682636083,0.47381703822091,0.04005995357364541,0.9999234080314636,0.501454553945696,0.46398293878926,-0.0404111797795933,0.9998178482055664,0.4812991325330709,0.612548988206157,0.05010434920280787,0.8718191385269165,0.5677316357207651,0.49502136363298677,-0.004879795462439459,0.5779438018798828,0.4906866169303835,0.7586864534364706,0.01158681418519231,0.9202398061752319,0.5219940411458593,0.5914248801253922,0.14622464710194155,0.479178249835968,0.4939564562363665,0.7768135655880812,0.0017463452493266043,0.8432686924934387,0.5094044004979543,0.5886624524992089,0.16185352009731055,0.4524795114994049,0.4915622959770315,0.8025428301987597,-0.0648229944477737,0.8281557559967041,0.5133444284291482,0.6319776309414618,0.17779287636746985,0.4246188998222351
249,8.3,0.5070428100246271,0.22844243134365816,0.026642129697188432,0.9994872212409973,0.504328476842192,0.21692354827453056,0.030080040471025284,0.9992356896400452,0.5031503478881986,0.21580600684799567,0.029813097197091434,0.999163806438446,0.5013019726937626,0.21650807484087803,0.029865814227492852,0.999468982219696,0.5065127682977352,0.21713276938262,0.005404016332587781,0.9994319081306458,0.5062212275291436,0.2171992946088164,0.0050937912317535194,0.9994466304779053,0.5061867215083158,0.2172597595972858,0.004994145035457011,0.9995493292808533,0.4953094603083637,0.22129282927247715,0.040716675248050754,0.9996052980422974,0.5018583708317345,0.22241659364910168,-0.05700968417320462,0.9985029697418213,0.5039495463023085,0.24004739409993375,0.04084823342531092,0.9984539747238159,0.5067642974260913,0.24021240747413797,0.0063296307664099175,0.9982672333717346,0.473718318842436,0.293458612254353,0.08708070957400896,0.9999043345451355,0.508924894681305,0.3003299343729198,-0.10906287561253827,0.999601423740387,0.467192725416426,0.35910401333642605,0.1338054425410033,0.5583316087722778,0.5282172128353538,0.3763207955174936,-0.14112996582552795,0.6208373308181763,0.49365784509445015,0.38484353695015894,0.10848992346074804,0.5293173789978027,0.5171418163316963,0.4092720212756582,-0.1084643557060194,0.6003345847129822,0.49961821245097116,0.39691776534306267,0.11107069125649295,0.5297542810440063,0.5186325443640013,0.41944150750746856,-0.1291986675759631,0.5672855377197266,0.5025473488159944,0.39144568529066825,0.08691130863638022,0.5333577990531921,0.5134788932311357,0.41549869444904564,-0.12881536624662832,0.5657854080200195,0.5021858413188058,0.38700882566728656,0.09803675938591477,0.518509030342102,0.5135365186900793,0.41267062205454924,-0.10865877774919955,0.5298482179641724,0.471629095010838,0.4732562082855752,0.06166822323224054,0.9999297261238098,0.49620429764850604,0.46474517085402334,-0.06194346326071632,0.9998356103897095,0.49225368075925235,0.6054342019311812,0.09000401507356254,0.8294946551322937,0.5518386643704736,0.5175419298793937,-0.04842562913154681,0.6194131970405579,0.4920614320353393,0.7266891940570532,0.1263173845582978,0.8506869077682495,0.5162207759445188,0.6256221038886971,0.08218269255693596,0.5305134057998657,0.4934309141889222,0.7394727286619132,0.12494445948613907,0.7856044173240662,0.5054716875674018,0.6262564663089581,0.09510087230737788,0.5002877116203308,0.4910561875906438,0.769201020199205,0.07046690044433443,0.7798247337341309,0.5110964295921138,0.6700348725620131,0.08082198114058256,0.48011600971221924
250,8.333333333333334,0.507362397355983,0.22736159949449286,-0.040012012791545745,0.9995325803756714,0.5050458931852111,0.215767457955558,-0.029751054952877352,0.9993062019348145,0.5044000229386504,0.2149013514066008,-0.030023475544664762,0.9992386102676392,0.5031635876872795,0.21548918353685745,-0.02995990243069404,0.9995148777961731,0.5054024467153568,0.21601804477259384,-0.05746244857326883,0.9994850158691406,0.5045393123808588,0.2161591396828042,-0.057782358017179514,0.9994984865188599,0.5038501901547111,0.21629589831608328,-0.05792263924388162,0.9995917081832886,0.4971486060275542,0.22046983448959975,0.018595246275843733,0.999631941318512,0.49807975851290853,0.22173715433338498,-0.09858260164710012,0.9986446499824524,0.5050668150583844,0.2390747823352685,-0.013527764627297073,0.9985634684562683,0.5060577249632016,0.23936356585418422,-0.052260801567626906,0.998405396938324,0.47717551970662053,0.29303325053409457,0.1017261518523687,0.9998729228973389,0.5050600090270878,0.29871537239731977,-0.15601913418150354,0.9996317625045776,0.4790347177330737,0.3607483798228183,0.15751388110681858,0.5109307169914246,0.5293755284126038,0.3725530737462599,-0.20402462498953772,0.6503910422325134,0.5151652673438291,0.3893649132002752,0.1075599473760217,0.5096985697746277,0.5359483513544732,0.40669015243287077,-0.18242009138720777,0.6331153512001038,0.523735129388271,0.4022192916927997,0.10955099512164077,0.5177227854728699,0.5403662905609735,0.41838081257512316,-0.2130988966025515,0.598714292049408,0.5266174934785977,0.3978073241758053,0.07961282813378859,0.5246650576591492,0.5372010396201431,0.4150798886307348,-0.20870827195232172,0.5965780019760132,0.5248977302605192,0.39322740198061573,0.09407065343723603,0.5103235244750977,0.5359428206301917,0.41159145645335116,-0.1813805348403349,0.5538545250892639,0.47313285503774477,0.47181785757557404,0.0818211318967942,0.9999305009841919,0.49081067645413523,0.46528531076304813,-0.08204845932301358,0.999850332736969,0.49704667029919747,0.5936980821439078,0.16436013886815715,0.7571699023246765,0.5382058198080778,0.5384477736994447,-0.09443043955327368,0.657073438167572,0.49457541804030947,0.6990066024116895,0.2815046463764472,0.7804841995239258,0.5103082827223346,0.654565141370921,0.009411155065707423,0.5767316222190857,0.4951557477893874,0.712048847879089,0.2889940518479146,0.7303346395492554,0.5002969565852934,0.658033215210097,0.019104635645650764,0.544046938419342,0.4963939897550289,0.7414415814119224,0.25025296391573176,0.7241722345352173,0.509795224597789,0.701595951349001,-0.02060594199766197,0.5300771594047546
251,8.366666666666667,0.5076568259884048,0.22536137569977047,-0.09587211854624259,0.9995718002319336,0.506046939788298,0.21392826702036255,-0.07843542988001567,0.9993672966957092,0.5060671413670415,0.21330186983381597,-0.07871555554161111,0.9993026256561279,0.505595716125401,0.21383225154619587,-0.07864276120440483,0.9995571374893188,0.5045089652009036,0.21422034416003813,-0.10895362708822136,0.9995304346084595,0.502928596228045,0.21446511353002287,-0.10930153476119904,0.9995412826538086,0.5014666912423196,0.21473459114728327,-0.10947258182253677,0.9996262788772583,0.5009608514599643,0.2192077141831377,0.0019045203396373094,0.9996596574783325,0.4952333472506252,0.22068704254802055,-0.12795407879593873,0.9987569451332092,0.506610217280119,0.23726573223559663,-0.057810658349677364,0.9986928105354309,0.5052229855148244,0.23781646615960034,-0.10023841820703569,0.9985427260398865,0.48529927589122357,0.2956317120815432,0.1158674170025769,0.9998793005943298,0.5012625859440636,0.2975268379934033,-0.18520957717561995,0.9996160268783569,0.49917318355890467,0.3621502313666282,0.19172357012296665,0.5357658863067627,0.5337401556423113,0.3691386840840274,-0.24413003911591508,0.6682488918304443,0.5407279322946544,0.3935352997116758,0.1288645826252124,0.5528514385223389,0.5531375187924901,0.4039803528689917,-0.2414216290461342,0.6493327021598816,0.5502089724924104,0.4076755937468401,0.13111895328392106,0.5587127804756165,0.5606609443012318,0.41739125434046476,-0.2815436794850695,0.6074209809303284,0.5531849201499446,0.40433954242986114,0.09382490094158491,0.5659812688827515,0.5588219973520335,0.4147060962056368,-0.27602082030030933,0.6048382520675659,0.5505705698445369,0.39915458959869526,0.11254798163560224,0.5515144467353821,0.5560555514366508,0.41086541253236686,-0.24039076838482565,0.5508393049240112,0.47814109529533416,0.47333175026343255,0.09476242087158239,0.9999265670776367,0.48440339240126495,0.4660046546029351,-0.09496905788311334,0.999842643737793,0.4995282620472186,0.5980447408904639,0.1900612602051579,0.7189667224884033,0.5277528274975556,0.5527950632107486,-0.18022822046517892,0.6820135712623596,0.49268041104242777,0.7081929408114425,0.3036817129056193,0.7541866898536682,0.5045940796678225,0.6686027647876527,-0.0298394875090892,0.5720186829566956,0.49139374839349415,0.7208819756825232,0.3126704330464456,0.6854652762413025,0.496006702414419,0.6742125756457409,-0.015611073167898056,0.5159652829170227,0.4968079980596065,0.7515572236811218,0.2630468022683173,0.6994515657424927,0.5084957494445639,0.7166471880598284,-0.06866788674067009,0.5245885848999023
252,8.4,0.5074850564664615,0.2239190314741149,-0.13479521910860548,0.9996111989021301,0.5068121514544707,0.21265410093060444,-0.11316590505943297,0.9994257688522339,0.5074847754889014,0.2121997332153141,-0.11346723242806725,0.9993652701377869,0.5078109866980295,0.21268877445767614,-0.11339211823999608,0.9995974898338318,0.503719450316414,0.21295313719292336,-0.14138021082301522,0.9995732307434082,0.5015411564727718,0.21326482681227862,-0.14173677194360723,0.9995822906494141,0.499333111008897,0.21361934152400947,-0.14191992115914415,0.9996581673622131,0.5045668351191754,0.21829966247949656,-0.01341736231556459,0.9996893405914307,0.49285239573952755,0.21992561662648252,-0.13712513965002665,0.9988583326339722,0.5074888090542043,0.2359701515676944,-0.09089343143202991,0.9988175630569458,0.5041547275573198,0.2366160166774588,-0.13051506628889475,0.998674750328064,0.4963025511788396,0.2991778227217339,0.10434629699694753,0.9998881220817566,0.49544385336226304,0.2966985817141393,-0.1925147292994719,0.9995427131652832,0.51974177322497,0.3644575758723419,0.18009794986675237,0.5809602737426758,0.526878640313516,0.35590097714610547,-0.3049426287098137,0.6799241900444031,0.5658885702280918,0.3996013745622943,0.10990408375218083,0.5968475341796875,0.5440668871912644,0.3784003564720103,-0.3967604004043571,0.6680378317832947,0.5766125301756295,0.41519461132192614,0.1104808750129746,0.601514995098114,0.5496484326285822,0.38782376500659405,-0.4541329517065027,0.6249182820320129,0.5793124088662198,0.4129799904808346,0.06767897418381164,0.6083710789680481,0.5493482862932255,0.3850393326509515,-0.4464448516787638,0.6231804490089417,0.5758899769598405,0.4074216419902548,0.09149136037739279,0.5950517654418945,0.5474550436791652,0.38296290379807824,-0.3981202875223582,0.5648283958435059,0.48267715623124036,0.47640165306261545,0.09432083583445974,0.9999261498451233,0.47871012714316347,0.46694864453571705,-0.0944592464479203,0.9998301267623901,0.4991410152556284,0.6056302552788775,0.16382290370561103,0.7301942706108093,0.5071176702743474,0.5464105657470112,-0.2618530126642186,0.7016494274139404,0.49000866321206615,0.720503376229755,0.3052725344205975,0.7708845138549805,0.4916066045501854,0.6637029903607871,-0.06187574943551082,0.5555145144462585,0.4867186520275474,0.7335479697431814,0.3129046587216955,0.6793649792671204,0.48700514978112,0.6695393277761152,-0.04338517693085862,0.4851282835006714,0.49617684934987705,0.7659415847042776,0.229343732023881,0.7155196666717529,0.49541720019458335,0.7136389417465169,-0.11281028340753249,0.5148313641548157
253,8.433333333333334,0.5071670118153462,0.22291121419549736,-0.16531846173424444,0.9996489882469177,0.5073163397558373,0.21176781408829665,-0.14015720911997084,0.9994814991950989,0.5085044113395393,0.2114298045825,-0.14047465340545287,0.9994264245033264,0.5095140876478179,0.21188293043640494,-0.14039083100534222,0.9996364116668701,0.5030493323604743,0.21206397745813743,-0.16605586786235532,0.9996143579483032,0.500422834714476,0.21241549406257013,-0.16641796918650972,0.9996222853660583,0.49762993371999875,0.2128217492722935,-0.16660434260953128,0.9996901154518127,0.5076382285133761,0.21759145068280872,-0.024073811498731328,0.9997188448905945,0.4909677034820384,0.21936998000877778,-0.14047695866056292,0.9989629983901978,0.5079640457586281,0.23505947140835848,-0.11645308302683245,0.9989335536956787,0.5031548670446039,0.23574033089070423,-0.15323301069527556,0.998801589012146,0.5059789001432446,0.30249297678742654,0.09569896010930083,0.9998970627784729,0.49050426677103914,0.29610978465668736,-0.19265610820086537,0.9995047450065613,0.536690869702267,0.3666891580483543,0.17127473177162558,0.6218380928039551,0.5148351647924972,0.3383048980105269,-0.35159252033872485,0.7017159461975098,0.586165944266599,0.4049508314080299,0.09820846881541676,0.6368892788887024,0.5247029895414003,0.3401089552963268,-0.5232065988774675,0.6970714330673218,0.5978347761140336,0.4215444680531374,0.0981602548535325,0.6408383250236511,0.5265382128802127,0.3426778315146841,-0.5938638813748353,0.6557690501213074,0.6002484920251453,0.4202338336041952,0.051875048804394606,0.6471505165100098,0.5272128608641385,0.33897206812056124,-0.5854920725289988,0.6545274257659912,0.5961737372688451,0.41444727042988827,0.07851228850528687,0.6350364685058594,0.5258772332093378,0.33911926141863574,-0.5273409910966048,0.5988720655441284,0.4866418472292777,0.47927084039160256,0.09183102547235347,0.9999246597290039,0.4741839060548092,0.46791781274663974,-0.09193067442369664,0.9998186230659485,0.49842084377485363,0.6123722958425168,0.1352059345144742,0.737529456615448,0.4897780799253848,0.5385287052645332,-0.33396184914231114,0.7224721908569336,0.48780522327021847,0.7307940696908571,0.2959396899999233,0.7882353663444519,0.48233989070894323,0.6575044317955674,-0.09629234149383706,0.5547812581062317,0.4829167415223488,0.7442319229292746,0.3039637367010568,0.6865147948265076,0.48035980930971955,0.6625530479085026,-0.07485646206941679,0.46637287735939026,0.49585559886994296,0.7777764702620248,0.19248904378738665,0.7359594106674194,0.4851902087745399,0.7089849276087968,-0.16276021691421474,0.5227458477020264
254,8.466666666666667,0.5064326322091163,0.22896663150384827,-0.2096340479465191,0.9996833801269531,0.5076096968943185,0.21800959231505637,-0.18609638966810058,0.9995326399803162,0.5093136687705488,0.21781068603649545,-0.18645797468407055,0.9994829297065735,0.5109179036964031,0.2182498825180591,-0.18637567489846146,0.9996723532676697,0.502539393245185,0.21811752992221978,-0.20430779134495178,0.9996518492698669,0.49979494143643666,0.21838474689539494,-0.2046685969622068,0.9996586441993713,0.4968081154988304,0.2186807735980327,-0.20484156153636413,0.999719500541687,0.5103764088514161,0.2243093082184923,-0.06701490441358306,0.9997463822364807,0.49054566935228205,0.22525021501645254,-0.1489166585965614,0.9990474581718445,0.5079163273545504,0.24148094316812813,-0.15986555697727806,0.9990379214286804,0.5023058247331553,0.2419752899687278,-0.1862412707258389,0.9989124536514282,0.5152400291376581,0.3108570555368872,0.04225829918571651,0.9999068379402161,0.4866130252337246,0.30166447297623417,-0.16749345698593215,0.9994003176689148,0.553449893157019,0.3699021721933471,0.10161066702355856,0.658888578414917,0.5083114321456699,0.3326757180600846,-0.31112910972503005,0.6619497537612915,0.606478501370757,0.409251204406258,0.013908712979280674,0.6724305748939514,0.5182561092309014,0.31715793276301185,-0.5143251342715085,0.6476841568946838,0.6194330522324354,0.4258856704621705,0.0037361659988214557,0.6752232909202576,0.5197687192791098,0.32378703518238494,-0.586778361488254,0.6115490198135376,0.6218642044687875,0.42507880607973136,-0.04260546567625159,0.6811953186988831,0.5205175067481006,0.32199081492048903,-0.605107043104476,0.6129635572433472,0.6169387653896714,0.41929154838045285,-0.006264360547169764,0.6695108413696289,0.5192719585890793,0.32287010993912046,-0.5281576532577822,0.5588685274124146,0.49112978063257473,0.48647697724453487,0.062447138224368474,0.9999282360076904,0.4733692878032053,0.4727366547794389,-0.06260771992464106,0.9997950196266174,0.4992573326434725,0.6213197254753715,0.07739741401122646,0.7611900568008423,0.47751543076137387,0.5327421863313291,-0.19238648155859236,0.6654711365699768,0.48799452564225543,0.7440790714968603,0.22202443501923483,0.8080836534500122,0.4732658772969306,0.6273631010472951,0.0977135938847077,0.5061259269714355,0.48244481676880036,0.7584064485056708,0.2280877249576778,0.7063111066818237,0.4725521459234816,0.6317170165140473,0.12499647386483242,0.4311959147453308,0.4945884046967727,0.7891415764684199,0.09456327739669373,0.7610045671463013,0.474145822676979,0.6686492987161542,0.036873511961150185,0.4868246912956238
255,8.5,0.5063895959900969,0.23878116436812208,-0.24663332410246114,0.9997150301933289,0.5083971493311659,0.22778254469879533,-0.22372102380278777,0.9995793104171753,0.5105076371213386,0.22772138209019357,-0.22409049397212563,0.9995346069335938,0.5124724961955558,0.22815254525974735,-0.22398742627715806,0.9997050762176514,0.5026354511265443,0.2276864296968676,-0.2348160884819941,0.999686598777771,0.4998267742237698,0.22790820543159324,-0.23517174690092912,0.9996927380561829,0.4967589381341278,0.22817927294424759,-0.23533707990354116,0.9997475147247314,0.5127285493015831,0.23440747069959383,-0.1033021538796825,0.9997717142105103,0.4908324556995518,0.23505654407547374,-0.15402705365363353,0.9991425275802612,0.5084469421682749,0.251640313858176,-0.19732871931375034,0.9991340637207031,0.5021816871866565,0.2519595607696606,-0.2142322081034671,0.9990211129188538,0.5243437332639771,0.32070894016422063,-0.0033076958378099944,0.9999158978462219,0.4834883436209626,0.3125510104687565,-0.13665937427959515,0.9994548559188843,0.5698404144620978,0.3736709947502633,0.024015399959814963,0.69249027967453,0.4904740008145579,0.33901027344175294,-0.20551946348735564,0.6609585285186768,0.6252137679981461,0.41188770423753485,-0.09474326641485083,0.7050364017486572,0.4880117033535013,0.3241229819821465,-0.34226070701863864,0.6729819178581238,0.6391771712643101,0.4283505771188829,-0.11118235491183069,0.7074071764945984,0.48584843186721466,0.3300391746144392,-0.39633515661874075,0.6340352296829224,0.6413878311952852,0.4278707549101004,-0.15751573770248273,0.7128533720970154,0.48590324146597563,0.3288099746075301,-0.4186166034064521,0.6374428272247314,0.6356796350533738,0.4222522658776294,-0.11558628389655336,0.7022204399108887,0.4863109347419129,0.32977310984748537,-0.356068737293098,0.5880172848701477,0.4965356659767791,0.4944023195872565,0.03955550254180855,0.9999175667762756,0.47374436208502707,0.4798620435520478,-0.03974614113829473,0.9997484683990479,0.5008730874134962,0.6300721489597003,0.03450949043228614,0.7825145125389099,0.4746281989410309,0.529033657474485,-0.16111660422199045,0.6348459720611572,0.4886592781069825,0.7552513037798737,0.15953269495487835,0.8252012729644775,0.4708221916453519,0.6091681422115539,0.14467380740266472,0.4612458646297455,0.48261916629438956,0.7697047149907671,0.16381913442190882,0.7279738187789917,0.46949731940414263,0.6131530171538248,0.1741720161641906,0.40088099241256714,0.4933791409832308,0.7983069867627732,0.020538403814782606,0.7832304239273071,0.47124410539700534,0.6448098454090941,0.0946865508790333,0.45558223128318787
256,8.533333333333333,0.5053147819475514,0.2468926677999841,-0.258824740018462,0.9997432827949524,0.5076845686237047,0.23622469682839498,-0.24013514375686976,0.9996209144592285,0.5104728445519484,0.23635519296551644,-0.24057727271531226,0.9995806217193604,0.512974891948715,0.23687107440702948,-0.24051558728958777,0.999734103679657,0.5016470635270919,0.2359491720272726,-0.23980263581546674,0.999717652797699,0.49884824386529636,0.2361729210634091,-0.24016888363862895,0.9997231960296631,0.49575734193888943,0.23645519641478732,-0.2403055665601706,0.9997724294662476,0.5145547865831326,0.24321114663668314,-0.12185372760004073,0.9997941255569458,0.4894922807227835,0.24347197916863034,-0.13452557301095072,0.999226987361908,0.5072869549815221,0.2598566025768125,-0.2099872618441504,0.9992198348045349,0.5010819108453972,0.2602291725148715,-0.2179769138741047,0.9991178512573242,0.531552204580023,0.32895115535013963,-0.018442658530072438,0.9999234676361084,0.4809345738542885,0.3219142936433801,-0.09862895573586514,0.9995012879371643,0.5820661494779621,0.37811249244748124,-0.007283209097025241,0.7228001952171326,0.4738750963691418,0.3462605159819629,-0.15244996314826306,0.6827782988548279,0.6391847922220525,0.4156246024632344,-0.13742108553695287,0.7341787219047546,0.46133784727753263,0.3344457404866507,-0.29929404672935406,0.703295886516571,0.6540281205235522,0.4306859134005193,-0.15759004710268273,0.7358609437942505,0.456219675661108,0.3388169765621279,-0.34993592939798884,0.6671423316001892,0.6563631222565488,0.43090408019430637,-0.20284056674152484,0.7409281134605408,0.45577353864283837,0.33760613525799343,-0.37570898521724927,0.6708126664161682,0.6499599822655358,0.42591692864558156,-0.1581549201840842,0.7311768531799316,0.4575240499607796,0.338658386783273,-0.3152055882821573,0.6260254383087158,0.5015585816579803,0.5010930290148675,0.024940621089261112,0.9999220967292786,0.47255937921246105,0.48634386797175316,-0.025148089002549265,0.9997634291648865,0.5032433775034381,0.6369566932006612,0.0018311314865294553,0.8016888499259949,0.47271935955341277,0.5259424577065666,-0.19103173208282986,0.6630803346633911,0.4875983660230664,0.7638883375941607,0.11468472661613552,0.8400155305862427,0.4732607870859748,0.5971159313177852,0.07058290085764735,0.4678264260292053,0.4815254357270392,0.7783268690921804,0.11769831273904749,0.7462891936302185,0.47364306678738305,0.6019047205610699,0.0954192918077936,0.417808473110199,0.4918555837923734,0.8058877539719285,-0.03151839724272903,0.8022796511650085,0.47453363250089975,0.6272451046897457,0.008691191948433735,0.4862082004547119
257,8.566666666666666,0.5041879111787317,0.254237446360122,-0.29856373994318836,0.9997689127922058,0.5076007820971032,0.24389508255726866,-0.279221180185843,0.9996587634086609,0.510948694055609,0.24418947593255044,-0.27965287584495635,0.9996225237846375,0.5139153104000764,0.24479790694805123,-0.2795789306604002,0.999760627746582,0.5005531958548518,0.24341650997731484,-0.2767666925579161,0.9997458457946777,0.4976507352489255,0.24362078564585798,-0.2771381176086685,0.9997508525848389,0.4945181529561113,0.24388350799760616,-0.2772745100546976,0.999795138835907,0.5166970600290276,0.25112012814643986,-0.15724754874883162,0.9998146891593933,0.4885802136095568,0.2508612771709589,-0.15698043577275989,0.9993040561676025,0.5070272449226738,0.26729678814998326,-0.24891319595611283,0.9992977976799011,0.49978153429677374,0.26756786466127924,-0.2528007208397596,0.9992058873176575,0.5377687027654826,0.33602637024962256,-0.05733455357211337,0.9999308586120605,0.47782700066128797,0.3305160861200163,-0.09896750400742335,0.9995448589324951,0.5940370730684129,0.38205340380646174,-0.050004479359572654,0.7504631280899048,0.45586700218475595,0.35179665110534836,-0.13882824980685537,0.7136013507843018,0.65550199612276,0.4165525220208206,-0.18583605233147094,0.7607049942016602,0.430169917887434,0.3429811851542532,-0.2848152976210851,0.732071578502655,0.6708087566661806,0.4310808137094673,-0.20937931325129958,0.7621041536331177,0.4212136281373014,0.346188027843196,-0.3345482518000018,0.6980347633361816,0.6733720266929777,0.4315705514896866,-0.2550989754355305,0.7667084336280823,0.42059949462297275,0.34486505155733227,-0.3522613903813715,0.701849639415741,0.6668495372190495,0.4267162778573209,-0.20718904534114505,0.7578980922698975,0.4236140148137428,0.34602017376930044,-0.2902784843398821,0.6616835594177246,0.5069299102443307,0.5072071307840023,0.013057456893767326,0.9999199509620667,0.4725256339945777,0.4928509859865609,-0.013315347137184599,0.999744713306427,0.5070432315948992,0.6422701843413852,-0.030210449530240775,0.8197631239891052,0.47122703553646883,0.5273443312160394,-0.14007749207805636,0.6461415886878967,0.4873938911647221,0.7711607341993395,0.060936498126787586,0.8550269603729248,0.47561451068670546,0.592294865158252,0.15299074945992197,0.4293559193611145,0.48091751582162756,0.7853336507220944,0.06141077209505763,0.7671499848365784,0.476997260082227,0.5968137915066727,0.18083270946019225,0.3945004343986511,0.4898960460993328,0.8118971352512335,-0.10016697490704818,0.8213729858398438,0.4769269273010276,0.6209170159195663,0.09838530792132799,0.4633960425853729
258,8.6,0.5038860749292063,0.25986969265456905,-0.31467037514215135,0.9997916221618652,0.5079570022219725,0.24966136532262637,-0.29359602386604744,0.9996916055679321,0.5116252777001102,0.25002718884595737,-0.2940051607228644,0.9996589422225952,0.5149373801664918,0.2506643355774367,-0.29391907199045225,0.999783456325531,0.5001611404758686,0.24909578004119076,-0.2914919801331632,0.99977046251297,0.4970672752511082,0.2492864569905384,-0.2918695265612464,0.9997750520706177,0.4937934320406496,0.24953490438260706,-0.2920145090855952,0.9998146891593933,0.5183524185310012,0.25705056247588304,-0.16740568657896426,0.9998321533203125,0.4879963211301453,0.2565284469475162,-0.16649982572083313,0.9993702173233032,0.5074225847430303,0.27299086577122444,-0.26407400760896454,0.999366283416748,0.4992979450904423,0.2731658546547002,-0.26742799222637037,0.9992827773094177,0.5428298866870139,0.3415576476989413,-0.07025650196450767,0.9999359846115112,0.4735341015739435,0.3367259738740921,-0.1017300646556882,0.9995585083961487,0.603346571908071,0.3824603940597744,-0.06505219478309955,0.7752085328102112,0.4390659856322294,0.3566450276166509,-0.1445631008226787,0.7366279363632202,0.669793912793885,0.41281768016266296,-0.2014201353210982,0.7843960523605347,0.4041999679655269,0.350729565577265,-0.30173396516012896,0.7499487400054932,0.686072640781108,0.426526758976497,-0.22472647223582393,0.7852394580841064,0.3911923110071583,0.3527743080074095,-0.34983719545407316,0.7112353444099426,0.6890646584601001,0.4267693519265634,-0.27107885812190086,0.7895511984825134,0.3898533470107507,0.3517806282304148,-0.37220128628262855,0.7177139520645142,0.6825676894713057,0.4222481706748227,-0.223262030252491,0.7815738916397095,0.39418768763734463,0.3528417453806206,-0.31077705709079495,0.6835788488388062,0.5111413730400483,0.5123267864761091,0.0077874232731297965,0.9999167323112488,0.473070981894686,0.4982603935729265,-0.008108285728174734,0.9997310042381287,0.510058150876138,0.647052070379388,-0.0452084521746736,0.8361164927482605,0.4723933430080056,0.523450006584805,-0.171359162364724,0.673393964767456,0.4876047250370362,0.7774528046316802,0.0456118964163938,0.8685271739959717,0.481001837241308,0.5866109115974226,0.09903926820359192,0.45256495475769043,0.4806772940171112,0.791382337882074,0.0462949089927409,0.7866786122322083,0.4828537621002504,0.5919493942818421,0.12418476298643641,0.4169706106185913,0.4884354205397256,0.817184887463012,-0.11591095178559457,0.8380709290504456,0.4850732147217983,0.6126100582352576,0.031295732781286806,0.49824270606040955
259,8.633333333333333,0.5045035386764585,0.2634144300755563,-0.35047196299102856,0.9998123645782471,0.5088790189050789,0.253385885695864,-0.32903931820172877,0.9997221231460571,0.512564085470277,0.2537839878410057,-0.32945028176086766,0.9996927380561829,0.5159763056375051,0.2544113287598725,-0.3293620445677448,0.9998048543930054,0.5008605757524139,0.25276762312867745,-0.32720801864197036,0.9997931122779846,0.4978341693880533,0.25292045063192065,-0.3275882828483263,0.9997972249984741,0.49465927419307565,0.25312244267656603,-0.3277413641854382,0.999832808971405,0.5195518886715136,0.2608552226919976,-0.19997490045323757,0.9998487234115601,0.48938081799740907,0.2602240937299801,-0.19723049608926885,0.9994312524795532,0.5084146008529639,0.2764988880856612,-0.2989710760313411,0.9994291663169861,0.5001160692118628,0.27659734325024943,-0.3014795708417171,0.9993534088134766,0.5473767288420559,0.34468564727578654,-0.10227509219373912,0.9999417662620544,0.4697269491393391,0.3409105653712695,-0.12240763219465056,0.9995719194412231,0.6114626250666289,0.38112513481338756,-0.09722214703708687,0.7976070046424866,0.42570989315775676,0.3593999455781449,-0.1594953302823033,0.7613754868507385,0.6814512151207055,0.4086684804863551,-0.23805550351086088,0.8058241009712219,0.38157357560408145,0.35577221468259446,-0.3128484106207787,0.7690299153327942,0.6984901529616073,0.4218274407071549,-0.2637956136370829,0.806328296661377,0.36602580171754867,0.3570903022939632,-0.3581416572148148,0.7250082492828369,0.7020042536697727,0.42195484920853193,-0.3111784291031201,0.8103106617927551,0.3641457526677429,0.35624790999600753,-0.38585839684150475,0.7336642742156982,0.6955529092699656,0.4178008601604349,-0.26088743858547736,0.8030747771263123,0.3692002606414347,0.3572793494272283,-0.3255720670173755,0.7048326730728149,0.5147883472614334,0.5152454951207924,0.002963502035672168,0.9999077320098877,0.47459171930797855,0.5014316215880352,-0.003327694583875909,0.9996700286865234,0.5125068034057622,0.6495324639812204,-0.06568346389467747,0.8493950963020325,0.47287042965908366,0.5221653131255664,-0.09436021902944583,0.6264220476150513,0.4882945709102507,0.7820219078795095,0.008342653864159506,0.8799844980239868,0.4826940101475532,0.5876644190948461,0.20287284305764455,0.4130074381828308,0.4806209665358915,0.7956172402014593,0.006951323664159358,0.8015434145927429,0.48659002838925725,0.5943564775326369,0.23014082694890495,0.3874969780445099,0.4883214793677315,0.8208053289007746,-0.16525467297926108,0.8530293107032776,0.4871079391455646,0.6155719667280516,0.1393463781322039,0.46387940645217896
260,8.666666666666666,0.504798927979661,0.2602480299124747,-0.3878562160516214,0.9998311400413513,0.5092844866399746,0.2503677634188436,-0.3676348679439076,0.9997498989105225,0.5128887313931192,0.2507723508007517,-0.36805040375279524,0.9997234344482422,0.5162836107851249,0.2513341789719706,-0.36796105971657384,0.9998243451118469,0.5013765846383971,0.24970724747823972,-0.3643667185431101,0.9998137950897217,0.49846523352392635,0.24977242823831644,-0.36474567472757813,0.9998174905776978,0.495399330832348,0.24981270235384762,-0.3648843653542836,0.9998494982719421,0.5198527975161077,0.25771235287735966,-0.23851064642156464,0.999863862991333,0.49042077136283796,0.2566901930262496,-0.2266520490998162,0.9994879961013794,0.5087589692941445,0.27317400465149627,-0.33599800932718094,0.9994862079620361,0.5006832345433829,0.2733655681010658,-0.3355897489324874,0.9994180202484131,0.5490972373459087,0.3392359303519704,-0.14378066261754852,0.9999474883079529,0.46675985986531865,0.3385044688837157,-0.13456524106257112,0.9996113181114197,0.6154227049708487,0.37253677425780773,-0.13949117810984976,0.8176997900009155,0.4167636753985743,0.35922362718633055,-0.16605301432311803,0.7835255265235901,0.687856558743315,0.39764319668955206,-0.2788420564423467,0.8249992728233337,0.3648966914348495,0.3625117068152187,-0.3160059953298989,0.789542019367218,0.7059283283002629,0.4109377647194796,-0.30835660272641013,0.8249648213386536,0.3485666655535312,0.36447821895248383,-0.35959971771544746,0.7457312345504761,0.7094561042046884,0.4106837429167078,-0.3553950121628266,0.8287125825881958,0.3463715981549659,0.363805410712559,-0.39153392008125876,0.754939079284668,0.7030654309296656,0.40686635983688557,-0.30176557960577904,0.8220070600509644,0.35173181148796895,0.36448691844687575,-0.33171189889914743,0.7289864420890808,0.5163568936615976,0.5119197026788995,-0.008876364656729719,0.9999135732650757,0.474841868217086,0.4975713911779661,0.008461216307605273,0.9996824264526367,0.5111604513198255,0.6486373093825969,-0.09010638432288477,0.862711489200592,0.46872288410437685,0.5137739052628365,0.006175621538984211,0.5746368765830994,0.4871745688781299,0.7836416493073949,-0.031549451310782906,0.8909035921096802,0.4749133462161736,0.5665258756149543,0.3405132115480982,0.3743375837802887,0.4797300250648451,0.7977810011548075,-0.03480226588812608,0.8158597350120544,0.47865680252929554,0.5730168711322097,0.37111305933600336,0.3581199645996094,0.487381541305016,0.8222711164508605,-0.21531400016089342,0.8669775724411011,0.4760861917988872,0.5882172117300019,0.29000847646748384,0.42811939120292664
261,8.7,0.5054642256031009,0.2525722935629619,-0.39231103216309,0.9998478889465332,0.5102711506495814,0.2430821380664598,-0.3722647720880017,0.9997745156288147,0.5138963296051089,0.24362092531958968,-0.37267137560533176,0.9997506737709045,0.5173938397941272,0.24427652444444153,-0.37257942755988366,0.9998415112495422,0.5022267274766358,0.24231625268801762,-0.3696930095581447,0.9998321533203125,0.4993513365630056,0.2424017169028727,-0.3700699349172474,0.9998354911804199,0.4963384284051107,0.24242393414814545,-0.37020860064861105,0.9998642802238464,0.5211162334661735,0.2509165844850557,-0.2443803245451734,0.9998771548271179,0.49169606974350694,0.2494443377450913,-0.22603042916502275,0.9995383024215698,0.509513604701734,0.2658589509438187,-0.3409642064476048,0.9995372295379639,0.5013679153044663,0.26579464984526274,-0.34189958722986563,0.9994755983352661,0.5501407294652767,0.3304839872125713,-0.15748370584306787,0.9999520778656006,0.4649724690429211,0.3330722074095731,-0.11557995930799628,0.999643087387085,0.617507861176431,0.36196347342349355,-0.15910406290239704,0.8358129858970642,0.41127376409084143,0.3590616249445474,-0.13786353989544414,0.8041318655014038,0.6902640036315685,0.38365809993357625,-0.3005119466039248,0.8424138426780701,0.3556924810377015,0.36953877306327076,-0.3045017337765933,0.8100453019142151,0.7090431893679643,0.3964215148305274,-0.33301271188320775,0.8422261476516724,0.3389924730149135,0.3732148447225194,-0.34700145384776415,0.7699787616729736,0.7124364626958275,0.3961468610763791,-0.3784599788390748,0.8456477522850037,0.3363944920241604,0.37268470689983835,-0.38505847362115586,0.7784824371337891,0.7056662632106689,0.3926189906375632,-0.322866832161022,0.8395572304725647,0.34230266903609263,0.3727480555907091,-0.3238796718032907,0.7551273107528687,0.5168400883133419,0.5063364733489534,-0.020775537107399517,0.999917209148407,0.47442130041696323,0.49170659190558164,0.020346022329601785,0.9997012615203857,0.5102668829348637,0.6463078909591966,-0.1047493901365283,0.8756648898124695,0.44709746191516453,0.5080874536742624,0.020327686239640427,0.6054936647415161,0.4861458185521623,0.7848020332938586,-0.04027558558481422,0.900934100151062,0.45758528106490765,0.555673838274287,0.3621359176574298,0.3947625756263733,0.4794366212078538,0.798469072886793,-0.04991274332874117,0.8269094824790955,0.46297571772281887,0.5621685935578439,0.3935950890256168,0.3781832158565521,0.4864030636734047,0.8233436189662571,-0.2234453491794002,0.8789860606193542,0.4563308006684782,0.5790463627052529,0.312445296137344,0.45138806104660034
262,8.733333333333333,0.5061086956484134,0.24569191105408233,-0.3937364602447574,0.9998628497123718,0.5113131955317861,0.23647003098464608,-0.3744084117488213,0.9997962713241577,0.5149887023006677,0.23706757446080665,-0.37480668068739514,0.9997747540473938,0.5185560254201437,0.2377552693254026,-0.37471298169984507,0.9998565912246704,0.5031311772725561,0.23560997585018956,-0.3699985879983203,0.9998484253883362,0.5002845247534466,0.23564785677266137,-0.370375272543762,0.9998515248298645,0.4973273591369725,0.23557776520642298,-0.3705129632967934,0.9998773336410522,0.5222959430118909,0.2448973510833481,-0.24848134396711885,0.9998887181282043,0.4928477181791759,0.2426030669641675,-0.22375863521059192,0.9995828866958618,0.5102184833977023,0.2590664168522228,-0.3432835968967908,0.9995826482772827,0.5019139981138875,0.25865300404108127,-0.34159685322091504,0.9995267987251282,0.5506451631161527,0.3228525479656268,-0.17016605613128008,0.9999556541442871,0.46419546115136934,0.3275833628644527,-0.10031140631955811,0.9996699690818787,0.6187525887585038,0.3525704068839339,-0.17952595468675683,0.8520471453666687,0.40732544918803243,0.35902567938789665,-0.1146063776327851,0.8223198056221008,0.692288390052521,0.3727160489447526,-0.3244065057805708,0.8580083250999451,0.34900965259142824,0.3756947741165796,-0.29295265429807893,0.8284472823143005,0.7115371541451505,0.38516005701591133,-0.35971767076196676,0.8575536012649536,0.3317697801528462,0.38104489315611856,-0.33423526880612875,0.791654646396637,0.7148186732000015,0.3848771235210009,-0.4035559448821178,0.8607165217399597,0.3287667374406599,0.3803655711133411,-0.37708438281082307,0.7995626926422119,0.7074017887143708,0.381218786533023,-0.3462518209107292,0.8551512360572815,0.33519430274906326,0.37983356576755334,-0.3152152209754783,0.7785496115684509,0.5175312636449526,0.5013386954659217,-0.030316650410499635,0.9999192953109741,0.47419353256629276,0.48662470427977744,0.029877330020022047,0.9997166991233826,0.5093718642043152,0.643635905919938,-0.11432207233336748,0.8869353532791138,0.4285570617028373,0.5034558636536303,0.02602185697403274,0.6310762166976929,0.4857144695970108,0.785430627707296,-0.039848082681315414,0.9097037315368652,0.4374016758619061,0.558253806595267,0.37298779423271267,0.42125773429870605,0.4793628440579913,0.7982925465736408,-0.05138686994732854,0.8349745869636536,0.44531964415241004,0.566970111694699,0.40480458656828533,0.40027686953544617,0.48615494191404895,0.8242586669259637,-0.22172935829292878,0.8894644379615784,0.43767660247284473,0.5824953633732555,0.3214172363154631,0.47704678773880005
263,8.766666666666666,0.5069109710570213,0.23831170306575872,-0.3921322492345209,0.9998762011528015,0.512360464540647,0.2295698453340042,-0.3726565702240905,0.9998158812522888,0.5160419205298663,0.23020533979238106,-0.3730541954232056,0.9997963309288025,0.5196262487953757,0.23090829903123752,-0.3729660191457517,0.9998700022697449,0.5040780324380657,0.22869286631844193,-0.3673554776412651,0.9998631477355957,0.501246665690191,0.22872801575685875,-0.36770716226681177,0.9998659491539001,0.4983478581023294,0.22863244059684595,-0.3678079989902676,0.9998891949653625,0.5231227679213223,0.23866544273289514,-0.24771814521874438,0.9998984336853027,0.4938829112817691,0.2358109898726706,-0.2115731328831381,0.9996232390403748,0.5110022988130071,0.25175938071263887,-0.3420070411529435,0.9996227622032166,0.5025994628594131,0.25094611607002537,-0.3368351427044943,0.9995723366737366,0.5507800934882541,0.3152923745456291,-0.18287818155244007,0.9999569058418274,0.4640958215765532,0.32127122245693995,-0.07862051305259868,0.9996953010559082,0.6169022379136521,0.3430227042548248,-0.23770435023389908,0.8630309700965881,0.405063413268003,0.3590103639240753,-0.08229174388536648,0.8316962122917175,0.6825429126129259,0.3609160449334824,-0.42411632046280423,0.8655296564102173,0.34622548943783676,0.3815104176619966,-0.2620635828493357,0.8439058065414429,0.6990145661517668,0.3722946744195922,-0.4707935474526358,0.8622888326644897,0.3291377746858101,0.38866936292772647,-0.3017210156302825,0.8096361756324768,0.7004465759919493,0.3717632433762752,-0.5079757950145481,0.8660253882408142,0.32621527357830293,0.38773899203507156,-0.34780308009919325,0.8171720504760742,0.6939720948391054,0.3686134080025334,-0.4445806277844507,0.8582795858383179,0.3324647438527026,0.3865300466673125,-0.28619542637295314,0.7979637980461121,0.5180257004700872,0.49473611724506494,-0.04205897858923696,0.9999241232872009,0.47419438133017267,0.4805865381614093,0.041623815957374556,0.9997408986091614,0.5069891844018032,0.6366721445996428,-0.12937443331783355,0.896303653717041,0.4151508254761268,0.49987603011365367,0.0325188237470007,0.6550582647323608,0.4850746098282799,0.7802489114226934,-0.04391974749414672,0.9171717166900635,0.42938334363848646,0.5629162424737353,0.37637248936177,0.4524325132369995,0.4794668060624413,0.7920837794049886,-0.052534266509908445,0.8344249725341797,0.43819310322560245,0.5716811431303239,0.4078809551410319,0.4196353852748871,0.48321083844948454,0.8231211156782265,-0.22298596478516575,0.8984541893005371,0.43012669385991786,0.5916146724653121,0.32374721027438264,0.5060228705406189
264,8.8,0.5047341635477932,0.23247739171367737,-0.3718586177822777,0.9998829960823059,0.5106565726528711,0.22402167678199475,-0.35437324945960236,0.9998266696929932,0.5143215130458423,0.22470157050489709,-0.35475254758570657,0.9998080134391785,0.5179227482423645,0.22545043598286357,-0.3546628202999283,0.9998738169670105,0.5021511777187573,0.22310982968405055,-0.3451381469288033,0.999873161315918,0.4993294908103277,0.22317252688591296,-0.34548927475353797,0.9998762011528015,0.49645727682908186,0.22313286264617846,-0.3455854979657327,0.9998975396156311,0.521917301135637,0.2335467673535084,-0.2393727849895232,0.9998964071273804,0.49250751551897165,0.23060265787932954,-0.1872570044509138,0.9996545314788818,0.508610049383413,0.24586868889454805,-0.32563457229909337,0.9996383190155029,0.5002074398274997,0.24480852963009986,-0.31530140129762896,0.999599814414978,0.5460638489621293,0.3086818747297892,-0.20069454460483127,0.9999226331710815,0.46461925002803645,0.3166820461140428,-0.04784094571898243,0.999692976474762,0.5955584095720183,0.3294301128229449,-0.3036836561800976,0.8758370876312256,0.4078381889128212,0.3600932583167983,-0.04683229849345222,0.8298599123954773,0.646973933370367,0.33083052499464854,-0.5005963182231894,0.878085196018219,0.3504715991096612,0.38719393692256354,-0.22759529539216658,0.858160138130188,0.660993583868472,0.3401788717777406,-0.555077064224331,0.8744767308235168,0.3337167651320128,0.39727245909936904,-0.264440991032783,0.8268842101097107,0.6616868682472128,0.3367981867839716,-0.5805465584661789,0.8778195977210999,0.33059478939779097,0.39628920922854605,-0.312186362371602,0.8338707685470581,0.6564280049288327,0.3355261682450701,-0.5169208964078864,0.8699125647544861,0.3370581753521533,0.39394398840807543,-0.2529094171157792,0.8164131045341492,0.5150406401535037,0.48967262174019716,-0.055131361816589945,0.9999266862869263,0.47147486728295485,0.47644914115092835,0.054740778591460065,0.9997616410255432,0.5012274306621606,0.6308963711314932,-0.15290915163331598,0.9062579274177551,0.39969936689174945,0.49629626133757554,0.0007466504334831051,0.6877657175064087,0.4819295089065583,0.7747570019725798,-0.052381989002036826,0.9251705408096313,0.4335082715565694,0.5664096971440734,0.33357588954857054,0.49932220578193665,0.4782289869083508,0.786075091032667,-0.05749399664590731,0.8475826978683472,0.44471341002344633,0.5748369780125635,0.36428159508096697,0.4654911756515503,0.47719888870709887,0.8215335682389958,-0.22601098746132714,0.9081326723098755,0.4350068835594917,0.6003747390856502,0.27946944978032023,0.5483662486076355
265,8.833333333333334,0.5034468172115247,0.22771052628463934,-0.3555372710437995,0.9998890161514282,0.5098383076580384,0.2192413796340789,-0.339272378989924,0.9998369216918945,0.5134386641221652,0.21993836900897804,-0.3396377280121414,0.9998189210891724,0.5170303408830678,0.2207358392532912,-0.3395467589156386,0.9998778700828552,0.5013496493446303,0.21832417054713396,-0.3273118321459948,0.9998825192451477,0.49856995650042335,0.21838163513219194,-0.3276642367616095,0.9998855590820312,0.4957159794651932,0.2183553816363495,-0.32776271218009656,0.9999052882194519,0.5214115714520096,0.22923942951707804,-0.23085377311801847,0.9998948574066162,0.4919747763512622,0.22595914280469748,-0.16769895175141158,0.9996829032897949,0.5069797430833946,0.24108933237421698,-0.31195208306606975,0.9996497631072998,0.49883743621238147,0.23981886947785896,-0.29815445847805994,0.9996235370635986,0.542023807501122,0.3030177453965811,-0.21491065996685535,0.9998792409896851,0.4649076992462077,0.31315842203677713,-0.023374548391581113,0.9996793866157532,0.5757098911636205,0.3179477305274305,-0.3548734499941846,0.8868235349655151,0.41026830521744395,0.3616960347396486,-0.016204901556233123,0.8168889284133911,0.6145540082949619,0.3038616810007497,-0.5580843101602722,0.8888676166534424,0.35480006386500423,0.3919081848643056,-0.19366644468774177,0.8696108460426331,0.6256221172261751,0.31241643317109347,-0.6182822556031017,0.8846675753593445,0.33836494360970476,0.40440713552787505,-0.22753427638168694,0.8409632444381714,0.6272323213042966,0.306679983735939,-0.6343750558460257,0.8876912593841553,0.33501597958550466,0.4032741818264603,-0.2764813594896112,0.8476369976997375,0.622862693536455,0.30688662282813794,-0.5710221523808721,0.8792514204978943,0.341788360694894,0.3999467912839101,-0.21972939238005257,0.8316108584403992,0.5126723257135504,0.48569447253239245,-0.06558288876593782,0.9999282360076904,0.4695786381201972,0.4732083153675077,0.06523183156615249,0.999779462814331,0.4962986562754839,0.6260449304081959,-0.17174781681692036,0.9149449467658997,0.3942417523356271,0.49365541116727474,-0.020419402289575464,0.7152153849601746,0.47930094859817474,0.7697348595566998,-0.06097099552863849,0.9321327805519104,0.43896240994946645,0.5689632500912205,0.30437438647587123,0.5326205492019653,0.47712848895921856,0.7810363660116121,-0.06327570376038631,0.8579528331756592,0.45090039009164024,0.5760944514171771,0.334572930039093,0.4970409870147705,0.47278502346712015,0.8199884089818009,-0.22887471549183724,0.9165030717849731,0.44189784711783525,0.6076736231430178,0.2508930190043791,0.578618586063385
266,8.866666666666667,0.5013446938271443,0.22903203831219499,-0.2933045205893191,0.997138261795044,0.5074030940798033,0.22043367094625294,-0.2846410349615948,0.997871994972229,0.5104037686429618,0.22088395349819426,-0.28500046361650566,0.9978786706924438,0.5134831122143637,0.22152464815985845,-0.28492495786221667,0.9988714456558228,0.5006131696873536,0.22000922931571143,-0.26849353827229056,0.9973448514938354,0.49859359454832036,0.22024361425705757,-0.2688240272661846,0.996823251247406,0.4965172440328489,0.2203600017438051,-0.2689219310705685,0.9977510571479797,0.5177553507684081,0.22954981685673576,-0.20840483160481466,0.9991543292999268,0.49274568928066825,0.22543600131605931,-0.12855656323566597,0.9937534332275391,0.5038222565762365,0.24145548128643676,-0.2608208858329137,0.9977864027023315,0.49748077670671703,0.2408055738609693,-0.24158313645189894,0.9958534836769104,0.5337443302759732,0.30028748281869017,-0.2184870711623324,0.9998748898506165,0.472631161318598,0.31082232841779917,0.019371646888152086,0.9990764260292053,0.55010354010157,0.3141809564738376,-0.38408940601631947,0.893795907497406,0.42735340318951165,0.3621778769644345,0.06652663039648027,0.7360925078392029,0.5642135648065831,0.300292378867056,-0.5238917690643421,0.8957434892654419,0.3761890194986435,0.39449706194126777,-0.05648145657537866,0.7867490649223328,0.5680054073911893,0.30922474183721443,-0.5815296558676879,0.8897830247879028,0.3619815056390354,0.407880284235375,-0.07822482592169444,0.7629725337028503,0.5687700148695594,0.30394121634528226,-0.588595261216843,0.8921505212783813,0.3573909545087808,0.4065858380581536,-0.12713437504464348,0.7692788243293762,0.5670036432402292,0.30346995970192026,-0.5312096236053567,0.8753252029418945,0.36297911615382566,0.402937077399642,-0.08128797260673272,0.7547783255577087,0.5080679550579728,0.4814561867635273,-0.07635010260134154,0.9999240040779114,0.4708938067830078,0.4710609213491548,0.07602617645341539,0.9997633099555969,0.4905521498589381,0.6182919197669339,-0.16498300037494595,0.8915881514549255,0.40959632919055483,0.5076941561246262,0.0221418772055659,0.6548795700073242,0.47744330693249665,0.7540358817167112,-0.05658944011025202,0.929159939289093,0.4569473463258814,0.5719403734365857,0.34403780532825334,0.49204033613204956,0.47670866126011446,0.7665431344154557,-0.05703399457980133,0.8440490365028381,0.46770023514269454,0.5780613522735836,0.3745201406346638,0.4711308777332306,0.46958669919690693,0.7983969206841501,-0.21449923311385458,0.9071674346923828,0.4608742638362847,0.6119905868253066,0.2988177244213227,0.5329061150550842
267,8.9,0.49758716172584,0.2275241779863992,-0.2647182113741386,0.9974236488342285,0.5048101624527371,0.21861722764053687,-0.26127752452233105,0.9980840086936951,0.5071905522737027,0.21896180134842122,-0.26163367320738806,0.9980899095535278,0.5096325264228891,0.21949116673398716,-0.26155489512622515,0.9989835023880005,0.501797233170271,0.21854052256714004,-0.2420188748528933,0.9976100325584412,0.5004719831977804,0.21891717371569205,-0.242341090946572,0.9971405863761902,0.49750206226959204,0.21915297485289048,-0.24243754151974306,0.9979757070541382,0.515010866710635,0.2273039052089052,-0.19692277191088592,0.9992385506629944,0.49349718541389875,0.2239634599620478,-0.1136638582651101,0.9943777918815613,0.4996477783710122,0.2398058590033792,-0.24016969209001132,0.9980071187019348,0.49570474842447254,0.2396657774111039,-0.2167173750981239,0.9962676167488098,0.5262842932954029,0.2977057931280237,-0.23713729267433462,0.9998830556869507,0.4751771586959449,0.3072750375493612,0.03284713885206229,0.9991654753684998,0.530830841063773,0.30424831081661713,-0.420217322107867,0.9042779803276062,0.43035189356006276,0.3555209980354164,0.10635212659333354,0.7518362998962402,0.5338437048905508,0.27882121174717334,-0.560910930275557,0.9060598611831665,0.37646783588215976,0.3857373670643838,0.028094002776607487,0.8076968789100647,0.5356814857401226,0.2794574527843294,-0.619748966345264,0.9006373882293701,0.3617045812713701,0.39903457717346735,0.016361971394033607,0.786188006401062,0.5365034112491244,0.2741614460196098,-0.6225833018709701,0.9027738571166992,0.35772052141694866,0.39788749086485065,-0.0310047061943704,0.7918965816497803,0.5354588242893706,0.2750279658246467,-0.566627570314272,0.8874696493148804,0.3635515023770316,0.3942881004994271,0.0051837725551201475,0.7787209153175354,0.5064925079879091,0.4789616444295063,-0.08542947779216699,0.9999304413795471,0.47142003457450354,0.46875820761708037,0.08510924662539686,0.9997852444648743,0.4884906935097994,0.6141601395632174,-0.17456802146654432,0.9023847579956055,0.4206180798106227,0.5134066784422663,0.08785690663847774,0.6767200231552124,0.47706529651890506,0.7491720787808707,-0.08321756581822468,0.9362124800682068,0.47175246996405007,0.5745186035833314,0.41915604678890794,0.5232750773429871,0.4771121945452004,0.7623996818985047,-0.08409027227190824,0.8593478798866272,0.48125181688418006,0.5797187024352718,0.45093578226758146,0.5101698040962219,0.4693776823113942,0.782882513343774,-0.23914470386024894,0.9163994193077087,0.47505369739298986,0.6150233269415212,0.38843294258952865,0.5669151544570923
268,8.933333333333334,0.49161055232992673,0.22615524123494052,-0.24090658476259663,0.9976756572723389,0.49923021130028655,0.21705522727820964,-0.24163220168915456,0.9982693791389465,0.501216682198898,0.21734163212642543,-0.24199200361643688,0.9982737898826599,0.5032106930817515,0.21780031274867664,-0.24191913254344988,0.9990798234939575,0.49777036966098565,0.21716007257581638,-0.21958380994226068,0.9978441596031189,0.49691414514013404,0.21760458099559069,-0.21990629586999497,0.9974218606948853,0.49433376213019653,0.21789486868707947,-0.21999302065631976,0.9981746077537537,0.5092877488366492,0.225335834530919,-0.18893096747288024,0.9993093013763428,0.49221280881669266,0.22265921653727969,-0.0995566945947852,0.9949260950088501,0.49324546401582525,0.23837974066904813,-0.22244272218895958,0.9981887936592102,0.4907946654377471,0.23851590817130933,-0.1952726731401077,0.99662184715271,0.5174926851004374,0.2958480451871096,-0.24709338393000893,0.9998834133148193,0.47465586026308443,0.304551581260069,0.04316152864284341,0.999218225479126,0.5169419204964998,0.30000218841910326,-0.43320607487654883,0.9017006158828735,0.42710801144744864,0.34991046105602713,0.10906877135429452,0.7179606556892395,0.5126982473276542,0.2705351528630507,-0.5717511803617394,0.9003246426582336,0.372112436852503,0.3770673096608902,0.04076912938331176,0.8123666644096375,0.5124440952940728,0.26875776063930695,-0.6322471182914604,0.8930999040603638,0.3573334622401803,0.38969329308880707,0.028073442488331504,0.7932263612747192,0.5137024226946129,0.2629640900457022,-0.6311636893778539,0.894371747970581,0.35332271930250514,0.3884709283521469,-0.017704491288896135,0.799460768699646,0.5135162523342433,0.26468963555725167,-0.5759045323762046,0.8714653849601746,0.3591768814485715,0.3848670534619518,0.014113034343358886,0.7860869765281677,0.5028281162975551,0.47675122451276514,-0.09173692356364388,0.9999350905418396,0.4717834380785937,0.466716768768737,0.09139335189237746,0.999802827835083,0.4856185658030361,0.6116181726783219,-0.17614247345989703,0.9052379727363586,0.43202049232758594,0.516376090708243,0.15299117892499228,0.623514711856842,0.4751547486515542,0.7473782447244908,-0.10413206238233738,0.9406116008758545,0.48256129277444115,0.5760541061025433,0.48545225221669197,0.49588268995285034,0.4764399098241975,0.760825166550086,-0.10672166859456397,0.863757848739624,0.49097528507502436,0.5816224089462385,0.5169099931201044,0.49576684832572937,0.4690348361830436,0.7806945439108355,-0.26378550998912864,0.9225078225135803,0.48635162798864173,0.6169974602266397,0.46097274642640135,0.5466853976249695
269,8.966666666666667,0.48635229759156895,0.2251100258544379,-0.1315386283104134,0.9977871179580688,0.49368725390524343,0.21592477279619193,-0.14158142816470806,0.9983299374580383,0.49504283922118597,0.2161884314849828,-0.14193700752853367,0.9983350038528442,0.4964052994991989,0.21660445433788184,-0.14189360608940652,0.9991018176078796,0.49375097619137137,0.21612744743508927,-0.11840421384302383,0.9979279637336731,0.4930940782433304,0.2166160919021134,-0.11871292977756126,0.997545063495636,0.49116686183807506,0.21693894725974144,-0.11878784049991456,0.9982327818870544,0.5024606644172357,0.2238147204037938,-0.13631869014288198,0.9993400573730469,0.4912082978009636,0.2217115985826605,-0.040622901725296034,0.9950553774833679,0.48748523059187104,0.2373429069173531,-0.12907305330227964,0.9980095028877258,0.48650170285728506,0.23763774921121672,-0.10037038863709177,0.9963433742523193,0.5040906936847853,0.29427056915931027,-0.21168721526176124,0.9998919367790222,0.4830123122408168,0.303345904466615,0.07425861281476756,0.9992015957832336,0.4916150495595046,0.3037837519021763,-0.3585243093250019,0.9067158699035645,0.4445303045090818,0.35502603110385467,0.13161429451738157,0.6481855511665344,0.47916359203899983,0.2873020727956895,-0.4423443427766719,0.8877350091934204,0.40087218260512136,0.38403894556523266,0.0846781291114897,0.7340084910392761,0.4769856082468429,0.288749972305879,-0.4903420103125703,0.8740711808204651,0.38918624947196756,0.396205974805404,0.07820487908511291,0.7185002565383911,0.47806030054174947,0.2834406891241581,-0.4851857866714949,0.8732842206954956,0.38392113114958215,0.39458441064950867,0.03976208973648823,0.7238893508911133,0.47901597147055425,0.28388574372126324,-0.44282782255955694,0.8387938737869263,0.3879491424345307,0.3907910706775354,0.06227847475209526,0.7118361592292786,0.49459141635949905,0.47500713759341917,-0.09362160495314485,0.9999384880065918,0.4778851902616436,0.46536498279494987,0.0932398846450463,0.9998108148574829,0.48244774916205946,0.6103136371135699,-0.15483709100106166,0.9125329852104187,0.45847466248301444,0.5129731058470122,0.17483230669161104,0.5925444960594177,0.473714904338404,0.7478616908622296,-0.12178401878587611,0.9452622532844543,0.4955822141024698,0.5802767284220146,0.46178377056636766,0.500425398349762,0.4762504540473367,0.7620252975067081,-0.12710389039061348,0.8746621608734131,0.5005737783857744,0.5850481979812265,0.48815513202447347,0.5183164477348328,0.468572391939327,0.7816570323337542,-0.26998723299718874,0.9234012365341187,0.4969207748213029,0.6218851567880846,0.4598088674880513,0.5253716111183167
270,9.0,0.4840225615371429,0.22430279802129333,-0.035121698257090786,0.9979782104492188,0.489594579282801,0.21496110422685646,-0.05032258535128274,0.9984531402587891,0.4901228997696467,0.2151750293481484,-0.05066904521081548,0.9984564185142517,0.49089815167083656,0.2155044008118916,-0.05065867476653764,0.9991655349731445,0.49148533559239593,0.2152135552516702,-0.03393950193653855,0.9980977773666382,0.491412909623563,0.21569677644634175,-0.03422997420340024,0.9977526664733887,0.4903543044012928,0.2160218026825297,-0.034291582524429334,0.998373806476593,0.49509589128035714,0.22231502551290086,-0.07661395223091429,0.9993899464607239,0.49121399119695824,0.22098040271444397,-0.008134043314686736,0.9954243898391724,0.4837916352448819,0.2364908278626821,-0.04278742471393974,0.9981054663658142,0.4849652519043953,0.23685327852335494,-0.022887807443513,0.996565043926239,0.48763411631108267,0.29304457040403115,-0.1509796092811492,0.9999011158943176,0.4887848991141607,0.30251009322298167,0.06576472537643914,0.9992534518241882,0.46610544521494496,0.3128126740533551,-0.25528639579006673,0.8774568438529968,0.46087753763455164,0.36271541922574835,0.08063531469159985,0.5948451161384583,0.4620236094723668,0.3076962741161447,-0.2964979382270308,0.8309922814369202,0.42109066828323133,0.388638773636875,0.027954767562164168,0.6646044254302979,0.46211351127484734,0.3112407995280771,-0.3306116856597805,0.8142289519309998,0.40945667756720133,0.3996681569489915,0.018542252835096987,0.6509211659431458,0.46446097064531067,0.306332962306164,-0.3296073504158295,0.8128253221511841,0.4040764393280732,0.39772236149141543,-0.011810621133477837,0.6556577682495117,0.4648198392027919,0.30587616407210216,-0.2973307029516252,0.7757781744003296,0.4080662531272302,0.39402001601127945,0.009338007047746566,0.6439653635025024,0.48364666560796477,0.4740357774927942,-0.06854608041670786,0.9999421238899231,0.4809344767162679,0.46469690531804064,0.06816138309111122,0.9998223781585693,0.479887071388868,0.6118068161834759,-0.11425626954871006,0.911621630191803,0.48729532100728734,0.5092069982546741,0.14387139285218664,0.5757951736450195,0.47303743985185376,0.7492412734191906,-0.11205130980833893,0.9448249936103821,0.5043313664780628,0.5864494024124345,0.38717343911407365,0.4892962872982025,0.4760195527242934,0.7648772110371007,-0.12057038330941645,0.8807143568992615,0.5046807693017991,0.5892870065129989,0.41020114727079965,0.5112980008125305,0.46975733625360344,0.7838664928301188,-0.2407566486025557,0.9090473651885986,0.5022313650255331,0.6289678050629657,0.3925344686860448,0.4940379858016968
271,9.033333333333333,0.4843093372346182,0.22344155243444577,0.03955242170444323,0.998077929019928,0.4874628250913394,0.21392003720356992,0.021162842958443347,0.9984471797943115,0.48703884822769783,0.21405440142562943,0.020831540206799858,0.9984517693519592,0.4869348756949353,0.21427207017373734,0.020820276810925818,0.999139130115509,0.49172022309908825,0.21420777805576136,0.032923502447792546,0.9981787800788879,0.492645013730872,0.2146333908350165,0.03263255775419636,0.9978824853897095,0.49284432943953543,0.21490055913468623,0.032569352595751895,0.9984495043754578,0.4891910914302223,0.22081687153701077,-0.027330235915577636,0.9993915557861328,0.49422167760027436,0.22011897488570506,0.022370836970612165,0.995644748210907,0.48256597481714053,0.23531961982350152,0.02488119227492519,0.9980267882347107,0.486189099671588,0.235910114842842,0.03874993334345935,0.9966212511062622,0.4752152909445947,0.2917650260735859,-0.10010017051873918,0.9999076724052429,0.49520322433512337,0.3018497669156473,0.06205031268727018,0.9993104934692383,0.4498842089792261,0.3230496100056621,-0.15884109807030883,0.8603103160858154,0.4772960913115631,0.3688984108329154,0.06268200214048174,0.5946628451347351,0.4559532791664134,0.3251333226437676,-0.14776303379670697,0.7560040950775146,0.4398489195426692,0.39353025593466734,0.03530218087228199,0.6014567017555237,0.4582771744505877,0.3305846658869802,-0.16596287553037029,0.7395167350769043,0.4281062067146793,0.40374537323562887,0.029630847819227486,0.5884126424789429,0.4612047780223786,0.32580248600459416,-0.16893291314893355,0.7380378246307373,0.4228169167624779,0.4011970400201633,0.00504352197845521,0.592588484287262,0.4609396416533852,0.3244359061730163,-0.14844105925935358,0.7038175463676453,0.4266070845597239,0.397547024367319,0.020399241046292198,0.5819032788276672,0.4747060726486981,0.472739991415292,-0.051148816009501344,0.9999442100524902,0.4860146494288157,0.46428576419476947,0.050768825472979555,0.9998316168785095,0.4764700103600322,0.6132943444801908,-0.0892532547914893,0.9143486618995667,0.5106442293886593,0.5064888946453211,0.1114767516825816,0.5867750644683838,0.47461706265246784,0.7505408880676847,-0.11229701780086232,0.9461963176727295,0.5106241343325607,0.5914671663016053,0.30810364430559667,0.5032740235328674,0.4777883489216886,0.7671124833093287,-0.12301571660671629,0.8882741332054138,0.5114998179061494,0.5923500928351185,0.32673448778142383,0.52695631980896,0.4752601042573382,0.7886967982578432,-0.22603201054902694,0.8994497656822205,0.5076932127429226,0.634653756862873,0.3200208516387172,0.47910237312316895
272,9.066666666666666,0.48709168594838725,0.22380481135849026,0.04903604458981306,0.9982325434684753,0.48865785926079064,0.21358601909843888,0.0357557036741922,0.9985318183898926,0.4876787161635511,0.21359742805769824,0.03544143626822316,0.9985359311103821,0.4869678313182278,0.213691798389209,0.0354463677188198,0.999176561832428,0.4938505139171452,0.21383923486569237,0.03915257432034925,0.9983202219009399,0.4950482660799363,0.2141262188343463,0.03885929284234878,0.99805748462677,0.4956147935844747,0.21426436572581317,0.03879444466922581,0.998570442199707,0.48684063261280414,0.21967221841566034,0.003636033513964975,0.9994214773178101,0.49496604429777924,0.2194791890861656,0.0034476681574408963,0.9960107803344727,0.4843578960844842,0.23578272791108784,0.04060750194440712,0.9981217384338379,0.4893361848210599,0.23634046626225508,0.0449417113869596,0.9968572854995728,0.4678906709477222,0.29163313633755567,-0.03302403116581127,0.9999060034751892,0.49645197546811887,0.3013710828038184,0.012284419141827013,0.9993363618850708,0.4458338279850476,0.33346645856188634,-0.0755786991514939,0.7787790298461914,0.48626786570998987,0.3734792956492585,0.014370658684406137,0.6180399060249329,0.45825513706997956,0.3407118835382329,-0.09651488468698179,0.6846194267272949,0.45470346795964733,0.39723148229778593,0.032895561395171066,0.5775562524795532,0.461438493600811,0.3483117834765247,-0.11165249183539358,0.6726686954498291,0.44510699335648385,0.4059025878390097,0.027099598796442238,0.5591762065887451,0.46455505963344346,0.3429843419468627,-0.12016881449201737,0.6712672114372253,0.4406022743513407,0.4033514519787876,0.00466195510289574,0.5606664419174194,0.46399468056053395,0.34116240622546284,-0.10042470206980883,0.6402683258056641,0.4430228057691813,0.39949646709077913,0.018821966385930457,0.5441408753395081,0.46796632041465275,0.4720715935067944,-0.014681760042311049,0.9999472498893738,0.48606603875682236,0.46429768802541616,0.01431617037432311,0.9998425841331482,0.4731781921894964,0.6151337296599759,-0.04711690245446812,0.9056629538536072,0.5264139734424867,0.5034961876436481,0.059510792074210506,0.6218443512916565,0.4750847105366842,0.7531526904634877,-0.0826306300825272,0.9485553503036499,0.512659523444209,0.5945424326727344,0.23399022400822347,0.5430803298950195,0.4775927622099165,0.7702877133680399,-0.09404926103118964,0.8935068845748901,0.5094203997056549,0.593504553114759,0.2509660587754813,0.5490489602088928,0.4788635111918443,0.7938232443884734,-0.1882584761324656,0.9036586880683899,0.5069716543723454,0.6375823998207557,0.24984836537516708,0.5133288502693176
273,9.1,0.49165741997790324,0.2233185912892711,0.05062706140268439,0.9983956813812256,0.4914153944794411,0.21253648714991566,0.03494874355905292,0.9986640214920044,0.49004172493979736,0.2125424370733136,0.034648113359936145,0.9986687302589417,0.4888713898622273,0.212639554752074,0.03466192937308779,0.9992478489875793,0.49609570625379784,0.21279877952535942,0.028858072005266414,0.998480498790741,0.4967685242649601,0.21309403834918658,0.02853258569905582,0.998246967792511,0.4968841088197021,0.21326136500518886,0.028437020920779967,0.9987097978591919,0.48594159875676995,0.21853367898377227,0.03154872190235909,0.9994733929634094,0.49324280185224056,0.2187594653754288,-0.017660927882891954,0.9964028596878052,0.4881588450052356,0.23570520875679396,0.04218177038995719,0.998300313949585,0.4927549560011597,0.2363204089013883,0.03328252609551917,0.9971653819084167,0.4681206021900485,0.2914930526653352,0.03547111653703236,0.9999110102653503,0.49252335523858376,0.2991171246420107,-0.03307234702686777,0.9994009733200073,0.4471603272344591,0.3406214548905665,0.04455692034865825,0.7114189863204956,0.49146796441965646,0.369014619660176,-0.049046158909681455,0.6533551216125488,0.46735539747256444,0.35126179330676965,0.02618200344860304,0.6422649025917053,0.47031587081215986,0.3965161880981434,-0.025065665985565443,0.6109201908111572,0.4724531925143325,0.3608002157098948,0.02058384743535703,0.6400747895240784,0.46479528178598195,0.40481995881716387,-0.037825704056501944,0.5912577509880066,0.47535079355970544,0.3538702753947599,0.0010220299852741616,0.6409025192260742,0.4610960174517999,0.4018579042721846,-0.052009460989792713,0.5902774333953857,0.47408829071407854,0.3521315708998728,0.017893195219880573,0.6145102977752686,0.4617130327233582,0.3982336815332447,-0.03466156734682439,0.5661426186561584,0.4677490692449375,0.4715404493712073,0.01674255078318858,0.9999523758888245,0.4787801945795765,0.46520963811885424,-0.017060383782242165,0.9998582005500793,0.4884148161836156,0.5897321540939453,-0.0719083478570102,0.9145705103874207,0.5135804545056895,0.5266648633605504,0.008420425762906095,0.659382164478302,0.4785244443078539,0.7250385664327174,-0.07174219988782833,0.9456261396408081,0.5058292550201773,0.628215133317619,0.16374620583792926,0.5885297656059265,0.47828509605562897,0.7369659660483219,-0.08051767569515884,0.8873001933097839,0.5031026796776528,0.63065278046476,0.17831956897662105,0.5905574560165405,0.4768110252990513,0.7712431847286744,-0.17145151231078845,0.9073261022567749,0.5026688894903255,0.6732007716823559,0.15077069181010724,0.5612400770187378
274,9.133333333333333,0.49389829043983796,0.22193584904843067,0.03724358600672348,0.9985198378562927,0.4924400295736916,0.21081169315547987,0.03289313476536225,0.9987574815750122,0.49087452997809583,0.21092448976563213,0.03259209553632104,0.9987623691558838,0.48946425490178525,0.21115325415899647,0.03257947196504285,0.9992926120758057,0.496511271534653,0.21099875994834025,0.01138937744596168,0.9986087083816528,0.4967333717217911,0.21135521779021832,0.011050018302922111,0.9984052181243896,0.49645193261184745,0.21163963714245634,0.010936163111200431,0.9988250136375427,0.48457915720449735,0.2173319879682883,0.04662549429117671,0.9995083808898926,0.490819125178707,0.21776137439666812,-0.04394125141492152,0.9967372417449951,0.48980017262321984,0.23497481621696004,0.03925420234509229,0.9984247088432312,0.4940429376230743,0.23564591467128124,0.014531520760009157,0.9974159002304077,0.46746239721388444,0.29070332435500607,0.0828951452013225,0.9999095797538757,0.4888515247524256,0.29653181263686057,-0.08202355130101432,0.999457061290741,0.44824048052620624,0.34580518715355235,0.13496340673668444,0.6476474404335022,0.493539932621027,0.3629612383213269,-0.10894103509342828,0.6843354105949402,0.47554401151976555,0.3597556238839661,0.12873668306479097,0.6076312065124512,0.483515299346005,0.39522638607633676,-0.07189942212468274,0.64461749792099,0.4814380061567476,0.3706021665860926,0.13280364669000166,0.614802896976471,0.4805085124494337,0.40316733887909717,-0.08939127558072452,0.6248672008514404,0.4841023748843194,0.36225044983603905,0.10495278026808844,0.6180108785629272,0.47789995110701566,0.3998895385539456,-0.0958342990875516,0.6228218078613281,0.4824872481040261,0.3606985695130823,0.11746505099203672,0.5952613949775696,0.4771290953249666,0.3965413727999659,-0.07723194203357851,0.5949671268463135,0.4665382424505868,0.4704901805723688,0.04564245673873486,0.9999555349349976,0.47301192579301266,0.46615135227991444,-0.04590673632112218,0.9998714327812195,0.5011076874252695,0.5687924427160426,-0.0283897868276013,0.8999637961387634,0.5035421609580039,0.5436202018591343,-0.0335746842182778,0.6924961805343628,0.4798662718095581,0.7015548118594095,-0.004980681227642454,0.9200533032417297,0.4982766809102017,0.6565383373996588,0.09636199876672247,0.6290833950042725,0.47737840318945374,0.7112554551787584,-0.010058874193472227,0.862848162651062,0.49606534638595023,0.6613839331742045,0.10848372799314192,0.626806378364563,0.47514576032798733,0.7492147426308982,-0.08633656454487687,0.8916745781898499,0.4986003906845019,0.7013065090548629,0.06873487687223045,0.6034350395202637
275,9.166666666666666,0.4949537332163091,0.22120116367163165,-0.0029390963687805326,0.9986656904220581,0.49279508752248435,0.20965681039983197,0.0009483673413170739,0.9988797307014465,0.4913446010942677,0.20979066300620244,0.0006257983146128361,0.9988844990730286,0.4900155962120052,0.21006113705253435,0.0006201714537780456,0.9993621110916138,0.4957448171864082,0.20996649303331286,-0.025710599393573147,0.9987460970878601,0.49551189596643586,0.21041846005524717,-0.026048918980830255,0.9985633492469788,0.49487397544101697,0.2108267227091537,-0.026178927578945296,0.9989407062530518,0.484097576370689,0.21639333035870667,0.0522186111151484,0.9995570778846741,0.48816227292096775,0.2173238149591331,-0.07238809959257635,0.9970600605010986,0.4908015667122821,0.23460241444822016,0.011012052136574496,0.9985811710357666,0.4938105155396566,0.235455486273089,-0.021693454438403603,0.9976725578308105,0.46845623531525105,0.29102139158017437,0.10129528163927554,0.9999181628227234,0.4847529750859201,0.2946545078343924,-0.12045107744184623,0.9995082020759583,0.4567565791956821,0.3509576418189818,0.17301929244109635,0.6672520637512207,0.4885271731642403,0.34899968298492223,-0.21100639234129595,0.7120330333709717,0.4919725867568531,0.3677820881157499,0.15757731191087593,0.6462562084197998,0.486422744574092,0.3628968047186399,-0.24718340231597197,0.679427981376648,0.500407354894259,0.3784316309547714,0.163708703322471,0.6527093052864075,0.48300772515628404,0.3622609648941878,-0.28401896475014266,0.6615296006202698,0.5030940269157324,0.3708804529434621,0.1276006019905782,0.6557689905166626,0.48305620407390965,0.3603991358724847,-0.2815161272903663,0.6596112847328186,0.5004089035954056,0.3693227613031209,0.14282561906289742,0.6352266669273376,0.48648898173063904,0.3609814471936044,-0.2512278773992978,0.6337002515792847,0.4662983493580454,0.46974010139994576,0.06581864708723835,0.9999558925628662,0.4680243686578147,0.4669036481283094,-0.06601421088738019,0.9998812675476074,0.5096523282905373,0.5617821774463804,0.04653779573936452,0.8350716233253479,0.49555295962076096,0.5569367490582289,-0.0875039103894592,0.7222272753715515,0.4773829459879983,0.6828421847117359,0.13491551055796477,0.8519037365913391,0.4929470766916283,0.6783810258525744,0.02202645365803274,0.6651902794837952,0.47391103381894856,0.6905147067941559,0.1370523217099028,0.7981979846954346,0.4911196931668315,0.6850823804626107,0.03137486669520725,0.6555762887001038,0.47012155933974953,0.7294423680116544,0.06843064750843401,0.846702516078949,0.4949102639197438,0.7256293691636116,-0.03419598720635356,0.6412107348442078
276,9.2,0.4947423256928369,0.2205913123597564,-0.06069945856794079,0.9987978935241699,0.4927731056020527,0.20879866239982556,-0.049857610567684334,0.9989907741546631,0.49197557364912403,0.20892059326456414,-0.05019137255217085,0.9989948272705078,0.4912740005787154,0.20918040862447024,-0.05018154162398815,0.9994249939918518,0.49369990628711513,0.2091753552889166,-0.07910671242823226,0.9988706111907959,0.4927944870165563,0.20967399323158425,-0.07944446968016593,0.998706042766571,0.49151737549810715,0.2101574227487059,-0.07959747342054785,0.9990455508232117,0.48594350528033137,0.21554595023655443,0.03161666020110545,0.9996004700660706,0.4840268240875082,0.21686518423059312,-0.10739122051032256,0.99735027551651,0.4917420394967891,0.2340501250197087,-0.03468326589183979,0.9987195134162903,0.49251265886201745,0.23507460891996884,-0.0720770631607722,0.9978998303413391,0.47148302399008335,0.29158909762471164,0.10873005049525017,0.9999237060546875,0.4808234997425675,0.29329796848617856,-0.15881395240043017,0.999545693397522,0.46734002104696415,0.35458219915439626,0.18485641549987092,0.6295211315155029,0.4877271003210467,0.34341236290405924,-0.2854967050370398,0.6898201704025269,0.509502548816832,0.37380850668028587,0.15128217738411245,0.6603299975395203,0.492822790476659,0.3526241095175222,-0.3641220979382964,0.6487894654273987,0.520826279138464,0.3853786365861721,0.15571515185056692,0.6670145988464355,0.4906127903792711,0.34921864407692194,-0.4144404684850367,0.6314321756362915,0.5236997222697516,0.3794767902740415,0.12335655174426215,0.673086941242218,0.491707888622208,0.3491615699885263,-0.4074845548241087,0.6292004585266113,0.5196136665559967,0.3770328678754666,0.1364524148019454,0.6526574492454529,0.49479776904565814,0.350548978737047,-0.3674525853712464,0.5931049585342407,0.46721583009123463,0.46793040135899877,0.08423909984884037,0.9999575614929199,0.46498751185669834,0.4654924244550889,-0.08438160967237257,0.9998915195465088,0.5051865227808392,0.5564595805389587,0.12900437686819324,0.762193500995636,0.4906433012882623,0.5671262042128019,-0.14055622389773295,0.7494984865188599,0.4774315025292416,0.6669987836236165,0.27924256456578844,0.787492036819458,0.4887197665101161,0.6965583375671164,-0.06971808533227478,0.6982261538505554,0.47313816163200784,0.6762097383333,0.28816839419540263,0.7414800524711609,0.4858491893702868,0.7048403119338981,-0.06502295165094091,0.6846781373023987,0.47052542350399257,0.7105359937861119,0.22865668486315835,0.7929960489273071,0.49323035348473915,0.7458921414590359,-0.1561548765380883,0.6760516166687012
277,9.233333333333333,0.4940274694119304,0.2199567563078601,-0.11333776596726025,0.9989159107208252,0.4929323546289699,0.20821401975300832,-0.09514683271457161,0.9990890026092529,0.4929687976747277,0.20832701675324294,-0.09549078234904655,0.9990914463996887,0.4930809942403165,0.20856564684009782,-0.09546105551982204,0.9994803071022034,0.49143407828149854,0.20860135345432837,-0.12390836001307418,0.998981237411499,0.4898011016052183,0.2091272577240715,-0.12426139854114206,0.9988327026367188,0.487897770674257,0.20966321929353474,-0.12443273109884356,0.9991379380226135,0.4891003519038909,0.21487891947669546,0.011983833763723256,0.9996370673179626,0.48025676495850655,0.21653109936047693,-0.12379609412481699,0.9975962042808533,0.4925520761196461,0.23350865536829343,-0.07632262503495038,0.9988430142402649,0.4906259540421696,0.23469338660953792,-0.1140191855357401,0.9981005787849426,0.4783060210484761,0.29518840861534273,0.10970303285029886,0.9999287724494934,0.47595024749831294,0.2923580504763874,-0.16984509305086748,0.9995148777961731,0.48760151200657725,0.3571744651935137,0.19672764730683842,0.6647123694419861,0.48451561468472965,0.3381769346431462,-0.3300325669222434,0.6799618601799011,0.5327842530482422,0.37991542784298626,0.15484317804803416,0.6938154697418213,0.4946830396401463,0.34651231711238567,-0.47557365024348724,0.6533440351486206,0.5449866012457284,0.3931803884466757,0.1587082094574506,0.6994144320487976,0.49334776353880094,0.34339103907465784,-0.5397090886526263,0.6345527768135071,0.5473090644776295,0.3885907095247092,0.12002427997639445,0.7050784230232239,0.4956837856179317,0.3425697638860071,-0.5322278023562264,0.6338675022125244,0.5424857113504848,0.38529021730403384,0.13787296842295876,0.6864968538284302,0.49819685373290684,0.3440127816944651,-0.48024486815962597,0.5884557366371155,0.47030074104488395,0.4693100352192573,0.09025894269048598,0.9999553561210632,0.4590333224161417,0.46463174732901535,-0.09039046207001254,0.9998762607574463,0.5000086136083154,0.5679791493787427,0.12194353900754461,0.7737541794776917,0.4828330453961458,0.5749886579346623,-0.23833033191230707,0.7673308253288269,0.47374311569707706,0.6848694993448479,0.2781241672091065,0.8047874569892883,0.48473117841608926,0.6906449832912746,-0.11922330489250976,0.6994556188583374,0.46800153309445336,0.6955794599757312,0.28374871213468505,0.7479730248451233,0.4817664610929197,0.7006617759702466,-0.11016333199818765,0.656002402305603,0.47202990258175903,0.7298595999267807,0.18194375169460675,0.8077853918075562,0.4912382132961751,0.7397735122571336,-0.21670271460487744,0.6796141862869263
278,9.266666666666666,0.4929214098198956,0.21950007798819454,-0.15168107424362354,0.9990159273147583,0.4924856893480992,0.20831527308132441,-0.128257921137774,0.9991697072982788,0.49321454364042894,0.20852844408936907,-0.12860588233990988,0.9991649985313416,0.4940356540672626,0.20884528246892142,-0.12856337666362672,0.9995228052139282,0.4890770660942427,0.2086440987513497,-0.15547915288166153,0.9990757703781128,0.4869460486223687,0.2092345047845208,-0.1558450217445792,0.998940646648407,0.4845795237626629,0.20984914286917136,-0.15603638107326812,0.9992162585258484,0.4914314478026976,0.21528770078631995,-0.004090631940227844,0.9996581077575684,0.4771448747748638,0.21700462643748014,-0.1326784396218164,0.9977989196777344,0.49278994114372726,0.23329057488575458,-0.10768582158002821,0.9989463090896606,0.48889497595985126,0.2346350884791778,-0.14408897721934144,0.9982699751853943,0.48629534111952644,0.2996712041560617,0.10597865540356016,0.9999294877052307,0.47111216878409135,0.2931589694922277,-0.17504554357452845,0.9994874000549316,0.5068459589675722,0.36004092944310123,0.20253016166181714,0.6950749158859253,0.4823247074564705,0.33583715451470364,-0.3626860109747282,0.6873152852058411,0.555092124066436,0.3860938819504422,0.13437995570693653,0.7233189940452576,0.50094753027606,0.3448513267623063,-0.56104037809333,0.6786928176879883,0.5681682463111455,0.4007784606239152,0.13572697871564574,0.7277870774269104,0.5019729486478072,0.34187669880724403,-0.636481425064008,0.6588506102561951,0.5702486078363165,0.3971664391887119,0.09155911400511048,0.7332282066345215,0.5060189830777898,0.34067071172958563,-0.6275835165661833,0.6583940386772156,0.5648952044822393,0.3932073954669265,0.11542514217372528,0.7160403728485107,0.5075523136423943,0.3420895091748278,-0.5662415128352785,0.6077970862388611,0.47326413951183544,0.47433867819089326,0.09378266802369176,0.9999485015869141,0.45314911021312615,0.4658862440653581,-0.09387781447484575,0.999851644039154,0.49445431137428425,0.5820163887752662,0.10651215505611941,0.7817867994308472,0.4644255784181946,0.5630859530566568,-0.3233966718621605,0.7789182662963867,0.4691560674131714,0.7031064146925643,0.26758293957661844,0.8200462460517883,0.4714571650073436,0.6745618956885907,-0.15512729428232774,0.6701990365982056,0.46253824388210707,0.7151942069121491,0.2714990582994957,0.7481135129928589,0.4706552056685642,0.6836413141054004,-0.14114182024021776,0.6138198971748352,0.4711365063716994,0.748485831506488,0.1467043904656813,0.8182864785194397,0.47511063603849335,0.723757403820333,-0.25259352000750507,0.6543645262718201
279,9.3,0.48945084806121725,0.22237211237359528,-0.18712023324046526,0.9991114139556885,0.4900561901601363,0.2114555076340448,-0.16149182768469744,0.9992470145225525,0.4914215863401182,0.21167693251451009,-0.1618475377263784,0.9992408752441406,0.49287405562995584,0.2119795299320321,-0.16179691259396603,0.9995660185813904,0.48518106540423533,0.21163658472401847,-0.1840842347619408,0.9991632103919983,0.48277092888942896,0.21213110247474712,-0.184451921878717,0.9990411400794983,0.48022532908278376,0.21263063121975181,-0.18464580359119798,0.9992883205413818,0.4919416744134818,0.21816212646124203,-0.02770491310572848,0.9996868968009949,0.4737066908428891,0.2193793127124141,-0.13660239065565907,0.9979885220527649,0.490508591901767,0.23633044727608274,-0.13887154487425837,0.99904465675354,0.4849908940987976,0.23749132370869264,-0.16969688927600218,0.9984270930290222,0.4936627494891435,0.30419592101353266,0.08238064694674678,0.9999339580535889,0.46482446330843363,0.2957214881505871,-0.16484058134159854,0.9994474053382874,0.5241770487161433,0.362755717100953,0.16316342302819145,0.7246888279914856,0.47452428423185594,0.33450839370446606,-0.3687114244674443,0.6956067085266113,0.5757591527215299,0.39221625315076947,0.08466859262505928,0.7504517436027527,0.49685104014206377,0.3421428055169927,-0.6091117690583298,0.6843065023422241,0.589764794376715,0.4077658204294772,0.08125308608086441,0.7538821697235107,0.4988031109910626,0.339589440232548,-0.6899037908083638,0.659461259841919,0.5920215071629975,0.40481002706835023,0.03590480735125729,0.7590152621269226,0.5042612263684586,0.3375124845264361,-0.6821966358352584,0.6600468158721924,0.5859903411262879,0.40048982126547994,0.06520873569052255,0.7431864738464355,0.5052317274660181,0.3389444219617094,-0.6159647526665384,0.6052268743515015,0.47377332123822413,0.47863688046983877,0.0815821571999964,0.9999382495880127,0.4496872173784596,0.46741251009553286,-0.08169266262603903,0.999812662601471,0.4896104494156482,0.595388069774495,0.07064141490116459,0.7915094494819641,0.445166120661622,0.5541359623917858,-0.3451875200178105,0.7837627530097961,0.46442138886933754,0.7203780915750273,0.22287760985505164,0.8326632380485535,0.4436215212380161,0.6667951109393973,-0.15778477948976288,0.6663362383842468,0.45712741987133265,0.7333261903282995,0.22562779663228996,0.7375498414039612,0.44475280164844444,0.675638902771303,-0.14260822815547497,0.5885955691337585,0.46634282686227224,0.7661418563736496,0.0811603108501715,0.8276400566101074,0.44262894074887454,0.7122990303216579,-0.263631155411703,0.6533026695251465
280,9.333333333333334,0.4815215120221066,0.22559265578389331,-0.21553158635170672,0.9991961121559143,0.4850048230386681,0.21480768862914398,-0.18984741477370332,0.9993147850036621,0.4876114870947365,0.2150886771698654,-0.1902116540799355,0.9993073344230652,0.49014006654365183,0.21544932278099235,-0.19015462914417963,0.9996033310890198,0.47714691960013933,0.2147826806283912,-0.20657688865527019,0.999239981174469,0.47395962700328786,0.2151508604509539,-0.20694760017591998,0.9991299510002136,0.4707825361983358,0.21550383835155637,-0.20714206078159514,0.999351441860199,0.49144155076787627,0.22147354683160148,-0.053797038521176274,0.9997117519378662,0.4673200101282685,0.22171337597960417,-0.1387513942715079,0.9981549978256226,0.4853962100509928,0.23951521469466291,-0.1658351774518147,0.9991291761398315,0.4772608352929848,0.2405072369365221,-0.18927038914988037,0.9985594749450684,0.49984533173662005,0.30849988647889975,0.05075627238813693,0.9999362230300903,0.45704884264494405,0.2978314364714332,-0.14607085152446966,0.9993983507156372,0.5381890899660187,0.36506762988939934,0.11362426395903613,0.7510040998458862,0.4660296976545436,0.3321106674862876,-0.35177014681133595,0.710810124874115,0.5923716798071466,0.39731959396662686,0.02827922088300608,0.7741672992706299,0.4890385979861223,0.3295721786361029,-0.6149035605340563,0.7053018808364868,0.606788035668947,0.4137017100916336,0.020645174210447342,0.7760444283485413,0.491021554837912,0.3253622641933219,-0.695806254485572,0.6783879995346069,0.6091086464015633,0.4111090516183835,-0.024854051200677758,0.7811212539672852,0.49632770982333385,0.3223179931610167,-0.6915673395374904,0.679779052734375,0.6027251945498786,0.40633904940791604,0.008795933449748522,0.7662436962127686,0.49713864640670435,0.3245640397458941,-0.6239037911694584,0.6268470287322998,0.47457031835129737,0.48233585255091505,0.06416504830278572,0.9999225735664368,0.44184314916913897,0.4688005515895899,-0.06429493001137947,0.9997757077217102,0.48053873130900404,0.6061650543371753,0.04164883515957525,0.8023393154144287,0.42858246148904044,0.5478469914331223,-0.34734077573446703,0.7923399209976196,0.456851507065346,0.7342963526806924,0.18924041374378775,0.8433530330657959,0.4198394218566329,0.6621048636518599,-0.12760121623766374,0.6662893891334534,0.4493773979344275,0.7473345987018715,0.19169789406878626,0.7252519130706787,0.42173128188950265,0.6711737521193116,-0.11094781107310099,0.5713942646980286,0.45955756470167564,0.7809084539087848,0.03619760281659652,0.8354135155677795,0.41405447569090653,0.7050023154227371,-0.23733034234969608,0.6555456519126892
281,9.366666666666667,0.4771516257530407,0.23213678469896587,-0.23617902205841712,0.9992696642875671,0.4828618665498195,0.22136456096531076,-0.2110145399253895,0.9993725419044495,0.48622722626034787,0.22169528776979272,-0.21140207234045316,0.9993651509284973,0.4894417470540344,0.22208538837308206,-0.21134900732879197,0.999634861946106,0.4732188784545509,0.2211100717073958,-0.22292452604072713,0.9993048906326294,0.4694481509860877,0.2213414800729085,-0.2232954881803125,0.9992067217826843,0.46554081298437344,0.22157550050472236,-0.2234922134097513,0.9994032382965088,0.4922129793620713,0.22807583899477535,-0.07487377298262445,0.9997345209121704,0.46406492997778137,0.22756874167657776,-0.13928967784170165,0.9982830882072449,0.48291952355111684,0.24614365369886074,-0.1857646599471393,0.9991980195045471,0.47275197284021403,0.24678893211235847,-0.2029994982467535,0.9986588358879089,0.5053321900770208,0.3139191449450464,0.02285195757183906,0.9999392628669739,0.45120185201687835,0.3038664131522367,-0.1245252316817312,0.9992193579673767,0.5514303470698686,0.3677311756143574,0.07505191541568716,0.7748064994812012,0.4635091793154992,0.3395817232406008,-0.31681160696786653,0.6801027059555054,0.6088198596657568,0.4016795349331166,-0.016890874119581928,0.79570472240448,0.4880525934537895,0.3396876227135672,-0.5901618033901467,0.6778659224510193,0.6234647758915237,0.4184399138657681,-0.029744495613548878,0.7964084148406982,0.49103164452957526,0.33706216742573103,-0.6687152166949658,0.6563165187835693,0.6259464688311042,0.4161156450466244,-0.07514259289194447,0.8013289570808411,0.49592358895306227,0.33279303132565785,-0.6695313294767975,0.6598891019821167,0.6193472532305495,0.41120067129753785,-0.03652349857822343,0.7875060439109802,0.49625699282993363,0.3343543536985142,-0.6013238207496314,0.6056305766105652,0.4772108632512896,0.48749240302780483,0.044158326282519596,0.9999050498008728,0.4388986229801102,0.47332909531253065,-0.04433798467094928,0.9996698498725891,0.4767754170318114,0.6169942732971129,0.01190492093096706,0.8184635639190674,0.4151907585231108,0.5421275184249095,-0.26457713406170896,0.7547218203544617,0.4545633236762622,0.7478981842650638,0.14862826137787882,0.8532108664512634,0.4000854304245186,0.6478844638967726,-0.03744539102893697,0.6386327147483826,0.4482678540751344,0.7612967455941237,0.15051796666522527,0.7235044836997986,0.4018998373813257,0.658466945061137,-0.020206572723607846,0.5458842515945435,0.4533141319532191,0.7933438492351814,-0.013457243112869294,0.8419913649559021,0.3890906728720754,0.6843579484321193,-0.14121708516744053,0.6301363706588745
282,9.4,0.4749940487316589,0.24194350657910382,-0.2642834191348076,0.9993426203727722,0.4822723244923346,0.23096566316549863,-0.23976027468724748,0.9994351267814636,0.4861118785699443,0.23122539436241907,-0.2401496357679235,0.9994284510612488,0.4897264231071865,0.23155492795111354,-0.2400738679164634,0.999671220779419,0.47147782793401427,0.230773665934809,-0.24582915386552662,0.999374270439148,0.46746535489650615,0.23098111249428882,-0.24620566442462694,0.9992859363555908,0.4632664645507257,0.23121582868471585,-0.24638597479962637,0.9994626641273499,0.4938174969695636,0.2375328383246506,-0.10633863854648494,0.9997609853744507,0.4633128500067126,0.23713853255287995,-0.14273882263632398,0.998454213142395,0.48241920952078776,0.25586717826858657,-0.21458242677388287,0.9992780089378357,0.4705485731744947,0.25621233021514295,-0.22429480288487572,0.9987925887107849,0.5109687550280376,0.32166762660450854,-0.01597464141664493,0.9999450445175171,0.4480136720799216,0.31359534905616043,-0.09785509170427281,0.9992889165878296,0.564096317361804,0.37050142884424697,0.009072701386578334,0.7971491813659668,0.4480178265307362,0.34546970476393246,-0.20444275631316372,0.689405620098114,0.624009288023482,0.40443573790100174,-0.09660123586507834,0.8160723447799683,0.4590027959288837,0.3463771093357295,-0.4001272700240741,0.7019756436347961,0.6393092028416836,0.42119615476441086,-0.1124516099250878,0.8166042566299438,0.458813004208512,0.3443572625416724,-0.45846199024538364,0.6779221892356873,0.6419631873142105,0.41927137100515155,-0.15635606693808987,0.8210609555244446,0.462146193006079,0.33971043773992743,-0.4684612701223247,0.6826110482215881,0.6348963519494258,0.4143741495635671,-0.1158633706824361,0.8085657954216003,0.46341729230710726,0.3411532949983065,-0.41256011495916634,0.6342008113861084,0.48035069087107185,0.4944883167095501,0.025671244676280736,0.9998907446861267,0.4394769187602441,0.47998668414715967,-0.025875938965915755,0.9996336698532104,0.47606547026958534,0.6266652836137655,-0.01761965518692006,0.8317354321479797,0.4067323058072462,0.5363371041394442,-0.2579945636676994,0.7704176306724548,0.4541723386184356,0.7588853889188851,0.10027834409503497,0.861659824848175,0.37655854921069126,0.6309936157880307,-0.06602958240269291,0.6527777314186096,0.4486898899003657,0.7723836788243018,0.10070396996273974,0.7342305779457092,0.376455949091105,0.6429079036054867,-0.052120776312781364,0.5639363527297974,0.4506420760181963,0.8026733438729569,-0.06606402257074999,0.8529934287071228,0.3597558009219573,0.6585587924542973,-0.17266898877865605,0.6539914608001709
283,9.433333333333334,0.4737584369445223,0.25156034385804893,-0.2756822300509897,0.9994081258773804,0.48138281922702497,0.2405039036733541,-0.250623154910061,0.9994907975196838,0.4854684878072768,0.2406643659874652,-0.25099850039811245,0.999484658241272,0.48937643864612224,0.24094067197731167,-0.2509097146708793,0.9997032880783081,0.47061896560489525,0.2404657109573459,-0.25471560547034705,0.9994363784790039,0.4667812478601709,0.24064361905348305,-0.25509692751669755,0.9993569254875183,0.46270257449414764,0.24082215299340018,-0.25527242960320246,0.9995158910751343,0.4941112166345564,0.24677284947618208,-0.11668337049851381,0.9997837543487549,0.4630910741672473,0.2465746035006619,-0.14155673404217928,0.9986065626144409,0.481644949405616,0.2652623839634104,-0.2253193360543876,0.9993487596511841,0.4696328395702079,0.26538325364080156,-0.23260467957735004,0.9989112615585327,0.5155498718142405,0.32970414638341206,-0.028745434084559512,0.9999488592147827,0.4456365577540858,0.32294080809658593,-0.08527516088850537,0.9993458986282349,0.5751534921408387,0.3746067731002009,-0.015017245347195965,0.8171647191047668,0.43108329821966307,0.35152120330710546,-0.17886029193490463,0.7165194153785706,0.6378481841172889,0.4054749758798831,-0.13335617669962652,0.8342107534408569,0.42525793496856346,0.35299772780703204,-0.35740790696451985,0.728913426399231,0.6547402608890834,0.42231443506803357,-0.15129184533431272,0.8342234492301941,0.42017261873018036,0.3524779836326016,-0.4164601439664856,0.7039779424667358,0.6576183479410022,0.4211459771830056,-0.19574575795379023,0.8384051322937012,0.422316049284111,0.3466699024296245,-0.32503088049688433,0.7091438174247742,0.6498877934629221,0.4163173203680781,-0.15340346424016824,0.8270838856697083,0.42519115026535453,0.34789387902065055,-0.3450626496998556,0.6657832264900208,0.4830866141714915,0.502390842010547,0.01784336545022778,0.9998929500579834,0.44031154095039815,0.4878069130591812,-0.018058648597574372,0.999652624130249,0.4765858072762934,0.6357508294125099,-0.028484486143560903,0.8411310315132141,0.40054703586259327,0.5358917944310972,-0.2903466298449987,0.788299024105072,0.45395539954888303,0.7688134586954014,0.08164775529128582,0.8698943853378296,0.3810061870172679,0.6266879507034081,-0.11502285223866997,0.6420356631278992,0.44860460339452785,0.7822418219089544,0.08157087117902087,0.7436911463737488,0.38251977546759564,0.6386528862829306,-0.10247061147548048,0.5576949119567871,0.4498144827085893,0.8112027532124342,-0.08677407476608867,0.861364483833313,0.36829229386609874,0.6519272989133221,-0.2265350015639343,0.656460165977478
284,9.466666666666667,0.4756787131661353,0.25889972470350464,-0.32731113544568424,0.999467134475708,0.4835537102940911,0.24784895186072967,-0.3027537648034472,0.9995409250259399,0.4878218174899209,0.2479779208369942,-0.3031286444633784,0.999535322189331,0.4919873478888628,0.2482364681593504,-0.3030381007074683,0.9997321963310242,0.4725733674789964,0.24785394935826577,-0.3037318617404297,0.9994921088218689,0.4687621657901173,0.24801633240572712,-0.3041206418722911,0.9994206428527832,0.46475961673159544,0.24816963105727818,-0.30429386913200995,0.9995635747909546,0.4984424555342578,0.25402819689355993,-0.16589698923941953,0.9998047947883606,0.465098664050084,0.2538653306376889,-0.17483918489401204,0.9987434148788452,0.4836868140954796,0.2724982900075892,-0.27529200385195207,0.9994131326675415,0.471251266701356,0.27252442544129296,-0.27836227531125035,0.9990186095237732,0.5210006821045294,0.33640743042053084,-0.07655779040136204,0.9999531507492065,0.44438880924225105,0.3304442879238015,-0.09769474596198333,0.999397873878479,0.5844936712866468,0.3764726421020341,-0.07105293352168203,0.835357666015625,0.4131128462310416,0.35646209138318796,-0.16686057928477216,0.7441173791885376,0.650029650475027,0.4030332555470044,-0.19997561428406335,0.8506768345832825,0.39033617139727,0.35904232989964047,-0.35736651199967356,0.7542290687561035,0.6673833499445377,0.41884313393312395,-0.22364939261914424,0.8504111766815186,0.3820665934331227,0.35907130288535866,-0.4111807616071728,0.7287907600402832,0.6703813719631977,0.41778671446006177,-0.26887291676898906,0.8542615175247192,0.38321683210142665,0.35330996124879144,-0.34416030949126664,0.7342725396156311,0.6623862199830852,0.41312371638157513,-0.22108314996080047,0.8440250754356384,0.3872217695154149,0.35450999220684026,-0.3529244811763126,0.6955466866493225,0.48760578902051055,0.5095239849010735,0.0064749155345070536,0.9998928904533386,0.4437284670031332,0.494769624551685,-0.006750766068303076,0.9996610283851624,0.47907462182115856,0.6445134962226279,-0.04274549886532197,0.8551162481307983,0.38258565635890085,0.5378085061931883,-0.2234306801397582,0.7928949594497681,0.456258542685757,0.778207038926142,0.07176240162845238,0.8795849084854126,0.34704823057780887,0.6192274815713612,-0.029576386663779007,0.6572436094284058,0.45129527462961894,0.7917504546324737,0.06670444964878708,0.7548629641532898,0.34981150397436994,0.6338269967396875,-0.015699569146730263,0.5699516534805298,0.45196172253309597,0.8188478882731496,-0.09685576964004723,0.8715826869010925,0.3318270166639466,0.63961698255339,-0.14267952616991925,0.6735047101974487
285,9.5,0.47559424464840494,0.2625901091451164,-0.3599454740538362,0.9995203018188477,0.4831599898779966,0.25145990942504104,-0.3351490026886465,0.9995863437652588,0.4874650124137204,0.25153685437604273,-0.33552241729222987,0.9995812177658081,0.4916932274697689,0.251745722709363,-0.3354293144513951,0.9997584819793701,0.47247865693650504,0.2515710282666579,-0.3350237549523726,0.9995425939559937,0.46883586107320646,0.25175265163799454,-0.33541734049577115,0.999478280544281,0.46501877585452245,0.251895987044363,-0.3355884902572336,0.9996069073677063,0.49797301560119517,0.25740295563152044,-0.19493901540466474,0.9998239278793335,0.46426354099406064,0.25747615115681954,-0.1973651194662966,0.998867928981781,0.48326062095401423,0.27600398035007,-0.30639385628728716,0.9994714260101318,0.4712723999108339,0.27621613706658665,-0.30792280317026194,0.9991161227226257,0.5233709200264989,0.33936305857237675,-0.10318948934666958,0.9999573826789856,0.44007171130039546,0.3349098996439516,-0.10749107912055496,0.9994528889656067,0.5905309640298703,0.3750175770422187,-0.09958039781794129,0.8517677187919617,0.3968241954546665,0.35822536241177766,-0.15818663308463496,0.7692953944206238,0.6591304541227445,0.398312800203033,-0.23482573928623562,0.8655670881271362,0.36176291456592585,0.3617980250530404,-0.3646899402983498,0.7784409523010254,0.6768148732264639,0.4136491320138776,-0.26129809699792084,0.8652074933052063,0.35065709780694265,0.361451050261392,-0.4166622286677175,0.7548508644104004,0.6797859646715014,0.4126189462391952,-0.307502386264287,0.8687095642089844,0.3509147379570416,0.3562438911792159,-0.37418582707730735,0.7599726319313049,0.671769621882414,0.4080652082286463,-0.2567207889794795,0.8594817519187927,0.35589277833546973,0.357567352424106,-0.36745975965575917,0.7250509262084961,0.48809681866852883,0.514191137593751,0.00030940235996520724,0.9998986721038818,0.442679407191981,0.4988332526834417,-0.0006171620633781067,0.9996861219406128,0.4776251690931599,0.6514653206223365,-0.04554714333741683,0.8685666918754578,0.36584480514922696,0.5388387085433304,-0.19117436469006147,0.8110048770904541,0.4551892829652672,0.7839643827200916,0.09623755019897151,0.8880348205566406,0.3125694708300388,0.6112460048351867,-0.001375783612508754,0.6865057349205017,0.4501685883742073,0.7973835049814137,0.0946798293671427,0.7652320861816406,0.31243721111412415,0.6257513864452998,0.011832772984537098,0.599072277545929,0.45092963161470745,0.8240223010710809,-0.06948225525985915,0.8801814913749695,0.2889791791430067,0.6257298193038945,-0.11842554894389518,0.7014684677124023
286,9.533333333333333,0.4767673881207424,0.26559332273211017,-0.37650648843562934,0.9995681047439575,0.48402371911171005,0.2546169914849994,-0.35189061782201514,0.999626874923706,0.4882987701120879,0.25469849997680816,-0.35226248270350147,0.999622106552124,0.4925187776571518,0.25488362762171024,-0.3521706879160661,0.9997818470001221,0.4735904232879591,0.2547888135617793,-0.3509687317792219,0.9995877146720886,0.4700873417204428,0.2549840196479208,-0.35135974506130463,0.9995298981666565,0.46640284144374433,0.2551181261295786,-0.3515243680261569,0.9996455907821655,0.4983365374348816,0.2604679702904204,-0.21159323123208995,0.9998408555984497,0.4647808248152317,0.26056078175325803,-0.209166852198658,0.9989786744117737,0.4840324640867272,0.2789915267874542,-0.3227768742923008,0.9995235800743103,0.47245493068207056,0.2793744291701704,-0.32316103291517817,0.9992032647132874,0.525738582245743,0.3421509806107406,-0.12091185864574666,0.9999610781669617,0.4379797417829787,0.33885281464737993,-0.11150638678397072,0.9994997978210449,0.5957035817517896,0.37429493596304736,-0.11943901991903255,0.8665010333061218,0.3854019496168888,0.36010786662767447,-0.15307708824873242,0.7916757464408875,0.6663913032793061,0.3951561957422723,-0.2582244900994651,0.878938615322113,0.3400731002770412,0.36454600919444213,-0.3642512389895728,0.7999143600463867,0.6840616782993578,0.41015684612988973,-0.28680202646763475,0.8784213662147522,0.3267198894817281,0.3636661443010152,-0.41284930725419977,0.7775012254714966,0.6869983292644148,0.4091735392437306,-0.33288814690681584,0.8816337585449219,0.3262612786716659,0.3590628244655778,-0.38984624876294394,0.782461941242218,0.6790234534161205,0.4047414919281961,-0.28039999553868006,0.873304545879364,0.33214865940963567,0.3605665307037489,-0.37411492843735883,0.7509798407554626,0.4893239608008265,0.5181605282259152,-0.0048062842226294445,0.9999011158943176,0.4430612215228722,0.5024593082436817,0.0044659710582386596,0.9997009038925171,0.4774420345463658,0.6569461887660074,-0.047482115788687274,0.879260241985321,0.3540307482982392,0.5402557237901656,-0.15300640588788275,0.8172298669815063,0.4552220335487621,0.7897563940675616,0.10460041910266887,0.8919399380683899,0.2881893828117393,0.6055368745711434,0.03457135521266108,0.7007003426551819,0.4502058484715117,0.8029009949795456,0.10500396490440912,0.7664317488670349,0.28858514936252233,0.6207305756915824,0.04732022837867214,0.6082687377929688,0.4515150380688914,0.8292842640783012,-0.05859170148993365,0.8847207427024841,0.26020537720155035,0.6153955644711461,-0.08311862679606025,0.7169786691665649
287,9.566666666666666,0.4770512183033818,0.26202714190937604,-0.3997640773386092,0.9996112585067749,0.48406224423883226,0.2510136692288858,-0.3759576188470912,0.9996639490127563,0.48830962041904513,0.251094394225156,-0.37633213026206797,0.9996596574783325,0.49250398083858726,0.2512492598608216,-0.37624188191201735,0.9998034238815308,0.4738972600743319,0.2510767114820339,-0.37396806430970664,0.9996287226676941,0.4705676343057082,0.2511525924574278,-0.3743564543125994,0.99957674741745,0.46705525472345566,0.2511129175427709,-0.37451314166506394,0.999680757522583,0.49804259939065354,0.2567042335468722,-0.23534484387494986,0.9998565912246704,0.464841855363727,0.256205599180099,-0.22713305810999815,0.9990798234939575,0.48409043270373375,0.27534598490483064,-0.34549656360431225,0.9995709657669067,0.4726940474620918,0.2757311346093209,-0.3444130332684427,0.9992824196815491,0.5262669504628922,0.33749794621538176,-0.14468351454454864,0.9999647736549377,0.4358710783476159,0.3359879126457351,-0.11767464616336018,0.9995433688163757,0.5984950162186193,0.3673801830064853,-0.141834085862535,0.8797833919525146,0.37796011940995006,0.3599751548120212,-0.15057736498647561,0.81131511926651,0.6704819494621284,0.38614606063905865,-0.27983060394971193,0.8909884691238403,0.32721748068565243,0.3679334329289817,-0.36080001317560134,0.818282425403595,0.6883614230203938,0.4005954407891795,-0.310258464687302,0.8903759121894836,0.3115884522827479,0.36799488916231204,-0.4063095630895404,0.7958320379257202,0.6914133384359433,0.3994614987049683,-0.3559756173334585,0.8933139443397522,0.31072806255300656,0.36406629268362944,-0.4018557254099058,0.8010494112968445,0.6833422615092095,0.39526806488199917,-0.30200025803950276,0.88579261302948,0.31714844517735635,0.36529572532464444,-0.3767564196188083,0.7728148698806763,0.489430283166987,0.5150410725106151,-0.011239518907193633,0.9999006390571594,0.44320233097262607,0.4990605100348933,0.010860849172895913,0.9996950030326843,0.4760938052379348,0.6565079473083215,-0.06180079236607988,0.8901053667068481,0.34717903274173456,0.5348777719388257,-0.10484232863253515,0.8067530989646912,0.4542174351562849,0.7920428476805359,0.08106832665062802,0.8997924327850342,0.27555166830496197,0.5992086162395536,0.10118691487401266,0.6898084282875061,0.4495264864970706,0.8050802440433126,0.08155088616682961,0.7746667265892029,0.27823713755344187,0.6147782360694137,0.11570226441339854,0.5944921970367432,0.45137149121176257,0.8314597519361024,-0.0868348933592605,0.892986536026001,0.24794483326746564,0.6079683769957106,-0.010356550312372509,0.7119696140289307
288,9.6,0.4780643119238669,0.2561907466634428,-0.42878286793057346,0.9996501207351685,0.4845631619207199,0.24521404210703687,-0.4057271139021482,0.9996975064277649,0.4886554228151056,0.24531959026579936,-0.40611443102690853,0.9996936321258545,0.4927245543042653,0.24547517880462338,-0.406027496444648,0.9998230338096619,0.4746137868785469,0.2450692572130787,-0.40321030242501343,0.9996657967567444,0.4713125117274212,0.24505688023948863,-0.4035987060801536,0.9996190071105957,0.4678706256408016,0.24492288781708532,-0.40374973970426753,0.9997125864028931,0.49744285429961055,0.25094706282433427,-0.263248037042339,0.9998708963394165,0.4651882909200339,0.2499338267825497,-0.2515863149681995,0.9991714358329773,0.484526361160159,0.2696288579501218,-0.3732409432883699,0.9996137619018555,0.47360147860166313,0.2697659633571801,-0.37134819357360277,0.9993539452552795,0.5257327791912646,0.32922853398488355,-0.17122149894097496,0.9999681711196899,0.43393626647239963,0.33010698050672016,-0.129051777095738,0.9995817542076111,0.5985786213677312,0.3582249896653935,-0.16449665807290076,0.8917326927185059,0.37277761447474494,0.3597788942011321,-0.15298095759877084,0.8285728693008423,0.6708253951523837,0.37484445924170245,-0.302431407677477,0.9018509984016418,0.3172148771112038,0.3735006554921782,-0.3626342405931665,0.833823025226593,0.6890933434021012,0.3889840895425934,-0.33546504761058293,0.9012030363082886,0.30060711183885747,0.3754640053145975,-0.4055574455021555,0.810133159160614,0.692094051580995,0.3876771958057714,-0.38102204942596074,0.9038789868354797,0.2991031004719676,0.37208490165791447,-0.4154980691627863,0.816021740436554,0.6839156642592847,0.3837328570712603,-0.32470647301829353,0.8970799446105957,0.30588419681025564,0.37254077347883663,-0.38244913306468226,0.7906543612480164,0.4888938671448747,0.5077728222716081,-0.018765602203998335,0.9999060034751892,0.4427685167673978,0.49183668917350004,0.018345651009589497,0.999701738357544,0.47444232996264574,0.6505094593099185,-0.08347487433235638,0.9006304144859314,0.3426709706522947,0.52527128102943,-0.037228473935878394,0.7918931245803833,0.45257817387445315,0.7893330699516697,0.048597893389712946,0.9089129567146301,0.2753018157003879,0.5814335484368554,0.21734592872706104,0.6615368127822876,0.4481865638153322,0.8019886213193328,0.049043362434746426,0.7896984219551086,0.2785490656567547,0.5955016747227223,0.23718399620332126,0.576050341129303,0.4501515273734961,0.8321624199174498,-0.12511598908935742,0.9026747941970825,0.24783263411370374,0.5903354906467306,0.12323845851737686,0.6938604712486267
289,9.633333333333333,0.4810839071559891,0.24960816863159924,-0.4541716474187103,0.9996850490570068,0.48734528077180195,0.23902486836990255,-0.4321453508846437,0.9997275471687317,0.49121181472265407,0.23918116275792223,-0.4325463009372789,0.9997240304946899,0.49502420722182905,0.23938231713961192,-0.4324608816615898,0.9998405575752258,0.4773691601827941,0.23872776867912512,-0.4286644896343121,0.999699056148529,0.4740048578488833,0.23867364883976736,-0.42905486293698863,0.9996569752693176,0.47063256027872324,0.23849149474640863,-0.42920088584058536,0.9997411370277405,0.4987835994617651,0.24524274639331298,-0.28944645788967543,0.9998835921287537,0.46804434678648077,0.24372869225531313,-0.27224034841210654,0.9992532134056091,0.4871973926192386,0.26319240528769006,-0.39798379936549577,0.999652087688446,0.47609188063779373,0.26304312727628654,-0.3946422657247273,0.9994180202484131,0.5270320476895025,0.3218036947353028,-0.19662103004841627,0.9999710917472839,0.4340185169526545,0.3239155264879432,-0.13937254276440714,0.9996181726455688,0.5998547997814807,0.35030850549960907,-0.18956586068723813,0.9024505615234375,0.3701258705732481,0.35928269691802217,-0.15528800847956192,0.8449074625968933,0.6716955068089754,0.36547432504846283,-0.3302461708622002,0.9116044044494629,0.31093005203453933,0.3777250005064168,-0.36384572862020637,0.8499001264572144,0.6901060745393833,0.37902425112322163,-0.36637419878084065,0.9108878374099731,0.2932857198578121,0.38157720720727817,-0.4054719433074566,0.8276016712188721,0.6931280714963828,0.3775780059305889,-0.412284158427551,0.9133427739143372,0.29137941760498853,0.3785939906414127,-0.4275995193346478,0.8332434296607971,0.6849417287874509,0.3739055628519051,-0.35292648609680244,0.9071727395057678,0.2983529882637559,0.3785118096702754,-0.3877141183530357,0.8103054165840149,0.4904647551086381,0.5002428060309362,-0.02636867536155883,0.9999058246612549,0.4446769062881062,0.48447922486522915,0.025913283335083033,0.9996938109397888,0.4748405872655335,0.6447114175374756,-0.10650898999590994,0.9091192483901978,0.34178606744509576,0.5173187106446592,0.036626313005201826,0.7556688189506531,0.4520531338915362,0.7863433275503378,0.009897203004739792,0.9161883592605591,0.28120240474630465,0.5686740508864815,0.3341161577483849,0.6175422668457031,0.44853729729502767,0.7982009224383925,0.00938406067667949,0.796688437461853,0.2839074152212184,0.5814855241495868,0.35848641597645986,0.5433077216148376,0.44977526196369,0.8321797153271514,-0.1738484336684707,0.91081702709198,0.25483802142445955,0.5781899638905702,0.2522518881831207,0.6609808802604675
290,9.666666666666666,0.48262722057623475,0.24177452538160835,-0.43849785158647137,0.9997143745422363,0.48848837343623436,0.23194419645620706,-0.4180242967514963,0.9997497200965881,0.49191513702570844,0.23221083890366756,-0.41841179934284994,0.9997459650039673,0.4952867133039844,0.23250520786623205,-0.4183120490630389,0.9998509287834167,0.4790719701610164,0.23139104854242332,-0.41241315348387364,0.999725878238678,0.4758125916267261,0.2313261568664069,-0.4127926438418801,0.9996883273124695,0.4726086247738205,0.23116009043775287,-0.4129306522747612,0.9997640252113342,0.4984137472312647,0.2389015691079702,-0.28257841621534585,0.9998882412910461,0.470479630967266,0.23734396309504807,-0.2546071493046476,0.9993205070495605,0.4878399173402137,0.25556247322669096,-0.38479894350735877,0.9996797442436218,0.4773674831535536,0.25513255741718555,-0.37861057056970193,0.9994670748710632,0.526403287718443,0.3143155464014201,-0.20312343068153696,0.9999678730964661,0.433624689258592,0.3176450428507363,-0.12022374419466202,0.9996349215507507,0.5946430923924186,0.34047894198128,-0.23889019365654474,0.9023101925849915,0.3694990242747559,0.3588747865511196,-0.12875174090933444,0.8489788770675659,0.6595702131182486,0.3551594697674457,-0.4227830677012696,0.903252363204956,0.30991403497381337,0.38211130075483285,-0.3296190035899194,0.8592262268066406,0.6759018249939405,0.36760823730547304,-0.46966888209845614,0.8984867930412292,0.29238342044259447,0.3877312490321503,-0.3698046855641082,0.8352531790733337,0.6773616268978498,0.36638927477313626,-0.5097800378109811,0.9025226831436157,0.2899183264489069,0.3849792475695839,-0.399006206620413,0.8415411114692688,0.6698276496255576,0.3631462372080082,-0.44454434892075767,0.8926312923431396,0.29694536623284873,0.3843091563708299,-0.3547366327034566,0.8203808069229126,0.48872723697811715,0.4938533547444709,-0.035593816320550344,0.9999107122421265,0.44418786946791267,0.47775713183954194,0.03512787354840554,0.9997168183326721,0.4719241771709717,0.6383461304482834,-0.12574990412442266,0.9159775972366333,0.34048319405328986,0.5083966386419481,0.053995412892751275,0.7520593404769897,0.4501751101011069,0.7811260093163845,-0.01599350200917389,0.923300564289093,0.2964514462580883,0.5637664842438581,0.37272672476787994,0.6107643842697144,0.4477102090451783,0.7925694854955956,-0.01633061266681306,0.8000705242156982,0.30105173520009465,0.5756140308888574,0.39992387080799485,0.5294344425201416,0.44527130154985595,0.8297441070808349,-0.20242567651187945,0.9178686141967773,0.2753176472571686,0.5800279177353462,0.30035780346656454,0.6536221504211426
291,9.7,0.48102760368982,0.236932245846835,-0.4130880125248085,0.9997405409812927,0.4861293160914971,0.22731094830275628,-0.39347044153555655,0.9997684359550476,0.489169522672859,0.22755002149985698,-0.39384711631809355,0.9997645020484924,0.4921325109107568,0.22782937107565202,-0.3937439925030115,0.9998590350151062,0.47751696795603027,0.22674425056101688,-0.3880111332807841,0.9997497200965881,0.4745235913707463,0.22667149230820632,-0.3883810717738573,0.999716579914093,0.47159854938639745,0.2265158292769786,-0.38851568141881726,0.9997846484184265,0.49474397090542577,0.234368576075572,-0.26306299560559343,0.9998906850814819,0.46976199333300134,0.2331029095347052,-0.23521906439836912,0.9993799924850464,0.48550689145972614,0.2507379786492819,-0.3612693161166103,0.9997046589851379,0.4759055074660792,0.25035398535510145,-0.35524640941075103,0.9995118379592896,0.5216504735453122,0.30858392501978327,-0.19898415512415424,0.9999675154685974,0.4313580252457932,0.3126069310395043,-0.1029546757252244,0.9996578097343445,0.586345728127529,0.3319941788454318,-0.25879913701528307,0.906804621219635,0.36805849759333076,0.35847095965087894,-0.10789747211125239,0.8544878959655762,0.6464180611217676,0.3460129165936085,-0.4671825619291039,0.9058161973953247,0.3078166349938074,0.3853912612915218,-0.30483999942069523,0.8699448108673096,0.6618288234042828,0.3573338645746469,-0.5194607794758722,0.8980146050453186,0.29097068482716654,0.3924125187438352,-0.3441316015825211,0.8462439775466919,0.662543510859822,0.3566571284015317,-0.5563661637226304,0.9031451940536499,0.28743273687767273,0.38995335383819185,-0.37885581526365797,0.8526706695556641,0.6553710763686516,0.3538400945720078,-0.4884346969464126,0.8924124240875244,0.2945516995827479,0.38866546491271503,-0.3308099101584121,0.8331120014190674,0.485065077096419,0.4888346143920807,-0.041090758325592946,0.9999123215675354,0.4411119388494203,0.4722756944621302,0.04063015049784812,0.9997327327728271,0.46647880231018873,0.6321344756590938,-0.1408003493860862,0.9200295209884644,0.33729428770268066,0.5010858964874811,0.06283873824345157,0.7403246164321899,0.4460956277507629,0.7765983425182976,-0.04902650371449923,0.9270547032356262,0.30883204913858453,0.5618060949037604,0.39450168425741017,0.5813349485397339,0.4449606675505477,0.7878672123425614,-0.050471141519884265,0.793042004108429,0.31473113432231026,0.572675690904684,0.4287660382784273,0.5025544166564941,0.4384872250124009,0.8275220564810664,-0.2364883660068693,0.9208757281303406,0.29266034176422884,0.5850228533663385,0.3018277548143107,0.6248025298118591
292,9.733333333333333,0.4727512058464571,0.2432896875169101,-0.35576629397477144,0.9970859289169312,0.4779847542256266,0.23457396802402924,-0.34285549919354436,0.9966832399368286,0.4806756895375698,0.23468317417638007,-0.34321075817783847,0.9957289099693298,0.48331017155330647,0.23492914509285884,-0.3431236864552195,0.9967103600502014,0.4707250842398297,0.2341240594151291,-0.3319537721383805,0.9978311657905579,0.4684384993161942,0.2340518625992002,-0.3323239561151476,0.9979945421218872,0.46620749492511004,0.23386692487620686,-0.33246845956051874,0.9988115429878235,0.48734114773409637,0.24033940512514262,-0.2390181258725308,0.9965558052062988,0.4669051642976011,0.23909746217119285,-0.18843483624866916,0.9961895942687988,0.47744164597930083,0.25442446989928885,-0.31337661507369713,0.9939161539077759,0.46923206504572706,0.25442007222505614,-0.3004640071671623,0.9951366186141968,0.5100146615906269,0.304764789446998,-0.19726536017168905,0.999869704246521,0.43237896736275905,0.30996299156780227,-0.05513255458309881,0.9996356964111328,0.5538787836571252,0.32700621714496814,-0.2658734738795647,0.8626437783241272,0.3750509783621605,0.35929884555174274,-0.05430641868217103,0.7789551615715027,0.595462299676645,0.33744993704064924,-0.44004202929798614,0.8383157849311829,0.3162474897796546,0.39219988250155324,-0.24781369070746592,0.8401085734367371,0.6062856811145956,0.3462602676924823,-0.4898175251550026,0.831917405128479,0.30024856609691264,0.4012596206374274,-0.28379887779440766,0.8206086158752441,0.6075467891935431,0.34504105183647904,-0.5175372512651822,0.8366188406944275,0.2967270301186561,0.3991352018126667,-0.320963897386635,0.8285779356956482,0.6026643241665077,0.34295992980666495,-0.45604631279519225,0.8196819424629211,0.30349129071113745,0.397187790244386,-0.2736833185364879,0.8060290813446045,0.47750742833469983,0.48396287596976195,-0.05256351277768871,0.9999096989631653,0.44037463420741546,0.46915520912246667,0.05212659492926136,0.9997507929801941,0.4580087509347437,0.6271419860339291,-0.14665927856308486,0.894437313079834,0.3525040645382523,0.5146747338291415,0.06637784184246825,0.6980613470077515,0.4430832319178759,0.7697717008564947,-0.05797861924608985,0.919803261756897,0.3342085855582275,0.5812022226417327,0.3556701587785839,0.5645846724510193,0.4434028966501099,0.7818815452328762,-0.059349216698190585,0.772534966468811,0.3406371488689876,0.5915287186918885,0.38439657154771484,0.4883706867694855,0.43347868112148413,0.8196999926984,-0.252593474090541,0.9066452383995056,0.31953931354924864,0.6088991704233225,0.2616584111516296,0.6022722125053406
293,9.766666666666666,0.4656633154939451,0.2392750985231209,-0.28871506665853375,0.9973633289337158,0.4712995466488364,0.2306957997314594,-0.28512938362120066,0.9970070719718933,0.4736113560115447,0.23083331241209748,-0.2854905945146615,0.9961481690406799,0.4758500528004019,0.23109833492383697,-0.2854106058553336,0.9970349073410034,0.4656048647964721,0.23045103975952907,-0.2682174066375114,0.9980349540710449,0.4639645042397595,0.2305431140992473,-0.2685673271506211,0.9981787800788879,0.46218982775670703,0.2305139975211181,-0.26868338457827906,0.9989157319068909,0.48070542849306896,0.23687913838443264,-0.22181505670285417,0.9968975782394409,0.46497073129190003,0.23647617070106317,-0.145496620512781,0.996528148651123,0.4696010438303613,0.2509727734673306,-0.2609687683991251,0.9945084452629089,0.4633543860955102,0.25096506176062133,-0.24033222546917168,0.9955841302871704,0.49500085087988666,0.30144427797218376,-0.21311549921731354,0.9998812675476074,0.43693434865724035,0.3074894231789917,-0.010261828119528832,0.9994826912879944,0.51675355303419,0.3252691248389768,-0.29024131203004205,0.874221920967102,0.3885159121685567,0.35688321677759527,0.010119991498566697,0.7021856904029846,0.5365295441367942,0.3378632387709424,-0.430077242240375,0.8530818223953247,0.3344352380035913,0.38619678524390616,-0.14564871899333398,0.7605350017547607,0.5409496072171872,0.34620684171746635,-0.47762836768764777,0.8465732336044312,0.32054743951977915,0.39400317795044665,-0.17228787822918523,0.7462940812110901,0.5416990701043997,0.3446647744878948,-0.503519986658783,0.8505727052688599,0.3164395226623724,0.3922073279650967,-0.2103781971657784,0.7535531520843506,0.5399028401289666,0.3427069642287983,-0.4452606599529164,0.8319860696792603,0.3218363564040058,0.39036156820093926,-0.17018084236705838,0.7335590124130249,0.4684880979335073,0.48151014913793205,-0.06878479560570168,0.9999162554740906,0.44168482498975986,0.46852136563651003,0.0683578248235717,0.999760091304779,0.45287042706236497,0.6259830615533444,-0.1513655191113219,0.9004462957382202,0.37256460051592827,0.5172531186808085,0.13136762720094228,0.6336594223976135,0.44079964914208736,0.7685489479740047,-0.07296661501164171,0.925381600856781,0.3644775599251493,0.5787925828715448,0.43547011907917865,0.5172547101974487,0.4422938058540262,0.7809504210800334,-0.07431966108479783,0.7830273509025574,0.3700672247446565,0.5871787630839347,0.46597888243838126,0.46060431003570557,0.4299463371671261,0.818875340941485,-0.25709467040616646,0.9112542867660522,0.3488564160050815,0.606943585955545,0.3742312735686658,0.556273341178894
294,9.8,0.4599905033669208,0.23342380529018558,-0.2484384001704461,0.9976202249526978,0.46638880402460026,0.22463736263994072,-0.25095881110379714,0.997302234172821,0.46837533284949867,0.22483634160655244,-0.25132988504939296,0.996529221534729,0.4702712704249483,0.22515505026984772,-0.25125700661276007,0.9973286390304565,0.46191726235486036,0.22447532052773267,-0.22945528846951757,0.9982261657714844,0.46065456972448354,0.2246786886496738,-0.22978309205471426,0.9983551502227783,0.45908475162197904,0.22475428989552332,-0.22987686423261558,0.9990187287330627,0.47556460599140893,0.23128194110010172,-0.21314737104168646,0.9972058534622192,0.4636418233812,0.2312209514909877,-0.11745016308921635,0.996853768825531,0.4628364180068456,0.24549922548939762,-0.2298817989249896,0.9950435757637024,0.45826398457116563,0.24553950526527182,-0.20334553681081996,0.9959985017776489,0.4817140470172097,0.29658578946662534,-0.23071810922553015,0.999890923500061,0.4405312725374282,0.30283469060644796,0.0226784732236864,0.9994091987609863,0.487946496625686,0.31964945866235334,-0.30833731894492294,0.885142982006073,0.40122574417052315,0.35383442530751075,0.04933177185992648,0.6352519989013672,0.49019777360084427,0.3356526640022958,-0.42158999225403465,0.8659746646881104,0.3495932790580548,0.3836198095248383,-0.09712155116755156,0.696401834487915,0.49000204590835966,0.3440239236679313,-0.46958584528182395,0.8591381907463074,0.3369737477491667,0.3914640978695554,-0.1204005869501656,0.6902245283126831,0.4906078568112667,0.3395597576490976,-0.48847136837076444,0.8625538349151611,0.33207480545857093,0.39044135391372825,-0.15990723042912436,0.697677493095398,0.4903708106481714,0.33844120928585814,-0.4327551919065407,0.8422852754592896,0.3367333465080069,0.3880268088862779,-0.1215643820065421,0.6790298223495483,0.46100767884921107,0.47651997535252366,-0.08337160453202837,0.9999220371246338,0.44378789136506347,0.4632984929091392,0.082971131980135,0.9997732043266296,0.4493469291961562,0.6215719520043778,-0.1504890949109949,0.9091082811355591,0.3900718429104797,0.5158827969308252,0.19454740639220713,0.5865041017532349,0.43904865598533493,0.7639487763392259,-0.08365557041493762,0.9320918321609497,0.390815193829112,0.5739632543139033,0.5136535629816508,0.4953453838825226,0.4413665654359111,0.7754337927381478,-0.08338698383731807,0.8011052012443542,0.3952093556229066,0.5814824420102586,0.5453892390817678,0.4646679759025574,0.4274081259312905,0.8144296747408768,-0.24944817379117004,0.9183765649795532,0.377009532811576,0.602300334599114,0.4709666394163802,0.5362624526023865
295,9.833333333333334,0.45589695595384716,0.22966401834665295,-0.15362742615247574,0.9976924061775208,0.46176381409128714,0.2206736283168524,-0.16463946682870906,0.9973363280296326,0.46302139251298113,0.2208283845503241,-0.16500348360343534,0.9966755509376526,0.4641524774955005,0.22107398151879248,-0.16495404293620836,0.9974494576454163,0.45919833535751214,0.2206355891632873,-0.14212973021398412,0.9981577396392822,0.4581226392498155,0.22090966196971812,-0.1424178641499375,0.9983073472976685,0.4574995509414982,0.22106972935632285,-0.14248289860469093,0.9989070296287537,0.46842335734310203,0.2269641664005811,-0.16824638850958937,0.9974190592765808,0.46310500069285987,0.22782240983384672,-0.06777205355929473,0.9966803789138794,0.45736802563126017,0.24168682496085872,-0.14987367315585953,0.9953128695487976,0.45479222418791443,0.24194921347895898,-0.12198300988822317,0.9960366487503052,0.4682582203057459,0.29166140071790925,-0.2195246570259223,0.9999006986618042,0.44656085921145394,0.2997024393412652,0.053000467214542143,0.999393105506897,0.46180319418455995,0.3167010832230472,-0.3144561472358174,0.896266520023346,0.41688862821500816,0.35933143280384566,0.0762230989529824,0.5813950896263123,0.4544351701944894,0.33746972774614936,-0.4083553260008538,0.877249538898468,0.36419110211628297,0.3893981109370564,-0.04618263315371876,0.6329348087310791,0.45213942470551177,0.34750056071852115,-0.45474781146960436,0.8694754242897034,0.35205363794098765,0.397973594510893,-0.06293467283999171,0.6292757391929626,0.4526043952693667,0.3431580548989556,-0.46633959922177637,0.8722295761108398,0.34666683973406404,0.3967975748781615,-0.10066844928265054,0.6358171701431274,0.4536521358553664,0.3408867185619636,-0.41564108384220066,0.8495197296142578,0.35081467046799186,0.3933794787009427,-0.0686615661192108,0.6193070411682129,0.45353107240905954,0.4731819043930545,-0.08823650356406716,0.9999263882637024,0.44876558372806435,0.4615982236464221,0.08784335808010338,0.9997788667678833,0.4456557398901179,0.6182418014528414,-0.132038467967757,0.9172807931900024,0.415613626269178,0.5110322656039664,0.21014578074660667,0.5724447965621948,0.43778615560413037,0.7612886684608069,-0.08595036124962424,0.9382443428039551,0.41471885432910505,0.5730273750244153,0.4969430059735265,0.5135219693183899,0.441171479287246,0.7742952522355475,-0.08646175562190059,0.8193573951721191,0.41652610337411583,0.5789234071253452,0.5228431028199624,0.5001423954963684,0.4254134885208648,0.8114979041907661,-0.23579335083774866,0.9238892793655396,0.4005499156271425,0.6058780975017878,0.5080538676555095,0.5363612771034241
296,9.866666666666667,0.45311900169084807,0.2265307182767755,-0.06743394920762538,0.997661828994751,0.4579866864367941,0.21735831326215105,-0.08390249187458823,0.9971941709518433,0.45840477091026066,0.2174656306996938,-0.08425291221579301,0.9965968132019043,0.45863158846504015,0.21762743625683698,-0.08423312053676044,0.9974632263183594,0.45717551055095884,0.2174089394213208,-0.06705981048749257,0.9980286359786987,0.4562420155478345,0.2177278533803792,-0.06734260729072625,0.9981747269630432,0.45674388134745414,0.21795756461219426,-0.06740180958887824,0.9987730383872986,0.46073486444383893,0.22333654185838547,-0.11738633066531645,0.9975250959396362,0.4629684065339735,0.2249262600167382,-0.040654341785172826,0.9962564706802368,0.45354854494998087,0.23836592811834226,-0.0739713418720494,0.995145857334137,0.452210066001238,0.23872236157840787,-0.05346643590369998,0.9957153797149658,0.45216837766347184,0.288710841343037,-0.17108216733113532,0.9999063611030579,0.45380179080737804,0.2978271115684066,0.04539469268300984,0.9994090795516968,0.43503297184965306,0.32235830597592685,-0.23298960792010603,0.8462672233581543,0.4304575403505711,0.3666044553109878,0.053184081040415276,0.531912088394165,0.4349210749751008,0.34616639581403874,-0.2794314816178748,0.7969263195991516,0.3845510802782649,0.3961979495089965,-0.03912912468178715,0.5711576342582703,0.4358066280169913,0.35691041320918426,-0.3125871624277493,0.7888923287391663,0.37465899092019783,0.4046894693242134,-0.053854560032180414,0.5677995085716248,0.4375967224573121,0.3527701714734876,-0.32417944126449183,0.7910107970237732,0.36819468555225354,0.40349389601937946,-0.086583415447,0.5736398100852966,0.4378407087128165,0.34968934927854456,-0.28521737062289415,0.7692980170249939,0.37096939855101885,0.399896354870527,-0.05902983420760198,0.5585972666740417,0.4451618028704708,0.4711969002166215,-0.06569092785331533,0.9999312162399292,0.45287076846501395,0.46133985696163005,0.06530653412102204,0.9997951984405518,0.4406394747136627,0.6159055843124064,-0.0903454218464421,0.9052971601486206,0.4448579594514275,0.507009758935811,0.16622682343268344,0.5683552622795105,0.43609729612215026,0.7595017867287475,-0.06559088396451111,0.9335362911224365,0.4311283649126683,0.577160113389956,0.4053120404133007,0.514041543006897,0.4401254503946711,0.7735515809151821,-0.06813363428862004,0.8240196108818054,0.42933302798232204,0.5797644464123966,0.42747107677675,0.5000198483467102,0.42504377595532383,0.8083111506856083,-0.19551982482684999,0.8920519351959229,0.4154239251469376,0.6128161104892638,0.41702496434944925,0.5082451701164246
297,9.9,0.45117820193511565,0.22419734451084242,0.009181937618418914,0.9976691603660583,0.45498143217442333,0.2148409180114857,-0.011293122831547472,0.9970808625221252,0.4547184236446856,0.21489036311523568,-0.011625997967296652,0.9965195059776306,0.4542236976991464,0.21497394642786072,-0.011629093350588711,0.9974727034568787,0.45565732217560057,0.21496590503354931,0.000632899636039623,0.9979522228240967,0.45498920469544457,0.21530349231626097,0.0003523385713002994,0.9980952143669128,0.45657612683035925,0.21558210379059914,0.0002974689361181643,0.9986990094184875,0.4543531413130508,0.22042122860466906,-0.06864038871083752,0.9976149201393127,0.4629136906716304,0.22262107798661102,-0.013017294668751334,0.9960327744483948,0.4508372565995328,0.23582099127944112,-0.005512725350348344,0.9950339198112488,0.4503912206648466,0.23623760426990906,0.008582459941435042,0.9955511093139648,0.43868858595499205,0.2866816532882404,-0.1253108875194298,0.999911904335022,0.46000476082529196,0.29674087963402634,0.039681920739661425,0.9994377493858337,0.41369870849718793,0.3280070289485386,-0.1584158130328912,0.8032238483428955,0.4410276885978056,0.37287419534437066,0.038315112279499866,0.48765766620635986,0.4188165058296792,0.3539032689935412,-0.1619002400582361,0.7230663895606995,0.4012515105728304,0.404355026128449,-0.028308861583640824,0.5153263211250305,0.4201499870205182,0.3669863712996083,-0.1834193108292423,0.7149484753608704,0.39399870534127557,0.41487127474095586,-0.04005340918533423,0.5121815800666809,0.42541260766707095,0.36179603614356304,-0.19480314867824627,0.7165315747261047,0.3870685093648808,0.4139028052983758,-0.06725276643026253,0.5173845291137695,0.4253701283797596,0.3579999435109336,-0.1662667615334355,0.6960968375205994,0.3885968143528714,0.4099132938884992,-0.04474973771522578,0.5037376880645752,0.43792638740827605,0.4699426940629651,-0.04693602774864828,0.9999361038208008,0.45629134936839194,0.4620567913750542,0.0465565287437022,0.9998113512992859,0.43623570580757665,0.614651705069692,-0.05722234614535657,0.8978923559188843,0.46874223141688515,0.5035411129248353,0.13267390038499793,0.5585885047912598,0.4347471988243614,0.7583474414378708,-0.04700875699504867,0.927544355392456,0.4442257698980697,0.5812683425737717,0.3378235563791356,0.5062862634658813,0.43927601120583165,0.77324796166145,-0.050719300418528374,0.825085461139679,0.4393688524451055,0.5812971361180617,0.35704647328850264,0.49216508865356445,0.42568747488947295,0.8055678938532981,-0.15964044393596388,0.8583886027336121,0.427005847508279,0.6185136655330593,0.3517881108349997,0.47760847210884094
298,9.933333333333334,0.45022143359605976,0.22261639028099928,0.04150674661232092,0.9977461695671082,0.4528752973499496,0.21305100836635082,0.022092936052092834,0.9970983862876892,0.4521764612511216,0.21306707147387235,0.021779366277514613,0.9965575933456421,0.45124305118046254,0.2131250216582664,0.021780523378124122,0.9975156188011169,0.45451211612556114,0.21319851220782832,0.026068833770311127,0.9980120658874512,0.4540773277777858,0.2135081323869521,0.025777487211608146,0.998157262802124,0.45637148237472713,0.21377117941798357,0.02571315715863785,0.9987305402755737,0.44979645675759866,0.21843655112816945,-0.03723915483730533,0.9977102279663086,0.4616283832077973,0.22058642171217,-0.0018032883506166487,0.9962181448936462,0.44874098768210674,0.2341310669931298,0.02682854355156119,0.9950346350669861,0.44956650554120503,0.23458722670940366,0.030527078770291566,0.9956023097038269,0.42870729588541023,0.2855269995688002,-0.07464220019393038,0.9999040961265564,0.4627087050884201,0.29487277529052847,0.005195207949990729,0.9994496703147888,0.40469351587849334,0.336369130745724,-0.07255165154206769,0.731685221195221,0.4527219303139356,0.3763037497742733,0.0031502432237071436,0.4936111867427826,0.41396010452864296,0.36227373678951236,-0.043187057457418784,0.6533583402633667,0.41686756452459844,0.4107057283981599,-0.024442755774407434,0.48760780692100525,0.41016709807155227,0.3752876991811317,-0.05063029282056623,0.6466289758682251,0.4104772084404538,0.41715841550172167,-0.03393767029514891,0.48000553250312805,0.41944063201162635,0.36934002026706236,-0.06575946230872577,0.6480217576026917,0.40420771521856075,0.4159415905420369,-0.054450381910267555,0.48391270637512207,0.4172890246112308,0.3652998332567629,-0.04811282523274604,0.6297086477279663,0.4056057003067297,0.4124832462787871,-0.03671100727900477,0.46719858050346375,0.43069562725391586,0.4693238942132422,-0.020127412366019483,0.9999352097511292,0.4562246201404624,0.462556100322375,0.019771935970494453,0.9998155236244202,0.4323775291319913,0.6140034306729276,-0.020932411126638115,0.889064371585846,0.4818679397201765,0.5011524564067008,0.08357009020189929,0.5745739340782166,0.43324785821794237,0.7575228444540457,-0.03137035645794897,0.928150475025177,0.44937244152894573,0.5839856891587719,0.2632422702236794,0.5139225125312805,0.43768312949230154,0.774091479774282,-0.036962737026277,0.831868588924408,0.4421940682638026,0.5832219479733088,0.28062417831043324,0.4890455901622772,0.42638067052567685,0.8041472714051572,-0.13172491227154678,0.8499847054481506,0.4336113253526756,0.6223798904308938,0.2839745162605428,0.46490567922592163
299,9.966666666666667,0.4494409288136,0.22138905129899006,0.0691674606399346,0.9976998567581177,0.45068507616139375,0.211570108263964,0.049443002263019925,0.9969157576560974,0.4495255298012385,0.21156005919076784,0.049145141459304764,0.9963656067848206,0.4481534164150477,0.2116045138169318,0.04914860863476285,0.9973927736282349,0.4533581625191809,0.21171328169536355,0.04805195026062556,0.9979639053344727,0.45325319624496474,0.21197608021892472,0.0477487751700423,0.9981328845024109,0.4559200457335358,0.21220241054092273,0.04766927618744326,0.998699426651001,0.4452724792699599,0.2168368415603486,-0.015160716987170152,0.9977044463157654,0.4601816680331718,0.21879373408677466,-0.0008061565807558201,0.9962798953056335,0.4472342438214605,0.23286609629993926,0.053060009304800204,0.9947556853294373,0.44898812875932254,0.23330588151407958,0.04963950614559576,0.9954495429992676,0.42044181224181415,0.28476278891474416,-0.0413537987933872,0.9998912215232849,0.46456140328934403,0.29325712075102306,-0.020535890503673427,0.9994558691978455,0.39803556049963745,0.3436103876108717,-0.011063754548895105,0.6759909391403198,0.46299563055072607,0.37789227428394095,-0.02335103994589496,0.5150610208511353,0.4137587681137639,0.3692928361043164,0.04808655117023832,0.5893687009811401,0.42884717073907064,0.4150043538788005,-0.019670793021118575,0.44325974583625793,0.4045941882495022,0.3819283419763896,0.05196790543737547,0.5834764242172241,0.42335020623090647,0.4171670636437442,-0.026211996021668828,0.43487146496772766,0.416674582921019,0.3754592835519327,0.03400372725041796,0.5846867561340332,0.41777154279218026,0.41558692115941986,-0.041159403913563125,0.43817996978759766,0.414500231768357,0.3713590689904598,0.042875485294687474,0.5682479739189148,0.4189001217376354,0.41255056168508586,-0.02832934370488698,0.42273086309432983,0.42496331553708333,0.46888616029852764,-0.001869790126284793,0.9999357461929321,0.4552225500049042,0.4629699016492833,0.0015302222785757002,0.9998214244842529,0.4289484171105334,0.6136726438212802,0.006823338839057641,0.8890771865844727,0.49294325751142704,0.4993243123210416,0.0524346187265461,0.586654007434845,0.43159309710066995,0.7570045461941115,-0.01970002980837313,0.9317540526390076,0.45333531808142913,0.585654000016629,0.21447943041735415,0.5252323150634766,0.4358230319511942,0.7749200276907272,-0.026708450632844973,0.8432328701019287,0.4436228065544912,0.5835442014922649,0.23064069013075983,0.49762216210365295,0.42689534771095144,0.8033028868300847,-0.10960345760398969,0.8491965532302856,0.43880814596752354,0.6244910772899224,0.24100998358616985,0.4538935124874115
300,10.0,0.44891762015196685,0.22007645191949735,0.07589462326067212,0.9979062676429749,0.44904179218250073,0.21003080733831864,0.06018999593320856,0.9971854090690613,0.44760278251838465,0.21002365823959163,0.059908229745426554,0.9966789484024048,0.44599429177884514,0.21009069657913898,0.059928593879484876,0.9976175427436829,0.4523438063947576,0.21002254999743653,0.05313097675240972,0.9981478452682495,0.45245299960516583,0.2101576126654297,0.05281858860510402,0.9983004331588745,0.45511707042118815,0.21025502697904544,0.05272854124195768,0.9988141059875488,0.4422938559320229,0.21529088851667433,0.00841655223899487,0.9979013800621033,0.45804687387343684,0.21654330832470728,-0.0038384277260025456,0.9966149926185608,0.4461454633366067,0.2315422810501287,0.06434375190636332,0.9951465725898743,0.4485422220376619,0.23190762696156866,0.05358430035022727,0.9957815408706665,0.4166004136767202,0.2842521374381637,0.003735949166602179,0.9998710751533508,0.46537651849201983,0.29206956169519926,-0.044273429549187455,0.9994288086891174,0.39331430159276826,0.34785178842961917,0.043486635433245074,0.6105736494064331,0.4706318769022027,0.3789309635698768,-0.04374620469517314,0.5143162608146667,0.41491001910940234,0.37461375125345237,0.09043223137571049,0.5312306880950928,0.44014953889265995,0.41394567649213637,-0.005339861434139569,0.4129312336444855,0.40560911201702826,0.38671088466682685,0.0978021596780613,0.5265576243400574,0.43371731011449477,0.41276857975493314,-0.009951609004305128,0.40256431698799133,0.41791680817155535,0.38050226945741683,0.07854629921169615,0.5276025533676147,0.4283264102598737,0.4112901028741836,-0.020255487370773703,0.40447431802749634,0.41522939852282353,0.3764183974176143,0.08433834215283408,0.5128861665725708,0.4295198125140754,0.4091619745727996,-0.010603273443691559,0.3885382115840912,0.42115213673644125,0.46872108537771245,0.017685677838824077,0.9999377727508545,0.45375528025494005,0.4631167638109511,-0.018034018798422476,0.9998296499252319,0.426602473141499,0.6130336824348045,0.02353054969557955,0.8903324007987976,0.5011327574410639,0.4979109509374804,0.03221876610783803,0.5988119840621948,0.4302839481090151,0.7575777684454493,-0.0170179280299829,0.9361231923103333,0.4559984628423348,0.5867264890567219,0.19502428105930114,0.5345485806465149,0.4340340895739828,0.7758746105046185,-0.026987072404119402,0.8533424139022827,0.4444281024256427,0.5831429150565695,0.21177829157710903,0.4944758415222168,0.4273046767213508,0.8039217218162377,-0.10125293864536401,0.856818437576294,0.44284143843583823,0.6265031778609144,0.22557790415700424,0.450469970703125
301,10.033333333333333,0.4487756322638315,0.21849326623466414,0.07779166836873502,0.9980920553207397,0.4478765999261476,0.20831899819570524,0.0657059367663464,0.9974260330200195,0.4462747933153571,0.2083528921925548,0.06543610648598569,0.9969574809074402,0.44454043389614917,0.20847265270600338,0.06546998537624936,0.9978175163269043,0.45156085908207816,0.2081024275860442,0.05387681419069389,0.9983128309249878,0.4518146789134827,0.20811977662474318,0.05355833053197457,0.9984510540962219,0.4543316319918095,0.20809655139257074,0.053459589348426234,0.9989172220230103,0.4402875816940248,0.21365935564765903,0.02551137942626827,0.9980754852294922,0.4559799961060359,0.2141484483825481,-0.010881518078847732,0.9969128966331482,0.4454259833214597,0.23000956492650515,0.07045848434342487,0.9954999685287476,0.448318731218952,0.23033878877026717,0.05351814299034999,0.9960827827453613,0.4145765226262892,0.28365253166399096,0.03825744994170277,0.9998555183410645,0.46573763668940765,0.2910140917825829,-0.06616565230540543,0.9994075894355774,0.39255028320138546,0.3505067617215563,0.08324172371631813,0.5517211556434631,0.47641846307729874,0.37947962303303195,-0.06962423625763259,0.5121137499809265,0.4165970908640633,0.3787419423648483,0.11611426784209869,0.47902363538742065,0.44884415105480285,0.4107435381491481,-0.007607369211577632,0.3882248103618622,0.4087426676344472,0.3904004549642705,0.12528279742858756,0.4755263030529022,0.4415129512825112,0.40777228273331967,-0.011893271114976279,0.37581250071525574,0.42018241672441986,0.38446884774651174,0.10496752017066817,0.47641947865486145,0.4368490885423589,0.4064580033697719,-0.01288740689937928,0.37622350454330444,0.4175718936908835,0.38040844812298397,0.10919498675051956,0.4632265865802765,0.4374592552409109,0.40484113749402667,-0.004180204416687015,0.35904747247695923,0.4184796159697913,0.468634573911499,0.03384608443661314,0.9999393224716187,0.45241695705074547,0.46306753818948754,-0.034206385298943806,0.9998365044593811,0.4248938915744714,0.6123573583775491,0.03728741092947424,0.8885886073112488,0.5072651940156905,0.4968235048003904,0.021442374312584937,0.6006329655647278,0.42923386540866004,0.7583392972559656,-0.015688378363207266,0.9393157958984375,0.45793848400231274,0.5869046642884912,0.1864422953358021,0.5360304713249207,0.4325958604766144,0.7766325191890988,-0.02823462787375907,0.8613454103469849,0.4449949039766721,0.5821685898559283,0.2037309895748741,0.4862479865550995,0.427629868929721,0.8044387680981329,-0.09861477262437061,0.8620951175689697,0.4458250739642978,0.6278948928875303,0.21612010695361666,0.4418851137161255
302,10.066666666666666,0.4492261332415287,0.2177286299709813,0.05636107896872839,0.997963547706604,0.4475931955891047,0.20720419208880708,0.05289153021896528,0.9973046779632568,0.4459101000944675,0.20735430603146382,0.05261668063569598,0.9968533515930176,0.44410431582899007,0.2074441246012809,0.05265416778556189,0.9977340698242188,0.45139517998044276,0.20693999628028542,0.033049349903826394,0.9982685446739197,0.45170242747558087,0.206846406807048,0.03271590111937882,0.9984599351882935,0.453944568611317,0.20690757486093325,0.03258224796993456,0.9989087581634521,0.4395704244959114,0.2123949446235111,0.03961664313962167,0.998116135597229,0.4543897132710844,0.2123225862265077,-0.03078988621682522,0.9970232248306274,0.44547225841400956,0.22961996883109476,0.060797870333456475,0.9957635402679443,0.4486890635768322,0.2299528981513823,0.032887127584227495,0.9963271617889404,0.4180021954646277,0.283544233300568,0.07954266199194521,0.9998570680618286,0.46120677936326093,0.2897492770921815,-0.10198242968989019,0.9994616508483887,0.40581814168970143,0.35209853724926143,0.14500142064926863,0.5286906957626343,0.4785862529354915,0.3729165175367837,-0.14504870579847562,0.5591604709625244,0.4317076200697074,0.3818243563440983,0.16289878332847568,0.5048625469207764,0.4611034807646378,0.40598207337505,-0.11775043877037669,0.4479661285877228,0.42826148717590684,0.39393534815148645,0.17361343844330918,0.5032708644866943,0.45813018754901264,0.40414405922285906,-0.1356861443649006,0.43599915504455566,0.4374121338178083,0.3872960121265635,0.14549024518790515,0.5065004229545593,0.4553655932767159,0.4028112801212965,-0.13026646441264683,0.4360554814338684,0.4345817813589873,0.38346679872488404,0.1524317320954884,0.49385619163513184,0.4540048646868331,0.40125857545123544,-0.11299725940345295,0.41760656237602234,0.42064342831725,0.46801166451821563,0.05563865827362102,0.9999422430992126,0.4473814374419045,0.4631128722951627,-0.055943359038544346,0.9998506307601929,0.43717179012865837,0.5914742207346492,0.05631057974107814,0.8774653077125549,0.4966893102190299,0.5137572006973394,-0.02886366049342072,0.6395529508590698,0.4325922511616909,0.7360433911080522,0.04351007922085248,0.9258320927619934,0.4531362697333444,0.6192301370668356,0.11407564976138754,0.5815818309783936,0.43392370147445464,0.7520906845005756,0.03539867551572998,0.8434293270111084,0.4421419455478269,0.6178029300477232,0.12853419466227586,0.5296816825866699,0.43003663374145196,0.7829881964792009,-0.03355350454703453,0.859306275844574,0.4475065997921848,0.6578307008375377,0.1150104300889667,0.49577704071998596
303,10.1,0.4500352052104314,0.21709704754054152,-0.010564418081547532,0.9981633424758911,0.4485206087988257,0.20622179962663864,-0.006648804406762694,0.9975709915161133,0.4474072318782425,0.20643932968037607,-0.006932568288102833,0.997163712978363,0.44617806768270996,0.20654986162979247,-0.006879385911511278,0.9979571104049683,0.4506742124669986,0.20593362405433382,-0.029776714382796304,0.9984394311904907,0.4505089876964349,0.20581622414914036,-0.030119568250095773,0.9986118674278259,0.45191374792820166,0.2059273029243756,-0.030282796808446158,0.999016284942627,0.4418214811321365,0.21141276107465873,0.01841866836400802,0.9982993006706238,0.4509607204578214,0.21108953870853017,-0.07470038598629018,0.9973163604736328,0.4469241649478089,0.22923460975758636,0.006659587924716506,0.9961705207824707,0.44901703528807324,0.22961237192543446,-0.025886836284228786,0.9966795444488525,0.4239659448900023,0.2834026202968147,0.0933760096384855,0.9998553991317749,0.45709550493713,0.28768936494109754,-0.1477755908635815,0.9995113611221313,0.4202897301127736,0.3532592002476943,0.16294675049088872,0.49063771963119507,0.4828831784133339,0.36789234106919066,-0.19933046062815224,0.5977059602737427,0.4527112353580833,0.3842123544094889,0.16752778924110379,0.5035357475280762,0.47693110549767703,0.40247454906043584,-0.17880603004108864,0.4985888600349426,0.4531536029700213,0.39638921491417595,0.17636229489064398,0.5103736519813538,0.47774962835498214,0.40202422673497396,-0.20572177998192231,0.48505041003227234,0.46085032178518326,0.39038075485309764,0.12934494906355615,0.5160340666770935,0.47598664782338307,0.4007407760889204,-0.1980927670294999,0.4843880236148834,0.45742091732273504,0.38658553445595084,0.1445147629850897,0.5029826760292053,0.4733909400016591,0.3986664223488249,-0.17400044383265464,0.46103277802467346,0.42457982984071235,0.46664990432483,0.07618578327081496,0.9999463558197021,0.4432556748059282,0.46314625942071963,-0.0764434718478697,0.9998651146888733,0.44665750871194254,0.5760161748825777,0.14728881006624697,0.835561215877533,0.4826123729396082,0.5350811475835667,-0.07095847763092894,0.6755549907684326,0.4380632501638686,0.7048765246622763,0.22278754140689258,0.8998677730560303,0.44799999867052126,0.6494917027444396,0.041048984574044836,0.6233735084533691,0.43821852587089183,0.719594944155554,0.2244449839283976,0.8293733596801758,0.43809284371574597,0.6510452385858146,0.051822308160420404,0.575870156288147,0.4380172946107058,0.749751847194888,0.17341296101331713,0.8487370014190674,0.4482090203161043,0.6917561884970912,0.011408331544317848,0.5460357666015625
304,10.133333333333333,0.449919010583143,0.21647327915119427,-0.07286640947143432,0.9983378648757935,0.44921521193431546,0.20524074395818495,-0.059916608681028986,0.9978028535842896,0.4490680625458287,0.20544528011976107,-0.06019406535868995,0.9974284768104553,0.4487966224873644,0.20554591918723425,-0.06011477191269964,0.9981475472450256,0.4487642109262898,0.2050401624442353,-0.08564961014212095,0.9985901117324829,0.4478470491461133,0.20495039319261615,-0.0860286109473852,0.9987455606460571,0.44815432862495397,0.20510821284991548,-0.0862284288473829,0.999110758304596,0.4455056501350567,0.210358992407929,0.0043464390027287796,0.9984420537948608,0.44610822916105386,0.2101694646849943,-0.1012619875719976,0.9975727200508118,0.4485864797164114,0.22881302295275638,-0.041005397942233866,0.9965195059776306,0.4479565447072338,0.2293615024715377,-0.07708040385875385,0.9969822764396667,0.4318701753831513,0.28414245046846615,0.11466966253531936,0.9998376369476318,0.45185331296560227,0.2863888711012496,-0.16977864907045837,0.9995409250259399,0.437974010641323,0.3543633207451116,0.1962472479345405,0.4871087670326233,0.4858656858022407,0.3633281905183913,-0.23071919273624955,0.6330565214157104,0.4780182262165008,0.38819723447589427,0.17465470001746414,0.5354170203208923,0.4936567505953201,0.3998241174201043,-0.23491768633349197,0.5478718876838684,0.4812265674212764,0.40216649530918747,0.18260301901078654,0.5424250364303589,0.4977785893080943,0.4020779078521335,-0.2723065307507204,0.5349021553993225,0.48777210890552875,0.3974855408711979,0.13075048001535763,0.5497686862945557,0.49728289226295697,0.4017004828077715,-0.264192023359879,0.5342998504638672,0.4839235587063387,0.39326271313736294,0.150225589326813,0.5350411534309387,0.4940339906567721,0.39869416892245846,-0.23069560151201957,0.5110812783241272,0.4298410546720761,0.46754935948133547,0.08922093377798006,0.9999307990074158,0.43668920232119696,0.46351368152952593,-0.08945822328366455,0.9998564720153809,0.44795528686609043,0.5803704715776175,0.14204520707524562,0.827422022819519,0.4707974955332102,0.5429040621220571,-0.19450646002118982,0.706200122833252,0.43542389136124987,0.7120356820025124,0.25152622317592954,0.8999433517456055,0.445625870880553,0.6602487841711671,-0.061407574145322864,0.6421344876289368,0.4339501398044911,0.7269625310152813,0.25138968268171497,0.8226857781410217,0.4373612920927695,0.6611981673863262,-0.04863900734085932,0.577580451965332,0.43987330601933167,0.7590826812768536,0.1819271296953186,0.8521003723144531,0.4513604239390795,0.7130776612651688,-0.11020318483653063,0.5724532008171082
305,10.166666666666666,0.44935387361705403,0.2197808601415288,-0.12355500450065914,0.998502254486084,0.44958683904601404,0.2084711879059892,-0.10453183267794391,0.998020350933075,0.4502886601694757,0.2085909534567167,-0.10482557191074682,0.9976820945739746,0.4508101985196013,0.20861513806989038,-0.10473776480297439,0.9983307719230652,0.4471917260671073,0.20847455453046523,-0.12892181849329118,0.998729407787323,0.4457044090396218,0.20848381970860147,-0.12931036436718737,0.9988690614700317,0.44521315561673735,0.20869615051446366,-0.12951798990948604,0.9991976022720337,0.4489150975373026,0.21346865174594118,-0.013162886624210189,0.9985946416854858,0.4429201002147862,0.2141449556577986,-0.11602684841065808,0.9978037476539612,0.4496020125784928,0.23236872223287341,-0.0828254200518537,0.9968631267547607,0.44710646814013105,0.23313950381283738,-0.11737215844935522,0.9972752928733826,0.44293690732301416,0.2887431076062625,0.11361157815111242,0.9998512864112854,0.4454497126529209,0.2908935960318123,-0.1760761417505604,0.9995422959327698,0.4584377455239218,0.3570343850942199,0.2018930408519934,0.5356467366218567,0.47988776521452386,0.36054248332198874,-0.292704447914932,0.6475815773010254,0.5031430020680083,0.39271923115751184,0.17300813806584103,0.581078052520752,0.4947371790101479,0.3907050199676944,-0.39116035702229107,0.5795101523399353,0.5090696222448108,0.4071036994235931,0.17954535869477212,0.5869255661964417,0.4990196338446499,0.3926329569190647,-0.44694246390752185,0.5646136999130249,0.5145746884534209,0.40362454092827293,0.12046716521087142,0.5938058495521545,0.5005752751841757,0.39144003721513265,-0.43721275502637,0.5645565986633301,0.5101011094464594,0.39937725133806545,0.15013000775484758,0.5801814198493958,0.49805142485041365,0.389254351988951,-0.3896644329163692,0.5326051712036133,0.4352624549121927,0.4731935738381164,0.09889417011536705,0.9999332427978516,0.4299290278446047,0.4660904497379579,-0.09930220237802256,0.999857485294342,0.44726327784886494,0.594770085008284,0.11437870810928608,0.8395490646362305,0.44828014504994584,0.5452103543469224,-0.2979774472588046,0.7338963747024536,0.4336294109768156,0.7280761448483859,0.22623912950886915,0.9092251658439636,0.4209096068422886,0.6625934656619639,-0.14044452111428807,0.6726149916648865,0.4306094611194442,0.7437096301326274,0.22513595164037595,0.8336728811264038,0.4147215498660263,0.6646237280560854,-0.12643074649949693,0.5959453582763672,0.43936096502138117,0.7738846634284375,0.12104848630492698,0.8658392429351807,0.42388293352769085,0.7168902308822278,-0.21733989211657348,0.6107472777366638
306,10.2,0.4439008285817772,0.22311306057845587,-0.157842542397223,0.9986407160758972,0.44649935216135817,0.21191906814758868,-0.1348988066459873,0.9982020258903503,0.44839470181683205,0.21206830017248268,-0.13520109670147812,0.9978876113891602,0.45006544126141057,0.2121400785237013,-0.1351080721747912,0.9984834790229797,0.4392421324196069,0.21190285943549897,-0.1569339090717305,0.9988448023796082,0.43788714961120423,0.21199799993419854,-0.15732953851828468,0.998968243598938,0.43803584863345624,0.21225372398704528,-0.15754570360460873,0.9992650151252747,0.45027404538256705,0.2169822426075795,-0.024830529729813602,0.9987104535102844,0.4353871223080599,0.217971368632998,-0.12285109592792266,0.997961163520813,0.44717429816065557,0.23595030639179448,-0.11117684698008073,0.9971516132354736,0.44090919657405503,0.23687721946840196,-0.1427512339437632,0.9975020885467529,0.4518804697982777,0.29388618535037986,0.10798353533569584,0.9998610019683838,0.4378425577789309,0.29553092599074904,-0.16991238704705744,0.9995155930519104,0.4753131799442764,0.3604158216467845,0.1834222996186181,0.571852445602417,0.4715328489744146,0.35896070354056775,-0.31203625506811783,0.6279914975166321,0.5230107090463122,0.39677719655501664,0.13164112016911073,0.6188029646873474,0.49426378999486886,0.3850083385545505,-0.46329961562412614,0.58345627784729,0.5308726917928016,0.4116337430669549,0.1335667760552605,0.6229397058486938,0.4992571198373758,0.3870977590837578,-0.5286714110732117,0.5693862438201904,0.5355566421886602,0.4090659833617418,0.07598151746785889,0.6300666928291321,0.501944128934882,0.38497192459462787,-0.5201768591805913,0.5701963901519775,0.5307441776647834,0.40464726354194286,0.10908496919404931,0.6159660220146179,0.4997126160490785,0.3832540572422112,-0.4642756784890358,0.5263099670410156,0.4372111449512915,0.4780909210625336,0.09785640426545338,0.9999297261238098,0.4222682946494732,0.4683494605551009,-0.09826055230075562,0.999845027923584,0.44190596414168193,0.6067511571538872,0.09178219595662562,0.8332091569900513,0.42905914021494107,0.5452721245211933,-0.37795880412185257,0.7561037540435791,0.42636581926633577,0.7418822171558547,0.20003670272418356,0.9147728681564331,0.3990283678088293,0.6630043988666608,-0.21029227305335352,0.6851315498352051,0.4240057123136747,0.758329215562613,0.19845748913949987,0.8278217315673828,0.3943042995248528,0.6668789838147833,-0.19584374732874302,0.5806068778038025,0.43382578723687454,0.7863018103483626,0.07459935352992653,0.8741011619567871,0.39929054991217183,0.7176644499545892,-0.30472293792938393,0.6324056386947632
307,10.233333333333333,0.4422380825654002,0.22646367135948325,-0.18089025403913844,0.9987629652023315,0.4458455116852713,0.21545463111036106,-0.155106429678174,0.9983605146408081,0.44831832939074673,0.21561540795563747,-0.15541586408375663,0.9980669617652893,0.4505524448929977,0.21570833518519608,-0.15532190185656258,0.9986178278923035,0.43663633892150344,0.21542925750383504,-0.1756670000914708,0.998945415019989,0.434919762826825,0.2155750172018438,-0.1760672747672363,0.9990546703338623,0.4346814931098083,0.21585775328140805,-0.1762903357915121,0.999322235584259,0.4520063817126992,0.22053707366964548,-0.03165722849767268,0.9988158941268921,0.43204931125455986,0.2217717241671911,-0.12636555928001636,0.9980971217155457,0.44699207117171447,0.23937199228850425,-0.13001170284488595,0.9974169135093689,0.4389425097992837,0.24036954293905108,-0.15970896305541943,0.9977151155471802,0.4598395152385779,0.2985925138660852,0.10379552250279633,0.9998714327812195,0.4324150917864615,0.29924606394118813,-0.1635644183373313,0.9995061755180359,0.48951081740506464,0.36350120983556117,0.17095785247093942,0.6095503568649292,0.4654703940129551,0.35795450630999337,-0.3287595964469792,0.6353535056114197,0.5394244378515344,0.4003599313670286,0.11235072836616536,0.6552731990814209,0.49463798728947467,0.3804837160684878,-0.5242798986430015,0.6047571897506714,0.5482961871830805,0.41535440386137307,0.11234383655691149,0.6582304835319519,0.5002590627141059,0.3829169509969036,-0.5973995259524344,0.5896549224853516,0.5522806325788456,0.41331777287746285,0.05601280904110142,0.6651075482368469,0.5038611723955204,0.38006137186738453,-0.5895993638857622,0.590832531452179,0.5473657859211161,0.4089009785042479,0.09022146550170046,0.651559591293335,0.5017338132956026,0.37862106965845765,-0.5271469566560709,0.5381657481193542,0.4398677895888406,0.4823157424273417,0.09501684124713916,0.9999286532402039,0.41681018962166894,0.47024109306039563,-0.09537523621655619,0.9998392462730408,0.4396893158913485,0.6168164209276499,0.07305712562910915,0.8389335870742798,0.4136449407469038,0.5452012081367598,-0.4419446286612198,0.7786820530891418,0.4221749579802069,0.7538623326871674,0.17998522045519205,0.9216852188110352,0.38225655004488496,0.6633419805269025,-0.2645910191026582,0.706891655921936,0.4183144665158138,0.7710801817143103,0.1782382693165198,0.8318893313407898,0.37867100191936715,0.6687166309417016,-0.24967344380801026,0.5819456577301025,0.4317464273378379,0.7970518796054689,0.039193840123539325,0.8842072486877441,0.3802867423318874,0.7187888025424732,-0.3727569450506347,0.6604646444320679
308,10.266666666666666,0.4426619840253129,0.23141158667475561,-0.20172311138230276,0.9988861680030823,0.4469290688033873,0.22062771590229519,-0.17407574952123778,0.9985235929489136,0.44974097552795406,0.2207758809016326,-0.17440858331695908,0.9982590675354004,0.45236094257127724,0.22090072930412588,-0.17431271931985315,0.9987552165985107,0.4368640009977498,0.22073271635562344,-0.1942904469691682,0.9990500807762146,0.43478522855943047,0.22094782543928526,-0.19469383858993614,0.999148428440094,0.43395832605213625,0.2212332099986254,-0.19492319965657234,0.9993890523910522,0.4543974397197988,0.22600494348352346,-0.04042408320999129,0.9989335536956787,0.4307117036116729,0.22726341196338684,-0.13346325909749804,0.9982836842536926,0.4481933214223685,0.24433523245238076,-0.14770898631405846,0.9976739287376404,0.4390646735033613,0.2453687704420008,-0.17676504550640032,0.9979405403137207,0.4664831262671037,0.30500393738576964,0.09956009812406519,0.9998815059661865,0.4290472214265574,0.30303860285486883,-0.16750797480780055,0.999492347240448,0.501600912959152,0.3665466443945621,0.17168120075754856,0.6444554328918457,0.45617158403526153,0.35087754443008934,-0.3683027246019662,0.6687492728233337,0.5546841845384644,0.40307830119220867,0.1100045293037817,0.6890873312950134,0.4859441799415116,0.3633014208180176,-0.6081203892496697,0.6396548748016357,0.5649493566822075,0.4184960146236318,0.10795303755109353,0.6913572549819946,0.491158703452691,0.3618993196362123,-0.6883990267054316,0.6226831078529358,0.5685689622646021,0.4168550568055972,0.04891468297888441,0.6977934241294861,0.49558272267686265,0.3611771663275384,-0.6787938318515401,0.6238144636154175,0.5634213820568368,0.4124053113367433,0.08664254009708884,0.6853897571563721,0.49371600060395016,0.3609419376150046,-0.6119779371458725,0.5706751942634583,0.4426309761761967,0.48733750714800245,0.09027001279147939,0.9999180436134338,0.4148668425171621,0.47316466135400914,-0.09063615742974562,0.9997823238372803,0.44017718343898804,0.6252876745667134,0.05016956499691731,0.8536945581436157,0.3961869931775945,0.5449134238644285,-0.355591130508915,0.7760818600654602,0.4205986328586967,0.7640865291426803,0.13959264761076237,0.9287703633308411,0.3588354827813529,0.6532903052043949,-0.13922358045337524,0.697059154510498,0.4141142145972714,0.7821291488876798,0.13626033585652852,0.8431102633476257,0.35513086106313935,0.6596898102097339,-0.12120389673553793,0.5554101467132568,0.4322995174940054,0.8056602024843248,-0.01946709809768424,0.8945564031600952,0.35263818702547695,0.7030012966520537,-0.2398730836524019,0.6536821722984314
309,10.3,0.44307866940577545,0.2398888734807179,-0.22241597122816148,0.9989973902702332,0.44779638163563906,0.22901977069094356,-0.19498890836487742,0.9986709356307983,0.4509206794047137,0.22915156827048136,-0.19532999816807953,0.9984328746795654,0.45389037448873537,0.22928657971269936,-0.19522194593732317,0.9988794326782227,0.4372851905454461,0.22917931574694417,-0.20994760846487204,0.9991447925567627,0.4349212479846867,0.22942644901377868,-0.21035316415370228,0.9992333054542542,0.433559611692663,0.22971717099707198,-0.2105719138724449,0.9994498491287231,0.4566003717652118,0.23462564846997686,-0.05908920512157677,0.9990399479866028,0.43007410484795916,0.23603655244002206,-0.13076689688445006,0.9984540343284607,0.4491430143969878,0.2527291334433539,-0.16804096704273155,0.9979060888290405,0.43938249051091993,0.25380537639509426,-0.1901611713074805,0.9981455206871033,0.4723862580452914,0.31363355424329487,0.07468892472921977,0.9998927712440491,0.42560168035263124,0.3119671079416529,-0.13324177669694062,0.9995276927947998,0.5139151308159038,0.37090168950766933,0.13870207332298815,0.6796966195106506,0.43857226351315054,0.3529766494977141,-0.27446472488048085,0.6922145485877991,0.569760307248077,0.4053765553184109,0.06527967574917212,0.7201000452041626,0.45460218918924744,0.3599409644227703,-0.4793651666096837,0.6718983054161072,0.5813932614307858,0.42061367859608084,0.05899012957603898,0.7220167517662048,0.456507265580258,0.3588624189739276,-0.5468841537621841,0.6543006300926208,0.584848577883192,0.4190987383172746,0.00258180404311531,0.7278489470481873,0.4587529808943734,0.35371360217810244,-0.5483780377078339,0.6561686396598816,0.5792836766293613,0.41468515526505334,0.042554882641534446,0.7166115045547485,0.4591931799096268,0.3551409765225285,-0.4868880894706325,0.6078425645828247,0.44518573019125146,0.4935770562169455,0.07225541133616618,0.999917209148407,0.41450057198986223,0.47846513315400546,-0.07259589116519673,0.9997706413269043,0.44229041887428,0.6333101081892525,0.027448637806010735,0.8673449754714966,0.3867752861289029,0.5411633635921094,-0.3295496833848707,0.7952227592468262,0.4205649319692386,0.7719947731637871,0.11347668346112011,0.9353569149971008,0.3498174407384774,0.6363033654454167,-0.1024119680225145,0.6933997273445129,0.41243643903793825,0.7902670329397925,0.11026611319723115,0.8554653525352478,0.34576706796431217,0.6429317659300362,-0.08299728886137188,0.5547036528587341,0.4332307246592532,0.812354498769134,-0.053264300150438884,0.9043787121772766,0.34272237613581047,0.6790635748668508,-0.19819885658089123,0.6643732786178589
310,10.333333333333334,0.4453816643704195,0.2458409798556118,-0.24701504919866674,0.9990975856781006,0.4503311589379293,0.23522715401118074,-0.21863094960493562,0.9988036155700684,0.4537290415508296,0.23534483801087513,-0.2189729554104391,0.998589277267456,0.45705770293433723,0.23548337427088495,-0.21885767531065847,0.9989912509918213,0.4395849908788594,0.23542415730463215,-0.2326430532830389,0.9992302060127258,0.4370502746821512,0.23567989728245756,-0.2330534550845969,0.9993098974227905,0.43530374975643127,0.23595483885124194,-0.23326776420216105,0.9995047450065613,0.46070013439668117,0.24076349032816347,-0.07652689330519578,0.9991356730461121,0.4318765296114376,0.24227459268727955,-0.14270939615112543,0.9986081719398499,0.4518326637500219,0.2586026778503689,-0.19064402138697656,0.9981151819229126,0.4417164172994099,0.25967257302200997,-0.21131261688574926,0.9983305335044861,0.4786849344770123,0.31985889070030554,0.059071338167902804,0.9999024271965027,0.4239197270246618,0.31950243118913335,-0.1252944574172155,0.9995688796043396,0.5261688185456274,0.374227785142266,0.12208869424466273,0.7108200192451477,0.41605693730793536,0.35588779637290957,-0.2549626332388061,0.7223989367485046,0.585219624082187,0.4016884764840548,0.037575924779591534,0.7478221654891968,0.41095917031846835,0.36117864142424344,-0.42866323686039726,0.7037924528121948,0.5986910182782914,0.4160217573098257,0.02837371815840256,0.7491300702095032,0.4077976147082211,0.35976857583804994,-0.4605986111332131,0.6863893270492554,0.6020768448733795,0.4143118389642671,-0.027857286987257614,0.7545452117919922,0.4089479645555178,0.3527879371464392,-0.5305360824214549,0.6884190440177917,0.5958236800007302,0.4100213224957384,0.013940063053757237,0.7444035410881042,0.41086651743820063,0.3549290548849752,-0.4633311476744528,0.6444408297538757,0.4499462817072438,0.5005428796445056,0.06376491488844178,0.999920666217804,0.4174102493654123,0.4837927340761956,-0.06409813025379346,0.9997819662094116,0.44726794618289273,0.6414484881230739,0.01707861866403046,0.8795240521430969,0.37332335903264424,0.5373315650266092,-0.2719980399029319,0.8072223663330078,0.4226881031252261,0.7785825136988713,0.10272984783517075,0.9406266212463379,0.3249394858545534,0.6221066645071878,-0.042961643041654625,0.7028685212135315,0.4136986513327072,0.7970633748411966,0.09967128041940335,0.8665658235549927,0.31945891367365103,0.630057149965785,-0.023691497351626963,0.5612592101097107,0.43644931007128873,0.8176517252348318,-0.06671293887814354,0.9125746488571167,0.31445934042500684,0.6571229631087464,-0.14066138807601541,0.6797630786895752
311,10.366666666666667,0.4452349634612677,0.25067342427170736,-0.2654022074793696,0.9991878271102905,0.4503037011211732,0.24011056106484271,-0.23692409212021387,0.998923122882843,0.4538933738692229,0.24021924395046043,-0.23726828063949984,0.9987301826477051,0.45742817339271846,0.24037804439671023,-0.23715291063963895,0.9990919828414917,0.43959511415505953,0.24046796971800344,-0.24958755377851333,0.9993070960044861,0.43687211837791634,0.240807377201479,-0.24999544308451302,0.9993788599967957,0.43469159717641626,0.2411466703929911,-0.25020080588274973,0.9995542168617249,0.46155354139896243,0.2457074922698219,-0.0935181707271118,0.9992219805717468,0.43095421053752875,0.2473265550725867,-0.15269920120270916,0.9987470507621765,0.45192964920190243,0.2631715199869376,-0.20896423196725192,0.9983034729957581,0.44171746752798446,0.2643019401931361,-0.2276787039709829,0.9984971880912781,0.4822596292288155,0.3246955363773143,0.0401309285874481,0.9999117255210876,0.4198248854167902,0.3256203426714389,-0.12179897704300693,0.9996060729026794,0.536289143963355,0.37660341946333575,0.09470493126819628,0.7392377853393555,0.39710298853009085,0.3585694159014426,-0.24400014146116766,0.7494093179702759,0.5978221987257999,0.39788915725004786,-0.003966743659470577,0.7728452682495117,0.3755449348501232,0.36325287573088755,-0.41779968867838524,0.7320483922958374,0.6126598602561748,0.4111351879608519,-0.01647011898638044,0.7737246155738831,0.368029850105292,0.3615417659273763,-0.4503556102000066,0.7146327495574951,0.6159267595375012,0.40949701397428406,-0.07187416222279791,0.7787051200866699,0.3682711329365957,0.354284664273539,-0.5177861783924687,0.7169053554534912,0.6092556583754756,0.4054441302193938,-0.028205180548432456,0.7695542573928833,0.37150728942394845,0.3569952638023334,-0.4519549909368812,0.6770354509353638,0.45214611965663515,0.505848279485988,0.05755252652109224,0.9999253153800964,0.4192942966768343,0.4894771679757428,-0.057899722455633164,0.9997921586036682,0.44849562984965247,0.6473982529702407,0.012144680601794345,0.8909276127815247,0.36305343326807915,0.5274753754303312,-0.22866494545337354,0.8214870691299438,0.42195378265223915,0.7844731960642845,0.09496001833798866,0.9458202719688416,0.31157254823984143,0.5909328933816298,-0.010303683218440371,0.7190216183662415,0.41265593585434013,0.8029202805587776,0.09192029265872789,0.8782406449317932,0.3048062625781492,0.598417604339886,0.007772336175778181,0.5889904499053955,0.43736443173565875,0.8215681610548108,-0.07354623879199597,0.920494019985199,0.29616625827607135,0.6132908343100265,-0.10204963590918445,0.7028665542602539
312,10.4,0.44568303506283957,0.2529926736140251,-0.30462479354352995,0.9992689490318298,0.4505461490691284,0.2433893115107289,-0.2759513025618606,0.9990302920341492,0.4541223907105236,0.24347230001016162,-0.2762986249837964,0.9988565444946289,0.45770521743417114,0.2436342046277581,-0.2761833756330747,0.9991822242736816,0.44028307738388517,0.24356871897638757,-0.28647206720366536,0.999376118183136,0.43752588132343195,0.243785887100871,-0.2868847935943539,0.9994407296180725,0.4351375132327281,0.24397930396594153,-0.2870856906433099,0.999598503112793,0.4622444921780503,0.24919992806640284,-0.1279171249180775,0.9992992877960205,0.4314176442908778,0.2507320548143778,-0.17689448541608105,0.9988712668418884,0.452182230800786,0.26523695848511886,-0.24673982034454728,0.9984726905822754,0.44240152983795694,0.2659374328994973,-0.2624913690841305,0.9986467957496643,0.48585191883745454,0.3276456245785519,0.007055604405857414,0.9999195337295532,0.4170082832539181,0.32859542055090896,-0.13190209380934262,0.9996403455734253,0.5451020313516282,0.37344646818508775,0.059868854311594784,0.7651335597038269,0.38061858291893186,0.36050304271733136,-0.2402947150117293,0.7742530703544617,0.609328134914966,0.39129338467174274,-0.04646843014482539,0.7954897880554199,0.34582072501962113,0.36589815512638135,-0.42296699141561184,0.7586057782173157,0.6253581011799952,0.4041097678272567,-0.06247193841968957,0.7961338758468628,0.3349879060164228,0.36497438075523897,-0.45638662212339864,0.7424616813659668,0.6285628465933998,0.40254668300111063,-0.11775200447801898,0.8006700873374939,0.33454166871305757,0.358251869161052,-0.5254651151310306,0.744641125202179,0.6212569702878035,0.3985826651284829,-0.0712791495510432,0.7924180626869202,0.3391856238294018,0.3607719568205401,-0.4580072026763158,0.7086449265480042,0.4542208552505708,0.5086046254880401,0.04914681014953972,0.9999263882637024,0.4200998919651169,0.4939141579336964,-0.049521564151310274,0.9997994303703308,0.44863520639346877,0.6506453116263273,0.0007858184269721995,0.9001960158348083,0.35010925611672616,0.5219104856265571,-0.1923719783664785,0.832045316696167,0.4215355920297106,0.7885135978399919,0.09070693112251324,0.9497188925743103,0.2895266182635837,0.5673633590060767,0.028488080195190432,0.7341892123222351,0.41213592561972406,0.8070735297242404,0.0876033490236527,0.8855623602867126,0.28387027177522184,0.5818343215700557,0.046225828886861976,0.6018428206443787,0.437902964915307,0.8249187564914789,-0.08077387501791648,0.9268598556518555,0.27340438769039405,0.5979128248382,-0.06969361743661955,0.7219932675361633
313,10.433333333333334,0.4461918053101049,0.2530444613142207,-0.33946849663932066,0.9993419051170349,0.450831009415144,0.24453635575510302,-0.3109085480651935,0.9991264939308167,0.4543279648911618,0.24464345389913789,-0.31126055159064353,0.9989699721336365,0.4578986335961127,0.24483633373219219,-0.31114800675302795,0.9992632269859314,0.44105916318253324,0.24444826473378262,-0.3192150327964911,0.9994380474090576,0.4383071748978711,0.24454725755632528,-0.31963229280060634,0.9994962811470032,0.43578899969513374,0.2445737715464507,-0.319829838838431,0.9996381998062134,0.4627826998133117,0.2513298737481177,-0.15967946281387402,0.9993687272071838,0.432070597879349,0.2520236312473611,-0.19830380003774362,0.9989825487136841,0.4523615027216062,0.2651350065685366,-0.2805803406179871,0.9986248016357422,0.4430656066813742,0.2653847430035655,-0.29333025948737157,0.998781144618988,0.4889242124057923,0.32959908232281043,-0.024932741780239846,0.9999265074729919,0.4147264891105762,0.3301953485583653,-0.1406428575393543,0.999670147895813,0.5523152313790393,0.3694621529223051,0.025357216787237843,0.7884671688079834,0.3671556648421517,0.36178862133566436,-0.23678076426697756,0.7965214252471924,0.6185802914346068,0.385481255280712,-0.08731099221527047,0.8158597946166992,0.32211206692679617,0.3683781120001831,-0.4296598725630365,0.7824114561080933,0.6355631826467486,0.3979561360331727,-0.10657013552282393,0.8162668943405151,0.3086627724636114,0.36838228202873624,-0.46450924130085386,0.7672803401947021,0.6387810847321782,0.39638496669263307,-0.1615383320485383,0.8204103708267212,0.30767056389134007,0.3623385130792508,-0.5333963654142151,0.769417941570282,0.6310226267566474,0.3924713187276133,-0.11247738198330953,0.8129631876945496,0.3133931382098291,0.36447211838461735,-0.4646989196172291,0.7368978261947632,0.45614380425175616,0.5103464138550556,0.04041729262511344,0.9999279379844666,0.42040121228246685,0.4965554143074709,-0.04081447016722601,0.9998072981834412,0.448331868905653,0.6527981598517977,-0.0071332378807569125,0.9084896445274353,0.3387918109605607,0.5196926161560615,-0.1622533844508776,0.8419339060783386,0.42139786054101885,0.7912387328659201,0.09534298416029377,0.9528948068618774,0.27023384739594913,0.5521625031746428,0.06253013422584228,0.7481721639633179,0.412187922434931,0.8098545698930362,0.09387232251642595,0.8909003734588623,0.26536368766649593,0.5772963633275383,0.08013867676148352,0.6138443946838379,0.4380812384540418,0.8274623470244585,-0.08077661781423333,0.9321831464767456,0.2531035805146957,0.5928377237452306,-0.04196432940372584,0.7391565442085266
314,10.466666666666667,0.44643327970295116,0.24771969970550298,-0.38217385370477064,0.9994074702262878,0.4508770178341538,0.2400740507317784,-0.3554737275730639,0.9992126226425171,0.4543587803860509,0.24017379746257847,-0.3558426397206893,0.9990717768669128,0.4580201061990101,0.24037027677013922,-0.35573954338500874,0.9993358850479126,0.44155062268477263,0.24012550274401034,-0.3618503127069316,0.999493420124054,0.4388726539360386,0.24026897070284436,-0.36227123375607784,0.9995459914207458,0.43633673510899107,0.24028089262779456,-0.36246746236854127,0.9996735453605652,0.4629642044090714,0.2476788018487992,-0.2066618999273142,0.9994311928749084,0.4330407944413524,0.24881815391336512,-0.23567599338340278,0.999081552028656,0.45237918488205475,0.2604285465641327,-0.32400705235929855,0.998761773109436,0.44342615611590747,0.26089482313396417,-0.33402607841584975,0.9989019632339478,0.4909890001407106,0.3262393946471106,-0.07364214793672622,0.9999335408210754,0.4121248286687335,0.3279634810876552,-0.1633392981035157,0.9996975660324097,0.5584060626195799,0.3620644946982119,-0.025109546869762283,0.8094403743743896,0.3573916186283386,0.3611219947486198,-0.24300857582534852,0.8161159753799438,0.626594618908047,0.3767100972129027,-0.140952704580832,0.8341478705406189,0.30461433581337893,0.37153628353644264,-0.43862740045858384,0.80291348695755,0.6448198116856809,0.389528645579277,-0.16298799617767845,0.8342450261116028,0.28956158177637537,0.37270397241239234,-0.4741336875484571,0.7872219085693359,0.647995742096012,0.3880933128732447,-0.21786389097216896,0.8380718231201172,0.28803008601915403,0.36732000067151754,-0.5416660444711086,0.7897587418556213,0.6397103888749804,0.3843477983098439,-0.16639151937397947,0.8313419818878174,0.294367604532444,0.3688774821021592,-0.4729989228183148,0.7603996992111206,0.45728514449382546,0.5067516129718266,0.030025633212014742,0.9999293684959412,0.42047001545110035,0.49261124244484794,-0.030460784180819548,0.9998074769973755,0.4475984521271947,0.6507300589781383,-0.025930214051884653,0.91615229845047,0.3313092462760378,0.5154155239686719,-0.1100261442328438,0.8166817426681519,0.42144613755120447,0.7920323588675606,0.07358787925419594,0.9557188153266907,0.2647052367235124,0.5500992708112826,0.1303584500169519,0.7236142754554749,0.412778062951626,0.8103110112003375,0.07198955900713572,0.892500102519989,0.2600888434335949,0.5746908536744633,0.1490151510485127,0.5888262987136841,0.4381827367510972,0.8291957330555155,-0.10946280890686577,0.936896800994873,0.2468860309584569,0.5871772362390068,0.027052657627570725,0.7244421243667603
315,10.5,0.4469463218560554,0.23966474205580354,-0.4060309634412822,0.9994666576385498,0.45136057859529277,0.2323096835941034,-0.38068810764482375,0.9992911219596863,0.4548149571816783,0.23252859028476897,-0.381073836099263,0.9991642832756042,0.4585032185434419,0.23284675293855384,-0.3809770882827251,0.9994020462036133,0.4422312171772468,0.23228833595604115,-0.38459182572188405,0.9995439052581787,0.43952267704651454,0.23250043551821445,-0.38500963416709555,0.9995911717414856,0.4369097195077406,0.23256010800697755,-0.38519128112994006,0.999705970287323,0.46341059501740006,0.24041835417380736,-0.2338340649929873,0.9994878768920898,0.433779088146541,0.24110660652037824,-0.25085210285361886,0.9991722702980042,0.45256493345308973,0.2528918591033119,-0.34842495810826407,0.9988853335380554,0.4438486845787596,0.25317935722857465,-0.3549558646301241,0.9990112781524658,0.49232052237302504,0.3190377462228099,-0.10944864109298134,0.9999399185180664,0.4094065835343387,0.32167402554884905,-0.16999158932720182,0.9997218251228333,0.5617871762520441,0.35244562955331166,-0.0681294109949282,0.8283158540725708,0.3509765534187289,0.3593345458381119,-0.22576708223571734,0.8336207270622253,0.6310782665077027,0.3656743256858598,-0.18925552589739897,0.8506230115890503,0.2940284383119793,0.37463421763560106,-0.4199207414950845,0.8221105933189392,0.6502126662432555,0.3787757976861576,-0.21592729994105841,0.850505530834198,0.27814821616126223,0.3777152009119153,-0.45601815309728894,0.8071386814117432,0.6533611091754629,0.3773258443409908,-0.26875940924950315,0.8540191054344177,0.27614287987866026,0.37284376016455084,-0.5215043789444606,0.8097017407417297,0.6448159430151966,0.3736735122876009,-0.21422935345975846,0.847892165184021,0.2826958188240902,0.3735532496786466,-0.453535538701468,0.7831214070320129,0.45806352002344225,0.4999257022690387,0.014283166278358675,0.9999313950538635,0.419985120163693,0.48570162080026624,-0.014759653517120759,0.9998027682304382,0.4459270462020116,0.6460353682922835,-0.05403244654652373,0.9239407777786255,0.32622836677286815,0.5075053845730616,-0.01515477523423478,0.7862681150436401,0.4214220919062421,0.789001409362733,0.04251599235377028,0.9592245817184448,0.2626964645621372,0.5344284245356374,0.28259643564223336,0.6766542196273804,0.413428716679194,0.805954800562142,0.041130272683494014,0.8946230411529541,0.2575591500265627,0.5554323926798821,0.30743443869456505,0.5590900778770447,0.43661122379312833,0.8301888299071325,-0.14407944566978237,0.942254364490509,0.24470612048206214,0.5641732871518126,0.20155535774155464,0.6918100118637085
316,10.533333333333333,0.44729654410838066,0.23146181504666993,-0.4081017625691209,0.9995182752609253,0.4515944500657592,0.22379069347359828,-0.3838041116293215,0.9993562698364258,0.4549720736309927,0.2240054498033142,-0.38418400879149817,0.9992411732673645,0.45863251078093814,0.22428556609244513,-0.38409615221463483,0.9994562268257141,0.44259397901874153,0.22368395847382405,-0.38057223361940595,0.9995860457420349,0.43976669323625905,0.22384485110030916,-0.38097561309358324,0.9996287822723389,0.43704396925364675,0.22383962227992094,-0.38115731115526386,0.9997321963310242,0.4635187571833786,0.23160579418366462,-0.23853825035254803,0.9995319247245789,0.4343186060603015,0.2322021612612516,-0.23527754664545303,0.9992413520812988,0.45263671473572886,0.24475766049510794,-0.3515868572740701,0.9989908337593079,0.4438788423155339,0.244987273205848,-0.34944489283049057,0.9991024732589722,0.4927959007564359,0.31074709074531576,-0.11790601183984235,0.9999433159828186,0.4068617622868322,0.31372443367972025,-0.144189920349446,0.9997329115867615,0.5628149267951643,0.34244734928931464,-0.096276831204344,0.8403010368347168,0.3475827073927257,0.3573329571033871,-0.18508913313794748,0.8375370502471924,0.6335423466467616,0.35461206731191713,-0.2394382931514779,0.8609808683395386,0.2873450014295098,0.37920582648840423,-0.3780791744771559,0.8309189677238464,0.6534237922736391,0.36667380597601185,-0.27233999087969774,0.8574749231338501,0.27095745023613593,0.3847099525203834,-0.4144990557589884,0.8098852038383484,0.6551652757165294,0.36473644428940244,-0.3218129934298962,0.8622198700904846,0.26837117025947166,0.38030903384123155,-0.4783021555046337,0.8148825764656067,0.6471580655163369,0.3618105039151882,-0.26375399268067606,0.8555837273597717,0.27517962512642613,0.3801083542173451,-0.41108651682623454,0.7903971076011658,0.4584646096109265,0.4913472478459963,0.0009475610085991088,0.9999265074729919,0.419213208325858,0.4783714553045275,-0.0014467959734679285,0.9997929930686951,0.44314652184906894,0.6387091875957195,-0.0719326129424674,0.9152620434761047,0.3326841572801091,0.5036233491862518,0.024673666882625865,0.7183968424797058,0.42103479739684213,0.7835529193420399,0.01723693980259622,0.9495180249214172,0.2803187656410076,0.5327257166651342,0.3370667236868719,0.6147578954696655,0.4142868477856776,0.7998028124363694,0.015497286079996939,0.8520036339759827,0.2764940649187773,0.5512750157679686,0.3636073195224231,0.5100666284561157,0.43017964795016284,0.8291309802647779,-0.17333948034826663,0.9321238398551941,0.2639526745886539,0.558841562947288,0.2630903358154078,0.6318941712379456
317,10.566666666666666,0.446047497880369,0.2251944223521622,-0.37859258168787474,0.999546468257904,0.450765410904828,0.2169020763508397,-0.3569798010725856,0.9993866682052612,0.454182638231563,0.21710350848746301,-0.35735464526185423,0.9992771744728088,0.4578992429863767,0.217378814362243,-0.3572745229783766,0.9994782209396362,0.44160102780854754,0.21666470827714118,-0.3497663865497035,0.999605119228363,0.4386182315242729,0.21676693518986023,-0.35016427610822554,0.999641478061676,0.4357336830584993,0.21673709833798174,-0.3503443947641174,0.9997414350509644,0.46317881254748905,0.2246502346538743,-0.22705292634844293,0.9995441436767578,0.43325424326733886,0.2250290796105887,-0.20287350448678937,0.999271035194397,0.4510175817886969,0.23868100101210027,-0.32769403025228205,0.9990389943122864,0.4419110729278893,0.2389402481955451,-0.3202267058973791,0.9991385340690613,0.492613454940646,0.3031526275656266,-0.13890788448080096,0.9999340176582336,0.40414181284973816,0.3083211162572634,-0.10385772403078829,0.9997228384017944,0.5371318696299706,0.32923132480669903,-0.17297000733605875,0.8522493839263916,0.3452585781190223,0.35848798063791887,-0.12933352406247794,0.8143898248672485,0.5937817569351219,0.32396037570978253,-0.3282290054992371,0.872327983379364,0.28559708854734267,0.3863578544339629,-0.31177251714965026,0.8371517658233643,0.6091259604591861,0.32970878171588147,-0.3705182188451003,0.867198646068573,0.2690238819287348,0.3947618022792193,-0.3458479899841026,0.814531147480011,0.6118678065861008,0.3240353135626316,-0.40572817550289497,0.8712877035140991,0.26654641966507486,0.39118157169895396,-0.40550601358195143,0.8203282952308655,0.6045717798123418,0.3269824826332361,-0.347298234607052,0.8629884123802185,0.2733221288947211,0.3895398701320081,-0.34295715418413075,0.7972846627235413,0.4544536426736865,0.4848281521341167,-0.01708707845605954,0.99992436170578,0.414418276391061,0.4728593106034161,0.016615979056246066,0.999798059463501,0.43813656376752996,0.6328414773469643,-0.08167065322758872,0.9182014465332031,0.3318752158732837,0.5008559126195373,0.04651020723736289,0.7025930285453796,0.41858740751912377,0.7790325865941973,0.01696883125868824,0.9467640519142151,0.2876703276846302,0.5289882071102812,0.3701598221169932,0.5879350900650024,0.4140820250750965,0.7941745452133355,0.01892232225539225,0.8216041922569275,0.28713273451669497,0.545591463692099,0.3985867633378733,0.48830437660217285,0.42146489209227395,0.8274519075817367,-0.1608671021105508,0.9273423552513123,0.26612249457292647,0.550886667284316,0.308792215684995,0.6090120673179626
318,10.6,0.44443715628844527,0.22000734562787103,-0.352397116939631,0.9995682239532471,0.44947991173574153,0.21094380360411094,-0.33264624543619314,0.9994061589241028,0.452914627027236,0.2110694446307688,-0.33301407400658756,0.9992954134941101,0.4566457488232048,0.21130875393148807,-0.33293780052204397,0.9994876980781555,0.4401915578938726,0.21076021491266056,-0.3227723066437942,0.9996203780174255,0.43707607659193376,0.2108607082829829,-0.32316559563803593,0.9996518492698669,0.43403660044389564,0.2108607824295437,-0.32334624128929323,0.9997515082359314,0.4621495563946741,0.21878845284013462,-0.2131986903301841,0.999533474445343,0.43164755590801984,0.21950290845684792,-0.1736332016487322,0.9992890954017639,0.4490257420735741,0.23384678713649562,-0.3052966881139331,0.9990458488464355,0.4397453754356682,0.23468815840355017,-0.2942119023146441,0.9991433024406433,0.4915350853213658,0.2974087360854788,-0.15208939202994826,0.999915599822998,0.4019201099846157,0.3045022149287975,-0.06827300884733042,0.9997159242630005,0.5163160304934827,0.31823542205455846,-0.22050524138602562,0.8398711681365967,0.34375783383045144,0.35988190075881776,-0.08289927530935538,0.7865472435951233,0.5555351881419337,0.30765515731251925,-0.3784976718077425,0.8537353873252869,0.28571494574174083,0.3925561391288423,-0.26236133521122457,0.8391083478927612,0.5662874053104813,0.3107450896646636,-0.4265492112579724,0.8444796800613403,0.26933016839805424,0.40299043063739887,-0.2960878492280405,0.815623939037323,0.5691935254213936,0.305419793432134,-0.4518841042095547,0.8480545282363892,0.2668857406290101,0.4000699226773458,-0.35272099065233514,0.8225143551826477,0.5635963745246321,0.3089057525773261,-0.39361627964770135,0.831709623336792,0.2735544606858743,0.39761639664865,-0.2923586714081836,0.8003928661346436,0.449789774528997,0.4804883742545989,-0.03085165488354306,0.9999269247055054,0.409756760475406,0.46830395140380876,0.030412599283810487,0.999811589717865,0.4337836770086846,0.628849537261396,-0.08652147729611531,0.9182491302490234,0.33152924041335863,0.5010729125879817,0.05221858339402224,0.6920334696769714,0.4160084648939719,0.7753196075448778,0.028213617387511228,0.9434198141098022,0.2935353576128683,0.5265543795472821,0.39833064416304037,0.5507871508598328,0.41362827377235645,0.7895257540298205,0.0325586484231802,0.7862086892127991,0.2940362348511487,0.5402274625501384,0.4302838470738626,0.4577033519744873,0.4144885929741013,0.8260208433187233,-0.13965164349669482,0.9204846620559692,0.2712148039372815,0.5468369962081888,0.35295990879074696,0.5741929411888123
319,10.633333333333333,0.442803969854941,0.21624174546916858,-0.33176294848794236,0.9995810389518738,0.4481507036590828,0.20617676495675233,-0.31323358560419445,0.9994150400161743,0.4516019833872053,0.20623040118133823,-0.31359707652300084,0.9993090033531189,0.45532870858665586,0.20643399009841265,-0.3135261512451293,0.9994932413101196,0.4387563344953318,0.20597158177780392,-0.3014538461924151,0.9996246099472046,0.4355339632379466,0.20599638503865508,-0.3018380876852311,0.9996488690376282,0.4323653440267416,0.20591543571310253,-0.3020181789461629,0.9997492432594299,0.46091239255595357,0.21398761296699706,-0.20114782313567284,0.999528169631958,0.42992220065221465,0.21452672463845462,-0.15018473483108458,0.9992796778678894,0.44696844011821824,0.230223641449402,-0.28741492082487513,0.9990500211715698,0.43767974919900954,0.23122736407089164,-0.27373585751305307,0.9991349577903748,0.49008391738343915,0.2926308529746967,-0.16284451913123782,0.9999029040336609,0.4001723773093328,0.30114026385991083,-0.039107557131754504,0.9996889233589172,0.4995823761365399,0.3091447865216163,-0.26559491746660885,0.8477268815040588,0.34308507759579526,0.3609048654508207,-0.04258935129096963,0.7552581429481506,0.529746121224673,0.2864610339848758,-0.4302983419076991,0.8637229204177856,0.2864806119991553,0.3973270261602777,-0.21325832392540384,0.8352445960044861,0.5377750822523715,0.284817182458393,-0.4838703020338143,0.8526962399482727,0.2703757621943288,0.40908753053709457,-0.24505027545118999,0.8093480467796326,0.5403840631372684,0.2771361276139443,-0.5002543656645642,0.8557866811752319,0.26787820717293453,0.4065969152526041,-0.2989242715460233,0.8177274465560913,0.5361080657283891,0.2818185963478138,-0.4420458397554561,0.8369104266166687,0.27448842198405327,0.4034915597111844,-0.24201684153972117,0.797015368938446,0.4461384858344485,0.47654443268991875,-0.042146796016702584,0.9999198913574219,0.4063901419970166,0.4644284817755496,0.04173234352459553,0.999805212020874,0.4304428015392155,0.6251839867964706,-0.0926055254255359,0.9163548946380615,0.33232232185812405,0.5038529674876147,0.06436725740438165,0.6607659459114075,0.41400014344381597,0.7717124840815525,0.03494473285693785,0.9376923441886902,0.3027418658802202,0.5258592537324006,0.437859189567396,0.5061818361282349,0.4132725235219724,0.7853552862743185,0.04045687931165277,0.7531742453575134,0.30416329484253934,0.5370300806630539,0.4734631576786912,0.42310601472854614,0.4092757218940489,0.8240213494177391,-0.12738150085609704,0.9117660522460938,0.28137485667140666,0.545176501355092,0.4073342775154717,0.5302111506462097
320,10.666666666666666,0.4393358260185733,0.21324694823688117,-0.31985532620027596,0.9996224641799927,0.4451443132231174,0.20232043306217357,-0.31021259041477345,0.9994732141494751,0.44874269803611233,0.20234229162108894,-0.3105979411564279,0.9993777275085449,0.45254029493481585,0.20253343883887714,-0.31054255662782226,0.9995436668395996,0.4359133417461222,0.20203492946222132,-0.2912329835504921,0.9996618032455444,0.4328540287774157,0.20197940829237235,-0.2916496492708649,0.9996834397315979,0.42982592056371277,0.2018192484680921,-0.2918583589131356,0.9997738599777222,0.45837009007250007,0.20985484342469402,-0.21063907468231058,0.9995750188827515,0.42790525171936356,0.2101981949654472,-0.13818146648728297,0.999348521232605,0.443647340514531,0.22726214080507043,-0.2843986588282496,0.999143123626709,0.43465543726489236,0.22804903967790965,-0.2653549905729412,0.9992180466651917,0.4802737339542531,0.28965166726627606,-0.19982412150964834,0.9999116063117981,0.39967191094570925,0.2980753883785387,-0.005912847094335354,0.9996980428695679,0.4767727783037269,0.3046298371060638,-0.3120230257303584,0.8600051999092102,0.3472546778657834,0.360457383172773,-0.004480550468103219,0.6909903883934021,0.48506567094499375,0.28456757953503653,-0.46589868363702214,0.873575747013092,0.2931751062293632,0.4001904500177601,-0.1872885238055222,0.7843881249427795,0.4878083726374867,0.28497816822678446,-0.5250423082393476,0.8624022006988525,0.27765823655002786,0.4125995337970316,-0.22002037814124295,0.7697104215621948,0.49007771256500743,0.27770467304112556,-0.535609919247224,0.8655008673667908,0.27543115484404707,0.4105824657976303,-0.2733213773141543,0.780835747718811,0.48752234398720184,0.28137076500541924,-0.47449871643325087,0.8438186645507812,0.282087766507716,0.4069376826372,-0.21631375919303808,0.7579785585403442,0.441551608197558,0.47428029305127994,-0.06404344130660919,0.9999248385429382,0.40420537285371144,0.4618043888350887,0.06362846103247233,0.999816358089447,0.42805797790614986,0.6227836548281455,-0.10918082205162072,0.914587676525116,0.34284452621498035,0.5129957788252354,0.13368950934555013,0.6008416414260864,0.41191092017564357,0.7692013332198359,0.022122487494667484,0.9353721141815186,0.3267904904579738,0.5396593021313063,0.5232581575096393,0.463419646024704,0.41265297698301445,0.7827895038098851,0.028372042955420403,0.7509349584579468,0.33049891375382107,0.5495108973798859,0.5606966635629225,0.3999837338924408,0.4047400132353483,0.8224404076460448,-0.13642376421115296,0.911239743232727,0.3058831405850868,0.5627010504962454,0.5035913704587133,0.49114182591438293
321,10.7,0.4342047443423759,0.21009091124520446,-0.28585419555147634,0.9996405839920044,0.440352294918825,0.19904328370975616,-0.2823807235729047,0.999515175819397,0.4433951820616887,0.1991557082639223,-0.282781894106444,0.9994293451309204,0.4465262848715805,0.19944188835474347,-0.28274195559642956,0.999582827091217,0.4328829118179339,0.1987856103152728,-0.25932707975541813,0.9996809959411621,0.4304584286437117,0.19882127070274663,-0.259731279247358,0.9996993541717529,0.42791898865319644,0.19874909956119105,-0.2599289685115912,0.9997826218605042,0.45216206563129546,0.20686440673489692,-0.2170172879999569,0.9996142387390137,0.4263118912110876,0.20715679551482735,-0.11763244200848645,0.9993664026260376,0.43777358065022,0.22412745556942903,-0.25928958722392853,0.9992049336433411,0.43050861170060406,0.2247885350007708,-0.23440971421062665,0.9992510676383972,0.4656856369730118,0.2872350846079453,-0.2215882629657362,0.9999167323112488,0.40029328332027486,0.29413018758682746,0.020752492554159212,0.9995966553688049,0.45042640270182865,0.30479760057066513,-0.32147473650002034,0.8608046174049377,0.3516492472057037,0.3557632719868041,0.013851082406418625,0.6268662214279175,0.4437554150981288,0.29454050345397276,-0.4386329679404993,0.867234468460083,0.3110352809300401,0.3901609526538356,-0.17892231027183575,0.7133565545082092,0.44401559359498244,0.29861658303095806,-0.49577145048628696,0.8557148575782776,0.2997661640863565,0.4014505939992186,-0.21283532641839495,0.7061077952384949,0.44680388137865934,0.29109174375262775,-0.5009367204604147,0.8573744297027588,0.2992592374144104,0.3979688253141829,-0.25972323462028446,0.7164883017539978,0.44640050783630864,0.29359562552846646,-0.44331223819896715,0.8233809471130371,0.30396665278122076,0.39418149221960136,-0.20585628702810033,0.6942431926727295,0.43685105956777753,0.4729746961501695,-0.07842187883295167,0.999930739402771,0.40319551023986855,0.46055355289784783,0.07802928180731974,0.9998294711112976,0.4261041554979356,0.6226421446983984,-0.11532191907026133,0.9206522703170776,0.35887336957197635,0.5179407042754646,0.19064303168794655,0.5533545613288879,0.4098307283591316,0.7685280556190603,0.017120029934638056,0.9405310750007629,0.353848866030724,0.5477177641201524,0.5897548704163176,0.44340166449546814,0.411430561235219,0.7819516792963292,0.023644020683014827,0.7676237225532532,0.3584841477617312,0.5567320304803276,0.6285410645389634,0.3986397683620453,0.40015108052744497,0.8232423455945393,-0.14257668480173302,0.9177951216697693,0.33797180606631644,0.574196251773339,0.5815501185184798,0.4772883951663971
322,10.733333333333333,0.4276881621048259,0.20807284422312336,-0.19162461184451574,0.9996405839920044,0.43323429780115047,0.19690766871092316,-0.19859471145150803,0.9995245337486267,0.43543759340624966,0.19704636752581353,-0.19898425864270505,0.9994410872459412,0.4376794782220702,0.19734076671231682,-0.1989624873172864,0.9995976090431213,0.428568487134943,0.19667271268850778,-0.1745960488299282,0.9996756911277771,0.4272324129090696,0.19675722555713612,-0.17496474782403187,0.9996902942657471,0.4256898323149999,0.19674157347020874,-0.1751230497846422,0.9997760653495789,0.4431462635428903,0.20461047569418997,-0.1806317679262208,0.9996350407600403,0.4252383903671178,0.20511942165274438,-0.07626883387311048,0.9993361234664917,0.4301759654269024,0.22200965833226421,-0.18104324272412325,0.9991979598999023,0.4256274742130574,0.2225985138556008,-0.15419764167569688,0.9992060661315918,0.4481381493638341,0.28439862808368815,-0.21252176482154422,0.9999231696128845,0.4074368862031147,0.29058572399236915,0.0453297529914186,0.9995798468589783,0.42168674707017423,0.3064639261050457,-0.2863434201356709,0.8683038353919983,0.3626559597813358,0.35620367141607423,0.04055166225291851,0.5666163563728333,0.4103958443638183,0.3050197114880605,-0.3542847819899042,0.8610401749610901,0.32418501061563576,0.39266896738794504,-0.1244959199578045,0.6500094532966614,0.4086987987250844,0.31222267368907697,-0.40173615418851544,0.8429304361343384,0.31409631923380615,0.40390328941338294,-0.15107985279105848,0.6463801860809326,0.41175855180156223,0.3054720617757363,-0.40544859813570683,0.8428145051002502,0.3122338035250177,0.39951452882367955,-0.19269686371054306,0.6551967263221741,0.41265468459544374,0.3063387611715469,-0.3568558451577837,0.7995957732200623,0.31623291526779207,0.39687841136042173,-0.14853859022096327,0.6353435516357422,0.4278616036503214,0.47221378578342194,-0.08349613157021163,0.9999349117279053,0.40978919325329277,0.4597002842521168,0.08310568674436306,0.9998363256454468,0.4225335202785505,0.6229719488106336,-0.10518729208636043,0.9269546866416931,0.3770095269978229,0.5175774806934353,0.23605444162259628,0.5126544833183289,0.40800934144637163,0.7702771252085684,0.005295306291657177,0.9452387094497681,0.37721673358542557,0.5527752617798929,0.6124352947306911,0.42447465658187866,0.4105123896601703,0.7840243653634406,0.010047668773869521,0.7869109511375427,0.38045157628355647,0.5620251956026535,0.6494511703723698,0.40767529606819153,0.3973837769580104,0.8241416339398925,-0.14483138214004965,0.9198585152626038,0.3637596752044715,0.5811960259752179,0.6192776135416145,0.4464816153049469
323,10.766666666666666,0.4240777217244938,0.20624191728771843,-0.09836917035303347,0.9995093941688538,0.4286117337745118,0.19504398023712557,-0.11106221826520929,0.9992957711219788,0.4297792824476735,0.19518754517164313,-0.11143041779803915,0.9991858005523682,0.4308603626215433,0.19546277801364695,-0.11143655514920338,0.9994591474533081,0.42595898357941697,0.19484025033064484,-0.09431038181802644,0.9995357990264893,0.42506175017007686,0.194963893386614,-0.0946708254080632,0.9995608329772949,0.42435810908231736,0.19499712189570273,-0.09480980103472195,0.9996827840805054,0.4337609887962144,0.20266363289046813,-0.12594163932159175,0.9995728135108948,0.42511471229785547,0.2035425713331503,-0.051974792123840506,0.9991250038146973,0.4254846050013601,0.21991879800150463,-0.09892900827176127,0.9989866018295288,0.42279645312177616,0.2204206557995153,-0.08101997574496869,0.9990662336349487,0.4280780226908356,0.2821350853469356,-0.15942773467550447,0.9999268054962158,0.414573919409517,0.28850299386733275,0.03060557885709042,0.9996082782745361,0.3957449900135578,0.3138153268158155,-0.19136324448165432,0.8257101774215698,0.378268624637022,0.36273143066206165,0.016460748854650646,0.5715658664703369,0.39559650812573155,0.32126647179353046,-0.20179169680144665,0.7887586951255798,0.35184006426121706,0.4034476793396098,-0.11013414056782958,0.6063075661659241,0.3963107881543916,0.3298608530589767,-0.2329754638061705,0.7707061171531677,0.34609358721510947,0.417206147535746,-0.13330249957920887,0.5966822504997253,0.40001953379732064,0.3238929699038391,-0.2389492485423016,0.769711971282959,0.3450686419404433,0.41421930908572074,-0.1662013559339979,0.6038592457771301,0.4002405181745384,0.32356533242807883,-0.2036069037387025,0.7286633849143982,0.3468441825988241,0.41047618913291584,-0.12949033255554834,0.5825914144515991,0.4182458311913876,0.47217230677652994,-0.0598892219305123,0.9999386072158813,0.41486012083083074,0.4592693606895158,0.05949862667388763,0.9998480081558228,0.41712128843902996,0.6235283197614463,-0.06727068203734368,0.9250272512435913,0.40644619700675433,0.5136852922630502,0.17761324549203425,0.5208176970481873,0.4057413059681203,0.7705225581709687,0.015814787577167394,0.944528341293335,0.3979825693626605,0.5605415637233049,0.49949258581500416,0.43449124693870544,0.4079241696687036,0.7855001391449601,0.018146342060941033,0.7991994023323059,0.39721540400825095,0.5668145991369268,0.5317294793186823,0.41819360852241516,0.39560045023303525,0.8238372332964539,-0.10939688670779914,0.9009736180305481,0.3826714853389118,0.5940185127147093,0.5132098460095829,0.4300064742565155
324,10.8,0.4210683942528761,0.20486402479362842,-0.005301661385231263,0.9993789792060852,0.42399594211670255,0.1937702712175983,-0.02237551683710512,0.9990971684455872,0.4242956432819267,0.19396860164915722,-0.02272602613753988,0.9990060329437256,0.42446532085094163,0.19426611612037986,-0.022751117050238745,0.9993515014648438,0.4233827814488371,0.19345597370593082,-0.011511968615757484,0.9993939399719238,0.4230813273019414,0.19363616370282896,-0.01186257989081728,0.9994328618049622,0.4230833122210401,0.19374800943041137,-0.011979407619797953,0.9995591640472412,0.42518417379716067,0.20142171418047566,-0.06361344482802989,0.9995430111885071,0.42440645695295287,0.20252797493171304,-0.01487110946856414,0.9988227486610413,0.4213572716628253,0.21858130377308618,-0.014740989839979443,0.9986105561256409,0.4205228625668149,0.21904741641340883,-0.00406778902426802,0.9986287355422974,0.4112296183074059,0.2798422212434355,-0.09943496510305866,0.9999304413795471,0.42030499570183777,0.2870637309244884,0.030684811322745083,0.9996143579483032,0.37843386695756365,0.3211226490238802,-0.09257388053184457,0.7660001516342163,0.3943594480939089,0.36651505277275864,0.020308031076373086,0.5231240391731262,0.38791363850346133,0.33232992759581015,-0.045485682667365246,0.7137625217437744,0.3702512837361098,0.40983051367888446,-0.05460240803925318,0.5469487905502319,0.39093509846904706,0.3418073659964982,-0.059419696614353604,0.6975961327552795,0.36589874294040103,0.4221922703998496,-0.06929889971385292,0.5384715795516968,0.3949035352118788,0.33609247054624897,-0.06768764950467804,0.6965198516845703,0.36254934143712,0.4180295181702337,-0.09466318009898345,0.5448921322822571,0.39459443165813135,0.33511005705268126,-0.046653026953997756,0.6591430902481079,0.36378656614410176,0.41348976076690114,-0.06928840190450572,0.525629997253418,0.4095743985513688,0.4718644641790603,-0.03813721652672247,0.999941885471344,0.4193385788012961,0.45914296353532424,0.03776465393341979,0.9998559355735779,0.4117389917005545,0.6239753228505269,-0.03683515975749179,0.9147419929504395,0.4322362288716488,0.5093579184018429,0.12463179968293697,0.5425085425376892,0.40331531447423863,0.7705229250491428,0.007187610686538464,0.9417647123336792,0.41202361811630844,0.5675555072405377,0.37977808926859546,0.45391568541526794,0.40530614998471787,0.78660060058971,0.005470669829930479,0.8104339241981506,0.40777980514780493,0.5704812584121264,0.40556964669476475,0.43716374039649963,0.394233460586539,0.8216611742928909,-0.09680071794331091,0.881439208984375,0.3952171418710468,0.6041715839142919,0.39884888906816846,0.4247843325138092
325,10.833333333333334,0.41824345027496607,0.20405645681804924,0.06936211004633615,0.9993109107017517,0.41967752059052,0.19294365616118683,0.04891078919568352,0.9989954829216003,0.4192203976043027,0.19311550274866843,0.04857340905721194,0.9989057183265686,0.4186297872230675,0.19336107594663474,0.04853068797291786,0.9993022084236145,0.4210585187830779,0.1926442037259214,0.055500900193826266,0.9993171691894531,0.4214304015417626,0.19285490144716638,0.05516315373725842,0.9993572235107422,0.42207329657934445,0.1930083316794008,0.05506546012784937,0.9994910359382629,0.4176201735335677,0.2004298663460179,-0.013669515732407385,0.999526858329773,0.4238210436797063,0.20183379405035642,0.01681794548097901,0.9985839128494263,0.41738768253312597,0.21765178506056565,0.05259794164922369,0.9984261393547058,0.41854271253066094,0.21815845592009164,0.05807283910767283,0.9983915686607361,0.39760242849522415,0.27757427940688617,-0.053697696507716816,0.9999346137046814,0.42524058330652015,0.28616343058485005,0.03331331359386923,0.999622642993927,0.36520878943869806,0.32721674911232385,-0.024490315456210096,0.7111600041389465,0.4075957159927002,0.37030351424210345,0.018108186430003833,0.47791868448257446,0.3830874772208628,0.3408335277063328,0.0541407614069547,0.6471420526504517,0.3839439815259803,0.41156853080740907,-0.03838126835579469,0.49347856640815735,0.38779509747544955,0.3507040157337957,0.05083949285516625,0.6326735019683838,0.3806686464400186,0.4209899012369083,-0.05017095085656463,0.4859941303730011,0.39197694853593085,0.3448611421961269,0.04068934888551659,0.6314276456832886,0.37613803417666863,0.4169828625757207,-0.07029166865703079,0.4917234480381012,0.3911489202172866,0.34348798005567166,0.05301769287224576,0.5969454646110535,0.37638883528967365,0.41268548922385667,-0.0503879163345407,0.47422540187835693,0.40225705326729516,0.471575846145768,-0.021752953536815632,0.9999454617500305,0.42319793132556344,0.459116257278316,0.02139218753955504,0.9998646974563599,0.4072190466490747,0.6243377927420555,-0.014395710642112213,0.8958739042282104,0.45322819602543457,0.5057642238773986,0.08536494804268063,0.5430372357368469,0.4011825020282297,0.770365357894039,-0.0017549800822469147,0.933681309223175,0.42303854563028925,0.5741649336809662,0.2880901827078017,0.4547756612300873,0.40294164871562643,0.787426729696305,-0.006444103802538864,0.8161000609397888,0.41585353630628447,0.5743268108264759,0.30891313636245826,0.44576993584632874,0.39338145935327434,0.8192819799551463,-0.09021365219035256,0.8522009253501892,0.40530352723258817,0.6130382753858277,0.31031667364414345,0.408164381980896
326,10.866666666666667,0.42185853471732004,0.20359161373583295,0.06709692899953788,0.9993630051612854,0.4214617927712696,0.19237948403820784,0.0702094920242054,0.9990732073783875,0.42051298635163187,0.1925340392372175,0.0697429059720861,0.9989880323410034,0.41941148327001565,0.19274465080539804,0.06945588713278883,0.999352216720581,0.4226299724118102,0.19215315842164227,0.043722207852616254,0.9993730783462524,0.42246522148505367,0.19239879809720184,0.04337030498058585,0.9994106292724609,0.422577761730368,0.19257799986513804,0.043252319569477046,0.9995328783988953,0.4124687981388472,0.1997470941508875,0.012847874014994086,0.9995578527450562,0.42214911479223177,0.2013012674127251,-0.01077985759906669,0.9987068772315979,0.41939705234095503,0.21722301148911197,0.06377356038848817,0.9985057711601257,0.42031943300289115,0.21786739743986516,0.044207267678497274,0.9984890222549438,0.3927322763414999,0.2761602963921703,0.014947329934863543,0.9999167323112488,0.4250664926892576,0.28507809334468326,-0.021415796920585952,0.9996274709701538,0.3691429702962921,0.33352003768630833,0.06335258609162392,0.6425176858901978,0.41516863872022974,0.3724300026351796,-0.03386347647918047,0.5246875882148743,0.3902580857776314,0.35554345367850526,0.11120754623328041,0.5862510204315186,0.40052101567515075,0.4104347827010666,-0.034226285410038845,0.5195928812026978,0.39450692605270155,0.36623144205475755,0.11237836597658425,0.5758124589920044,0.4010270042519942,0.41697356044928824,-0.04513596006791023,0.5016127228736877,0.39847528343522887,0.3605249788790471,0.09619128935695731,0.5746235251426697,0.3942918515469046,0.410975182551325,-0.06711703920056013,0.5039600729942322,0.39783009923674206,0.35828649607153396,0.10666595932609399,0.5436514019966125,0.3957730614795705,0.4081706741593763,-0.048415058775185496,0.4764333665370941,0.39826839556744625,0.47046002236468143,0.014866176345856442,0.9999454617500305,0.4194102910519364,0.45921660574726386,-0.015212281131995704,0.9998691082000732,0.40336333136260166,0.6239178901541633,0.01911926077621616,0.8895075917243958,0.4638172101608359,0.5015958289536628,0.028263903719305768,0.5825907588005066,0.39906249254063353,0.7702426754984525,0.022110831836462442,0.9329293966293335,0.4265832502852436,0.5856422290774955,0.21557323681309526,0.49618789553642273,0.399678495375557,0.7881850063263046,0.016841727004591297,0.8228150606155396,0.4133645584245168,0.5876360479396071,0.2351702244597082,0.46590664982795715,0.39351039048450764,0.8180091455936283,-0.06063049107671397,0.8555201888084412,0.41043338316095235,0.6280955357343954,0.23545787285088518,0.44501394033432007
327,10.9,0.4258775918245739,0.20337895188345115,0.04295678428159131,0.999423623085022,0.42424246361724355,0.19202240444576532,0.05505798018531155,0.9991614818572998,0.4230395212852063,0.19217044147599066,0.05461272541656324,0.9990842938423157,0.42167663149649187,0.19236011464308678,0.05438657028437613,0.9994130730628967,0.42485711114665903,0.19187711885334469,0.01782138089074896,0.9994335770606995,0.4240810365378238,0.1921502789811555,0.01746425771427975,0.999467670917511,0.42351766826784776,0.1923402307162856,0.017335334745076095,0.9995777606964111,0.4087098209548027,0.1992359075411907,0.024814636378205406,0.9995995759963989,0.42041200873997564,0.20089114380956902,-0.04239160063130222,0.9988331198692322,0.42233079407757196,0.21705859967624777,0.053354096614255164,0.9986398816108704,0.4226820316825107,0.21788787054286246,0.018437964208268452,0.9986276030540466,0.3898546108333252,0.2752640630395371,0.06224926668140614,0.999913215637207,0.42333567681058837,0.2841560763134815,-0.07139809040536987,0.999640941619873,0.3745958166990427,0.33769717763022866,0.13098199941852273,0.5840679407119751,0.42071261523840414,0.3739162675815411,-0.08112127982650785,0.5671870708465576,0.3984822411978506,0.36554036031672665,0.16232907925342577,0.5385437607765198,0.4134126591825491,0.40735792572596097,-0.04044840547473174,0.5523453950881958,0.40207831338709943,0.3762252844364574,0.1681463350970869,0.534612774848938,0.41681315087395127,0.41252404340246157,-0.05218423387164773,0.5290282964706421,0.40590929725429437,0.37049166889279833,0.14693031162056225,0.5336476564407349,0.4085588013163938,0.40526503027616356,-0.06935931710907244,0.529323399066925,0.40558624325801473,0.3678967073180197,0.15520477762333307,0.5055622458457947,0.41101571129631487,0.4032861772531469,-0.05013843805377167,0.4941897988319397,0.3947283202136133,0.4692856568148246,0.04340265910507523,0.9999459385871887,0.41543499371573933,0.4592770326548107,-0.04373195132871602,0.9998726844787598,0.40117059851523973,0.6235075452420641,0.05254533597486197,0.8957967758178711,0.4740171972953108,0.4966618146198146,-0.012876106925423878,0.6211588978767395,0.3975713881854699,0.7701433986537854,0.05391146582800353,0.9377725720405579,0.42984576827832244,0.5909071713294991,0.17160509103890764,0.5396983623504639,0.3967847132091418,0.7887623862928081,0.04871152495129871,0.8364282846450806,0.4130773391871379,0.5933657269417036,0.19128622720446775,0.4966014623641968,0.3939551672577646,0.8183390220676767,-0.022604378165110208,0.8667963743209839,0.41636977281729026,0.6366096130875694,0.19413387596641368,0.4898603558540344
328,10.933333333333334,0.4284967527474922,0.20332482417353123,-0.007877781671626276,0.9994797110557556,0.426253381715257,0.19174764748114073,0.0085759854552886,0.9992439150810242,0.4250490930738562,0.19186047759332808,0.008152337409966855,0.9991744160652161,0.42373533759405463,0.19200490344932813,0.007989882451172277,0.9994705319404602,0.4263883916515547,0.19160999955233787,-0.030628055458941227,0.9994893074035645,0.4252269191948066,0.19183121022650368,-0.030992494357324908,0.9995201826095581,0.4237855240032932,0.19197188719110433,-0.03113890932963293,0.9996193647384644,0.4058012353448136,0.19833204053663184,0.020932317173359853,0.9996387362480164,0.417624833613602,0.1999362858153821,-0.08083887836300212,0.9989483952522278,0.4243845507702923,0.2169992948515115,0.013920183779630078,0.9987733960151672,0.42433682179461646,0.21793507299796602,-0.027195780586005552,0.9987627863883972,0.3914918629003442,0.27430585778964056,0.08672225405457112,0.9999194741249084,0.41925671929856684,0.2814072479643468,-0.12223212150086876,0.9996753931045532,0.3839125214898639,0.3409692691409796,0.176852076376826,0.5641918182373047,0.42445748629420577,0.37054593065341307,-0.16153809906677352,0.6094904541969299,0.4123903954256647,0.3714056474824263,0.18974052750457493,0.5720630884170532,0.4248221751178596,0.4045997613538661,-0.14196403276844483,0.5955842733383179,0.41726806303013314,0.382649557499212,0.19651241976419612,0.5695852041244507,0.4304886311496536,0.4094928440811496,-0.16498068549374242,0.5734328627586365,0.42180842346684544,0.3775201618005426,0.16719239696665966,0.5699620842933655,0.4250936679909806,0.4016239974486819,-0.17366104311783456,0.5734639167785645,0.4194633211372487,0.37485264770547944,0.17878588176847904,0.5434558987617493,0.4258894215401885,0.4001602206807965,-0.14794991396142437,0.5389354228973389,0.3972008151415496,0.46701304187329584,0.0654995217047065,0.9999499320983887,0.41058309320440156,0.4593115675584614,-0.06578711483737107,0.9998846054077148,0.41471069109833647,0.6067119035019676,0.06758528913675473,0.8961259126663208,0.4605892716268371,0.5173750563485973,-0.05538016958415387,0.6585888266563416,0.39803274713092796,0.7395343482920588,0.11738330355243964,0.9077109694480896,0.42459045994068534,0.6256975723162719,0.10058647508006797,0.5852802395820618,0.39497715818093027,0.7538613267710197,0.1178660537659017,0.814084529876709,0.40909527916692745,0.6304266872602763,0.11661349515504052,0.5427677035331726,0.3933228721963842,0.7901115500402417,0.053335477416650054,0.8555472493171692,0.4170085117657467,0.6742769624323905,0.09062884241159261,0.5399277210235596
