frame,timestamp_sec,x_0,y_0,z_0,vis_0,x_1,y_1,z_1,vis_1,x_2,y_2,z_2,vis_2,x_3,y_3,z_3,vis_3,x_4,y_4,z_4,vis_4,x_5,y_5,z_5,vis_5,x_6,y_6,z_6,vis_6,x_7,y_7,z_7,vis_7,x_8,y_8,z_8,vis_8,x_9,y_9,z_9,vis_9,x_10,y_10,z_10,vis_10,x_11,y_11,z_11,vis_11,x_12,y_12,z_12,vis_12,x_13,y_13,z_13,vis_13,x_14,y_14,z_14,vis_14,x_15,y_15,z_15,vis_15,x_16,y_16,z_16,vis_16,x_17,y_17,z_17,vis_17,x_18,y_18,z_18,vis_18,x_19,y_19,z_19,vis_19,x_20,y_20,z_20,vis_20,x_21,y_21,z_21,vis_21,x_22,y_22,z_22,vis_22,x_23,y_23,z_23,vis_23,x_24,y_24,z_24,vis_24,x_25,y_25,z_25,vis_25,x_26,y_26,z_26,vis_26,x_27,y_27,z_27,vis_27,x_28,y_28,z_28,vis_28,x_29,y_29,z_29,vis_29,x_30,y_30,z_30,vis_30,x_31,y_31,z_31,vis_31,x_32,y_32,z_32,vis_32,angle_right_elbow,FPS,angle_right_elbow_smooth,angular_velocity_deg_s,angular_acceleration_deg_s2
0,0.0,0.5357339382171631,0.3703843057155609,-0.6987584233283997,0.9999181032180786,0.5330848693847656,0.3564985990524292,-0.7223660945892334,0.9999558925628662,0.5328168272972107,0.35458919405937195,-0.7226247787475586,0.9999183416366577,0.5387755632400513,0.35556548833847046,-0.7226588726043701,0.999957799911499,0.5342267155647278,0.3627716302871704,-0.7283176183700562,0.9999758005142212,0.534621000289917,0.36447829008102417,-0.7285597324371338,0.9999575614929199,0.5340222120285034,0.3653217554092407,-0.7289260029792786,0.99997878074646,0.5374205708503723,0.33712679147720337,-0.6751714944839478,0.9999655485153198,0.5326781868934631,0.34546613693237305,-0.7028065323829651,0.9999715089797974,0.5335713028907776,0.36213719844818115,-0.6607839465141296,0.9997720122337341,0.5327886939048767,0.3648546040058136,-0.6700087785720825,0.9998657703399658,0.5113892555236816,0.31341609358787537,-0.4733784794807434,0.9999208450317383,0.5353481769561768,0.33343905210494995,-0.5096114873886108,0.999937891960144,0.4767640233039856,0.2872214913368225,-0.186545267701149,0.01941867731511593,0.5064947009086609,0.3034340739250183,-0.23316062986850739,0.03433649241924286,0.49001267552375793,0.31229597330093384,0.10810092091560364,0.0014610395301133394,0.5192956328392029,0.3162626624107361,0.07106733322143555,0.00041613532812334597,0.4942062199115753,0.30843329429626465,0.1432618647813797,0.0017182831652462482,0.5161433219909668,0.31376975774765015,0.10271555930376053,0.00026568080647848547,0.49754759669303894,0.30711424350738525,0.11935145407915115,0.0014524235157296062,0.516401469707489,0.31242606043815613,0.09570082277059555,0.0002650988462846726,0.4965660870075226,0.3119036555290222,0.10836060345172882,0.001728406990878284,0.5117746591567993,0.31137537956237793,0.07766614109277725,0.00027034690720029175,0.5187385082244873,0.44250741600990295,0.034973565489053726,0.999848484992981,0.5229490995407104,0.45821115374565125,-0.034924961626529694,0.9999536275863647,0.5098373293876648,0.5567758679389954,0.3241576552391052,0.00013471399142872542,0.5380136370658875,0.5936504602432251,0.09275048226118088,0.015442803502082825,0.52826327085495,0.6072044372558594,0.7230681777000427,0.0006938738515600562,0.5201952457427979,0.7912625074386597,0.30219176411628723,0.11378597468137741,0.5356185436248779,0.6167470216751099,0.7630496621131897,0.0029220725409686565,0.513787567615509,0.8180580139160156,0.3247952163219452,0.03453977778553963,0.5212268233299255,0.6151546239852905,0.7755696177482605,0.0005166176124475896,0.5327711701393127,0.834061861038208,0.2786807119846344,0.016535239294171333,168.02824233551823,30.0,151.20096911423397,-205.50849604271036,977.0496075409384
1,0.03333333333333333,0.5721415281295776,0.3861551582813263,-0.47409480810165405,0.9992314577102661,0.5731074213981628,0.38158202171325684,-0.49302753806114197,0.999651312828064,0.5730551481246948,0.3844452202320099,-0.49328142404556274,0.999411940574646,0.5731379985809326,0.38721010088920593,-0.49327772855758667,0.9997296929359436,0.5722261667251587,0.3732365071773529,-0.5094603896141052,0.9998690485954285,0.5697776675224304,0.37117624282836914,-0.5097522139549255,0.9998259544372559,0.5672275424003601,0.3690890073776245,-0.5100738406181335,0.9999229907989502,0.5745051503181458,0.3528507351875305,-0.45989495515823364,0.9998220801353455,0.5515927076339722,0.34575873613357544,-0.537061333656311,0.9999219179153442,0.5639584064483643,0.3808337450027466,-0.44372114539146423,0.9994347095489502,0.5588285326957703,0.3760922849178314,-0.4674447476863861,0.9997303485870361,0.5514754056930542,0.3258316218852997,-0.31737619638442993,0.9999134540557861,0.5012022852897644,0.3359796404838562,-0.4193265736103058,0.9999417662620544,0.5226897597312927,0.2955330014228821,-0.10113416612148285,0.018031790852546692,0.4505428969860077,0.31086593866348267,-0.22578176856040955,0.049553047865629196,0.49459677934646606,0.31136059761047363,0.09709098935127258,0.0014242925681173801,0.5202586054801941,0.2955690622329712,0.013490862213075161,0.0007703846204094589,0.49401038885116577,0.3094707131385803,0.11886895447969437,0.0017127146711573005,0.5296347141265869,0.29823461174964905,0.031124461442232132,0.00045199907617643476,0.4939480721950531,0.30807551741600037,0.10623225569725037,0.0014472242910414934,0.5294808149337769,0.299974262714386,0.03533296659588814,0.0004178864764980972,0.49613243341445923,0.31035685539245605,0.09842102229595184,0.0017103528371080756,0.5257127285003662,0.30055922269821167,0.02314796671271324,0.0003813676885329187,0.5301138758659363,0.4388972818851471,0.04312955215573311,0.9998617172241211,0.4927436113357544,0.43900901079177856,-0.04307425022125244,0.9999580383300781,0.5123677253723145,0.5558607578277588,0.24797801673412323,0.0001326898782281205,0.5029497742652893,0.602417528629303,-0.061362024396657944,0.03212643414735794,0.49356672167778015,0.5024129152297974,0.5583979487419128,0.0006832961807958782,0.48929399251937866,0.8295647501945496,-0.01281663402915001,0.16982290148735046,0.4949626624584198,0.4897693693637848,0.5891018509864807,0.0033064219169318676,0.47839805483818054,0.8474776148796082,-0.007935591042041779,0.061811357736587524,0.46251818537712097,0.48868516087532043,0.5761398077011108,0.0005729398690164089,0.5028740167617798,0.894321084022522,-0.11316236853599548,0.03966813534498215,149.01554887144493,30.0,144.3506859128103,-172.94017579134575,1465.5744113114074
2,0.06666666666666667,0.6101115345954895,0.3858456611633301,-0.10891552269458771,0.9992445707321167,0.6072209477424622,0.3929714262485504,-0.12932880222797394,0.9996199011802673,0.60377037525177,0.4024088680744171,-0.12934596836566925,0.9993593692779541,0.5993691682815552,0.40803295373916626,-0.12936174869537354,0.9996802806854248,0.6151912808418274,0.38193148374557495,-0.1401655375957489,0.9998632669448853,0.6175966262817383,0.380313515663147,-0.1403680145740509,0.9998184442520142,0.61984783411026,0.3786018192768097,-0.1403786540031433,0.9999176859855652,0.5901235938072205,0.4060286283493042,-0.17166844010353088,0.9997395873069763,0.617681086063385,0.374986857175827,-0.22598929703235626,0.9999012351036072,0.6017181277275085,0.3789266049861908,-0.11369819939136505,0.9994150996208191,0.6088078618049622,0.37414395809173584,-0.13067930936813354,0.9997188448905945,0.542415976524353,0.35831311345100403,-0.1884148269891739,0.9999194741249084,0.5800973176956177,0.343137264251709,-0.21486081182956696,0.9999465942382812,0.5100785493850708,0.33661511540412903,-0.2799925208091736,0.061579979956150055,0.5589579939842224,0.2818742096424103,-0.25274863839149475,0.09390490502119064,0.5014150142669678,0.33417677879333496,-0.40409818291664124,0.02983158454298973,0.5071441531181335,0.29872024059295654,-0.27914100885391235,0.017511604353785515,0.5013784766197205,0.3424525856971741,-0.43716371059417725,0.04806390404701233,0.5002455711364746,0.2993711829185486,-0.2944791615009308,0.030149830505251884,0.5061665177345276,0.3504007160663605,-0.4399658441543579,0.040755562484264374,0.4906077980995178,0.30796346068382263,-0.3098880350589752,0.0252899881452322,0.5074951648712158,0.3491068482398987,-0.4087710976600647,0.044080596417188644,0.49399134516716003,0.3097359240055084,-0.28719809651374817,0.03058999590575695,0.529184103012085,0.4030352830886841,0.02531745471060276,0.9998745322227478,0.5558107495307922,0.39649125933647156,-0.025520116090774536,0.9999621510505676,0.4942154288291931,0.49011072516441345,0.16752861440181732,0.09475146979093552,0.49231159687042236,0.6018914580345154,-0.21501734852790833,0.12884527444839478,0.44315212965011597,0.5179688334465027,0.2962261438369751,0.009787355549633503,0.4752400517463684,0.8255089521408081,-0.332424521446228,0.252727210521698,0.4358210563659668,0.5136519074440002,0.3047370910644531,0.042267847806215286,0.4630102217197418,0.8648199439048767,-0.3498336672782898,0.1554197371006012,0.4189172089099884,0.522649347782135,0.25053417682647705,0.027501344680786133,0.4708847105503082,0.8772119879722595,-0.49020057916641235,0.13532239198684692,103.52957241881397,30.0,139.6716240614776,-107.80353528861653,1954.0992150818768
3,0.1,0.6190338730812073,0.4740581810474396,-0.1009724959731102,0.9993190765380859,0.6266489028930664,0.4723769724369049,-0.1307723969221115,0.9996573328971863,0.622123122215271,0.47172436118125916,-0.13098616898059845,0.9994229078292847,0.6208550333976746,0.471524178981781,-0.13101305067539215,0.999711811542511,0.6214762330055237,0.4712959825992584,-0.14627663791179657,0.9998767375946045,0.6215190887451172,0.47009751200675964,-0.1463983803987503,0.9998363852500916,0.6216009855270386,0.4686351716518402,-0.14643235504627228,0.9999256730079651,0.5981862545013428,0.4580574631690979,-0.19280485808849335,0.9997655153274536,0.6055475473403931,0.4501970708370209,-0.26743075251579285,0.999910831451416,0.6047576069831848,0.4640405476093292,-0.10876469314098358,0.9994732141494751,0.6080435514450073,0.45925867557525635,-0.13176454603672028,0.9997465014457703,0.5482003092765808,0.36957815289497375,-0.2168644219636917,0.9999275207519531,0.5638425946235657,0.43848463892936707,-0.24653953313827515,0.9999517798423767,0.5312052369117737,0.3223457634449005,-0.2802089750766754,0.14898289740085602,0.5558754205703735,0.3632608652114868,-0.3550233840942383,0.16757190227508545,0.4996471703052521,0.3289671242237091,-0.35442259907722473,0.11542065441608429,0.504901111125946,0.3242340385913849,-0.425293505191803,0.03899737820029259,0.47720465064048767,0.3347775638103485,-0.3781144917011261,0.13283604383468628,0.5017661452293396,0.3221513032913208,-0.4520725607872009,0.05461103841662407,0.4799540340900421,0.34469836950302124,-0.37136024236679077,0.12348365038633347,0.4960173964500427,0.3258126378059387,-0.45176824927330017,0.04327564686536789,0.48465585708618164,0.3466263711452484,-0.3525267243385315,0.12370546907186508,0.4990859031677246,0.3270120918750763,-0.4287671446800232,0.046699151396751404,0.5215724110603333,0.3888086974620819,0.026304567232728004,0.9998870491981506,0.5392622351646423,0.41568830609321594,-0.026530388742685318,0.9999659061431885,0.4335905611515045,0.43269485235214233,0.1486659198999405,0.17956215143203735,0.48306024074554443,0.6136636137962341,-0.15142951905727386,0.21593093872070312,0.3626490533351898,0.5201917886734009,0.27121415734291077,0.09990935027599335,0.46189218759536743,0.8441509008407593,-0.2003839910030365,0.3274077773094177,0.35578662157058716,0.5291643142700195,0.2812593877315521,0.13465258479118347,0.45047616958618164,0.8724768161773682,-0.20835937559604645,0.23973242938518524,0.33179396390914917,0.5210827589035034,0.2595770061016083,0.11740510165691376,0.4841928780078888,0.878537118434906,-0.3073636591434479,0.22167682647705078,150.5839227185146,30.0,137.16378356023586,-42.66689478588731,1954.0992150819407
4,0.13333333333333333,0.56968092918396,0.44264665246009827,-0.35460659861564636,0.9993453025817871,0.5782356262207031,0.44280797243118286,-0.3812008798122406,0.9996588230133057,0.5773594379425049,0.4414929449558258,-0.3814534842967987,0.9994465112686157,0.5715354084968567,0.4409734308719635,-0.38151466846466064,0.9997227787971497,0.571794331073761,0.44378194212913513,-0.39057397842407227,0.9998696446418762,0.570892870426178,0.44327759742736816,-0.390807569026947,0.999829113483429,0.5707817673683167,0.4424257278442383,-0.39087626338005066,0.9999099969863892,0.5597399473190308,0.42032501101493835,-0.407743364572525,0.9997826218605042,0.5557128190994263,0.4206761419773102,-0.4531026780605316,0.9998792409896851,0.5580184459686279,0.42958492040634155,-0.34840112924575806,0.9995161890983582,0.5614989399909973,0.4283435046672821,-0.36310091614723206,0.9997578263282776,0.5414921045303345,0.35516053438186646,-0.33421218395233154,0.999934732913971,0.5119763016700745,0.4033510982990265,-0.3766980767250061,0.9999550580978394,0.5819151401519775,0.3159492015838623,-0.35725632309913635,0.2328970730304718,0.546967089176178,0.37091752886772156,-0.4525018334388733,0.22635221481323242,0.6255620121955872,0.37913569808006287,-0.42248135805130005,0.2019731104373932,0.4879254400730133,0.3523683547973633,-0.5136809945106506,0.07326053082942963,0.6389754414558411,0.4014914631843567,-0.4435243308544159,0.2174132913351059,0.4789392352104187,0.3456917405128479,-0.5456495881080627,0.09271667152643204,0.6389914751052856,0.4138956069946289,-0.46581757068634033,0.20881909132003784,0.47599682211875916,0.3406790792942047,-0.5606803894042969,0.07892278581857681,0.6312965154647827,0.4113035798072815,-0.4329410493373871,0.20887944102287292,0.478555291891098,0.34222283959388733,-0.5242670774459839,0.08367690443992615,0.506418764591217,0.3810027241706848,0.026766519993543625,0.9998981952667236,0.496872216463089,0.4052954912185669,-0.026949580758810043,0.9999691843986511,0.5108205676078796,0.48480960726737976,0.17240409553050995,0.19350314140319824,0.4805974066257477,0.6145361661911011,-0.1262892335653305,0.2908399701118469,0.43689796328544617,0.4261210262775421,0.42473119497299194,0.09485922008752823,0.44222837686538696,0.83296138048172,-0.1017194613814354,0.39271077513694763,0.44660356640815735,0.41119277477264404,0.4487510025501251,0.14313651621341705,0.43792104721069336,0.8788608312606812,-0.10155916213989258,0.3079797625541687,0.3713361620903015,0.40457531809806824,0.44985076785087585,0.12360857427120209,0.4456888735294342,0.8828436732292175,-0.18937267363071442,0.2954167425632477,114.0243404795211,30.0,136.8271644090851,22.469745716846177,3240.2216797361307
5,0.16666666666666666,0.5176913738250732,0.44010427594184875,-0.3130399286746979,0.9989519119262695,0.5207777619361877,0.4446570873260498,-0.3498991131782532,0.9994176030158997,0.5187597274780273,0.4443436563014984,-0.3501738905906677,0.9989354014396667,0.5156797170639038,0.4447411000728607,-0.35017290711402893,0.9994789958000183,0.52312171459198,0.44263431429862976,-0.35395166277885437,0.9996801018714905,0.5246694087982178,0.4414238929748535,-0.35415011644363403,0.9996539950370789,0.5264348387718201,0.439872145652771,-0.35430657863616943,0.999767541885376,0.510962188243866,0.42592158913612366,-0.4212387502193451,0.9997027516365051,0.5210411548614502,0.41753077507019043,-0.4454632103443146,0.9995659589767456,0.5092617869377136,0.426444411277771,-0.32240867614746094,0.9992079734802246,0.5157151818275452,0.4229828417301178,-0.3302624821662903,0.9993239641189575,0.4921640157699585,0.35295170545578003,-0.38582882285118103,0.9999411106109619,0.5138821005821228,0.3874812424182892,-0.4354483485221863,0.9999580383300781,0.5480777621269226,0.35589244961738586,-0.5664228200912476,0.3051277697086334,0.6021708250045776,0.3542047142982483,-0.6234566569328308,0.29132986068725586,0.5294888019561768,0.43036606907844543,-0.7444783449172974,0.26023897528648376,0.6482869982719421,0.4215526282787323,-0.7533667683601379,0.0989428386092186,0.5247401595115662,0.4490068554878235,-0.7959645390510559,0.2761708199977875,0.651168942451477,0.44293925166130066,-0.8071349263191223,0.10642126202583313,0.5102170705795288,0.44987696409225464,-0.7976304292678833,0.26280370354652405,0.6508466601371765,0.44046735763549805,-0.7960914373397827,0.08610154688358307,0.5127790570259094,0.4423278868198395,-0.7489787936210632,0.25122588872909546,0.6459260582923889,0.43014225363731384,-0.7539588809013367,0.08258288353681564,0.48740914463996887,0.38839370012283325,0.026156000792980194,0.9999082088470459,0.48183855414390564,0.3727934658527374,-0.026516806334257126,0.9999717473983765,0.48663032054901123,0.6136805415153503,0.03873581066727638,0.19560296833515167,0.42269545793533325,0.4918907880783081,-0.12229558825492859,0.32810690999031067,0.44613590836524963,0.8309590816497803,0.07770559936761856,0.13421465456485748,0.28473225235939026,0.5337446928024292,-0.10514965653419495,0.4301496744155884,0.43033793568611145,0.8700937032699585,0.07645419239997864,0.2080308049917221,0.2605670690536499,0.5536865592002869,-0.10688470304012299,0.3384716808795929,0.39205631613731384,0.8931530714035034,0.00667980220168829,0.16130734980106354,0.26828140020370483,0.5109314322471619,-0.1715511530637741,0.32728201150894165,144.439292622719,30.0,138.6617666080256,173.34788386318806,5476.744797771609
6,0.2,0.531549870967865,0.3546323776245117,-0.4162975549697876,0.9990553259849548,0.531721830368042,0.3677223324775696,-0.448731005191803,0.9994751811027527,0.5294849276542664,0.3695453107357025,-0.4489203989505768,0.999040961265564,0.5283134579658508,0.3716695308685303,-0.44894981384277344,0.9995304346084595,0.5343626737594604,0.3664507269859314,-0.4559583067893982,0.9997115731239319,0.5353174805641174,0.3680548071861267,-0.45618706941604614,0.9996881484985352,0.536418080329895,0.3697829842567444,-0.4565110206604004,0.9997903108596802,0.5207197070121765,0.38457179069519043,-0.45793384313583374,0.9997321367263794,0.5304984450340271,0.38444262742996216,-0.4879477620124817,0.9996078610420227,0.5252876877784729,0.35781458020210266,-0.3541962206363678,0.9992862939834595,0.5283365845680237,0.35027655959129333,-0.3567066788673401,0.9993906021118164,0.459003746509552,0.34825384616851807,-0.4523177444934845,0.9999469518661499,0.5487606525421143,0.3646909296512604,-0.46960321068763733,0.9999616146087646,0.38042300939559937,0.35411858558654785,-0.4952009320259094,0.37423163652420044,0.6254499554634094,0.4053786098957062,-0.5399314165115356,0.35436785221099854,0.339710533618927,0.4053500294685364,-0.5600656867027283,0.333616703748703,0.6558099985122681,0.49864619970321655,-0.5920437574386597,0.1749405413866043,0.316245436668396,0.42596200108528137,-0.6001347303390503,0.3477756679058075,0.6679170727729797,0.5336066484451294,-0.6286843419075012,0.18521980941295624,0.3148576021194458,0.4226250648498535,-0.6048175692558289,0.33567678928375244,0.6716166138648987,0.5315784215927124,-0.6354749798774719,0.16579727828502655,0.327999085187912,0.4138474762439728,-0.5609484314918518,0.3248409926891327,0.6561914086341858,0.5152461528778076,-0.5953212976455688,0.15528716146945953,0.4749496281147003,0.3949294686317444,0.026879727840423584,0.9999173879623413,0.4918037950992584,0.3785960078239441,-0.02716832049190998,0.9999745488166809,0.48168593645095825,0.6401304602622986,-0.008531192317605019,0.2659268379211426,0.5420195460319519,0.5087581276893616,-0.06766347587108612,0.3836929500102997,0.4476262927055359,0.8633037805557251,-0.030453264713287354,0.219143807888031,0.5816931128501892,0.6128413677215576,-0.06444061547517776,0.4836336672306061,0.43205592036247253,0.8912066221237183,-0.03580809012055397,0.2854241132736206,0.5804189443588257,0.6171228289604187,-0.06614779680967331,0.39935117959976196,0.4439420700073242,0.9212777018547058,-0.12654194235801697,0.24311785399913788,0.6164115071296692,0.6205331087112427,-0.13771986961364746,0.389987975358963,142.0707413461887,30.0,148.3836899999643,387.5860655682868,2203.5463563101735
7,0.23333333333333334,0.4966049790382385,0.4222978353500366,-0.3533495366573334,0.9990740418434143,0.49547454714775085,0.43585312366485596,-0.393764466047287,0.9994959831237793,0.4927903413772583,0.43540021777153015,-0.3939644396305084,0.9990795850753784,0.49201640486717224,0.4343046545982361,-0.39390844106674194,0.9995394349098206,0.49563470482826233,0.43299004435539246,-0.3938179910182953,0.9997237920761108,0.4953332245349884,0.43081000447273254,-0.3941897451877594,0.999704897403717,0.4963916838169098,0.4282345771789551,-0.3944086730480194,0.9998019337654114,0.473152756690979,0.4175654351711273,-0.46723371744155884,0.9997372627258301,0.5032682418823242,0.40801239013671875,-0.47042176127433777,0.9996328949928284,0.5015881061553955,0.40206634998321533,-0.36001941561698914,0.9993079304695129,0.5046576857566833,0.39930829405784607,-0.36160239577293396,0.9994166493415833,0.4498000144958496,0.34573397040367126,-0.4530026614665985,0.9999518394470215,0.5447631478309631,0.38688206672668457,-0.4566675126552582,0.9999647736549377,0.3437570333480835,0.3125290870666504,-0.6136505603790283,0.43648311495780945,0.6080809831619263,0.4538952708244324,-0.5887535214424133,0.41628190875053406,0.251404345035553,0.2681193947792053,-0.7260278463363647,0.3990473449230194,0.6416760087013245,0.4944693148136139,-0.6824924945831299,0.24405831098556519,0.21779274940490723,0.27019640803337097,-0.7703830003738403,0.41210368275642395,0.649746835231781,0.5170068740844727,-0.7229903936386108,0.2533568739891052,0.21272116899490356,0.25326964259147644,-0.7504767179489136,0.40125593543052673,0.6484561562538147,0.5063204169273376,-0.7084388732910156,0.23822888731956482,0.22357816994190216,0.2492278516292572,-0.717924952507019,0.3912346661090851,0.6424263715744019,0.49261656403541565,-0.6781319379806519,0.22591111063957214,0.48026135563850403,0.4009135663509369,0.024233615025877953,0.9999256134033203,0.5198639035224915,0.3955511450767517,-0.02467106096446514,0.9999769926071167,0.4829806089401245,0.6383353471755981,0.08730719983577728,0.33221760392189026,0.6037538647651672,0.5335731506347656,-0.011741159483790398,0.4394546449184418,0.45021793246269226,0.8651812076568604,0.15550640225410461,0.2942172884941101,0.6385095715522766,0.552027702331543,0.13009501993656158,0.5260624885559082,0.43579521775245667,0.9014766812324524,0.16071920096874237,0.354234516620636,0.6357077360153198,0.5531179904937744,0.14891956746578217,0.45305585861206055,0.45262300968170166,0.9215781688690186,0.11771269887685776,0.31334173679351807,0.663042426109314,0.5407822728157043,0.15439121425151825,0.43584561347961426,174.07586539595516,30.0,164.5008376459114,320.2509742838663,-6814.292535429369
8,0.26666666666666666,0.5074931383132935,0.49579304456710815,-0.4021969437599182,0.9991636872291565,0.5114940404891968,0.4908813536167145,-0.4343412220478058,0.9995372295379639,0.512768030166626,0.4888676404953003,-0.43464019894599915,0.9991639852523804,0.5143115520477295,0.48661935329437256,-0.4346090853214264,0.9995747804641724,0.5033730864524841,0.48689308762550354,-0.4356362223625183,0.9997480511665344,0.5006926655769348,0.4825141131877899,-0.43592607975006104,0.9997323155403137,0.4984818696975708,0.47839152812957764,-0.43606653809547424,0.9998193383216858,0.48200514912605286,0.4639580547809601,-0.47244933247566223,0.9997577667236328,0.49784234166145325,0.4528559148311615,-0.47645026445388794,0.9996665716171265,0.5138189792633057,0.4828253984451294,-0.3975445330142975,0.99936443567276,0.5064271688461304,0.48091480135917664,-0.40101850032806396,0.9994685053825378,0.5543308854103088,0.4044734239578247,-0.43128862977027893,0.999955415725708,0.4834994971752167,0.37365013360977173,-0.43143215775489807,0.9999680519104004,0.5833352208137512,0.42680925130844116,-0.5935436487197876,0.4205229580402374,0.3928757905960083,0.26739490032196045,-0.5463027358055115,0.468951016664505,0.5697471499443054,0.40985438227653503,-0.7904604077339172,0.38393664360046387,0.3157265782356262,0.16626614332199097,-0.6717528104782104,0.3171353340148926,0.5710856318473816,0.40548229217529297,-0.8398146033287048,0.41577354073524475,0.2926042377948761,0.15416499972343445,-0.7156046032905579,0.3254815340042114,0.5641511678695679,0.3825811743736267,-0.8448627591133118,0.4052978754043579,0.29080459475517273,0.1428108513355255,-0.7201159000396729,0.311943382024765,0.5618592500686646,0.3849555253982544,-0.7985918521881104,0.3901820778846741,0.3014685809612274,0.1465625762939453,-0.681329071521759,0.3003402054309845,0.5320478677749634,0.4026965796947479,0.020884960889816284,0.9999317526817322,0.48515403270721436,0.4038199484348297,-0.021322110667824745,0.9999789595603943,0.5776614546775818,0.5203690528869629,0.03475000709295273,0.30576398968696594,0.5169257521629333,0.6175636053085327,-0.027068253606557846,0.48019930720329285,0.6141529083251953,0.6334909200668335,0.1374448835849762,0.29231059551239014,0.4830513596534729,0.8397288918495178,0.028135348111391068,0.567787230014801,0.6087563633918762,0.6360514163970947,0.14192070066928864,0.369112104177475,0.4827532172203064,0.876459002494812,0.030255259945988655,0.4877398610115051,0.6298366189002991,0.6395779252052307,0.09003307670354843,0.3408345878124237,0.48555442690849304,0.908223032951355,-0.055231526494026184,0.4850306808948517,174.33956414986443,30.0,169.73375495222206,-66.70010346033777,-9865.022732401105
9,0.3,0.5091800689697266,0.48417216539382935,-0.32646819949150085,0.9992311000823975,0.5123471021652222,0.4798501431941986,-0.353526771068573,0.9995409846305847,0.5160296559333801,0.4736954867839813,-0.35386893153190613,0.999208927154541,0.5200136303901672,0.47192510962486267,-0.35384276509284973,0.999574601650238,0.5041217803955078,0.481777161359787,-0.3556808531284332,0.9997563362121582,0.5014032125473022,0.47897857427597046,-0.355964720249176,0.9997482299804688,0.4988008737564087,0.47589483857154846,-0.3561042249202728,0.9998267292976379,0.4863531291484833,0.4486638009548187,-0.38566768169403076,0.9997559189796448,0.5010796189308167,0.44110628962516785,-0.39743855595588684,0.9996854066848755,0.5130173563957214,0.4705791473388672,-0.32271823287010193,0.9993979334831238,0.5056102871894836,0.4667240381240845,-0.3278310000896454,0.9995055794715881,0.5607700347900391,0.4218185544013977,-0.32763031125068665,0.9999580383300781,0.47800952196121216,0.36814507842063904,-0.35220763087272644,0.9999708533287048,0.5893558859825134,0.47408249974250793,-0.45156329870224,0.39520737528800964,0.39034324884414673,0.25524112582206726,-0.4889182448387146,0.5044945478439331,0.6069612503051758,0.48373714089393616,-0.5936003923416138,0.36380112171173096,0.3132553994655609,0.15616707503795624,-0.5265900492668152,0.38141685724258423,0.6159194707870483,0.4878118932247162,-0.6332932114601135,0.4089776873588562,0.2927527129650116,0.1406511515378952,-0.5667710900306702,0.38977140188217163,0.6121522784233093,0.4664442241191864,-0.6466959118843079,0.40043768286705017,0.2959788143634796,0.135748952627182,-0.5729647278785706,0.3778480291366577,0.6079803705215454,0.464072048664093,-0.6041775345802307,0.3858763873577118,0.3059708774089813,0.1442016214132309,-0.5356383919715881,0.3673294186592102,0.5369899868965149,0.40356844663619995,0.02165844291448593,0.999937891960144,0.48382121324539185,0.397434264421463,-0.021995697170495987,0.9999809265136719,0.5870010256767273,0.5327669978141785,0.10802397131919861,0.29044032096862793,0.5007438659667969,0.6325422525405884,-0.02969561330974102,0.52373868227005,0.6226897835731506,0.6118952631950378,0.25032034516334534,0.32683441042900085,0.46632105112075806,0.8518705368041992,0.034561626613140106,0.6088026762008667,0.620911717414856,0.6343770623207092,0.25837284326553345,0.40848731994628906,0.4598101079463959,0.8889289498329163,0.038593094795942307,0.5271804928779602,0.6532012224197388,0.6055561900138855,0.1995457112789154,0.3909870982170105,0.4714489281177521,0.9285770058631897,-0.05999527499079704,0.5335984230041504,152.98102113660562,30.0,160.05416408188887,-337.4172078762074,-3465.0781697513644
10,0.3333333333333333,0.508187472820282,0.4704877734184265,-0.09562762826681137,0.9993075728416443,0.5122514963150024,0.4773060977458954,-0.11483453959226608,0.9995865225791931,0.5147136449813843,0.47840067744255066,-0.1152137890458107,0.999287486076355,0.5171816349029541,0.48116663098335266,-0.11510369926691055,0.9996167421340942,0.5052418112754822,0.47089192271232605,-0.11676696687936783,0.999780535697937,0.5029106736183167,0.4685510993003845,-0.11718083173036575,0.9997732043266296,0.500643789768219,0.4657557010650635,-0.11734285950660706,0.9998438954353333,0.5068156719207764,0.4719761312007904,-0.14851704239845276,0.9997801184654236,0.4967164695262909,0.44425228238105774,-0.16195844113826752,0.9997164011001587,0.5114303827285767,0.4621645212173462,-0.09433258324861526,0.999455988407135,0.5050694346427917,0.455471009016037,-0.09985451400279999,0.9995529055595398,0.5563757419586182,0.4374130070209503,-0.10789968818426132,0.9999619722366333,0.4875301420688629,0.36385539174079895,-0.1265212744474411,0.9999717473983765,0.5955709218978882,0.41623908281326294,0.038492798805236816,0.3956410884857178,0.4206103980541229,0.24027006328105927,-0.11428462713956833,0.474283903837204,0.5710374712944031,0.4472092390060425,0.19283050298690796,0.37108680605888367,0.3818982243537903,0.1356557309627533,-0.10012101382017136,0.3964978754520416,0.5679143667221069,0.3989182412624359,0.21054957807064056,0.41701260209083557,0.3716764748096466,0.09865356981754303,-0.10765453428030014,0.41191011667251587,0.5674525499343872,0.39421510696411133,0.195840522646904,0.4053703546524048,0.3757553994655609,0.10087144374847412,-0.10453277081251144,0.39871469140052795,0.5676156282424927,0.4009810984134674,0.19143785536289215,0.3965319097042084,0.38001957535743713,0.11502233147621155,-0.10048726201057434,0.3950127065181732,0.5330096483230591,0.42411935329437256,0.004580957815051079,0.9999440908432007,0.4905233681201935,0.36838823556900024,-0.005098692607134581,0.9999827742576599,0.5262674689292908,0.6358409523963928,0.039587583392858505,0.3612743318080902,0.4367932379245758,0.2587741017341614,0.0554608516395092,0.5655568242073059,0.49526938796043396,0.8419439792633057,0.053239788860082626,0.39398184418678284,0.3879908323287964,0.14476874470710754,0.03877750784158707,0.6425839066505432,0.48690474033355713,0.8661296367645264,0.05228923633694649,0.46737706661224365,0.3785850405693054,0.160906583070755,0.045679058879613876,0.5711119174957275,0.48099806904792786,0.9323217272758484,-0.039313238114118576,0.4516393840312958,0.37835627794265747,0.06885363906621933,-0.002027767011895776,0.5774895548820496,171.60849546813495,30.0,147.23927442714157,-297.7053147770954,4610.905538674086
11,0.36666666666666664,0.5588839650154114,0.42417460680007935,0.33502066135406494,0.9872878193855286,0.5578734278678894,0.42839065194129944,0.3426104485988617,0.9871019721031189,0.5577147006988525,0.4314441680908203,0.3422752618789673,0.9836581349372864,0.5572298169136047,0.43528714776039124,0.3424045443534851,0.9884696006774902,0.5561713576316833,0.4197249412536621,0.3358195126056671,0.9932562708854675,0.5550821423530579,0.4174438714981079,0.33550459146499634,0.9949069023132324,0.5539831519126892,0.4145772159099579,0.3353897035121918,0.9960938096046448,0.5462645292282104,0.4354008734226227,0.3398679792881012,0.9929214119911194,0.5426130294799805,0.4080561697483063,0.3060210943222046,0.9863303899765015,0.5538838505744934,0.425149530172348,0.33758246898651123,0.9811709523200989,0.5528449416160583,0.41708821058273315,0.32596826553344727,0.9821946620941162,0.5648319721221924,0.4118722081184387,0.2650631368160248,0.9999634027481079,0.5189669728279114,0.36643946170806885,0.23832297325134277,0.9999154806137085,0.6138137578964233,0.45807328820228577,0.26615673303604126,0.35676881670951843,0.5206234455108643,0.4453023374080658,0.10516003519296646,0.4269454777240753,0.5769068598747253,0.5115509033203125,0.24906668066978455,0.33452633023262024,0.5184658169746399,0.4834706485271454,0.002896185265854001,0.35690221190452576,0.5675491690635681,0.5263465046882629,0.24679872393608093,0.37630152702331543,0.5182362198829651,0.4886340796947479,-0.024996930733323097,0.3708482086658478,0.5636644959449768,0.5218790769577026,0.24567915499210358,0.3656803071498871,0.5176050066947937,0.4801054298877716,-0.007542937528342009,0.3589502274990082,0.5659223198890686,0.513847291469574,0.24997414648532867,0.35775455832481384,0.5186254382133484,0.4738045632839203,0.005658251699060202,0.3556191623210907,0.5410200953483582,0.4250142574310303,-0.007731127552688122,0.9999495148658752,0.5129291415214539,0.3732970356941223,0.007108704186975956,0.9999836087226868,0.5189064741134644,0.6463876962661743,-0.030102182179689407,0.4163685441017151,0.470093697309494,0.26755833625793457,0.057596273720264435,0.513404369354248,0.4887462258338928,0.8523997068405151,-0.04593900591135025,0.43222102522850037,0.45335811376571655,0.15704764425754547,-0.01640295423567295,0.5853757262229919,0.4822308123111725,0.867855966091156,-0.04901542142033577,0.5075227618217468,0.44889965653419495,0.17712628841400146,-0.025205472484230995,0.5506991147994995,0.47612300515174866,0.9563321471214294,-0.15376237034797668,0.46534353494644165,0.43124493956565857,0.11363109201192856,-0.08514157682657242,0.5281866192817688,169.68377900162,30.0,140.20714309674918,-30.02350529793503,3187.7787353162853
12,0.4,0.5753739476203918,0.3916758596897125,-0.0882217213511467,0.9883240461349487,0.5746996402740479,0.3899848461151123,-0.10667627304792404,0.9882051348686218,0.5737826824188232,0.38685381412506104,-0.10695569962263107,0.9849513173103333,0.5726310014724731,0.3843342661857605,-0.10693032294511795,0.9894101619720459,0.5755776762962341,0.3974550664424896,-0.11099222302436829,0.993864119052887,0.5758921504020691,0.4004337191581726,-0.1112690269947052,0.9953487515449524,0.5762665867805481,0.40258732438087463,-0.1114019826054573,0.996444821357727,0.5672448873519897,0.380077064037323,-0.1509711891412735,0.993370532989502,0.5639583468437195,0.40261510014533997,-0.1719658076763153,0.9874876141548157,0.5707604885101318,0.38457921147346497,-0.09498843550682068,0.9824069142341614,0.5660504102706909,0.40505945682525635,-0.10261829942464828,0.9835332632064819,0.553522527217865,0.35136574506759644,0.01811082474887371,0.9999621510505676,0.556979775428772,0.38574865460395813,-0.15203110873699188,0.9998793005943298,0.5701773762702942,0.2253822535276413,-0.20035454630851746,0.39780959486961365,0.6060084104537964,0.4548448920249939,-0.183315247297287,0.4143019914627075,0.5791722536087036,0.12058396637439728,-0.28845319151878357,0.3809705376625061,0.5538308620452881,0.5073569416999817,-0.20271462202072144,0.3400821387767792,0.5851820111274719,0.10781195759773254,-0.3149920701980591,0.4241997301578522,0.5456166863441467,0.5123569965362549,-0.21984601020812988,0.36084869503974915,0.5900954604148865,0.11632571369409561,-0.32578879594802856,0.4141828119754791,0.5433714389801025,0.510376513004303,-0.22548207640647888,0.34775394201278687,0.588715672492981,0.12072095274925232,-0.29453596472740173,0.4069795608520508,0.5453383326530457,0.5089725255966187,-0.20691271126270294,0.3457663357257843,0.5385604500770569,0.4227597117424011,-0.005086088087409735,0.999954342842102,0.537018358707428,0.37837734818458557,0.004677826073020697,0.9999845623970032,0.5175480246543884,0.643339216709137,-0.12506239116191864,0.4711410701274872,0.4815775454044342,0.36104753613471985,0.004899200983345509,0.5305112600326538,0.4937078058719635,0.864855170249939,-0.2598004639148712,0.4876556098461151,0.523570716381073,0.2485988438129425,-0.11763700842857361,0.6101410984992981,0.4829241633415222,0.8899598121643066,-0.277214378118515,0.5547658801078796,0.5239514112472534,0.24859413504600525,-0.13023239374160767,0.5863128900527954,0.47482606768608093,0.950696587562561,-0.39150065183639526,0.5166350603103638,0.5399513244628906,0.18030504882335663,-0.1747341752052307,0.5606260895729065,104.04304086963498,30.0,145.23770740727923,-85.18673242267639,-3150.9662176742668
13,0.43333333333333335,0.47406598925590515,0.40252751111984253,0.37785062193870544,0.9889320135116577,0.4775715172290802,0.39775654673576355,0.34962549805641174,0.9883614182472229,0.47740438580513,0.3945363759994507,0.3492535352706909,0.98590087890625,0.47489842772483826,0.4002961814403534,0.3492916524410248,0.9893653988838196,0.47648143768310547,0.40265074372291565,0.35563725233078003,0.9939964413642883,0.4771799147129059,0.4025432765483856,0.3552994728088379,0.9956648349761963,0.4723529815673828,0.4131452739238739,0.3550613224506378,0.9965880513191223,0.47796687483787537,0.43877068161964417,0.2365640103816986,0.9937816262245178,0.4761810898780823,0.4101836085319519,0.25987309217453003,0.988375723361969,0.48126688599586487,0.404902845621109,0.34941405057907104,0.9818708300590515,0.4806661903858185,0.40734219551086426,0.35513150691986084,0.9834147095680237,0.5219718813896179,0.4122541546821594,0.20851631462574005,0.9999635219573975,0.5467029213905334,0.35965701937675476,0.15504781901836395,0.9998863935470581,0.5628631711006165,0.37638595700263977,0.35499340295791626,0.3685759902000427,0.5805149078369141,0.3737691342830658,0.10346858203411102,0.37422260642051697,0.5512434244155884,0.40743488073349,0.5526147484779358,0.3560969829559326,0.5916017889976501,0.3694296181201935,0.12370582669973373,0.3085511028766632,0.5503242611885071,0.4058721363544464,0.5874969363212585,0.39796969294548035,0.6034319400787354,0.35633453726768494,0.11511249840259552,0.3282635509967804,0.55275958776474,0.40897107124328613,0.5755065679550171,0.3865233361721039,0.5947710275650024,0.3443244397640228,0.14118139445781708,0.316230446100235,0.5548304319381714,0.4095337986946106,0.5549408197402954,0.38073262572288513,0.5907886028289795,0.3484228551387787,0.1338999718427658,0.31557413935661316,0.554901123046875,0.3822134733200073,-0.005315086338669062,0.999958872795105,0.5537093281745911,0.32255545258522034,0.004559530410915613,0.9999860525131226,0.5164365172386169,0.6307576298713684,-0.016824383288621902,0.5240097641944885,0.5325084924697876,0.35484635829925537,0.20244011282920837,0.5759209990501404,0.5021237730979919,0.8690931797027588,-0.03639736399054527,0.5386794805526733,0.5614098906517029,0.3212836682796478,0.29552820324897766,0.6320001482963562,0.5069493055343628,0.9064613580703735,-0.03914444148540497,0.5989373326301575,0.5608983635902405,0.34349820017814636,0.30632448196411133,0.6166215538978577,0.4743292033672333,0.9387893676757812,-0.13587073981761932,0.5587465167045593,0.5736284255981445,0.28977182507514954,0.28000059723854065,0.5289638638496399,60.55795859736382,30.0,134.52802760190409,-240.0879198095528,-53.56102293926526
14,0.4666666666666667,0.47235721349716187,0.4167156219482422,-0.019976401701569557,0.9900187849998474,0.47294819355010986,0.42088574171066284,-0.03540738672018051,0.9895105361938477,0.4735233187675476,0.42101654410362244,-0.03567557409405708,0.9872922301292419,0.47695812582969666,0.4302150309085846,-0.035658977925777435,0.9904154539108276,0.46687567234039307,0.4092661738395691,-0.04454740136861801,0.9945896863937378,0.46520569920539856,0.4042530059814453,-0.044844429939985275,0.9960922002792358,0.4627741277217865,0.4143393337726593,-0.045028526335954666,0.9969252943992615,0.4954400062561035,0.4602839946746826,-0.11078515648841858,0.9943957328796387,0.46141722798347473,0.408920019865036,-0.10044468939304352,0.9895296692848206,0.4814557433128357,0.4255828261375427,-0.019771046936511993,0.9836388826370239,0.4746265709400177,0.4089345932006836,-0.027513179928064346,0.9850423336029053,0.557220995426178,0.42109414935112,-0.026165185496211052,0.9999649524688721,0.49019700288772583,0.338139146566391,-0.08636236935853958,0.9998899698257446,0.6029231548309326,0.3597133755683899,0.05661667510867119,0.3886985182762146,0.4757346212863922,0.3603188097476959,0.06408295780420303,0.3416557013988495,0.595001757144928,0.37033218145370483,0.3293883502483368,0.3613777756690979,0.4472725987434387,0.39730411767959595,0.23966027796268463,0.28219085931777954,0.5973206162452698,0.36362341046333313,0.356134295463562,0.40304312109947205,0.43945473432540894,0.39829200506210327,0.25585463643074036,0.30185598134994507,0.5988520383834839,0.3510156273841858,0.3367874026298523,0.3897092044353485,0.44428226351737976,0.4116452932357788,0.2520371377468109,0.2909744381904602,0.5938917994499207,0.3666563332080841,0.32917293906211853,0.3846900165081024,0.4500102698802948,0.41135674715042114,0.24170874059200287,0.2927984297275543,0.5757684707641602,0.3859669864177704,-0.03265400230884552,0.9999629259109497,0.5447627305984497,0.33876413106918335,0.03198951110243797,0.9999873042106628,0.5205032229423523,0.6335813999176025,-0.04849447309970856,0.5684300661087036,0.5666056275367737,0.34854984283447266,0.33868011832237244,0.525355339050293,0.5184189677238464,0.8734884262084961,-0.04910391569137573,0.5834478139877319,0.6117476224899292,0.31207239627838135,0.610816240310669,0.5867840051651001,0.5306615233421326,0.921288013458252,-0.050544336438179016,0.6335040330886841,0.6182806491851807,0.3128802180290222,0.6408973336219788,0.5888141989707947,0.4733082950115204,0.9410374164581299,-0.17887763679027557,0.5988813638687134,0.6337798237800598,0.31431978940963745,0.6412292718887329,0.4903664290904999,175.00645507185084,30.0,129.23184608664238,-88.75746728529407,4985.355589836759
15,0.5,0.4719674289226532,0.38002291321754456,0.17015023529529572,0.9909648299217224,0.47448933124542236,0.37866610288619995,0.14825667440891266,0.990509033203125,0.4771587550640106,0.3765506148338318,0.14793382585048676,0.9885185360908508,0.48002272844314575,0.3762666583061218,0.14802373945713043,0.991334080696106,0.46746528148651123,0.38159260153770447,0.1674167364835739,0.9951030611991882,0.4652973711490631,0.38277700543403625,0.16706696152687073,0.9964630603790283,0.46324288845062256,0.3867916762828827,0.1669941544532776,0.9972156286239624,0.5000017881393433,0.37948137521743774,0.07234442234039307,0.9949312806129456,0.47224894165992737,0.382813036441803,0.16414472460746765,0.9905292987823486,0.4888753890991211,0.37921634316444397,0.15359830856323242,0.9850283265113831,0.48121553659439087,0.3845469057559967,0.17765678465366364,0.9862670302391052,0.5850274562835693,0.39078831672668457,0.05017130449414253,0.9999653697013855,0.49623969197273254,0.32527628540992737,0.14890585839748383,0.9998641014099121,0.6715916395187378,0.3784533739089966,0.02814430743455887,0.36933133006095886,0.5237293839454651,0.3590238094329834,0.2656722068786621,0.3075414299964905,0.776502788066864,0.41444286704063416,0.06889607012271881,0.34496691823005676,0.5556056499481201,0.40116187930107117,0.42584556341171265,0.2541523277759552,0.8074252009391785,0.4052813649177551,0.07193229347467422,0.3928672969341278,0.5632802248001099,0.4090999960899353,0.44052010774612427,0.2721058130264282,0.8169309496879578,0.389217734336853,0.057983413338661194,0.38186541199684143,0.5651649236679077,0.41811466217041016,0.4437808692455292,0.2622910141944885,0.7959028482437134,0.42025238275527954,0.06550224125385284,0.37720197439193726,0.5660263895988464,0.413777232170105,0.4278443455696106,0.2641255259513855,0.5847300291061401,0.39191552996635437,-0.03833722695708275,0.9999661445617676,0.5636997818946838,0.3523889183998108,0.03756622225046158,0.999987006187439,0.5306039452552795,0.6281625032424927,-0.10992380231618881,0.5679776668548584,0.602514922618866,0.35398006439208984,0.1540251523256302,0.47424787282943726,0.5372153520584106,0.8800312280654907,-0.17860983312129974,0.6114915609359741,0.7730444073677063,0.3749658763408661,0.2539561688899994,0.5355609655380249,0.5551280975341797,0.9284822940826416,-0.1881854385137558,0.6511651277542114,0.755315363407135,0.3954477310180664,0.2638987600803375,0.5594346523284912,0.4802292585372925,0.9493428468704224,-0.35568228363990784,0.6148765683174133,0.765198290348053,0.39591968059539795,0.23095197975635529,0.4575238823890686,177.70885595631603,30.0,128.6108631162178,92.26911951289779,5795.521649184566
16,0.5333333333333333,0.4798946976661682,0.3838956356048584,-0.22006568312644958,0.9918204545974731,0.482965350151062,0.38466188311576843,-0.26274076104164124,0.9913873076438904,0.48661717772483826,0.3839094936847687,-0.26308518648147583,0.9896075129508972,0.4901609420776367,0.3844224810600281,-0.2630974054336548,0.99214768409729,0.4732329249382019,0.38336822390556335,-0.23924466967582703,0.9955477118492126,0.4707093834877014,0.38354477286338806,-0.23959900438785553,0.9967819452285767,0.46821606159210205,0.38432011008262634,-0.23978309333324432,0.9974518418312073,0.5028767585754395,0.3810001611709595,-0.35127073526382446,0.9954121708869934,0.47606316208839417,0.3707314133644104,-0.24527230858802795,0.9913936853408813,0.49703651666641235,0.38091397285461426,-0.23557734489440918,0.9863907098770142,0.48793289065361023,0.38274770975112915,-0.2068193405866623,0.9874462485313416,0.597787082195282,0.37617790699005127,-0.33234184980392456,0.9999659657478333,0.5015454888343811,0.3086918890476227,-0.18299923837184906,0.9998341798782349,0.6932774782180786,0.38203728199005127,-0.4100542962551117,0.429823100566864,0.5183000564575195,0.30794402956962585,-0.31418558955192566,0.28585895895957947,0.8009450435638428,0.41182827949523926,-0.474934458732605,0.40787896513938904,0.5539960265159607,0.32687488198280334,-0.5220885276794434,0.25286081433296204,0.8228440880775452,0.40422117710113525,-0.5077180862426758,0.45148608088493347,0.5601463317871094,0.33136117458343506,-0.5764846205711365,0.28224220871925354,0.8252235651016235,0.4006898105144501,-0.5308732390403748,0.44173920154571533,0.5693160891532898,0.3204159438610077,-0.5775478482246399,0.2748861312866211,0.81653892993927,0.4122622013092041,-0.4865248501300812,0.43745383620262146,0.5678489804267883,0.31785187125205994,-0.533397912979126,0.281547874212265,0.5971301794052124,0.3924194276332855,-0.04679613187909126,0.9999679327011108,0.560414731502533,0.3591766059398651,0.04642658308148384,0.9999856948852539,0.5316190123558044,0.6304715871810913,-0.04530898109078407,0.5960549116134644,0.590264081954956,0.5946578979492188,0.11886796355247498,0.4652237296104431,0.5405576825141907,0.8759555816650391,-0.04787958413362503,0.6457937359809875,0.6146513819694519,0.8299042582511902,0.21141281723976135,0.5581837296485901,0.5557101964950562,0.9179148077964783,-0.0546535849571228,0.6739925146102905,0.7179632782936096,0.8599974513053894,0.21922427415847778,0.5798825621604919,0.48377907276153564,0.9494991898536682,-0.17642542719841003,0.6501383781433105,0.5407372117042542,0.8893563747406006,0.15815050899982452,0.49415814876556396,174.01809016996202,30.0,135.38312072083556,297.6106426603437,3360.318374313525
17,0.5666666666666667,0.5406712889671326,0.4442315101623535,-0.2318064123392105,0.9908701777458191,0.5423542857170105,0.44064047932624817,-0.2742703855037689,0.9892491102218628,0.5440899729728699,0.43773865699768066,-0.27466896176338196,0.9882612824440002,0.5520251989364624,0.4606093764305115,-0.2747803330421448,0.9912832975387573,0.5348753333091736,0.43654608726501465,-0.269191712141037,0.9940117597579956,0.5343331098556519,0.4351993501186371,-0.2695018947124481,0.9951130747795105,0.5341746211051941,0.43809959292411804,-0.26971662044525146,0.9960078001022339,0.5643678307533264,0.4424576759338379,-0.3588219881057739,0.9947602152824402,0.5211327075958252,0.43487119674682617,-0.3349428176879883,0.9886524677276611,0.555594801902771,0.43582969903945923,-0.2428000271320343,0.9853470921516418,0.5417550206184387,0.42780202627182007,-0.23818261921405792,0.9858605861663818,0.6274550557136536,0.38194164633750916,-0.33210060000419617,0.999965250492096,0.5005767941474915,0.3178008496761322,-0.24911853671073914,0.9998105764389038,0.7056034803390503,0.42330271005630493,-0.3646073639392853,0.454322874546051,0.5179259181022644,0.31169989705085754,-0.2718140482902527,0.2586497366428375,0.8205810189247131,0.4734577536582947,-0.4556601345539093,0.43782180547714233,0.5548802018165588,0.3748146891593933,-0.04154021292924881,0.23016025125980377,0.8465006351470947,0.4942285120487213,-0.4849049746990204,0.4875059425830841,0.5618716478347778,0.3872523009777069,-0.04023062065243721,0.2592836916446686,0.849435031414032,0.5020492672920227,-0.5061457753181458,0.47885146737098694,0.5695470571517944,0.3792174756526947,-0.05971889570355415,0.25236207246780396,0.839099109172821,0.4958324730396271,-0.4672349989414215,0.4746408462524414,0.5677164793014526,0.36952900886535645,-0.05037609487771988,0.26073750853538513,0.6043586134910583,0.38276129961013794,-0.03401876986026764,0.9999707937240601,0.5563048720359802,0.3609929382801056,0.03332953900098801,0.9999867677688599,0.6809279322624207,0.4429021179676056,-0.029445422813296318,0.5712975859642029,0.561202883720398,0.6136187314987183,0.026951251551508904,0.47140806913375854,0.7733475565910339,0.626074492931366,0.010450600646436214,0.6590207815170288,0.5983886122703552,0.8621460795402527,0.12980544567108154,0.5868093371391296,0.7815223336219788,0.6489525437355042,0.00966949574649334,0.6760875582695007,0.6234849691390991,0.9050636291503906,0.13807491958141327,0.5956496596336365,0.8309735655784607,0.6189935803413391,-0.10192540287971497,0.6716422438621521,0.5126491785049438,0.9389666318893433,0.05060403421521187,0.5243176817893982,45.234278665587816,30.0,148.4515726269074,316.2903444671328,-3329.112988938985
18,0.6,0.4641798436641693,0.4268839359283447,-0.2167898565530777,0.9743722677230835,0.4666000306606293,0.42767858505249023,-0.26564961671829224,0.9813787341117859,0.46917885541915894,0.42525768280029297,-0.2660212218761444,0.9762109518051147,0.4721499979496002,0.43263062834739685,-0.26595351099967957,0.984724760055542,0.4584817886352539,0.42428988218307495,-0.25055187940597534,0.9887933731079102,0.4570273756980896,0.42390140891075134,-0.25102606415748596,0.9889488220214844,0.45562413334846497,0.42462411522865295,-0.2512984871864319,0.9929776191711426,0.49593836069107056,0.4089418351650238,-0.37465229630470276,0.9890064001083374,0.46502476930618286,0.4005128741264343,-0.3083581030368805,0.981100857257843,0.48197585344314575,0.4092170298099518,-0.23656830191612244,0.972381591796875,0.4765489995479584,0.41254305839538574,-0.2194744050502777,0.9714372754096985,0.6101104617118835,0.3744044899940491,-0.3410229980945587,0.9999398589134216,0.4755942225456238,0.28814756870269775,-0.2828434705734253,0.9997528791427612,0.6523435711860657,0.4220859706401825,-0.37796640396118164,0.40995538234710693,0.5171962976455688,0.30454903841018677,-0.30999472737312317,0.23284263908863068,0.7129668593406677,0.4893714189529419,-0.4237420856952667,0.3945302665233612,0.5477170944213867,0.3324664831161499,-0.3438233733177185,0.20743805170059204,0.7209908962249756,0.5007818937301636,-0.4474884867668152,0.43980175256729126,0.5516002774238586,0.347432941198349,-0.3804808259010315,0.23395618796348572,0.7237701416015625,0.4999091923236847,-0.4685201942920685,0.43211716413497925,0.5566931962966919,0.3362188935279846,-0.3752601444721222,0.22779107093811035,0.7188934683799744,0.49461817741394043,-0.4332086145877838,0.4283472001552582,0.555401623249054,0.33501407504081726,-0.3470518887042999,0.23531660437583923,0.598008394241333,0.3645246922969818,-0.03414279222488403,0.9999733567237854,0.5519946813583374,0.29571211338043213,0.03352339193224907,0.9999876618385315,0.6158367395401001,0.4523554742336273,0.10366924107074738,0.5154361128807068,0.5447589159011841,0.4473152160644531,0.26671111583709717,0.4244338870048523,0.7097980976104736,0.841570258140564,0.16135954856872559,0.6091582179069519,0.6056321263313293,0.49628257751464844,0.4296005964279175,0.5290711522102356,0.674949586391449,0.8819535374641418,0.16377228498458862,0.616706907749176,0.6234775185585022,0.4967256188392639,0.44908392429351807,0.5382775664329529,0.6332428455352783,0.9093443751335144,0.04618292674422264,0.6200662851333618,0.6114540100097656,0.5456095933914185,0.4128491282463074,0.4735682010650635,161.1851972786658,30.0,156.46914368531108,75.669776731078,-6492.883059000866
19,0.6333333333333333,0.4201204180717468,0.3413558304309845,-0.22107890248298645,0.9769101738929749,0.41510826349258423,0.3336760401725769,-0.27383720874786377,0.9832122325897217,0.4224705100059509,0.3351599872112274,-0.27423036098480225,0.9785584211349487,0.4221035838127136,0.3350324034690857,-0.2742900550365448,0.986225426197052,0.4167930781841278,0.33075273036956787,-0.24618782103061676,0.9898963570594788,0.41742458939552307,0.32835638523101807,-0.24653774499893188,0.990037202835083,0.41218024492263794,0.3246089816093445,-0.2466849386692047,0.9936650991439819,0.4648739993572235,0.334384948015213,-0.3894857168197632,0.9900873303413391,0.4282129406929016,0.3135664165019989,-0.27034085988998413,0.9829553365707397,0.4473614990711212,0.3367944359779358,-0.2450626939535141,0.9750964045524597,0.4385952055454254,0.3385463356971741,-0.21155166625976562,0.9742418527603149,0.5928768515586853,0.34480613470077515,-0.35784345865249634,0.9999452233314514,0.4618731141090393,0.2717163562774658,-0.24328480660915375,0.9997768998146057,0.6435118317604065,0.47289571166038513,-0.46766331791877747,0.42444008588790894,0.47315600514411926,0.3027561604976654,-0.41499558091163635,0.21055705845355988,0.7306110262870789,0.6375795006752014,-0.5636889934539795,0.3762197196483612,0.4957440495491028,0.3266320824623108,-0.7036684155464172,0.20434319972991943,0.7640520930290222,0.6729723811149597,-0.5966004729270935,0.4188275933265686,0.49862319231033325,0.3329635262489319,-0.7735358476638794,0.23994363844394684,0.7640935778617859,0.6772171854972839,-0.6289441585540771,0.41309669613838196,0.5106360912322998,0.3160519599914551,-0.7750909924507141,0.23748549818992615,0.7504842281341553,0.6649472713470459,-0.5791822671890259,0.4099673926830292,0.5112287402153015,0.3183375298976898,-0.7174561023712158,0.24152995645999908,0.6037682890892029,0.3604784905910492,-0.04404652863740921,0.9999753832817078,0.5508068799972534,0.3136385977268219,0.04358920082449913,0.9999886751174927,0.6990691423416138,0.503818929195404,0.06486658751964569,0.5032938122749329,0.544785737991333,0.6056709289550781,0.1616974174976349,0.40293094515800476,0.8053560256958008,0.6820248365402222,0.0782199576497078,0.6279151439666748,0.5833226442337036,0.856674075126648,0.2642378509044647,0.5423443913459778,0.8074137568473816,0.6946004629135132,0.06523172557353973,0.6344846487045288,0.621504008769989,0.8973518013954163,0.2740251123905182,0.542550265789032,0.8328683972358704,0.7603440284729004,-0.025127416476607323,0.6482862830162048,0.5390947461128235,0.9351192116737366,0.23268073797225952,0.49787041544914246,174.44344460075416,30.0,153.49622440897926,-116.56852613292486,-1349.0320434580915
20,0.6666666666666666,0.43663015961647034,0.26578691601753235,-0.2784236967563629,0.9755668044090271,0.4341326951980591,0.2938379943370819,-0.31912198662757874,0.9828198552131653,0.4363113343715668,0.2960645258426666,-0.319491446018219,0.9777473211288452,0.4374634027481079,0.29833853244781494,-0.31941458582878113,0.9862447381019592,0.4347440004348755,0.2905905544757843,-0.29778000712394714,0.9895835518836975,0.43609482049942017,0.2901345491409302,-0.2982713580131531,0.9891647100448608,0.4364830255508423,0.2894638478755951,-0.2985292375087738,0.9935023784637451,0.4561297595500946,0.30322250723838806,-0.3950130045413971,0.988067626953125,0.44857358932495117,0.2848168611526489,-0.3005598485469818,0.9815921783447266,0.45042234659194946,0.2698184549808502,-0.2890773415565491,0.9734318256378174,0.4490354657173157,0.26290324330329895,-0.26342102885246277,0.9729596972465515,0.5764409303665161,0.35039183497428894,-0.3262482285499573,0.9999021887779236,0.4762236773967743,0.2610211968421936,-0.2388921082019806,0.9997828602790833,0.5561888217926025,0.44832006096839905,-0.41082608699798584,0.38268932700157166,0.528958261013031,0.25401225686073303,-0.0310035590082407,0.18955126404762268,0.5690467357635498,0.4339962303638458,-0.5248623490333557,0.3389911651611328,0.5270183086395264,0.28841620683670044,0.22118425369262695,0.18394900858402252,0.5789220333099365,0.42627856135368347,-0.5675931572914124,0.377863347530365,0.5301733613014221,0.29603251814842224,0.23634450137615204,0.21602772176265717,0.5768299698829651,0.40288299322128296,-0.5751022696495056,0.37270036339759827,0.5215469002723694,0.29579874873161316,0.20982609689235687,0.21383003890514374,0.5747783184051514,0.3994957208633423,-0.5311856865882874,0.3697109818458557,0.5222158432006836,0.29552873969078064,0.21340098977088928,0.21750633418560028,0.6086528301239014,0.36665746569633484,-0.03565884754061699,0.9999775886535645,0.5481079816818237,0.3374761939048767,0.035208847373723984,0.9999897480010986,0.67793869972229,0.526810348033905,0.015836920589208603,0.45339733362197876,0.5465219020843506,0.6298849582672119,0.090850330889225,0.36562013626098633,0.7526795268058777,0.7118447422981262,0.03449986129999161,0.5743396878242493,0.5680693984031677,0.8492090106010437,0.10516941547393799,0.5083020925521851,0.7569853663444519,0.7336018681526184,0.029607044532895088,0.5782806873321533,0.6073684692382812,0.8775491118431091,0.1074279397726059,0.5000549554824829,0.7711144089698792,0.795377790927887,-0.06666745245456696,0.6014195084571838,0.5376449823379517,0.959854006767273,0.01232102420181036,0.4680801331996918,162.4732146890144,30.0,148.69790860978276,-14.26569283279477,3734.4822614007994
21,0.7,0.45739972591400146,0.2339753657579422,-0.5212312340736389,0.9742667078971863,0.45665663480758667,0.262973427772522,-0.5567370653152466,0.9821022748947144,0.45885422825813293,0.2679881155490875,-0.5571386218070984,0.976107656955719,0.46054232120513916,0.2728775441646576,-0.5570141077041626,0.9858709573745728,0.4532111585140228,0.25649207830429077,-0.5431404709815979,0.989132821559906,0.4513327479362488,0.257603257894516,-0.5437079668045044,0.9882774353027344,0.4452650249004364,0.2585549056529999,-0.5440317392349243,0.9933822751045227,0.4769600033760071,0.2853049635887146,-0.5851166248321533,0.9848709106445312,0.4628525376319885,0.2740035951137543,-0.5246149897575378,0.9800183773040771,0.470014363527298,0.23917338252067566,-0.5122887492179871,0.9715814590454102,0.46398040652275085,0.23213472962379456,-0.4969831109046936,0.9717654585838318,0.5757194757461548,0.3462381362915039,-0.4598827362060547,0.9998100399971008,0.49521496891975403,0.2507791221141815,-0.41871580481529236,0.9997796416282654,0.5498849749565125,0.4390332102775574,-0.4984137713909149,0.3457215130329132,0.540124237537384,0.22914297878742218,-0.1586964726448059,0.1708531677722931,0.5545198917388916,0.3978256285190582,-0.6282843351364136,0.30576714873313904,0.534149706363678,0.24336259067058563,0.04582395404577255,0.16572676599025726,0.5606197118759155,0.38685715198516846,-0.6775068044662476,0.341476172208786,0.5357714891433716,0.24917227029800415,0.04885716363787651,0.1946927309036255,0.5587237477302551,0.3681317865848541,-0.6954510807991028,0.3369828462600708,0.5220843553543091,0.25078871846199036,0.019229184836149216,0.19278055429458618,0.557559609413147,0.3670330047607422,-0.639292299747467,0.33408764004707336,0.5234513282775879,0.2505831718444824,0.03612290322780609,0.19616708159446716,0.6037498712539673,0.37105169892311096,-0.01112248096615076,0.9999787211418152,0.5465443730354309,0.35921892523765564,0.010831622406840324,0.9999905228614807,0.6520641446113586,0.5451891422271729,0.09507720917463303,0.4081631004810333,0.5449714064598083,0.6290437579154968,0.05615935102105141,0.33291658759117126,0.7002750635147095,0.723151683807373,0.2752394676208496,0.5182995796203613,0.5568758249282837,0.8394376039505005,0.11295649409294128,0.4732668995857239,0.7008427381515503,0.7482830882072449,0.28817272186279297,0.5217742919921875,0.5757244825363159,0.8614911437034607,0.1190723404288292,0.457550048828125,0.7066501975059509,0.8083927631378174,0.19066038727760315,0.5446204543113708,0.5393081307411194,0.948920488357544,0.0026106529403477907,0.43666014075279236,165.63307091668338,30.0,152.54517822012627,132.39695796046178,-3735.5028311424185
22,0.7333333333333333,0.465488076210022,0.22694627940654755,-0.5529703497886658,0.974573016166687,0.46483418345451355,0.2573157846927643,-0.5866945385932922,0.9824516177177429,0.4665139615535736,0.26255396008491516,-0.587094247341156,0.976188600063324,0.46783801913261414,0.2661091387271881,-0.5869693160057068,0.986219048500061,0.46194711327552795,0.25030961632728577,-0.572870135307312,0.9893164038658142,0.459203839302063,0.25141480565071106,-0.5734447240829468,0.9882727265357971,0.44896218180656433,0.2523382008075714,-0.5737521052360535,0.9935728907585144,0.483452171087265,0.28139832615852356,-0.6039227247238159,0.9838485717773438,0.47434407472610474,0.270233154296875,-0.5422815084457397,0.9798445105552673,0.476962685585022,0.22949714958667755,-0.5399063229560852,0.9717283248901367,0.4717603623867035,0.22262175381183624,-0.5242912769317627,0.9721551537513733,0.5760363340377808,0.3451826572418213,-0.4678180515766144,0.9997487664222717,0.5031499862670898,0.24888885021209717,-0.4297453761100769,0.9997808933258057,0.5493137836456299,0.4320724904537201,-0.48904088139533997,0.3138062357902527,0.5443446040153503,0.22799843549728394,-0.1868898570537567,0.15425272285938263,0.5542770028114319,0.4058404862880707,-0.6123387813568115,0.276529461145401,0.5363196134567261,0.24600748717784882,0.030683400109410286,0.14947852492332458,0.5604804754257202,0.398603618144989,-0.6597640514373779,0.309965580701828,0.5370318293571472,0.2493652105331421,0.032982151955366135,0.17572160065174103,0.5593844056129456,0.38414785265922546,-0.6813384890556335,0.306243360042572,0.5224081873893738,0.2516678273677826,-1.1582626029849052e-05,0.1741461157798767,0.5579972863197327,0.3834994435310364,-0.6244382262229919,0.30333587527275085,0.5236650705337524,0.25265854597091675,0.01955980248749256,0.17734886705875397,0.6035572290420532,0.3737236559391022,-0.0020402881782501936,0.9999794363975525,0.5460286736488342,0.36852583289146423,0.00176815630402416,0.9999911785125732,0.6485487222671509,0.5550569295883179,0.09127717465162277,0.36756280064582825,0.5442599058151245,0.6259961128234863,0.04967696964740753,0.3080606162548065,0.6930280327796936,0.7290682196617126,0.2828744053840637,0.46876460313796997,0.5518657565116882,0.8370007276535034,0.11405444890260696,0.4522242248058319,0.6921360492706299,0.7551866173744202,0.29722994565963745,0.4715428054332733,0.5611315369606018,0.8609126210212708,0.12068799138069153,0.42347776889801025,0.6987926959991455,0.8214162588119507,0.1964016556739807,0.4956762194633484,0.5403168797492981,0.9475973844528198,-0.0028859286103397608,0.41841503977775574,164.86073033929003,30.0,157.52437247381354,-263.299214908956,-8078.42124853612
23,0.7666666666666666,0.5226858258247375,0.2583707869052887,-0.5948172211647034,0.9770711660385132,0.5209755301475525,0.2811421751976013,-0.6108142733573914,0.9841477870941162,0.5190663933753967,0.2861640453338623,-0.6111944913864136,0.9784984588623047,0.5164343118667603,0.2915639281272888,-0.6109498143196106,0.9875283241271973,0.5266309976577759,0.27503010630607605,-0.6089305877685547,0.9903457760810852,0.5286378264427185,0.2760467827320099,-0.6095699667930603,0.9894184470176697,0.5300796031951904,0.2773359715938568,-0.6098840236663818,0.9941887259483337,0.5128054618835449,0.3061152994632721,-0.5667094588279724,0.9853633642196655,0.5444199442863464,0.2926427125930786,-0.5570496916770935,0.9817651510238647,0.5204461216926575,0.26039499044418335,-0.560509979724884,0.9743796586990356,0.5272266268730164,0.25212451815605164,-0.5608250498771667,0.9748210310935974,0.5077037215232849,0.31543901562690735,-0.39243337512016296,0.9997555017471313,0.5851684808731079,0.25115180015563965,-0.4191850423812866,0.9997910857200623,0.48206567764282227,0.3331594169139862,-0.31225210428237915,0.32766520977020264,0.5922058820724487,0.24290387332439423,-0.3070353865623474,0.1743069291114807,0.49352937936782837,0.39392098784446716,-0.297702819108963,0.2679402530193329,0.5782477855682373,0.3261418342590332,-0.20545436441898346,0.1497754603624344,0.4949811100959778,0.3847877085208893,-0.30998268723487854,0.30120721459388733,0.5801880955696106,0.3183605670928955,-0.21354781091213226,0.17589619755744934,0.5079400539398193,0.3841666877269745,-0.3436124920845032,0.29822850227355957,0.5606837868690491,0.3304700255393982,-0.23673221468925476,0.17378677427768707,0.5095939040184021,0.38566386699676514,-0.3089218735694885,0.2966369092464447,0.5588290095329285,0.33177459239959717,-0.21300466358661652,0.17585165798664093,0.5543524026870728,0.3495149314403534,0.007917788811028004,0.9999811053276062,0.5805502533912659,0.36289355158805847,-0.008506505750119686,0.999991774559021,0.5618146061897278,0.5776901841163635,0.013452565297484398,0.39251089096069336,0.5878658294677734,0.6162899136543274,0.010353670455515385,0.3537302017211914,0.5509371161460876,0.8188523650169373,0.07035423070192337,0.5196937322616577,0.609670102596283,0.7854626774787903,0.09649260342121124,0.5053834319114685,0.553313136100769,0.8453627824783325,0.07013802975416183,0.5186105966567993,0.5982659459114075,0.8039004802703857,0.10500781238079071,0.47582876682281494,0.5582965612411499,0.9038817882537842,-0.06392228603363037,0.542577862739563,0.6157150864601135,0.8697324395179749,-0.0015023233136162162,0.47269898653030396,135.46699022367332,30.0,134.99189722619587,-406.1644586086129,3975.4855343243407
24,0.8,0.5857455134391785,0.2792421579360962,-0.6059940457344055,0.9793307781219482,0.592269241809845,0.2970960736274719,-0.6229332089424133,0.9856905341148376,0.5924896001815796,0.3012593388557434,-0.6233435869216919,0.9806020259857178,0.5926077365875244,0.3060389757156372,-0.6232471466064453,0.9887410998344421,0.5908047556877136,0.2885169982910156,-0.6244741082191467,0.9912809133529663,0.5900189876556396,0.2869897186756134,-0.6250236630439758,0.9904510378837585,0.5895068049430847,0.28539547324180603,-0.6252968311309814,0.9947512149810791,0.5883495211601257,0.3156614899635315,-0.5780878067016602,0.9867693185806274,0.5897549986839294,0.28878894448280334,-0.5872262120246887,0.9835113286972046,0.5801834464073181,0.27813413739204407,-0.571473240852356,0.9768306016921997,0.5783518552780151,0.27321857213974,-0.5768787860870361,0.9772754311561584,0.5771254897117615,0.3110613226890564,-0.41947808861732483,0.999773383140564,0.5686528086662292,0.26023560762405396,-0.43983128666877747,0.9998080134391785,0.5234915614128113,0.337261825799942,-0.31012454628944397,0.3592105209827423,0.5029208064079285,0.25312429666519165,-0.3480801582336426,0.23430824279785156,0.5230086445808411,0.3532043695449829,-0.3086523115634918,0.3003510534763336,0.5456647872924805,0.33449846506118774,-0.33317336440086365,0.173878476023674,0.5135441422462463,0.3734515309333801,-0.3361796736717224,0.33128613233566284,0.5565840601921082,0.3657679557800293,-0.36450931429862976,0.19138364493846893,0.5232936143875122,0.36785340309143066,-0.366981565952301,0.33051028847694397,0.5516491532325745,0.362167626619339,-0.3790331780910492,0.19146640598773956,0.5257312059402466,0.3662225604057312,-0.3194058835506439,0.3260892629623413,0.5529530048370361,0.3529540002346039,-0.34015652537345886,0.19167236983776093,0.5577726364135742,0.3543660342693329,0.031740348786115646,0.9999805092811584,0.5737847089767456,0.3655373454093933,-0.032101910561323166,0.9999913573265076,0.5531511306762695,0.5903705954551697,0.10950825363397598,0.37870338559150696,0.5700061917304993,0.6050038933753967,-0.09168387949466705,0.40362802147865295,0.5371519923210144,0.8105398416519165,0.24181996285915375,0.5283998847007751,0.5445142984390259,0.8390403389930725,-0.05366145446896553,0.5482674837112427,0.5314971208572388,0.827043354511261,0.24900507926940918,0.509465754032135,0.5375322103500366,0.8740039467811584,-0.05173800513148308,0.49403393268585205,0.5383393168449402,0.8908178210258484,0.15543340146541595,0.5629388093948364,0.5611811876296997,0.9283285140991211,-0.17691609263420105,0.5180732011795044,78.9377322199283,30.0,130.44674189990602,1.7331540460000383,4443.160951387025
25,0.8333333333333334,0.627041757106781,0.35863879323005676,-0.31866371631622314,0.9803897142410278,0.6289317607879639,0.37566402554512024,-0.33995965123176575,0.9857345223426819,0.6264799237251282,0.37670329213142395,-0.34047815203666687,0.9816511273384094,0.6243427395820618,0.3772026598453522,-0.34043848514556885,0.9888668060302734,0.636347234249115,0.36567914485931396,-0.34902530908584595,0.9911426901817322,0.6391685605049133,0.3592117726802826,-0.3494676351547241,0.9909010529518127,0.6418847441673279,0.3527410328388214,-0.34964218735694885,0.994343101978302,0.6191661357879639,0.3708719313144684,-0.3559255301952362,0.9877152442932129,0.6370421051979065,0.33079051971435547,-0.4073047339916229,0.9830241799354553,0.6175695657730103,0.33708325028419495,-0.30852973461151123,0.9782842993736267,0.6252896189689636,0.32374268770217896,-0.32538333535194397,0.9788296818733215,0.5826612114906311,0.31978273391723633,-0.3309875726699829,0.9997953772544861,0.6084155440330505,0.27186232805252075,-0.31938162446022034,0.9998238682746887,0.530293881893158,0.340781569480896,-0.449190229177475,0.38246995210647583,0.5556766390800476,0.31539806723594666,-0.43265894055366516,0.2285698503255844,0.5186431407928467,0.3515365421772003,-0.6542437672615051,0.35520127415657043,0.5505239367485046,0.3459598422050476,-0.6501986384391785,0.1793501377105713,0.5168895721435547,0.3453880250453949,-0.7166707515716553,0.3869694769382477,0.5538626313209534,0.3572547435760498,-0.7104611992835999,0.21145907044410706,0.5199865102767944,0.33182191848754883,-0.7194811105728149,0.38609588146209717,0.5501164793968201,0.3540312945842743,-0.721720278263092,0.21125628054141998,0.5257795453071594,0.3371216952800751,-0.6598228216171265,0.37940627336502075,0.5504521727561951,0.3501664698123932,-0.6635668277740479,0.21105168759822845,0.5598882436752319,0.3194432556629181,0.02842559851706028,0.9999804496765137,0.5763828754425049,0.3200531303882599,-0.02883213944733143,0.999991238117218,0.5001362562179565,0.4762268662452698,0.2256671041250229,0.34635892510414124,0.545883297920227,0.5953813195228577,-0.2896287739276886,0.4581148326396942,0.44570884108543396,0.5383577942848206,0.4186841547489166,0.513719379901886,0.5146230459213257,0.8469276428222656,-0.42359283566474915,0.5926105380058289,0.4264736771583557,0.5487959980964661,0.43121522665023804,0.5101444721221924,0.49797990918159485,0.8892645239830017,-0.4420773684978485,0.5405979156494141,0.4296680688858032,0.535304069519043,0.37573978304862976,0.5569559931755066,0.5387322902679443,0.9324896931648254,-0.6032856106758118,0.5649973154067993,154.50691780662476,30.0,135.10744082926254,-109.95372851614455,-4521.343035884419
26,0.8666666666666667,0.631508469581604,0.47458648681640625,0.012837252579629421,0.9768034815788269,0.6398773193359375,0.4711306393146515,-0.004561697132885456,0.9842029213905334,0.6410816311836243,0.46764421463012695,-0.004920372739434242,0.9801985025405884,0.6422884464263916,0.46478137373924255,-0.004912219010293484,0.9878227114677429,0.639243483543396,0.4703267216682434,-0.023957308381795883,0.9907381534576416,0.641264021396637,0.4622601866722107,-0.024284133687615395,0.9907271265983582,0.6425743699073792,0.45728155970573425,-0.024498414248228073,0.9942867159843445,0.63978111743927,0.4420078694820404,-0.03589864820241928,0.9877951145172119,0.6237119436264038,0.43836140632629395,-0.12985068559646606,0.9837234616279602,0.6205762624740601,0.43202802538871765,0.016044389456510544,0.9779956340789795,0.619618833065033,0.4320952892303467,-0.013948043808341026,0.9791828393936157,0.6010975241661072,0.35175061225891113,-0.055932242423295975,0.9998087286949158,0.573251485824585,0.3392415940761566,-0.11272170394659042,0.9998294711112976,0.5649096369743347,0.3365568518638611,-0.04068120941519737,0.3478562831878662,0.5509678721427917,0.32623305916786194,-0.1296127289533615,0.2080889195203781,0.5413967370986938,0.31210169196128845,-0.06991031020879745,0.321255624294281,0.5370464324951172,0.3202795386314392,-0.12170092016458511,0.16489624977111816,0.536200225353241,0.3202398419380188,-0.08436139672994614,0.35282227396965027,0.5294831991195679,0.3180302381515503,-0.14541329443454742,0.19975733757019043,0.5368668437004089,0.31376105546951294,-0.09203730523586273,0.3515857458114624,0.5300120711326599,0.31691256165504456,-0.14558367431163788,0.1979503184556961,0.5402733087539673,0.31217578053474426,-0.07271101325750351,0.3464133143424988,0.5304813981056213,0.31499800086021423,-0.12511570751667023,0.1993437111377716,0.5497898459434509,0.33376583456993103,0.03833397850394249,0.9999818205833435,0.5356273651123047,0.3302333652973175,-0.03857460245490074,0.9999918937683105,0.4917014539241791,0.3607095181941986,0.2829299569129944,0.31892386078834534,0.5363499522209167,0.5891684889793396,-0.242522194981575,0.5085806846618652,0.3603307902812958,0.3841906189918518,0.44949468970298767,0.47321513295173645,0.5046082139015198,0.8506628274917603,-0.44143402576446533,0.632138192653656,0.34218019247055054,0.41050586104393005,0.4653121829032898,0.49395591020584106,0.4857756495475769,0.8974827527999878,-0.4605017900466919,0.5842851400375366,0.312431275844574,0.35224881768226624,0.44172918796539307,0.5228575468063354,0.5398280620574951,0.9329535961151123,-0.5966857671737671,0.6067712903022766,118.8267127912035,30.0,123.11649333216305,-299.6897150129612,918.2571687715289
27,0.9,0.6508506536483765,0.5066008567810059,-0.10908758640289307,0.9770325422286987,0.6539544463157654,0.5005211234092712,-0.13205166161060333,0.9847383499145508,0.6539366841316223,0.4964611530303955,-0.13244064152240753,0.981231689453125,0.6537950038909912,0.49362561106681824,-0.1324063539505005,0.9883855581283569,0.6509682536125183,0.5034623146057129,-0.15420636534690857,0.991165041923523,0.6514813303947449,0.4733729958534241,-0.15456844866275787,0.9912965893745422,0.6510991454124451,0.47040310502052307,-0.15484412014484406,0.9946117401123047,0.6550505757331848,0.4492800533771515,-0.1608877182006836,0.9887946248054504,0.6343685388565063,0.4614112079143524,-0.2601158320903778,0.9850407242774963,0.6411048769950867,0.4770677983760834,-0.1014929786324501,0.9796003699302673,0.6382291316986084,0.4565977454185486,-0.13404521346092224,0.980729341506958,0.6248723268508911,0.3571823835372925,-0.1334628015756607,0.9998250007629395,0.5836940407752991,0.36611953377723694,-0.2009017914533615,0.9998366832733154,0.5804478526115417,0.3340374529361725,-0.004732324276119471,0.32495996356010437,0.5642318725585938,0.32377639412879944,-0.1767430305480957,0.1979885846376419,0.5411622524261475,0.31508150696754456,0.08683484047651291,0.2950808107852936,0.5425313711166382,0.3262343406677246,-0.13800358772277832,0.15913337469100952,0.5295182466506958,0.3184926211833954,0.08770658075809479,0.3311270475387573,0.5460073351860046,0.3394196331501007,-0.1564512550830841,0.20276935398578644,0.5318123698234558,0.3141283094882965,0.07391787320375443,0.32892516255378723,0.5344597101211548,0.32987332344055176,-0.15997514128684998,0.19753864407539368,0.5348649621009827,0.31486207246780396,0.08508003503084183,0.32609984278678894,0.5363075733184814,0.3268752992153168,-0.140680730342865,0.20131251215934753,0.5673907995223999,0.33948323130607605,0.04283807426691055,0.9999831914901733,0.5508930087089539,0.3650117516517639,-0.04303254932165146,0.9999924898147583,0.47314903140068054,0.38272613286972046,0.25089624524116516,0.34866154193878174,0.5370241403579712,0.5879598259925842,-0.20376865565776825,0.5572786927223206,0.35652461647987366,0.3796420395374298,0.3656180500984192,0.5091863870620728,0.5035120248794556,0.8520200848579407,-0.3722016513347626,0.6688448786735535,0.33778631687164307,0.4043183922767639,0.3750160038471222,0.5337345004081726,0.4860025942325592,0.9021493196487427,-0.3884572982788086,0.6255455613136292,0.30551663041114807,0.3406345546245575,0.33220475912094116,0.5612919926643372,0.5416855216026306,0.9343321919441223,-0.5212097764015198,0.6459639072418213,122.4971885008427,30.0,115.12812649506513,-48.73658393137596,6590.693565716687
28,0.9333333333333333,0.6391025185585022,0.49402397871017456,-0.3122950792312622,0.972805380821228,0.6377153992652893,0.48385101556777954,-0.34102168679237366,0.9840878248214722,0.6355711817741394,0.47911563515663147,-0.34150126576423645,0.9808787703514099,0.633366048336029,0.4756442606449127,-0.3415694534778595,0.988298237323761,0.6389533281326294,0.48914992809295654,-0.3706679940223694,0.9907399415969849,0.6391229629516602,0.485906183719635,-0.3709315359592438,0.9909572005271912,0.6391870379447937,0.4853655695915222,-0.3710874021053314,0.9942419528961182,0.6195789575576782,0.438400000333786,-0.3684918284416199,0.9890589118003845,0.6229102611541748,0.45529332756996155,-0.4877006709575653,0.98431396484375,0.6242124438285828,0.47066521644592285,-0.30003759264945984,0.9796890020370483,0.6282951235771179,0.472998708486557,-0.342134565114975,0.9806192517280579,0.6144921183586121,0.33410775661468506,-0.32114508748054504,0.9998398423194885,0.5701189637184143,0.3815230131149292,-0.42536279559135437,0.9998279809951782,0.5767990946769714,0.315323144197464,-0.4314981997013092,0.2943921387195587,0.6390908360481262,0.4345197379589081,-0.4963095784187317,0.18853580951690674,0.5521023273468018,0.32375115156173706,-0.6382562518119812,0.2707216143608093,0.6875637769699097,0.4710773527622223,-0.524344801902771,0.14808711409568787,0.5378727316856384,0.3238123059272766,-0.6895931363105774,0.3098432123661041,0.7005183100700378,0.47493043541908264,-0.573372483253479,0.19065766036510468,0.5433428883552551,0.3247201144695282,-0.693108856678009,0.30671289563179016,0.694900631904602,0.4690213203430176,-0.5666137933731079,0.18463414907455444,0.5426709055900574,0.32565292716026306,-0.6433881521224976,0.3013797402381897,0.6886155605316162,0.45889461040496826,-0.525922417640686,0.18559470772743225,0.5418793559074402,0.3254253566265106,0.048274699598550797,0.9999839663505554,0.5348601937294006,0.36018258333206177,-0.04860195890069008,0.9999927878379822,0.5117922425270081,0.299139142036438,0.18840788304805756,0.31545016169548035,0.5346267223358154,0.5965351462364197,-0.1915040761232376,0.5783711671829224,0.41095462441444397,0.28586244583129883,0.321098268032074,0.46987682580947876,0.49961283802986145,0.8598984479904175,-0.26932603120803833,0.6977841258049011,0.395058810710907,0.2920565605163574,0.3305915892124176,0.5050649046897888,0.4818815588951111,0.9094536304473877,-0.2793041467666626,0.6473588347434998,0.3792741894721985,0.2551659643650055,0.2535058856010437,0.5327661037445068,0.5367975234985352,0.9314290881156921,-0.44393107295036316,0.6748499870300293,165.57676949343474,30.0,119.86738773673798,139.68985603481792,1254.1481125418034
29,0.9666666666666667,0.6259909868240356,0.4206717908382416,-0.5519610643386841,0.975176990032196,0.6262887716293335,0.3838748335838318,-0.5632172226905823,0.9853804111480713,0.6267934441566467,0.3795118033885956,-0.5635738968849182,0.9823560118675232,0.627173125743866,0.3763216435909271,-0.563598096370697,0.9892376661300659,0.6217306852340698,0.39028477668762207,-0.5759475231170654,0.991547167301178,0.6200039386749268,0.39433521032333374,-0.5762962102890015,0.9917280673980713,0.618329644203186,0.39592039585113525,-0.5765621662139893,0.9947519898414612,0.6142461895942688,0.3940607011318207,-0.5109148621559143,0.9898435473442078,0.6050340533256531,0.39896559715270996,-0.5683167576789856,0.9855681657791138,0.6101172566413879,0.42209312319755554,-0.5155268311500549,0.9812794923782349,0.6162716746330261,0.45154649019241333,-0.5350697040557861,0.9822433590888977,0.604802131652832,0.31101909279823303,-0.3776349127292633,0.9998505115509033,0.5680310130119324,0.38237032294273376,-0.40802764892578125,0.9998345971107483,0.6113999485969543,0.3291430175304413,-0.20600900053977966,0.26561853289604187,0.5431139469146729,0.40061134099960327,-0.34483715891838074,0.17008081078529358,0.6134176254272461,0.33523988723754883,-0.0881984606385231,0.2439386397600174,0.559975266456604,0.40971359610557556,-0.32521966099739075,0.13352136313915253,0.6125079393386841,0.3379029929637909,-0.08603180944919586,0.2793499529361725,0.5606663823127747,0.4331757426261902,-0.3549836277961731,0.17200709879398346,0.6114599704742432,0.32671380043029785,-0.11587999761104584,0.2765480577945709,0.5692116618156433,0.4178529381752014,-0.35837322473526,0.16657674312591553,0.6098762154579163,0.3369428813457489,-0.0949944332242012,0.27184340357780457,0.5690444707870483,0.41168972849845886,-0.3289998173713684,0.16745586693286896,0.5500155687332153,0.32740217447280884,0.03975559026002884,0.9999797940254211,0.5304244756698608,0.3546349108219147,-0.04001844674348831,0.9999917149543762,0.5779091119766235,0.3365585505962372,0.18166343867778778,0.2842266857624054,0.5348680019378662,0.5924261212348938,-0.23277190327644348,0.5480055212974548,0.5248929262161255,0.3445379436016083,0.31066951155662537,0.42412275075912476,0.49739953875541687,0.8578976392745972,-0.289929062128067,0.6967794299125671,0.5162979364395142,0.35401076078414917,0.3238176703453064,0.45674383640289307,0.4822046458721161,0.9032596945762634,-0.29571533203125,0.6203954219818115,0.51230788230896,0.3125876188278198,0.2532609701156616,0.4831666946411133,0.5168750882148743,0.9274711608886719,-0.4561959207057953,0.6702327728271484,120.72958359581179,30.0,124.44078356405299,34.8732902380776,-1111.6700354352388
30,1.0,0.6249046325683594,0.39433640241622925,-0.5094123482704163,0.9773687720298767,0.6241809129714966,0.36752036213874817,-0.5193924307823181,0.9864477515220642,0.6246395707130432,0.36443057656288147,-0.5198186635971069,0.9836081862449646,0.6249260306358337,0.36246511340141296,-0.5198941826820374,0.989992082118988,0.6191069483757019,0.3712787628173828,-0.528830349445343,0.9921455383300781,0.6169735789299011,0.37437671422958374,-0.5291560888290405,0.9922948479652405,0.6149360537528992,0.37535738945007324,-0.5293200612068176,0.9951069951057434,0.6146755814552307,0.35650113224983215,-0.479849249124527,0.9905324578285217,0.6009999513626099,0.36438021063804626,-0.5197739005088806,0.9861699342727661,0.6188338994979858,0.3968401253223419,-0.48040956258773804,0.982434093952179,0.6158643960952759,0.4273945987224579,-0.49488136172294617,0.9834258556365967,0.6037960648536682,0.3157743513584137,-0.39332184195518494,0.9998636841773987,0.5631985068321228,0.3690181076526642,-0.38085782527923584,0.9998378753662109,0.6013244986534119,0.3631700575351715,-0.3592429459095001,0.24151886999607086,0.521159291267395,0.40919795632362366,-0.33591893315315247,0.1537196785211563,0.6207347512245178,0.4139925241470337,-0.4182308316230774,0.22047153115272522,0.5198604464530945,0.38941141963005066,-0.3485291600227356,0.1205008327960968,0.6307975649833679,0.41859209537506104,-0.4487520456314087,0.2527042627334595,0.519706130027771,0.42254799604415894,-0.37824583053588867,0.15532468259334564,0.6312103271484375,0.4220665991306305,-0.4728037416934967,0.2502390444278717,0.5219241976737976,0.3925958275794983,-0.39917734265327454,0.15045452117919922,0.6270321607589722,0.4226999282836914,-0.42914479970932007,0.24617861211299896,0.5229310989379883,0.39603739976882935,-0.3614197075366974,0.15129750967025757,0.552494466304779,0.3315929174423218,0.02491072192788124,0.9999810457229614,0.5281323194503784,0.3453011214733124,-0.025045128539204597,0.9999920725822449,0.644437849521637,0.4543292820453644,0.17561723291873932,0.26273590326309204,0.49150392413139343,0.48553183674812317,-0.11549223214387894,0.535571813583374,0.6923147439956665,0.4436807930469513,0.2969907820224762,0.3946692645549774,0.3691014349460602,0.49647390842437744,-0.20994099974632263,0.7039905190467834,0.6921193599700928,0.46383950114250183,0.30899325013160706,0.4242444336414337,0.3500642478466034,0.5107594728469849,-0.2158401757478714,0.604785680770874,0.7272170186042786,0.4463315010070801,0.2479977011680603,0.4524925947189331,0.36190444231033325,0.48561039566993713,-0.3520558476448059,0.6746739149093628,40.812317678073235,30.0,122.19227375260982,65.57852033913534,1871.2816603326332
31,1.0333333333333332,0.6217021942138672,0.37180325388908386,-0.43406936526298523,0.9795736074447632,0.6234787106513977,0.36369606852531433,-0.4645611643791199,0.9876859188079834,0.6238541007041931,0.3626832067966461,-0.46488481760025024,0.9851236939430237,0.6243249177932739,0.36211326718330383,-0.46442535519599915,0.9909101128578186,0.6203500032424927,0.36681005358695984,-0.4768156409263611,0.9928559064865112,0.6189237833023071,0.3697167932987213,-0.47791582345962524,0.9929857850074768,0.6176717877388,0.3712337017059326,-0.4784472584724426,0.9955377578735352,0.6183760166168213,0.3604271411895752,-0.44316548109054565,0.991431713104248,0.6046138405799866,0.3649040460586548,-0.5072499513626099,0.9874101877212524,0.6170375347137451,0.3828684687614441,-0.40748506784439087,0.9841134548187256,0.6122406721115112,0.4076463580131531,-0.4227146506309509,0.9850080609321594,0.631630003452301,0.37433791160583496,-0.3618612587451935,0.9998751878738403,0.5482552647590637,0.3632234036922455,-0.3711429834365845,0.9998425245285034,0.6757799983024597,0.44016560912132263,-0.37168464064598083,0.28435957431793213,0.4561406373977661,0.2085060328245163,-0.3569660782814026,0.17883290350437164,0.7093765139579773,0.5377901792526245,-0.45279788970947266,0.2320791333913803,0.40858545899391174,0.09834570437669754,-0.43892255425453186,0.14624130725860596,0.7176644802093506,0.543178379535675,-0.4771260619163513,0.2642422318458557,0.39420977234840393,0.07312605530023575,-0.4769291877746582,0.18685506284236908,0.713298499584198,0.5313887000083923,-0.5058924555778503,0.26448479294776917,0.39127853512763977,0.06807497143745422,-0.49915653467178345,0.18171560764312744,0.7070344686508179,0.5282032489776611,-0.4663202166557312,0.26825886964797974,0.40172478556632996,0.09060381352901459,-0.45649558305740356,0.19101405143737793,0.574842631816864,0.33384159207344055,0.024702737107872963,0.9999755620956421,0.5307400226593018,0.339632123708725,-0.02473280392587185,0.9999883770942688,0.6377494931221008,0.4793235957622528,0.23140309751033783,0.2463306188583374,0.5334856510162354,0.5149449706077576,-0.15328960120677948,0.5686514377593994,0.6866851449012756,0.5730088353157043,0.38802680373191833,0.3792320191860199,0.43925440311431885,0.7882276773452759,-0.2065795511007309,0.726464569568634,0.6866611242294312,0.5969880819320679,0.39813435077667236,0.4062020778656006,0.43599265813827515,0.8345026969909668,-0.19922028481960297,0.6216705441474915,0.71211838722229,0.5924025177955627,0.33490103483200073,0.4518548548221588,0.39300599694252014,0.8727738261222839,-0.3105715215206146,0.6991955637931824,140.53787428282337,30.0,128.81268491999535,159.6254009269198,841.1222711766144
32,1.0666666666666667,0.6410220265388489,0.5807904005050659,-0.20375870168209076,0.98136305809021,0.6480500102043152,0.5736370086669922,-0.23087121546268463,0.9885842204093933,0.6522148251533508,0.5699820518493652,-0.2313385307788849,0.986348569393158,0.6539522409439087,0.5655004382133484,-0.2314038872718811,0.9916173815727234,0.6411794424057007,0.5726245641708374,-0.2565418779850006,0.9933663010597229,0.6367181539535522,0.5662262439727783,-0.256822407245636,0.9935388565063477,0.6342365145683289,0.5617081522941589,-0.257000595331192,0.9958591461181641,0.6511160135269165,0.539337694644928,-0.2620885968208313,0.9922245144844055,0.6237829923629761,0.5277990698814392,-0.38377007842063904,0.9884648323059082,0.6367292404174805,0.5565397143363953,-0.1945490688085556,0.9854466319084167,0.6291892528533936,0.5598692297935486,-0.23168489336967468,0.9863025546073914,0.6369571089744568,0.45901963114738464,-0.24101382493972778,0.9998858571052551,0.5483438372612,0.3881770074367523,-0.28664425015449524,0.9998399019241333,0.6749802827835083,0.49329715967178345,-0.05389348790049553,0.33863478899002075,0.48660513758659363,0.24925339221954346,-0.2470567524433136,0.23765377700328827,0.6861082315444946,0.5331252217292786,0.06337480992078781,0.2886578440666199,0.4572364091873169,0.16462421417236328,-0.23315249383449554,0.21735551953315735,0.6866413354873657,0.5487120747566223,0.07078257203102112,0.3226417601108551,0.44928109645843506,0.1225876584649086,-0.2553924024105072,0.26054131984710693,0.6829006671905518,0.5441425442695618,0.04144871234893799,0.32263556122779846,0.45230501890182495,0.11897367984056473,-0.2641901671886444,0.2551176846027374,0.6811916828155518,0.5383825898170471,0.05445940047502518,0.33126312494277954,0.45746877789497375,0.12953905761241913,-0.24217107892036438,0.26582393050193787,0.5877648591995239,0.34468546509742737,0.031361788511276245,0.999975323677063,0.5310768485069275,0.33029240369796753,-0.03134927526116371,0.9999865889549255,0.6571424007415771,0.48638826608657837,0.1960781067609787,0.2940692603588104,0.54722660779953,0.5763404965400696,-0.08544329553842545,0.6104703545570374,0.6469206213951111,0.5553293824195862,0.38737842440605164,0.40055185556411743,0.48943185806274414,0.8401877880096436,0.010418658144772053,0.7528523206710815,0.6385611295700073,0.566446840763092,0.40706130862236023,0.43518999218940735,0.4894962012767792,0.8710930943489075,0.022403860464692116,0.6569555997848511,0.6483402252197266,0.5392571687698364,0.38171494007110596,0.48205602169036865,0.4482596516609192,0.9286122918128967,-0.05702841654419899,0.7276866436004639,172.54317507572293,30.0,132.8339671477378,121.6533384175763,2188.45605693077
33,1.1,0.5860959887504578,0.47797903418540955,-0.3456687927246094,0.9358540177345276,0.5897295475006104,0.4695909023284912,-0.3816167116165161,0.952297568321228,0.5911279916763306,0.4665059745311737,-0.38203373551368713,0.9456859827041626,0.5920225381851196,0.4644583761692047,-0.3820130527019501,0.9657566547393799,0.5852190852165222,0.47109517455101013,-0.37848618626594543,0.9706178903579712,0.5841076970100403,0.47885212302207947,-0.3789006471633911,0.9718676209449768,0.5833470821380615,0.4815622866153717,-0.3793846368789673,0.9829109311103821,0.6011894345283508,0.44245338439941406,-0.4179636538028717,0.9700889587402344,0.5871947407722473,0.44706904888153076,-0.41946083307266235,0.9566317200660706,0.5939706563949585,0.4570915102958679,-0.34077292680740356,0.9642215967178345,0.5894967317581177,0.47735267877578735,-0.3399451673030853,0.9633858799934387,0.6337832808494568,0.40094682574272156,-0.3270304799079895,0.9998584985733032,0.570363461971283,0.3835807144641876,-0.3099459707736969,0.9997740983963013,0.6521689891815186,0.4670649468898773,-0.18310728669166565,0.3075210452079773,0.5813648700714111,0.4640108644962311,-0.2651435434818268,0.2143055647611618,0.6448991298675537,0.417811781167984,-0.10725283622741699,0.2612779438495636,0.5715159773826599,0.4790671467781067,-0.24319709837436676,0.19591131806373596,0.6290959119796753,0.3950754702091217,-0.11587302386760712,0.29311373829841614,0.568195641040802,0.475631982088089,-0.29254892468452454,0.23507142066955566,0.6295273303985596,0.3829004168510437,-0.12961766123771667,0.2931866943836212,0.5651580691337585,0.4639771282672882,-0.3105357885360718,0.2301965057849884,0.6274940967559814,0.3999376595020294,-0.10845431685447693,0.30077001452445984,0.5687066316604614,0.4619158208370209,-0.2589300274848938,0.23982234299182892,0.5868262052536011,0.3448423743247986,0.02041863277554512,0.9999701976776123,0.5790914297103882,0.3699162006378174,-0.020569046959280968,0.9999855756759644,0.5810080170631409,0.2899802327156067,0.3373977541923523,0.26478883624076843,0.5617791414260864,0.6015689373016357,-0.02931538224220276,0.5629627108573914,0.5363370776176453,0.2709214985370636,0.6334283351898193,0.3614632785320282,0.5125146508216858,0.8495770692825317,-0.017994441092014313,0.7431535124778748,0.5340272784233093,0.2728421688079834,0.6641735434532166,0.3945513069629669,0.5104271769523621,0.8729104399681091,-0.014999293722212315,0.6403796076774597,0.5118719339370728,0.254050076007843,0.6725667119026184,0.4356580078601837,0.4638783037662506,0.9398306608200073,-0.1151447594165802,0.7021809220314026,142.44034649718455,30.0,136.9229074811671,305.52247138897116,2706.584018920227
34,1.1333333333333333,0.6039530634880066,0.45880380272865295,0.18043257296085358,0.9421526789665222,0.6031222939491272,0.457870215177536,0.17367424070835114,0.9569836854934692,0.6024685502052307,0.4577907621860504,0.17328651249408722,0.9510311484336853,0.6016267538070679,0.45836442708969116,0.17324581742286682,0.9691278338432312,0.6011642217636108,0.45584753155708313,0.16553658246994019,0.9735149145126343,0.6007293462753296,0.456265389919281,0.16530627012252808,0.9746434092521667,0.6005048751831055,0.4566608667373657,0.16517728567123413,0.9845901131629944,0.601483166217804,0.4318799674510956,0.14072567224502563,0.9730440378189087,0.5966278314590454,0.43914729356765747,0.10321870446205139,0.96088707447052,0.6016988158226013,0.4224848747253418,0.17684820294380188,0.9677422046661377,0.6015269756317139,0.4407302737236023,0.16363868117332458,0.9669710397720337,0.6309933066368103,0.3538043200969696,0.08660663664340973,0.9998722672462463,0.5824114680290222,0.37693098187446594,0.061687640845775604,0.9997940063476562,0.6458668112754822,0.44613412022590637,0.05002206191420555,0.3105963468551636,0.6152660250663757,0.47248977422714233,-0.05665744096040726,0.2080448716878891,0.6186289191246033,0.4987332820892334,-0.001154652563855052,0.2568739056587219,0.5902692675590515,0.5240052342414856,-0.14533740282058716,0.1792392134666443,0.598561704158783,0.5169080495834351,-0.005931306164711714,0.2904472351074219,0.5842711925506592,0.5188813805580139,-0.17390412092208862,0.21625810861587524,0.5934205651283264,0.5044507384300232,-0.009786578826606274,0.28832146525382996,0.5828813314437866,0.5183772444725037,-0.1671094000339508,0.21101145446300507,0.5974130034446716,0.4953426718711853,-0.0004238037799950689,0.2945943772792816,0.5857111811637878,0.513253927230835,-0.14718222618103027,0.2202090173959732,0.5861731171607971,0.3449273407459259,0.011871803551912308,0.9999724626541138,0.5769845843315125,0.3790605068206787,-0.012416458688676357,0.9999865293502808,0.5559285879135132,0.33466359972953796,-0.051267508417367935,0.32729533314704895,0.5594668984413147,0.6109384894371033,-0.15479475259780884,0.6040266156196594,0.5394360423088074,0.16881319880485535,-0.28317728638648987,0.4150504171848297,0.5320475101470947,0.8467116951942444,-0.3579999506473541,0.7668824195861816,0.5475311279296875,0.16417285799980164,-0.30754587054252625,0.45245808362960815,0.5292177796363831,0.8717437386512756,-0.37878280878067017,0.6743910312652588,0.5631821751594543,0.09545964747667313,-0.3679453432559967,0.488280326128006,0.4910561740398407,0.9341001510620117,-0.47401994466781616,0.7297868728637695,152.69393140249787,30.0,153.20213190700255,302.0922730122581,-6199.590653412325
35,1.1666666666666667,0.5265222191810608,0.48846298456192017,-0.2579270899295807,0.8593976497650146,0.5337679386138916,0.4732433259487152,-0.3120776116847992,0.8800707459449768,0.5367346405982971,0.4718838930130005,-0.312592089176178,0.8700035810470581,0.5379527807235718,0.47089195251464844,-0.31266307830810547,0.8996500372886658,0.5312631726264954,0.4696241617202759,-0.2968531847000122,0.9098220467567444,0.5300458669662476,0.4661651849746704,-0.2974829375743866,0.9102837443351746,0.5291416049003601,0.46288570761680603,-0.29799747467041016,0.941187858581543,0.5492657423019409,0.44745099544525146,-0.4024110734462738,0.89947509765625,0.5255149602890015,0.45248523354530334,-0.3516846001148224,0.890093207359314,0.53526771068573,0.46470797061920166,-0.2727508246898651,0.882291316986084,0.5315175652503967,0.46764442324638367,-0.2523113787174225,0.8874185085296631,0.6083573698997498,0.3843735158443451,-0.32602813839912415,0.999518871307373,0.5411012172698975,0.39501097798347473,-0.28582921624183655,0.9996077418327332,0.563091516494751,0.384310781955719,-0.19131340086460114,0.2800193428993225,0.5293059349060059,0.549942672252655,-0.26699602603912354,0.18754638731479645,0.5732606053352356,0.3399781286716461,-0.11061888188123703,0.232280433177948,0.5660350918769836,0.6747841835021973,-0.3365407884120941,0.16258494555950165,0.5721356868743896,0.3254934549331665,-0.12347827851772308,0.26385733485221863,0.5694363117218018,0.6920135021209717,-0.37633228302001953,0.19727158546447754,0.5730884075164795,0.3196960985660553,-0.13148286938667297,0.2618349492549896,0.5765120983123779,0.6875883936882019,-0.3725839853286743,0.1926310956478119,0.5721251964569092,0.32489079236984253,-0.11060842871665955,0.26719221472740173,0.5770183205604553,0.6745752692222595,-0.33681684732437134,0.20014435052871704,0.5959755182266235,0.34496185183525085,-0.00969261210411787,0.9999727606773376,0.575472891330719,0.3295089304447174,0.009177126921713352,0.9999866485595703,0.5634603500366211,0.5216519236564636,0.009172450751066208,0.2946886718273163,0.5319936871528625,0.4923595190048218,0.07666393369436264,0.5437065362930298,0.6374861001968384,0.26387643814086914,0.11896079033613205,0.3738008439540863,0.537458062171936,0.4980306029319763,0.28540727496147156,0.6905001401901245,0.6456682682037354,0.24729518592357635,0.018831584602594376,0.4085823893547058,0.5409577488899231,0.5069524049758911,0.31296810507774353,0.6081060171127319,0.6907225847244263,0.22095510363578796,0.189871683716774,0.4399780333042145,0.5249586701393127,0.4775340259075165,0.3174201250076294,0.6572275757789612,139.64560464373045,30.0,157.06239234865097,-107.78357217185047,-8337.687117795329
36,1.2,0.5329717993736267,0.49644678831100464,-0.23812732100486755,0.79441237449646,0.5369692444801331,0.499557226896286,-0.2828613817691803,0.8211166858673096,0.5390459895133972,0.4988378882408142,-0.28336209058761597,0.8055249452590942,0.5406531691551208,0.49896523356437683,-0.28345996141433716,0.8479217886924744,0.5306646227836609,0.49536094069480896,-0.27502721548080444,0.8655191659927368,0.5292811989784241,0.4937986731529236,-0.2755414843559265,0.8664703965187073,0.528007984161377,0.4917282164096832,-0.27596375346183777,0.9145824313163757,0.5533217787742615,0.4766848087310791,-0.36387863755226135,0.8441669940948486,0.5297847986221313,0.46240234375,-0.34543123841285706,0.8398847579956055,0.5411340594291687,0.4728723168373108,-0.2510509192943573,0.813576877117157,0.5371313095092773,0.4729016423225403,-0.24313916265964508,0.8273566961288452,0.6074018478393555,0.40523332357406616,-0.31394827365875244,0.9994056820869446,0.5339829921722412,0.39866283535957336,-0.28815099596977234,0.9995014667510986,0.5741511583328247,0.35567227005958557,-0.2634425461292267,0.2527798116207123,0.5169028043746948,0.5669845938682556,-0.2783283293247223,0.1700780987739563,0.5700069069862366,0.33056962490081787,-0.2329552322626114,0.2118128538131714,0.5631367564201355,0.7438109517097473,-0.3391764461994171,0.15201319754123688,0.5757484436035156,0.3106343448162079,-0.2626926302909851,0.24489954113960266,0.5621188282966614,0.746986448764801,-0.3784269094467163,0.1877949982881546,0.5783975720405579,0.29707011580467224,-0.2597970962524414,0.2425469160079956,0.5656657814979553,0.7422205209732056,-0.37627312541007996,0.1834777146577835,0.5772510170936584,0.3017790913581848,-0.23088517785072327,0.24615056812763214,0.5681479573249817,0.7250851988792419,-0.3402853310108185,0.18791496753692627,0.5987172722816467,0.35095351934432983,-0.015322726219892502,0.9999739527702332,0.5731573700904846,0.3169397711753845,0.014855421148240566,0.9999868273735046,0.5621384382247925,0.5779868364334106,-0.008253039792180061,0.2660379111766815,0.517545759677887,0.4629105031490326,0.12088678032159805,0.48956093192100525,0.6208799481391907,0.423885703086853,0.13613826036453247,0.3387198746204376,0.5336135625839233,0.3938642740249634,0.35994258522987366,0.6222894191741943,0.6281543970108032,0.3904745578765869,0.14562837779521942,0.3750499188899994,0.5445528030395508,0.3619927763938904,0.3896641135215759,0.5505053997039795,0.6477688550949097,0.3693664073944092,0.13882960379123688,0.4002167582511902,0.5302603244781494,0.3670835793018341,0.3992328643798828,0.5928308367729187,150.36805181855323,30.0,146.0165604288792,-253.75353484076385,807.258603953133
37,1.2333333333333334,0.5325018763542175,0.47749996185302734,-0.24769039452075958,0.8145498037338257,0.5341793298721313,0.4769955575466156,-0.2851038873195648,0.8388139009475708,0.5359418988227844,0.4760834276676178,-0.28558042645454407,0.824777364730835,0.5388293862342834,0.47616493701934814,-0.285653293132782,0.8629502058029175,0.5256567597389221,0.4724747836589813,-0.2821757197380066,0.878797709941864,0.5225990414619446,0.46971961855888367,-0.2826397716999054,0.879707396030426,0.5194055438041687,0.46808525919914246,-0.2829901874065399,0.9229992032051086,0.5495410561561584,0.45811527967453003,-0.349887490272522,0.8596851229667664,0.519231915473938,0.4501442611217499,-0.3452594578266144,0.8557475209236145,0.5387335419654846,0.46251869201660156,-0.2511625587940216,0.8312387466430664,0.5315595865249634,0.457371324300766,-0.2500166594982147,0.8435309529304504,0.6067655682563782,0.4281630516052246,-0.2974482774734497,0.999454915523529,0.5348072052001953,0.32421043515205383,-0.3085494339466095,0.999474048614502,0.546860933303833,0.4568538963794708,-0.2472888082265854,0.2508178651332855,0.5596614480018616,0.3709120452404022,-0.4758397042751312,0.16739162802696228,0.509422779083252,0.44513270258903503,-0.2233521193265915,0.2386319488286972,0.6805549263954163,0.35505861043930054,-0.6680442094802856,0.16540509462356567,0.49512341618537903,0.397499680519104,-0.24808131158351898,0.2851565480232239,0.7133316397666931,0.34931710362434387,-0.7380739450454712,0.2154572308063507,0.5093448758125305,0.4107787311077118,-0.256335586309433,0.2828340232372284,0.725774884223938,0.3110002875328064,-0.6963567137718201,0.2112131118774414,0.5155671238899231,0.408759742975235,-0.2251640409231186,0.28196123242378235,0.7159744501113892,0.31640592217445374,-0.6589406728744507,0.2081327736377716,0.6253286600112915,0.3671739399433136,-0.011771546676754951,0.9999756813049316,0.5781983137130737,0.30999553203582764,0.011455393396317959,0.9999861717224121,0.5627338886260986,0.6132155656814575,0.006066686008125544,0.33343303203582764,0.507715106010437,0.37234264612197876,0.19318518042564392,0.481818288564682,0.5813542604446411,0.8469987511634827,0.056117553263902664,0.4029744267463684,0.5073547959327698,0.4181581139564514,0.4480757713317871,0.6267902851104736,0.5977599024772644,0.8934255242347717,0.058253880590200424,0.427658349275589,0.5094619989395142,0.410486102104187,0.47673097252845764,0.54825359582901,0.5289224982261658,0.9141637682914734,-0.05495375022292137,0.45814403891563416,0.49750927090644836,0.40548762679100037,0.4522446095943451,0.608313798904419,149.5218137710408,30.0,140.14549002593338,-53.96633190830826,4532.3746480719055
38,1.2666666666666666,0.5016651749610901,0.4027725160121918,-0.22971607744693756,0.8330915570259094,0.5038167834281921,0.41187790036201477,-0.2810462713241577,0.8549283742904663,0.5048604607582092,0.4151573181152344,-0.28148582577705383,0.8422960042953491,0.5101976990699768,0.42102569341659546,-0.28147777915000916,0.8766506314277649,0.49773043394088745,0.39878353476524353,-0.2648099660873413,0.8909150958061218,0.49407196044921875,0.39349740743637085,-0.2652803361415863,0.8917348980903625,0.4927177429199219,0.3899878263473511,-0.26556164026260376,0.9306966066360474,0.5506145358085632,0.44076472520828247,-0.3902731239795685,0.8737152814865112,0.4953216314315796,0.37653523683547974,-0.32419171929359436,0.8701700568199158,0.5263445973396301,0.4239841103553772,-0.24886664748191833,0.8481020927429199,0.5065540075302124,0.3860056698322296,-0.23088473081588745,0.8591615557670593,0.6454784870147705,0.42023682594299316,-0.3706284761428833,0.9995088577270508,0.5248207449913025,0.30169594287872314,-0.3014262020587921,0.9995177984237671,0.7073889374732971,0.4548085331916809,-0.4362555146217346,0.3254399299621582,0.5258026123046875,0.31842389702796936,-0.44832557439804077,0.1978216916322708,0.7804773449897766,0.44679635763168335,-0.4863158166408539,0.31467580795288086,0.6272735595703125,0.38171443343162537,-0.6452596187591553,0.23957686126232147,0.7986425757408142,0.4408721327781677,-0.5217642188072205,0.35658514499664307,0.6353570818901062,0.3743846118450165,-0.7085682153701782,0.2896449565887451,0.8031620383262634,0.45192959904670715,-0.540183961391449,0.35449615120887756,0.6480677723884583,0.32217562198638916,-0.689802348613739,0.28582435846328735,0.7948498129844666,0.4513546824455261,-0.49539533257484436,0.3537031412124634,0.6424843072891235,0.3270202577114105,-0.646824061870575,0.28278326988220215,0.6446365118026733,0.3791755437850952,-0.030607927590608597,0.9999778866767883,0.5953457951545715,0.3144230544567108,0.030221324414014816,0.9999870657920837,0.5692114233970642,0.6146091222763062,0.04538507014513016,0.3995889723300934,0.48666489124298096,0.3553813695907593,0.24568872153759003,0.5165693163871765,0.5827391147613525,0.8676195740699768,0.10779855400323868,0.4622684717178345,0.448616623878479,0.3741045892238617,0.39840009808540344,0.6605067849159241,0.5982111692428589,0.926252007484436,0.10951397567987442,0.4839840233325958,0.4428008198738098,0.39377492666244507,0.4115217328071594,0.5907725095748901,0.5340238213539124,0.9397867321968079,0.008267839439213276,0.5120593309402466,0.3916996717453003,0.38788163661956787,0.3674796223640442,0.6455729603767395,152.03543475892343,30.0,142.4188049683253,48.4047750306965,1905.9919679969667
39,1.3,0.5117682814598083,0.3771762251853943,-0.2992905378341675,0.8497010469436646,0.5133575797080994,0.3836577236652374,-0.3416209816932678,0.8693171143531799,0.51865553855896,0.38918566703796387,-0.3419410288333893,0.8579095005989075,0.5214887857437134,0.39444559812545776,-0.34188657999038696,0.8888874053955078,0.5096332430839539,0.36726707220077515,-0.3237638473510742,0.9017745852470398,0.5081304907798767,0.3619225323200226,-0.32426363229751587,0.9025089144706726,0.5037935376167297,0.35621827840805054,-0.32450616359710693,0.9375957250595093,0.5509078502655029,0.3851323425769806,-0.4162072539329529,0.8862411379814148,0.510926365852356,0.3475036919116974,-0.33737149834632874,0.8830732703208923,0.5377179980278015,0.39230436086654663,-0.3088332414627075,0.8631402254104614,0.5191028714179993,0.35996416211128235,-0.28732624650001526,0.8731215596199036,0.6436583399772644,0.41093912720680237,-0.3578079640865326,0.999548614025116,0.5234066843986511,0.29918503761291504,-0.30015814304351807,0.9995597004890442,0.7224554419517517,0.4574585556983948,-0.3759705424308777,0.3664743900299072,0.5048865675926208,0.3007793426513672,-0.25507187843322754,0.19550226628780365,0.8106600046157837,0.5139525532722473,-0.4303162693977356,0.3446460962295532,0.46410974860191345,0.3224840760231018,-0.25472500920295715,0.23980654776096344,0.8367692232131958,0.5344282984733582,-0.45637810230255127,0.38242438435554504,0.4422253370285034,0.32016462087631226,-0.2780914306640625,0.28348976373672485,0.8381935954093933,0.5477821826934814,-0.49373236298561096,0.3848995864391327,0.44882550835609436,0.31993523240089417,-0.3113875389099121,0.2830703854560852,0.8279634714126587,0.5416490435600281,-0.4482123553752899,0.3867148458957672,0.4618714451789856,0.3252761960029602,-0.27483752369880676,0.28611743450164795,0.654353141784668,0.38306647539138794,-0.020977864041924477,0.9999790787696838,0.6019858121871948,0.3376332223415375,0.020606238394975662,0.9999880194664001,0.6778201460838318,0.580072820186615,0.05879402533173561,0.3628390431404114,0.5715954899787903,0.5908621549606323,0.206105574965477,0.4759168326854706,0.6749328970909119,0.7667779326438904,0.1459653526544571,0.4233350455760956,0.5781614184379578,0.8303752541542053,0.23806814849376678,0.6149019598960876,0.6753279566764832,0.7933017611503601,0.15287600457668304,0.4417286813259125,0.588857889175415,0.8842231631278992,0.24832984805107117,0.5506734848022461,0.6634160280227661,0.8029938340187073,0.08929385244846344,0.47309044003486633,0.5396699905395508,0.9000529646873474,0.2702501714229584,0.6023659706115723,110.94808041983579,30.0,143.37247502797982,73.09979929148952,980.4598711524413
40,1.3333333333333333,0.4684790372848511,0.326385498046875,-0.06298965960741043,0.8640519976615906,0.44844403862953186,0.311053991317749,-0.11107438057661057,0.8819472789764404,0.4484441578388214,0.31223034858703613,-0.11147721856832504,0.8716111183166504,0.4624577462673187,0.31834518909454346,-0.11149345338344574,0.8996244668960571,0.4504663348197937,0.30608105659484863,-0.08806278556585312,0.9113273620605469,0.45164963603019714,0.30434149503707886,-0.08850496262311935,0.912015438079834,0.4564763605594635,0.29826265573501587,-0.08872199058532715,0.9436642527580261,0.4965918958187103,0.340406209230423,-0.23195070028305054,0.897282063961029,0.47418683767318726,0.2960323691368103,-0.1333981454372406,0.8942824602127075,0.48910918831825256,0.33095964789390564,-0.08988194167613983,0.8757606148719788,0.48300302028656006,0.32153427600860596,-0.06288877874612808,0.8849301934242249,0.5762682557106018,0.3787318170070648,-0.20276600122451782,0.9995810389518738,0.521442174911499,0.2728232145309448,-0.1519896239042282,0.9996002316474915,0.5701085925102234,0.4461853802204132,-0.2487996220588684,0.3316434919834137,0.5368854403495789,0.31069645285606384,-0.2765444815158844,0.17636050283908844,0.5831195712089539,0.4726743996143341,-0.2676793336868286,0.3131450116634369,0.5492239594459534,0.29649487137794495,-0.4902685284614563,0.22222614288330078,0.5865641832351685,0.4869631230831146,-0.2868685722351074,0.3502586781978607,0.5589329600334167,0.3107759654521942,-0.5499544143676758,0.2702435255050659,0.5964998602867126,0.44707760214805603,-0.29888683557510376,0.3524344563484192,0.5643385052680969,0.29713642597198486,-0.544256329536438,0.2716657519340515,0.5980021357536316,0.44462358951568604,-0.2717037796974182,0.3534354865550995,0.5646147131919861,0.3037051260471344,-0.4981669783592224,0.27151909470558167,0.6375728249549866,0.3761853873729706,-0.023499129340052605,0.9999799728393555,0.6010075807571411,0.33976829051971436,0.022993212565779686,0.9999889135360718,0.7239917516708374,0.5212452411651611,0.043927181512117386,0.3311169445514679,0.5904449224472046,0.5985398292541504,0.11277547478675842,0.43919286131858826,0.8292139172554016,0.6762124300003052,0.01399171818047762,0.41700854897499084,0.5933313965797424,0.8523114919662476,0.17377324402332306,0.5949400067329407,0.8149568438529968,0.7128860950469971,0.005729252472519875,0.4301718473434448,0.5989720225334167,0.8924145102500916,0.1817527562379837,0.5226690769195557,0.8442026972770691,0.7331669330596924,-0.06440459936857224,0.4723658859729767,0.5683339238166809,0.9416680932044983,0.1297079473733902,0.5793991684913635,159.0799203731808,30.0,147.29212492109127,113.76876644085925,312.3339295638573
41,1.3666666666666667,0.43490198254585266,0.2903798222541809,-0.1559876948595047,0.8762246370315552,0.4275835454463959,0.28171223402023315,-0.12399324774742126,0.8926792144775391,0.42791828513145447,0.28107672929763794,-0.1244756430387497,0.8831448554992676,0.4292955696582794,0.28099992871284485,-0.12511643767356873,0.9088946580886841,0.4263555705547333,0.2771506905555725,-0.19427543878555298,0.9194355010986328,0.4274749457836151,0.2745136320590973,-0.19471868872642517,0.9199766516685486,0.42892298102378845,0.2710624039173126,-0.19499818980693817,0.9487413167953491,0.4507623016834259,0.27803802490234375,-0.34449896216392517,0.906802237033844,0.4445101320743561,0.2576187551021576,-0.2329137772321701,0.9026901125907898,0.46001479029655457,0.27781686186790466,-0.09418956190347672,0.8862247467041016,0.4520454406738281,0.279475599527359,-0.16927950084209442,0.8940032720565796,0.5576181411743164,0.3457811772823334,-0.27288976311683655,0.9996132254600525,0.5032057166099548,0.2411375492811203,-0.20280782878398895,0.9996325373649597,0.574062168598175,0.5026769042015076,-0.34340789914131165,0.29986825585365295,0.5357863306999207,0.31115996837615967,-0.3037508428096771,0.1587640345096588,0.6010302305221558,0.5891222953796387,-0.3879930078983307,0.2824448049068451,0.5455449819564819,0.30690687894821167,-0.5354118347167969,0.2006908655166626,0.6118864417076111,0.6092445254325867,-0.41268205642700195,0.3160956799983978,0.5526150465011597,0.30300381779670715,-0.5933990478515625,0.2447471022605896,0.6180819272994995,0.5905794501304626,-0.43502628803253174,0.3180938959121704,0.5526686906814575,0.2860822081565857,-0.6008504629135132,0.2463267594575882,0.6153170466423035,0.5837037563323975,-0.3970159888267517,0.3189014494419098,0.5534711480140686,0.29457536339759827,-0.5493431091308594,0.24608829617500305,0.6310389041900635,0.36503809690475464,-0.03034203313291073,0.9999794960021973,0.5877301096916199,0.30472278594970703,0.02983682230114937,0.9999893307685852,0.7218821048736572,0.534873902797699,0.003106505610048771,0.2985399663448334,0.5890224575996399,0.589353621006012,0.08087212592363358,0.3961986005306244,0.8191263675689697,0.7030299305915833,-0.03399881348013878,0.38181954622268677,0.5941544771194458,0.8565815091133118,0.1531849503517151,0.5402750968933105,0.810768723487854,0.7599226832389832,-0.04415464028716087,0.3923587501049042,0.5934179425239563,0.893726646900177,0.16218672692775726,0.4742535948753357,0.8401182293891907,0.7824302911758423,-0.14279983937740326,0.43521997332572937,0.5815054178237915,0.9417833685874939,0.11961016058921814,0.5266942977905273,142.56602136245783,30.0,150.95705945737043,93.92206126241334,-537.0097856418561
42,1.4,0.4456968307495117,0.23982007801532745,-0.35043907165527344,0.8876404762268066,0.43904930353164673,0.24033217132091522,-0.39082348346710205,0.9028550386428833,0.43972861766815186,0.24295854568481445,-0.3912146985530853,0.8940562605857849,0.44052135944366455,0.24527809023857117,-0.3912009000778198,0.9176499843597412,0.43856558203697205,0.23608438670635223,-0.37267768383026123,0.9271293878555298,0.4393366873264313,0.23443539440631866,-0.3732065260410309,0.9275063872337341,0.44015994668006897,0.23289351165294647,-0.3734297752380371,0.9536458849906921,0.45652008056640625,0.2500858008861542,-0.469229519367218,0.9155220985412598,0.4521685838699341,0.22922661900520325,-0.3616768717765808,0.9115161895751953,0.4716366231441498,0.2415291965007782,-0.35120418667793274,0.8965302109718323,0.4631117284297943,0.24972382187843323,-0.32895928621292114,0.9035166501998901,0.565568745136261,0.34120726585388184,-0.35700592398643494,0.999625563621521,0.49550116062164307,0.2258555144071579,-0.27664393186569214,0.9996582865715027,0.5677400231361389,0.4785268008708954,-0.38341033458709717,0.27233803272247314,0.542129397392273,0.2684229016304016,-0.1037001833319664,0.14305250346660614,0.6001443862915039,0.5271943807601929,-0.4675825238227844,0.25543591380119324,0.5451804995536804,0.29304954409599304,0.06679540127515793,0.1808142215013504,0.6155064105987549,0.5396001935005188,-0.5065327882766724,0.2870982587337494,0.5525344610214233,0.2926913797855377,0.06666133552789688,0.22068564593791962,0.6157031655311584,0.5404298901557922,-0.5263057351112366,0.288971871137619,0.5418827533721924,0.2858155071735382,0.037181418389081955,0.2222438007593155,0.6113289594650269,0.5363494753837585,-0.4778784215450287,0.2894977927207947,0.5423378348350525,0.29028746485710144,0.0550612211227417,0.2222020924091339,0.628521740436554,0.3636919856071472,-0.02529933676123619,0.9999812245368958,0.5689118504524231,0.30714985728263855,0.024839363992214203,0.9999903440475464,0.7117473483085632,0.5505086779594421,-0.02283882535994053,0.26997795701026917,0.5809547305107117,0.6114712953567505,0.08342380821704865,0.3663484454154968,0.7894347310066223,0.726691484451294,0.025840919464826584,0.3702358305454254,0.5893303751945496,0.8458922505378723,0.14450356364250183,0.5399017333984375,0.7916180491447449,0.7491190433502197,0.026393206790089607,0.3750586211681366,0.5888270139694214,0.8735188245773315,0.15306176245212555,0.4634286165237427,0.8089101910591125,0.8345227837562561,-0.07153988629579544,0.43502509593963623,0.58100426197052,0.9581761360168457,0.07163799554109573,0.5252209305763245,165.26210645922527,30.0,153.55359567191883,77.96811406473552,1219.237086743967
43,1.4333333333333333,0.458726704120636,0.1948356330394745,-0.4639151692390442,0.8846113085746765,0.4554763734340668,0.2296881228685379,-0.49929502606391907,0.9005065560340881,0.4572119414806366,0.23552650213241577,-0.4997812807559967,0.891829252243042,0.4588680565357208,0.2410871386528015,-0.4996943473815918,0.9201532602310181,0.4556903839111328,0.2218191921710968,-0.48012784123420715,0.918426513671875,0.45738571882247925,0.22293215990066528,-0.4806041717529297,0.9151524305343628,0.4589175879955292,0.22435063123703003,-0.4809093475341797,0.9461183547973633,0.47779223322868347,0.25102072954177856,-0.5456554889678955,0.9166733026504517,0.4731783866882324,0.231470987200737,-0.4589505195617676,0.8862210512161255,0.48554277420043945,0.24755175411701202,-0.4624667465686798,0.8957726359367371,0.4723435342311859,0.19266004860401154,-0.43980926275253296,0.8924593329429626,0.575633704662323,0.33909016847610474,-0.4496990144252777,0.9996253848075867,0.5045253038406372,0.2227308303117752,-0.33879753947257996,0.9993888735771179,0.5753344297409058,0.5656347274780273,-0.4182771146297455,0.28162670135498047,0.5411288738250732,0.22059349715709686,-0.1679316908121109,0.12880375981330872,0.585124671459198,0.7701017260551453,-0.4453744888305664,0.2705024480819702,0.5262304544448853,0.23839572072029114,-0.0009782735724002123,0.16289447247982025,0.5913856029510498,0.8222056031227112,-0.4777542054653168,0.2934340536594391,0.5266934633255005,0.23093236982822418,-0.0026254733093082905,0.1988573670387268,0.5874568223953247,0.8304089903831482,-0.5122854709625244,0.2988460659980774,0.518190324306488,0.23350152373313904,-0.029410144314169884,0.200328528881073,0.5866031050682068,0.8197494745254517,-0.4587995707988739,0.29299893975257874,0.520054280757904,0.2409277707338333,-0.012624523602426052,0.20035907626152039,0.6280120611190796,0.3769657611846924,-0.02251753769814968,0.9999811053276062,0.5587660074234009,0.3589734137058258,0.022078614681959152,0.9999899864196777,0.6887369751930237,0.567825198173523,0.08219972997903824,0.24332749843597412,0.573537290096283,0.618445873260498,0.07367020100355148,0.3319595158100128,0.7448683977127075,0.7470114231109619,0.2077064961194992,0.34050124883651733,0.580812394618988,0.8392035365104675,0.17531126737594604,0.4986378252506256,0.7473765015602112,0.7663938999176025,0.21402718126773834,0.3418352007865906,0.5817782878875732,0.8657308220863342,0.18872864544391632,0.4235980808734894,0.7626915574073792,0.8425520062446594,0.09700131416320801,0.4026952385902405,0.5770100355148315,0.9416404962539673,0.08610212057828903,0.4836302697658539,161.55363795903432,30.0,156.1549337283528,175.20453371201114,-2063.848301213114
44,1.4666666666666666,0.474402517080307,0.24215486645698547,-0.42677342891693115,0.876427412033081,0.4692845940589905,0.25268125534057617,-0.4636779725551605,0.8921219110488892,0.4708575904369354,0.2568182647228241,-0.46414700150489807,0.8834436535835266,0.4739493429660797,0.2604842483997345,-0.4640578627586365,0.9189777374267578,0.4660986065864563,0.2403050810098648,-0.4446464478969574,0.903117835521698,0.4647301137447357,0.23723161220550537,-0.44509533047676086,0.8972690105438232,0.46371084451675415,0.23450219631195068,-0.44535043835639954,0.9352414011955261,0.49246102571487427,0.2638428211212158,-0.5226285457611084,0.9137656092643738,0.48096808791160583,0.23477856814861298,-0.43947112560272217,0.8541185855865479,0.49319398403167725,0.2584158182144165,-0.43048566579818726,0.891575813293457,0.48522254824638367,0.23737703263759613,-0.4088608920574188,0.8800128102302551,0.576918363571167,0.3534643352031708,-0.45290517807006836,0.9996318817138672,0.5076425671577454,0.22175833582878113,-0.32711341977119446,0.9992657899856567,0.5805075764656067,0.5722089409828186,-0.44826361536979675,0.30430373549461365,0.5402296781539917,0.19536587595939636,-0.12418343126773834,0.11607485264539719,0.5626571774482727,0.8007025122642517,-0.4979868233203888,0.29671892523765564,0.5246894955635071,0.22758108377456665,0.10410524904727936,0.14706580340862274,0.5691521167755127,0.8435384631156921,-0.5351725220680237,0.3117782771587372,0.5201737284660339,0.23033882677555084,0.1137903705239296,0.17966076731681824,0.550516664981842,0.8825286626815796,-0.5673154592514038,0.3186289072036743,0.5169963836669922,0.23633289337158203,0.07984611392021179,0.18111148476600647,0.5435180068016052,0.856099009513855,-0.511082112789154,0.30729159712791443,0.5186349749565125,0.23525415360927582,0.09120726585388184,0.18137794733047485,0.6127411723136902,0.37566035985946655,-0.014970741234719753,0.9999818801879883,0.5550966262817383,0.35769516229629517,0.0146174980327487,0.9999901056289673,0.6622389554977417,0.5584282279014587,0.09075357764959335,0.22020678222179413,0.5727555751800537,0.613212525844574,-0.02156691625714302,0.30826663970947266,0.6890920400619507,0.7246825098991394,0.3139599561691284,0.31804758310317993,0.5723146200180054,0.8333433866500854,0.09678618609905243,0.4778171181678772,0.6856052279472351,0.7464567422866821,0.33093705773353577,0.3155463635921478,0.5727402567863464,0.857820451259613,0.10897497832775116,0.39271992444992065,0.7031974792480469,0.8066391944885254,0.2432670295238495,0.37772393226623535,0.5762496590614319,0.937999427318573,-0.000698899501003325,0.458255410194397,159.91323452298838,30.0,165.23389791938624,-59.621772682805414,-7215.080749047128
45,1.5,0.5553725361824036,0.25704023241996765,-0.5630298256874084,0.886203944683075,0.5574735403060913,0.25844329595565796,-0.5852031111717224,0.9008533358573914,0.5582030415534973,0.25925779342651367,-0.5856762528419495,0.8925865292549133,0.5588858127593994,0.26076459884643555,-0.5855968594551086,0.9257932901382446,0.553462564945221,0.2535821497440338,-0.586432158946991,0.9111105799674988,0.5523974895477295,0.25276049971580505,-0.5869814157485962,0.9057368636131287,0.5513837933540344,0.2516176700592041,-0.5872923731803894,0.9406888484954834,0.5616711378097534,0.25833049416542053,-0.5613663792610168,0.9208077788352966,0.5499378442764282,0.2537122666835785,-0.5687788128852844,0.864700436592102,0.5571889877319336,0.25925689935684204,-0.5348089933395386,0.9004158973693848,0.5545588135719299,0.253094345331192,-0.539878785610199,0.8900540471076965,0.5759574174880981,0.2622867524623871,-0.42041370272636414,0.9996546506881714,0.5455944538116455,0.23813916742801666,-0.4238608777523041,0.9993080496788025,0.5602943897247314,0.32622838020324707,-0.23128242790699005,0.29524239897727966,0.5426498651504517,0.22950246930122375,-0.28237998485565186,0.11108718812465668,0.5522806644439697,0.3195367157459259,-0.12469971179962158,0.2811872065067291,0.5556004047393799,0.27804937958717346,-0.14765594899654388,0.13508200645446777,0.5525086522102356,0.3331480920314789,-0.13136886060237885,0.2962968647480011,0.5619514584541321,0.30167147517204285,-0.1594434380531311,0.16471244394779205,0.5535141229629517,0.32629892230033875,-0.16425339877605438,0.30376797914505005,0.5603376030921936,0.29419079422950745,-0.18685239553451538,0.16629472374916077,0.5518429279327393,0.3225398659706116,-0.132078617811203,0.29263487458229065,0.5575128793716431,0.27348580956459045,-0.15348440408706665,0.1663539856672287,0.5815842747688293,0.34707722067832947,0.029340345412492752,0.9999793767929077,0.5550051927566528,0.3387433886528015,-0.02974976971745491,0.9999887347221375,0.5838940739631653,0.5547918081283569,0.1723511815071106,0.19914031028747559,0.5576038956642151,0.6091480851173401,-0.061167504638433456,0.3051964342594147,0.5628613233566284,0.6702242493629456,0.377611368894577,0.29134565591812134,0.5479839444160461,0.8416144251823425,-0.000903995824046433,0.494684100151062,0.5582378506660461,0.694173276424408,0.3950941264629364,0.28848281502723694,0.543326199054718,0.8738347887992859,0.005395841784775257,0.3785363435745239,0.5572623610496521,0.7384839653968811,0.3170453608036041,0.3487713932991028,0.5675362944602966,0.9380955696105957,-0.12368477880954742,0.4620022475719452,155.86433060702558,30.0,152.18014888283244,-305.8008495577974,-2745.7105562620827
46,1.5333333333333332,0.5635281801223755,0.2632308304309845,-0.611826479434967,0.8968207240104675,0.5698624849319458,0.27464255690574646,-0.6356239914894104,0.9100298285484314,0.5718280673027039,0.2726399898529053,-0.6360957026481628,0.9024211764335632,0.5750804543495178,0.2745903730392456,-0.6360108852386475,0.9327151775360107,0.5596843957901001,0.26651549339294434,-0.6346291303634644,0.9195769429206848,0.5569257736206055,0.263191819190979,-0.6351768374443054,0.9147573113441467,0.5542049407958984,0.2593698799610138,-0.6355236172676086,0.9464064240455627,0.5814555287361145,0.27357059717178345,-0.6073465347290039,0.9281646609306335,0.5536277294158936,0.2649756073951721,-0.6032454967498779,0.8774331212043762,0.5707229375839233,0.27643099427223206,-0.5813100337982178,0.909645676612854,0.5604797601699829,0.2700384557247162,-0.5828206539154053,0.900449812412262,0.6059107184410095,0.2624320387840271,-0.4479304254055023,0.9996811151504517,0.5426738262176514,0.26984211802482605,-0.44158414006233215,0.9993635416030884,0.5954231023788452,0.2755149304866791,-0.23308944702148438,0.29487374424934387,0.4962350130081177,0.24826304614543915,-0.2637721300125122,0.10794340074062347,0.5709791779518127,0.2686794400215149,-0.09437709301710129,0.2579552233219147,0.5455541014671326,0.28693047165870667,-0.12502583861351013,0.12398306280374527,0.5665839314460754,0.26648572087287903,-0.10123754292726517,0.2725660502910614,0.5523088574409485,0.3029879331588745,-0.13955505192279816,0.15103679895401,0.5674065947532654,0.26634830236434937,-0.12602420151233673,0.27981477975845337,0.556476891040802,0.2952079176902771,-0.15823790431022644,0.1527084857225418,0.5673210620880127,0.26523303985595703,-0.09851162135601044,0.27020326256752014,0.5564177632331848,0.283872127532959,-0.13120372593402863,0.15286056697368622,0.5868467688560486,0.3502078354358673,0.031103217974305153,0.9999797344207764,0.543045699596405,0.3582547903060913,-0.0313478447496891,0.9999890327453613,0.5792465209960938,0.571532666683197,0.1416236013174057,0.18107669055461884,0.5520502328872681,0.6117251515388489,-0.04688667133450508,0.3009229004383087,0.55908203125,0.6684314012527466,0.3633011281490326,0.2662568688392639,0.5409104824066162,0.8475027084350586,-0.017727723345160484,0.5062976479530334,0.5534737706184387,0.6736781597137451,0.38375356793403625,0.2636204659938812,0.5342854261398315,0.880268394947052,-0.015644846484065056,0.3637654185295105,0.5584596395492554,0.7380624413490295,0.3055097460746765,0.32331177592277527,0.5629650950431824,0.9406275153160095,-0.15824861824512482,0.4706834852695465,139.89203051249888,30.0,144.84717461553308,-242.66914310027758,1984.676434700154
47,1.5666666666666667,0.601005494594574,0.2954309582710266,0.01847744733095169,0.8961458802223206,0.6022468209266663,0.2834465503692627,-0.0045987279154360294,0.8942758440971375,0.6005488634109497,0.28467127680778503,-0.005058646202087402,0.8950427770614624,0.5989324450492859,0.28485816717147827,-0.004964760504662991,0.9183467626571655,0.6066910624504089,0.2733057737350464,-0.007384511176496744,0.9100003838539124,0.6082412004470825,0.2677854001522064,-0.007926855236291885,0.9155527353286743,0.6096364855766296,0.2620033919811249,-0.008131574839353561,0.9405049681663513,0.5928905606269836,0.2768923342227936,-0.05697358027100563,0.9267606735229492,0.606852114200592,0.2702961266040802,-0.07337694615125656,0.8718400597572327,0.5899946093559265,0.28108444809913635,0.012477496638894081,0.9065900444984436,0.6025975942611694,0.27281454205513,0.005124242044985294,0.90297532081604,0.5492132902145386,0.2576083540916443,-0.05971541255712509,0.999707818031311,0.613782525062561,0.2574361264705658,-0.05792178213596344,0.9994210004806519,0.491801381111145,0.27992093563079834,-0.08327803760766983,0.34515389800071716,0.5551207661628723,0.2681468427181244,-0.1903669834136963,0.14299073815345764,0.5306804180145264,0.2818968892097473,-0.11647030711174011,0.31888288259506226,0.5751830339431763,0.28167712688446045,-0.3560386598110199,0.19893895089626312,0.5300174951553345,0.27639901638031006,-0.1378023475408554,0.33486267924308777,0.5828359723091125,0.28466883301734924,-0.40113869309425354,0.2291814386844635,0.5456613302230835,0.2798958718776703,-0.1566188484430313,0.3413964807987213,0.5816217660903931,0.2801167368888855,-0.40180766582489014,0.23049844801425934,0.5373618602752686,0.2767004072666168,-0.12347277253866196,0.3323841094970703,0.5742512941360474,0.27912086248397827,-0.3632281720638275,0.2291037142276764,0.5375352501869202,0.3603231906890869,0.02911577932536602,0.9999778270721436,0.547437846660614,0.36215999722480774,-0.02964416705071926,0.9999867081642151,0.5176239609718323,0.5688761472702026,0.017330987378954887,0.24489708244800568,0.535409688949585,0.5584752559661865,-0.1977887898683548,0.3678344786167145,0.5156635046005249,0.7892926335334778,-0.04138839617371559,0.33645209670066833,0.5191104412078857,0.8302626013755798,-0.24725665152072906,0.5543695092201233,0.5052303075790405,0.850583553314209,-0.05375770106911659,0.3333423137664795,0.5076746344566345,0.8653134107589722,-0.2543366253376007,0.4236222505569458,0.5200227499008179,0.8204600811004639,-0.14017286896705627,0.3860667943954468,0.541614294052124,0.9209333062171936,-0.3491838574409485,0.5207354426383972,149.2978327590639,30.0,136.0022060094806,-173.4890872444538,1769.9497451933305
48,1.6,0.6305199861526489,0.4183526039123535,-0.2191835343837738,0.9042747616767883,0.6432511210441589,0.41009843349456787,-0.2424006164073944,0.9033524394035339,0.6440551280975342,0.4079955816268921,-0.24283476173877716,0.9040673971176147,0.6445733308792114,0.4058181345462799,-0.24279393255710602,0.9254849553108215,0.6423783898353577,0.40897464752197266,-0.2516922056674957,0.918289840221405,0.6426403522491455,0.40563246607780457,-0.2521468698978424,0.9234630465507507,0.6426993608474731,0.4022556245326996,-0.25240519642829895,0.9461100697517395,0.64382004737854,0.38515740633010864,-0.25557371973991394,0.9333556294441223,0.6400877237319946,0.37518686056137085,-0.26312363147735596,0.8840252161026001,0.6202809810638428,0.39061588048934937,-0.20767587423324585,0.915060818195343,0.6201184391975403,0.3903111517429352,-0.2222975343465805,0.9120277762413025,0.6225913166999817,0.2774050533771515,-0.18694734573364258,0.9997342824935913,0.5812649130821228,0.29119443893432617,-0.26691940426826477,0.9994750022888184,0.5060833692550659,0.27982857823371887,-0.163861483335495,0.31897494196891785,0.5212966799736023,0.33235669136047363,-0.3072221577167511,0.16376817226409912,0.5159286856651306,0.29059043526649475,-0.19632026553153992,0.30220136046409607,0.5030357837677002,0.3888068199157715,-0.35047048330307007,0.22843268513679504,0.5034313797950745,0.28901803493499756,-0.23921044170856476,0.3294079601764679,0.49139511585235596,0.37071964144706726,-0.3869146704673767,0.2674855589866638,0.5019745230674744,0.2854883074760437,-0.23951177299022675,0.3356146514415741,0.4902157485485077,0.36844339966773987,-0.39379310607910156,0.2670803666114807,0.5064720511436462,0.28992176055908203,-0.20259086787700653,0.3247782588005066,0.500675618648529,0.37419623136520386,-0.3551192283630371,0.25963348150253296,0.5417819619178772,0.3374512791633606,0.06035191938281059,0.9999788403511047,0.5417860150337219,0.3555215895175934,-0.06052829325199127,0.9999874234199524,0.48400983214378357,0.3935339152812958,0.16877013444900513,0.23403194546699524,0.52275151014328,0.5641648769378662,-0.1973404884338379,0.4279373288154602,0.41164860129356384,0.4379381835460663,0.273689329624176,0.3426862359046936,0.5043041110038757,0.8446060419082642,-0.2870059609413147,0.5978299975395203,0.39259469509124756,0.4611317813396454,0.27941572666168213,0.35013505816459656,0.49013832211494446,0.8855707049369812,-0.2969116270542145,0.47589370608329773,0.3794625401496887,0.4371378421783447,0.21541984379291534,0.42149069905281067,0.5407469272613525,0.9263535737991333,-0.4331723153591156,0.5677171349525452,147.72037620972068,30.0,133.28123546590282,-124.67249342072222,1368.949931719419
49,1.6333333333333333,0.644048810005188,0.48907968401908875,-0.14247891306877136,0.9138361811637878,0.6585018634796143,0.47410261631011963,-0.16054767370224,0.913012683391571,0.6598905920982361,0.4689684808254242,-0.160939022898674,0.9136562943458557,0.6604282855987549,0.46412888169288635,-0.16087979078292847,0.9329333305358887,0.6564396023750305,0.4767927825450897,-0.19141735136508942,0.9264588356018066,0.656010091304779,0.47384679317474365,-0.1917373687028885,0.9311151504516602,0.6552370190620422,0.47091442346572876,-0.19195657968521118,0.9514979720115662,0.6599369645118713,0.43832340836524963,-0.17637790739536285,0.940018892288208,0.6537219285964966,0.44108423590660095,-0.30640771985054016,0.8956211805343628,0.6343716979026794,0.4580543339252472,-0.13025274872779846,0.9235507249832153,0.6312718987464905,0.4670407474040985,-0.17380718886852264,0.9208210706710815,0.6196199059486389,0.30431535840034485,-0.12583404779434204,0.999760627746582,0.5691065192222595,0.3696315288543701,-0.2644931972026825,0.9995269179344177,0.5762262344360352,0.3077441453933716,0.022948749363422394,0.2982160151004791,0.5090572834014893,0.3471233546733856,-0.28689801692962646,0.21483592689037323,0.5268718600273132,0.30717235803604126,0.09809902310371399,0.28176188468933105,0.49585261940956116,0.37731829285621643,-0.22244645655155182,0.27379485964775085,0.5187480449676514,0.3151945173740387,0.0987071692943573,0.31997954845428467,0.4816465973854065,0.3623274862766266,-0.24980662763118744,0.32286980748176575,0.5174694061279297,0.3172415792942047,0.07939228415489197,0.32469382882118225,0.4840570390224457,0.3556583821773529,-0.24429693818092346,0.31930363178253174,0.5193679928779602,0.3157912492752075,0.0930502712726593,0.3190373480319977,0.48977699875831604,0.35737255215644836,-0.22081270813941956,0.3122914135456085,0.5551707744598389,0.32398855686187744,0.06256328523159027,0.9999808073043823,0.5130004286766052,0.360786110162735,-0.06263856589794159,0.9999886155128479,0.47957032918930054,0.3199737071990967,0.21138206124305725,0.2824673354625702,0.5188249349594116,0.5749868154525757,-0.16456666588783264,0.48494940996170044,0.35789206624031067,0.32960641384124756,0.30965059995651245,0.39320266246795654,0.49439018964767456,0.8500400185585022,-0.22478501498699188,0.6379972100257874,0.3427431881427765,0.34807828068733215,0.3176063597202301,0.40441498160362244,0.4777754843235016,0.8948389887809753,-0.2285403609275818,0.5280998349189758,0.30855050683021545,0.3135346472263336,0.2804230749607086,0.4749700427055359,0.5352585315704346,0.9273035526275635,-0.3309873044490814,0.6108934879302979,74.29893975573461,30.0,127.69070644809912,-82.2257584631592,4529.059113793427
50,1.6666666666666667,0.6688100099563599,0.5382158160209656,-0.20805805921554565,0.9224472641944885,0.6835232377052307,0.5207167267799377,-0.2294902503490448,0.9217091202735901,0.6849330067634583,0.5166711211204529,-0.22989614307880402,0.9222885966300964,0.6855825781822205,0.5126900672912598,-0.2298307865858078,0.939638614654541,0.6806269884109497,0.5206161737442017,-0.25856322050094604,0.9338120222091675,0.6798121333122253,0.5166991353034973,-0.2589430809020996,0.9380030035972595,0.6786637902259827,0.5123883485794067,-0.2591532766819,0.9563477635383606,0.6813290119171143,0.4833499491214752,-0.24032214283943176,0.9460165500640869,0.6737617254257202,0.47770899534225464,-0.3966539800167084,0.9060584902763367,0.6558629274368286,0.5044586658477783,-0.19270636141300201,0.9311939477920532,0.6502594351768494,0.50475013256073,-0.2335519641637802,0.9287374019622803,0.6234926581382751,0.3466668725013733,-0.18031522631645203,0.9997844099998474,0.5641661286354065,0.3635627329349518,-0.3129127323627472,0.9995739459991455,0.5822691321372986,0.32859453558921814,0.03193425014615059,0.278687059879303,0.5144772529602051,0.33534491062164307,-0.23346024751663208,0.2863445580005646,0.5403602719306946,0.308456152677536,0.17322514951229095,0.2580907642841339,0.5093114376068115,0.34066241979599,-0.07447837293148041,0.3241516947746277,0.5303857326507568,0.3093862533569336,0.17609094083309174,0.29787299036979675,0.5040624737739563,0.3394584655761719,-0.0804167240858078,0.37649455666542053,0.5298045873641968,0.31411001086235046,0.16322608292102814,0.30193081498146057,0.5049384832382202,0.3422544300556183,-0.09137073159217834,0.3717554807662964,0.531287431716919,0.3144313097000122,0.17161472141742706,0.3001749813556671,0.5080621242523193,0.3303392827510834,-0.07579629123210907,0.36493736505508423,0.5588324069976807,0.3286525011062622,0.05974997952580452,0.9999826550483704,0.4959559142589569,0.36005547642707825,-0.0598786398768425,0.9999896883964539,0.5159944295883179,0.3287287950515747,0.1608431190252304,0.34032708406448364,0.5154359340667725,0.5877178311347961,-0.11600272357463837,0.5363611578941345,0.32444316148757935,0.23414485156536102,0.2281477153301239,0.44527560472488403,0.4882396459579468,0.8511648774147034,-0.1409378945827484,0.674175500869751,0.31336623430252075,0.23633980751037598,0.2311956137418747,0.4584428369998932,0.4703403115272522,0.9002329707145691,-0.14025767147541046,0.5751822590827942,0.2699146270751953,0.21089601516723633,0.2635844051837921,0.5256800055503845,0.5357588529586792,0.9314954280853271,-0.2438725084066391,0.6497823596000671,144.86589027452487,30.0,127.79951823502554,177.26478083217287,4189.407504719548
51,1.7,,,,,,,,,,,,,,,,,,,,,,,,,,,,,,,,,,,,,,,,,,,,,,,,,,,,,,,,,,,,,,,,,,,,,,,,,,,,,,,,,,,,,,,,,,,,,,,,,,,,,,,,,,,,,,,,,,,,,,,,,,,,,,,,,,,,,,30.0,139.5083585035773,197.0680751848107,-2664.1095184005253
52,1.7333333333333334,0.6997982263565063,0.5892938375473022,-0.011372894048690796,0.9301964640617371,0.7098974585533142,0.5824986100196838,-0.007589607033878565,0.9295355677604675,0.7107270359992981,0.577987015247345,-0.007939801551401615,0.9300569295883179,0.7114216089248657,0.5725888013839722,-0.007849616929888725,0.9456726908683777,0.7083707451820374,0.5848429799079895,-0.03273846581578255,0.9404281377792358,0.7079736590385437,0.5827341675758362,-0.0330502949655056,0.9442001581192017,0.707612931728363,0.5802730321884155,-0.03317054733633995,0.960710883140564,0.7075575590133667,0.5444024801254272,0.01714400015771389,0.9514135122299194,0.7044200897216797,0.5520479679107666,-0.09466668963432312,0.9154454469680786,0.6889435648918152,0.5688315629959106,0.005848882254213095,0.9380619525909424,0.687839150428772,0.57227623462677,-0.029034705832600594,0.9358495473861694,0.6678506135940552,0.4086012840270996,0.06702668219804764,0.9998018145561218,0.6358326077461243,0.5316178798675537,-0.11547034233808517,0.999579131603241,0.6042863130569458,0.300576388835907,0.0945747122168541,0.2686162292957306,0.5776659250259399,0.41620826721191406,-0.13362111151218414,0.3138328194618225,0.5447176694869995,0.2983623147010803,0.034437522292137146,0.24318940937519073,0.5200834274291992,0.3471757769584656,-0.091318778693676,0.31248724460601807,0.5251529216766357,0.29541635513305664,0.0306948721408844,0.282435804605484,0.5080825090408325,0.3309517204761505,-0.10273321717977524,0.36161020398139954,0.5263765454292297,0.30392277240753174,-0.0005257670418359339,0.28600403666496277,0.5119081735610962,0.3309674561023712,-0.10753870755434036,0.3565807044506073,0.5341628789901733,0.3049347698688507,0.021236512809991837,0.2822008430957794,0.5165309906005859,0.3372231721878052,-0.09214397519826889,0.3497968912124634,0.5066277384757996,0.2890576422214508,0.06938599795103073,0.9999840259552002,0.5052513480186462,0.3646818995475769,-0.06971843540668488,0.9999896883964539,0.39031314849853516,0.20216524600982666,0.10748232156038284,0.4053187668323517,0.5088980197906494,0.613297700881958,-0.038841016590595245,0.5817108154296875,0.28694599866867065,0.10409697890281677,0.11892388015985489,0.5004959106445312,0.48603948950767517,0.8472473621368408,-0.08484067767858505,0.7065518498420715,0.2778788208961487,0.09008163213729858,0.11716018617153168,0.5122270584106445,0.4648815095424652,0.8831846117973328,-0.08861001580953598,0.6174191236495972,0.2344137579202652,0.07775086164474487,0.04882904142141342,0.5725699067115784,0.5285429358482361,0.9299264550209045,-0.13034601509571075,0.6845846176147461,144.44423694005454,30.0,140.93738991401293,-0.3425203945288047,-3364.0885634823926
53,1.7666666666666666,0.6833543181419373,0.5987801551818848,0.05264721065759659,0.9371665716171265,0.696459174156189,0.5955122113227844,0.05943336337804794,0.936576783657074,0.6973506808280945,0.5921627283096313,0.05914846435189247,0.9370445609092712,0.6981856822967529,0.588630735874176,0.059231556951999664,0.9511011838912964,0.6960299015045166,0.5966689586639404,0.03334866091609001,0.9463804364204407,0.696484386920929,0.5944204330444336,0.03303535655140877,0.949774980545044,0.6969994306564331,0.5919660329818726,0.032907068729400635,0.9646357893943787,0.6993393301963806,0.5629112720489502,0.09053260833024979,0.9562686681747437,0.6974682211875916,0.5662422776222229,-0.025653356686234474,0.9238837957382202,0.6747521162033081,0.5807241201400757,0.07201339304447174,0.9442248940467834,0.6745450496673584,0.5832077264785767,0.03600897639989853,0.9422310590744019,0.6604076623916626,0.4214652180671692,0.1354140341281891,0.9998146295547485,0.636052131652832,0.5362313985824585,-0.06776824593544006,0.9995331168174744,0.6046387553215027,0.30444198846817017,0.1464960277080536,0.24916674196720123,0.5792023539543152,0.422886461019516,-0.10972495377063751,0.31383371353149414,0.5494623184204102,0.3064057230949402,0.06887999176979065,0.22229675948619843,0.5194005966186523,0.3708401322364807,-0.06220146641135216,0.2849256992340088,0.5319816470146179,0.3019111156463623,0.06205887719988823,0.2596762478351593,0.5034831762313843,0.3564259707927704,-0.0731174498796463,0.3297174870967865,0.5342821478843689,0.3126594126224518,0.03533724322915077,0.26288869976997375,0.50411456823349,0.354107141494751,-0.07363176345825195,0.32496777176856995,0.5411956906318665,0.315740168094635,0.05638820677995682,0.2588939964771271,0.5111453533172607,0.36020851135253906,-0.06084861233830452,0.31930577754974365,0.5121217966079712,0.2988455593585968,0.06949952989816666,0.9999853372573853,0.5120384097099304,0.3736474812030792,-0.0698716938495636,0.9999895691871643,0.39083048701286316,0.18023836612701416,0.05970775708556175,0.4644012749195099,0.512326180934906,0.622646152973175,0.011861732229590416,0.6193847060203552,0.28660306334495544,0.04035191237926483,0.047233566641807556,0.5503338575363159,0.4860333502292633,0.8471848964691162,0.018435120582580566,0.735002338886261,0.2774692475795746,0.016710219904780388,0.04352310672402382,0.5607583522796631,0.467024028301239,0.8775101900100708,0.019486509263515472,0.6545052528381348,0.23428508639335632,0.007623553276062012,-0.039458803832530975,0.6149073839187622,0.52655428647995,0.930992603302002,-0.014192110858857632,0.7149800062179565,126.2785698725756,30.0,139.48552381060873,-27.20449571401545,-2601.755086793546
54,1.8,0.6580310463905334,0.6136725544929504,0.12056755274534225,0.9433351159095764,0.6734041571617126,0.6122691035270691,0.1363111138343811,0.9428624510765076,0.6742246747016907,0.6086688041687012,0.13600850105285645,0.9432698488235474,0.6750635504722595,0.60479336977005,0.13611002266407013,0.9559385180473328,0.6738325357437134,0.6127837300300598,0.10445486754179001,0.9516897201538086,0.6748194098472595,0.6093721985816956,0.10411722213029861,0.9547520279884338,0.6758056879043579,0.6056163907051086,0.10392744094133377,0.9681289792060852,0.678543746471405,0.5751767158508301,0.19099140167236328,0.9606196880340576,0.6778494715690613,0.5771347880363464,0.04544672742486,0.931382954120636,0.6494729518890381,0.5965609550476074,0.1463494449853897,0.949657678604126,0.6499325037002563,0.5972575545310974,0.10190267115831375,0.9478484392166138,0.6380713582038879,0.4548473656177521,0.2271328568458557,0.9998100996017456,0.6360596418380737,0.5434055328369141,-0.03768410161137581,0.9994931221008301,0.6038528084754944,0.34379932284355164,0.22814258933067322,0.23703107237815857,0.6012027263641357,0.4439922273159027,-0.25123074650764465,0.35610389709472656,0.5592225790023804,0.3188093900680542,0.1579780876636505,0.21305929124355316,0.5439683794975281,0.39766737818717957,-0.4056237041950226,0.30736488103866577,0.5497857928276062,0.3077075481414795,0.15040726959705353,0.25285604596138,0.526814877986908,0.37832140922546387,-0.45087021589279175,0.3568500578403473,0.547982394695282,0.31790784001350403,0.12692876160144806,0.2559806704521179,0.5247336626052856,0.3841197192668915,-0.43608319759368896,0.3505125641822815,0.550735354423523,0.32233574986457825,0.1467009037733078,0.24935996532440186,0.5283239483833313,0.38606199622154236,-0.402784526348114,0.34088006615638733,0.5146860480308533,0.31196659803390503,0.08320341259241104,0.9999854564666748,0.5192283987998962,0.384155809879303,-0.08376017957925797,0.9999860525131226,0.40715113282203674,0.1706603765487671,0.05052615702152252,0.5177149176597595,0.518733561038971,0.6362935900688171,-0.016935111954808235,0.6558941602706909,0.32171961665153503,0.01946077309548855,-0.009668317623436451,0.5952042937278748,0.4882546365261078,0.852541983127594,-0.07695388048887253,0.761151134967804,0.31659653782844543,0.00064437574474141,-0.01848669722676277,0.6045921444892883,0.4713657796382904,0.880411684513092,-0.08295758813619614,0.6887596249580383,0.27042534947395325,0.006917777471244335,-0.10123550891876221,0.653201699256897,0.5260562300682068,0.9309878945350647,-0.13084685802459717,0.7430841326713562,166.29150653839503,30.0,139.1237568664119,-173.79285951409855,-2788.775408598368
55,1.8333333333333333,0.6196644306182861,0.6106047034263611,0.23828600347042084,0.9379135966300964,0.6333584189414978,0.6094030141830444,0.2542790174484253,0.9424161911010742,0.6352449655532837,0.6064653396606445,0.2539478838443756,0.9422113299369812,0.636993944644928,0.6036903262138367,0.25402918457984924,0.9551833868026733,0.6342031955718994,0.6102922558784485,0.22629497945308685,0.9497984647750854,0.6365348100662231,0.6077691316604614,0.225969135761261,0.9536353349685669,0.6388800740242004,0.6051666736602783,0.2257688343524933,0.9661843180656433,0.6445367336273193,0.5808321833610535,0.303117573261261,0.9624113440513611,0.6468635201454163,0.5816255211830139,0.17671550810337067,0.9277827143669128,0.6153017282485962,0.5927228927612305,0.26208558678627014,0.9399591088294983,0.616706907749176,0.5943023562431335,0.22310014069080353,0.9346417188644409,0.6217823624610901,0.4732971787452698,0.3001640737056732,0.9996349215507507,0.6357955932617188,0.548141360282898,0.08737660199403763,0.9985255002975464,0.5957616567611694,0.37754517793655396,0.18439814448356628,0.21409474313259125,0.6035805940628052,0.4577876031398773,-0.1223975196480751,0.3356053829193115,0.5657186508178711,0.34072306752204895,-0.013733550906181335,0.1923321783542633,0.5866410732269287,0.44591763615608215,-0.22279800474643707,0.28074419498443604,0.5590430498123169,0.30987584590911865,-0.04037041589617729,0.22897925972938538,0.5870894193649292,0.4422544240951538,-0.24922163784503937,0.32911354303359985,0.5621644258499146,0.3229845464229584,-0.046824563294649124,0.23175466060638428,0.5925187468528748,0.44100508093833923,-0.2405460625886917,0.32265180349349976,0.5632476806640625,0.33147212862968445,-0.022164564579725266,0.22557306289672852,0.5916414856910706,0.4374952018260956,-0.22052939236164093,0.3134562373161316,0.5214509963989258,0.3252183198928833,0.08194240182638168,0.9999783635139465,0.5328212380409241,0.39986473321914673,-0.08252747356891632,0.9999606013298035,0.4242808520793915,0.15748660266399384,0.016382526606321335,0.564184308052063,0.5290238261222839,0.6335231065750122,-0.08113034814596176,0.681772768497467,0.3606054484844208,0.0019936428871005774,-0.09190678596496582,0.6341768503189087,0.4938862919807434,0.8523932695388794,-0.21827851235866547,0.7793979048728943,0.35918548703193665,-0.013215374201536179,-0.10355060547590256,0.6436272859573364,0.47939616441726685,0.8751457333564758,-0.23028630018234253,0.7179498076438904,0.3078998923301697,-0.04804878681898117,-0.15886442363262177,0.6834405660629272,0.5118300914764404,0.9325225949287415,-0.2586650252342224,0.7598206996917725,163.5684208009082,30.0,127.89933317633549,-213.12285628723998,2931.556498279056
56,1.8666666666666667,0.6000147461891174,0.5802425146102905,0.3113470673561096,0.8991641402244568,0.5944823026657104,0.5779032707214355,0.3353896737098694,0.914760947227478,0.5930807590484619,0.5756100416183472,0.33503687381744385,0.9149935841560364,0.5917714238166809,0.5734491944313049,0.33510178327560425,0.9352619051933289,0.5988925695419312,0.5736151933670044,0.31376415491104126,0.9259376525878906,0.6006782054901123,0.5649505853652954,0.31346413493156433,0.9336668848991394,0.6015112996101379,0.5596009492874146,0.3132869303226471,0.9515316486358643,0.5915031433105469,0.5470958948135376,0.39386123418807983,0.9504613280296326,0.6033724546432495,0.5384494066238403,0.29566627740859985,0.8975259065628052,0.5933516025543213,0.5665243864059448,0.33426225185394287,0.9057300686836243,0.602428674697876,0.553419291973114,0.3033921420574188,0.9050732851028442,0.5956206917762756,0.48255062103271484,0.35926195979118347,0.9995530247688293,0.6323516368865967,0.47141164541244507,0.22846737504005432,0.9981098175048828,0.6018940210342407,0.4321795701980591,0.33963313698768616,0.19439825415611267,0.634405255317688,0.45172280073165894,0.21550559997558594,0.30417707562446594,0.597261369228363,0.3733101487159729,0.224888876080513,0.17387966811656952,0.5990216135978699,0.41681644320487976,0.30614545941352844,0.25306299328804016,0.5970699191093445,0.3505813181400299,0.20751738548278809,0.20745868980884552,0.5974787473678589,0.406781405210495,0.3089013695716858,0.29674842953681946,0.5968210697174072,0.3512447774410248,0.20294031500816345,0.20983420312404633,0.5979829430580139,0.406572163105011,0.31294164061546326,0.2908782362937927,0.5964053273200989,0.3563142418861389,0.2202574610710144,0.20428313314914703,0.5982465744018555,0.40838709473609924,0.31069090962409973,0.28267282247543335,0.5591564178466797,0.3538801968097687,0.06568615138530731,0.9999781250953674,0.5654820203781128,0.3968861997127533,-0.06659302115440369,0.9999550580978394,0.4695384204387665,0.18300582468509674,-0.04865396022796631,0.5950456261634827,0.5424541234970093,0.6286811828613281,-0.07937746495008469,0.6548286080360413,0.439548134803772,0.02688426710665226,-0.10163874924182892,0.6503795385360718,0.5062423348426819,0.8513110280036926,-0.17479048669338226,0.740397572517395,0.44428035616874695,0.011032694019377232,-0.10561500489711761,0.6721177697181702,0.5032017230987549,0.8654550313949585,-0.18143729865550995,0.7174302935600281,0.4033704102039337,-0.010438240133225918,-0.18169400095939636,0.6733422875404358,0.5036001801490784,0.9339985847473145,-0.23463791608810425,0.71819007396698,76.7588816083122,30.0,124.91556644726256,21.64424037117186,4611.05559328047
57,1.9,0.5934823751449585,0.43055152893066406,0.3687877953052521,0.9009209871292114,0.5923680067062378,0.4342769384384155,0.3750210702419281,0.9207171201705933,0.5921774506568909,0.43229860067367554,0.3747158646583557,0.9207368493080139,0.5916545987129211,0.4299057722091675,0.37483569979667664,0.9399794340133667,0.5942037105560303,0.43822339177131653,0.3730960190296173,0.9313067197799683,0.5945326089859009,0.4396246075630188,0.37275105714797974,0.9386560320854187,0.5951026678085327,0.4414498805999756,0.37263086438179016,0.9552373886108398,0.5924249887466431,0.42829838395118713,0.37169522047042847,0.9544016718864441,0.5976749062538147,0.44246000051498413,0.36024463176727295,0.9039977192878723,0.5934962630271912,0.4268881678581238,0.36953797936439514,0.9114454388618469,0.5932794213294983,0.4332510828971863,0.3640228807926178,0.9094405770301819,0.5886820554733276,0.4112366735935211,0.3282226026058197,0.9995665550231934,0.602593719959259,0.4227498769760132,0.29168501496315,0.9982069134712219,0.595861554145813,0.3978487551212311,0.379732608795166,0.17562443017959595,0.6232292056083679,0.4861390292644501,0.28958815336227417,0.2749102711677551,0.6080362796783447,0.3584037721157074,0.45238155126571655,0.15691767632961273,0.591069757938385,0.5314046144485474,0.40129712224006653,0.2282266765832901,0.6105422973632812,0.34459248185157776,0.4641076326370239,0.18758459389209747,0.5905225276947021,0.5435242652893066,0.4110561013221741,0.2679552435874939,0.6102022528648376,0.3467752933502197,0.4651680290699005,0.1896386742591858,0.588839590549469,0.5384516716003418,0.4185065031051636,0.26258543133735657,0.6077402830123901,0.3526313304901123,0.45622366666793823,0.18457701802253723,0.5898144841194153,0.5343285799026489,0.40638118982315063,0.255217969417572,0.573454737663269,0.3470599353313446,0.01860666088759899,0.9999796152114868,0.5793043375015259,0.405680775642395,-0.01980290748178959,0.9999577403068542,0.5085340142250061,0.22349098324775696,-0.17322151362895966,0.6343420743942261,0.5509226322174072,0.6083653569221497,0.0383615605533123,0.6724211573600769,0.5013867616653442,0.08408550173044205,-0.3502146005630493,0.6840817332267761,0.5224887132644653,0.8510390520095825,-0.14269202947616577,0.7548568248748779,0.5081180334091187,0.05990874022245407,-0.36541423201560974,0.7044486999511719,0.5225989818572998,0.8648777008056641,-0.15153495967388153,0.7416757941246033,0.4669400155544281,0.03462189435958862,-0.46047496795654297,0.7042571306228638,0.5074557662010193,0.9348454475402832,-0.20195254683494568,0.7385205030441284,103.70660034671984,30.0,129.3422825344136,94.28084993145802,709.0280581368369
58,1.9333333333333333,0.60715252161026,0.3549671173095703,0.3504437804222107,0.9099004864692688,0.607624351978302,0.35704663395881653,0.35143715143203735,0.928353488445282,0.6080071926116943,0.3553009033203125,0.35127702355384827,0.9282727241516113,0.6080909371376038,0.35309910774230957,0.35132303833961487,0.9457221031188965,0.6063856482505798,0.36246776580810547,0.35526740550994873,0.9380118250846863,0.605161726474762,0.365032434463501,0.3549651801586151,0.9446381330490112,0.6042346358299255,0.3677574098110199,0.3548750877380371,0.9596040844917297,0.6038067936897278,0.359386682510376,0.327115535736084,0.9586906433105469,0.5977782607078552,0.3801426291465759,0.3407779037952423,0.9127371311187744,0.603657066822052,0.35847485065460205,0.34280925989151,0.9194806814193726,0.6009784936904907,0.36541828513145447,0.3452282249927521,0.9173398017883301,0.5934804677963257,0.36415401101112366,0.275849312543869,0.9996005892753601,0.5791281461715698,0.4288969933986664,0.235752135515213,0.9983651041984558,0.6007049083709717,0.3896450698375702,0.2477840930223465,0.15820437669754028,0.549430251121521,0.5358823537826538,0.09931426495313644,0.2478208988904953,0.6112426519393921,0.3606828451156616,0.3394457995891571,0.14163054525852203,0.5443961024284363,0.5236597657203674,0.016200950369238853,0.20643143355846405,0.6163694858551025,0.34083643555641174,0.3310404121875763,0.16981855034828186,0.5559874773025513,0.518443763256073,-0.018349995836615562,0.2429644912481308,0.6192553639411926,0.3443087041378021,0.23741182684898376,0.17164316773414612,0.5586794018745422,0.5033906102180481,-0.007558176293969154,0.23788540065288544,0.6150079965591431,0.35404834151268005,0.2658425569534302,0.1668897122144699,0.5565229058265686,0.5072989463806152,0.014645710587501526,0.23102326691150665,0.5654346942901611,0.3464570641517639,0.011704542674124241,0.9999761581420898,0.564365029335022,0.4023779630661011,-0.012677856720983982,0.9999538660049438,0.5707880854606628,0.25117000937461853,-0.18066534399986267,0.6415131092071533,0.5536981225013733,0.6082369685173035,-0.01659916155040264,0.6536999344825745,0.5647964477539062,0.18082678318023682,-0.39252379536628723,0.6862521171569824,0.5364105105400085,0.8555552363395691,-0.2499089539051056,0.7206431031227112,0.5549646615982056,0.16911445558071136,-0.41277649998664856,0.7234084010124207,0.5348325371742249,0.867155909538269,-0.2680191695690155,0.7437493205070496,0.5881529450416565,0.13654372096061707,-0.5192574262619019,0.7091887593269348,0.5153613686561584,0.9471205472946167,-0.3308391273021698,0.7303547263145447,133.45367112446246,30.0,131.2009564426931,68.91277758029432,1807.8034506311249
59,1.9666666666666666,0.6123822927474976,0.4291103780269623,0.5625459551811218,0.9189104437828064,0.599395751953125,0.4337676763534546,0.572895884513855,0.9355181455612183,0.5948387980461121,0.43772944808006287,0.5726425051689148,0.9354454278945923,0.5898939967155457,0.4406796991825104,0.57257080078125,0.9511498808860779,0.6084505915641785,0.4190322458744049,0.5832061767578125,0.9442106485366821,0.6096738576889038,0.4130406677722931,0.5829503536224365,0.9501743316650391,0.6110992431640625,0.40715596079826355,0.5828922986984253,0.9636436700820923,0.5681979656219482,0.441449910402298,0.5158015489578247,0.9628216028213501,0.6043732762336731,0.38832223415374756,0.5609614253044128,0.9214634299278259,0.5988022685050964,0.43580764532089233,0.5368998050689697,0.9275326132774353,0.6096871495246887,0.41536274552345276,0.5479639768600464,0.925605833530426,0.5550001859664917,0.5021315217018127,0.3492377996444702,0.9996405243873596,0.5977156758308411,0.3596741855144501,0.3877579867839813,0.9985285997390747,0.558465838432312,0.63258296251297,0.2403452843427658,0.24238109588623047,0.5811595320701599,0.32023927569389343,0.1365668624639511,0.3229520916938782,0.5940048098564148,0.8069518804550171,0.11187680810689926,0.22746111452579498,0.6620000004768372,0.3472631871700287,-0.09305904805660248,0.28568053245544434,0.6007755994796753,0.833052396774292,0.10359053313732147,0.2528252601623535,0.6765164136886597,0.3403843343257904,-0.12639938294887543,0.3183085322380066,0.6023960113525391,0.8380289673805237,0.10071641951799393,0.2544642984867096,0.689521074295044,0.3534960448741913,-0.11377818882465363,0.31359410285949707,0.6039659380912781,0.8270980715751648,0.10871242731809616,0.25019580125808716,0.6845504641532898,0.36818382143974304,-0.09440647810697556,0.30775249004364014,0.5525864362716675,0.4103480875492096,0.006970374844968319,0.9999785423278809,0.588324785232544,0.391075074672699,-0.007703004404902458,0.9999584555625916,0.5009487271308899,0.4501170516014099,-0.302030086517334,0.677361786365509,0.6153981685638428,0.5384694933891296,-0.23381929099559784,0.6883299350738525,0.5534619092941284,0.38009974360466003,-0.40313541889190674,0.7176140546798706,0.6351070404052734,0.5515710711479187,-0.5346552133560181,0.748577892780304,0.5480903387069702,0.3680780827999115,-0.4154251515865326,0.7510673999786377,0.6174250245094299,0.5210097432136536,-0.5664322972297668,0.7693743705749512,0.5954126119613647,0.3367633819580078,-0.47128579020500183,0.7382698655128479,0.675670862197876,0.5972796082496643,-0.6224884390830994,0.7573192715644836,152.33450605548387,30.0,133.93646770643323,214.801079973533,5160.041650867889
60,2.0,0.5319146513938904,0.3876917362213135,0.2165493667125702,0.9268260598182678,0.5258976817131042,0.39521417021751404,0.20309826731681824,0.9417475461959839,0.5230621099472046,0.39923202991485596,0.20286419987678528,0.9417998194694519,0.5199371576309204,0.4026697278022766,0.2027922421693802,0.9558629989624023,0.536626398563385,0.3827751576900482,0.2134968787431717,0.9496657252311707,0.537917971611023,0.38088005781173706,0.2134491503238678,0.9551099538803101,0.5393962264060974,0.37878409028053284,0.21327587962150574,0.9671875834465027,0.5136797428131104,0.41521769762039185,0.15302470326423645,0.966477632522583,0.5394293665885925,0.36556151509284973,0.19235290586948395,0.9290204644203186,0.5269734263420105,0.39724746346473694,0.2027857005596161,0.9341159462928772,0.5364356637001038,0.3801020383834839,0.21454285085201263,0.9323772192001343,0.528887152671814,0.47851166129112244,0.06542426347732544,0.9996756315231323,0.56229168176651,0.35275590419769287,0.14168265461921692,0.998664915561676,0.5335891246795654,0.4927791357040405,-0.07951520383358002,0.25008425116539,0.5560305714607239,0.33509907126426697,-0.06667497009038925,0.29403671622276306,0.5967881679534912,0.4129352867603302,-0.2053903043270111,0.21305643022060394,0.6160245537757874,0.33768197894096375,-0.22819599509239197,0.2582685351371765,0.6109339594841003,0.3651048541069031,-0.23345261812210083,0.24433909356594086,0.6150004863739014,0.33126336336135864,-0.2621930241584778,0.28907015919685364,0.6246497631072998,0.3797375559806824,-0.21684055030345917,0.24194945394992828,0.6211543679237366,0.3424149751663208,-0.25028741359710693,0.284222275018692,0.620551347732544,0.39970076084136963,-0.19962571561336517,0.23822753131389618,0.6201161742210388,0.35133978724479675,-0.22874322533607483,0.2798629403114319,0.5531059503555298,0.4263359010219574,0.008423115126788616,0.9999776482582092,0.5774962306022644,0.3903416693210602,-0.009126503951847553,0.999951958656311,0.5400974154472351,0.48148831725120544,-0.28863611817359924,0.7092326283454895,0.5937033891677856,0.5651605725288391,-0.19125814735889435,0.715745210647583,0.5714744925498962,0.31687408685684204,-0.4262739419937134,0.7270582318305969,0.5822399854660034,0.8086621165275574,-0.3347446322441101,0.7263237833976746,0.562847912311554,0.2974672317504883,-0.4384804666042328,0.7740331888198853,0.5839676260948181,0.8346900939941406,-0.3467250466346741,0.7877927422523499,0.6185802817344666,0.2622777223587036,-0.529344379901886,0.7618770003318787,0.6142293810844421,0.9024814963340759,-0.40866756439208984,0.7776350975036621,157.20074722246295,30.0,145.52102844092863,412.9155543048202,163.3671784646154
61,2.033333333333333,0.5784983038902283,0.3952685296535492,0.18164759874343872,0.9337561726570129,0.5764891505241394,0.39935171604156494,0.1793540120124817,0.947374165058136,0.5749814510345459,0.3996586203575134,0.17906135320663452,0.9473620653152466,0.5731646418571472,0.399601548910141,0.1790943443775177,0.9601240158081055,0.5822544693946838,0.397523432970047,0.17982816696166992,0.9545692205429077,0.583401620388031,0.39718708395957947,0.17963239550590515,0.959475576877594,0.584743857383728,0.39697152376174927,0.1795714795589447,0.9703783988952637,0.5694395303726196,0.40164244174957275,0.15839633345603943,0.9697600603103638,0.5858448147773743,0.3916376829147339,0.1555221676826477,0.9356803894042969,0.5732488036155701,0.3927667438983917,0.17786894738674164,0.9404320120811462,0.5785924792289734,0.39143815636634827,0.17552821338176727,0.9388901591300964,0.5569393634796143,0.4261534512042999,0.10180819034576416,0.9997041821479797,0.6088458895683289,0.37355315685272217,0.1081036850810051,0.998786211013794,0.5287100672721863,0.4281303882598877,0.04643340781331062,0.22664335370063782,0.6639434099197388,0.3739423453807831,-0.07284443080425262,0.2651520371437073,0.5945069789886475,0.3014250695705414,-0.006099896039813757,0.19447362422943115,0.7302507162094116,0.39398491382598877,-0.22560791671276093,0.24433889985084534,0.5996428728103638,0.28072404861450195,-0.020213378593325615,0.22394482791423798,0.7507277131080627,0.40871375799179077,-0.2638069987297058,0.2808959186077118,0.6076991558074951,0.28498774766921997,-0.01526839379221201,0.22104863822460175,0.751505970954895,0.4153038561344147,-0.2459845244884491,0.2751884460449219,0.6040883660316467,0.2942778170108795,-0.003632267704233527,0.21715393662452698,0.7424575090408325,0.41636672616004944,-0.22531704604625702,0.2665315866470337,0.5605211853981018,0.4077584147453308,0.017026351764798164,0.9999779462814331,0.6085904240608215,0.39012882113456726,-0.017628492787480354,0.9999521970748901,0.4574517011642456,0.41469767689704895,-0.20749995112419128,0.7025831937789917,0.6212379932403564,0.566137433052063,-0.05196214094758034,0.6479135751724243,0.47655704617500305,0.3477550148963928,-0.060575373470783234,0.6694534420967102,0.6301271915435791,0.7835903763771057,-0.23464007675647736,0.6638930439949036,0.491000235080719,0.3432701528072357,-0.05023778975009918,0.7349898219108582,0.6215515732765198,0.7963513135910034,-0.25268131494522095,0.7309728860855103,0.5016672611236572,0.3174765110015869,-0.07898612320423126,0.6960563659667969,0.6520548462867737,0.8789204955101013,-0.28786176443099976,0.7160944938659668,170.62442780102958,30.0,161.46417132675458,225.69222520450737,-6572.101836143874
62,2.0666666666666664,0.5794506669044495,0.33516255021095276,-0.1270492821931839,0.9385753273963928,0.5783918499946594,0.34165531396865845,-0.14953376352787018,0.9518851637840271,0.5771337151527405,0.3406173884868622,-0.14978715777397156,0.9516739845275879,0.5755365490913391,0.3391966223716736,-0.14980028569698334,0.9637312889099121,0.5834330916404724,0.3461393117904663,-0.14439181983470917,0.9584725499153137,0.5847881436347961,0.3480507433414459,-0.1446724683046341,0.9627304077148438,0.5863831639289856,0.3500964343547821,-0.14478977024555206,0.972902774810791,0.5743866562843323,0.3463224172592163,-0.19910219311714172,0.9723084568977356,0.5901580452919006,0.35877445340156555,-0.17918404936790466,0.9388290047645569,0.577282190322876,0.3342403173446655,-0.13350056111812592,0.9445466995239258,0.5815182328224182,0.3394262194633484,-0.12921445071697235,0.9426600337028503,0.5621511340141296,0.359436959028244,-0.17218145728111267,0.9997054934501648,0.6090265512466431,0.38335663080215454,-0.12048790603876114,0.9988129734992981,0.5182704925537109,0.3297501504421234,-0.14850714802742004,0.20489315688610077,0.63470059633255,0.3713226318359375,-0.07248362898826599,0.23866654932498932,0.5924195051193237,0.2761949598789215,-0.1155710518360138,0.17533501982688904,0.6697674989700317,0.35628393292427063,-0.061796024441719055,0.21993225812911987,0.6079407334327698,0.25814786553382874,-0.12737075984477997,0.20200243592262268,0.6899245977401733,0.35872337222099304,-0.05295842885971069,0.2528603672981262,0.6134119033813477,0.2672041058540344,-0.11688265949487686,0.19933868944644928,0.7085005044937134,0.3521869480609894,-0.07106440514326096,0.2477255016565323,0.6091040968894958,0.27498775720596313,-0.10869326442480087,0.195778489112854,0.7010064721107483,0.35121989250183105,-0.06866268813610077,0.23995591700077057,0.5860567092895508,0.39404937624931335,-0.0034269802272319794,0.9998360872268677,0.601547122001648,0.4017152190208435,0.0028692083433270454,0.9998233318328857,0.626340925693512,0.4289076030254364,-0.07925449311733246,0.63329017162323,0.5946659445762634,0.6281663775444031,-0.04283770173788071,0.5838364958763123,0.7798452973365784,0.4953838884830475,-0.12484331429004669,0.6044312715530396,0.6127138137817383,0.8370634913444519,-0.13250692188739777,0.6052911877632141,0.7409985065460205,0.4723442792892456,-0.1280374377965927,0.6652291417121887,0.6224528551101685,0.85471510887146,-0.13812704384326935,0.668855607509613,0.7959970831871033,0.47395163774490356,-0.18913458287715912,0.631451427936554,0.6367284059524536,0.8896898627281189,-0.20431163907051086,0.6594139337539673,136.1943950260318,30.0,160.5671767878958,-25.22456810477138,-3931.2964789446437
63,2.1,0.605115532875061,0.3945826292037964,-0.09894273430109024,0.9447054266929626,0.6069689393043518,0.39303356409072876,-0.10896708071231842,0.9566923975944519,0.6067513227462769,0.38944166898727417,-0.1092730388045311,0.9565005302429199,0.6061297059059143,0.3846304714679718,-0.10920100659132004,0.9673557281494141,0.6101009249687195,0.3966137766838074,-0.11156732589006424,0.9626228213310242,0.6110964417457581,0.39578431844711304,-0.11189889907836914,0.966454267501831,0.6124810576438904,0.39530205726623535,-0.11194474250078201,0.9756107926368713,0.6079990267753601,0.3729240298271179,-0.12412779033184052,0.9750755429267883,0.6174401044845581,0.3849467933177948,-0.13665294647216797,0.9449353814125061,0.6042215824127197,0.39104679226875305,-0.09528834372758865,0.9500831961631775,0.6062589883804321,0.3917416036128998,-0.1011115089058876,0.9483861923217773,0.5848219394683838,0.3761865794658661,-0.10711200535297394,0.9997345805168152,0.6288725733757019,0.3966205418109894,-0.09730952233076096,0.9989286065101624,0.5215284824371338,0.358248233795166,-0.019168078899383545,0.18476705253124237,0.6302187442779541,0.3833649158477783,0.0001775913406163454,0.21482941508293152,0.5952435731887817,0.2898804545402527,0.028924254700541496,0.15789589285850525,0.6399717330932617,0.38985854387283325,0.19267812371253967,0.19796958565711975,0.6136981248855591,0.2772233486175537,0.05409623309969902,0.1819559782743454,0.6644893288612366,0.3974938690662384,0.21267420053482056,0.22765177488327026,0.6197742223739624,0.28962278366088867,0.049574319273233414,0.17954476177692413,0.67218017578125,0.39089155197143555,0.20745736360549927,0.22303444147109985,0.6161061525344849,0.2968207001686096,0.039205484092235565,0.17636144161224365,0.6569135785102844,0.3854646682739258,0.1956343948841095,0.2160722017288208,0.5909414887428284,0.3810253143310547,0.010386430658400059,0.9998523592948914,0.6237444281578064,0.38942137360572815,-0.011012757197022438,0.9998406171798706,0.4749201834201813,0.3795016407966614,-0.06342293322086334,0.6471452713012695,0.6404171586036682,0.6053386330604553,-0.04619622230529785,0.5360202193260193,0.5862246751785278,0.3359934389591217,-0.014801816083490849,0.5619485378265381,0.6892822980880737,0.826337993144989,-0.19782347977161407,0.5740861892700195,0.5963029265403748,0.30996111035346985,-0.0030466874595731497,0.6152828931808472,0.6886067986488342,0.8325126767158508,-0.20690707862377167,0.6271482110023499,0.5994859933853149,0.24853241443634033,-0.026886560022830963,0.5915049314498901,0.7340291142463684,0.9327492117881775,-0.22315046191215515,0.6583940982818604,170.1017689006377,30.0,159.78253345310316,-36.39420672513552,44.301327259765344
64,2.1333333333333333,0.6036136150360107,0.4010772705078125,0.0016600824892520905,0.9499605894088745,0.6063652038574219,0.406494677066803,-0.007755848113447428,0.9608831405639648,0.6063143610954285,0.40018823742866516,-0.008035079576075077,0.9606337547302246,0.6058475375175476,0.39160221815109253,-0.008036354556679726,0.9705277681350708,0.6089631915092468,0.4216054081916809,-0.008888447657227516,0.9662778973579407,0.6099764704704285,0.4251783788204193,-0.009157727472484112,0.9696901440620422,0.6113183498382568,0.42865365743637085,-0.00915017444640398,0.9779880046844482,0.6087876558303833,0.3955811858177185,-0.03533707559108734,0.9774391651153564,0.6172450184822083,0.42038676142692566,-0.0402667373418808,0.9501031637191772,0.6040624380111694,0.4123801290988922,-0.0007633690838702023,0.9546797275543213,0.6062207818031311,0.4027794599533081,-0.004352175630629063,0.9532368183135986,0.6149306893348694,0.39491233229637146,-0.06758138537406921,0.9997571110725403,0.6262184381484985,0.41348469257354736,-0.007071608677506447,0.9990211725234985,0.5987235903739929,0.3611346185207367,-0.0855334922671318,0.1663961112499237,0.6334725618362427,0.39020198583602905,0.059220679104328156,0.19335311651229858,0.6074197888374329,0.31713494658470154,-0.08656742423772812,0.1421331763267517,0.6355763077735901,0.3859151303768158,0.18637187778949738,0.17817753553390503,0.6117082238197327,0.30136337876319885,-0.09393983334302902,0.1637987494468689,0.642167866230011,0.3603864014148712,0.2050730288028717,0.20489555597305298,0.6152662038803101,0.30722928047180176,-0.08651010692119598,0.1616210788488388,0.6435876488685608,0.3445006310939789,0.19266341626644135,0.2007390260696411,0.6148756146430969,0.31635716557502747,-0.08173057436943054,0.1587604582309723,0.6393181085586548,0.3477901220321655,0.18414096534252167,0.19447678327560425,0.614854633808136,0.37317201495170593,-0.005773702170699835,0.9998602271080017,0.619886040687561,0.3960624039173126,0.005061161704361439,0.9998512864112854,0.5317867994308472,0.40004658699035645,-0.031823672354221344,0.5828391909599304,0.6173696517944336,0.643511176109314,-0.0243771243840456,0.4827990233898163,0.7235821485519409,0.5230472683906555,0.025508927181363106,0.5059287548065186,0.647307813167572,0.8465185165405273,-0.0844862088561058,0.5191068053245544,0.7473544478416443,0.5434454679489136,0.036372147500514984,0.5543044209480286,0.6635850071907043,0.8676548004150391,-0.08527551591396332,0.56795734167099,0.7861163020133972,0.5519269704818726,0.01928420178592205,0.5327016115188599,0.662578821182251,0.9291624426841736,-0.12242463231086731,0.5966173410415649,161.92555889049004,30.0,158.14089633955342,-22.27114628745369,958.0723975490273
65,2.1666666666666665,,,,,,,,,,,,,,,,,,,,,,,,,,,,,,,,,,,,,,,,,,,,,,,,,,,,,,,,,,,,,,,,,,,,,,,,,,,,,,,,,,,,,,,,,,,,,,,,,,,,,,,,,,,,,,,,,,,,,,,,,,,,,,,,,,,,,,30.0,158.2977903672729,27.47728644479963,1749.4237875668261
66,2.2,0.41140085458755493,0.21959362924098969,-0.05397593602538109,0.9548972845077515,0.41422003507614136,0.2013213038444519,-0.07721123099327087,0.9647281765937805,0.41686561703681946,0.2012176662683487,-0.0774572417140007,0.9644896984100342,0.41937482357025146,0.2007736712694168,-0.07736484706401825,0.973408579826355,0.4125071167945862,0.1992454081773758,-0.043190356343984604,0.9695929288864136,0.4136568307876587,0.19826611876487732,-0.043574199080467224,0.9726765155792236,0.41484326124191284,0.19698837399482727,-0.04366999492049217,0.9801555871963501,0.4381266236305237,0.19756706058979034,-0.13706852495670319,0.9796398282051086,0.43246346712112427,0.19267916679382324,0.015240597538650036,0.9550411105155945,0.42166563868522644,0.2356576770544052,-0.0702359527349472,0.9590688347816467,0.41914132237434387,0.23420676589012146,-0.028143329545855522,0.9577383399009705,0.48850753903388977,0.27543091773986816,-0.2029830664396286,0.9997718930244446,0.4908561706542969,0.21759654581546783,0.10436571389436722,0.9990971088409424,0.5530563592910767,0.31343287229537964,-0.25847434997558594,0.24741588532924652,0.5469890832901001,0.20434777438640594,0.22006739675998688,0.1868831366300583,0.5874091386795044,0.3637098968029022,-0.2614235281944275,0.22153986990451813,0.603706955909729,0.17468127608299255,0.2636054754257202,0.2240961194038391,0.5973536968231201,0.37769463658332825,-0.28501489758491516,0.24015794694423676,0.6169866919517517,0.17068618535995483,0.26707878708839417,0.25383931398391724,0.5944196581840515,0.3793472349643707,-0.28788211941719055,0.23743900656700134,0.6169328689575195,0.17482364177703857,0.24371780455112457,0.2505371868610382,0.5898100137710571,0.37428995966911316,-0.2600100040435791,0.23058290779590607,0.6137397289276123,0.17727944254875183,0.2528745234012604,0.2398693561553955,0.626550555229187,0.40314146876335144,-0.09889677911996841,0.9998716115951538,0.5996010899543762,0.4218895435333252,0.09886574000120163,0.9998636841773987,0.7176132798194885,0.5657956004142761,-0.005693676881492138,0.6187409162521362,0.5941501259803772,0.6567161083221436,-0.05204193294048309,0.5287490487098694,0.7997865676879883,0.6402959227561951,0.11071158945560455,0.5487253069877625,0.6519915461540222,0.8539532423019409,-0.10370977967977524,0.563589334487915,0.8129726648330688,0.6347559690475464,0.11807750910520554,0.5761151909828186,0.6729678511619568,0.8773630857467651,-0.11111950129270554,0.6044616103172302,0.8279048204421997,0.724562406539917,0.06701476126909256,0.5683325529098511,0.6342378854751587,0.932113766670227,-0.167001411318779,0.6333112716674805,149.4009618046479,30.0,159.9727154358734,94.35710621700139,605.8890933014667
67,2.2333333333333334,0.45278313755989075,0.1806473284959793,-0.2965971827507019,0.9593108892440796,0.4618902802467346,0.1640612781047821,-0.3030688166618347,0.9681658148765564,0.46623504161834717,0.16445501148700714,-0.3034161627292633,0.967964768409729,0.4708946943283081,0.1648310273885727,-0.3033752143383026,0.9760165214538574,0.4563721716403961,0.16227467358112335,-0.28282979130744934,0.9724990725517273,0.4558136761188507,0.16158467531204224,-0.2831880748271942,0.9752863049507141,0.45504575967788696,0.1606939435005188,-0.2833167016506195,0.9820262789726257,0.4870302975177765,0.17015962302684784,-0.2835874855518341,0.9816451668739319,0.46310001611709595,0.1637592613697052,-0.19400443136692047,0.9593027830123901,0.4626367688179016,0.19831426441669464,-0.28399527072906494,0.9630647897720337,0.4550663232803345,0.19605503976345062,-0.2603083550930023,0.9617547988891602,0.5217161178588867,0.25494009256362915,-0.29251301288604736,0.999793291091919,0.4889413118362427,0.22300899028778076,-0.05510358884930611,0.9991461038589478,0.5908147096633911,0.31042519211769104,-0.25854557752609253,0.3225446045398712,0.5439780354499817,0.2837893068790436,0.09166664630174637,0.17071793973445892,0.645469605922699,0.3750460147857666,-0.2270933985710144,0.29757753014564514,0.5697071552276611,0.3197728991508484,0.19450829923152924,0.20210044085979462,0.6657232642173767,0.3948344588279724,-0.24468861520290375,0.3124183118343353,0.5754381418228149,0.3259115219116211,0.21052666008472443,0.2290027141571045,0.6601549386978149,0.4055700898170471,-0.254657119512558,0.30993950366973877,0.5717220902442932,0.33515292406082153,0.18217772245407104,0.22606515884399414,0.650981605052948,0.4018428921699524,-0.227931946516037,0.30181536078453064,0.5694583654403687,0.33252212405204773,0.18395324051380157,0.21657782793045044,0.6271284222602844,0.40668627619743347,-0.0648217424750328,0.9998831152915955,0.5873569250106812,0.433582603931427,0.0648343414068222,0.9998742938041687,0.6882359385490417,0.5786582231521606,0.02608824335038662,0.656197726726532,0.6021398305892944,0.6568533778190613,-0.022814007475972176,0.573712170124054,0.7311189770698547,0.6371275782585144,0.30442818999290466,0.5905864834785461,0.6495243310928345,0.8445170521736145,0.011837453581392765,0.606266438961029,0.7361763715744019,0.6282027363777161,0.330848753452301,0.606040894985199,0.6664636135101318,0.8549288511276245,0.013681234791874886,0.6399279236793518,0.7520027756690979,0.7245164513587952,0.30361276865005493,0.6067723631858826,0.6415942907333374,0.926002025604248,-0.05674119293689728,0.6686720848083496,173.41260460160933,30.0,164.588264115073,67.8698926648974,-553.0757235697699
68,2.2666666666666666,0.45639458298683167,0.17066918313503265,-0.3026317358016968,0.9633185863494873,0.4664900004863739,0.15438789129257202,-0.3067534267902374,0.9713082313537598,0.47119638323783875,0.15494301915168762,-0.3071247339248657,0.9711322784423828,0.47620341181755066,0.1553850769996643,-0.3070939779281616,0.9783945679664612,0.4596313536167145,0.1520206183195114,-0.2884085476398468,0.9751603603363037,0.45888593792915344,0.15131740272045135,-0.28872984647750854,0.9776521921157837,0.4579165279865265,0.1505497843027115,-0.2888227105140686,0.9837236404418945,0.4929049611091614,0.16140376031398773,-0.28086698055267334,0.9834666848182678,0.4667014181613922,0.1547088772058487,-0.19915160536766052,0.9631315469741821,0.46657684445381165,0.18862706422805786,-0.28735536336898804,0.9666880965232849,0.45804062485694885,0.18747714161872864,-0.2660730183124542,0.9653711318969727,0.5270876288414001,0.24933943152427673,-0.2914411425590515,0.9998122453689575,0.4859762489795685,0.22275643050670624,-0.05912185460329056,0.9991177916526794,0.5936494469642639,0.3075523376464844,-0.311078280210495,0.38972681760787964,0.519804060459137,0.2607329785823822,0.103892020881176,0.15422400832176208,0.6505914330482483,0.37869662046432495,-0.35077139735221863,0.36592552065849304,0.5179054737091064,0.2570703327655792,0.19573639333248138,0.1827174425125122,0.6702888607978821,0.39929506182670593,-0.3822792172431946,0.3776476979255676,0.5290085673332214,0.24355007708072662,0.2428964227437973,0.2073269784450531,0.6648207306861877,0.4118745028972626,-0.38948139548301697,0.3753628432750702,0.516798734664917,0.283173143863678,0.22334066033363342,0.20473559200763702,0.656024158000946,0.4082847237586975,-0.3528791069984436,0.3653564155101776,0.5191221237182617,0.2812783122062683,0.20384131371974945,0.19627797603607178,0.6275509595870972,0.4092073440551758,-0.059156160801649094,0.9998934864997864,0.5830366611480713,0.4389677047729492,0.05914377421140671,0.9998837113380432,0.6840753555297852,0.5812652707099915,0.03750799223780632,0.6852445602416992,0.6047268509864807,0.6569714546203613,-0.002455428708344698,0.6086283922195435,0.7243963479995728,0.631969153881073,0.3462807238101959,0.609893798828125,0.6483161449432373,0.8340752720832825,0.05906292423605919,0.640397846698761,0.7278203368186951,0.6211879849433899,0.3754690885543823,0.5991540551185608,0.6652370691299438,0.8422618508338928,0.06376057118177414,0.6614435911178589,0.7440601587295532,0.7244306206703186,0.34434273838996887,0.6217097043991089,0.6466570496559143,0.9224544763565063,-0.005826848559081554,0.6958454251289368,160.17067290674703,30.0,164.49737494686656,57.48539131235006,1804.8726702965128
69,2.3,0.4946306645870209,0.14853262901306152,-0.3942500054836273,0.9669844508171082,0.5050342082977295,0.133409321308136,-0.3911484479904175,0.9741751551628113,0.509379506111145,0.1348533034324646,-0.39151251316070557,0.9740167856216431,0.513836145401001,0.136172816157341,-0.3914935290813446,0.9805538654327393,0.4957047402858734,0.12974268198013306,-0.37811174988746643,0.9776405096054077,0.49290964007377625,0.1280771642923355,-0.3784009516239166,0.9798827767372131,0.4900999367237091,0.12651582062244415,-0.378494530916214,0.9853476881980896,0.5220335721969604,0.14598332345485687,-0.33133646845817566,0.9851189851760864,0.4907169044017792,0.12986798584461212,-0.2742742598056793,0.9668101668357849,0.49994421005249023,0.168375626206398,-0.3663082718849182,0.970016360282898,0.48965203762054443,0.16379500925540924,-0.3521645963191986,0.9688284993171692,0.547520101070404,0.24030442535877228,-0.3098742365837097,0.9998298287391663,0.48581352829933167,0.20844028890132904,-0.11788792163133621,0.9991908073425293,0.6300066709518433,0.29302603006362915,-0.29684942960739136,0.45050305128097534,0.4817253053188324,0.2250300496816635,0.05919467657804489,0.17430853843688965,0.6958645582199097,0.3688497543334961,-0.3182969093322754,0.42881855368614197,0.45539596676826477,0.22905215620994568,0.21374884247779846,0.21542169153690338,0.7197574377059937,0.382241815328598,-0.34456557035446167,0.43836089968681335,0.442650705575943,0.22055475413799286,0.2347358614206314,0.22937403619289398,0.7173849940299988,0.4075995981693268,-0.36105433106422424,0.43634361028671265,0.44193023443222046,0.231801375746727,0.21047765016555786,0.2295527309179306,0.7067963480949402,0.4045500159263611,-0.32380539178848267,0.4265151917934418,0.4489347040653229,0.23699958622455597,0.20751352608203888,0.22091102600097656,0.6254870295524597,0.4096218943595886,-0.05247008427977562,0.9999023079872131,0.5781049728393555,0.43796131014823914,0.05245044082403183,0.9998931288719177,0.65618497133255,0.600635290145874,-0.023107554763555527,0.7144417762756348,0.6145465970039368,0.6526653170585632,-0.018159449100494385,0.6455368399620056,0.6704311966896057,0.6322169303894043,0.34316837787628174,0.5985575914382935,0.6450051069259644,0.8240658640861511,0.057857729494571686,0.672095000743866,0.6673157811164856,0.6232329607009888,0.38152915239334106,0.5734272003173828,0.6543167233467102,0.8287918567657471,0.06578047573566437,0.6783185005187988,0.6681709289550781,0.7225419282913208,0.3714205026626587,0.6092079877853394,0.6514256000518799,0.9156711101531982,-0.006199372932314873,0.7201091051101685,170.81117440647836,30.0,168.42062353589634,188.19473735133158,929.8197916427057
70,2.3333333333333335,0.5266022682189941,0.13512107729911804,-0.4591243863105774,0.9702857136726379,0.5368080139160156,0.1167503297328949,-0.4589782953262329,0.9767573475837708,0.5418158769607544,0.1186259537935257,-0.45935332775115967,0.9766148328781128,0.5462000966072083,0.12037158757448196,-0.45935651659965515,0.982498288154602,0.5249308347702026,0.11246928572654724,-0.44378402829170227,0.9798759818077087,0.5212782025337219,0.11160775274038315,-0.4440571963787079,0.9818940162658691,0.5172004103660583,0.11059518158435822,-0.44414323568344116,0.9868124723434448,0.5485477447509766,0.12798677384853363,-0.40721505880355835,0.9866069555282593,0.5105912089347839,0.11130635440349579,-0.3402314782142639,0.9701284766197205,0.5307965278625488,0.15444040298461914,-0.43367186188697815,0.9730144143104553,0.5176588296890259,0.15026257932186127,-0.4164469540119171,0.9719451069831848,0.5745393633842468,0.2208128571510315,-0.38541850447654724,0.9998461604118347,0.4859332740306854,0.20500752329826355,-0.17757566273212433,0.9992695450782776,0.6608833074569702,0.271066278219223,-0.41819921135902405,0.5053592324256897,0.44320356845855713,0.21264022588729858,-0.0020128495525568724,0.23689773678779602,0.7396095395088196,0.3426912724971771,-0.4752817153930664,0.4857875406742096,0.3869490921497345,0.20734943449497223,0.1662510186433792,0.2920152544975281,0.7665432691574097,0.35353854298591614,-0.5067575573921204,0.4940604269504547,0.3669488728046417,0.2011682093143463,0.1861463338136673,0.3029932379722595,0.7648924589157104,0.371526837348938,-0.5243604779243469,0.4922638237476349,0.36491507291793823,0.20004619657993317,0.16254636645317078,0.30359119176864624,0.7537054419517517,0.3743269145488739,-0.4836260676383972,0.48315149545669556,0.3728788197040558,0.20398898422718048,0.1581255942583084,0.2952585518360138,0.624809980392456,0.4140137732028961,-0.05320831760764122,0.9999054074287415,0.578165590763092,0.43650463223457336,0.05316519737243652,0.9999003410339355,0.6270263195037842,0.6156774163246155,-0.03201571851968765,0.7393133640289307,0.6131138205528259,0.644692599773407,0.010268082842230797,0.6771842837333679,0.6034017205238342,0.6368607878684998,0.3412958085536957,0.570232629776001,0.6359780430793762,0.8230900764465332,0.13888755440711975,0.6930866837501526,0.5937320590019226,0.6236620545387268,0.38166511058807373,0.5624333620071411,0.6355416774749756,0.8332273960113525,0.15218116343021393,0.6901386380195618,0.5870269536972046,0.7167052626609802,0.3928525149822235,0.5936275720596313,0.6493927836418152,0.9124085307121277,0.09666241705417633,0.7350457906723022,173.6653922867098,30.0,177.04369077028866,119.47337742186377,-5331.777367640069
71,2.3666666666666667,0.5613516569137573,0.12775781750679016,-0.44589653611183167,0.9732505083084106,0.5667463541030884,0.1078120693564415,-0.435810387134552,0.9790703058242798,0.5699476599693298,0.10951381921768188,-0.4361781179904938,0.9789435863494873,0.5730304718017578,0.11122804135084152,-0.4361688494682312,0.9842421412467957,0.5548075437545776,0.10243402421474457,-0.44842833280563354,0.9818731546401978,0.5495741367340088,0.1009974405169487,-0.44876760244369507,0.9836909174919128,0.5446288585662842,0.10005097091197968,-0.4489489197731018,0.9881160855293274,0.5689043402671814,0.11749541014432907,-0.3358997702598572,0.987941563129425,0.534187376499176,0.10234608501195908,-0.39615413546562195,0.97308349609375,0.5615222454071045,0.14716677367687225,-0.40095314383506775,0.9757006168365479,0.549191415309906,0.1426973193883896,-0.42071962356567383,0.9747314453125,0.5954016447067261,0.20801226794719696,-0.2851090729236603,0.9998570680618286,0.48634859919548035,0.20519717037677765,-0.2993171811103821,0.9993187785148621,0.6769465208053589,0.24753665924072266,-0.26350486278533936,0.5532512664794922,0.41595935821533203,0.2102343887090683,-0.3242993652820587,0.31015151739120483,0.7651717662811279,0.30600282549858093,-0.3670257329940796,0.5358654260635376,0.33895695209503174,0.2048204392194748,-0.356855571269989,0.3610219955444336,0.7894441485404968,0.3104875087738037,-0.3940441310405731,0.5408257246017456,0.3167559504508972,0.1994801014661789,-0.37901097536087036,0.36793196201324463,0.7902700304985046,0.32112979888916016,-0.4132498800754547,0.5398518443107605,0.31330353021621704,0.19977474212646484,-0.3951908051967621,0.3692331910133362,0.7802237272262573,0.32545801997184753,-0.37561649084091187,0.5314494371414185,0.32133787870407104,0.20199955999851227,-0.36784523725509644,0.3610279858112335,0.6127826571464539,0.4221476912498474,0.015910545364022255,0.9999035596847534,0.5770891904830933,0.4462663233280182,-0.016343863680958748,0.9999010562896729,0.6197702884674072,0.5807479023933411,0.09861236065626144,0.7377306222915649,0.6198743581771851,0.6433346271514893,-0.0015523097245022655,0.7069709897041321,0.524919331073761,0.585732638835907,0.2796080708503723,0.5908398628234863,0.618590235710144,0.8257153034210205,0.1362536996603012,0.7216176986694336,0.5100440382957458,0.5829824209213257,0.34888914227485657,0.5814131498336792,0.6077951788902283,0.8384829759597778,0.14937816560268402,0.7077474594116211,0.5140261054039001,0.6505188345909119,0.19427041709423065,0.6220951676368713,0.6479853391647339,0.9021152257919312,0.04780074581503868,0.7577911615371704,171.71754219042256,30.0,176.3855153640206,-167.25708715800636,-5628.608395098164
72,2.4,0.5919291377067566,0.11355215311050415,-0.4227506220340729,0.9759253859519958,0.591179609298706,0.0928557962179184,-0.4098973572254181,0.9811632037162781,0.591589629650116,0.0927845686674118,-0.4102773666381836,0.9810491800308228,0.5922625064849854,0.09276968985795975,-0.4102768003940582,0.9858179092407227,0.5854544043540955,0.09178611636161804,-0.4347027838230133,0.9836857318878174,0.580795407295227,0.09106331318616867,-0.43501895666122437,0.9853217601776123,0.5754095315933228,0.08954977244138718,-0.43517735600471497,0.9893043637275696,0.5741448998451233,0.09952069818973541,-0.30064857006073,0.9891473650932312,0.55546635389328,0.09311885386705399,-0.41461342573165894,0.9757749438285828,0.5877677798271179,0.1326136738061905,-0.3735112249851227,0.9781304597854614,0.5817457437515259,0.13071441650390625,-0.4090352952480316,0.977258026599884,0.6004149317741394,0.19242019951343536,-0.18793344497680664,0.9998710751533508,0.49272671341896057,0.2055448740720749,-0.344917893409729,0.999382495880127,0.6795816421508789,0.22279590368270874,-0.09941718727350235,0.5970564484596252,0.411353200674057,0.21111933887004852,-0.4430304765701294,0.378858357667923,0.754360556602478,0.2589179575443268,-0.11312437057495117,0.5821170806884766,0.3251473307609558,0.20514273643493652,-0.5443861484527588,0.4245910346508026,0.7745816707611084,0.25935229659080505,-0.10924695432186127,0.5862731337547302,0.29959389567375183,0.20247693359851837,-0.5764026045799255,0.4302733540534973,0.7757529020309448,0.2629181146621704,-0.15082748234272003,0.5854884386062622,0.29594117403030396,0.20249910652637482,-0.5847036242485046,0.4315955936908722,0.7684646844863892,0.2703721821308136,-0.13083574175834656,0.5779263377189636,0.304562509059906,0.20414593815803528,-0.5541494488716125,0.42401057481765747,0.5982931852340698,0.42435604333877563,0.05916505306959152,0.9999088048934937,0.5773629546165466,0.45324093103408813,-0.0595066212117672,0.9999067783355713,0.5894634127616882,0.5668537020683289,0.19956250488758087,0.7571851015090942,0.6235714554786682,0.6433110237121582,-0.04980430752038956,0.7362114191055298,0.47384408116340637,0.5836144685745239,0.28956490755081177,0.6291082501411438,0.5999870896339417,0.8214936852455139,0.06761199980974197,0.7493805885314941,0.4566723108291626,0.5683932900428772,0.30148619413375854,0.6209807991981506,0.5820115208625793,0.8418982028961182,0.06872043013572693,0.7363700270652771,0.4473210275173187,0.6463679075241089,0.21214519441127777,0.6590138673782349,0.6393956542015076,0.9001893997192383,-0.03272634372115135,0.781902551651001,174.87464579563166,30.0,165.89321829308824,-255.76718225134712,-915.674407862035
73,2.433333333333333,0.6070390939712524,0.10437068343162537,-0.3422354757785797,0.9783324599266052,0.6024553179740906,0.08438857644796371,-0.3431239426136017,0.9830464124679565,0.6014565825462341,0.0838027223944664,-0.3434138894081116,0.9829438924789429,0.6004640460014343,0.08319175988435745,-0.34333476424217224,0.9872359037399292,0.599740743637085,0.08395937830209732,-0.35535576939582825,0.9853167533874512,0.5970537066459656,0.08351968228816986,-0.35567381978034973,0.9867892265319824,0.593159019947052,0.08307649940252304,-0.35586732625961304,0.9903734922409058,0.5814011693000793,0.08801652491092682,-0.23402608931064606,0.9902325868606567,0.573974609375,0.08741667121648788,-0.3762465715408325,0.9781965017318726,0.602382481098175,0.12043164670467377,-0.32881632447242737,0.9803171157836914,0.598617434501648,0.12122038751840591,-0.33618593215942383,0.9795314073562622,0.5823613405227661,0.17149721086025238,-0.11578614264726639,0.9998838305473328,0.5098500847816467,0.20612944662570953,-0.3335687816143036,0.9994414448738098,0.6503631472587585,0.19643177092075348,0.11170711368322372,0.6199226379394531,0.43543022871017456,0.21901267766952515,-0.4433378279209137,0.4391491115093231,0.7156798839569092,0.21256549656391144,0.2831822335720062,0.6184434294700623,0.36365097761154175,0.21476732194423676,-0.543725848197937,0.47821182012557983,0.7346091866493225,0.21085160970687866,0.3234955668449402,0.6150481104850769,0.3416118323802948,0.21699638664722443,-0.5728357434272766,0.47895875573158264,0.7331758141517639,0.20979063212871552,0.2836097776889801,0.6160147190093994,0.33792856335639954,0.21673549711704254,-0.5784654021263123,0.480878084897995,0.7257852554321289,0.2145012766122818,0.27180320024490356,0.6105310320854187,0.34696972370147705,0.2161160707473755,-0.5517391562461853,0.4719129204750061,0.5781204104423523,0.4232810437679291,0.0737760066986084,0.9999150037765503,0.5683054327964783,0.4543093144893646,-0.07397004216909409,0.9999136328697205,0.5368440747261047,0.5787315964698792,0.2827759385108948,0.7457057237625122,0.6213058829307556,0.6399361491203308,-0.0707717090845108,0.7619168758392334,0.42936256527900696,0.591722846031189,0.41717687249183655,0.651918888092041,0.5788517594337463,0.8199273943901062,0.00046737462980672717,0.7741727232933044,0.4090518057346344,0.5758697390556335,0.42693567276000977,0.6527523994445801,0.5602685809135437,0.8436571955680847,0.0047996495850384235,0.7613856196403503,0.39012232422828674,0.6541518568992615,0.3767288327217102,0.6887698173522949,0.6207709908485413,0.9014235138893127,-0.10625770688056946,0.8033881187438965,172.34681608060393,30.0,159.33436988059745,-228.30204768214202,515.0579036849898
74,2.466666666666667,0.611928403377533,0.08356212079524994,-0.05618676915764809,0.9804940819740295,0.6046361923217773,0.06639569252729416,-0.046062640845775604,0.9847372770309448,0.6028923392295837,0.06545329093933105,-0.0463910773396492,0.9846447706222534,0.6008893251419067,0.0647381916642189,-0.0464983768761158,0.9885100722312927,0.6040363907814026,0.06688011437654495,-0.08348321914672852,0.986782968044281,0.6022754311561584,0.06630516052246094,-0.08371485769748688,0.9881082773208618,0.600117027759552,0.06609586626291275,-0.08383897691965103,0.9913343787193298,0.5826006531715393,0.07365424185991287,0.010536706075072289,0.9912083745002747,0.5831843614578247,0.07562345266342163,-0.16797727346420288,0.9803717136383057,0.6069141030311584,0.10446552187204361,-0.031089115887880325,0.9822825193405151,0.6065381765365601,0.10462286323308945,-0.08220461010932922,0.9815735816955566,0.575434684753418,0.17767609655857086,0.07775382697582245,0.9998949766159058,0.5332351326942444,0.2060389369726181,-0.21238647401332855,0.9994944334030151,0.5857123732566833,0.18786950409412384,0.2932026982307434,0.5588847994804382,0.4888005554676056,0.22817786037921906,-0.4052126109600067,0.454894483089447,0.6233055591583252,0.17796780169010162,0.5061416625976562,0.5614902377128601,0.43602147698402405,0.22810259461402893,-0.5721384286880493,0.4728374183177948,0.6306033730506897,0.17064476013183594,0.5535938739776611,0.559306263923645,0.40764379501342773,0.22935660183429718,-0.6079946160316467,0.47539782524108887,0.6320608854293823,0.17030560970306396,0.527737557888031,0.5606607794761658,0.4083220362663269,0.22722387313842773,-0.6039162874221802,0.47797051072120667,0.6297167539596558,0.17493951320648193,0.5016457438468933,0.555841863155365,0.4223862290382385,0.22746610641479492,-0.5771952271461487,0.4622702896595001,0.5523613691329956,0.42397940158843994,0.08677259832620621,0.9999220967292786,0.5656077265739441,0.45135241746902466,-0.08688583970069885,0.999921441078186,0.5108795166015625,0.589567244052887,0.19548900425434113,0.6780276298522949,0.6175384521484375,0.6327216029167175,-0.1285768747329712,0.7797142863273621,0.4058135449886322,0.5972206592559814,0.24330435693264008,0.6060199737548828,0.5538066625595093,0.8207560777664185,-0.2090998739004135,0.7953080534934998,0.3893923759460449,0.5829834342002869,0.2395961731672287,0.6469712257385254,0.5332232713699341,0.8452284932136536,-0.2180057018995285,0.7810697555541992,0.3589095175266266,0.6636485457420349,0.21905630826950073,0.6808703541755676,0.5993021130561829,0.9013646841049194,-0.3071974813938141,0.8215546607971191,172.1348314551675,30.0,150.67308178094544,-221.4299886723478,2261.367637257493
75,2.5,0.5960299372673035,0.07903087139129639,0.02559540420770645,0.9823966026306152,0.5872124433517456,0.06512733548879623,0.03354411944746971,0.9862228035926819,0.584820032119751,0.06472568958997726,0.033319178968667984,0.9861360788345337,0.5828333497047424,0.06425782293081284,0.03326720371842384,0.9896325469017029,0.5884627103805542,0.0655943974852562,0.001242453115992248,0.9880889058113098,0.587432861328125,0.06560873240232468,0.0009615016751922667,0.9892847537994385,0.5865036845207214,0.06546827405691147,0.0008267060620710254,0.9921911954879761,0.5724491477012634,0.07307740300893784,0.07359067350625992,0.9920772910118103,0.5761974453926086,0.07467975467443466,-0.07467519491910934,0.982313871383667,0.5907925963401794,0.09905672073364258,0.04579634591937065,0.9840276837348938,0.5916412472724915,0.09938382357358932,0.001706529757939279,0.9833904504776001,0.5241910815238953,0.16141140460968018,0.13525870442390442,0.9999017119407654,0.5454790592193604,0.18638232350349426,-0.1316726952791214,0.9995392560958862,0.5239443778991699,0.18382400274276733,0.2879696786403656,0.5040961503982544,0.5414310097694397,0.3104870617389679,-0.290815532207489,0.49693024158477783,0.5427129864692688,0.1571711152791977,0.41354939341545105,0.5070654153823853,0.5639775991439819,0.2435385286808014,-0.39306142926216125,0.4945710599422455,0.5403637290000916,0.1414111852645874,0.44252675771713257,0.5065447688102722,0.5759907364845276,0.23518404364585876,-0.4231475591659546,0.49463212490081787,0.542801558971405,0.13795295357704163,0.4275519549846649,0.5075916051864624,0.561457633972168,0.22812262177467346,-0.40408602356910706,0.4934823513031006,0.5442140102386475,0.14839515089988708,0.4111173748970032,0.5032723546028137,0.5616687536239624,0.2288323938846588,-0.3877100944519043,0.46475252509117126,0.5369781255722046,0.43253180384635925,0.08015138655900955,0.9999286532402039,0.5401160717010498,0.45505720376968384,-0.08038953691720963,0.9999286532402039,0.4903181195259094,0.5893171429634094,0.05750849097967148,0.6812087893486023,0.5956504344940186,0.627970814704895,-0.14407466351985931,0.8000516295433044,0.3972001373767853,0.6271402835845947,0.02940388396382332,0.6301167607307434,0.5338714718818665,0.821315348148346,-0.18264882266521454,0.8154579401016235,0.3780974745750427,0.6171002388000488,0.02506110817193985,0.6735473275184631,0.5119990706443787,0.845480740070343,-0.18616022169589996,0.801882266998291,0.3472256064414978,0.6953620910644531,-0.01429262850433588,0.7048824429512024,0.5755340456962585,0.8951787948608398,-0.25640395283699036,0.8388071656227112,108.288195403072,30.0,144.57237063577426,-77.54420519830916,3701.5989029551456
76,2.533333333333333,0.5892361402511597,0.0705336332321167,0.07062462717294693,0.9841142892837524,0.5717766880989075,0.05761684849858284,0.05571117624640465,0.9875746965408325,0.5583980083465576,0.05919356271624565,0.05551871284842491,0.9874885678291321,0.5496670603752136,0.06055261194705963,0.05547787994146347,0.99065101146698,0.5650523900985718,0.054554130882024765,0.04223020747303963,0.9892653226852417,0.5622003078460693,0.05405575782060623,0.04199785366654396,0.9903411269187927,0.5612213611602783,0.05359133705496788,0.041872598230838776,0.9929620027542114,0.5427113175392151,0.0705089271068573,0.007558505050837994,0.9928557872772217,0.5621084570884705,0.06430888175964355,-0.05701319873332977,0.9840556979179382,0.5711765885353088,0.08963917940855026,0.06026344746351242,0.9855778813362122,0.566569447517395,0.08810257911682129,0.04026370868086815,0.9849891066551208,0.5025120377540588,0.15390118956565857,0.020794685930013657,0.9999087452888489,0.5879549384117126,0.18649005889892578,-0.12908560037612915,0.999575674533844,0.4522121250629425,0.13691571354866028,0.12486573308706284,0.5439524054527283,0.6444494724273682,0.28089603781700134,-0.24517479538917542,0.5291855931282043,0.398345947265625,0.11760230362415314,0.25748592615127563,0.5367070436477661,0.7064942121505737,0.23992355167865753,-0.3253075182437897,0.5095412731170654,0.3792048692703247,0.12420449405908585,0.2739793062210083,0.5327352285385132,0.7286866307258606,0.24551419913768768,-0.3008595407009125,0.5040369629859924,0.37846237421035767,0.12658751010894775,0.2691900432109833,0.5322465300559998,0.7290984392166138,0.23706766963005066,-0.3371008038520813,0.5020425319671631,0.3863091468811035,0.1278897076845169,0.26148125529289246,0.5178160667419434,0.7210643887519836,0.2348172813653946,-0.2679111063480377,0.45484659075737,0.5080082416534424,0.4395774304866791,0.06752033531665802,0.9999313950538635,0.5391009449958801,0.45377859473228455,-0.06770314276218414,0.9999322891235352,0.44418632984161377,0.5584254264831543,0.29372638463974,0.626658022403717,0.5482960939407349,0.6278497576713562,-0.15579594671726227,0.8181867003440857,0.4019182324409485,0.6766146421432495,0.4054039716720581,0.6072980761528015,0.5056886076927185,0.8225553631782532,-0.23695319890975952,0.8313794136047363,0.39826732873916626,0.7004034519195557,0.41460445523262024,0.6690831780433655,0.48923975229263306,0.8587695956230164,-0.24494104087352753,0.8161766529083252,0.3760875463485718,0.7532485723495483,0.4068090319633484,0.6586182117462158,0.5367476344108582,0.8935909271240234,-0.31959179043769836,0.8474311828613281,120.75151314742749,30.0,145.50346810105816,25.3432715246619,1976.2688739535677
77,2.5666666666666664,0.5224689841270447,0.07188347727060318,-0.14689324796199799,0.985702633857727,0.5194752812385559,0.05472090095281601,-0.16170147061347961,0.9888160228729248,0.5164576172828674,0.05558653548359871,-0.16185103356838226,0.9887389540672302,0.5140010714530945,0.05622357130050659,-0.16189032793045044,0.9915851354598999,0.5251759886741638,0.05090133845806122,-0.12075845152139664,0.9903379082679749,0.528042733669281,0.049400512129068375,-0.12103315442800522,0.991306483745575,0.5308959484100342,0.047917719930410385,-0.1210857555270195,0.9936650395393372,0.5187671184539795,0.06361077725887299,-0.17627878487110138,0.9935699701309204,0.5449796915054321,0.05424324423074722,-0.1317201554775238,0.9856491684913635,0.5236231684684753,0.08827417343854904,-0.153978168964386,0.9870195984840393,0.5264230370521545,0.08607934415340424,-0.1008756011724472,0.9864891767501831,0.5836696028709412,0.17010709643363953,-0.17582155764102936,0.9999176263809204,0.4934138059616089,0.15556679666042328,-0.08706900477409363,0.9996172785758972,0.6604175567626953,0.15699037909507751,-0.214959517121315,0.5890108942985535,0.4166279733181,0.1456722915172577,-0.14583607017993927,0.5737438797950745,0.7426365613937378,0.1808338314294815,-0.2595004737377167,0.5813083052635193,0.3417354226112366,0.1365271806716919,-0.2676386535167694,0.5569005012512207,0.767742395401001,0.1735251396894455,-0.2704329490661621,0.5766412019729614,0.3185804784297943,0.15028151869773865,-0.279968798160553,0.5513297319412231,0.7709415555000305,0.18774227797985077,-0.3032749593257904,0.5768759846687317,0.3168746531009674,0.1463436335325241,-0.30693233013153076,0.5497820973396301,0.762722373008728,0.19358620047569275,-0.27532386779785156,0.564238429069519,0.3250482380390167,0.14548851549625397,-0.2764708697795868,0.5077642202377319,0.5211594700813293,0.4366404712200165,-0.030434992164373398,0.9999364614486694,0.5131832957267761,0.4444330632686615,0.030033452436327934,0.9999374747276306,0.41195085644721985,0.5430710315704346,-0.07598339021205902,0.6563409566879272,0.5146465301513672,0.6287028789520264,0.07576795667409897,0.8266173601150513,0.43111732602119446,0.6992616057395935,0.0029475805349648,0.6402304768562317,0.4887152314186096,0.8262606859207153,0.09630203247070312,0.8455109596252441,0.4505477547645569,0.7285260558128357,0.005919723771512508,0.6948607563972473,0.4816097915172577,0.8586497902870178,0.09409991651773453,0.8288657069206238,0.4046218693256378,0.7976619601249695,-0.06327307969331741,0.6899775266647339,0.48819252848625183,0.9003735184669495,0.011576932854950428,0.8605065941810608,158.97479281894894,30.0,146.26192207075172,54.207053065262016,1829.82716612345
78,2.6,0.488188236951828,0.0820014476776123,-0.11894392967224121,0.9870769381523132,0.49113041162490845,0.06514370441436768,-0.1508178561925888,0.989901065826416,0.491912841796875,0.06545673310756683,-0.1510077267885208,0.9898030757904053,0.492559015750885,0.06569352000951767,-0.15103672444820404,0.9923928380012512,0.492902010679245,0.06259101629257202,-0.12527874112129211,0.9912756681442261,0.4952884018421173,0.06113336980342865,-0.12558171153068542,0.9921388030052185,0.4978986978530884,0.059297047555446625,-0.12573978304862976,0.9942793846130371,0.507383406162262,0.06898600608110428,-0.22819247841835022,0.9941350817680359,0.5195353031158447,0.058942653238773346,-0.13273297250270844,0.9870091676712036,0.49519461393356323,0.10017888993024826,-0.1414433866739273,0.9880411028862,0.4963933527469635,0.09754813462495804,-0.10859330743551254,0.9874585866928101,0.4876260459423065,0.16354289650917053,-0.25930318236351013,0.9998792409896851,0.583430290222168,0.16491670906543732,-0.10559642314910889,0.9996383190155029,0.3948664963245392,0.1522224098443985,-0.33257925510406494,0.5601526498794556,0.6663419008255005,0.17857320606708527,-0.12169381231069565,0.5229235887527466,0.31553930044174194,0.13637325167655945,-0.3211567997932434,0.5360973477363586,0.7446921467781067,0.16038085520267487,-0.12372839450836182,0.5135205388069153,0.2928124666213989,0.15348884463310242,-0.35174301266670227,0.5360298156738281,0.7710756063461304,0.17778445780277252,-0.14352254569530487,0.514572024345398,0.29097989201545715,0.1509155035018921,-0.3379899263381958,0.5377674698829651,0.7735582590103149,0.1590004414319992,-0.1394338458776474,0.5131039023399353,0.3005485236644745,0.14779141545295715,-0.3134399950504303,0.5171949863433838,0.763113260269165,0.15125659108161926,-0.12195675075054169,0.46613383293151855,0.4883727431297302,0.4351910650730133,-0.06847734749317169,0.999916672706604,0.5277318954467773,0.451826810836792,0.06799378246068954,0.9999302625656128,0.3821447193622589,0.5449445843696594,-0.13655157387256622,0.59086674451828,0.4828838109970093,0.6270076036453247,0.07388413697481155,0.7440412640571594,0.44990968704223633,0.70192950963974,-0.17027296125888824,0.5766663551330566,0.4657346308231354,0.8391269445419312,0.012491452507674694,0.7615514397621155,0.4676247537136078,0.7138184905052185,-0.17391370236873627,0.6281720399856567,0.463180810213089,0.8709172010421753,0.006285062991082668,0.7482584714889526,0.4317023456096649,0.8074202537536621,-0.19073478877544403,0.6219370365142822,0.4422740936279297,0.8978917002677917,-0.034675080329179764,0.7753903269767761,155.8302015251078,30.0,149.1172716387423,147.33174926622524,2946.488915905259
79,2.6333333333333333,,,,,,,,,,,,,,,,,,,,,,,,,,,,,,,,,,,,,,,,,,,,,,,,,,,,,,,,,,,,,,,,,,,,,,,,,,,,,,,,,,,,,,,,,,,,,,,,,,,,,,,,,,,,,,,,,,,,,,,,,,,,,,,,,,,,,,30.0,156.08403868850007,250.63964745894594,-342.56739738482906
80,2.6666666666666665,0.4721158444881439,0.12633901834487915,0.024103617295622826,0.9883689880371094,0.4785183072090149,0.11056351661682129,0.010713041760027409,0.9909107089042664,0.4812515079975128,0.11090239882469177,0.010621587745845318,0.9908223748207092,0.484154611825943,0.11169418692588806,0.010654094628989697,0.9931532740592957,0.4753776490688324,0.10863664746284485,0.04042547941207886,0.9921478629112244,0.475380539894104,0.1072586178779602,0.040210407227277756,0.9929245710372925,0.475166380405426,0.1055707335472107,0.04018600285053253,0.9948511719703674,0.4982287585735321,0.11563259363174438,-0.007381090894341469,0.9947212338447571,0.4881123900413513,0.10559409856796265,0.12661214172840118,0.988307774066925,0.47663572430610657,0.13985145092010498,0.023294972255825996,0.9892339110374451,0.4732070565223694,0.1382077932357788,0.05988462269306183,0.9887077808380127,0.4773564338684082,0.1876509189605713,-0.0846826359629631,0.9998857975006104,0.5351666808128357,0.16584515571594238,0.22278013825416565,0.9996621012687683,0.4262666404247284,0.19192558526992798,-0.27896472811698914,0.6034766435623169,0.5763588547706604,0.16965839266777039,0.4027894139289856,0.47884491086006165,0.36793309450149536,0.1816653609275818,-0.3848300278186798,0.5817809700965881,0.6168715357780457,0.16918420791625977,0.5869790315628052,0.5122412443161011,0.3530741035938263,0.20359215140342712,-0.4195921719074249,0.5817196369171143,0.6257736086845398,0.17140039801597595,0.6141095757484436,0.5234280228614807,0.35178765654563904,0.20161429047584534,-0.4095675051212311,0.5833665728569031,0.6210389733314514,0.17185166478157043,0.6089468598365784,0.5197550654411316,0.3575533330440521,0.1964934766292572,-0.3814343512058258,0.5640561580657959,0.6176815032958984,0.17314809560775757,0.5880361199378967,0.46860793232917786,0.5026423335075378,0.4516986310482025,-0.1035957857966423,0.9999236464500427,0.5109316110610962,0.458459734916687,0.10325713455677032,0.9999364018440247,0.3866466283798218,0.5478516221046448,-0.139771968126297,0.6263482570648193,0.43286141753196716,0.6357924938201904,0.03063538298010826,0.7420694231987,0.4777904748916626,0.7099006175994873,-0.09119237214326859,0.6116390824317932,0.43310660123825073,0.8736051321029663,-0.026862816885113716,0.7751185894012451,0.5032550692558289,0.7179114818572998,-0.08545034378767014,0.6556410789489746,0.4462582767009735,0.9243676662445068,-0.034545909613370895,0.7609379291534424,0.46636953949928284,0.8138397336006165,-0.07834546267986298,0.654880940914154,0.37559401988983154,0.9270288348197937,-0.06058994308114052,0.7905890941619873,178.58727921210544,30.0,165.8265814693387,124.49392277390331,-4522.611006455105
81,2.7,0.48137369751930237,0.133687362074852,-0.03857732564210892,0.9894922971725464,0.49004489183425903,0.11681695282459259,-0.03282647579908371,0.9917718172073364,0.4933934211730957,0.11819746345281601,-0.032985132187604904,0.99168860912323,0.496841162443161,0.12018720805644989,-0.03299844264984131,0.9937961101531982,0.48315611481666565,0.11341160535812378,-0.01586739532649517,0.9928832054138184,0.48141178488731384,0.11157692968845367,-0.01615152694284916,0.9935716986656189,0.4795542359352112,0.10935647785663605,-0.01625148579478264,0.9953099489212036,0.5037183165550232,0.1267876923084259,0.01636088825762272,0.9952094554901123,0.4867601990699768,0.10797081142663956,0.10006079822778702,0.9893028736114502,0.4859744608402252,0.15227818489074707,-0.012367302551865578,0.9901261329650879,0.4768563508987427,0.14626547694206238,0.006659544538706541,0.9895393252372742,0.489814817905426,0.20643605291843414,-0.030650561675429344,0.9998893141746521,0.4982307553291321,0.17850197851657867,0.2303880751132965,0.9996232390403748,0.4914934039115906,0.32723674178123474,-0.18726971745491028,0.631770670413971,0.505253255367279,0.27397242188453674,0.29829496145248413,0.43106335401535034,0.4561120271682739,0.23168958723545074,-0.30852076411247253,0.592106819152832,0.5061432719230652,0.3360348641872406,0.3026227653026581,0.4611785411834717,0.44663891196250916,0.22922641038894653,-0.3429664671421051,0.5893320441246033,0.505597710609436,0.347647488117218,0.3123319447040558,0.47146111726760864,0.44727227091789246,0.21896971762180328,-0.3241141438484192,0.5884937644004822,0.4963027834892273,0.34370502829551697,0.2980049252510071,0.46812963485717773,0.4495733976364136,0.22193525731563568,-0.30113014578819275,0.554602861404419,0.4965936541557312,0.3391185700893402,0.2955576479434967,0.4221101403236389,0.5030124187469482,0.45892590284347534,-0.09565537422895432,0.9999288320541382,0.4945288598537445,0.4584832787513733,0.09534983336925507,0.999939501285553,0.40728628635406494,0.5489235520362854,-0.21490952372550964,0.6608397960662842,0.4203718602657318,0.6399934887886047,-0.027643626555800438,0.7434766888618469,0.47810545563697815,0.7087633013725281,-0.16875724494457245,0.6445240378379822,0.4162103831768036,0.8738781809806824,-0.08454778045415878,0.7939285635948181,0.501867413520813,0.7180911302566528,-0.16632136702537537,0.6701884269714355,0.4313434958457947,0.9250185489654541,-0.09489040076732635,0.7748856544494629,0.46633175015449524,0.8201888203620911,-0.21368497610092163,0.6837889552116394,0.360519140958786,0.9415602087974548,-0.16968539357185364,0.8061876893043518,148.4818175287699,30.0,164.38363354009363,-50.867752971394395,-2168.282521617857
82,2.7333333333333334,0.5146024227142334,0.18054744601249695,-0.187421977519989,0.990543007850647,0.5214412212371826,0.16502206027507782,-0.17024914920330048,0.9925945401191711,0.5235398411750793,0.16555064916610718,-0.1704438030719757,0.9925196766853333,0.5260278582572937,0.1667497158050537,-0.1704111099243164,0.9944164156913757,0.5136947631835938,0.15937058627605438,-0.17286866903305054,0.9935948252677917,0.5104308724403381,0.15515415370464325,-0.17310920357704163,0.9942144751548767,0.5064412951469421,0.15063168108463287,-0.17309598624706268,0.9957789182662964,0.5190978646278381,0.1623435765504837,-0.05577480420470238,0.9956884980201721,0.49323636293411255,0.1356263905763626,-0.06862257421016693,0.9903724789619446,0.5115749835968018,0.1948467493057251,-0.1404636800289154,0.9911133646965027,0.5030936598777771,0.1860799491405487,-0.14602477848529816,0.990585207939148,0.5193339586257935,0.24117976427078247,-0.04480576142668724,0.9998996257781982,0.44650518894195557,0.1776251643896103,0.05325185880064964,0.9996599555015564,0.5369700193405151,0.2729337215423584,-0.20508401095867157,0.6640101075172424,0.40682774782180786,0.20759283006191254,0.18382935225963593,0.4828609228134155,0.5711826086044312,0.2706569731235504,-0.4431239366531372,0.631851851940155,0.353892058134079,0.18319551646709442,0.31704285740852356,0.514069676399231,0.5799404978752136,0.2825665771961212,-0.48679205775260925,0.6294187903404236,0.33759498596191406,0.18342584371566772,0.338550865650177,0.5229062438011169,0.5755243301391602,0.27759063243865967,-0.5057928562164307,0.628826379776001,0.3374684154987335,0.18856973946094513,0.3163849711418152,0.5199625492095947,0.5700892806053162,0.27489566802978516,-0.45810842514038086,0.5980242490768433,0.3443134129047394,0.19331000745296478,0.31038424372673035,0.47830861806869507,0.5014482140541077,0.46319007873535156,-0.039934124797582626,0.9999344944953918,0.44689732789993286,0.4627542197704315,0.039688169956207275,0.9999445080757141,0.472282350063324,0.5527839660644531,-0.2866283655166626,0.6947076320648193,0.4028583765029907,0.6814717650413513,-0.0708499327301979,0.7690315246582031,0.4782154858112335,0.7284858226776123,-0.17044775187969208,0.6794249415397644,0.3894323408603668,0.881165087223053,-0.07556318491697311,0.8144386410713196,0.4819459915161133,0.7369948625564575,-0.1614098697900772,0.7000351548194885,0.4006999731063843,0.9254735112190247,-0.0810190960764885,0.7963578701019287,0.4719117283821106,0.8271303772926331,-0.22891765832901,0.7148575782775879,0.3604412078857422,0.962751030921936,-0.1796928197145462,0.8253671526908875,157.45244212429353,30.0,162.4353979379124,-20.058245333953835,1150.0969336560083
83,2.7666666666666666,0.5181822180747986,0.1911502331495285,-0.14185293018817902,0.991488516330719,0.525439977645874,0.17472681403160095,-0.1265624314546585,0.9933347702026367,0.5273752212524414,0.17506618797779083,-0.1267387717962265,0.9932673573493958,0.5292177200317383,0.175693541765213,-0.12669754028320312,0.9949744343757629,0.5182040929794312,0.17018736898899078,-0.12986275553703308,0.994235098361969,0.5144813656806946,0.16607753932476044,-0.1301065981388092,0.9947928190231323,0.5103091597557068,0.16058342158794403,-0.13009701669216156,0.9962007999420166,0.5210853219032288,0.16844817996025085,-0.036676984280347824,0.9961194396018982,0.4952745735645294,0.14111635088920593,-0.040498264133930206,0.9913349747657776,0.5146725177764893,0.20367708802223206,-0.09953416138887405,0.9920015335083008,0.5071998238563538,0.19434985518455505,-0.10591054707765579,0.9915263056755066,0.5208927392959595,0.24923519790172577,-0.011682500131428242,0.9999086856842041,0.4440074861049652,0.17686156928539276,0.06804738193750381,0.9996932148933411,0.5393380522727966,0.26733487844467163,-0.14914096891880035,0.6756898760795593,0.4010888338088989,0.18329861760139465,0.20968300104141235,0.5247698426246643,0.5788765549659729,0.27559196949005127,-0.39805328845977783,0.6622557640075684,0.35164308547973633,0.15417616069316864,0.35947802662849426,0.560982346534729,0.5881329774856567,0.2923736572265625,-0.44358813762664795,0.6611390709877014,0.33367958664894104,0.15085835754871368,0.38308149576187134,0.5683125257492065,0.5816770792007446,0.28910282254219055,-0.4545307755470276,0.6614075899124146,0.33445921540260315,0.15561246871948242,0.36070430278778076,0.5657606720924377,0.5764205455780029,0.28538650274276733,-0.4420858919620514,0.6323030591011047,0.34144389629364014,0.16162069141864777,0.3532339632511139,0.527789831161499,0.5005989670753479,0.46723732352256775,-0.030504008755087852,0.9999395608901978,0.44223201274871826,0.4670908451080322,0.030229048803448677,0.9999491572380066,0.47792765498161316,0.5526303052902222,-0.3106571435928345,0.7250314950942993,0.3997284173965454,0.6865062117576599,-0.07550512999296188,0.7917359471321106,0.479165643453598,0.727355420589447,-0.19498221576213837,0.7089471220970154,0.38583624362945557,0.8831539750099182,-0.06848906725645065,0.8326132297515869,0.48094871640205383,0.7367686033248901,-0.18529991805553436,0.7198153138160706,0.39673250913619995,0.9253202676773071,-0.07239507883787155,0.8127371072769165,0.47349420189857483,0.8287436366081238,-0.26131904125213623,0.7415592670440674,0.3579103648662567,0.969109296798706,-0.17601509392261505,0.8421255350112915,166.9736809886446,30.0,163.0464171844967,25.805375939006154,954.1811764611894
84,2.8,0.5346729159355164,0.20576846599578857,-0.19468168914318085,0.9923384785652161,0.5370060801506042,0.18975533545017242,-0.1818302571773529,0.9939964413642883,0.5369320511817932,0.18842735886573792,-0.1820652186870575,0.9939369559288025,0.5369022488594055,0.18697644770145416,-0.182103231549263,0.9954739809036255,0.5340955853462219,0.1870005875825882,-0.1975906640291214,0.9948081970214844,0.5316272377967834,0.18259389698505402,-0.19787883758544922,0.9953111410140991,0.5286661982536316,0.17770317196846008,-0.19791652262210846,0.9965781569480896,0.5213537216186523,0.16884174942970276,-0.0883435308933258,0.99650639295578,0.510246992111206,0.15581363439559937,-0.15989406406879425,0.9921965003013611,0.5259333848953247,0.21608559787273407,-0.1534092128276825,0.9927997589111328,0.5225546360015869,0.21103663742542267,-0.176042377948761,0.9923722743988037,0.5266615152359009,0.2584560215473175,-0.030479826033115387,0.9999175071716309,0.43047988414764404,0.18850965797901154,-0.09107695519924164,0.9997225999832153,0.5846297740936279,0.2884027063846588,-0.003718211781233549,0.707622766494751,0.35661712288856506,0.18442605435848236,-0.1272297203540802,0.5721411108970642,0.6406165361404419,0.30295443534851074,-0.07595287263393402,0.6956316232681274,0.2857073247432709,0.1607923060655594,-0.19459843635559082,0.6044132709503174,0.6620325446128845,0.31697580218315125,-0.08579173684120178,0.6937182545661926,0.26258546113967896,0.15988583862781525,-0.20782534778118134,0.6099852919578552,0.6584088206291199,0.31763559579849243,-0.11942751705646515,0.6941647529602051,0.2605515718460083,0.161545529961586,-0.23389367759227753,0.6078613996505737,0.6486760973930359,0.31468722224235535,-0.0934128686785698,0.6680291295051575,0.26981082558631897,0.16556595265865326,-0.20942744612693787,0.5736070871353149,0.4871004819869995,0.4690443277359009,0.014851021580398083,0.9999451041221619,0.42502519488334656,0.46854209899902344,-0.015245536342263222,0.9999535083770752,0.5141976475715637,0.567263662815094,-0.32620471715927124,0.7524834871292114,0.39944618940353394,0.707629382610321,-0.09400356560945511,0.8123531937599182,0.4795113801956177,0.7326930165290833,-0.16057592630386353,0.7367534637451172,0.3774779736995697,0.8879345059394836,0.0013913511065766215,0.8490681052207947,0.46998289227485657,0.7435252666473389,-0.15092752873897552,0.7417763471603394,0.3849996030330658,0.919433057308197,0.007099427282810211,0.8263862133026123,0.4862387478351593,0.8382722735404968,-0.22898904979228973,0.7661131024360657,0.3592987358570099,0.9709841012954712,-0.16882330179214478,0.8572646379470825,159.68268829037,30.0,164.15575633384614,43.55383309679212,1101.0303994592214
85,2.8333333333333335,0.5462408661842346,0.22112292051315308,-0.2564276456832886,0.9931040406227112,0.5480082631111145,0.20303545892238617,-0.24881991744041443,0.9945930242538452,0.5465822219848633,0.2013394683599472,-0.2490774691104889,0.9945409297943115,0.5452321171760559,0.19955947995185852,-0.24909177422523499,0.9959237575531006,0.5463111996650696,0.2009962648153305,-0.2689090073108673,0.99532550573349,0.5433833003044128,0.1978273093700409,-0.2691788077354431,0.9957790970802307,0.5409290194511414,0.1940099447965622,-0.26921477913856506,0.9969190955162048,0.5271703600883484,0.17984554171562195,-0.17114123702049255,0.9968550801277161,0.5226256251335144,0.17415650188922882,-0.2622474133968353,0.9929755330085754,0.5363776683807373,0.2300364226102829,-0.22037631273269653,0.9935188889503479,0.5345923900604248,0.22759942710399628,-0.24857884645462036,0.9931344985961914,0.529736340045929,0.2653740644454956,-0.09480946511030197,0.9999256134033203,0.42657798528671265,0.207954540848732,-0.20782765746116638,0.999750018119812,0.6054614186286926,0.31196948885917664,-0.09388759732246399,0.7364740371704102,0.341230183839798,0.20713350176811218,-0.25726088881492615,0.6148032546043396,0.681097149848938,0.34192243218421936,-0.1990300863981247,0.7257211804389954,0.2579159140586853,0.18533870577812195,-0.3382934331893921,0.6439210772514343,0.7043927907943726,0.35510942339897156,-0.21174053847789764,0.723707914352417,0.23273080587387085,0.18866179883480072,-0.35621878504753113,0.6488867998123169,0.7071025967597961,0.3547760546207428,-0.24570941925048828,0.7242603898048401,0.2294563502073288,0.18661323189735413,-0.3847009539604187,0.6469910740852356,0.6978365182876587,0.3516876697540283,-0.21700745820999146,0.7008159160614014,0.238723024725914,0.18880289793014526,-0.3546208143234253,0.6161618232727051,0.47107136249542236,0.4782005548477173,0.037018582224845886,0.9999495148658752,0.4120716154575348,0.47917231917381287,-0.03741404786705971,0.9999569058418274,0.5394855737686157,0.583513617515564,-0.24344874918460846,0.7771092057228088,0.4033273160457611,0.7098333239555359,-0.12053227424621582,0.8308805823326111,0.4798774719238281,0.753524661064148,-0.06947220116853714,0.7617167830467224,0.3683232367038727,0.8969818949699402,0.00010531580483075231,0.863831102848053,0.46078014373779297,0.7745938897132874,-0.0588078498840332,0.7644822597503662,0.363981693983078,0.9199246764183044,-0.015255985781550407,0.838998556137085,0.4970360994338989,0.8562629818916321,-0.1507052481174469,0.788589596748352,0.35949328541755676,0.9785525798797607,-0.15288566052913666,0.8708680868148804,162.67886946342503,30.0,165.95000605761618,99.20740256962091,-104.52665666485501
86,2.8666666666666667,0.5516142249107361,0.23568688333034515,-0.1847866177558899,0.9937935471534729,0.551354169845581,0.21470573544502258,-0.17483392357826233,0.9951334595680237,0.5498532056808472,0.21259747445583344,-0.1751304715871811,0.995086669921875,0.5486801862716675,0.21062684059143066,-0.1751326620578766,0.9963312149047852,0.5502437949180603,0.2139028012752533,-0.19966422021389008,0.995792806148529,0.5483428239822388,0.2115553617477417,-0.19989067316055298,0.9962010979652405,0.5468187928199768,0.2090151607990265,-0.19989843666553497,0.9972270131111145,0.534615695476532,0.1985040307044983,-0.10405654460191727,0.9971694946289062,0.5329763889312744,0.19822844862937927,-0.21903067827224731,0.99367755651474,0.5404232144355774,0.24654312431812286,-0.1512691229581833,0.9941668510437012,0.5397762060165405,0.24549657106399536,-0.18651606142520905,0.9938209056854248,0.5264949798583984,0.2759501338005066,-0.015348871238529682,0.9999330043792725,0.4411381185054779,0.25313013792037964,-0.22697067260742188,0.9997748136520386,0.6124226450920105,0.3438422977924347,0.026176543906331062,0.7625435590744019,0.3758135735988617,0.25910666584968567,-0.3915526568889618,0.652739942073822,0.6929877996444702,0.3856165409088135,-0.05605936050415039,0.7530533671379089,0.30945104360580444,0.26107779145240784,-0.5712735652923584,0.6787590384483337,0.7132123708724976,0.4019084870815277,-0.06087416410446167,0.7511131167411804,0.28904789686203003,0.2643483281135559,-0.6154839992523193,0.6828420758247375,0.7185714244842529,0.4009757339954376,-0.10327763855457306,0.7516599893569946,0.2872042655944824,0.2677009403705597,-0.635573148727417,0.681289792060852,0.7102155685424805,0.39822593331336975,-0.07719327509403229,0.7305654287338257,0.2948795557022095,0.26898542046546936,-0.5876467227935791,0.6533027291297913,0.44640424847602844,0.495111882686615,0.0813562348484993,0.9999544024467468,0.40042683482170105,0.5027990937232971,-0.0815456360578537,0.9999608397483826,0.536875307559967,0.6057299971580505,-0.01063515618443489,0.7979992628097534,0.4153115153312683,0.711997926235199,-0.18950946629047394,0.8472675681114197,0.47074005007743835,0.807135820388794,0.07565708458423615,0.7834339737892151,0.37838953733444214,0.9162400960922241,-0.16847777366638184,0.8769963979721069,0.44573497772216797,0.8356990814208984,0.07675502449274063,0.786270797252655,0.3622030019760132,0.9477561116218567,-0.17363408207893372,0.8520725965499878,0.5020200610160828,0.8956598043441772,-0.021647360175848007,0.8087694644927979,0.40785473585128784,0.9875563979148865,-0.3157907724380493,0.8832212090492249,178.0728410106497,30.0,170.76958317182087,36.58538931913512,-3650.251966294627
87,2.9,0.5500587821006775,0.24942763149738312,-0.17034666240215302,0.9944134950637817,0.5494047403335571,0.22761739790439606,-0.156969353556633,0.9956187605857849,0.5480603575706482,0.22551026940345764,-0.1572912037372589,0.9955769181251526,0.5469428300857544,0.22349707782268524,-0.15730419754981995,0.9966972470283508,0.549272894859314,0.22835895419120789,-0.18576937913894653,0.9962126612663269,0.5479937791824341,0.22691549360752106,-0.18599912524223328,0.9965804219245911,0.5469083786010742,0.22544947266578674,-0.18606987595558167,0.9975035190582275,0.535172164440155,0.21755526959896088,-0.09698423743247986,0.9974521994590759,0.5349665880203247,0.21960516273975372,-0.20840947329998016,0.9943077564239502,0.5399833917617798,0.26115065813064575,-0.13446436822414398,0.9947493076324463,0.5399215221405029,0.26002153754234314,-0.17493638396263123,0.9944379925727844,0.5215075612068176,0.2938154339790344,0.02766135334968567,0.9999395608901978,0.45281365513801575,0.28198543190956116,-0.23556210100650787,0.999796450138092,0.5929613709449768,0.36684322357177734,0.06566354632377625,0.7836382389068604,0.3969821035861969,0.33265429735183716,-0.4389726519584656,0.6850477457046509,0.6640325784683228,0.4109015464782715,-0.029503488913178444,0.7768622636795044,0.35705849528312683,0.3332349956035614,-0.6621084213256836,0.7062678337097168,0.6823232769966125,0.4262546896934509,-0.040115080773830414,0.7746182680130005,0.29177144169807434,0.33299192786216736,-0.7250058650970459,0.7097476720809937,0.6867558360099792,0.4236285388469696,-0.08017542958259583,0.7753965258598328,0.3662099838256836,0.3279624879360199,-0.7256119847297668,0.7088457345962524,0.6791446208953857,0.4197414219379425,-0.04982583224773407,0.756382405757904,0.3666214942932129,0.328334242105484,-0.6709492206573486,0.6814794540405273,0.43704575300216675,0.5156553387641907,0.09582316130399704,0.9999576210975647,0.39788687229156494,0.5209349989891052,-0.09585940092802048,0.9999626278877258,0.5172151923179626,0.6232047080993652,0.14822550117969513,0.7992350459098816,0.4336448013782501,0.7183629870414734,-0.1963491290807724,0.8614650368690491,0.45969247817993164,0.8260535597801208,0.26797381043434143,0.7945126891136169,0.39411720633506775,0.9299993515014648,-0.20111684501171112,0.8888903260231018,0.4389846920967102,0.8521057963371277,0.27235934138298035,0.7989206910133362,0.3785414695739746,0.9620042443275452,-0.2070762813091278,0.8641241788864136,0.49649059772491455,0.9071956276893616,0.19154544174671173,0.8226791620254517,0.4360521137714386,0.9881237745285034,-0.3432188332080841,0.8943110704421997,165.679470577238,30.0,168.3890320122252,-144.14272851668755,-3609.1878085842027
88,2.933333333333333,0.5446227192878723,0.2677125930786133,0.06050568446516991,0.9949684739112854,0.5441927313804626,0.24772438406944275,0.07374110817909241,0.9960528016090393,0.5425348281860352,0.2451752871274948,0.07346814125776291,0.9960147142410278,0.5411095023155212,0.24266481399536133,0.07342882454395294,0.9970248341560364,0.5459864139556885,0.25106319785118103,0.036590371280908585,0.9965892434120178,0.5457690358161926,0.25104740262031555,0.03635730221867561,0.9969204664230347,0.545805811882019,0.25086256861686707,0.036268170922994614,0.9977516531944275,0.5313327312469482,0.2420925498008728,0.12640470266342163,0.9977059364318848,0.5358344912528992,0.2511501610279083,-0.048517923802137375,0.9948728084564209,0.5356233716011047,0.28111758828163147,0.08386936038732529,0.9952718615531921,0.5370643138885498,0.2813190221786499,0.03273634985089302,0.9949920177459717,0.5133320689201355,0.31360599398612976,0.19971513748168945,0.9999454021453857,0.46425309777259827,0.30903756618499756,-0.1484735757112503,0.9998165965080261,0.5704723000526428,0.3727279603481293,0.335104763507843,0.784272313117981,0.45748817920684814,0.3403207063674927,-0.3843972384929657,0.7161424160003662,0.6159552335739136,0.4189036190509796,0.40464726090431213,0.7952567934989929,0.48887234926223755,0.3772490918636322,-0.5902768969535828,0.7354943156242371,0.6309135556221008,0.43175143003463745,0.4312768876552582,0.791146457195282,0.49538344144821167,0.3899557590484619,-0.6552931666374207,0.7385303974151611,0.6321995258331299,0.4315119683742523,0.390152245759964,0.7924931049346924,0.5051888227462769,0.3833268880844116,-0.6358141303062439,0.7377000451087952,0.6262061595916748,0.4301060438156128,0.38983067870140076,0.775403618812561,0.5014223456382751,0.3811882734298706,-0.5899940729141235,0.7126474976539612,0.4253024160861969,0.5321171283721924,0.11608890444040298,0.9999610185623169,0.38841286301612854,0.5370368361473083,-0.11606650799512863,0.9999655485153198,0.5021276473999023,0.6343234777450562,0.25024035573005676,0.7515930533409119,0.45042383670806885,0.7156588435173035,-0.20751507580280304,0.8743892312049866,0.4426001310348511,0.8230034708976746,0.32784366607666016,0.7591861486434937,0.4301997423171997,0.9271659851074219,-0.26405957341194153,0.8990593552589417,0.428120493888855,0.8367642164230347,0.33003708720207214,0.7686901688575745,0.41189321875572205,0.9622076153755188,-0.27153196930885315,0.8737204670906067,0.471985787153244,0.895796000957489,0.2994609773159027,0.8029165863990784,0.46783196926116943,0.973767876625061,-0.35357892513275146,0.9036250114440918,169.50930351510033,30.0,161.16006793737503,-204.02713125314506,-2514.5822949094068
89,2.966666666666667,0.5394117832183838,0.3007829189300537,0.0903409793972969,0.9954441785812378,0.5396853685379028,0.28352388739585876,0.08652084320783615,0.9964221119880676,0.5387908816337585,0.2803223431110382,0.08631353825330734,0.9963875412940979,0.5395268201828003,0.2772727608680725,0.08634211122989655,0.9973050355911255,0.5422666072845459,0.29000136256217957,0.05861179158091545,0.9969145655632019,0.5429204702377319,0.29155784845352173,0.05836079269647598,0.9972176551818848,0.543824315071106,0.29293620586395264,0.058283235877752304,0.9979685544967651,0.5283581018447876,0.27775412797927856,0.08044184744358063,0.9979240298271179,0.5381699800491333,0.2964992821216583,-0.04724644124507904,0.9953640103340149,0.5313259363174438,0.3120908737182617,0.09556370228528976,0.9956873655319214,0.5331783890724182,0.31649699807167053,0.05682653561234474,0.9954453706741333,0.46638354659080505,0.34236979484558105,0.14253000915050507,0.9999451041221619,0.4882519841194153,0.36323684453964233,-0.13630123436450958,0.9998317956924438,0.4814635217189789,0.41659408807754517,0.2951066792011261,0.7271382808685303,0.5583267211914062,0.44041767716407776,-0.2154574692249298,0.7427073121070862,0.5237910151481628,0.430931955575943,0.42436182498931885,0.7269163727760315,0.6337909698486328,0.4801490604877472,-0.35749486088752747,0.7590303421020508,0.5299822092056274,0.4297463893890381,0.4565170407295227,0.7250263094902039,0.6584081649780273,0.47802847623825073,-0.493490993976593,0.7614898085594177,0.5313474535942078,0.42427051067352295,0.42729976773262024,0.725419819355011,0.6595252156257629,0.4744850993156433,-0.27064356207847595,0.7605377435684204,0.5405117869377136,0.4469916522502899,0.4171749949455261,0.7095675468444824,0.6511695384979248,0.4696034789085388,-0.2628660798072815,0.735080361366272,0.38717538118362427,0.5420225858688354,0.09199915081262589,0.9999632239341736,0.3930722773075104,0.5603735446929932,-0.09211095422506332,0.9999680519104004,0.44758540391921997,0.6943234205245972,0.219065323472023,0.7437249422073364,0.4720294177532196,0.7159479260444641,-0.18963368237018585,0.886662483215332,0.402525931596756,0.8642823696136475,0.28142309188842773,0.7775359749794006,0.47296857833862305,0.9389539361000061,-0.20738384127616882,0.9090523719787598,0.38441768288612366,0.905968189239502,0.285296231508255,0.7885050773620605,0.4548855423927307,0.9707061648368835,-0.25701045989990234,0.8862507343292236,0.4317755401134491,0.9048487544059753,0.267451673746109,0.8148125410079956,0.4978485107421875,0.9724466800689697,-0.18362459540367126,0.9129686951637268,154.65138424576168,30.0,154.78722326201552,-311.7815481773147,-3107.929379457799
90,3.0,0.537777304649353,0.30680230259895325,0.10514812916517258,0.9958837628364563,0.5381695032119751,0.29112404584884644,0.10311169177293777,0.9967674016952515,0.5370507836341858,0.2893984019756317,0.10292033106088638,0.9967341423034668,0.5369700789451599,0.2877357602119446,0.10291699320077896,0.9975650906562805,0.5413557887077332,0.2960415780544281,0.07678069919347763,0.9972155094146729,0.5423041582107544,0.2974932789802551,0.07650066167116165,0.9974900484085083,0.5434198975563049,0.2987510561943054,0.0763850286602974,0.9981679320335388,0.5274505615234375,0.28773418068885803,0.10138142853975296,0.9981262683868408,0.5399840474128723,0.3018125891685486,-0.019464509561657906,0.995818018913269,0.5302726626396179,0.3176579177379608,0.11196856945753098,0.9960967302322388,0.5329158902168274,0.322087824344635,0.07530315220355988,0.9958817362785339,0.4637937843799591,0.34673020243644714,0.167449951171875,0.9999431371688843,0.49928081035614014,0.36693426966667175,-0.11117295175790787,0.9998460412025452,0.46787509322166443,0.42059969902038574,0.33874645829200745,0.6775112152099609,0.5734687447547913,0.44628942012786865,-0.18486259877681732,0.7674708366394043,0.5023428797721863,0.4312175214290619,0.48925793170928955,0.6676663160324097,0.6441274881362915,0.4652540683746338,-0.20813435316085815,0.7819584012031555,0.5089542865753174,0.4268166720867157,0.5252513289451599,0.6681978106498718,0.6655532717704773,0.48112204670906067,-0.2849510610103607,0.7840666174888611,0.5122262835502625,0.4223109781742096,0.4973796010017395,0.6676104664802551,0.6671340465545654,0.4769730865955353,-0.18958455324172974,0.7831227779388428,0.5095524191856384,0.43017277121543884,0.48312556743621826,0.6526662111282349,0.6597685217857361,0.47181370854377747,-0.176176056265831,0.7590364217758179,0.37498393654823303,0.5379555821418762,0.08731041848659515,0.9999649524688721,0.3870927393436432,0.5509886741638184,-0.087480828166008,0.9999702572822571,0.44113191962242126,0.6741541028022766,0.1676943004131317,0.7420989274978638,0.4756747782230377,0.7151482701301575,-0.15406619012355804,0.8978825211524963,0.40147829055786133,0.8639717102050781,0.21087691187858582,0.7904745936393738,0.4769698679447174,0.9459993243217468,-0.16458122432231903,0.9180727005004883,0.3822711110115051,0.905695915222168,0.21302907168865204,0.8040238618850708,0.4622398316860199,0.9750487208366394,-0.17690859735012054,0.8975560069084167,0.4356950521469116,0.913280725479126,0.19295959174633026,0.8206050992012024,0.5013142228126526,0.9717372059822083,-0.19081643223762512,0.921469509601593,147.10478542576564,30.0,140.37463139222072,-411.2224232169983,-299.83027890610003
91,3.033333333333333,0.536691427230835,0.324001282453537,0.21312139928340912,0.9962148666381836,0.5354900360107422,0.30850496888160706,0.20173166692256927,0.9970645308494568,0.5324674248695374,0.30605530738830566,0.20151929557323456,0.9970282912254333,0.5298464298248291,0.30357664823532104,0.2014772891998291,0.997790515422821,0.5390950441360474,0.3170508146286011,0.18947532773017883,0.997463583946228,0.5401065945625305,0.3205183446407318,0.18923677504062653,0.9977068305015564,0.5416696667671204,0.323900431394577,0.18911291658878326,0.9983322620391846,0.5214972496032715,0.30455368757247925,0.14279945194721222,0.9983060956001282,0.540450394153595,0.33192387223243713,0.08608868718147278,0.9961967468261719,0.5274438261985779,0.3352973163127899,0.19670207798480988,0.9964385628700256,0.5306240916252136,0.34378623962402344,0.17882022261619568,0.9962190985679626,0.45883601903915405,0.3642917573451996,0.1364458054304123,0.9999443888664246,0.5152401924133301,0.40614041686058044,-0.03509185463190079,0.9998579025268555,0.4060337245464325,0.46127980947494507,0.19939127564430237,0.6294485330581665,0.601343035697937,0.4773224890232086,-0.12039491534233093,0.7858859896659851,0.3847038149833679,0.5559762120246887,0.29903745651245117,0.6022811532020569,0.6847163438796997,0.5070712566375732,-0.09444102644920349,0.7988527417182922,0.37754714488983154,0.5762966871261597,0.3220195472240448,0.6028871536254883,0.7095412015914917,0.5272494554519653,-0.1251404583454132,0.799508810043335,0.38658612966537476,0.5816714763641357,0.305385023355484,0.6020727753639221,0.7143579125404358,0.5245010256767273,-0.0925951898097992,0.7975372672080994,0.3920813202857971,0.5767450332641602,0.29630568623542786,0.5886014699935913,0.7034527063369751,0.5156397223472595,-0.08429958671331406,0.7727697491645813,0.3687664568424225,0.5403477549552917,0.0687655434012413,0.9999681711196899,0.3919040858745575,0.567112386226654,-0.06898476928472519,0.9999730587005615,0.4247787296772003,0.670243501663208,0.19688858091831207,0.756514847278595,0.4945782721042633,0.7218621969223022,-0.05538623034954071,0.9080162644386292,0.3933173716068268,0.8422123789787292,0.25700852274894714,0.8037241697311401,0.4965309500694275,0.940732479095459,-0.05472882464528084,0.9260479807853699,0.38301005959510803,0.8663105964660645,0.26342788338661194,0.8162845969200134,0.4817422926425934,0.9714831113815308,-0.05095852538943291,0.9076166749000549,0.39274343848228455,0.9257780313491821,0.2751999497413635,0.8080323338508606,0.5192797183990479,0.9726341962814331,-0.05068283528089523,0.9286133050918579,123.10700429052,30.0,127.37239504754896,-331.77023343772134,3960.1694436984317
92,3.0666666666666664,0.5254418849945068,0.345773845911026,0.3155756890773773,0.9965744614601135,0.5235401391983032,0.32862427830696106,0.3044089078903198,0.9973503351211548,0.5203386545181274,0.3255361318588257,0.30419573187828064,0.9973155856132507,0.5171071887016296,0.3223830759525299,0.30418193340301514,0.9980055093765259,0.5307855010032654,0.3365698456764221,0.29458585381507874,0.9977088570594788,0.5335546731948853,0.3387897312641144,0.2943333089351654,0.9979265332221985,0.5371005535125732,0.3409731984138489,0.2942044138908386,0.9984934329986572,0.5094266533851624,0.3270440101623535,0.2317012995481491,0.9984731674194336,0.5369733572006226,0.34935882687568665,0.18516544997692108,0.9965675473213196,0.5167035460472107,0.35808125138282776,0.29363784193992615,0.9967783093452454,0.5247856378555298,0.36414778232574463,0.278499573469162,0.9965705871582031,0.45380866527557373,0.3868207633495331,0.2010338008403778,0.9999470114707947,0.5240121483802795,0.43135160207748413,0.04759002476930618,0.9998705387115479,0.4033104479312897,0.4593019187450409,0.2547803521156311,0.603736162185669,0.607625424861908,0.5097306370735168,-0.006696688011288643,0.8045936226844788,0.37973517179489136,0.5284062027931213,0.3823694884777069,0.5472379326820374,0.6886293292045593,0.5432882905006409,0.06590449064970016,0.8176611065864563,0.367299348115921,0.5489974021911621,0.4130292534828186,0.5476143956184387,0.7108418345451355,0.564526379108429,0.04678215831518173,0.8177817463874817,0.3765566945075989,0.5542693734169006,0.4031130075454712,0.5460039973258972,0.7162244319915771,0.559380292892456,0.07924492657184601,0.8156298995018005,0.384036123752594,0.5520595908164978,0.3837278187274933,0.5337092280387878,0.7087677717208862,0.5522133111953735,0.07752258330583572,0.7924434542655945,0.36300769448280334,0.5660234093666077,0.063833087682724,0.9999708533287048,0.3999235928058624,0.5880848169326782,-0.0640878975391388,0.9999755024909973,0.39819690585136414,0.6701889634132385,0.32241469621658325,0.7569453120231628,0.5105533003807068,0.7236496210098267,-0.030598798766732216,0.917180061340332,0.38409316539764404,0.8382466435432434,0.4007938504219055,0.8134573698043823,0.5171012282371521,0.9415267109870911,-0.0545891672372818,0.9333304762840271,0.3756009042263031,0.856268584728241,0.40947064757347107,0.8257060050964355,0.502620279788971,0.9705413579940796,-0.0523315854370594,0.9167558550834656,0.37408068776130676,0.9214389324188232,0.4304071068763733,0.7900878190994263,0.5438581705093384,0.9885161519050598,-0.05323110893368721,0.9353227615356445,112.23202468818177,30.0,118.25661582970596,-147.21112697043623,5442.613893064303
93,3.1,0.5119940042495728,0.37148329615592957,0.337639182806015,0.9968523979187012,0.5097821354866028,0.35406339168548584,0.32946309447288513,0.9975847601890564,0.5067052245140076,0.35201454162597656,0.32922083139419556,0.9975507855415344,0.5035386681556702,0.3504209816455841,0.32916173338890076,0.9981873631477356,0.517428994178772,0.36095598340034485,0.319126158952713,0.9978914856910706,0.5198279023170471,0.36323121190071106,0.31890591979026794,0.99808269739151,0.5223602652549744,0.3652791380882263,0.318795382976532,0.9986079335212708,0.49558231234550476,0.35554173588752747,0.2629261016845703,0.9986184239387512,0.5216123461723328,0.37193405628204346,0.21491827070713043,0.996826171875,0.5033314824104309,0.3819088041782379,0.3175826072692871,0.9970512986183167,0.511720597743988,0.3856339454650879,0.30183568596839905,0.9967965483665466,0.4362228512763977,0.4102025330066681,0.21240894496440887,0.9999499917030334,0.5202121734619141,0.4492637515068054,0.08545587211847305,0.9998762607574463,0.3783821165561676,0.47766852378845215,0.2206432968378067,0.6274701356887817,0.5926015973091125,0.5323334336280823,0.0033751886803656816,0.8172967433929443,0.3216289281845093,0.5032460689544678,0.2720038592815399,0.5663387775421143,0.6549066305160522,0.5747853517532349,0.034052830189466476,0.8330640196800232,0.3033631443977356,0.5039457082748413,0.2824192941188812,0.5556641817092896,0.6729016900062561,0.5998618602752686,0.012057882733643055,0.8321249485015869,0.3046439588069916,0.4999704957008362,0.28080490231513977,0.5496642589569092,0.6754577159881592,0.5922340750694275,0.04059915617108345,0.829643726348877,0.3113902807235718,0.5070872902870178,0.2746039927005768,0.5275406837463379,0.6689346432685852,0.5845135450363159,0.04362843930721283,0.8065970540046692,0.366641640663147,0.5858709812164307,0.060686055570840836,0.9999720454216003,0.40938320755958557,0.5993866920471191,-0.061004575341939926,0.9999763369560242,0.38308608531951904,0.6760861277580261,0.22360652685165405,0.7400683164596558,0.5246943235397339,0.7226312160491943,-0.012841190211474895,0.925122857093811,0.37787359952926636,0.8515805006027222,0.26497307419776917,0.8104872107505798,0.5391445159912109,0.9410929679870605,-0.06294205784797668,0.9394890069961548,0.3724943697452545,0.8722631931304932,0.2695896327495575,0.8306480050086975,0.5268239378929138,0.9723413586616516,-0.06406509131193161,0.9247934222221375,0.37472501397132874,0.9206308126449585,0.2627480626106262,0.7606239914894104,0.5712736248970032,0.9716967344284058,-0.08021512627601624,0.9403151869773865,119.56847898178341,30.0,117.55831991618655,31.07069276656553,3833.382188633197
94,3.1333333333333333,0.4836285710334778,0.38332682847976685,0.3897731900215149,0.9958741664886475,0.4811336100101471,0.36962491273880005,0.38360676169395447,0.997122585773468,0.47812017798423767,0.36856845021247864,0.3833911716938019,0.9971460103988647,0.4751281440258026,0.3677421510219574,0.3834196925163269,0.9979680180549622,0.48994874954223633,0.3732544779777527,0.3752565085887909,0.9970740675926208,0.49263378977775574,0.3746163249015808,0.37501460313796997,0.9973229765892029,0.49519556760787964,0.3759862184524536,0.374896377325058,0.9980037808418274,0.4688839912414551,0.3766925632953644,0.31457579135894775,0.9985913038253784,0.4960762560367584,0.38597166538238525,0.2756093740463257,0.9960047006607056,0.4770727753639221,0.3945596218109131,0.3679756820201874,0.9966954588890076,0.4865754544734955,0.3978090286254883,0.35487988591194153,0.9957471489906311,0.4157150983810425,0.4381885230541229,0.24854110181331635,0.9999494552612305,0.5125738978385925,0.4591280519962311,0.13998039066791534,0.9998638033866882,0.3469102680683136,0.492404580116272,0.23641707003116608,0.6598880887031555,0.5594913959503174,0.5410041809082031,0.09826697409152985,0.7806835770606995,0.2747454345226288,0.5154062509536743,0.25246015191078186,0.6020589470863342,0.6069167256355286,0.5856896042823792,0.20772601664066315,0.8143516778945923,0.2562043368816376,0.5121437907218933,0.2566729784011841,0.5883827209472656,0.6272456049919128,0.6001913547515869,0.2043294608592987,0.8064247965812683,0.2556236982345581,0.5118511915206909,0.2582789361476898,0.5815086960792542,0.6514628529548645,0.5903428792953491,0.22679875791072845,0.8001298308372498,0.26294663548469543,0.5206459164619446,0.25566256046295166,0.5527210831642151,0.655905544757843,0.584585428237915,0.2177235633134842,0.7715161442756653,0.37680545449256897,0.5981379747390747,0.05882899463176727,0.999972939491272,0.42038995027542114,0.6017040014266968,-0.059149596840143204,0.999976396560669,0.3806944489479065,0.6774669289588928,0.181426540017128,0.7327488660812378,0.5319202542304993,0.7234328389167786,-0.04526861384510994,0.9321560859680176,0.37681201100349426,0.8679858446121216,0.18928122520446777,0.8155858516693115,0.5603269338607788,0.9389141201972961,-0.1087256446480751,0.9449651837348938,0.37589067220687866,0.8982969522476196,0.18548935651779175,0.8398696780204773,0.5515636205673218,0.9705487489700317,-0.11253460496664047,0.9320472478866577,0.3639136254787445,0.9194939732551575,0.13111083209514618,0.7441109418869019,0.5940831899642944,0.9710785150527954,-0.14911207556724548,0.9434087872505188,95.75466954662492,30.0,120.327995347477,108.34768560511023,2056.4290455044384
95,3.1666666666666665,0.42948007583618164,0.4273509681224823,-0.43328240513801575,0.9962546229362488,0.43481987714767456,0.4158169627189636,-0.4463561773300171,0.997340202331543,0.4359716475009918,0.4185224175453186,-0.4465920627117157,0.9973447918891907,0.43685382604599,0.4210244119167328,-0.44657814502716064,0.9980929493904114,0.4342082440853119,0.40829360485076904,-0.4396783709526062,0.9973466992378235,0.4347103536128998,0.40547657012939453,-0.440029501914978,0.9975746273994446,0.43506747484207153,0.40285438299179077,-0.4402957260608673,0.9981940388679504,0.4460057318210602,0.4247693419456482,-0.42739737033843994,0.9986691474914551,0.44237491488456726,0.40056711435317993,-0.3974837362766266,0.9963852763175964,0.4315861165523529,0.4423125982284546,-0.41628918051719666,0.9969924688339233,0.4300752282142639,0.43629756569862366,-0.4090517461299896,0.9961585998535156,0.47434550523757935,0.49118608236312866,-0.3112078309059143,0.9999486804008484,0.40812355279922485,0.46583452820777893,-0.313304603099823,0.9998767971992493,0.4579654335975647,0.5808618068695068,-0.1878388226032257,0.6533986330032349,0.3210260272026062,0.5190550684928894,-0.3102216124534607,0.7911191582679749,0.45894014835357666,0.618722140789032,-0.0678328350186348,0.5778968334197998,0.2358929067850113,0.5444715023040771,-0.39284858107566833,0.8223300576210022,0.46091428399086,0.622412919998169,-0.05501525476574898,0.5620020031929016,0.21132759749889374,0.5380825996398926,-0.41973742842674255,0.8101732730865479,0.4573814570903778,0.6392810344696045,-0.08729435503482819,0.5571333169937134,0.20876052975654602,0.5359424352645874,-0.4488219916820526,0.8068674802780151,0.45360127091407776,0.6411415934562683,-0.07609935849905014,0.5349811911582947,0.21831373870372772,0.5414606928825378,-0.4087103605270386,0.7809643745422363,0.4472222328186035,0.5883899927139282,0.012567632831633091,0.9999744892120361,0.4150659143924713,0.5835360884666443,-0.012761899270117283,0.9999784231185913,0.5298912525177002,0.714506208896637,-0.11077841371297836,0.7590271234512329,0.3770768344402313,0.6611939072608948,-0.16853895783424377,0.938458263874054,0.5786114931106567,0.9192222356796265,-0.11832425743341446,0.8338955044746399,0.3950057923793793,0.8829264640808105,-0.07609828561544418,0.9497523903846741,0.570965588092804,0.9441587328910828,-0.12550029158592224,0.8551344871520996,0.4082321226596832,0.9288087487220764,-0.06695529818534851,0.9355581998825073,0.5958200097084045,0.9660050272941589,-0.23481781780719757,0.7695863246917725,0.36063486337661743,0.9318878650665283,-0.14992840588092804,0.9482561349868774,133.39953871205157,30.0,124.78149895652723,168.1659624668614,1270.2547058888733
96,3.2,0.39020583033561707,0.4631347358226776,-0.32725611329078674,0.9965860247612,0.39005717635154724,0.45904240012168884,-0.3669005334377289,0.9975796937942505,0.39128729701042175,0.46182072162628174,-0.36722928285598755,0.9975844621658325,0.3921101987361908,0.4645598530769348,-0.36720019578933716,0.9982696771621704,0.3889918327331543,0.4476781189441681,-0.34678009152412415,0.9975718259811401,0.39012452960014343,0.44413840770721436,-0.3470956087112427,0.9977697730064392,0.39099186658859253,0.44032663106918335,-0.34732574224472046,0.9983384609222412,0.4112967252731323,0.4631795883178711,-0.4600256681442261,0.9987918138504028,0.40457963943481445,0.4401519000530243,-0.3703967034816742,0.9966779947280884,0.39955028891563416,0.4763747751712799,-0.34754398465156555,0.9972655773162842,0.40009212493896484,0.4707215130329132,-0.3229876458644867,0.9964746236801147,0.46314483880996704,0.5521047115325928,-0.4245774447917938,0.9999533295631409,0.42233240604400635,0.446181982755661,-0.3097132444381714,0.9998781681060791,0.4409087002277374,0.6722325682640076,-0.45924443006515503,0.6765278577804565,0.39346760511398315,0.47780099511146545,-0.2683211863040924,0.7125067710876465,0.4215574860572815,0.764751136302948,-0.5049815773963928,0.6125314235687256,0.3980037569999695,0.5084689259529114,-0.25003930926322937,0.740585207939148,0.42431625723838806,0.7942805290222168,-0.5417385697364807,0.596379816532135,0.4029906392097473,0.5141434073448181,-0.2672542929649353,0.7298296689987183,0.41855132579803467,0.7753239870071411,-0.5543692111968994,0.5926892757415771,0.409200519323349,0.5088194012641907,-0.2730427384376526,0.7269819378852844,0.41703763604164124,0.7607402205467224,-0.5114039182662964,0.5684168934822083,0.4069141447544098,0.5078701972961426,-0.2546643912792206,0.7037805318832397,0.4699542224407196,0.5974065661430359,-0.040812037885189056,0.9999760985374451,0.4504810571670532,0.5769411325454712,0.04051443561911583,0.9999791979789734,0.3909969627857208,0.6755731701850891,0.08791559189558029,0.6859689950942993,0.39698976278305054,0.6531264781951904,0.23141524195671082,0.8453993797302246,0.4131695330142975,0.8843840956687927,0.18119202554225922,0.7825116515159607,0.39193299412727356,0.8476048111915588,0.3591451942920685,0.8608790636062622,0.4341879189014435,0.9095467925071716,0.18751056492328644,0.8056744933128357,0.3970831632614136,0.849502444267273,0.3734670877456665,0.8541938066482544,0.37080058455467224,0.9564068913459778,0.12352418154478073,0.7357833385467529,0.3652319610118866,0.8981704115867615,0.3483423590660095,0.8635789752006531,138.10922612961807,30.0,131.53905951193443,193.03133266436845,219.57420421623453
97,3.2333333333333334,0.3730994164943695,0.48975852131843567,-0.41940024495124817,0.9968724250793457,0.3728419840335846,0.4875534474849701,-0.4490295350551605,0.9976882338523865,0.37390366196632385,0.4875592291355133,-0.44927090406417847,0.997687578201294,0.3745209574699402,0.4877983331680298,-0.4492563307285309,0.9983155727386475,0.3684428036212921,0.4798933267593384,-0.4288576543331146,0.997737467288971,0.3681206703186035,0.4767899215221405,-0.4292016327381134,0.9979247450828552,0.367534339427948,0.474142462015152,-0.4293670654296875,0.9984310269355774,0.40611937642097473,0.49134618043899536,-0.4928540289402008,0.9988427758216858,0.3778204023838043,0.4640958905220032,-0.4007275402545929,0.9969034194946289,0.38705411553382874,0.4975321888923645,-0.4235287010669708,0.9974204301834106,0.3835884630680084,0.492379367351532,-0.39807242155075073,0.9966716170310974,0.4726901650428772,0.5591681003570557,-0.4247596859931946,0.9999573230743408,0.4008482098579407,0.4837905764579773,-0.3274368345737457,0.9998877644538879,0.5417267084121704,0.7419612407684326,-0.5578253269195557,0.6893527507781982,0.318135529756546,0.5131347179412842,-0.36297982931137085,0.6477646231651306,0.6130769848823547,0.8932734131813049,-0.6967070698738098,0.6130216717720032,0.21023601293563843,0.5630452036857605,-0.4564315676689148,0.6756114959716797,0.634792149066925,0.9244227409362793,-0.7315394878387451,0.5927481055259705,0.18925538659095764,0.5555580258369446,-0.48560333251953125,0.6637718677520752,0.634924590587616,0.9285508394241333,-0.7606756091117859,0.5970526933670044,0.21145647764205933,0.5421608090400696,-0.5158323049545288,0.6632635593414307,0.6220968961715698,0.917680025100708,-0.7133983969688416,0.5748361349105835,0.21981395781040192,0.5475595593452454,-0.47573038935661316,0.6447958946228027,0.46157026290893555,0.5881687998771667,-0.03857369348406792,0.9999756217002869,0.43992844223976135,0.5691483616828918,0.03813128545880318,0.9999793767929077,0.38506555557250977,0.6326733231544495,0.14965124428272247,0.621059000492096,0.37345418334007263,0.6059061288833618,0.10792684555053711,0.7672260999679565,0.3977619707584381,0.8563758134841919,0.22427909076213837,0.7347485423088074,0.2867737114429474,0.672292172908783,0.13960711658000946,0.8129110336303711,0.4114212691783905,0.8946138620376587,0.2245457023382187,0.75539630651474,0.279869943857193,0.6916084289550781,0.14003829658031464,0.810627281665802,0.35814791917800903,0.9268701076507568,0.14304186403751373,0.7082400918006897,0.2504543662071228,0.6615485548973083,0.07149438560009003,0.8286135196685791,163.24865084551584,30.0,137.65025446748513,182.8042427479437,-100.53021980634185
98,3.2666666666666666,0.41033071279525757,0.6135478615760803,-0.5949392914772034,0.9971776008605957,0.42709577083587646,0.6088348031044006,-0.6106848120689392,0.9979081749916077,0.43608948588371277,0.6083136200904846,-0.6109558343887329,0.9979095458984375,0.4439558982849121,0.6077845096588135,-0.610917329788208,0.9984747767448425,0.37167394161224365,0.5997195839881897,-0.6136893033981323,0.9979597330093384,0.3914724290370941,0.5945655703544617,-0.6139470338821411,0.9981293082237244,0.4115520417690277,0.5869396924972534,-0.61409991979599,0.9985840320587158,0.46323612332344055,0.594936728477478,-0.5736674070358276,0.9989533424377441,0.4281848967075348,0.5616123080253601,-0.5843690633773804,0.9972074031829834,0.4384203255176544,0.6063908934593201,-0.5658280849456787,0.9976672530174255,0.3882608115673065,0.5963301062583923,-0.5708793997764587,0.9969931840896606,0.5176891088485718,0.6010901927947998,-0.4752758741378784,0.9999611973762512,0.41994136571884155,0.5016583204269409,-0.4292277991771698,0.9998959898948669,0.5590941905975342,0.7420452833175659,-0.5025690793991089,0.715025007724762,0.3234347403049469,0.5285725593566895,-0.413806289434433,0.6579482555389404,0.6280024647712708,0.8708329796791077,-0.6110873818397522,0.6490492820739746,0.2477501481771469,0.6037219762802124,-0.48185282945632935,0.6914790272712708,0.6480193734169006,0.9022156596183777,-0.6413593292236328,0.6301170587539673,0.224398672580719,0.5999493598937988,-0.5042537450790405,0.6761558651924133,0.6481073498725891,0.9092642664909363,-0.6747961640357971,0.6348838806152344,0.2234075963497162,0.5940796732902527,-0.5449123978614807,0.678455650806427,0.6373111009597778,0.8987419605255127,-0.6282976269721985,0.614952027797699,0.23233596980571747,0.6034418940544128,-0.5021544694900513,0.6638593077659607,0.4899066090583801,0.5659933090209961,-0.026988375931978226,0.9999749660491943,0.44800302386283875,0.5123699903488159,0.026759915053844452,0.9999779462814331,0.3860059380531311,0.5986655354499817,-0.007827634923160076,0.6075435280799866,0.3821684420108795,0.6112247109413147,-0.05135519057512283,0.7668541073799133,0.27408239245414734,0.628855288028717,0.08596482127904892,0.753828227519989,0.37164944410324097,0.7866607308387756,0.07174377143383026,0.825065553188324,0.25484350323677063,0.652705729007721,0.08928816020488739,0.7675326466560364,0.36262646317481995,0.8114450573921204,0.08048783242702484,0.8229503631591797,0.23968157172203064,0.6688264608383179,-0.026148442178964615,0.7339293956756592,0.35076096653938293,0.7263529896736145,0.008486563339829445,0.8416845202445984,130.19697405418918,30.0,143.726009028464,186.32931801061233,-1238.442131535698
99,3.3,,,,,,,,,,,,,,,,,,,,,,,,,,,,,,,,,,,,,,,,,,,,,,,,,,,,,,,,,,,,,,,,,,,,,,,,,,,,,,,,,,,,,,,,,,,,,,,,,,,,,,,,,,,,,,,,,,,,,,,,,,,,,,,,,,,,,,30.0,150.07220900152595,100.24143397889716,-3539.1595297710574
100,3.3333333333333335,0.2908044457435608,0.5302429795265198,0.011891823261976242,0.9974489212036133,0.2847824692726135,0.5179240703582764,-0.012094804085791111,0.9981063604354858,0.28601905703544617,0.513820469379425,-0.012277161702513695,0.9981023073196411,0.2874355912208557,0.5098123550415039,-0.012241440825164318,0.9986165761947632,0.28374582529067993,0.5181254744529724,0.02136951871216297,0.9981576800346375,0.28431975841522217,0.5142691135406494,0.02096549980342388,0.9983106851577759,0.28500494360923767,0.509992241859436,0.02081245929002762,0.9987225532531738,0.2968142628669739,0.4848392605781555,-0.07818535715341568,0.9990450739860535,0.2938912510871887,0.48378023505210876,0.07121717184782028,0.9974778890609741,0.30534446239471436,0.5207715034484863,-0.006555570289492607,0.9978775978088379,0.3037281632423401,0.5217902064323425,0.0353521928191185,0.9972745180130005,0.35191816091537476,0.4804519712924957,-0.14147663116455078,0.9999411106109619,0.3262757658958435,0.4462233781814575,0.14977483451366425,0.9999018311500549,0.3939805328845978,0.5790830850601196,-0.08303075283765793,0.6453642845153809,0.2718934118747711,0.5745416879653931,0.10037097334861755,0.5954836010932922,0.38772544264793396,0.5662593245506287,0.106259785592556,0.5848333239555359,0.21529236435890198,0.676481306552887,-0.06179120019078255,0.6521540284156799,0.38502225279808044,0.5765073895454407,0.11118783056735992,0.56894451379776,0.2067297101020813,0.7122375965118408,-0.0851651281118393,0.6522130370140076,0.38297921419143677,0.5646885633468628,0.10172044485807419,0.573318600654602,0.20710481703281403,0.7161304950714111,-0.09894152730703354,0.653389036655426,0.3825731873512268,0.5621190071105957,0.1083606407046318,0.5554608106613159,0.21156440675258636,0.7027097940444946,-0.07678468525409698,0.6432967185974121,0.4813596308231354,0.4911843240261078,-0.09823700785636902,0.9999560117721558,0.490467369556427,0.4839065670967102,0.09790461510419846,0.9999764561653137,0.36192551255226135,0.5945574045181274,-0.01636696234345436,0.5750902891159058,0.5475107431411743,0.6338508129119873,0.16685177385807037,0.7106128334999084,0.37873557209968567,0.8033387660980225,0.09116240590810776,0.7436584234237671,0.6101571321487427,0.7913105487823486,0.2828409969806671,0.7930530905723572,0.39442071318626404,0.8432484865188599,0.09863608330488205,0.759194016456604,0.6285049915313721,0.8149012327194214,0.2944541275501251,0.7919666767120361,0.3308161497116089,0.8522531986236572,0.059948284178972244,0.7301519513130188,0.581917941570282,0.8476146459579468,0.25019216537475586,0.8029406666755676,144.9269263208224,30.0,150.40877129372382,-49.614650640791496,-1471.7063931072944
101,3.3666666666666667,0.308173269033432,0.5102044939994812,-0.16821320354938507,0.9977027773857117,0.3011918067932129,0.5087657570838928,-0.19603238999843597,0.9982941746711731,0.3024023473262787,0.5090373754501343,-0.19620701670646667,0.9982898235321045,0.30342599749565125,0.5085278153419495,-0.19612859189510345,0.9987534880638123,0.29721876978874207,0.4933026432991028,-0.18131843209266663,0.9983407855033875,0.2962949573993683,0.48609060049057007,-0.1816941648721695,0.9984786510467529,0.2957961857318878,0.4768558144569397,-0.18182621896266937,0.9988497495651245,0.30971840023994446,0.48919859528541565,-0.27488094568252563,0.9991392493247986,0.30403903126716614,0.4576130509376526,-0.20865823328495026,0.9977284073829651,0.3177856206893921,0.5024465322494507,-0.1889062076807022,0.998088002204895,0.3150297701358795,0.4913141429424286,-0.1714039295911789,0.9975452423095703,0.3744177222251892,0.48017561435699463,-0.29396307468414307,0.9999455809593201,0.3267696499824524,0.42672640085220337,-0.13011610507965088,0.9999105334281921,0.46429914236068726,0.5328001379966736,-0.2515907287597656,0.6113131642341614,0.2772737443447113,0.5564967393875122,-0.11703986674547195,0.5954487919807434,0.5290239453315735,0.5898599624633789,-0.1664828211069107,0.5364677906036377,0.2525889575481415,0.6728512048721313,-0.1566515564918518,0.6570751667022705,0.5461186170578003,0.5966660380363464,-0.1787857711315155,0.5207417607307434,0.2553194761276245,0.7093270421028137,-0.16567020118236542,0.651277482509613,0.5411238074302673,0.5958749651908875,-0.19878517091274261,0.5245049595832825,0.26072806119918823,0.7115626931190491,-0.18768464028835297,0.6527543663978577,0.5333485007286072,0.5906897783279419,-0.172467902302742,0.507297158241272,0.26163870096206665,0.6982147097587585,-0.16884177923202515,0.6396093368530273,0.4903174936771393,0.4866043031215668,-0.0787753313779831,0.9999566674232483,0.473770409822464,0.4756523370742798,0.07848350703716278,0.9999759197235107,0.4507730305194855,0.6056836247444153,-0.13257025182247162,0.6167660355567932,0.36802417039871216,0.5891777873039246,0.04583345726132393,0.673214852809906,0.5739010572433472,0.7331428527832031,-0.046906132251024246,0.7675368785858154,0.368665874004364,0.7917973399162292,0.09745091944932938,0.764944851398468,0.5970199704170227,0.7621490359306335,-0.041049081832170486,0.7787629961967468,0.38748493790626526,0.8225127458572388,0.10260303318500519,0.7639995217323303,0.5476351976394653,0.8033981323242188,-0.09216216951608658,0.7547501921653748,0.3290647268295288,0.8481265306472778,0.07864082604646683,0.7927713990211487,154.63592261886606,30.0,146.76456562547318,2.127674438410878,1092.8129599593042
102,3.4,0.3124352693557739,0.4946584701538086,-0.23811779916286469,0.9979311227798462,0.3053223788738251,0.49805641174316406,-0.2624337375164032,0.9984626770019531,0.30667340755462646,0.5010238289833069,-0.26263487339019775,0.9984579682350159,0.3077611029148102,0.5032025575637817,-0.2625408172607422,0.9988762736320496,0.30090370774269104,0.4760562479496002,-0.2507971525192261,0.9985054135322571,0.30003485083580017,0.46798408031463623,-0.25118717551231384,0.9986298084259033,0.29955407977104187,0.4613604247570038,-0.25131481885910034,0.9989641308784485,0.31367361545562744,0.4890666902065277,-0.3205556869506836,0.999223530292511,0.3074705898761749,0.4477135241031647,-0.2666546106338501,0.9979536533355713,0.32206255197525024,0.492247074842453,-0.25053033232688904,0.9982770085334778,0.3187195658683777,0.47065815329551697,-0.23654398322105408,0.997788667678833,0.38011619448661804,0.47926250100135803,-0.3151305019855499,0.9999487996101379,0.3261491656303406,0.4202904999256134,-0.18300285935401917,0.9999176859855652,0.47291675209999084,0.524834930896759,-0.2643355429172516,0.5801154971122742,0.2805815041065216,0.5480162501335144,-0.16460829973220825,0.5943229794502258,0.5323864817619324,0.5869847536087036,-0.18130631744861603,0.4909271001815796,0.25745365023612976,0.6692819595336914,-0.18905703723430634,0.6656127572059631,0.5464195013046265,0.5946405529975891,-0.19146817922592163,0.4752413332462311,0.2598592936992645,0.705281674861908,-0.1953546553850174,0.6542754769325256,0.5408386588096619,0.5909656286239624,-0.21268174052238464,0.47847965359687805,0.2647370994091034,0.7082087397575378,-0.21719756722450256,0.6562427282333374,0.5347184538841248,0.5859059691429138,-0.187952920794487,0.4621059000492096,0.2659012973308563,0.6945384740829468,-0.19996120035648346,0.640118420124054,0.4917784333229065,0.4808184504508972,-0.06398408859968185,0.9999560117721558,0.4608013331890106,0.4745483994483948,0.06364618241786957,0.9999736547470093,0.5036585330963135,0.5977988243103027,-0.22362786531448364,0.6549416184425354,0.3514830470085144,0.5787565112113953,0.013447348959743977,0.6554396748542786,0.5805495977401733,0.7260032296180725,-0.17598579823970795,0.7902545928955078,0.36061444878578186,0.7916214466094971,0.07168959826231003,0.7572099566459656,0.6051455736160278,0.7535492777824402,-0.17410358786582947,0.799081027507782,0.3766699433326721,0.8289110660552979,0.07697644084692001,0.7484081983566284,0.55385422706604,0.7958202958106995,-0.2454165369272232,0.7784141302108765,0.31365087628364563,0.8480966687202454,0.04971272125840187,0.7956679463386536,159.13086811133917,30.0,150.55061625628454,23.239546689828785,-2551.3510287369954
103,3.433333333333333,0.3352532386779785,0.5011383295059204,-0.40118980407714844,0.9980898499488831,0.3340587615966797,0.5005388855934143,-0.4306749105453491,0.9985535144805908,0.3362237811088562,0.5023173093795776,-0.4308781623840332,0.9985109567642212,0.33830201625823975,0.5038955807685852,-0.43080049753189087,0.9989286065101624,0.3279406428337097,0.49072128534317017,-0.412412166595459,0.9986105561256409,0.3254720866680145,0.4860856831073761,-0.41285085678100586,0.998732328414917,0.32293060421943665,0.48235344886779785,-0.4130571186542511,0.9990507364273071,0.34503328800201416,0.489020973443985,-0.4851939380168915,0.9992237687110901,0.32502758502960205,0.44849446415901184,-0.40460094809532166,0.9981016516685486,0.3429293930530548,0.49340707063674927,-0.41034841537475586,0.9983887672424316,0.3368445634841919,0.48370984196662903,-0.38811662793159485,0.99796062707901,0.4031631350517273,0.4722498059272766,-0.42693614959716797,0.9999397993087769,0.31826144456863403,0.4234563112258911,-0.31509140133857727,0.9999228119850159,0.48335233330726624,0.49492985010147095,-0.37818077206611633,0.5622057914733887,0.28385695815086365,0.5490673780441284,-0.2820263206958771,0.5516973733901978,0.5619271397590637,0.5028270483016968,-0.3100912868976593,0.47634565830230713,0.28376391530036926,0.665711522102356,-0.30679336190223694,0.6560980677604675,0.5858767032623291,0.48985591530799866,-0.3226158022880554,0.4520412087440491,0.2910402715206146,0.7047387361526489,-0.3159712553024292,0.6346556544303894,0.5860344767570496,0.48458370566368103,-0.35407543182373047,0.4562028646469116,0.2992077171802521,0.7009676694869995,-0.3468669056892395,0.6397984027862549,0.5782963633537292,0.4928368330001831,-0.32132598757743835,0.43667247891426086,0.29986879229545593,0.6874772906303406,-0.3211861848831177,0.6227782368659973,0.4797906279563904,0.4708214998245239,-0.043127112090587616,0.9999491572380066,0.4385344684123993,0.4410068988800049,0.04264545813202858,0.9999706149101257,0.4509683847427368,0.5807244777679443,-0.12976810336112976,0.6491448283195496,0.4014149308204651,0.5828866362571716,-0.019023753702640533,0.6072423458099365,0.5011875033378601,0.7295225858688354,-0.040942393243312836,0.7695526480674744,0.40120431780815125,0.7741866111755371,0.04975738376379013,0.7013776302337646,0.5169156789779663,0.7487294673919678,-0.0355219803750515,0.7647585272789001,0.3720664978027344,0.8287937641143799,0.0569087415933609,0.6890946626663208,0.5179531574249268,0.7687467336654663,-0.09112530201673508,0.760794460773468,0.3629368841648102,0.8404516577720642,0.013226194307208061,0.7481850981712341,149.71451993344476,30.0,148.31386873812843,-167.96239414405548,-4226.780336143333
104,3.466666666666667,0.37477821111679077,0.49340587854385376,-0.6761481761932373,0.9982762336730957,0.37921926379203796,0.4860363304615021,-0.6999658942222595,0.9986933469772339,0.38193339109420776,0.48630139231681824,-0.7002081274986267,0.9986532330513,0.38522228598594666,0.4865403473377228,-0.7001113295555115,0.9990310668945312,0.3717863857746124,0.4792691767215729,-0.6896476149559021,0.9987460970878601,0.369404137134552,0.4750994145870209,-0.6900543570518494,0.9988560080528259,0.36681997776031494,0.47180747985839844,-0.6902796030044556,0.9991433024406433,0.3943040072917938,0.47254157066345215,-0.6908920407295227,0.9992951154708862,0.3652089536190033,0.4490593671798706,-0.6482526063919067,0.9982858896255493,0.3786638677120209,0.4905185401439667,-0.6575908660888672,0.9985445141792297,0.3714801073074341,0.4856127202510834,-0.6461384296417236,0.9981592893600464,0.4187837839126587,0.46106356382369995,-0.5652297735214233,0.9999392628669739,0.3273005485534668,0.42330220341682434,-0.4990244209766388,0.9999287128448486,0.5105738043785095,0.43879398703575134,-0.524126410484314,0.5945906043052673,0.2980961501598358,0.5510537028312683,-0.4538719058036804,0.5223524570465088,0.6021671295166016,0.42522087693214417,-0.5247594714164734,0.5240915417671204,0.32665809988975525,0.6543956398963928,-0.46860218048095703,0.6732528209686279,0.6253830194473267,0.403458833694458,-0.5572379231452942,0.4971511662006378,0.33518970012664795,0.7000601291656494,-0.49165111780166626,0.6461143493652344,0.629276692867279,0.3945242464542389,-0.5956651568412781,0.5025199055671692,0.34611621499061584,0.6828570365905762,-0.5247504711151123,0.6550271511077881,0.6211684346199036,0.405122309923172,-0.5410167574882507,0.48159703612327576,0.34621477127075195,0.6667572855949402,-0.4832857549190521,0.6372368335723877,0.4305235743522644,0.4419437348842621,-0.034547556191682816,0.9998853802680969,0.38683465123176575,0.41418930888175964,0.03404580429196358,0.999951183795929,0.37869206070899963,0.5820235013961792,0.014933832921087742,0.605238139629364,0.3573833703994751,0.5749959945678711,0.0389922671020031,0.5603132843971252,0.354047566652298,0.7436294555664062,0.19758735597133636,0.7130170464515686,0.4578537940979004,0.6081714630126953,0.31244227290153503,0.6423190236091614,0.36353790760040283,0.7589909434318542,0.2137281447649002,0.708564817905426,0.4645460247993469,0.608705997467041,0.3371308147907257,0.628970742225647,0.3300378918647766,0.8206971883773804,0.17436443269252777,0.7066885828971863,0.43014219403266907,0.6762218475341797,0.3113348186016083,0.6826567649841309,141.2750465641659,30.0,139.3531233133475,-258.5458090530601,-258.31221138433506
105,3.5,0.42499297857284546,0.4639950096607208,-0.730886697769165,0.9984341263771057,0.42900216579437256,0.4515681862831116,-0.7459121346473694,0.9988131523132324,0.43089914321899414,0.44991517066955566,-0.7462072372436523,0.9987750053405762,0.4330139458179474,0.4479372203350067,-0.7461223602294922,0.9991182684898376,0.4204261004924774,0.45235922932624817,-0.7422491312026978,0.998863160610199,0.4159003794193268,0.45087143778800964,-0.7426459789276123,0.9989635348320007,0.4123518168926239,0.4499245584011078,-0.7429029941558838,0.9992227554321289,0.4288085997104645,0.43063029646873474,-0.6942451000213623,0.999355673789978,0.4005573093891144,0.4374748766422272,-0.6814356446266174,0.9984421133995056,0.4249066114425659,0.46428385376930237,-0.6960798501968384,0.9986734390258789,0.41448280215263367,0.4642404019832611,-0.6935879588127136,0.998325526714325,0.44093063473701477,0.39530473947525024,-0.5495280027389526,0.9999403357505798,0.3379508852958679,0.4603824317455292,-0.5097852349281311,0.9999319911003113,0.5268545746803284,0.39406687021255493,-0.5297573208808899,0.6321911215782166,0.30914774537086487,0.545283317565918,-0.435644268989563,0.5411571264266968,0.6119385957717896,0.36885491013526917,-0.6009281277656555,0.5711119174957275,0.3451123833656311,0.6467300653457642,-0.4495762586593628,0.7026460766792297,0.6333673000335693,0.34543412923812866,-0.6431675553321838,0.546113908290863,0.35385605692863464,0.6859648823738098,-0.4707227349281311,0.6760299801826477,0.6354968547821045,0.3414258360862732,-0.6798971891403198,0.5511612892150879,0.36253929138183594,0.6707217693328857,-0.5119964480400085,0.6852213740348816,0.6297469735145569,0.3478028178215027,-0.6183096170425415,0.531898558139801,0.3602530360221863,0.6560169458389282,-0.466696172952652,0.6688700914382935,0.4127284288406372,0.42122456431388855,-0.020398156717419624,0.9997653961181641,0.3776561915874481,0.4192776381969452,0.01998656988143921,0.999887228012085,0.38013750314712524,0.5588679909706116,-0.02746870368719101,0.5732385516166687,0.3548957407474518,0.5791890025138855,-0.08595046401023865,0.5485392212867737,0.3497423827648163,0.7257418036460876,0.0988684594631195,0.691362738609314,0.3987630009651184,0.6596001982688904,0.08495323359966278,0.6036476492881775,0.3526744842529297,0.7407867908477783,0.10805728286504745,0.6964476704597473,0.41000643372535706,0.671029806137085,0.1031070128083229,0.589446485042572,0.3021283745765686,0.8262491822242737,0.0307825468480587,0.707129716873169,0.3989016115665436,0.6931164264678955,0.015208402648568153,0.6522181034088135,121.21751548852818,30.0,131.07748146792443,-185.18320823634448,3182.1915508476145
106,3.533333333333333,0.4564291536808014,0.4033837914466858,-0.5347396731376648,0.9985876083374023,0.4597310423851013,0.39414432644844055,-0.5533044934272766,0.998925507068634,0.46045050024986267,0.3952328562736511,-0.5536510348320007,0.9988905191421509,0.4613070785999298,0.3961751163005829,-0.5535498261451721,0.9991979002952576,0.45535001158714294,0.3883078694343567,-0.5591006875038147,0.9989716410636902,0.45431432127952576,0.39038896560668945,-0.5594615936279297,0.9990637898445129,0.45323869585990906,0.39021649956703186,-0.5596325397491455,0.9992954730987549,0.45406481623649597,0.3915458917617798,-0.5414276123046875,0.9994164109230042,0.4431723356246948,0.3975735902786255,-0.5761778354644775,0.9985930919647217,0.44400137662887573,0.4059237837791443,-0.5159139037132263,0.9987939596176147,0.4371224045753479,0.39817366003990173,-0.5271393060684204,0.9984809160232544,0.434524804353714,0.37441256642341614,-0.4478994607925415,0.9999457597732544,0.37420886754989624,0.45600977540016174,-0.4873528480529785,0.9999375939369202,0.4917094111442566,0.3704403340816498,-0.452223002910614,0.6672751903533936,0.337954044342041,0.5325906276702881,-0.5801585912704468,0.5852721929550171,0.5918954610824585,0.32653072476387024,-0.5174728631973267,0.6136637926101685,0.3511882424354553,0.626461923122406,-0.7050133347511292,0.7320981025695801,0.6122081279754639,0.30049970746040344,-0.5542109608650208,0.5909183025360107,0.35896214842796326,0.662898063659668,-0.7538870573043823,0.7080007791519165,0.6137507557868958,0.29862329363822937,-0.593898594379425,0.5955340266227722,0.3658803403377533,0.6547785997390747,-0.7674406170845032,0.7163330912590027,0.6108925342559814,0.3062838017940521,-0.536055862903595,0.5780262351036072,0.3643591105937958,0.6404671669006348,-0.716715395450592,0.7013784646987915,0.41547223925590515,0.39830130338668823,0.02002714015543461,0.9997880458831787,0.3729466497898102,0.42784610390663147,-0.02028712071478367,0.9998977184295654,0.49786001443862915,0.3837639391422272,0.15011048316955566,0.6133918166160583,0.34712469577789307,0.5846235156059265,-0.14614512026309967,0.5927979946136475,0.5930965542793274,0.33012521266937256,0.2801755964756012,0.7215815782546997,0.3294888138771057,0.7615237832069397,-0.06886734068393707,0.6428118944168091,0.60384601354599,0.32585668563842773,0.28748220205307007,0.7255613207817078,0.36846986413002014,0.701493501663208,-0.06317697465419769,0.6277911067008972,0.618830144405365,0.2915326654911041,0.18632151186466217,0.7357923984527588,0.32151949405670166,0.7655736207962036,-0.14116254448890686,0.6865638494491577,158.237830387394,30.0,127.00757609759121,-46.39970566321914,4300.325770820701
107,3.5666666666666664,0.39656776189804077,0.4094567894935608,-0.47713565826416016,0.9983275532722473,0.39945799112319946,0.4003784954547882,-0.4939798414707184,0.9985548853874207,0.4019099175930023,0.3994279205799103,-0.4942933917045593,0.9985248446464539,0.4041905999183655,0.398454487323761,-0.49426767230033875,0.9989103674888611,0.3931047320365906,0.3997943103313446,-0.4803585112094879,0.9985890984535217,0.39150160551071167,0.3986925780773163,-0.4807933270931244,0.9987398386001587,0.3902873396873474,0.3972853124141693,-0.4809549152851105,0.9989637136459351,0.40419963002204895,0.38219699263572693,-0.4986477196216583,0.99920254945755,0.3881451189517975,0.38671404123306274,-0.44040536880493164,0.997750461101532,0.39659687876701355,0.40741458535194397,-0.46901875734329224,0.9979308843612671,0.3923434615135193,0.40386003255844116,-0.4534893035888672,0.9974653720855713,0.4169847071170807,0.35235798358917236,-0.4449595808982849,0.9999468922615051,0.3700605034828186,0.39277493953704834,-0.33034810423851013,0.999922513961792,0.37180715799331665,0.42866289615631104,-0.45891302824020386,0.696266233921051,0.33372846245765686,0.44119784235954285,-0.32039105892181396,0.5566489696502686,0.34760501980781555,0.5472909212112427,-0.44653937220573425,0.6471344828605652,0.3153827488422394,0.43929803371429443,-0.53619384765625,0.6655396223068237,0.3519149720668793,0.5908271074295044,-0.4785516858100891,0.6240598559379578,0.3219092786312103,0.43247559666633606,-0.6617629528045654,0.6432071924209595,0.34583574533462524,0.5969778299331665,-0.47902944684028625,0.6286186575889587,0.3363119065761566,0.4343678653240204,-0.5144073963165283,0.6508015990257263,0.34786683320999146,0.580795407295227,-0.4451201856136322,0.6051532626152039,0.32883748412132263,0.4388839602470398,-0.6167888641357422,0.636213481426239,0.4610433578491211,0.34862709045410156,-0.009419096633791924,0.9998071789741516,0.3897048532962799,0.38814082741737366,0.009153570979833603,0.9999063611030579,0.5270388722419739,0.3241223394870758,0.12863488495349884,0.6454400420188904,0.3571516275405884,0.5132810473442078,-0.22605977952480316,0.6325516104698181,0.5830219388008118,0.2553792893886566,0.35747942328453064,0.7459496259689331,0.33574333786964417,0.7611453533172607,-0.30145522952079773,0.6781757473945618,0.5842750668525696,0.2477610558271408,0.3753771483898163,0.7454267740249634,0.3377508819103241,0.7406889796257019,-0.3118978440761566,0.6636366844177246,0.599004864692688,0.20379406213760376,0.2756696343421936,0.7580962181091309,0.30381885170936584,0.7994242906570435,-0.42540451884269714,0.7177185416221619,83.19623585285484,30.0,127.98416775704315,101.50517648503559,3828.4638004828107
108,3.6,0.3701114058494568,0.43494659662246704,-0.41859960556030273,0.998203694820404,0.3620835244655609,0.42735952138900757,-0.438262403011322,0.9982536435127258,0.36129382252693176,0.42622390389442444,-0.43855127692222595,0.998146116733551,0.36106255650520325,0.42505839467048645,-0.4385134279727936,0.9986129999160767,0.3641073405742645,0.4251347780227661,-0.42194661498069763,0.998335063457489,0.36561667919158936,0.42301666736602783,-0.4223557710647583,0.9985191226005554,0.3657864034175873,0.42054319381713867,-0.4225011169910431,0.9987560510635376,0.3643111288547516,0.4063064157962799,-0.46181565523147583,0.998774528503418,0.37107551097869873,0.4062372148036957,-0.39043423533439636,0.9969542026519775,0.3729032278060913,0.4261016547679901,-0.41855576634407043,0.9969382286071777,0.37453433871269226,0.42535722255706787,-0.39923107624053955,0.9962831139564514,0.413239061832428,0.3669724762439728,-0.4276764690876007,0.9999460577964783,0.3666243851184845,0.3795287311077118,-0.3142164349555969,0.9999163150787354,0.35496124625205994,0.44608238339424133,-0.4710486829280853,0.7189382910728455,0.3250109851360321,0.3972022831439972,-0.3362039029598236,0.545407772064209,0.33564725518226624,0.5699706673622131,-0.47884267568588257,0.6679628491401672,0.3083612024784088,0.40111279487609863,-0.4154405891895294,0.6128072142601013,0.3386691212654114,0.6100038886070251,-0.5151992440223694,0.6397519111633301,0.29800066351890564,0.3992035984992981,-0.4512535631656647,0.589616596698761,0.3362967073917389,0.6147840619087219,-0.5153579115867615,0.6452164649963379,0.3048151135444641,0.40155085921287537,-0.4499221444129944,0.5965223908424377,0.33613091707229614,0.6020200848579407,-0.47808825969696045,0.610531210899353,0.3069612681865692,0.40368524193763733,-0.4293159544467926,0.580778956413269,0.46998295187950134,0.35132795572280884,-0.016273967921733856,0.9998254776000977,0.3998795449733734,0.38158851861953735,0.015996644273400307,0.9999151825904846,0.5311440229415894,0.33775216341018677,0.17312495410442352,0.656136691570282,0.3674599230289459,0.533398449420929,-0.17532669007778168,0.6658679842948914,0.5785706639289856,0.26155078411102295,0.4139193296432495,0.7561290860176086,0.3347570300102234,0.7716137170791626,-0.2415916919708252,0.7096482515335083,0.5800679922103882,0.2557619512081146,0.43295958638191223,0.7439610362052917,0.3371906876564026,0.7417219877243042,-0.25124064087867737,0.6931849122047424,0.5950424075126648,0.2116558849811554,0.34429559111595154,0.7670648694038391,0.30206358432769775,0.8099812865257263,-0.35291942954063416,0.745553195476532,127.91412642072908,30.0,133.77458786326025,208.83121436896823,2263.128768367964
109,3.6333333333333333,0.3678807020187378,0.4329623579978943,-0.5665462017059326,0.9983710646629333,0.3607372045516968,0.42034003138542175,-0.5792478919029236,0.9984071254730225,0.36049357056617737,0.418258398771286,-0.5795666575431824,0.9983116388320923,0.3608032464981079,0.41613680124282837,-0.5796087384223938,0.9987314343452454,0.3611401617527008,0.4241865277290344,-0.5647705793380737,0.9984807372093201,0.36178576946258545,0.42352014780044556,-0.5652015805244446,0.998652458190918,0.3615843653678894,0.4230653941631317,-0.5653117299079895,0.9988625645637512,0.365909606218338,0.3934006690979004,-0.5581802725791931,0.9988789558410645,0.3652117848396301,0.4016018509864807,-0.49481675028800964,0.9972164034843445,0.3708641231060028,0.4259907603263855,-0.5490670800209045,0.9971840977668762,0.3715488314628601,0.42313358187675476,-0.5322713255882263,0.9965834021568298,0.41045910120010376,0.3417935371398926,-0.48712241649627686,0.9999459385871887,0.35999539494514465,0.38782018423080444,-0.3976704776287079,0.9999203681945801,0.3566429316997528,0.42801597714424133,-0.5429659485816956,0.746813178062439,0.2767828404903412,0.3815353512763977,-0.42508581280708313,0.590316653251648,0.3225422203540802,0.5492385029792786,-0.6137956976890564,0.7008726596832275,0.20314131677150726,0.3932173252105713,-0.5012235045433044,0.6491152048110962,0.31676456332206726,0.5709770917892456,-0.6639420390129089,0.6751452684402466,0.1862349510192871,0.39286601543426514,-0.535938560962677,0.6262176036834717,0.3098030090332031,0.5703458786010742,-0.6696147918701172,0.6801267862319946,0.1849946677684784,0.3994992971420288,-0.5441634058952332,0.6323721408843994,0.31231507658958435,0.5587610006332397,-0.6179229021072388,0.6485139727592468,0.19288931787014008,0.4009671211242676,-0.5096275806427002,0.616838276386261,0.45522263646125793,0.34298479557037354,-0.01892949268221855,0.9998421669006348,0.41391754150390625,0.39781463146209717,0.01866559498012066,0.9999234080314636,0.5408469438552856,0.3148701786994934,0.022099528461694717,0.6893860101699829,0.37889042496681213,0.5603414177894592,-0.17535556852817535,0.6990776658058167,0.5376508235931396,0.26927322149276733,0.33598360419273376,0.7588934302330017,0.3408643901348114,0.7885834574699402,-0.18689902126789093,0.7385768294334412,0.5387223362922668,0.26450657844543457,0.36766818165779114,0.7505218982696533,0.33767586946487427,0.80583256483078,-0.18992188572883606,0.723038911819458,0.5424589514732361,0.2425287663936615,0.3094245493412018,0.7744327783584595,0.3157086670398712,0.848824143409729,-0.2735268175601959,0.7709113359451294,150.4354070922958,30.0,141.90624871497437,252.38042770956653,42.225410688019025
110,3.6666666666666665,0.37855952978134155,0.3971812427043915,-0.598802387714386,0.9984616041183472,0.37237632274627686,0.38695845007896423,-0.6062499284744263,0.9984884262084961,0.37250134348869324,0.38529109954833984,-0.6065919399261475,0.9983652830123901,0.37316253781318665,0.38355639576911926,-0.6066167950630188,0.9987956881523132,0.3707081377506256,0.3930443227291107,-0.5994678735733032,0.9985621571540833,0.3701311945915222,0.39306604862213135,-0.5998588800430298,0.9987151026725769,0.36890584230422974,0.3935900330543518,-0.5999671220779419,0.9989221692085266,0.3814393877983093,0.37162908911705017,-0.5663661956787109,0.9989334940910339,0.37665116786956787,0.38086286187171936,-0.5342222452163696,0.9973010420799255,0.38913920521736145,0.38990283012390137,-0.5739120841026306,0.9972848296165466,0.3834908604621887,0.39310798048973083,-0.56655353307724,0.9967166185379028,0.42385372519493103,0.34462469816207886,-0.46859210729599,0.9999324679374695,0.3765222430229187,0.37349238991737366,-0.4313904345035553,0.9998987913131714,0.38490357995033264,0.3751324415206909,-0.5328834056854248,0.7511914372444153,0.28233781456947327,0.3764286935329437,-0.4682459235191345,0.6004347205162048,0.31061142683029175,0.4552116096019745,-0.6554204225540161,0.694919228553772,0.18167366087436676,0.37637951970100403,-0.5418075919151306,0.6298093795776367,0.30059757828712463,0.4983968138694763,-0.7051507830619812,0.6674932837486267,0.16406339406967163,0.3603834807872772,-0.5825425386428833,0.6015380024909973,0.290998250246048,0.49058279395103455,-0.7101699709892273,0.6716909408569336,0.15760566294193268,0.37744930386543274,-0.5846372246742249,0.6060557961463928,0.29523831605911255,0.47438862919807434,-0.6603908538818359,0.634928286075592,0.17286467552185059,0.3698161244392395,-0.5475434064865112,0.5859141945838928,0.45607179403305054,0.3430105745792389,0.001208593836054206,0.999851405620575,0.41929224133491516,0.3838345408439636,-0.0015699489740654826,0.9999276399612427,0.5597493052482605,0.2854507565498352,-0.002821793081238866,0.6705815196037292,0.34324324131011963,0.4716944396495819,-0.17249734699726105,0.7073690891265869,0.5337452292442322,0.25203749537467957,0.3356834352016449,0.6943804025650024,0.35381367802619934,0.781835675239563,-0.16085730493068695,0.7555453181266785,0.5267041325569153,0.2516216039657593,0.3696025311946869,0.7019361853599548,0.3467445969581604,0.7988479733467102,-0.1606353372335434,0.7312473058700562,0.5299553275108337,0.2124778926372528,0.3282126784324646,0.7122904658317566,0.3025473356246948,0.775087833404541,-0.23434284329414368,0.7859295606613159,165.11932003297605,30.0,150.5999497105647,211.6462417481695,-16.30005859685184
111,3.6999999999999997,,,,,,,,,,,,,,,,,,,,,,,,,,,,,,,,,,,,,,,,,,,,,,,,,,,,,,,,,,,,,,,,,,,,,,,,,,,,,,,,,,,,,,,,,,,,,,,,,,,,,,,,,,,,,,,,,,,,,,,,,,,,,,,,,,,,,,30.0,156.01599816485233,251.29375713644308,-1213.4062235678023
112,3.7333333333333334,0.597086489200592,0.2866894006729126,-0.48367998003959656,0.9986076951026917,0.5995535254478455,0.2659929394721985,-0.48188620805740356,0.9986144304275513,0.5994539260864258,0.2638736069202423,-0.48211973905563354,0.9984963536262512,0.599405825138092,0.26154622435569763,-0.4821184575557709,0.9988841414451599,0.5961529016494751,0.26633405685424805,-0.5043399930000305,0.9987014532089233,0.5938122272491455,0.2648770809173584,-0.5047018527984619,0.99884033203125,0.5907163619995117,0.2631608247756958,-0.5049647688865662,0.9990274310112,0.5812610983848572,0.24946919083595276,-0.4196125268936157,0.9990075826644897,0.5700360536575317,0.2514120936393738,-0.5170086026191711,0.9975649118423462,0.5883070826530457,0.29579398036003113,-0.4513690173625946,0.9975194931030273,0.5840330719947815,0.2958117723464966,-0.481550395488739,0.9970343708992004,0.5678743720054626,0.26563403010368347,-0.2938935458660126,0.9999357461929321,0.48206964135169983,0.25861185789108276,-0.4226423501968384,0.9999082684516907,0.542847216129303,0.2219584733247757,-0.027763038873672485,0.6766953468322754,0.39593350887298584,0.3051553964614868,-0.33493131399154663,0.6394522786140442,0.5248280763626099,0.22632110118865967,0.25838738679885864,0.625566840171814,0.3147656321525574,0.3284018635749817,-0.203361377120018,0.6479578018188477,0.5218545198440552,0.20607568323612213,0.3048224449157715,0.6009659767150879,0.2912599444389343,0.32898566126823425,-0.19647039473056793,0.6033716797828674,0.517475426197052,0.2091844528913498,0.27869999408721924,0.6047536730766296,0.2882588505744934,0.3316272497177124,-0.22073954343795776,0.6098535656929016,0.516700267791748,0.215412437915802,0.2569088339805603,0.5717105865478516,0.29761216044425964,0.3330531418323517,-0.21016208827495575,0.5816218256950378,0.45102307200431824,0.39060676097869873,0.024045348167419434,0.9998655319213867,0.4088655710220337,0.33445724844932556,-0.024200381711125374,0.9999344348907471,0.42703723907470703,0.5912497639656067,-0.12087991088628769,0.6820599436759949,0.293955534696579,0.3589054346084595,-0.04016168415546417,0.7150281667709351,0.36775118112564087,0.7900750637054443,-0.11659765988588333,0.71181720495224,0.16959156095981598,0.3698924481868744,-0.00550313713029027,0.7711646556854248,0.3477391004562378,0.8166732788085938,-0.12425064295530319,0.7053964734077454,0.1577330231666565,0.3805611729621887,-0.0076574888080358505,0.7143627405166626,0.3797628581523895,0.8702709674835205,-0.24007532000541687,0.7335436940193176,0.11583120375871658,0.38404580950737,-0.1188196986913681,0.7996093034744263,162.64068415578868,30.0,167.35286685299423,130.75249351031601,-3784.076736692965
113,3.7666666666666666,0.6018059253692627,0.26868993043899536,-0.37098902463912964,0.9987260699272156,0.6039713025093079,0.24924245476722717,-0.36229240894317627,0.9986828565597534,0.6037774682044983,0.24755901098251343,-0.3625768721103668,0.998543918132782,0.6036120057106018,0.2458200454711914,-0.362552672624588,0.998903214931488,0.6006622910499573,0.24840019643306732,-0.3902343511581421,0.9988193511962891,0.5980042815208435,0.24650505185127258,-0.39058157801628113,0.9989472031593323,0.5951544046401978,0.24449525773525238,-0.39085426926612854,0.9991188049316406,0.5861590504646301,0.23352432250976562,-0.29009830951690674,0.9989979863166809,0.5771158337593079,0.23195846378803253,-0.4147190749645233,0.9977929592132568,0.5924106240272522,0.2782811224460602,-0.3378241956233978,0.9976850748062134,0.5884835124015808,0.2779192328453064,-0.3756512403488159,0.9973084330558777,0.5673258900642395,0.2670091688632965,-0.17716066539287567,0.9999252557754517,0.4916125535964966,0.2453964501619339,-0.3904654383659363,0.9999164938926697,0.5560809373855591,0.2651095986366272,0.04807905852794647,0.6097995042800903,0.40574029088020325,0.2670225501060486,-0.4047148823738098,0.6752129197120667,0.5558823347091675,0.2442537397146225,0.26525962352752686,0.5635204315185547,0.32446417212486267,0.27257049083709717,-0.39609166979789734,0.6810539960861206,0.5627183318138123,0.24353532493114471,0.305235356092453,0.541724681854248,0.2976924180984497,0.2661519944667816,-0.41538915038108826,0.6377538442611694,0.5605208873748779,0.2535046935081482,0.27657634019851685,0.5452179908752441,0.2946425676345825,0.2689659595489502,-0.433189332485199,0.6441447138786316,0.5583801865577698,0.26037412881851196,0.25923454761505127,0.5156881809234619,0.30549392104148865,0.2786976993083954,-0.4043203592300415,0.6156322360038757,0.4499998986721039,0.38927164673805237,0.04687965288758278,0.9998774528503418,0.4079672396183014,0.3304376006126404,-0.047072093933820724,0.9999402761459351,0.4266413748264313,0.5945088863372803,-0.06163810193538666,0.700317919254303,0.30816972255706787,0.36144790053367615,-0.04137270152568817,0.7378870248794556,0.36963558197021484,0.78959059715271,-0.06974300742149353,0.7378172874450684,0.20377999544143677,0.39177602529525757,0.05270657688379288,0.7914466857910156,0.3507937788963318,0.8157499432563782,-0.07707979530096054,0.7271957397460938,0.19152650237083435,0.40090179443359375,0.060326941311359406,0.7234914898872375,0.38503292202949524,0.8702747821807861,-0.17176802456378937,0.7581278681755066,0.15616685152053833,0.41416439414024353,-0.01410713605582714,0.8162053823471069,161.71027991745078,30.0,164.73283106554007,-0.978025309754571,-1695.3325832483522
114,3.8,0.6062110662460327,0.2502690851688385,-0.24072402715682983,0.9988363981246948,0.6084141135215759,0.23044520616531372,-0.23113656044006348,0.9987746477127075,0.6078616380691528,0.22804178297519684,-0.2313857525587082,0.9986374974250793,0.6072413325309753,0.2254718691110611,-0.23130744695663452,0.9989675283432007,0.6057157516479492,0.2309955358505249,-0.26168292760849,0.9989273548126221,0.6028770208358765,0.22853828966617584,-0.2620202898979187,0.9990442395210266,0.5998086333274841,0.22535449266433716,-0.26221325993537903,0.9992021322250366,0.5916243195533752,0.21260274946689606,-0.16277088224887848,0.9990416765213013,0.5827920436859131,0.2108558714389801,-0.2998833656311035,0.9980031847953796,0.596038281917572,0.25804874300956726,-0.2089504599571228,0.9978606700897217,0.5919429659843445,0.2570907175540924,-0.250542551279068,0.9975598454475403,0.5660575032234192,0.25354182720184326,-0.06356564164161682,0.9999232888221741,0.49954360723495483,0.21812587976455688,-0.28491565585136414,0.9999242424964905,0.5248931646347046,0.25296205282211304,0.09796474128961563,0.5497026443481445,0.4249216318130493,0.2307475358247757,-0.22528190910816193,0.7059195637702942,0.4892931878566742,0.24244371056556702,0.2186868041753769,0.5074284076690674,0.35743898153305054,0.22693663835525513,-0.12298005074262619,0.7015945315361023,0.47805607318878174,0.24226760864257812,0.24258236587047577,0.4880433678627014,0.3393913805484772,0.22408966720104218,-0.1286306083202362,0.6553239226341248,0.4783417880535126,0.25105100870132446,0.2094200700521469,0.49120116233825684,0.3368045389652252,0.2271718680858612,-0.1446281224489212,0.661723792552948,0.48344162106513977,0.2542036175727844,0.20901577174663544,0.464678555727005,0.3449645936489105,0.23217594623565674,-0.12681248784065247,0.627532958984375,0.4434894621372223,0.3665376305580139,0.06455736607313156,0.9998883605003357,0.40775516629219055,0.3054352402687073,-0.06457594782114029,0.9999455809593201,0.4284452199935913,0.5882405638694763,-0.042514167726039886,0.7181745767593384,0.3685087263584137,0.3589559495449066,-0.29100334644317627,0.763376772403717,0.37406492233276367,0.7868920564651489,-0.08423708379268646,0.7614285349845886,0.2936846911907196,0.4171212911605835,-0.25678226351737976,0.810321569442749,0.3549632430076599,0.8112300038337708,-0.09335596114397049,0.7492441534996033,0.2616014778614044,0.436262845993042,-0.2531103491783142,0.7419103384017944,0.39702555537223816,0.8701958060264587,-0.17892488837242126,0.7806206345558167,0.2580089867115021,0.4533729553222656,-0.31136173009872437,0.8327192664146423,159.8095437556933,30.0,167.28766516567725,17.730321293759204,-2197.7128240945617
115,3.8333333333333335,0.6070027947425842,0.23515480756759644,-0.12307719886302948,0.9989362955093384,0.6091731786727905,0.21354667842388153,-0.10858993977308273,0.9988774061203003,0.60829097032547,0.21079744398593903,-0.1088719293475151,0.9987542033195496,0.6072603464126587,0.2076411247253418,-0.10883048176765442,0.9990545511245728,0.6076039671897888,0.21399828791618347,-0.14016415178775787,0.9990238547325134,0.6053646802902222,0.2121678739786148,-0.1404523253440857,0.9991300702095032,0.6027230024337769,0.20964127779006958,-0.140604168176651,0.9992741346359253,0.5921533107757568,0.1941627413034439,-0.03918468579649925,0.9991255402565002,0.5862430930137634,0.19331224262714386,-0.18234826624393463,0.9981843829154968,0.5964175462722778,0.24003027379512787,-0.09224756062030792,0.9980264902114868,0.5935044884681702,0.24000561237335205,-0.13562926650047302,0.9977725148200989,0.5592451095581055,0.23185661435127258,0.044714756309986115,0.9999276995658875,0.5063556432723999,0.20167924463748932,-0.17563238739967346,0.9999274015426636,0.5102404356002808,0.2226613163948059,0.19882339239120483,0.4991379976272583,0.456216424703598,0.20533987879753113,-0.09991630166769028,0.7081741094589233,0.4500887095928192,0.23391875624656677,0.3092619776725769,0.4594634473323822,0.41718509793281555,0.20016910135746002,0.040735792368650436,0.6755759119987488,0.4379691183567047,0.2357533723115921,0.33790427446365356,0.44334256649017334,0.40330982208251953,0.1979730725288391,0.04673624411225319,0.6352066397666931,0.4384966790676117,0.24583403766155243,0.3064728379249573,0.4460626542568207,0.403560996055603,0.19626936316490173,0.043454788625240326,0.6409382224082947,0.43994465470314026,0.24344290792942047,0.3011033236980438,0.4219571053981781,0.4082435667514801,0.19936712086200714,0.043819610029459,0.6016868352890015,0.4304368793964386,0.36299893260002136,0.0747787207365036,0.9998990297317505,0.3981672525405884,0.3092941343784332,-0.0747486874461174,0.9999499917030334,0.429597407579422,0.5744149684906006,-0.08484487980604172,0.7426812052726746,0.4064401388168335,0.3556499481201172,-0.3822450339794159,0.7865182161331177,0.37870657444000244,0.7855570912361145,-0.21986010670661926,0.7825749516487122,0.39914706349372864,0.44447311758995056,-0.45755535364151,0.8251745700836182,0.358547180891037,0.8113223314285278,-0.23586511611938477,0.7710620164871216,0.38913339376449585,0.45109477639198303,-0.4629133641719818,0.7618682384490967,0.40373143553733826,0.8695259094238281,-0.293631911277771,0.8006525039672852,0.4305335581302643,0.44431471824645996,-0.496811181306839,0.8469964265823364,161.48610728215837,30.0,165.91485248512402,-147.49221358272536,-4111.445149347982
116,3.8666666666666667,0.60408616065979,0.21622641384601593,-0.03825654461979866,0.9990332722663879,0.6079339385032654,0.1958143562078476,-0.0232696495950222,0.9989798665046692,0.6068763136863708,0.19343258440494537,-0.02358650602400303,0.9988656044006348,0.6056500673294067,0.1906297206878662,-0.023584093898534775,0.9991394877433777,0.6069620847702026,0.19488877058029175,-0.05953812226653099,0.9991151094436646,0.6042179465293884,0.19263990223407745,-0.0597635880112648,0.9992110133171082,0.6015149354934692,0.18961168825626373,-0.059896282851696014,0.9993420243263245,0.590326189994812,0.16692157089710236,0.04018872231245041,0.9992058873176575,0.5845028758049011,0.16420584917068481,-0.12372434884309769,0.9983440637588501,0.5909249782562256,0.218928262591362,-0.010701244696974754,0.9981870651245117,0.5906705260276794,0.21825449168682098,-0.06011771038174629,0.9979685544967651,0.5322825908660889,0.206143319606781,0.11301618069410324,0.9999297261238098,0.5114420652389526,0.1745091825723648,-0.18970251083374023,0.99992835521698,0.48107871413230896,0.26008477807044983,0.20048338174819946,0.44968360662460327,0.4460201859474182,0.2252591997385025,-0.3589959442615509,0.6995745897293091,0.41985946893692017,0.3296768367290497,0.2261829972267151,0.413640558719635,0.41486504673957825,0.2273031771183014,-0.4856422245502472,0.6385627388954163,0.40063565969467163,0.3471718728542328,0.23423068225383759,0.39921027421951294,0.4040009677410126,0.2413284331560135,-0.5332276821136475,0.6096739172935486,0.39958497881889343,0.3494355082511902,0.1989552527666092,0.4016557037830353,0.41178131103515625,0.25139009952545166,-0.5204976797103882,0.6146087646484375,0.4065731465816498,0.34595251083374023,0.2115316540002823,0.37997183203697205,0.4150054156780243,0.2479614019393921,-0.48432591557502747,0.5685114860534668,0.4015918970108032,0.34995442628860474,0.09243962168693542,0.9999088048934937,0.3966484069824219,0.3122873902320862,-0.09261056780815125,0.9999539256095886,0.4313846528530121,0.5702496767044067,0.04953857511281967,0.7323291897773743,0.4897884428501129,0.3760302662849426,-0.1228381022810936,0.7743549942970276,0.38001853227615356,0.7838617563247681,0.005419914145022631,0.7946879267692566,0.566278338432312,0.4772961735725403,-0.12310934066772461,0.8292980790138245,0.35857298970222473,0.8107470870018005,-0.0036151581443846226,0.7847523093223572,0.5728548169136047,0.5211983919143677,-0.11988167464733124,0.7751783728599548,0.4161686897277832,0.8680654764175415,-0.0560227632522583,0.8122121095657349,0.6249228715896606,0.4520825743675232,-0.1098029762506485,0.8566334843635559,163.60473364552317,30.0,157.4548509268289,-256.3660219961062,-1530.9653338948258
117,3.9,0.5828062891960144,0.19903887808322906,0.08074678480625153,0.9991264939308167,0.5901555418968201,0.179794043302536,0.09404873102903366,0.9990795254707336,0.5893543362617493,0.17669755220413208,0.09376326948404312,0.9989760518074036,0.5884891152381897,0.17341725528240204,0.09372728317975998,0.9992232322692871,0.590615451335907,0.17931537330150604,0.05586937814950943,0.9992015957832336,0.589766800403595,0.17628368735313416,0.05557253211736679,0.9992881417274475,0.5889921188354492,0.1727699637413025,0.05539306253194809,0.9994063973426819,0.5796631574630737,0.15497227013111115,0.15260672569274902,0.9992843866348267,0.5807768702507019,0.15371747314929962,-0.022955628111958504,0.998505175113678,0.5700443387031555,0.19946351647377014,0.10826043784618378,0.9983605742454529,0.5712554454803467,0.19808341562747955,0.055588383227586746,0.9981648921966553,0.5100228786468506,0.17256426811218262,0.23001861572265625,0.9999321103096008,0.5284963846206665,0.1615642011165619,-0.11086539924144745,0.9999252557754517,0.4363817274570465,0.25083452463150024,0.3569086492061615,0.4088405966758728,0.583036482334137,0.17494623363018036,-0.33396050333976746,0.7285233736038208,0.39883750677108765,0.3190382719039917,0.4467077851295471,0.3749508261680603,0.6531844735145569,0.15900731086730957,-0.45639270544052124,0.6744078993797302,0.3886343240737915,0.3339281976222992,0.4751133620738983,0.3620200455188751,0.674363374710083,0.1632145345211029,-0.5051228404045105,0.6484578847885132,0.3814403712749481,0.3443789482116699,0.4386431872844696,0.3641621172428131,0.6766260266304016,0.16164924204349518,-0.4728860557079315,0.6528916954994202,0.38877105712890625,0.3424820005893707,0.43414536118507385,0.3450903296470642,0.6701726317405701,0.16150787472724915,-0.4483996033668518,0.611251950263977,0.3935042917728424,0.3459923267364502,0.10600332915782928,0.9999173283576965,0.4073648154735565,0.31420645117759705,-0.10645322501659393,0.9999571442604065,0.43543386459350586,0.5707781910896301,0.08907380700111389,0.758124053478241,0.5479620695114136,0.38725677132606506,-0.08833357691764832,0.7967737317085266,0.3844212591648102,0.7839884161949158,0.08104739338159561,0.815015971660614,0.6716171503067017,0.48706337809562683,-0.08760906755924225,0.8462390303611755,0.362358033657074,0.8143312335014343,0.0775071382522583,0.8058246374130249,0.6861622333526611,0.5245542526245117,-0.08714171499013901,0.7974939942359924,0.4238668978214264,0.8599340319633484,0.0088892113417387,0.8306308388710022,0.7365521192550659,0.4533795416355133,-0.12733066082000732,0.8709354996681213,161.20744951979208,30.0,148.82378435205027,-249.55656917571375,491.3215270217336
118,3.933333333333333,0.5802842378616333,0.1980300396680832,0.07088218629360199,0.9992112517356873,0.5872097015380859,0.1788284182548523,0.08270841091871262,0.9991701245307922,0.5860707759857178,0.1754746288061142,0.08239536732435226,0.9990764856338501,0.5850126147270203,0.17207813262939453,0.08235886693000793,0.9992996454238892,0.5875941514968872,0.17829246819019318,0.04436630383133888,0.9992800354957581,0.5866566896438599,0.1751326322555542,0.044069018214941025,0.9993579387664795,0.585948646068573,0.17186635732650757,0.043890561908483505,0.9994646906852722,0.576564610004425,0.1555406004190445,0.13731561601161957,0.9993552565574646,0.5788023471832275,0.15488648414611816,-0.038491323590278625,0.9986504316329956,0.5674735307693481,0.19684560596942902,0.09809491783380508,0.9985176920890808,0.5681228041648865,0.19577805697917938,0.04516672343015671,0.9983413815498352,0.502443253993988,0.1649627387523651,0.21538838744163513,0.9999352693557739,0.5305870771408081,0.16092801094055176,-0.1241995096206665,0.9999226927757263,0.43108421564102173,0.2462451159954071,0.3508501648902893,0.3742215633392334,0.5955272912979126,0.16801784932613373,-0.33716756105422974,0.7544131278991699,0.3907567262649536,0.3210386633872986,0.4510287642478943,0.3425332009792328,0.6584931015968323,0.15347298979759216,-0.44618290662765503,0.7065035104751587,0.3775073289871216,0.3385133743286133,0.4810062050819397,0.33075854182243347,0.6796255111694336,0.15757130086421967,-0.4934052526950836,0.6831833124160767,0.3770454227924347,0.34233367443084717,0.44549936056137085,0.3325769007205963,0.6805101037025452,0.1529083549976349,-0.4600483477115631,0.6871691346168518,0.3839162588119507,0.33625054359436035,0.43957507610321045,0.3155963718891144,0.6740996241569519,0.15335123240947723,-0.4373735785484314,0.6494366526603699,0.3926805257797241,0.3488023281097412,0.1073940098285675,0.9999250173568726,0.4143056571483612,0.31716883182525635,-0.10782262682914734,0.9999599456787109,0.4369017481803894,0.5712743401527405,0.07389869540929794,0.7803336977958679,0.5487075448036194,0.39260077476501465,-0.08728297054767609,0.8168315291404724,0.38554757833480835,0.785649299621582,0.06898702681064606,0.8331608176231384,0.6728299856185913,0.4876879155635834,-0.0952969640493393,0.8614795207977295,0.3638571798801422,0.8259523510932922,0.0656583234667778,0.8247297406196594,0.6857373118400574,0.5277035236358643,-0.09595193713903427,0.8175719380378723,0.4323146939277649,0.8598964214324951,-0.004782801028341055,0.8470744490623474,0.7418777942657471,0.4492660462856293,-0.15073992311954498,0.8838002681732178,164.49018325830392,30.0,140.81774631511465,-223.61125352799064,1842.7949007809616
119,3.966666666666667,0.5754755735397339,0.18700703978538513,0.1972396820783615,0.9992327690124512,0.5795179009437561,0.16706010699272156,0.2053229957818985,0.9991996884346008,0.578280508518219,0.16385672986507416,0.20506377518177032,0.999116063117981,0.5771419405937195,0.16101934015750885,0.20511895418167114,0.9993270039558411,0.5805408954620361,0.1675053983926773,0.1695878505706787,0.9992949366569519,0.5800382494926453,0.16510307788848877,0.1693079024553299,0.9993753433227539,0.5798424482345581,0.1629943549633026,0.16916745901107788,0.9994837045669556,0.5691518783569336,0.1495146006345749,0.23478248715400696,0.9993950724601746,0.5732900500297546,0.15089008212089539,0.0726969987154007,0.998691201210022,0.5644690990447998,0.18759305775165558,0.21572422981262207,0.998493492603302,0.5660337805747986,0.1873314380645752,0.16666890680789948,0.9983186721801758,0.49535712599754333,0.15602950751781464,0.2838098406791687,0.9999276399612427,0.5465065836906433,0.16122227907180786,-0.02711040899157524,0.9998894333839417,0.4334150552749634,0.23540958762168884,0.34138497710227966,0.33844631910324097,0.6273877024650574,0.17502713203430176,-0.1439448744058609,0.7750830054283142,0.3969232738018036,0.3222360908985138,0.36615264415740967,0.3093249797821045,0.7047045826911926,0.157765194773674,-0.1268180012702942,0.7328805327415466,0.3774372637271881,0.3440101444721222,0.4069088101387024,0.29881688952445984,0.7283737063407898,0.1635027378797531,-0.1543414294719696,0.7124696969985962,0.37879857420921326,0.35692769289016724,0.3712787926197052,0.3004104793071747,0.7297677397727966,0.15840472280979156,-0.12172046303749084,0.71574866771698,0.3855339586734772,0.3495621979236603,0.357034832239151,0.2852321267127991,0.7221232056617737,0.15701402723789215,-0.114898681640625,0.6811392903327942,0.39919620752334595,0.3504808843135834,0.10087285190820694,0.9999315142631531,0.4317059814929962,0.32122665643692017,-0.10143128037452698,0.9999619722366333,0.44192689657211304,0.5712735652923584,0.13597066700458527,0.799126386642456,0.5717655420303345,0.40132564306259155,-0.040701668709516525,0.8345600962638855,0.39489972591400146,0.7965554594993591,0.17302975058555603,0.8490433692932129,0.7021860480308533,0.4846886396408081,0.026245122775435448,0.8743613362312317,0.3743646740913391,0.8380452990531921,0.17474427819252014,0.8408909440040588,0.7203935384750366,0.5234424471855164,0.03271742910146713,0.8350006341934204,0.44167476892471313,0.8604407906532288,0.10081280767917633,0.8608301281929016,0.7610728144645691,0.44283485412597656,-0.013788124546408653,0.8951203227043152,110.2980593489334,30.0,133.91636745018423,-126.70357579031631,2803.3633231555036
120,4.0,0.5569584369659424,0.15128758549690247,0.32662782073020935,0.9991177916526794,0.5546190142631531,0.13228997588157654,0.3262172341346741,0.9991302490234375,0.5525223016738892,0.1290997564792633,0.32596713304519653,0.9990379214286804,0.5506166219711304,0.12675979733467102,0.32593005895614624,0.999298095703125,0.5587755441665649,0.13756293058395386,0.3050570487976074,0.9991766810417175,0.5594847798347473,0.1377362757921219,0.3047793507575989,0.9992396831512451,0.5603657364845276,0.13813665509223938,0.3046796917915344,0.9994106292724609,0.5418398380279541,0.12086143344640732,0.2996828258037567,0.9993877410888672,0.5554766058921814,0.1353563517332077,0.2030257284641266,0.9985640645027161,0.548885703086853,0.15427185595035553,0.32180628180503845,0.9984491467475891,0.5537299513816833,0.15836869180202484,0.2916963994503021,0.99821937084198,0.4705485701560974,0.14967972040176392,0.28134238719940186,0.9999232292175293,0.5519052743911743,0.1743568480014801,0.07594913989305496,0.9998900890350342,0.40196019411087036,0.23971107602119446,0.2869723439216614,0.32250234484672546,0.6382523775100708,0.18746478855609894,0.028507741168141365,0.778335690498352,0.42307600378990173,0.3254311680793762,0.25002142786979675,0.31005898118019104,0.708704948425293,0.16464076936244965,0.11385384202003479,0.7490130662918091,0.4144391417503357,0.34562045335769653,0.25424060225486755,0.2998332977294922,0.7274359464645386,0.17393837869167328,0.10183346271514893,0.7287208437919617,0.4077560603618622,0.34695515036582947,0.23148474097251892,0.3001919388771057,0.7285549640655518,0.17010875046253204,0.12312312424182892,0.7303299307823181,0.41631805896759033,0.3384467363357544,0.2397313416004181,0.2818446159362793,0.7222610712051392,0.1672753542661667,0.12161491811275482,0.6954483389854431,0.40449613332748413,0.34565454721450806,0.10013687610626221,0.9999218583106995,0.44913727045059204,0.3394564688205719,-0.09959742426872253,0.9999560117721558,0.4544416069984436,0.5685223340988159,0.09499308466911316,0.7380776405334473,0.5310416221618652,0.4866076409816742,-0.07548051327466965,0.8462675213813782,0.498169869184494,0.7054498791694641,0.10646169632673264,0.7963017225265503,0.5468899011611938,0.6602278351783752,-0.03979642316699028,0.8783364295959473,0.494709312915802,0.7344058752059937,0.10652149468660355,0.8161734938621521,0.5408512949943542,0.6917424201965332,-0.03747273236513138,0.8463410139083862,0.5272462368011475,0.7184386253356934,0.05573336407542229,0.8024975657463074,0.5749292969703674,0.6882765293121338,-0.09193853288888931,0.887606680393219,98.88832396913365,30.0,132.3708412624269,-36.72036531762373,1383.4189280200392
121,4.033333333333333,0.5140763521194458,0.1535007506608963,0.16672919690608978,0.9958287477493286,0.511542022228241,0.13836297392845154,0.1455710381269455,0.9954707026481628,0.5104045271873474,0.13683289289474487,0.14530770480632782,0.9951564073562622,0.5093219876289368,0.1354265809059143,0.14534111320972443,0.9968432784080505,0.5174666047096252,0.1389191597700119,0.13591772317886353,0.9951642751693726,0.5195656418800354,0.1383446902036667,0.1355704963207245,0.9959582090377808,0.522091805934906,0.1374296098947525,0.13541312515735626,0.9974501729011536,0.5069998502731323,0.13776983320713043,0.07297857105731964,0.9980870485305786,0.5229955315589905,0.13974210619926453,0.014516917988657951,0.9951279163360596,0.5131921172142029,0.1621730476617813,0.1442432552576065,0.9914520978927612,0.5183223485946655,0.16305997967720032,0.12924115359783173,0.991107702255249,0.4547961950302124,0.17060010135173798,0.07407946139574051,0.9998999834060669,0.557112991809845,0.17691472172737122,-0.06039514020085335,0.9998245239257812,0.3884984850883484,0.26931753754615784,0.08005724847316742,0.29957911372184753,0.6148613095283508,0.19513162970542908,-0.013080188073217869,0.7022660374641418,0.42665502429008484,0.3567992150783539,0.12090861797332764,0.2869206666946411,0.6512627005577087,0.1804785579442978,0.17558100819587708,0.6756961345672607,0.42561304569244385,0.37087732553482056,0.12845495343208313,0.2783425450325012,0.6554599404335022,0.18145829439163208,0.18447954952716827,0.6579439043998718,0.42019450664520264,0.3727007806301117,0.10623295605182648,0.27898475527763367,0.6543387770652771,0.17854396998882294,0.19932784140110016,0.6592339873313904,0.42796868085861206,0.36635637283325195,0.11295103281736374,0.26199376583099365,0.6509040594100952,0.17927417159080505,0.18376784026622772,0.627841591835022,0.43557289242744446,0.33780935406684875,0.046179674565792084,0.9999249577522278,0.49384400248527527,0.3380293548107147,-0.04640337452292442,0.9999513030052185,0.4625954329967499,0.5702651143074036,0.09288285672664642,0.6688429117202759,0.563345193862915,0.44169896841049194,0.07587385922670364,0.7637280821800232,0.4604302644729614,0.7703061699867249,0.09339920431375504,0.7448445558547974,0.6141127347946167,0.5576844215393066,0.19230416417121887,0.7934340238571167,0.4549116790294647,0.8016433715820312,0.09276782721281052,0.7779733538627625,0.6159558892250061,0.5237662196159363,0.2086590975522995,0.773034930229187,0.46958860754966736,0.8210469484329224,0.03253810107707977,0.7384776473045349,0.6343352794647217,0.5017769932746887,0.21586628258228302,0.8007950186729431,136.61328076720088,30.0,131.46834309567598,-34.47564725564703,-656.2058957211128
122,4.066666666666666,,,,,,,,,,,,,,,,,,,,,,,,,,,,,,,,,,,,,,,,,,,,,,,,,,,,,,,,,,,,,,,,,,,,,,,,,,,,,,,,,,,,,,,,,,,,,,,,,,,,,,,,,,,,,,,,,,,,,,,,,,,,,,,,,,,,,,30.0,130.0724647787171,-80.46742503236459,1350.413770931086
123,4.1,0.4443106949329376,0.24181999266147614,0.15329046547412872,0.9962296485900879,0.4433839023113251,0.21878699958324432,0.1277906447649002,0.9959127306938171,0.44349634647369385,0.21682962775230408,0.12759816646575928,0.9956272840499878,0.44351714849472046,0.21529564261436462,0.1276683211326599,0.9971466064453125,0.44492262601852417,0.21704834699630737,0.14975441992282867,0.9956416487693787,0.4463491439819336,0.2138964980840683,0.14945173263549805,0.9963567852973938,0.44784295558929443,0.21109667420387268,0.14938388764858246,0.9977004528045654,0.4524692893028259,0.20438173413276672,0.0476202629506588,0.9982692003250122,0.459168016910553,0.19925235211849213,0.14650283753871918,0.9956061244010925,0.45044469833374023,0.24966998398303986,0.1318068951368332,0.9921895265579224,0.4526059329509735,0.24821537733078003,0.1588781625032425,0.9918757081031799,0.45969897508621216,0.24949637055397034,-0.0428265705704689,0.999906599521637,0.5187192559242249,0.22919100522994995,0.1929219663143158,0.9997854232788086,0.39094796776771545,0.34372901916503906,-0.006342926528304815,0.32885679602622986,0.5761913657188416,0.30860844254493713,0.22390447556972504,0.6325711011886597,0.4085727334022522,0.4232567846775055,0.18628594279289246,0.28561103343963623,0.5710281729698181,0.39436066150665283,0.253715455532074,0.6094702482223511,0.41325145959854126,0.4377029240131378,0.20315498113632202,0.2776493430137634,0.5704331994056702,0.41569840908050537,0.27002665400505066,0.5946826338768005,0.4166637063026428,0.44047996401786804,0.20277926325798035,0.2770576477050781,0.5652822852134705,0.42367908358573914,0.2585481107234955,0.5956533551216125,0.4158300459384918,0.4356424808502197,0.1929880827665329,0.26070818305015564,0.5652104616165161,0.41720759868621826,0.24864885210990906,0.5674043297767639,0.5808595418930054,0.4356870949268341,-0.08679637312889099,0.9999266862869263,0.6022996306419373,0.41871026158332825,0.0863923504948616,0.9999419450759888,0.4962685704231262,0.5993478894233704,-0.08252200484275818,0.701237678527832,0.502018392086029,0.48117393255233765,0.2610524296760559,0.697084367275238,0.5272000432014465,0.8230347633361816,-0.11741141229867935,0.7692238092422485,0.49727392196655273,0.5832799077033997,0.24080748856067657,0.744990348815918,0.5475481748580933,0.8743191957473755,-0.11948920041322708,0.7984694242477417,0.5118175745010376,0.6079503893852234,0.23938511312007904,0.7461689710617065,0.47291383147239685,0.8970189094543457,-0.134146586060524,0.7625027298927307,0.45420047640800476,0.6005268096923828,0.2608613669872284,0.7588084936141968,142.7030322408417,30.0,126.10384809351834,55.55193747309204,2171.1624199849466
124,4.133333333333333,0.4437449872493744,0.24449267983436584,0.14210142195224762,0.9966000914573669,0.4430224299430847,0.222508043050766,0.11534707993268967,0.9963167309761047,0.4432785212993622,0.2202024906873703,0.1151503473520279,0.9960583448410034,0.4433954656124115,0.21838589012622833,0.11518442630767822,0.9974259734153748,0.4442058205604553,0.22106710076332092,0.13976247608661652,0.9960752725601196,0.44559746980667114,0.21793504059314728,0.1394473761320114,0.996719241142273,0.4470579922199249,0.2151476889848709,0.13933421671390533,0.9979287981987,0.45248943567276,0.20638860762119293,0.03767479211091995,0.998437225818634,0.45915117859840393,0.20199808478355408,0.14462044835090637,0.9960419535636902,0.44985833764076233,0.25108250975608826,0.12117169052362442,0.9929136633872986,0.45196425914764404,0.25010204315185547,0.1507958322763443,0.9926407337188721,0.4598403871059418,0.24975605309009552,-0.046446364372968674,0.9999130368232727,0.5179148316383362,0.231382817029953,0.19177605211734772,0.9997918605804443,0.39100125432014465,0.34405967593193054,-0.006329132243990898,0.3490263521671295,0.5766685009002686,0.3097233176231384,0.14772482216358185,0.574406623840332,0.4099922180175781,0.4233047366142273,0.18757911026477814,0.27075496315956116,0.5929357409477234,0.40680673718452454,0.0460553914308548,0.5541571974754333,0.4160398244857788,0.44131430983543396,0.20309516787528992,0.26365748047828674,0.5973911881446838,0.43277812004089355,0.03894175961613655,0.5432057976722717,0.4199710488319397,0.4411773979663849,0.20203615725040436,0.2623635232448578,0.5914230942726135,0.4415958821773529,0.026272082701325417,0.5437318086624146,0.4189486503601074,0.4356720447540283,0.19367381930351257,0.24672344326972961,0.5930203199386597,0.4289383888244629,0.03676920384168625,0.5174068808555603,0.5820829272270203,0.43615972995758057,-0.09550345689058304,0.999929666519165,0.5987163782119751,0.41975972056388855,0.09519561380147934,0.9999418258666992,0.49621817469596863,0.599344789981842,-0.08250907063484192,0.7305603623390198,0.4956728219985962,0.5249553322792053,0.18477270007133484,0.63755202293396,0.5271371006965637,0.8228777050971985,-0.11426928639411926,0.7913762927055359,0.525070071220398,0.7011942267417908,0.18158438801765442,0.7096468210220337,0.5475490093231201,0.8748263716697693,-0.11699508875608444,0.8172988891601562,0.5464351773262024,0.7265638113021851,0.18084894120693207,0.7355644106864929,0.47307583689689636,0.8971095681190491,-0.14201442897319794,0.7849223613739014,0.48854658007621765,0.7637084722518921,0.1735428124666214,0.7353091835975647,149.1099024976521,30.0,133.77592727692323,64.2767362999652,-5208.766976785412
125,4.166666666666667,0.44327211380004883,0.2756823003292084,-0.1010221540927887,0.9969387054443359,0.4417968690395355,0.251549631357193,-0.12826010584831238,0.9966834783554077,0.44265779852867126,0.24892637133598328,-0.1284269243478775,0.9964501261711121,0.44326353073120117,0.24635188281536102,-0.12830345332622528,0.9976816773414612,0.4421848952770233,0.2511984705924988,-0.09776906669139862,0.9964668154716492,0.44348856806755066,0.2485874891281128,-0.09810878336429596,0.9970465302467346,0.4448975920677185,0.24566961824893951,-0.09819764643907547,0.9981354475021362,0.45360487699508667,0.2330874651670456,-0.1979537159204483,0.9985914826393127,0.4577069580554962,0.23209966719150543,-0.05962153524160385,0.9964364171028137,0.45071929693222046,0.2793525457382202,-0.11870844662189484,0.9936138391494751,0.4520598351955414,0.2803400456905365,-0.08034990727901459,0.9933683276176453,0.48506960272789,0.27700555324554443,-0.2619337737560272,0.9999114871025085,0.5063441395759583,0.258403480052948,0.043730881065130234,0.9997801184654236,0.4203703999519348,0.3757748007774353,-0.26610979437828064,0.4045068919658661,0.4427878260612488,0.3012133836746216,0.0631822720170021,0.5266477465629578,0.4071405827999115,0.48267069458961487,-0.16131028532981873,0.31333303451538086,0.3710058331489563,0.2968740463256836,-0.0008925596484914422,0.522680401802063,0.4070444703102112,0.4951905310153961,-0.1786862015724182,0.2982065677642822,0.3498663306236267,0.31187137961387634,-0.005803640466183424,0.5157625675201416,0.4101713299751282,0.49250584840774536,-0.17835204303264618,0.2960134744644165,0.3465675413608551,0.31452685594558716,-0.023252123966813087,0.5152897834777832,0.4125433564186096,0.4808879792690277,-0.1577674001455307,0.27491796016693115,0.3543021082878113,0.30981019139289856,-0.012265527620911598,0.491499125957489,0.6149958372116089,0.45517832040786743,-0.09657110273838043,0.9999330043792725,0.6030523777008057,0.4341495633125305,0.09632398933172226,0.9999425411224365,0.5056250095367432,0.6032475233078003,-0.09694880992174149,0.7567166090011597,0.49617594480514526,0.5039912462234497,0.19607241451740265,0.6074553728103638,0.5463285446166992,0.8234775066375732,-0.02966519072651863,0.8111549615859985,0.4094807505607605,0.5553723573684692,0.27600663900375366,0.7021235227584839,0.5665217041969299,0.8674363493919373,-0.023928483948111534,0.8321240544319153,0.3956819474697113,0.5973452925682068,0.285459965467453,0.7233682870864868,0.4972122013568878,0.8971060514450073,-0.07670550793409348,0.8052148818969727,0.35809239745140076,0.49866631627082825,0.28036966919898987,0.7402527332305908,114.27086126739985,30.0,130.38896384684935,-291.6991943126021,-6920.728516966469
126,4.2,0.46392813324928284,0.325698584318161,-0.2095176726579666,0.9972441792488098,0.46175798773765564,0.30596816539764404,-0.2330370992422104,0.9970144629478455,0.46405288577079773,0.30349794030189514,-0.23319871723651886,0.9968039393424988,0.4666983485221863,0.3003462553024292,-0.23310472071170807,0.9979127049446106,0.4587123692035675,0.3049314618110657,-0.20196975767612457,0.9968197345733643,0.4582817256450653,0.3022609055042267,-0.20231008529663086,0.997341513633728,0.45801493525505066,0.2992578446865082,-0.20244267582893372,0.9983217120170593,0.4809889495372772,0.28480419516563416,-0.28113511204719543,0.9987311959266663,0.4758831858634949,0.2860056757926941,-0.14116019010543823,0.9967920780181885,0.47689375281333923,0.3289216458797455,-0.219451442360878,0.9942495822906494,0.47401121258735657,0.3328090310096741,-0.18059572577476501,0.9940289258956909,0.533212423324585,0.32611599564552307,-0.3159491717815399,0.999914288520813,0.508392870426178,0.29752829670906067,-0.03967941179871559,0.9997978806495667,0.49424082040786743,0.42929819226264954,-0.36938944458961487,0.4619234502315521,0.44951727986335754,0.3413931131362915,-0.010653628967702389,0.5273005962371826,0.4388803243637085,0.4832121729850769,-0.33736559748649597,0.37421873211860657,0.37642529606819153,0.33098089694976807,-0.08721060305833817,0.5559841394424438,0.423696368932724,0.5016748905181885,-0.36738157272338867,0.3577573597431183,0.3614474833011627,0.35553666949272156,-0.09841171652078629,0.5483075380325317,0.41526955366134644,0.49109575152397156,-0.36418092250823975,0.35532090067863464,0.3609808683395386,0.3614564538002014,-0.1191682368516922,0.5476594567298889,0.42346906661987305,0.48517292737960815,-0.33517637848854065,0.3311960697174072,0.3663788139820099,0.35507428646087646,-0.10016509890556335,0.5247863531112671,0.6438790559768677,0.4725492298603058,-0.09091364592313766,0.9999361634254456,0.6079255938529968,0.45497971773147583,0.09085853397846222,0.9999451637268066,0.5335420966148376,0.6129623055458069,-0.14395438134670258,0.78072589635849,0.49413809180259705,0.5167974233627319,0.04596996307373047,0.6348245739936829,0.5725589990615845,0.8271227478981018,-0.0585637129843235,0.8294539451599121,0.3736627399921417,0.5910241007804871,0.06666824966669083,0.7259500026702881,0.5907801389694214,0.8660869002342224,-0.053296204656362534,0.8474977016448975,0.356627881526947,0.6482725739479065,0.06854202598333359,0.7421694397926331,0.5320002436637878,0.9030701518058777,-0.092957504093647,0.8241247534751892,0.31342366337776184,0.5473474860191345,0.032093849033117294,0.7630589008331299,101.15501774398592,30.0,114.32931432274975,-397.10516483113275,1154.018759368786
127,4.233333333333333,0.49124449491500854,0.3665868043899536,-0.4081912338733673,0.9975142478942871,0.49006387591362,0.3479006290435791,-0.42523300647735596,0.9973084330558777,0.49311795830726624,0.3445350229740143,-0.4254567325115204,0.9971150755882263,0.49623480439186096,0.3414183557033539,-0.4253978729248047,0.998115599155426,0.4849252998828888,0.34970468282699585,-0.39836058020591736,0.9971352219581604,0.48397666215896606,0.34762388467788696,-0.3987986743450165,0.99760502576828,0.4828723669052124,0.34552738070487976,-0.39898914098739624,0.998488187789917,0.5124871730804443,0.3225380778312683,-0.42745378613471985,0.9988468289375305,0.4932904541492462,0.3300445079803467,-0.3087884485721588,0.997105062007904,0.5051077604293823,0.36948147416114807,-0.4007692337036133,0.9948045015335083,0.49781689047813416,0.37111544609069824,-0.3681153953075409,0.9946113228797913,0.5652494430541992,0.34757280349731445,-0.40543749928474426,0.999911367893219,0.5095089673995972,0.3338313698768616,-0.18338492512702942,0.999815821647644,0.5608504414558411,0.45529600977897644,-0.46106603741645813,0.5069000124931335,0.47296684980392456,0.37507060170173645,-0.16459022462368011,0.5115090608596802,0.494963139295578,0.5064486861228943,-0.4596569836139679,0.40500500798225403,0.4234868586063385,0.4175148606300354,-0.27273207902908325,0.5732612013816833,0.4816736578941345,0.5276076793670654,-0.48968011140823364,0.3849121630191803,0.4141480028629303,0.449942946434021,-0.2919149696826935,0.56452876329422,0.47467872500419617,0.5119386911392212,-0.4902949035167694,0.3813953697681427,0.41504165530204773,0.4473871886730194,-0.3149781823158264,0.5646912455558777,0.48010560870170593,0.5048357844352722,-0.4587685167789459,0.3491734564304352,0.41973087191581726,0.4356823265552521,-0.28622904419898987,0.5410709381103516,0.6451734304428101,0.4765074551105499,-0.06967353075742722,0.9999363422393799,0.6058771014213562,0.46384769678115845,0.06954410672187805,0.9999473690986633,0.5574249625205994,0.6197023987770081,-0.1377095729112625,0.7980762124061584,0.501885175704956,0.5438741445541382,-0.13922177255153656,0.6560044884681702,0.5786644816398621,0.8332541584968567,-0.06957919150590897,0.8403146266937256,0.3945830762386322,0.6552505493164062,-0.2234218418598175,0.7398688197135925,0.5946527123451233,0.8664166927337646,-0.06699211150407791,0.8522929549217224,0.38523343205451965,0.7093802094459534,-0.2334079146385193,0.7494075894355774,0.547264814376831,0.913195788860321,-0.14929194748401642,0.8364636301994324,0.3332604765892029,0.6027364730834961,-0.3165886700153351,0.7802895903587341,101.9807664194157,30.0,103.9152861914405,-214.76461035468304,6813.748834678589
128,4.266666666666667,0.53440260887146,0.4006969928741455,-0.5151911973953247,0.997762143611908,0.5355101227760315,0.3809501826763153,-0.5284925103187561,0.9975768327713013,0.5395443439483643,0.37723708152770996,-0.5287764668464661,0.9974026083946228,0.5433676242828369,0.37309226393699646,-0.5287461280822754,0.9983031153678894,0.5269036293029785,0.38404956459999084,-0.5115348100662231,0.9974212050437927,0.5238707661628723,0.38306376338005066,-0.511968195438385,0.9978442192077637,0.5206519365310669,0.3816070556640625,-0.5122127532958984,0.9986390471458435,0.5538033246994019,0.35491257905960083,-0.4902440905570984,0.998961329460144,0.5204498171806335,0.3676879405975342,-0.41769173741340637,0.9973932504653931,0.5447733402252197,0.40440669655799866,-0.49001839756965637,0.9953216314315796,0.5357272028923035,0.40847623348236084,-0.47070643305778503,0.9951481819152832,0.5979419350624084,0.3707405924797058,-0.4127960503101349,0.9999194145202637,0.5099836587905884,0.3740125596523285,-0.2823565900325775,0.9998340010643005,0.624984860420227,0.48602646589279175,-0.42636486887931824,0.5554898977279663,0.48453179001808167,0.4494470953941345,-0.34586411714553833,0.5454398989677429,0.5478878617286682,0.5244212746620178,-0.4448353052139282,0.4607091248035431,0.5053569674491882,0.49903446435928345,-0.5759667754173279,0.5937402248382568,0.5293904542922974,0.5522530674934387,-0.47927436232566833,0.4407426416873932,0.5066136717796326,0.5277345180511475,-0.620482861995697,0.5851089954376221,0.5245998501777649,0.5327901840209961,-0.4869881570339203,0.43741780519485474,0.5134172439575195,0.5119571685791016,-0.6335947513580322,0.5854004621505737,0.5309471487998962,0.5231645107269287,-0.446537047624588,0.40499961376190186,0.5152645111083984,0.49886876344680786,-0.5861721634864807,0.5611539483070374,0.6409474015235901,0.47795596718788147,-0.05060889944434166,0.9999393820762634,0.5976579189300537,0.47759050130844116,0.05046563968062401,0.9999504685401917,0.5736558437347412,0.6207552552223206,-0.1439048796892166,0.8176947236061096,0.5157641172409058,0.5706959962844849,-0.16488851606845856,0.6886693835258484,0.5807105898857117,0.8320995569229126,-0.10586836189031601,0.8544233441352844,0.41437828540802,0.7070035338401794,-0.2373189628124237,0.7624996900558472,0.5918808579444885,0.854667603969574,-0.10793396085500717,0.8627100586891174,0.4206103980541229,0.7605783343315125,-0.2463589608669281,0.7695062160491943,0.5652906894683838,0.9117287993431091,-0.2204042375087738,0.8516049981117249,0.3444681167602539,0.6742522120475769,-0.34732919931411743,0.8009165525436401,137.78643510658821,30.0,100.01167363243755,57.144757480773194,6065.730391979261
129,4.3,0.6004465818405151,0.44846615195274353,-0.5129774212837219,0.9979183673858643,0.6049245595932007,0.4317800998687744,-0.5219756960868835,0.9977606534957886,0.6071730852127075,0.4295554757118225,-0.522272527217865,0.9975834488868713,0.6094921827316284,0.42708995938301086,-0.5222558379173279,0.9984195232391357,0.5981941223144531,0.4330906271934509,-0.52487713098526,0.9976492524147034,0.5952745676040649,0.4316154420375824,-0.5252381563186646,0.9980365633964539,0.5921209454536438,0.4300081729888916,-0.5254635214805603,0.9987573623657227,0.6105731129646301,0.4114879369735718,-0.46935707330703735,0.9990170001983643,0.5779810547828674,0.4147932827472687,-0.4852787256240845,0.9976059198379517,0.6023032069206238,0.4522394835948944,-0.4805651903152466,0.9957364201545715,0.5932341814041138,0.453581839799881,-0.4868597686290741,0.9955955147743225,0.6192801594734192,0.42032089829444885,-0.34397900104522705,0.9999263286590576,0.5442425012588501,0.43970027565956116,-0.3601803481578827,0.9998500347137451,0.6688219308853149,0.5045890212059021,-0.31050369143486023,0.5796880722045898,0.5729393362998962,0.5199189186096191,-0.32170361280441284,0.5619779229164124,0.6304412484169006,0.5653001070022583,-0.36236879229545593,0.5070242285728455,0.6378803253173828,0.500248908996582,-0.3820592164993286,0.6318942904472351,0.6185887455940247,0.5936716794967651,-0.3924482464790344,0.48774832487106323,0.6601753830909729,0.511720597743988,-0.4099635183811188,0.6237570643424988,0.6087983250617981,0.5861591100692749,-0.40217649936676025,0.48445358872413635,0.6616724729537964,0.4982846975326538,-0.4278237521648407,0.6240260601043701,0.6151545643806458,0.5744064450263977,-0.365894615650177,0.44975295662879944,0.6556230187416077,0.4942449927330017,-0.3888469934463501,0.5999529957771301,0.5807456970214844,0.45865169167518616,-0.0002545568277128041,0.9999276995658875,0.5396864414215088,0.4688337743282318,3.903331162291579e-05,0.9999426603317261,0.5848404169082642,0.6205337047576904,-0.05535941570997238,0.7473761439323425,0.561102032661438,0.5934410095214844,-0.16553057730197906,0.6450616717338562,0.5702245235443115,0.8061245679855347,-0.08605289459228516,0.8069506287574768,0.5658988952636719,0.8251550197601318,-0.2258845716714859,0.7454942464828491,0.5686681866645813,0.8269608616828918,-0.0961134061217308,0.815217912197113,0.589948832988739,0.8788885474205017,-0.23337899148464203,0.7350097894668579,0.5431778430938721,0.885171115398407,-0.2003353238105774,0.8331059217453003,0.5790775418281555,0.8934841752052307,-0.3548992872238159,0.7955764532089233,76.11959360074827,30.0,107.72493669015871,189.6174157772677,-1650.3506202271997
130,4.333333333333333,0.6028646230697632,0.4469853937625885,-0.5953023433685303,0.9978388547897339,0.6091073155403137,0.4264529049396515,-0.5953766703605652,0.9977971911430359,0.6116294264793396,0.4241408109664917,-0.5956959128379822,0.9975517988204956,0.6140407919883728,0.42189347743988037,-0.5956690311431885,0.9984127283096313,0.6009833216667175,0.42818909883499146,-0.6007757782936096,0.9977690577507019,0.5973851680755615,0.42660099267959595,-0.6011428236961365,0.998137891292572,0.5933441519737244,0.42416566610336304,-0.601415753364563,0.9988112449645996,0.6163030862808228,0.40739914774894714,-0.4966697692871094,0.9989789128303528,0.5805737376213074,0.4035642147064209,-0.5246361494064331,0.9976566433906555,0.6042842268943787,0.4516991674900055,-0.5458703637123108,0.9959370493888855,0.5966070890426636,0.45452880859375,-0.5557237267494202,0.9958605170249939,0.6213659048080444,0.4049721360206604,-0.3335379660129547,0.9999305605888367,0.5484886169433594,0.4412040114402771,-0.37355220317840576,0.999862551689148,0.6706238985061646,0.5037781596183777,-0.27504345774650574,0.5685182809829712,0.5718984007835388,0.5268921256065369,-0.33758544921875,0.5559149980545044,0.6259849071502686,0.5713695287704468,-0.33306849002838135,0.5344951152801514,0.643571674823761,0.5079101920127869,-0.41072383522987366,0.6514197587966919,0.6156549453735352,0.6155956983566284,-0.3672863841056824,0.5128177404403687,0.6641924381256104,0.5191623568534851,-0.44580525159835815,0.6403467655181885,0.6070213317871094,0.5952679514884949,-0.37724292278289795,0.5097554922103882,0.6648387908935547,0.5006678700447083,-0.45843705534935,0.6411498188972473,0.6077959537506104,0.5816839337348938,-0.33685141801834106,0.4679955244064331,0.6584648489952087,0.4961380064487457,-0.41545307636260986,0.6063099503517151,0.5636292099952698,0.43608787655830383,0.010506154969334602,0.9999139904975891,0.5265335440635681,0.46398842334747314,-0.01075720600783825,0.9999287128448486,0.5862830877304077,0.6408704519271851,-0.03644360974431038,0.6751598119735718,0.5597255229949951,0.6174394488334656,-0.12681545317173004,0.5890021920204163,0.5686752796173096,0.8121838569641113,0.010750880464911461,0.7465434670448303,0.5702787637710571,0.8368749618530273,-0.13069137930870056,0.7192378044128418,0.5664037466049194,0.8355445861816406,0.009834551252424717,0.7503988146781921,0.5855649709701538,0.8893941044807434,-0.1338873952627182,0.6879128813743591,0.5675932765007019,0.8990587592124939,-0.13264110684394836,0.78786700963974,0.5856242775917053,0.909503698348999,-0.28032058477401733,0.7726472616195679,75.02374465681329,30.0,112.6528346842554,-52.878617201040115,-6516.1411151971515
131,4.366666666666666,0.6401916742324829,0.45707571506500244,-0.1594594120979309,0.9973368644714355,0.6449200510978699,0.43993350863456726,-0.1696510761976242,0.9970453977584839,0.645735502243042,0.4374425709247589,-0.16994155943393707,0.9969716668128967,0.6467435359954834,0.4350632131099701,-0.16995267570018768,0.9978079795837402,0.6412586569786072,0.4414490759372711,-0.1902923583984375,0.9975849390029907,0.6393299102783203,0.4399612247943878,-0.19048352539539337,0.9981191754341125,0.6369392275810242,0.4385922849178314,-0.19063140451908112,0.9987107515335083,0.6406451463699341,0.4189152121543884,-0.16326981782913208,0.9987114071846008,0.623235285282135,0.42154398560523987,-0.30982843041419983,0.9976426362991333,0.6361075043678284,0.4596843719482422,-0.14379164576530457,0.9955092072486877,0.6326276659965515,0.460248202085495,-0.17343102395534515,0.9959052205085754,0.6153610944747925,0.39580202102661133,-0.1082596555352211,0.9999366998672485,0.5462924838066101,0.4822886288166046,-0.23412302136421204,0.9998751282691956,0.6623916625976562,0.47602584958076477,-0.1046944409608841,0.596544086933136,0.6288041472434998,0.5385103225708008,-0.2609979212284088,0.5954204201698303,0.7065455913543701,0.5342626571655273,-0.2138863205909729,0.5730360150337219,0.704628050327301,0.5079857110977173,-0.30242666602134705,0.6852931380271912,0.7233218550682068,0.5281509757041931,-0.24137358367443085,0.5551424026489258,0.725726842880249,0.5187556743621826,-0.33611568808555603,0.6752219796180725,0.7222483158111572,0.5253984928131104,-0.2710576057434082,0.5520303249359131,0.7258879542350769,0.4998948276042938,-0.3346342444419861,0.6758591532707214,0.7134937644004822,0.5298377275466919,-0.22895650565624237,0.5147315859794617,0.7164087295532227,0.4969024062156677,-0.30241093039512634,0.6439297199249268,0.5625941157341003,0.4389999806880951,0.03750146925449371,0.999922513961792,0.5207301378250122,0.4783804416656494,-0.037672676146030426,0.9999357461929321,0.6973845362663269,0.506406307220459,-0.04288383945822716,0.6996632218360901,0.5737403035163879,0.6341788172721863,-0.2825275957584381,0.6299521327018738,0.6787859797477722,0.599651038646698,0.14386899769306183,0.753407895565033,0.6039502024650574,0.8173096179962158,-0.28361955285072327,0.7470773458480835,0.6638742089271545,0.6033117175102234,0.1617843210697174,0.754827082157135,0.6072654724121094,0.8442920446395874,-0.28275996446609497,0.7177484631538391,0.6689141988754272,0.6778544187545776,0.11229706555604935,0.7975919246673584,0.630742073059082,0.8933385014533997,-0.37419113516807556,0.7951102256774902,126.63220263884902,30.0,104.1996955434227,-244.79199190254243,-2282.2962634026762
132,4.4,0.6576204299926758,0.47534897923469543,-0.2925778329372406,0.9975936412811279,0.6620693206787109,0.4584938883781433,-0.3093715310096741,0.9973369836807251,0.6629421710968018,0.45506030321121216,-0.30966052412986755,0.9972714185714722,0.6636427044868469,0.45207223296165466,-0.3097316026687622,0.998024582862854,0.6572790741920471,0.46145346760749817,-0.340515673160553,0.9978244304656982,0.6552467346191406,0.45969319343566895,-0.3406652808189392,0.9983059763908386,0.6529479622840881,0.45842117071151733,-0.34072813391685486,0.9988378882408142,0.6496757864952087,0.43772783875465393,-0.31786900758743286,0.9988394379615784,0.6400856375694275,0.4456876218318939,-0.4395155608654022,0.9978762865066528,0.654376208782196,0.4730694591999054,-0.2793818414211273,0.995955765247345,0.651185929775238,0.4743075966835022,-0.3216254413127899,0.9963122606277466,0.5964327454566956,0.43855127692222595,-0.23906470835208893,0.9999430179595947,0.5689159631729126,0.5186255574226379,-0.4101351797580719,0.9998874664306641,0.6582496762275696,0.5070989727973938,-0.32679107785224915,0.6105221509933472,0.6729109883308411,0.5575994253158569,-0.5122826099395752,0.6238845586776733,0.7257218956947327,0.5255193114280701,-0.5107607245445251,0.6032277345657349,0.7282219529151917,0.5091005563735962,-0.5991731286048889,0.7145947813987732,0.7406682968139648,0.5257704854011536,-0.5496519207954407,0.5907031297683716,0.7475684285163879,0.5150485038757324,-0.646639883518219,0.705593466758728,0.7393336892127991,0.5228516459465027,-0.5677740573883057,0.5877560377120972,0.7453710436820984,0.4966506361961365,-0.641301691532135,0.7056824564933777,0.730943500995636,0.5294068455696106,-0.5227696299552917,0.5534245371818542,0.7333880066871643,0.497028648853302,-0.5992021560668945,0.6739539504051208,0.5456735491752625,0.4604220688343048,0.04888558015227318,0.9999300241470337,0.5296605229377747,0.5010690689086914,-0.04905102774500847,0.999941885471344,0.6174772381782532,0.6357791423797607,-0.03799967095255852,0.671990692615509,0.5887410640716553,0.6559287905693054,-0.23000256717205048,0.6592715978622437,0.5574647784233093,0.7627631425857544,0.021909935399889946,0.7319413423538208,0.6778258681297302,0.8027623891830444,-0.2574216425418854,0.7685166597366333,0.5361394882202148,0.7523199319839478,0.026042306795716286,0.7482305765151978,0.6908111572265625,0.829865574836731,-0.26347053050994873,0.7298299670219421,0.5983219742774963,0.8445776104927063,-0.04628937691450119,0.7954528331756592,0.7234804630279541,0.8166135549545288,-0.37420758605003357,0.8116625547409058,137.85716153109786,30.0,96.33336855741923,-205.0317014278852,3259.8843294920553
133,4.433333333333334,0.6783557534217834,0.4734032154083252,0.06084434688091278,0.9978316426277161,0.6814124584197998,0.4540839195251465,0.050193242728710175,0.9976019263267517,0.6812782883644104,0.4513215720653534,0.04999368265271187,0.9975433945655823,0.6810992360115051,0.4487902820110321,0.04993006959557533,0.9982212781906128,0.6793337464332581,0.4567062258720398,0.021968824788928032,0.9980412721633911,0.6776992678642273,0.4556507170200348,0.021885240450501442,0.9984750151634216,0.675967276096344,0.4548586905002594,0.021874524652957916,0.9989534616470337,0.6690688729286194,0.4390793740749359,0.016018232330679893,0.9989551901817322,0.6625804901123047,0.4467337429523468,-0.11403681337833405,0.9980879426002502,0.6731857657432556,0.47801870107650757,0.05891836807131767,0.9963584542274475,0.6705910563468933,0.4797944724559784,0.02018243819475174,0.9966788291931152,0.600561797618866,0.46363478899002075,0.01528946217149496,0.9999486804008484,0.6095548272132874,0.48485299944877625,-0.17822732031345367,0.9998985528945923,0.6554973125457764,0.513836681842804,-0.016280854120850563,0.5736153721809387,0.6833914518356323,0.5417446494102478,-0.28789395093917847,0.6024212837219238,0.7075470685958862,0.5300614833831787,-0.12616315484046936,0.5918704867362976,0.7207614183425903,0.4975326955318451,-0.35104095935821533,0.7129168510437012,0.7163894772529602,0.525823712348938,-0.14338268339633942,0.5891739130020142,0.7312743663787842,0.5033811926841736,-0.378807932138443,0.7062309980392456,0.7150901556015015,0.5229088664054871,-0.15119300782680511,0.5844308733940125,0.7273294925689697,0.48879531025886536,-0.3987710773944855,0.7004145383834839,0.7107671499252319,0.5265791416168213,-0.13239970803260803,0.5564804673194885,0.7215429544448853,0.4863315224647522,-0.3586030602455139,0.6590067148208618,0.5596290826797485,0.48008987307548523,0.05381626635789871,0.9999367594718933,0.561644434928894,0.4943637549877167,-0.054105617105960846,0.9999474287033081,0.5990618467330933,0.6492165327072144,-0.024710606783628464,0.6856474876403809,0.6068008542060852,0.6665103435516357,-0.16491447389125824,0.6907128095626831,0.5234705209732056,0.8018954396247864,-0.07992533594369888,0.7288901805877686,0.7044543027877808,0.780366837978363,-0.22540202736854553,0.7851813435554504,0.5056846141815186,0.819249153137207,-0.0873756930232048,0.7640185356140137,0.7152072191238403,0.8082542419433594,-0.23263922333717346,0.7471888065338135,0.5891294479370117,0.8705770969390869,-0.1307680308818817,0.7990188002586365,0.7699431777000427,0.8371859788894653,-0.3099924623966217,0.8220461010932922,125.55218919397436,30.0,90.53091544823036,-27.466369936405428,3559.1320504263726
134,4.466666666666667,0.6818366646766663,0.47335079312324524,-0.14700455963611603,0.9980444312095642,0.6830307245254517,0.4577590227127075,-0.15880721807479858,0.99783855676651,0.6830824017524719,0.45523741841316223,-0.15905332565307617,0.9977861642837524,0.6831909418106079,0.4525666832923889,-0.15907959640026093,0.9983969926834106,0.6797459125518799,0.459737628698349,-0.15433982014656067,0.9982359409332275,0.6771647334098816,0.4590606391429901,-0.15473851561546326,0.9986266493797302,0.674472451210022,0.4586428701877594,-0.15492106974124908,0.9990571141242981,0.6687819361686707,0.4380260705947876,-0.15555140376091003,0.9990591406822205,0.6584259271621704,0.44877734780311584,-0.295513778924942,0.9982773065567017,0.6774038672447205,0.4794212579727173,-0.13687528669834137,0.996716320514679,0.6738271713256836,0.4802458584308624,-0.10032095015048981,0.9970065355300903,0.6188631653785706,0.4676315486431122,-0.11002718657255173,0.9999536871910095,0.5821731090545654,0.5027097463607788,-0.28261077404022217,0.9999078512191772,0.6521918177604675,0.4983673095703125,-0.021708467975258827,0.5312085747718811,0.5942507386207581,0.5182967185974121,-0.3202829360961914,0.6312960982322693,0.6580177545547485,0.5003780126571655,0.025150666013360023,0.538648784160614,0.5937835574150085,0.4783002436161041,-0.2991251051425934,0.6810609102249146,0.6585431694984436,0.4936966598033905,0.031954023987054825,0.5419453382492065,0.595795750617981,0.4612431526184082,-0.3022669851779938,0.6756517887115479,0.652474582195282,0.48961928486824036,0.022351760417222977,0.535938024520874,0.597968339920044,0.4612014889717102,-0.29498547315597534,0.6644907593727112,0.6510690450668335,0.49008089303970337,0.0224098302423954,0.5161083936691284,0.5984000563621521,0.462490051984787,-0.29054224491119385,0.6265364289283752,0.5612372756004333,0.5139357447624207,0.05797320976853371,0.9999430179595947,0.5550125241279602,0.5477848649024963,-0.05807381868362427,0.9999526143074036,0.6296795010566711,0.6083433628082275,0.029423722997307777,0.6974956393241882,0.5871633887290955,0.662093997001648,-0.2548576593399048,0.7215527892112732,0.5911789536476135,0.6781119108200073,0.05897736921906471,0.7087311744689941,0.5271681547164917,0.8075749278068542,-0.4031989872455597,0.8062152862548828,0.5818080902099609,0.6916048526763916,0.060106825083494186,0.7686141133308411,0.5566351413726807,0.8402770161628723,-0.4183237850666046,0.7715502977371216,0.6008232235908508,0.6918311715126038,0.036968596279621124,0.7873785495758057,0.5641958117485046,0.8812536597251892,-0.49090105295181274,0.839381754398346,42.16618910764464,30.0,94.50227722832554,32.24376860053965,-726.6989691491918
135,4.5,0.6446546316146851,0.48003822565078735,0.13206300139427185,0.9911838173866272,0.6366932392120361,0.4770593047142029,0.13605299592018127,0.9933162331581116,0.6397866606712341,0.4774736762046814,0.13589541614055634,0.9931226372718811,0.6476567387580872,0.4784699082374573,0.13591770827770233,0.9953610301017761,0.6454917192459106,0.4642527997493744,0.10484615713357925,0.9965102076530457,0.6442748308181763,0.46323707699775696,0.10475385934114456,0.9972441792488098,0.6424404382705688,0.4626536965370178,0.10472965985536575,0.9979049563407898,0.6103973388671875,0.47904935479164124,0.13427521288394928,0.9978861212730408,0.6201343536376953,0.47169214487075806,-0.012125253677368164,0.9959985017776489,0.6464128494262695,0.49737125635147095,0.13661570847034454,0.992039680480957,0.6302410960197449,0.49294716119766235,0.09395621716976166,0.9926413297653198,0.5384817123413086,0.5101014375686646,0.10272277146577835,0.9999533295631409,0.5763524770736694,0.5013924241065979,-0.111824631690979,0.9998961687088013,0.5818747878074646,0.5334782004356384,-0.0056312596425414085,0.4798223376274109,0.5911083221435547,0.5071627497673035,-0.24220453202724457,0.589999794960022,0.6110417246818542,0.5577351450920105,-0.1271585077047348,0.4850512742996216,0.6014387011528015,0.4571528434753418,-0.19084542989730835,0.6146837472915649,0.6113860607147217,0.5563566088676453,-0.13975530862808228,0.4881992042064667,0.6088130474090576,0.45181599259376526,-0.20834866166114807,0.6099708080291748,0.6109470129013062,0.5476807951927185,-0.15017087757587433,0.4827873408794403,0.6080540418624878,0.4467461109161377,-0.18899497389793396,0.5997464656829834,0.6124240756034851,0.5464311242103577,-0.1294855773448944,0.4650227129459381,0.6046546101570129,0.4515223503112793,-0.18308070302009583,0.5651218295097351,0.5290986895561218,0.6017351150512695,0.07956861704587936,0.9999394416809082,0.5485422015190125,0.5960876941680908,-0.07985860854387283,0.9999511241912842,0.5667141675949097,0.690747857093811,0.11343660205602646,0.629984974861145,0.5965316295623779,0.6793972849845886,-0.2616962790489197,0.7401912808418274,0.5048342347145081,0.8116084337234497,0.09675996005535126,0.644292950630188,0.6782085299491882,0.8000654578208923,-0.46499744057655334,0.8126718997955322,0.5100951194763184,0.8411643505096436,0.09362582862377167,0.7446939945220947,0.6841539740562439,0.8239126205444336,-0.4861503541469574,0.7871685028076172,0.5218735337257385,0.8644788861274719,0.06657014042139053,0.7136259078979492,0.71163409948349,0.8251133561134338,-0.5652263164520264,0.8289396166801453,44.08878194624767,30.0,92.68050002159967,-75.91296787968489,-1414.2246510076816
136,4.533333333333333,0.5900442600250244,0.4676326811313629,-0.07426364719867706,0.9874606132507324,0.588345468044281,0.4626183807849884,-0.07953911274671555,0.9896942973136902,0.5857706069946289,0.4563763737678528,-0.07971527427434921,0.9893894791603088,0.5839081406593323,0.451733261346817,-0.07970631122589111,0.992691695690155,0.5947216153144836,0.45324814319610596,-0.09745105355978012,0.9944567680358887,0.5963781476020813,0.4508630633354187,-0.09765079617500305,0.9951379299163818,0.59807288646698,0.4500083923339844,-0.09769711643457413,0.9965529441833496,0.5680416226387024,0.4404352307319641,-0.022803641855716705,0.9963598251342773,0.5898312926292419,0.4416597783565521,-0.15259025990962982,0.9940388798713684,0.5800126194953918,0.49322509765625,-0.0557696670293808,0.9874832034111023,0.5848896503448486,0.47842955589294434,-0.08475783467292786,0.9891129732131958,0.5095247030258179,0.47785988450050354,-0.0029807526152580976,0.9998887777328491,0.5738010406494141,0.4907052516937256,-0.1527385413646698,0.9997602701187134,0.4955422580242157,0.5282835960388184,-0.0040314230136573315,0.43230217695236206,0.6018909215927124,0.5551232099533081,-0.08025619387626648,0.5326058268547058,0.5226770043373108,0.49255093932151794,0.129229336977005,0.4368112087249756,0.5981814861297607,0.48944514989852905,0.04788971692323685,0.5554159283638,0.5241543650627136,0.4756195545196533,0.14335036277770996,0.4399147033691406,0.6070676445960999,0.47140344977378845,0.04676361754536629,0.5517021417617798,0.5284646153450012,0.47864973545074463,0.1252504140138626,0.43506887555122375,0.6013206243515015,0.46205103397369385,0.043988291174173355,0.5426580309867859,0.53050696849823,0.4853741228580475,0.12597492337226868,0.41909170150756836,0.5979022979736328,0.46999287605285645,0.048072151839733124,0.5103383660316467,0.5314599871635437,0.673719584941864,0.060579974204301834,0.9998186826705933,0.5653148293495178,0.6853512525558472,-0.06033873185515404,0.9998818039894104,0.5278993844985962,0.6848549842834473,0.27896931767463684,0.5680471062660217,0.5643438100814819,0.752051055431366,0.11312879621982574,0.6850722432136536,0.5310890674591064,0.730876088142395,0.4807983934879303,0.5831899046897888,0.5025562644004822,0.846488356590271,0.19818179309368134,0.7751928567886353,0.5336610674858093,0.7467415928840637,0.5004846453666687,0.6758130192756653,0.4997435212135315,0.8926277160644531,0.20777694880962372,0.7468210458755493,0.5262906551361084,0.7170251607894897,0.5197398066520691,0.6442139744758606,0.4929300844669342,0.8697865009307861,0.19769474864006042,0.7647519111633301,109.9140705912075,30.0,89.44141270301321,-62.03787479997246,3261.9525905959927
137,4.566666666666666,0.4968876540660858,0.455382376909256,0.09343776851892471,0.98851478099823,0.4999874234199524,0.44464728236198425,0.0714295357465744,0.9905939698219299,0.5000706911087036,0.4406523108482361,0.07128042727708817,0.9902936816215515,0.49997302889823914,0.4378206431865692,0.07132741808891296,0.9933045506477356,0.5026253461837769,0.4393165111541748,0.09153590351343155,0.9949250817298889,0.5048025846481323,0.4374980628490448,0.09130391478538513,0.9955434203147888,0.5070869326591492,0.43638333678245544,0.0912255346775055,0.9968436360359192,0.5076755881309509,0.4314289093017578,-0.008637617342174053,0.996633768081665,0.5189738273620605,0.4313395619392395,0.08137558400630951,0.9945361614227295,0.4991549253463745,0.47014331817626953,0.06901827454566956,0.9883136749267578,0.5019505620002747,0.4632594585418701,0.09430226683616638,0.9897882342338562,0.49788588285446167,0.4714451730251312,-0.05961587652564049,0.9998403787612915,0.5706746578216553,0.4841175675392151,0.11882733553647995,0.9996470808982849,0.4444485008716583,0.5152072906494141,-0.02892758883535862,0.39652520418167114,0.5400979518890381,0.5387524962425232,0.17482121288776398,0.47942331433296204,0.43187519907951355,0.49812453985214233,0.10194098949432373,0.40406033396720886,0.4807851016521454,0.5045188665390015,0.2251317799091339,0.5007882118225098,0.41825369000434875,0.4932221472263336,0.1107223704457283,0.4125731885433197,0.46796828508377075,0.4859788715839386,0.24207662045955658,0.49864092469215393,0.4245022237300873,0.49075841903686523,0.1069059669971466,0.4083143472671509,0.46085023880004883,0.48500943183898926,0.23229755461215973,0.4903584122657776,0.42672306299209595,0.4932459592819214,0.10482707619667053,0.3898197114467621,0.46473076939582825,0.4943152964115143,0.22086785733699799,0.46130427718162537,0.5423067212104797,0.6945410966873169,-0.05890476703643799,0.9997947812080383,0.5724474787712097,0.6775230169296265,0.05849860608577728,0.999841570854187,0.5034494400024414,0.6674247980117798,-0.15977805852890015,0.6004825234413147,0.5161377787590027,0.659317135810852,0.1723221391439438,0.6213783621788025,0.5100701451301575,0.8502665758132935,-0.21147207915782928,0.6198479533195496,0.5177443027496338,0.819206714630127,0.14374414086341858,0.7260187864303589,0.5183014869689941,0.8973792195320129,-0.21751262247562408,0.701305091381073,0.5261726975440979,0.8452396392822266,0.14044590294361115,0.7112913727760315,0.47081056237220764,0.8893016576766968,-0.2689812481403351,0.6713460683822632,0.48966455459594727,0.8086002469062805,0.12164980918169022,0.715245246887207,112.75089147468756,30.0,88.5446417016015,141.55053816004795,8377.325136417716
138,4.6,0.4937916100025177,0.44911012053489685,0.049705974757671356,0.9893098473548889,0.49590107798576355,0.436919629573822,0.027519669383764267,0.9912668466567993,0.4960786700248718,0.4340892434120178,0.027380388230085373,0.9909481406211853,0.4959941804409027,0.4321874976158142,0.027424756437540054,0.9937093257904053,0.4983750283718109,0.4335034191608429,0.0482141487300396,0.9952701926231384,0.5005907416343689,0.43208375573158264,0.047991327941417694,0.9958410263061523,0.5028440952301025,0.431095153093338,0.047896988689899445,0.9970471858978271,0.5046073198318481,0.4297594726085663,-0.046158015727996826,0.996807873249054,0.5149919390678406,0.4290900230407715,0.04819070175290108,0.9949469566345215,0.49669238924980164,0.461472749710083,0.028680702671408653,0.9887579679489136,0.49898678064346313,0.4592163860797882,0.05471071973443031,0.9901518225669861,0.4984464943408966,0.4737109839916229,-0.09036678820848465,0.9997413158416748,0.5676754713058472,0.48407620191574097,0.0957048162817955,0.9994599223136902,0.43713194131851196,0.5108491778373718,-0.07253541052341461,0.3818363547325134,0.5406198501586914,0.5398918390274048,0.1496204286813736,0.43264126777648926,0.43325063586235046,0.4999234676361084,-0.002373145427554846,0.3862820863723755,0.47414714097976685,0.5120061635971069,0.20047302544116974,0.45206713676452637,0.42877182364463806,0.495389461517334,0.0012958813458681107,0.4007816016674042,0.4574280083179474,0.4974244236946106,0.21771253645420074,0.45102259516716003,0.4285717010498047,0.4921551048755646,-0.0017698389710858464,0.3968507647514343,0.45295846462249756,0.4948437213897705,0.20599284768104553,0.4433930516242981,0.4372142553329468,0.4960375130176544,-0.00015207573596853763,0.3733638525009155,0.4590558707714081,0.5016958713531494,0.1953807771205902,0.41739505529403687,0.544928789138794,0.7022286057472229,-0.06922557204961777,0.9997373223304749,0.5753394961357117,0.6857076287269592,0.06885290890932083,0.9997724890708923,0.49847307801246643,0.6680160760879517,-0.12103288620710373,0.6309494972229004,0.5055311322212219,0.6558347940444946,0.141800194978714,0.5751957893371582,0.5025096535682678,0.8745683431625366,-0.14504455029964447,0.6559022068977356,0.5178136229515076,0.8119933605194092,0.082390695810318,0.7191358208656311,0.5145825743675232,0.9126214385032654,-0.14839263260364532,0.7282851934432983,0.5306861400604248,0.8449380993843079,0.07541640847921371,0.7149765491485596,0.46526941657066345,0.903175413608551,-0.18668174743652344,0.7002583146095276,0.48209986090660095,0.8273234963417053,0.05478758364915848,0.7030012011528015,114.30216871538079,30.0,98.87811524701641,496.4504676278752,4280.159824875946
139,4.633333333333333,0.45886728167533875,0.4748322069644928,0.06647586822509766,0.9903577566146851,0.46021589636802673,0.458088219165802,0.03973305597901344,0.992125391960144,0.4612188935279846,0.45455217361450195,0.03957216441631317,0.9918334484100342,0.46198442578315735,0.4520145654678345,0.03961428254842758,0.9943248629570007,0.460741251707077,0.4589690864086151,0.07266367971897125,0.9957308769226074,0.4621431231498718,0.4572069048881531,0.07237211614847183,0.9962409734725952,0.4634907841682434,0.45538467168807983,0.07225668430328369,0.9973331093788147,0.47601625323295593,0.44133874773979187,-0.04579068347811699,0.9971143007278442,0.4780474305152893,0.4423951804637909,0.10618887841701508,0.9954286217689514,0.4636731445789337,0.48302584886550903,0.04114154726266861,0.9897496700286865,0.46462661027908325,0.48420506715774536,0.08394204080104828,0.9909676909446716,0.5091169476509094,0.47422659397125244,-0.09655892103910446,0.9997547268867493,0.5566630959510803,0.49726495146751404,0.1630949229001999,0.9994379878044128,0.4415450692176819,0.5374612808227539,-0.06622971594333649,0.3453218936920166,0.5100095272064209,0.5519892573356628,0.22649826109409332,0.38945621252059937,0.4453594386577606,0.5065891742706299,0.12343858927488327,0.3491576313972473,0.4487294852733612,0.5103219151496887,0.2662506699562073,0.40696531534194946,0.4497487246990204,0.5003103613853455,0.1374410092830658,0.3637152314186096,0.43852126598358154,0.49362435936927795,0.28362905979156494,0.40613123774528503,0.4597027599811554,0.5004711151123047,0.13186882436275482,0.3601941168308258,0.43572118878364563,0.4928830862045288,0.27594253420829773,0.39925768971443176,0.4619637727737427,0.5075050592422485,0.12692545354366302,0.338647723197937,0.4388878047466278,0.5010620951652527,0.26085591316223145,0.37591031193733215,0.554373025894165,0.6983281970024109,-0.09196476638317108,0.999742329120636,0.5809832215309143,0.6998386979103088,0.09155681729316711,0.999769389629364,0.4909569323062897,0.6616776585578918,-0.1525471955537796,0.6494473218917847,0.4964257776737213,0.7154236435890198,0.27924999594688416,0.5182898044586182,0.5194134712219238,0.8610212206840515,-0.22725257277488708,0.6830910444259644,0.4251066744327545,0.7402632236480713,0.38309305906295776,0.6512729525566101,0.5171626806259155,0.9082819819450378,-0.23586218059062958,0.741795003414154,0.4194019138813019,0.769393801689148,0.39402246475219727,0.6547980904579163,0.4746565520763397,0.9137352705001831,-0.2851543724536896,0.7234399318695068,0.38812559843063354,0.7085453271865845,0.4170081317424774,0.6404297351837158,112.60706898791575,30.0,121.64133954345985,426.894526485111,-7889.715584564183
140,4.666666666666667,0.43547961115837097,0.49758607149124146,0.014258082956075668,0.9913211464881897,0.4341341555118561,0.4786534607410431,-0.010139101184904575,0.9929119348526001,0.4355660080909729,0.477067232131958,-0.010240019299089909,0.992648720741272,0.43714240193367004,0.4753818213939667,-0.01018392201513052,0.9948911666870117,0.43341684341430664,0.4782215356826782,0.02554481476545334,0.9961572885513306,0.43423524498939514,0.47651055455207825,0.025204041972756386,0.9966164231300354,0.4352774918079376,0.4745120704174042,0.025063371285796165,0.9975995421409607,0.45462560653686523,0.4619295597076416,-0.07789428532123566,0.9974018335342407,0.4535463750362396,0.4607222378253937,0.08440517634153366,0.9958851337432861,0.444151908159256,0.5073877573013306,-0.0063357120379805565,0.9907715320587158,0.443077027797699,0.5069398283958435,0.03933855518698692,0.9918683171272278,0.5102267861366272,0.48445096611976624,-0.12366724759340286,0.9997773766517639,0.5307934284210205,0.4972416162490845,0.15094126760959625,0.999492883682251,0.41790616512298584,0.571770966053009,-0.11973153799772263,0.3637392222881317,0.4680992662906647,0.544312596321106,0.1540195196866989,0.35427987575531006,0.4195089340209961,0.5507774949073792,0.010618925094604492,0.34619230031967163,0.4202428460121155,0.5402694344520569,0.0675603598356247,0.3702026903629303,0.41375455260276794,0.5483545064926147,0.01299265306442976,0.3668486475944519,0.4170417785644531,0.5373009443283081,0.06424634903669357,0.3713894188404083,0.4215104281902313,0.5315622687339783,0.006476955953985453,0.36319631338119507,0.4165985882282257,0.5356285572052002,0.05490041896700859,0.3646511733531952,0.4227389991283417,0.5372665524482727,0.012532202526926994,0.3374195098876953,0.4196068048477173,0.5388748645782471,0.05958123877644539,0.3445684015750885,0.5610474348068237,0.7023187279701233,-0.09123139828443527,0.9997662305831909,0.5708690285682678,0.6989803314208984,0.09093257784843445,0.9997915625572205,0.4900229573249817,0.6606125235557556,-0.21469292044639587,0.6843244433403015,0.4710890054702759,0.7311515212059021,0.04311375319957733,0.5614390969276428,0.5375537276268005,0.8606414794921875,-0.2409575879573822,0.7141588926315308,0.35950881242752075,0.7515391111373901,-0.09562060981988907,0.680414617061615,0.5582320690155029,0.896577775478363,-0.24602048099040985,0.7656322717666626,0.35145747661590576,0.7836526036262512,-0.10849030315876007,0.684410810470581,0.4931601881980896,0.9262887239456177,-0.2985730767250061,0.750211775302887,0.30589577555656433,0.7047245502471924,-0.14407309889793396,0.6730334162712097,109.13696201755036,30.0,127.33775034602381,-29.530571343070307,-10038.42113700654
141,4.7,0.445052832365036,0.5181778073310852,-0.02424134872853756,0.9921876788139343,0.444301575422287,0.5005913376808167,-0.05850815773010254,0.993619441986084,0.4467373490333557,0.4981113076210022,-0.05858374014496803,0.9933822751045227,0.4491252899169922,0.49550923705101013,-0.05850726366043091,0.9954006671905518,0.44051992893218994,0.5012450218200684,-0.02146272175014019,0.9965407252311707,0.43995532393455505,0.4994581937789917,-0.02172269858419895,0.9969541430473328,0.4394764006137848,0.4973371624946594,-0.021833479404449463,0.9978391528129578,0.46489208936691284,0.47775131464004517,-0.13402308523654938,0.9976609349250793,0.4602648615837097,0.47827109694480896,0.027297217398881912,0.9962958693504333,0.4565945863723755,0.5262356400489807,-0.056455545127391815,0.991692304611206,0.45262235403060913,0.527884304523468,-0.009927839040756226,0.9926791787147522,0.5173954367637634,0.5136516094207764,-0.17724381387233734,0.9997992515563965,0.5125007629394531,0.5015388131141663,0.11475798487663269,0.9995429515838623,0.44647863507270813,0.6075283885002136,-0.1911388784646988,0.4221751391887665,0.479218065738678,0.5696508288383484,0.13062286376953125,0.32341811060905457,0.40586990118026733,0.5753968358039856,-0.07891795039176941,0.40300554037094116,0.43531742691993713,0.5847553610801697,0.0414932519197464,0.34389767050743103,0.39047908782958984,0.5856432318687439,-0.08031938970088959,0.41997775435447693,0.4244912564754486,0.5856574177742004,0.038831450045108795,0.3505263328552246,0.39358752965927124,0.5638769268989563,-0.07536997646093369,0.41573137044906616,0.42137718200683594,0.5817088484764099,0.0260910801589489,0.3434756398200989,0.39976173639297485,0.5635896921157837,-0.07074534147977829,0.3853963315486908,0.4252080023288727,0.5841174721717834,0.03239563852548599,0.32640886306762695,0.5844159722328186,0.6825075745582581,-0.08857374638319016,0.999788224697113,0.5449931025505066,0.6773810982704163,0.08838721364736557,0.9998114705085754,0.49589014053344727,0.6622887849807739,-0.24609917402267456,0.7157765030860901,0.45241042971611023,0.7184308767318726,-0.07107969373464584,0.6030555367469788,0.5530549883842468,0.8559048175811768,-0.25837281346321106,0.742176353931427,0.35023441910743713,0.7811314463615417,-0.2101392149925232,0.7102486491203308,0.575404703617096,0.8965416550636292,-0.2624867558479309,0.7874203324317932,0.3386399447917938,0.825881838798523,-0.22586268186569214,0.7134846448898315,0.500644326210022,0.9326896667480469,-0.3258851170539856,0.7747060656547546,0.29805633425712585,0.7326763272285461,-0.2872641980648041,0.7047672867774963,97.94529630874047,30.0,119.67263478725516,-242.33354931532503,-1685.4044152008873
142,4.733333333333333,0.4695420265197754,0.5402647256851196,-0.19057443737983704,0.992860734462738,0.46862295269966125,0.5210900902748108,-0.20968610048294067,0.9941038489341736,0.4714304208755493,0.5185089111328125,-0.20988492667675018,0.993886411190033,0.4742327034473419,0.5156265497207642,-0.20990942418575287,0.9957338571548462,0.4632972180843353,0.5217761397361755,-0.18218472599983215,0.9967369437217712,0.4619622230529785,0.5200223922729492,-0.18246406316757202,0.9971450567245483,0.4605286717414856,0.518066942691803,-0.1826675832271576,0.9979581832885742,0.4875394403934479,0.4975070059299469,-0.2313174158334732,0.9978325366973877,0.4710078835487366,0.5037680268287659,-0.10478390753269196,0.996371865272522,0.4800671637058258,0.544703483581543,-0.19143317639827728,0.9924001693725586,0.47472137212753296,0.5491029024124146,-0.15686990320682526,0.9931973218917847,0.5381144285202026,0.5187203288078308,-0.25079071521759033,0.9998186826705933,0.4907119572162628,0.4985184371471405,-0.005674735177308321,0.9995853304862976,0.4870605170726776,0.6248840093612671,-0.31821438670158386,0.47765815258026123,0.4647684693336487,0.579348623752594,-0.1260015368461609,0.29736238718032837,0.43692687153816223,0.6086767315864563,-0.31550902128219604,0.4573728144168854,0.46514037251472473,0.6018387675285339,-0.35611945390701294,0.3118225634098053,0.41808030009269714,0.6250852942466736,-0.3430246114730835,0.47188663482666016,0.4696381688117981,0.6167609691619873,-0.39223629236221313,0.3202221095561981,0.41710659861564636,0.6063615083694458,-0.34123775362968445,0.4681589603424072,0.46954217553138733,0.6027562618255615,-0.3963378369808197,0.3139636218547821,0.42565813660621643,0.6035401225090027,-0.31225067377090454,0.4351831376552582,0.47128722071647644,0.5994312167167664,-0.36485782265663147,0.2983764111995697,0.5867028832435608,0.6706717610359192,-0.0709281638264656,0.9998008608818054,0.5377697348594666,0.6721515655517578,0.07073339819908142,0.9998207688331604,0.5033849477767944,0.6616512537002563,-0.2615104615688324,0.739757776260376,0.4737244248390198,0.7225975394248962,-0.10901939868927002,0.6252285242080688,0.5554758310317993,0.8511250019073486,-0.26565080881118774,0.749576985836029,0.38879236578941345,0.8159267902374268,-0.2044372856616974,0.7254040241241455,0.5751285552978516,0.8849419355392456,-0.27029502391815186,0.7791775465011597,0.38050493597984314,0.864034116268158,-0.21668574213981628,0.7253689169883728,0.5209458470344543,0.9297160506248474,-0.35741665959358215,0.7866566777229309,0.3397773504257202,0.7376366257667542,-0.2971280813217163,0.726477324962616,150.03650198290111,30.0,111.18218039166881,-141.89086568979613,2641.5585862701
143,4.766666666666667,0.4948788583278656,0.5506783723831177,-0.27199670672416687,0.9935420751571655,0.5023050904273987,0.5309336185455322,-0.2755111753940582,0.9946425557136536,0.5089525580406189,0.5271002054214478,-0.27570146322250366,0.9944382905960083,0.514207661151886,0.5230495929718018,-0.2756759524345398,0.9961130023002625,0.47627755999565125,0.5330145359039307,-0.263899028301239,0.9970217943191528,0.4698057770729065,0.5314239263534546,-0.2641569972038269,0.9973956942558289,0.4785979390144348,0.5300251245498657,-0.26432543992996216,0.9981306791305542,0.5222788453102112,0.5018839836120605,-0.223762646317482,0.9979990720748901,0.4896320700645447,0.511944591999054,-0.16997793316841125,0.9965631365776062,0.5073596239089966,0.5518829226493835,-0.24386587738990784,0.9929932951927185,0.4775310754776001,0.5533258318901062,-0.2304130643606186,0.9936343431472778,0.5614238381385803,0.5156983137130737,-0.20015452802181244,0.9998352527618408,0.4856587052345276,0.5194875597953796,-0.05176929756999016,0.9996174573898315,0.5577408671379089,0.6261619925498962,-0.2799825072288513,0.5074630379676819,0.4807696044445038,0.6176443696022034,-0.1485225111246109,0.271497905254364,0.46707454323768616,0.6302638053894043,-0.3606533110141754,0.461954802274704,0.47885262966156006,0.6556779742240906,-0.33553969860076904,0.28133338689804077,0.43287843465805054,0.6503508687019348,-0.391125351190567,0.47032108902931213,0.4746800661087036,0.6692829132080078,-0.3662671446800232,0.2893589437007904,0.4439091980457306,0.6248587965965271,-0.3858521282672882,0.46695443987846375,0.4759836196899414,0.6595267653465271,-0.36878612637519836,0.2837115228176117,0.44421762228012085,0.619778037071228,-0.3577975332736969,0.42243504524230957,0.4786025285720825,0.6537240743637085,-0.341366708278656,0.26954346895217896,0.5836343765258789,0.6648378968238831,-0.05274849385023117,0.999814510345459,0.5355896353721619,0.676788866519928,0.0526215024292469,0.99983149766922,0.5146360993385315,0.6682988405227661,-0.28810200095176697,0.7383129596710205,0.4789007902145386,0.7221971750259399,-0.22549885511398315,0.6373288631439209,0.5535651445388794,0.8508073687553406,-0.3281283974647522,0.7355266809463501,0.43584030866622925,0.8392837643623352,-0.3828998804092407,0.7410322427749634,0.5695501565933228,0.8691824078559875,-0.3375575840473175,0.7640042901039124,0.4287865459918976,0.891058087348938,-0.4030497372150421,0.7411604523658752,0.5342121720314026,0.9246793389320374,-0.4445512890815735,0.7905539870262146,0.39823779463768005,0.8124022483825684,-0.5191578269004822,0.7478734850883484,146.06156543370153,30.0,110.21324374126876,-66.22964356398505,141.24803120199587
144,4.8,0.553869903087616,0.5600872039794922,-0.5258352160453796,0.9941737651824951,0.5582537055015564,0.5390949845314026,-0.5241720676422119,0.995172381401062,0.5615552663803101,0.534909188747406,-0.5245085954666138,0.9949890375137329,0.5642240643501282,0.5309413075447083,-0.5245367288589478,0.9964986443519592,0.5447354912757874,0.5426624417304993,-0.533524215221405,0.9973114728927612,0.5398861169815063,0.5416570901870728,-0.5337036848068237,0.9976468682289124,0.5368708968162537,0.5401791334152222,-0.5338164567947388,0.9983077645301819,0.5640715956687927,0.5146543979644775,-0.4370661675930023,0.9981971979141235,0.5270588994026184,0.5247237086296082,-0.47977396845817566,0.9968627095222473,0.5580099821090698,0.5637890100479126,-0.48277488350868225,0.9936811327934265,0.5441910028457642,0.5676685571670532,-0.4969671964645386,0.9942417144775391,0.579605221748352,0.5323309302330017,-0.32591304183006287,0.9998515248298645,0.4959373474121094,0.5649570822715759,-0.37041786313056946,0.9996470808982849,0.6198791861534119,0.6398302316665649,-0.3560924828052521,0.5524325370788574,0.5142331123352051,0.6499693989753723,-0.3772783577442169,0.30256348848342896,0.5404259562492371,0.6411906480789185,-0.5085780024528503,0.5124461054801941,0.5771771669387817,0.6154438853263855,-0.4115851819515228,0.2830614745616913,0.5186744332313538,0.6639546155929565,-0.5483596920967102,0.5177428126335144,0.597947895526886,0.6138312816619873,-0.4442516267299652,0.28343257308006287,0.5140650272369385,0.6357182264328003,-0.5462213754653931,0.5144400596618652,0.5943077802658081,0.6035131216049194,-0.4427543878555298,0.27837756276130676,0.5195357203483582,0.6261120438575745,-0.5088632702827454,0.46968892216682434,0.5857540965080261,0.6023592352867126,-0.41195347905158997,0.2570599317550659,0.5458599328994751,0.5964480042457581,0.021516412496566772,0.9998242259025574,0.49176374077796936,0.6389449238777161,-0.021617276594042778,0.9998337626457214,0.5582700967788696,0.6667709946632385,-0.01825566403567791,0.6697517037391663,0.5227477550506592,0.7578156590461731,-0.14655184745788574,0.6070114374160767,0.5274244546890259,0.6988574266433716,0.20850180089473724,0.6626877188682556,0.5360990166664124,0.8677956461906433,0.04419197142124176,0.6913690567016602,0.5213100910186768,0.6991434693336487,0.23016029596328735,0.690361499786377,0.541488766670227,0.9017108678817749,0.05607467517256737,0.6828583478927612,0.5227480530738831,0.7073899507522583,0.19093813002109528,0.7140557169914246,0.5450072884559631,0.914831280708313,-0.02236548624932766,0.6960427761077881,77.11149795022895,30.0,106.76687082073647,-132.47433027632974,-1634.9185320449426
145,4.833333333333333,0.5950505137443542,0.5640313029289246,-0.3225247263908386,0.9942294359207153,0.6016259789466858,0.546103298664093,-0.3216692805290222,0.9953343272209167,0.6045078039169312,0.5430607199668884,-0.3218752443790436,0.995235025882721,0.6069803237915039,0.5399692058563232,-0.3218914270401001,0.9966942071914673,0.5916914343833923,0.5475570559501648,-0.34283512830734253,0.9973366856575012,0.5875008702278137,0.5455656051635742,-0.34295421838760376,0.9976926445960999,0.5832934975624084,0.5433105826377869,-0.342959463596344,0.9982644319534302,0.5907037258148193,0.5228937864303589,-0.2672420144081116,0.9982652068138123,0.5664588212966919,0.5244715809822083,-0.35781553387641907,0.9964172840118408,0.596398651599884,0.5710753202438354,-0.28918927907943726,0.9940528869628906,0.5838674902915955,0.5689933896064758,-0.31803980469703674,0.9944819211959839,0.5713088512420654,0.5334848761558533,-0.16670306026935577,0.9998661875724792,0.5028678178787231,0.5602319836616516,-0.3036613464355469,0.9996727705001831,0.6583741307258606,0.6430491209030151,-0.25964877009391785,0.5396457314491272,0.560303270816803,0.6640322804450989,-0.33039891719818115,0.3190227448940277,0.596723198890686,0.6412824988365173,-0.38768741488456726,0.49022969603538513,0.6184741854667664,0.6017306447029114,-0.3037351965904236,0.27001726627349854,0.5798746347427368,0.6661114692687988,-0.41433966159820557,0.48503491282463074,0.6362220644950867,0.5970931649208069,-0.3220912218093872,0.26301413774490356,0.5733985304832458,0.6435859799385071,-0.4105982780456543,0.48023366928100586,0.6290068030357361,0.5941334366798401,-0.31450942158699036,0.2579783499240875,0.5775993466377258,0.6342797875404358,-0.3881397545337677,0.43543586134910583,0.6213477253913879,0.5861669182777405,-0.29827892780303955,0.2352571189403534,0.5386922955513,0.5960157513618469,0.049803294241428375,0.9998359084129333,0.4764817953109741,0.6200680136680603,-0.05002770572900772,0.9998299479484558,0.5853973031044006,0.6659950017929077,-0.2062257081270218,0.6155558824539185,0.5209833979606628,0.7346241474151611,-0.3789442479610443,0.5939945578575134,0.5287798643112183,0.8405091762542725,-0.2555253207683563,0.5995122194290161,0.590397298336029,0.8616997003555298,-0.42576947808265686,0.6288170218467712,0.5173310041427612,0.862149715423584,-0.26468703150749207,0.6288067102432251,0.5983992218971252,0.8893653750419617,-0.43254441022872925,0.6195157766342163,0.5274544358253479,0.8746234178543091,-0.37712937593460083,0.6518256068229675,0.6218159794807434,0.8587400317192078,-0.5523119568824768,0.640195369720459,69.30121541654523,30.0,101.38162172284677,-175.22421236698122,-1424.6860032066645
146,4.866666666666666,0.628410279750824,0.5611236691474915,-0.016463084146380424,0.9947900772094727,0.6321619749069214,0.5458239912986755,-0.016368620097637177,0.9957916140556335,0.632580578327179,0.5437663793563843,-0.016459373757243156,0.9956997632980347,0.6329329609870911,0.5417187213897705,-0.016504790633916855,0.9970199465751648,0.6283234357833862,0.5463148355484009,-0.048972487449645996,0.9975984692573547,0.6257218718528748,0.5445250272750854,-0.04913291707634926,0.9979181885719299,0.6229591965675354,0.5423885583877563,-0.049043793231248856,0.9984335899353027,0.6108781695365906,0.5207253098487854,0.0029899918008595705,0.9984354972839355,0.605869472026825,0.524235725402832,-0.1532742828130722,0.996757447719574,0.6218239068984985,0.5661011934280396,-0.0006163491052575409,0.9946379661560059,0.6181443929672241,0.5645801424980164,-0.04487444832921028,0.9950217008590698,0.5767776966094971,0.5227352380752563,0.03010282851755619,0.9998795986175537,0.5376471281051636,0.5440777540206909,-0.2017086148262024,0.9997052550315857,0.6671857237815857,0.6225636601448059,-0.1033817008137703,0.5144392251968384,0.58736252784729,0.648681640625,-0.3422999978065491,0.34983888268470764,0.6442384719848633,0.6292023658752441,-0.29510119557380676,0.44963979721069336,0.6447827219963074,0.594055712223053,-0.3555794358253479,0.2577432096004486,0.6363226771354675,0.6526843309402466,-0.3155387043952942,0.4416956603527069,0.6583238244056702,0.5963529348373413,-0.3822064697742462,0.24477551877498627,0.6267545819282532,0.6375223994255066,-0.32350388169288635,0.43694037199020386,0.6490998864173889,0.5799030661582947,-0.3615405857563019,0.23901185393333435,0.6269872188568115,0.6293896436691284,-0.2941221594810486,0.39535656571388245,0.6445437669754028,0.5746214985847473,-0.34746041893959045,0.21497121453285217,0.5456309914588928,0.6086691617965698,0.07975434511899948,0.999852180480957,0.4924776256084442,0.6282894611358643,-0.08009138703346252,0.9998466968536377,0.5772699117660522,0.7291895151138306,-0.044825997203588486,0.5541722178459167,0.5670803189277649,0.7286482453346252,-0.39046046137809753,0.5628762245178223,0.5240169167518616,0.8357251882553101,-0.11148104816675186,0.539645254611969,0.6629658341407776,0.8603811860084534,-0.573175847530365,0.5728669762611389,0.501156210899353,0.8594866394996643,-0.12162017077207565,0.5677706003189087,0.6538223624229431,0.9111162424087524,-0.5923797488212585,0.5708106160163879,0.5444115400314331,0.9124163389205933,-0.14568795263767242,0.5868848562240601,0.7093607783317566,0.8472556471824646,-0.6654219031333923,0.5909868478775024,86.11226535832088,30.0,95.08525666293772,-227.45339715677403,1188.5043236718034
147,4.9,0.658562421798706,0.5507767796516418,-0.07279808074235916,0.9953055381774902,0.6593934893608093,0.5349950790405273,-0.06768044084310532,0.9962076544761658,0.6589117050170898,0.5327313542366028,-0.06787298619747162,0.9961251616477966,0.6583232879638672,0.5303471684455872,-0.06789913773536682,0.9973154067993164,0.6566449403762817,0.5357399582862854,-0.09474704414606094,0.9978352189064026,0.6542779207229614,0.534164547920227,-0.09483764320611954,0.9981222152709961,0.6516125798225403,0.5325158834457397,-0.09479827433824539,0.99858558177948,0.6379931569099426,0.5141541361808777,-0.03333156555891037,0.9985905289649963,0.6333407759666443,0.5207328200340271,-0.15744484961032867,0.9970693588256836,0.6514825820922852,0.5572675466537476,-0.05403370410203934,0.995171844959259,0.6490005254745483,0.5573245286941528,-0.09088432788848877,0.995516300201416,0.5989350080490112,0.5081005096435547,-0.015039685182273388,0.9998916387557983,0.5750661492347717,0.5364120602607727,-0.17906908690929413,0.9997335076332092,0.6487685441970825,0.5613452196121216,-0.10619588941335678,0.5501488447189331,0.6036201119422913,0.6265885233879089,-0.28698328137397766,0.3958323895931244,0.6560717821121216,0.6201919913291931,-0.27636197209358215,0.48439735174179077,0.6436177492141724,0.6262655258178711,-0.3270723223686218,0.2751433849334717,0.6613073348999023,0.6270536780357361,-0.29598692059516907,0.46567443013191223,0.6516451239585876,0.6310476064682007,-0.356453537940979,0.2538331151008606,0.6542066335678101,0.6280205845832825,-0.2988293468952179,0.4599931836128235,0.6548473834991455,0.616556704044342,-0.34940290451049805,0.24874967336654663,0.6514614224433899,0.6150136590003967,-0.2755751311779022,0.41086018085479736,0.6510782241821289,0.612928032875061,-0.32640549540519714,0.21385812759399414,0.5636389255523682,0.6214027404785156,0.06307308375835419,0.9998655915260315,0.5411454439163208,0.6505743265151978,-0.06329462677240372,0.9998587369918823,0.6265570521354675,0.7502011060714722,-0.015842968598008156,0.5060988068580627,0.5886748433113098,0.7239278554916382,-0.247787743806839,0.5976420640945435,0.6946766376495361,0.8345820307731628,-0.05049411579966545,0.495981901884079,0.6705378293991089,0.8693841695785522,-0.3715476095676422,0.5861343741416931,0.6961749792098999,0.8595181703567505,-0.058540355414152145,0.5356218218803406,0.6766502261161804,0.9003345966339111,-0.4870549738407135,0.5761851072311401,0.7370664477348328,0.8277442455291748,-0.11539329588413239,0.5454051494598389,0.7159903645515442,0.8784828186035156,-0.4260140657424927,0.5999051332473755,132.01321499903213,30.0,86.21806191239517,-95.990590788861,7132.10206557403
148,4.933333333333334,0.6551966071128845,0.5443926453590393,-0.03308130428195,0.9956251382827759,0.6565889120101929,0.5277454853057861,-0.025432175025343895,0.9964250326156616,0.6558504104614258,0.5253451466560364,-0.025591734796762466,0.9963961243629456,0.6550049185752869,0.5229047536849976,-0.02556920237839222,0.9974783658981323,0.6551972031593323,0.5288453698158264,-0.054254334419965744,0.9979323744773865,0.6534780859947205,0.5275384187698364,-0.05437995493412018,0.9982239603996277,0.6516243815422058,0.5260194540023804,-0.05445212498307228,0.9986364245414734,0.6402374505996704,0.5069670677185059,0.013275818899273872,0.9986650943756104,0.6381741762161255,0.5127382278442383,-0.11883936077356339,0.9971534609794617,0.6459183096885681,0.5503849983215332,-0.013782603666186333,0.9954917430877686,0.6438219547271729,0.550769567489624,-0.05332300439476967,0.9957479238510132,0.596200704574585,0.5115717649459839,0.06594851613044739,0.9999000430107117,0.6022240519523621,0.5458868741989136,-0.15936042368412018,0.9997416138648987,0.6358470320701599,0.5682458877563477,0.02437259443104267,0.5051109194755554,0.6578595638275146,0.6418287754058838,-0.14846917986869812,0.4163983464241028,0.6524860858917236,0.6182948350906372,-0.11981449276208878,0.44214746356010437,0.652038037776947,0.6145300269126892,-0.0219105277210474,0.26449868083000183,0.6530792117118835,0.610925555229187,-0.13222797214984894,0.42712798714637756,0.6538858413696289,0.613188624382019,-0.029564624652266502,0.24892953038215637,0.6492213010787964,0.6063510179519653,-0.13838569819927216,0.4220593273639679,0.6492391228675842,0.602595865726471,-0.03442145138978958,0.24457310140132904,0.6490764021873474,0.6116004586219788,-0.12611232697963715,0.37725740671157837,0.6466628313064575,0.5978186130523682,-0.020989788696169853,0.21005377173423767,0.5562182664871216,0.6740265488624573,0.08158993721008301,0.999870777130127,0.545943021774292,0.6959584951400757,-0.08162950724363327,0.9998606443405151,0.615554690361023,0.7203225493431091,0.0741136446595192,0.46301624178886414,0.5909181833267212,0.732268214225769,-0.24339208006858826,0.6371398568153381,0.6583386659622192,0.7461383938789368,0.13288135826587677,0.4667432904243469,0.6731269955635071,0.8308936953544617,-0.25002458691596985,0.6253975629806519,0.659906268119812,0.7633705139160156,0.13750331103801727,0.5246524810791016,0.6767276525497437,0.8395479321479797,-0.25384896993637085,0.6159185171127319,0.6832040548324585,0.7274271249771118,0.11746639758348465,0.5233173966407776,0.7056137919425964,0.8116857409477234,-0.27637210488319397,0.6370252966880798,83.7808207969463,30.0,88.68588394368032,248.02007388149462,7654.956920308715
149,4.966666666666667,0.6266587972640991,0.5012543201446533,0.06212746351957321,0.9960261583328247,0.6265622973442078,0.48524877429008484,0.05212412402033806,0.99675452709198,0.625225841999054,0.48191511631011963,0.05192864313721657,0.9967299699783325,0.6237375736236572,0.4784215986728668,0.051947496831417084,0.9977062940597534,0.6277020573616028,0.48967742919921875,0.027771180495619774,0.9981237649917603,0.6274557113647461,0.4900200664997101,0.027586644515395164,0.9983913898468018,0.6272174715995789,0.49055469036102295,0.02743617817759514,0.9987632036209106,0.6130974292755127,0.4714069962501526,0.024225013330578804,0.9987917542457581,0.6206032633781433,0.4888170659542084,-0.08891139179468155,0.9974246621131897,0.6201730966567993,0.5099394917488098,0.059846170246601105,0.9958979487419128,0.621066689491272,0.5129164457321167,0.025664720684289932,0.9961376786231995,0.5605623126029968,0.4952107071876526,0.07032514363527298,0.9999074339866638,0.6131441593170166,0.543628990650177,-0.15634270012378693,0.9997569918632507,0.552039384841919,0.564838171005249,0.18861618638038635,0.4765159785747528,0.6416393518447876,0.6421769261360168,-0.12568573653697968,0.46869972348213196,0.5978735685348511,0.5761224627494812,0.30738896131515503,0.40080317854881287,0.6244070529937744,0.6001363396644592,0.026888733729720116,0.2685335576534271,0.5998545289039612,0.5684626698493958,0.34211429953575134,0.38818395137786865,0.6258910298347473,0.5817631483078003,0.028900299221277237,0.25054001808166504,0.6013943552970886,0.5684305429458618,0.32375141978263855,0.3834734559059143,0.6202928423881531,0.5700772404670715,0.031322795897722244,0.24727290868759155,0.6011893153190613,0.5720789432525635,0.30351582169532776,0.3434823751449585,0.6191074252128601,0.5729689598083496,0.03086289018392563,0.2132464200258255,0.48976194858551025,0.6768795847892761,0.09221057593822479,0.9998829960823059,0.5219720005989075,0.701072633266449,-0.09223203361034393,0.9998731017112732,0.5231183171272278,0.7624354958534241,0.27463874220848083,0.5086278915405273,0.5873128175735474,0.7322989702224731,-0.1677301973104477,0.6733492612838745,0.5091727375984192,0.8630768060684204,0.3592563271522522,0.519112765789032,0.6492823958396912,0.8004668354988098,-0.21995767951011658,0.6627680063247681,0.49269899725914,0.8897064924240112,0.3680647909641266,0.571708083152771,0.6528981328010559,0.8218458294868469,-0.2245144546031952,0.6542708277702332,0.5303552150726318,0.8775720596313477,0.376277893781662,0.5672458410263062,0.68684321641922,0.7416045069694519,-0.2533310055732727,0.6731292009353638,90.14595368741942,30.0,102.75273350449481,414.33987056505333,-379.4078902906364
150,5.0,0.623996376991272,0.4974556863307953,0.11699379980564117,0.9964075684547424,0.6238986849784851,0.48248007893562317,0.10934075713157654,0.997069776058197,0.62263023853302,0.4792262315750122,0.10916589200496674,0.997048020362854,0.6212111711502075,0.47551336884498596,0.1091364249587059,0.9979270696640015,0.6253915429115295,0.4855351150035858,0.08365586400032043,0.9983059167861938,0.6254296898841858,0.4850521981716156,0.08343768864870071,0.9985483288764954,0.6255046725273132,0.48468542098999023,0.08331317454576492,0.998883068561554,0.6116552352905273,0.46839118003845215,0.08539117127656937,0.9989103674888611,0.6190208792686462,0.4815931022167206,-0.03457087278366089,0.9976769685745239,0.6179007887840271,0.5049881339073181,0.1158503070473671,0.9962905645370483,0.6194884777069092,0.5066860914230347,0.07974348962306976,0.9965083003044128,0.5583113431930542,0.4902018904685974,0.13932304084300995,0.999914824962616,0.6084007024765015,0.5392273664474487,-0.11320976167917252,0.9997757077217102,0.5586240291595459,0.5692722201347351,0.2754567265510559,0.4691341817378998,0.643688976764679,0.6442580819129944,-0.06249336525797844,0.516331672668457,0.6029266119003296,0.5696592330932617,0.44201403856277466,0.37615007162094116,0.6314220428466797,0.59767746925354,0.1316896229982376,0.3063574731349945,0.6084672808647156,0.5714895725250244,0.48704084753990173,0.366672545671463,0.6324249505996704,0.5839182138442993,0.14301657676696777,0.29072412848472595,0.6122568845748901,0.5700688362121582,0.4677814245223999,0.3619835078716278,0.6285754442214966,0.5727460384368896,0.14831560850143433,0.2896415591239929,0.611022412776947,0.5733328461647034,0.43888747692108154,0.3269791603088379,0.627173125743866,0.5772459506988525,0.13804991543293,0.25869351625442505,0.482185035943985,0.6776748299598694,0.09734229743480682,0.9998937845230103,0.5072212815284729,0.6976442337036133,-0.09744159877300262,0.9998838901519775,0.5383310317993164,0.7342066764831543,0.1828867346048355,0.5539461970329285,0.5783781409263611,0.7310876250267029,-0.19550006091594696,0.7060024738311768,0.5081509947776794,0.8754457831382751,0.18179841339588165,0.5665336847305298,0.6417137384414673,0.7935317158699036,-0.3532112240791321,0.6964771151542664,0.4894475042819977,0.8970778584480286,0.1814410537481308,0.6141568422317505,0.6434381008148193,0.8276242613792419,-0.3681669235229492,0.6888272762298584,0.5238860845565796,0.8991989493370056,0.17757831513881683,0.608747661113739,0.6810110807418823,0.7379904389381409,-0.412918359041214,0.7057966589927673,100.6917011220861,30.0,116.30854198135054,222.72621452878553,-5717.881165890502
151,5.033333333333333,0.5927226543426514,0.460480660200119,0.17443689703941345,0.9967172741889954,0.5888431668281555,0.44748789072036743,0.15946242213249207,0.9973066449165344,0.5853531360626221,0.4464733898639679,0.15926726162433624,0.9972909092903137,0.5820321440696716,0.4458223581314087,0.1592680960893631,0.9980884790420532,0.6037517786026001,0.45239898562431335,0.14943231642246246,0.9984411597251892,0.6148901581764221,0.45442259311676025,0.14918261766433716,0.9986680150032043,0.6154887676239014,0.4565601348876953,0.14908930659294128,0.9989721179008484,0.575386643409729,0.4510435461997986,0.09943666309118271,0.9990027546882629,0.6007972955703735,0.46393638849258423,0.05221248045563698,0.9978794455528259,0.5852649211883545,0.4726044833660126,0.15905731916427612,0.9965234398841858,0.6055590510368347,0.47642821073532104,0.1441074013710022,0.9967142343521118,0.5348540544509888,0.49469423294067383,0.1198182925581932,0.9999082088470459,0.6057493090629578,0.5368844270706177,-0.003410124685615301,0.9997915029525757,0.525140643119812,0.5724234580993652,0.22910600900650024,0.42561906576156616,0.614348292350769,0.6259689331054688,0.08269091695547104,0.47690945863723755,0.5746354460716248,0.544922947883606,0.39917346835136414,0.3412715494632721,0.6137651205062866,0.5469255447387695,0.2723613977432251,0.30172786116600037,0.6006332039833069,0.5286027193069458,0.43612509965896606,0.3336785137653351,0.6165835857391357,0.5178307890892029,0.2956843972206116,0.2978421747684479,0.5919075608253479,0.5251345634460449,0.42561161518096924,0.32951033115386963,0.6129264831542969,0.5141628980636597,0.2998564839363098,0.2967223525047302,0.592808187007904,0.5324431657791138,0.3992473781108856,0.29792842268943787,0.6107527017593384,0.5230498313903809,0.2783331871032715,0.2625720202922821,0.49262672662734985,0.6856502890586853,0.08253861963748932,0.999889612197876,0.5377832055091858,0.6998062133789062,-0.08311004936695099,0.999880313873291,0.475183367729187,0.7337507605552673,0.11676856130361557,0.5499557852745056,0.5898624062538147,0.7287678718566895,0.04653233662247658,0.7009053826332092,0.5068021416664124,0.8743619918823242,0.17887169122695923,0.5933374166488647,0.5843994617462158,0.7790307998657227,-0.02972053736448288,0.7005783915519714,0.4966316819190979,0.9111093282699585,0.07723352313041687,0.6480812430381775,0.5625620484352112,0.7978489398956299,-0.035478342324495316,0.704140841960907,0.512374997138977,0.8978022933006287,0.03985649347305298,0.6274733543395996,0.5870485901832581,0.7796698808670044,-0.026159975677728653,0.703011155128479,111.33479608648682,30.0,117.60114780641385,33.14779283901984,-1709.1489236661528
152,5.066666666666666,,,,,,,,,,,,,,,,,,,,,,,,,,,,,,,,,,,,,,,,,,,,,,,,,,,,,,,,,,,,,,,,,,,,,,,,,,,,,,,,,,,,,,,,,,,,,,,,,,,,,,,,,,,,,,,,,,,,,,,,,,,,,,,,,,,,,,30.0,118.5183948372852,108.78295295104202,3148.128567751242
153,5.1,0.4793238937854767,0.5149440765380859,0.058403484523296356,0.9970436692237854,0.47832930088043213,0.4967341721057892,0.03028818592429161,0.9975745677947998,0.4792581796646118,0.49466100335121155,0.03013085387647152,0.9975599646568298,0.4799724221229553,0.49291563034057617,0.03016219660639763,0.9982783198356628,0.4786168932914734,0.49668097496032715,0.06703443080186844,0.9985959529876709,0.47989845275878906,0.49440404772758484,0.06671430170536041,0.9987999200820923,0.48115837574005127,0.49198585748672485,0.06664274632930756,0.9990741014480591,0.4915615916252136,0.4813154935836792,-0.05443321540951729,0.9991015195846558,0.4941243529319763,0.47779110074043274,0.11423403769731522,0.998089611530304,0.4870891273021698,0.5235600471496582,0.03308458253741264,0.9968628883361816,0.48822110891342163,0.52437824010849,0.08035901933908463,0.9970349669456482,0.520621657371521,0.5252571702003479,-0.12387195229530334,0.9999152421951294,0.5480180382728577,0.5256112217903137,0.20065562427043915,0.9998040199279785,0.4274124205112457,0.5835456252098083,-0.08310142904520035,0.411749005317688,0.5008713006973267,0.5543346405029297,0.3274231255054474,0.43035778403282166,0.4684085249900818,0.5491628050804138,0.1533738523721695,0.31228142976760864,0.4771623909473419,0.5315282940864563,0.4194179177284241,0.2722058594226837,0.46705561876296997,0.5335294604301453,0.1675005704164505,0.3060958683490753,0.46704691648483276,0.5164915323257446,0.445591002702713,0.2691466212272644,0.4775662422180176,0.5324307680130005,0.16079017519950867,0.3021501302719116,0.47487708926200867,0.5121099352836609,0.43663015961647034,0.2680790424346924,0.4817662537097931,0.5461233854293823,0.15661445260047913,0.27336612343788147,0.47934943437576294,0.517186164855957,0.4154360592365265,0.23737134039402008,0.6330276727676392,0.7235440015792847,-0.1097177043557167,0.999896228313446,0.6308972835540771,0.7215113639831543,0.10934873670339584,0.9998849630355835,0.5259589552879333,0.6805097460746765,-0.2510475218296051,0.5945332646369934,0.5209577679634094,0.7128193974494934,0.2683877646923065,0.6377518177032471,0.5502647161483765,0.8626683354377747,-0.2418789565563202,0.6332012414932251,0.4371379613876343,0.7596123218536377,0.3481255769729614,0.6450790762901306,0.5676285624504089,0.908423900604248,-0.2399083524942398,0.6812548041343689,0.44104719161987305,0.7872387170791626,0.35725486278533936,0.6578872799873352,0.5097813606262207,0.9254459142684937,-0.26594629883766174,0.663837194442749,0.3943827450275421,0.736511766910553,0.39077112078666687,0.6618391275405884,153.83717175748828,30.0,124.85334466981665,243.02303068910263,124.22775893808407
154,5.133333333333333,0.46616336703300476,0.5283432602882385,0.059694804251194,0.9972970485687256,0.46432608366012573,0.5060138702392578,0.03146371990442276,0.9977828860282898,0.46612653136253357,0.5028860569000244,0.03129773586988449,0.9977484345436096,0.46797752380371094,0.4996671974658966,0.03133654594421387,0.9984123706817627,0.4640478491783142,0.5065845847129822,0.06978821009397507,0.9987100958824158,0.4657251536846161,0.5038006901741028,0.06942395865917206,0.9988902807235718,0.46762365102767944,0.5007151365280151,0.06931912899017334,0.9991514086723328,0.4832748770713806,0.486766517162323,-0.05404011905193329,0.9991637468338013,0.4830496907234192,0.4856380224227905,0.12083520740270615,0.9982520341873169,0.4769602417945862,0.5368124842643738,0.03346332535147667,0.997038722038269,0.47762665152549744,0.5376518368721008,0.08212351053953171,0.9972176551818848,0.5178312063217163,0.5284911394119263,-0.12382366508245468,0.9999134540557861,0.5427932143211365,0.523716151714325,0.20049601793289185,0.9998051524162292,0.42520856857299805,0.600489616394043,-0.09214694797992706,0.3882359564304352,0.4835222363471985,0.5737130045890808,0.314949631690979,0.3878226578235626,0.4663420021533966,0.5718427300453186,0.1355629414319992,0.2822091579437256,0.467866986989975,0.5547784566879272,0.38507452607154846,0.2451237440109253,0.4677106738090515,0.5687294006347656,0.14864054322242737,0.2767380475997925,0.4646344482898712,0.5459292531013489,0.4053715765476227,0.2424575537443161,0.4772730767726898,0.5657917857170105,0.14042216539382935,0.2731468081474304,0.47536998987197876,0.5391426682472229,0.39787742495536804,0.24148207902908325,0.47905007004737854,0.5701579451560974,0.13807964324951172,0.247292622923851,0.47764042019844055,0.5449786186218262,0.38087958097457886,0.21387708187103271,0.6394013166427612,0.7200693488121033,-0.10414501279592514,0.9999006986618042,0.6408913731575012,0.7190880179405212,0.10387022793292999,0.9998912215232849,0.5211365222930908,0.6709126830101013,-0.11630305647850037,0.6285945177078247,0.5160829424858093,0.7073138952255249,0.12244054675102234,0.5971713662147522,0.5642249584197998,0.8622574210166931,-0.055067744106054306,0.6610418558120728,0.39467594027519226,0.7793276906013489,0.07587670534849167,0.6141853332519531,0.5856025815010071,0.9007737040519714,-0.047826845198869705,0.6935988664627075,0.37590286135673523,0.8127766251564026,0.07273388653993607,0.628926694393158,0.5175558924674988,0.9272168874740601,-0.05703228712081909,0.6848201155662537,0.3444502651691437,0.7271517515182495,0.0821462869644165,0.6394596099853516,141.21462048731487,30.0,134.7199302165587,117.06480354691429,-5688.810106534709
155,5.166666666666667,0.46597522497177124,0.5403447151184082,0.05364762991666794,0.9975529909133911,0.4650077223777771,0.5164057612419128,0.02788788266479969,0.9979925751686096,0.4668335020542145,0.5135914087295532,0.027726761996746063,0.9979541301727295,0.46870991587638855,0.5109283924102783,0.02776561863720417,0.9985582232475281,0.46385493874549866,0.5180678963661194,0.06744883954524994,0.9988316893577576,0.4646158218383789,0.5167850255966187,0.06707318127155304,0.9989938735961914,0.465354859828949,0.5156480669975281,0.06695839762687683,0.9992324709892273,0.48411664366722107,0.4973389804363251,-0.05409643426537514,0.9992356896400452,0.48372772336006165,0.5006065964698792,0.12197769433259964,0.9984151721000671,0.47724583745002747,0.5477452874183655,0.02814711444079876,0.9972777962684631,0.4764438569545746,0.5494334697723389,0.07810401171445847,0.9974498748779297,0.5227933526039124,0.5419734120368958,-0.13996782898902893,0.9999108910560608,0.5357429385185242,0.5327273607254028,0.20039843022823334,0.9997925162315369,0.4414389431476593,0.6262204051017761,-0.12003294378519058,0.3775237798690796,0.48743757605552673,0.6172182559967041,0.21397028863430023,0.3498387634754181,0.4479093551635742,0.6119967699050903,0.056508924812078476,0.2658999562263489,0.4536692798137665,0.6018627285957336,0.12314463406801224,0.2212468683719635,0.44052088260650635,0.5942569971084595,0.05964293330907822,0.2642745077610016,0.4349987804889679,0.5975298285484314,0.12165539711713791,0.21944372355937958,0.4455035924911499,0.5874291062355042,0.05744081735610962,0.2601809501647949,0.4410150945186615,0.5929605960845947,0.10870400816202164,0.21849076449871063,0.44876328110694885,0.5918077230453491,0.06139184907078743,0.23556284606456757,0.44586053490638733,0.5978810787200928,0.11193246394395828,0.19385553896427155,0.6484421491622925,0.7148299813270569,-0.10129373520612717,0.9999079704284668,0.6400761008262634,0.7120274901390076,0.10102740675210953,0.9998996257781982,0.5212777853012085,0.6690626740455627,-0.12642742693424225,0.6645837426185608,0.5116129517555237,0.7275382876396179,0.08162541687488556,0.6149012446403503,0.5771313309669495,0.8622553944587708,-0.0670766681432724,0.6934511661529541,0.38006481528282166,0.8063907623291016,0.03256522864103317,0.6410048604011536,0.5989808440208435,0.8959554433822632,-0.06188158690929413,0.7198304533958435,0.3573099374771118,0.8484185934066772,0.028488751500844955,0.6546710729598999,0.5298498272895813,0.931593656539917,-0.10063266009092331,0.7141037583351135,0.3232771158218384,0.7429888844490051,0.005801468621939421,0.6666308641433716,84.65012864952689,30.0,132.6576649062776,-136.23097641321132,-4442.629653559223
156,5.2,0.4801931381225586,0.5556401610374451,-0.10021054744720459,0.9976918697357178,0.4784781038761139,0.5354681611061096,-0.11931898444890976,0.9980741143226624,0.48061564564704895,0.532669186592102,-0.11948828399181366,0.9979908466339111,0.48350295424461365,0.5292919874191284,-0.11944050341844559,0.9985758662223816,0.4756046235561371,0.5366494655609131,-0.087434783577919,0.9988855719566345,0.4749545454978943,0.5350617170333862,-0.08780916780233383,0.9990435838699341,0.47387629747390747,0.5334833860397339,-0.08797363936901093,0.9992823004722595,0.4997369945049286,0.5121572017669678,-0.1642964631319046,0.9991686344146729,0.48975422978401184,0.5170663595199585,-0.02112659625709057,0.9985064268112183,0.49159544706344604,0.5603575110435486,-0.11173351109027863,0.9972614049911499,0.4884270131587982,0.5626946091651917,-0.07191918790340424,0.9975340962409973,0.5450541973114014,0.553053617477417,-0.205973282456398,0.9998800754547119,0.5233827233314514,0.5369976162910461,0.07452192902565002,0.9998019337654114,0.4838525056838989,0.6526374220848083,-0.1999368965625763,0.38598236441612244,0.4796468913555145,0.6103299856185913,0.15071019530296326,0.32207420468330383,0.44875943660736084,0.6118342280387878,-0.07919897139072418,0.26081106066703796,0.45847102999687195,0.6182857751846313,0.15224841237068176,0.20710955560207367,0.4404716193675995,0.6179447174072266,-0.08295261114835739,0.2605331242084503,0.45475298166275024,0.6243274807929993,0.16238069534301758,0.20668591558933258,0.4462720453739166,0.6128212213516235,-0.0853782519698143,0.2555515766143799,0.4456871747970581,0.6223248243331909,0.14598363637924194,0.205269917845726,0.4499436616897583,0.6125265955924988,-0.07559871673583984,0.22913487255573273,0.4535680115222931,0.6214902997016907,0.1441672295331955,0.18337655067443848,0.6483609080314636,0.6978678107261658,-0.08748514205217361,0.9999089241027832,0.6188619136810303,0.6931382417678833,0.08725783973932266,0.9999046921730042,0.5260908007621765,0.669296383857727,-0.23209555447101593,0.6967551708221436,0.5043391585350037,0.7254081964492798,-0.0077477931044995785,0.6339926719665527,0.5843045711517334,0.8609833121299744,-0.20684239268302917,0.7200495600700378,0.39624422788619995,0.8330458402633667,-0.09141047298908234,0.6672683954238892,0.6053116917610168,0.8861757516860962,-0.20720724761486053,0.7408484220504761,0.3810967803001404,0.8807934522628784,-0.10087227076292038,0.6761004328727722,0.5432761311531067,0.9345842599868774,-0.2765875458717346,0.7388651371002197,0.33843785524368286,0.7814540266990662,-0.15303276479244232,0.6923245191574097,128.82759996088103,30.0,125.63786512234462,-179.1105066903672,872.4415880260326
157,5.233333333333333,0.5069004893302917,0.570085883140564,-0.39449426531791687,0.9979154467582703,0.5067602396011353,0.5518831610679626,-0.4084736108779907,0.998261034488678,0.5104974508285522,0.5491726398468018,-0.4087258279323578,0.9981849193572998,0.5148180723190308,0.5458129048347473,-0.40874868631362915,0.9987128973007202,0.4990983009338379,0.5522785186767578,-0.3822539150714874,0.9989916682243347,0.49681779742240906,0.550634503364563,-0.3826184868812561,0.9991347193717957,0.4943995773792267,0.5490068793296814,-0.3827923834323883,0.9993500113487244,0.5281370282173157,0.5209894776344299,-0.39003172516822815,0.9992477297782898,0.49750959873199463,0.5319399237632751,-0.27451473474502563,0.9986370801925659,0.5147503614425659,0.5754882097244263,-0.37953832745552063,0.9975210428237915,0.5070700645446777,0.5765885710716248,-0.3477720618247986,0.997766375541687,0.5753528475761414,0.55092853307724,-0.36404654383659363,0.9998898506164551,0.5050219893455505,0.5450403094291687,-0.14993874728679657,0.9998188018798828,0.5468160510063171,0.6759766340255737,-0.4260212779045105,0.44668301939964294,0.48263612389564514,0.6381181478500366,-0.2381686419248581,0.3194930851459503,0.4690413475036621,0.6367655992507935,-0.44556522369384766,0.3328561782836914,0.4885786175727844,0.639369785785675,-0.4721699655056,0.19668960571289062,0.44622141122817993,0.6585249304771423,-0.4816993772983551,0.33161672949790955,0.5056716799736023,0.6423905491828918,-0.5108426213264465,0.20118071138858795,0.4529024660587311,0.6375220417976379,-0.484742134809494,0.3269224464893341,0.5056406855583191,0.6304066777229309,-0.5208290815353394,0.20058757066726685,0.45517510175704956,0.6320168375968933,-0.4458525478839874,0.3002874553203583,0.5023062825202942,0.6318461298942566,-0.482576847076416,0.18034951388835907,0.6419373154640198,0.6810844540596008,-0.06283564865589142,0.9999132752418518,0.5913156867027283,0.681513249874115,0.0625666007399559,0.9999091029167175,0.5362707376480103,0.6752856373786926,-0.3054385483264923,0.7268584370613098,0.5064389705657959,0.7243124842643738,-0.17055858671665192,0.6688969731330872,0.5793294310569763,0.8583346009254456,-0.23108896613121033,0.7465190291404724,0.43905580043792725,0.8611487746238708,-0.23327289521694183,0.6992818117141724,0.5982658863067627,0.8809334635734558,-0.22867898643016815,0.7628366351127625,0.4324277341365814,0.9108914136886597,-0.24266308546066284,0.7054518461227417,0.5487870573997498,0.9344276785850525,-0.33460095524787903,0.7638859152793884,0.38955268263816833,0.8331813812255859,-0.3470515012741089,0.7222633957862854,132.60473176347733,30.0,120.71696446025312,-78.06820387814248,2602.7186162451258
158,5.266666666666667,0.5433645248413086,0.5770501494407654,-0.42169424891471863,0.9981201887130737,0.5479646921157837,0.5589513182640076,-0.42536646127700806,0.9984316825866699,0.5525093674659729,0.5566465854644775,-0.42560437321662903,0.9983618855476379,0.556736409664154,0.5541648864746094,-0.4255843460559845,0.9988376498222351,0.5366156101226807,0.5593322515487671,-0.4148283004760742,0.999089777469635,0.5328211784362793,0.5575770735740662,-0.4151436686515808,0.9992188215255737,0.5292981266975403,0.5557440519332886,-0.41526955366134644,0.9994122982025146,0.5648261308670044,0.5357868075370789,-0.36339089274406433,0.9993191361427307,0.5244852304458618,0.5372453927993774,-0.31767523288726807,0.9987607002258301,0.5500802993774414,0.5838180780410767,-0.3900117576122284,0.9977530241012573,0.5391474366188049,0.5848175883293152,-0.37850919365882874,0.9979742169380188,0.592729926109314,0.5511625409126282,-0.3105585277080536,0.999898374080658,0.5091999173164368,0.5459399223327637,-0.20982208847999573,0.9998347759246826,0.5897511839866638,0.6592920422554016,-0.4386832118034363,0.4992935061454773,0.49900516867637634,0.6212226748466492,-0.350286066532135,0.324942022562027,0.523145318031311,0.6564037799835205,-0.5859487056732178,0.3952288329601288,0.505964994430542,0.6559492945671082,-0.5883805155754089,0.20478519797325134,0.5005784630775452,0.6805971264839172,-0.6326135993003845,0.39438411593437195,0.49879154562950134,0.6785321235656738,-0.6325670480728149,0.22002790868282318,0.4980604946613312,0.6541591286659241,-0.6366216540336609,0.3900299072265625,0.5038025975227356,0.660507082939148,-0.6412948966026306,0.21934248507022858,0.5077038407325745,0.6468950510025024,-0.5901482701301575,0.3618510067462921,0.5096977949142456,0.652004599571228,-0.5977170467376709,0.19768618047237396,0.6267188787460327,0.66106116771698,-0.03784429281949997,0.9998978972434998,0.5775105953216553,0.6730421185493469,0.037522293627262115,0.9998926520347595,0.5513141751289368,0.6749801635742188,-0.32117050886154175,0.753009021282196,0.5066001415252686,0.703184187412262,-0.20978747308254242,0.6939610242843628,0.5748053789138794,0.8564363121986389,-0.3843650221824646,0.7686284184455872,0.49834033846855164,0.8777078986167908,-0.34059005975723267,0.7255024313926697,0.5833332538604736,0.880071222782135,-0.39651045203208923,0.7825087904930115,0.5035967230796814,0.9271160364151001,-0.35795265436172485,0.7301859855651855,0.5436761975288391,0.9317203760147095,-0.5033464431762695,0.7856155037879944,0.4620893895626068,0.8958855271339417,-0.45864495635032654,0.7473326921463013,159.42027411806035,30.0,120.43331819713512,-5.595932274025515,874.9530172461679
159,5.3,0.585562527179718,0.5905805230140686,-0.42672616243362427,0.9983065128326416,0.5924017429351807,0.5692018270492554,-0.42831945419311523,0.9985870718955994,0.5959288477897644,0.5658667087554932,-0.42864036560058594,0.9985241293907166,0.5995914340019226,0.5624346137046814,-0.42868927121162415,0.9989526867866516,0.5820594429969788,0.5721833109855652,-0.44187989830970764,0.9991797804832458,0.5775309801101685,0.5711450576782227,-0.4421423673629761,0.9992959499359131,0.5730401277542114,0.5697424411773682,-0.4422580897808075,0.9994701147079468,0.6005624532699585,0.546149492263794,-0.35814228653907776,0.9993863701820374,0.5579457879066467,0.5550407767295837,-0.4253794550895691,0.9988818764686584,0.5854957699775696,0.5965903401374817,-0.38952919840812683,0.9979739785194397,0.5753456354141235,0.5953956246376038,-0.4108021557331085,0.9981741309165955,0.5852985382080078,0.5511364936828613,-0.270081490278244,0.9999085068702698,0.4915699362754822,0.6269602179527283,-0.3209511935710907,0.9998512268066406,0.6468738913536072,0.6714614033699036,-0.3366633653640747,0.4892135560512543,0.5378850102424622,0.7306399941444397,-0.34919846057891846,0.2955271005630493,0.5742274522781372,0.6652455925941467,-0.4637371003627777,0.3711060881614685,0.5935190916061401,0.6736842393875122,-0.3734227418899536,0.18459174036979675,0.5535922646522522,0.6904655694961548,-0.48940974473953247,0.36462733149528503,0.6092410683631897,0.665779173374176,-0.39154258370399475,0.19827686250209808,0.5528224110603333,0.6629643440246582,-0.48169466853141785,0.3593534827232361,0.6019381284713745,0.6433749198913574,-0.3785306215286255,0.19764716923236847,0.5594675540924072,0.6545684933662415,-0.4608202576637268,0.33107060194015503,0.5961106419563293,0.6443020105361938,-0.3666377365589142,0.1780816912651062,0.56410151720047,0.6310325860977173,0.02896154299378395,0.9999071955680847,0.5049426555633545,0.6641430258750916,-0.02916570194065571,0.9999029040336609,0.5969028472900391,0.710403323173523,0.06859881430864334,0.6777938008308411,0.5301831960678101,0.7570310235023499,-0.35809776186943054,0.6525082588195801,0.5657133460044861,0.7225118279457092,0.22917911410331726,0.6917670369148254,0.5711669325828552,0.9068827629089355,-0.6944759488105774,0.6648179888725281,0.560125470161438,0.7180601358413696,0.2457927167415619,0.7042824029922485,0.5876258611679077,0.945540726184845,-0.7293589115142822,0.6674362421035767,0.5435248017311096,0.7430145740509033,0.26570913195610046,0.7070627212524414,0.554193913936615,0.8969112634658813,-0.8321019411087036,0.6934922337532043,74.24484312187074,30.0,120.34390230865142,-19.73800272839796,-2644.7851923976937
160,5.333333333333333,0.6133467555046082,0.5867958068847656,-0.28362950682640076,0.9984501600265503,0.6184172034263611,0.5685768127441406,-0.2914242744445801,0.9987145066261292,0.6201494336128235,0.5666300058364868,-0.29168784618377686,0.9986611604690552,0.6218777298927307,0.5648098587989807,-0.29169902205467224,0.999049186706543,0.6116870641708374,0.5701879858970642,-0.30627211928367615,0.9992502927780151,0.6082093715667725,0.5689171552658081,-0.30646955966949463,0.9993578791618347,0.6041805148124695,0.5676599144935608,-0.30654624104499817,0.9995107054710388,0.6165950298309326,0.5543627738952637,-0.28118225932121277,0.9994428753852844,0.5884678363800049,0.5521494746208191,-0.33845722675323486,0.9989684224128723,0.610823392868042,0.5920108556747437,-0.26131048798561096,0.9981553554534912,0.6025858521461487,0.5915706157684326,-0.2818252146244049,0.9983330368995667,0.582595705986023,0.5503645539283752,-0.1793544441461563,0.9999176263809204,0.5028684735298157,0.6081798076629639,-0.2883656322956085,0.9998654723167419,0.6590157151222229,0.6603994965553284,-0.3027901351451874,0.4880715012550354,0.5674631595611572,0.7136353254318237,-0.36501559615135193,0.27502045035362244,0.6181918978691101,0.6632771492004395,-0.4444364011287689,0.3949999213218689,0.6273396611213684,0.6808456778526306,-0.4149826765060425,0.16880187392234802,0.6038004159927368,0.691901683807373,-0.47929370403289795,0.3895169794559479,0.6405113935470581,0.6765050888061523,-0.4428271949291229,0.18101680278778076,0.5974940061569214,0.6676684617996216,-0.47512322664260864,0.3822910189628601,0.635880172252655,0.6531494855880737,-0.43265098333358765,0.1802998036146164,0.6004239916801453,0.6591465473175049,-0.44605258107185364,0.34644997119903564,0.6296528577804565,0.6525079011917114,-0.4105910658836365,0.1618792563676834,0.5438889265060425,0.6040490865707397,0.04448037967085838,0.9999153017997742,0.49108636379241943,0.6366556882858276,-0.044755928218364716,0.9999106526374817,0.574451744556427,0.7426633834838867,-0.07252444326877594,0.6126194596290588,0.539716362953186,0.7491488456726074,-0.31349337100982666,0.6409953832626343,0.5324662923812866,0.8433745503425598,-0.02762387879192829,0.623516321182251,0.6167837381362915,0.8896511793136597,-0.3947967290878296,0.6313815712928772,0.5155044794082642,0.8648994565010071,-0.02428133226931095,0.6376964449882507,0.6237452626228333,0.9175508618354797,-0.40393713116645813,0.6223430633544922,0.5080375075340271,0.9266230463981628,-0.07492159307003021,0.6405448317527771,0.6543845534324646,0.897045373916626,-0.5046078562736511,0.6714528799057007,110.14866477367399,30.0,119.11745134857526,-181.91494510053843,-5023.130821288
161,5.366666666666666,0.6410214304924011,0.5829949378967285,-0.28099164366722107,0.9986042976379395,0.6461920142173767,0.5646990537643433,-0.2835237383842468,0.9988428950309753,0.6471576690673828,0.5632609724998474,-0.2837262749671936,0.9987948536872864,0.6480065584182739,0.5618056058883667,-0.28374502062797546,0.9991441965103149,0.6403469443321228,0.5651125907897949,-0.308768630027771,0.9993252158164978,0.6366838216781616,0.5633586645126343,-0.30897602438926697,0.999422013759613,0.6322156190872192,0.560600757598877,-0.3089993894100189,0.9995595812797546,0.6334995031356812,0.5467007160186768,-0.2572854161262512,0.9994985461235046,0.6149917840957642,0.5439773797988892,-0.36311444640159607,0.9990714192390442,0.6325464248657227,0.5886924266815186,-0.25649550557136536,0.9983396530151367,0.6266420483589172,0.5859917998313904,-0.29194021224975586,0.9984995722770691,0.5861185789108276,0.5495326519012451,-0.18473108112812042,0.9999258518218994,0.5360170006752014,0.5910913944244385,-0.34351426362991333,0.9998788237571716,0.6408852338790894,0.6529660224914551,-0.29967162013053894,0.4864138960838318,0.5809421539306641,0.6951659321784973,-0.4871653914451599,0.3012751638889313,0.6475904583930969,0.6510423421859741,-0.5071632266044617,0.42929181456565857,0.6222452521324158,0.6707497239112854,-0.5887277126312256,0.20783856511116028,0.6478517651557922,0.6715860962867737,-0.5459433794021606,0.42970600724220276,0.6288982033729553,0.6620022654533386,-0.6300814151763916,0.21982808411121368,0.6345595717430115,0.6544132232666016,-0.5463879108428955,0.42311355471611023,0.6275946497917175,0.6385988593101501,-0.6207877993583679,0.21624518930912018,0.6339839100837708,0.6511250734329224,-0.5127387642860413,0.381136029958725,0.624727189540863,0.640269935131073,-0.587450385093689,0.17697088420391083,0.5556277632713318,0.6101562976837158,0.058345891535282135,0.9999233484268188,0.5320032238960266,0.6439657807350159,-0.05857793986797333,0.9999192953109741,0.570282518863678,0.7238206267356873,-0.003325515892356634,0.5530799627304077,0.5625398755073547,0.7437542676925659,-0.31302040815353394,0.6659550666809082,0.46743717789649963,0.8112585544586182,0.05139439180493355,0.5659127235412598,0.6622340083122253,0.882236123085022,-0.31319764256477356,0.6593817472457886,0.45062729716300964,0.819634199142456,0.05472033843398094,0.5877552032470703,0.6677970886230469,0.9052738547325134,-0.314064085483551,0.6316953301429749,0.46262770891189575,0.8470083475112915,0.010279038920998573,0.5903262495994568,0.7065574526786804,0.9280750155448914,-0.3973371684551239,0.6928537487983704,132.56655820375536,30.0,108.21623930194886,-354.6133908142646,-2824.9126015377383
162,5.4,0.645316481590271,0.5784950256347656,-0.25494375824928284,0.9987215995788574,0.6479642987251282,0.5606991052627563,-0.2484642118215561,0.998947262763977,0.6480281949043274,0.5588251948356628,-0.24857674539089203,0.9989046454429626,0.6481148600578308,0.5568343997001648,-0.24854888021945953,0.999222993850708,0.6454238295555115,0.5613783001899719,-0.2675260007381439,0.999386727809906,0.64351886510849,0.5597798824310303,-0.26777252554893494,0.9994733929634094,0.6414631009101868,0.5577835440635681,-0.2678278982639313,0.9995989799499512,0.636360228061676,0.5407609343528748,-0.2129296511411667,0.9995423555374146,0.6286637187004089,0.5423451066017151,-0.3377367854118347,0.9991551041603088,0.6377629041671753,0.5843890905380249,-0.21704436838626862,0.998495876789093,0.6352364420890808,0.5825850367546082,-0.24996575713157654,0.9986428618431091,0.5920047760009766,0.5280308723449707,-0.1441856473684311,0.9999332427978516,0.5422341823577881,0.5848681330680847,-0.33076781034469604,0.9998908638954163,0.6289309859275818,0.6089929938316345,-0.21687085926532745,0.48343589901924133,0.5855132341384888,0.6613280773162842,-0.3291747272014618,0.36161789298057556,0.6450682282447815,0.6454876065254211,-0.4011615514755249,0.42435720562934875,0.6414353251457214,0.6566855907440186,-0.3020870089530945,0.2159302830696106,0.6528066396713257,0.6679039001464844,-0.43088021874427795,0.43371647596359253,0.6476147770881653,0.6505573391914368,-0.32650768756866455,0.22191929817199707,0.6491202712059021,0.6448627710342407,-0.4400534927845001,0.425297349691391,0.6427631378173828,0.6330909729003906,-0.3275758624076843,0.21740195155143738,0.6453848481178284,0.6429084539413452,-0.40919163823127747,0.3832130432128906,0.637459933757782,0.6326087117195129,-0.3130398690700531,0.1751164346933365,0.5687419176101685,0.6092135906219482,0.07636956125497818,0.9999309778213501,0.537835955619812,0.6551572680473328,-0.07645904272794724,0.9999273419380188,0.6408265829086304,0.6834717392921448,0.1888657957315445,0.5032801628112793,0.5563798546791077,0.7495776414871216,-0.2739390730857849,0.6987754702568054,0.6500301957130432,0.7022943496704102,0.379345566034317,0.509447455406189,0.6749581694602966,0.8789538741111755,-0.3217768669128418,0.6901581287384033,0.6439351439476013,0.7065539956092834,0.39738935232162476,0.5299652218818665,0.6950365304946899,0.9019672274589539,-0.3271907567977905,0.6570448279380798,0.6750328540802002,0.7102985382080078,0.3948093354701996,0.5322585105895996,0.7292359471321106,0.8866891264915466,-0.404581218957901,0.7195256948471069,112.64834856393612,30.0,95.47655862762429,-370.242451869721,2801.1701073503436
163,5.433333333333334,0.6267664432525635,0.5526137948036194,-0.09649504721164703,0.9946243166923523,0.6276100277900696,0.537653386592865,-0.10107620060443878,0.9965197443962097,0.6268435120582581,0.5361377000808716,-0.10129324346780777,0.9968023896217346,0.625941812992096,0.5347102880477905,-0.10127104073762894,0.998119592666626,0.6272532343864441,0.5384511947631836,-0.12570063769817352,0.9975188970565796,0.6262475252151489,0.5376189947128296,-0.12582378089427948,0.9974982738494873,0.6251794099807739,0.5369581580162048,-0.12590725719928741,0.9981892704963684,0.615782618522644,0.5251091122627258,-0.10481394082307816,0.9985864758491516,0.6150811314582825,0.5286445617675781,-0.2279389500617981,0.9951380491256714,0.6201716661453247,0.5635280013084412,-0.08933516591787338,0.9964500069618225,0.6200770735740662,0.5634851455688477,-0.12339667230844498,0.9953688979148865,0.5626925826072693,0.5302985906600952,-0.07421014457941055,0.9999367594718933,0.5873855948448181,0.569098174571991,-0.22969534993171692,0.9998345375061035,0.6016334891319275,0.616399884223938,-0.08827459067106247,0.43636471033096313,0.6384554505348206,0.6599934697151184,-0.2538362443447113,0.3290003538131714,0.6330783367156982,0.6413367986679077,-0.1813766062259674,0.3833281695842743,0.6385629773139954,0.6534007787704468,-0.10599397867918015,0.19612464308738708,0.6393144726753235,0.6608647108078003,-0.19242212176322937,0.3928467333316803,0.6373890042304993,0.6363222002983093,-0.11530425399541855,0.20166102051734924,0.6398651003837585,0.6399784684181213,-0.20929665863513947,0.3854687511920929,0.6306145787239075,0.6302480697631836,-0.1178613007068634,0.19771504402160645,0.6377163529396057,0.6399823427200317,-0.19031716883182526,0.34746482968330383,0.6305437684059143,0.6322383880615234,-0.10628987103700638,0.1589374840259552,0.5640385150909424,0.6604591608047485,0.06042977049946785,0.9999073147773743,0.5787662267684937,0.7028674483299255,-0.06061994656920433,0.9999045133590698,0.5700923204421997,0.7009113430976868,0.222360298037529,0.4530908167362213,0.612160325050354,0.7530231475830078,-0.04380352795124054,0.6500052213668823,0.552523672580719,0.7064858078956604,0.33569058775901794,0.4592311382293701,0.6660804748535156,0.8410825133323669,0.02987479604780674,0.6421471834182739,0.5478848218917847,0.7285966277122498,0.3463977873325348,0.47953686118125916,0.6688747406005859,0.8480119705200195,0.03897204250097275,0.613463282585144,0.5564389824867249,0.7862089276313782,0.3544188439846039,0.47978752851486206,0.7003666758537292,0.8426900506019592,0.03326111286878586,0.6577450037002563,74.76111685350514,30.0,83.5334091773008,-167.86871699090838,5667.594054094598
164,5.466666666666667,0.6249239444732666,0.5423029065132141,-0.010514683090150356,0.993471622467041,0.6265632510185242,0.5283448100090027,-0.013501524925231934,0.9960415959358215,0.6255100965499878,0.5270504355430603,-0.013722743839025497,0.996356725692749,0.6244077086448669,0.5257247686386108,-0.013678234070539474,0.9978246092796326,0.6270129680633545,0.5293185710906982,-0.03701672703027725,0.9972915649414062,0.626390278339386,0.5289143919944763,-0.03715205937623978,0.997325599193573,0.6257803440093994,0.5287377238273621,-0.03722139820456505,0.9980462193489075,0.6131438612937927,0.5152932405471802,-0.021892961114645004,0.9983629584312439,0.6169790625572205,0.5219796299934387,-0.12965813279151917,0.994610607624054,0.6184537410736084,0.5515488386154175,-0.007506706286221743,0.9955185055732727,0.6188476085662842,0.5527287721633911,-0.03994252532720566,0.9943854212760925,0.5448885560035706,0.5280466079711914,-0.011220344342291355,0.99993497133255,0.5981782674789429,0.5620532035827637,-0.1725127398967743,0.9998043179512024,0.5529844164848328,0.5926370620727539,-0.0006026453920640051,0.39436739683151245,0.6393157839775085,0.6595804691314697,-0.17016854882240295,0.3294997215270996,0.6005045175552368,0.6177007555961609,-0.03458812087774277,0.3459554612636566,0.6402765512466431,0.640235185623169,-0.07904874533414841,0.2052842229604721,0.6037022471427917,0.6148501038551331,-0.032639410346746445,0.3555004894733429,0.6390427947044373,0.6248361468315125,-0.0844106674194336,0.21399657428264618,0.6073945760726929,0.6113311648368835,-0.04826556518673897,0.3488982617855072,0.6342002749443054,0.6264906525611877,-0.0878181979060173,0.21114306151866913,0.605890154838562,0.6141083836555481,-0.04143289849162102,0.31477123498916626,0.6330463886260986,0.629332959651947,-0.07931947708129883,0.1659233570098877,0.5416725873947144,0.683005154132843,0.059507958590984344,0.9999088644981384,0.5748255252838135,0.7015050649642944,-0.0597289577126503,0.9999063611030579,0.5520270466804504,0.7717922925949097,0.1537059098482132,0.42562076449394226,0.6072642803192139,0.7635165452957153,-0.06605961918830872,0.6710699796676636,0.49163734912872314,0.8359519243240356,0.1757764369249344,0.4683654010295868,0.6522640585899353,0.8396115899085999,-0.054126303642988205,0.6693212985992432,0.4869263470172882,0.8786699175834656,0.17780858278274536,0.5118308067321777,0.6446556448936462,0.8559070229530334,-0.051353149116039276,0.6464669108390808,0.5086783766746521,0.9015491604804993,0.17022809386253357,0.46783825755119324,0.6823958158493042,0.8429608941078186,-0.05958050861954689,0.6679063439369202,80.46620636543966,30.0,84.2853108282304,7.597151736585559,3637.629444306213
165,5.5,0.6107629537582397,0.5119838714599609,-0.0376557931303978,0.9925850629806519,0.6146294474601746,0.500560998916626,-0.04242636263370514,0.9954051971435547,0.6190696954727173,0.49925950169563293,-0.04264949634671211,0.9959684610366821,0.6200464963912964,0.4977828562259674,-0.042599037289619446,0.9974688291549683,0.6079667806625366,0.5017505288124084,-0.065191850066185,0.996802806854248,0.6059679388999939,0.5010271668434143,-0.06537026911973953,0.9970242381095886,0.6039132475852966,0.500571072101593,-0.06547030806541443,0.9977427124977112,0.5928971767425537,0.4888138473033905,-0.04674488678574562,0.998322069644928,0.5991813540458679,0.49464693665504456,-0.151905819773674,0.9942689538002014,0.6069934964179993,0.5182610154151917,-0.0317840650677681,0.994585394859314,0.6085211038589478,0.5197356939315796,-0.0637749582529068,0.9932589530944824,0.5127761363983154,0.5115489959716797,-0.01816658116877079,0.9999359846115112,0.5704277157783508,0.5540074110031128,-0.1779952347278595,0.9997717142105103,0.5167253613471985,0.6048202514648438,0.042630262672901154,0.3564015030860901,0.6118160486221313,0.6573821902275085,-0.15505465865135193,0.31986647844314575,0.5245481729507446,0.6242175698280334,0.06121373549103737,0.31146663427352905,0.6107667088508606,0.6018053889274597,-0.037236325442790985,0.1853419989347458,0.5243766903877258,0.6171078681945801,0.06864359974861145,0.3201355040073395,0.611186146736145,0.6035409569740295,-0.044762276113033295,0.19321893155574799,0.5260974168777466,0.6163535714149475,0.06027474254369736,0.3141840994358063,0.6120664477348328,0.5937257409095764,-0.0442294105887413,0.19065460562705994,0.5274661779403687,0.6172937154769897,0.05883989483118057,0.2834940552711487,0.6186007261276245,0.5937713384628296,-0.03498904034495354,0.14976608753204346,0.5034705996513367,0.6824826002120972,0.07173550873994827,0.9999162554740906,0.5263382196426392,0.7067825794219971,-0.07180634886026382,0.9999130368232727,0.5114461183547974,0.7528435587882996,0.3228456377983093,0.3894507586956024,0.5803640484809875,0.7593567371368408,-0.06020418927073479,0.6892648935317993,0.4850870370864868,0.8229054808616638,0.48421910405158997,0.4498189687728882,0.6159902215003967,0.8329871892929077,0.024504881352186203,0.6845034956932068,0.47140124440193176,0.8517613410949707,0.5009724497795105,0.5122395157814026,0.6144479513168335,0.8512939810752869,0.03526019677519798,0.6655120849609375,0.48514524102211,0.879522442817688,0.522368311882019,0.434500515460968,0.6478177905082703,0.8402150273323059,0.030192842707037926,0.655516505241394,77.97428270638447,30.0,84.03988595973983,74.63991262950579,3018.2697997502073
166,5.533333333333333,0.5189139246940613,0.4805450439453125,0.14725549519062042,0.9925110340118408,0.5180277228355408,0.4683327078819275,0.12410163879394531,0.994956374168396,0.5165858864784241,0.4680125117301941,0.12393758445978165,0.9954331517219543,0.515001118183136,0.46754321455955505,0.12395671755075455,0.9970166087150574,0.5250939726829529,0.4666694700717926,0.1265231817960739,0.9964470863342285,0.5284216403961182,0.46549561619758606,0.12637588381767273,0.9967656135559082,0.5317190885543823,0.46468865871429443,0.12631337344646454,0.9975374341011047,0.513135552406311,0.4707498252391815,0.037168197333812714,0.9980937838554382,0.5385943651199341,0.46917083859443665,0.04619468376040459,0.9939155578613281,0.5167463421821594,0.4912523031234741,0.12218070030212402,0.9934760928153992,0.5236228704452515,0.4900995194911957,0.12372586876153946,0.9919794201850891,0.49061068892478943,0.5166597366333008,-0.0018588597886264324,0.9999303817749023,0.5661157965660095,0.5397453308105469,0.0020985263399779797,0.9997457265853882,0.4664740264415741,0.6014469265937805,-0.006561180576682091,0.37845513224601746,0.5694366097450256,0.6210532784461975,-0.05868092551827431,0.2894459366798401,0.4783951938152313,0.534491240978241,0.03122265450656414,0.2993568480014801,0.5525540709495544,0.5679000020027161,-0.0813569650053978,0.16774801909923553,0.47296997904777527,0.5176082253456116,0.03699760138988495,0.3064855933189392,0.5489381551742554,0.5507760047912598,-0.09003229439258575,0.1752040535211563,0.4791162610054016,0.5168736577033997,0.03634882718324661,0.30042460560798645,0.5424076318740845,0.5368952751159668,-0.08509235084056854,0.172806516289711,0.482670396566391,0.5235658288002014,0.033101506531238556,0.26695695519447327,0.542944610118866,0.5423985123634338,-0.08131613582372665,0.1356629729270935,0.4928269684314728,0.7080367803573608,0.012734881602227688,0.9997632503509521,0.5382667183876038,0.7195814251899719,-0.01298607513308525,0.9996646642684937,0.49593934416770935,0.7818347811698914,0.15477804839611053,0.36196741461753845,0.5575292110443115,0.7431551218032837,0.11440000683069229,0.6213006973266602,0.48566094040870667,0.9314808249473572,0.1267399787902832,0.445491760969162,0.5247203707695007,0.8305728435516357,0.0988914966583252,0.6208322048187256,0.4830779433250427,0.9699687957763672,0.11787765473127365,0.5358250737190247,0.5177863836288452,0.8777272701263428,0.09683573991060257,0.6192930340766907,0.4583497643470764,0.928152859210968,0.0992070809006691,0.41058972477912903,0.5197187066078186,0.8573774695396423,0.09061595797538757,0.5926266312599182,60.623334754709006,30.0,89.26130500353078,208.81513838659936,4400.837104941969
167,5.566666666666666,,,,,,,,,,,,,,,,,,,,,,,,,,,,,,,,,,,,,,,,,,,,,,,,,,,,,,,,,,,,,,,,,,,,,,,,,,,,,,,,,,,,,,,,,,,,,,,,,,,,,,,,,,,,,,,,,,,,,,,,,,,,,,,,,,,,,,30.0,97.96089518551312,368.0290529589704,3430.4587653141107
168,5.6,0.45005732774734497,0.5039236545562744,0.042414918541908264,0.993213951587677,0.4506642520427704,0.49269527196884155,0.02064412087202072,0.9954345226287842,0.4511401355266571,0.4921340346336365,0.020478341728448868,0.9958581328392029,0.4514279365539551,0.49154624342918396,0.020498504862189293,0.9972937107086182,0.45258867740631104,0.4918408989906311,0.04686113819479942,0.9967858195304871,0.45456627011299133,0.48989778757095337,0.04660001024603844,0.9970691204071045,0.4569118618965149,0.48736685514450073,0.04653003439307213,0.9977700710296631,0.460443913936615,0.4874178171157837,-0.04573322460055351,0.9982706308364868,0.4687125086784363,0.4820152521133423,0.0738672986626625,0.9945068359375,0.4550262689590454,0.5133877992630005,0.02318173088133335,0.9940334558486938,0.45739513635635376,0.5132082104682922,0.0565585158765316,0.9926975965499878,0.4670320749282837,0.5378923416137695,-0.10115745663642883,0.9999037981033325,0.5264899134635925,0.5313385725021362,0.14943408966064453,0.9996474385261536,0.3977227807044983,0.6166344881057739,-0.0665905699133873,0.3546886146068573,0.5057500004768372,0.583282470703125,0.2752798795700073,0.26065170764923096,0.4350203275680542,0.5627685785293579,0.09062910079956055,0.2919754385948181,0.47567856311798096,0.5418307781219482,0.3770624101161957,0.15197642147541046,0.43435460329055786,0.5490160584449768,0.09722757339477539,0.3059482276439667,0.46804171800613403,0.5299190282821655,0.3995656967163086,0.16028742492198944,0.44408056139945984,0.5452582836151123,0.08779992163181305,0.3012112081050873,0.4691079258918762,0.5217613577842712,0.38901805877685547,0.15811431407928467,0.44518402218818665,0.5525122284889221,0.09117715805768967,0.2681863605976105,0.465955913066864,0.5266897678375244,0.37307557463645935,0.1246579959988594,0.5690078735351562,0.7261871099472046,-0.08185552060604095,0.9997636079788208,0.5881345272064209,0.7126128673553467,0.08164960891008377,0.999678373336792,0.4890311062335968,0.6914475560188293,-0.09663466364145279,0.41351786255836487,0.5085528492927551,0.6886590719223022,0.15907421708106995,0.5678551197052002,0.5097576379776001,0.8850457668304443,-0.11092022806406021,0.4987797737121582,0.5449910759925842,0.8657283186912537,0.12337765097618103,0.6109670996665955,0.5239197611808777,0.9307206869125366,-0.11338632553815842,0.5777720212936401,0.5601478219032288,0.8927019238471985,0.11863747984170914,0.6104611158370972,0.4697761535644531,0.9461120963096619,-0.158242866396904,0.4667695462703705,0.5157462954521179,0.9045889973640442,0.08987247943878174,0.5910525918006897,135.9585461986965,30.0,113.79657520079547,437.51238940754007,-1109.6517202833788
169,5.633333333333333,0.4311291575431824,0.5344603657722473,0.007722967769950628,0.9938827157020569,0.4292183518409729,0.5169930458068848,-0.020380722358822823,0.9958817958831787,0.43070098757743835,0.5148350596427917,-0.020524460822343826,0.9962570071220398,0.4321399927139282,0.5126051306724548,-0.020495522767305374,0.9975541234016418,0.4285516142845154,0.5172041058540344,0.018621351569890976,0.9971014857292175,0.4297488033771515,0.5152297616004944,0.01827545091509819,0.9973551034927368,0.43123388290405273,0.5129610300064087,0.018136216327548027,0.9979894757270813,0.4468538165092468,0.4984835088253021,-0.10180817544460297,0.9984355568885803,0.44747495651245117,0.4959741532802582,0.07357175648212433,0.9950492978096008,0.4413314759731293,0.5451679825782776,-0.016524823382496834,0.9945873022079468,0.4417186677455902,0.545625627040863,0.03370583429932594,0.9933947920799255,0.4794239103794098,0.5419561266899109,-0.16020973026752472,0.9998963475227356,0.5133060812950134,0.5320113301277161,0.1609591543674469,0.9996717572212219,0.3965831995010376,0.6166307926177979,-0.13897760212421417,0.3242597281932831,0.45344826579093933,0.5773388743400574,0.29104068875312805,0.23505431413650513,0.4262320399284363,0.5723952651023865,0.07460979372262955,0.26342248916625977,0.4260735511779785,0.5629844665527344,0.37608015537261963,0.13717690110206604,0.42283186316490173,0.5620753169059753,0.08330437541007996,0.2762037217617035,0.41383007168769836,0.5552777051925659,0.39878150820732117,0.14502105116844177,0.4330543577671051,0.5608721971511841,0.07566823065280914,0.2719738781452179,0.4182174503803253,0.5545588135719299,0.38728660345077515,0.1430443376302719,0.4332662522792816,0.5660633444786072,0.07661084085702896,0.24231615662574768,0.4194679856300354,0.5622569918632507,0.37101486325263977,0.11300606280565262,0.5933920741081238,0.7319604754447937,-0.10531822592020035,0.9997774362564087,0.5936927199363708,0.7165431976318359,0.10502400994300842,0.9997041821479797,0.48877188563346863,0.6917025446891785,-0.18466724455356598,0.4674474596977234,0.4860265851020813,0.6891306042671204,0.20206807553768158,0.5166559219360352,0.5197024941444397,0.8849615454673767,-0.1600758284330368,0.5432029962539673,0.3929169774055481,0.7952954173088074,0.21091541647911072,0.5636724829673767,0.5388023853302002,0.92983478307724,-0.1573055237531662,0.6069830060005188,0.42107999324798584,0.8437193036079407,0.21234621107578278,0.5652826428413391,0.47711673378944397,0.9472752213478088,-0.18864598870277405,0.5131182074546814,0.350974977016449,0.7636062502861023,0.21903397142887115,0.5541040897369385,152.45817282041043,30.0,127.12838781268246,294.05227160674514,-5678.258680590732
170,5.666666666666667,0.4255829155445099,0.5596418380737305,-0.057107433676719666,0.9944900274276733,0.42300722002983093,0.5387715101242065,-0.0862707644701004,0.9962891936302185,0.4245966970920563,0.5368444323539734,-0.08641930669546127,0.9966248273849487,0.42625343799591064,0.5348950028419495,-0.08639469742774963,0.9977945685386658,0.4215694069862366,0.5386484265327454,-0.047526486217975616,0.997388482093811,0.4221647381782532,0.5366121530532837,-0.04786650463938713,0.997616708278656,0.42273208498954773,0.5346096158027649,-0.04801446571946144,0.9981889724731445,0.444638729095459,0.5193944573402405,-0.16930417716503143,0.9985889792442322,0.44383326172828674,0.5186103582382202,0.007811225019395351,0.9955409169197083,0.4381556212902069,0.5681074857711792,-0.08146298676729202,0.995116114616394,0.43725746870040894,0.5683450102806091,-0.03158919885754585,0.9940443634986877,0.48909661173820496,0.558610737323761,-0.22165270149707794,0.9998904466629028,0.503262460231781,0.5357152223587036,0.10257973521947861,0.9996899366378784,0.4031968116760254,0.6382066607475281,-0.22048626840114594,0.331332802772522,0.4430098235607147,0.5934979319572449,0.17144933342933655,0.2146986424922943,0.3770201504230499,0.6268975734710693,-0.08221802860498428,0.2703666388988495,0.3974049389362335,0.608851969242096,0.15510593354701996,0.12630464136600494,0.35525816679000854,0.6294212937355042,-0.09033772349357605,0.2869400680065155,0.38323813676834106,0.6157188415527344,0.16205009818077087,0.13522610068321228,0.3617132008075714,0.6206881403923035,-0.0886537954211235,0.2838948369026184,0.38528773188591003,0.6155113577842712,0.14425954222679138,0.13347509503364563,0.36662042140960693,0.6221796870231628,-0.07738626003265381,0.2517867684364319,0.39546915888786316,0.6137441992759705,0.1451338827610016,0.10735839605331421,0.6044114828109741,0.7302491664886475,-0.10307195037603378,0.9997820258140564,0.5986713171005249,0.7151429057121277,0.10274496674537659,0.9997188448905945,0.4845215976238251,0.6925691366195679,-0.16463828086853027,0.5183932185173035,0.4815952479839325,0.7068372964859009,0.2051464021205902,0.487436980009079,0.5358983278274536,0.8849992156028748,-0.14173725247383118,0.5862045288085938,0.37007007002830505,0.8074999451637268,0.2533215880393982,0.5558133125305176,0.5587744116783142,0.9295977354049683,-0.14522972702980042,0.6382550001144409,0.3999893069267273,0.8557708263397217,0.25863322615623474,0.5552598237991333,0.48916879296302795,0.9544078707695007,-0.1803986132144928,0.5588492155075073,0.3399152457714081,0.8121359944343567,0.2552143633365631,0.5591652393341064,117.1468753038286,30.0,133.40005997457848,58.96181070149126,-6330.568909762895
171,5.7,0.43257248401641846,0.5801729559898376,-0.17647907137870789,0.9950138330459595,0.4240298569202423,0.5626093149185181,-0.20323055982589722,0.9966225624084473,0.43013179302215576,0.5603682398796082,-0.20338405668735504,0.9969077110290527,0.43577179312705994,0.5577311515808105,-0.20335380733013153,0.9979785084724426,0.42858508229255676,0.5623680353164673,-0.1678490936756134,0.9976261854171753,0.43041419982910156,0.5605920553207397,-0.1681702584028244,0.9978352785110474,0.43184298276901245,0.5585587620735168,-0.16832290589809418,0.9983597993850708,0.4563829004764557,0.5417256951332092,-0.26280418038368225,0.9986993074417114,0.4465351402759552,0.539975106716156,-0.10234465450048447,0.9959540367126465,0.4517202377319336,0.5872071981430054,-0.19161278009414673,0.9955433011054993,0.44699332118034363,0.5888893008232117,-0.1466337889432907,0.9945854544639587,0.5094117522239685,0.5725836157798767,-0.2936008870601654,0.9998819231987,0.5031331777572632,0.539043664932251,0.008235706016421318,0.9997031688690186,0.4306420683860779,0.6745358109474182,-0.3267146944999695,0.38900065422058105,0.42268335819244385,0.5960513353347778,0.016950052231550217,0.19814631342887878,0.365366131067276,0.6562548279762268,-0.2674385607242584,0.3249647915363312,0.3713323771953583,0.6413465738296509,-0.10116997361183167,0.11793230473995209,0.34297430515289307,0.6722572445869446,-0.2938903272151947,0.33441972732543945,0.34936457872390747,0.6560925245285034,-0.11373461782932281,0.12799714505672455,0.3417726159095764,0.6628159284591675,-0.28702056407928467,0.33015331625938416,0.34595292806625366,0.6630365252494812,-0.13607411086559296,0.12650729715824127,0.35167133808135986,0.662452220916748,-0.26291424036026,0.2898638844490051,0.35522449016571045,0.6615930795669556,-0.11558952182531357,0.1037505716085434,0.612029492855072,0.7167674899101257,-0.09992005676031113,0.9997960925102234,0.5956753492355347,0.6972112655639648,0.09962989389896393,0.9997402429580688,0.4845569431781769,0.6941813230514526,-0.14866852760314941,0.5649088621139526,0.47897329926490784,0.7042114734649658,0.07544440776109695,0.4995155930519104,0.5401920080184937,0.8824222087860107,-0.038303256034851074,0.6253008246421814,0.36220619082450867,0.8204091787338257,0.07685161381959915,0.5892980098724365,0.5621503591537476,0.9215843081474304,-0.029923737049102783,0.6667026877403259,0.35961511731147766,0.8617735505104065,0.07586338371038437,0.5803630352020264,0.5024552941322327,0.9579721093177795,-0.09083867818117142,0.6001470685005188,0.31717219948768616,0.8002384305000305,0.0223383866250515,0.5959486365318298,114.87148016906114,30.0,131.05917519278188,-127.98565571078115,-3528.7918405261903
172,5.733333333333333,0.4708547592163086,0.5911247134208679,-0.4292447865009308,0.9954727292060852,0.4701676666736603,0.5740601420402527,-0.4466080069541931,0.9969263672828674,0.4735466241836548,0.5726635456085205,-0.4468320310115814,0.9971588253974915,0.4769168794155121,0.5712603330612183,-0.4468173682689667,0.9981412887573242,0.46528178453445435,0.5722894072532654,-0.41983020305633545,0.997839093208313,0.4645136892795563,0.5699334144592285,-0.42019227147102356,0.9980297684669495,0.4635859727859497,0.5678075551986694,-0.42038875818252563,0.9985096454620361,0.4907267689704895,0.5539810061454773,-0.44602951407432556,0.9987901449203491,0.46908333897590637,0.5515024065971375,-0.32624661922454834,0.9962900876998901,0.4836353361606598,0.5964287519454956,-0.4209790825843811,0.9959211945533752,0.4762047231197357,0.595199704170227,-0.3877391517162323,0.995070219039917,0.5374382734298706,0.5803201794624329,-0.4255009889602661,0.9998659491539001,0.49346598982810974,0.5408896803855896,-0.21380823850631714,0.9997252225875854,0.4814658463001251,0.6918359398841858,-0.5156558156013489,0.4460653066635132,0.4297916293144226,0.5949491262435913,-0.32007816433906555,0.20962616801261902,0.3864642381668091,0.6959549784660339,-0.5565826892852783,0.3817116320133209,0.39277952909469604,0.6195887923240662,-0.5592472553253174,0.12818075716495514,0.37049639225006104,0.7117469906806946,-0.6047685146331787,0.3889073431491852,0.3811125159263611,0.6231033802032471,-0.6049254536628723,0.14392873644828796,0.36815187335014343,0.7056112289428711,-0.6061726808547974,0.38478556275367737,0.3847030699253082,0.6209286451339722,-0.6187543272972107,0.14354375004768372,0.37747737765312195,0.7022247910499573,-0.5583798289299011,0.33756712079048157,0.38913360238075256,0.6208868622779846,-0.5724382400512695,0.11942412704229355,0.6070207953453064,0.6871552467346191,-0.06706439703702927,0.9998072981834412,0.5634510517120361,0.6668253540992737,0.06675475090742111,0.9997597336769104,0.4993695914745331,0.7010345458984375,-0.2844894528388977,0.6044735312461853,0.47257277369499207,0.7026748657226562,-0.1293734759092331,0.5270670056343079,0.5401774644851685,0.8823150396347046,-0.16861632466316223,0.6503418684005737,0.38485950231552124,0.8321517109870911,-0.15597215294837952,0.6223812103271484,0.558775782585144,0.9136128425598145,-0.16210754215717316,0.6792348027229309,0.3801831901073456,0.885147213935852,-0.16219119727611542,0.6079070568084717,0.5107723474502563,0.9590495824813843,-0.2696816623210907,0.629727840423584,0.3345511257648468,0.8155887126922607,-0.26424023509025574,0.6308574676513672,152.26987548960122,30.0,124.86768292719307,-176.29097866692143,1075.590597408689
173,5.766666666666667,0.5074280500411987,0.6008383631706238,-0.5481691956520081,0.9959229230880737,0.514373779296875,0.5836263298988342,-0.5574999451637268,0.9972310066223145,0.5192306041717529,0.5819626450538635,-0.5577217936515808,0.9974397420883179,0.5236982703208923,0.5804001092910767,-0.5576585531234741,0.9983236789703369,0.5035169720649719,0.583348274230957,-0.5436939597129822,0.998053252696991,0.5006159543991089,0.5809707641601562,-0.544057309627533,0.9982254505157471,0.49789443612098694,0.5780154466629028,-0.5442570447921753,0.9986572265625,0.5341506600379944,0.5668396353721619,-0.5098676085472107,0.9989074468612671,0.4981379806995392,0.5585591197013855,-0.45129454135894775,0.9966573715209961,0.5170353055000305,0.6075080633163452,-0.5208379030227661,0.9963183403015137,0.5048166513442993,0.6054052710533142,-0.5052022337913513,0.995554506778717,0.5652548670768738,0.5812376737594604,-0.4360438287258148,0.999862015247345,0.4746394455432892,0.5359534621238708,-0.3355449140071869,0.9997516870498657,0.5247123837471008,0.6972266435623169,-0.4934205710887909,0.5013077855110168,0.4121077358722687,0.5864242911338806,-0.37650397419929504,0.2857055962085724,0.4493154287338257,0.7356191277503967,-0.5563976764678955,0.4433865249156952,0.4084267318248749,0.614737868309021,-0.5171538591384888,0.21323548257350922,0.43446654081344604,0.7645843029022217,-0.6040967702865601,0.4498245120048523,0.3931863605976105,0.6244408488273621,-0.552947998046875,0.22707615792751312,0.428766667842865,0.7526801824569702,-0.6121387481689453,0.4461279511451721,0.4087904095649719,0.6229127645492554,-0.5747730135917664,0.22683320939540863,0.43468889594078064,0.7449026703834534,-0.5615870356559753,0.4034389555454254,0.4130413830280304,0.6210029125213623,-0.5289502143859863,0.20496295392513275,0.6021028161048889,0.659400999546051,-0.038558170199394226,0.999734103679657,0.5515667200088501,0.6474615335464478,0.03835941106081009,0.9997459650039673,0.5120907425880432,0.711933970451355,-0.217353954911232,0.6423296332359314,0.4747791290283203,0.7013359665870667,-0.1921786367893219,0.5700424909591675,0.44768205285072327,0.8823024034500122,-0.21250732243061066,0.68442302942276,0.5150313377380371,0.8656060695648193,-0.15077422559261322,0.6549077033996582,0.45178326964378357,0.9142307043075562,-0.21786652505397797,0.710195779800415,0.5264585018157959,0.8937953114509583,-0.14806786179542542,0.6408759951591492,0.4362277388572693,0.9473551511764526,-0.3230505883693695,0.6662485003471375,0.48724326491355896,0.9294571876525879,-0.2355482131242752,0.6646623611450195,124.97466550078497,30.0,119.30644328165378,-56.279615883535214,4124.85529695257
174,5.8,0.5581551790237427,0.6144936084747314,-0.5966029763221741,0.9963294863700867,0.5651524662971497,0.5966913104057312,-0.6022107601165771,0.9975066781044006,0.5686166286468506,0.5947363376617432,-0.6024608612060547,0.9976937174797058,0.5719422101974487,0.5930072069168091,-0.6023569703102112,0.9984898567199707,0.5551823377609253,0.5955877304077148,-0.6032224297523499,0.9982472658157349,0.5513021945953369,0.5927688479423523,-0.6036243438720703,0.9984022974967957,0.5474211573600769,0.589378297328949,-0.6038416624069214,0.9987910985946655,0.5767174959182739,0.582249641418457,-0.5157246589660645,0.9990141987800598,0.5377143621444702,0.569256067276001,-0.5265381336212158,0.9969902038574219,0.5601208209991455,0.6205868721008301,-0.5512893199920654,0.9966831803321838,0.5490771532058716,0.6171302795410156,-0.5558226704597473,0.9959973096847534,0.5732313990592957,0.6011240482330322,-0.3602794110774994,0.9998731017112732,0.48366910219192505,0.5473649501800537,-0.3557317852973938,0.9997762441635132,0.5524075031280518,0.6965159773826599,-0.2897958755493164,0.5336567759513855,0.41682949662208557,0.5668583512306213,-0.24954979121685028,0.34803307056427,0.540287435054779,0.7563656568527222,-0.2725050151348114,0.4927939176559448,0.4456622004508972,0.6363520622253418,-0.24166648089885712,0.2896309196949005,0.5463587641716003,0.7725812792778015,-0.29318100214004517,0.4983740448951721,0.44860023260116577,0.6591983437538147,-0.2510894536972046,0.30161574482917786,0.5309745669364929,0.7564685940742493,-0.2993232309818268,0.49475401639938354,0.4614463150501251,0.6592040657997131,-0.28182452917099,0.3014746308326721,0.532096803188324,0.7544332146644592,-0.2715364992618561,0.45314931869506836,0.4622354209423065,0.6492904424667358,-0.2516457140445709,0.28079795837402344,0.5532258152961731,0.6115809679031372,-0.0012183715589344501,0.9997411370277405,0.5044910907745361,0.5971970558166504,0.0009996716398745775,0.9997597336769104,0.5437785983085632,0.729589581489563,-0.10142458230257034,0.6094224452972412,0.4781925082206726,0.7070363163948059,-0.22907795011997223,0.551140546798706,0.48958733677864075,0.9005067348480225,-0.1268197000026703,0.6897829174995422,0.4904560446739197,0.9245097637176514,-0.20544496178627014,0.6365205645561218,0.5023760199546814,0.9414758682250977,-0.14210757613182068,0.719922661781311,0.49788734316825867,0.9525261521339417,-0.20499485731124878,0.6201326251029968,0.4951670467853546,0.951545000076294,-0.2544253468513489,0.6899377107620239,0.4723941683769226,0.9637124538421631,-0.3271474540233612,0.6693221926689148,91.57832765566852,30.0,121.11570853495739,98.6993744632499,4373.288666970024
175,5.833333333333333,0.6013304591178894,0.6101593375205994,-0.34161388874053955,0.9966956377029419,0.6073904633522034,0.5957968831062317,-0.36224934458732605,0.9977543950080872,0.6094757914543152,0.5927198529243469,-0.3623446226119995,0.9979228377342224,0.6114084124565125,0.5915295481681824,-0.36217594146728516,0.9986391663551331,0.602121114730835,0.5934874415397644,-0.33036404848098755,0.9984217882156372,0.5999562740325928,0.5907641649246216,-0.33068031072616577,0.9985616207122803,0.5952368378639221,0.5884976983070374,-0.33083269000053406,0.9989114999771118,0.619688868522644,0.5849697589874268,-0.4951933026313782,0.999111533164978,0.5775871276855469,0.5698647499084473,-0.3593272268772125,0.9972900152206421,0.5938510298728943,0.6077120900154114,-0.3736066222190857,0.9970114231109619,0.5863375067710876,0.6023173332214355,-0.3048032522201538,0.9963959455490112,0.581762969493866,0.5883345603942871,-0.224173441529274,0.9998857378959656,0.4894218146800995,0.5833863615989685,-0.29917389154434204,0.999798595905304,0.5953252911567688,0.5879893898963928,-0.10964684188365936,0.5281259417533875,0.4307533800601959,0.5643743872642517,-0.367834210395813,0.39175862073898315,0.6060789227485657,0.6251802444458008,-0.042422033846378326,0.4877623915672302,0.45274609327316284,0.6263647675514221,-0.4501017928123474,0.3384215235710144,0.6073703765869141,0.6341692805290222,-0.034550610929727554,0.49974560737609863,0.45206254720687866,0.644363284111023,-0.47793400287628174,0.35005417466163635,0.6004467606544495,0.6257182955741882,-0.05506023392081261,0.4936731457710266,0.4602373242378235,0.6352625489234924,-0.47700124979019165,0.3460598886013031,0.5976059436798096,0.6195902824401855,-0.04736398532986641,0.461191862821579,0.4610578417778015,0.6304210424423218,-0.4518597424030304,0.3263418674468994,0.5261593461036682,0.5785048604011536,0.0337798148393631,0.9997668862342834,0.4916228950023651,0.607474148273468,-0.03400474786758423,0.9997836947441101,0.5655443668365479,0.6735860109329224,0.04863177239894867,0.6377362012863159,0.5088226795196533,0.7211716771125793,-0.3472861349582672,0.5958490371704102,0.5949438214302063,0.7489966750144958,0.09830848127603531,0.6898279786109924,0.5551963448524475,0.9217075109481812,-0.5145227313041687,0.6721418499946594,0.6035619974136353,0.7647833824157715,0.09781515598297119,0.7240422368049622,0.5667706727981567,0.926837146282196,-0.5349772572517395,0.6551210880279541,0.597994863986969,0.7640855312347412,0.02229074016213417,0.7069882750511169,0.5532616376876831,0.9500339031219482,-0.6650934219360352,0.7019492387771606,109.09237688410849,30.0,125.88640157920378,235.27296191446632,278.0098358628717
176,5.866666666666666,0.6355428099632263,0.5978883504867554,0.04833304509520531,0.9970258474349976,0.6371434330940247,0.5841004848480225,0.028518160805106163,0.997978687286377,0.6367716193199158,0.5818848609924316,0.02829793095588684,0.9981303215026855,0.6362879276275635,0.580632746219635,0.028285030275583267,0.9987750053405762,0.6361367702484131,0.5825376510620117,0.009047410450875759,0.9985794425010681,0.6349619030952454,0.5800673961639404,0.008954389952123165,0.9987053275108337,0.633608877658844,0.5779249668121338,0.008951196447014809,0.9990201592445374,0.6247019171714783,0.5702152848243713,-0.033947523683309555,0.9992002844810486,0.6171283721923828,0.5634720325469971,-0.12974251806735992,0.9975607395172119,0.6245538592338562,0.5991799235343933,0.03770686313509941,0.9973101019859314,0.6236351132392883,0.5955086350440979,0.010059798136353493,0.9967560768127441,0.5700560808181763,0.5846735835075378,-0.06309036165475845,0.9998971819877625,0.5220000743865967,0.5776233673095703,-0.17340883612632751,0.999818742275238,0.6452617049217224,0.6044162511825562,-0.11748084425926208,0.5431765913963318,0.48841673135757446,0.567737340927124,-0.35276609659194946,0.43294766545295715,0.6974096894264221,0.7338175177574158,-0.15084044635295868,0.4877622127532959,0.47926434874534607,0.6202260255813599,-0.46831512451171875,0.32383230328559875,0.7186765074729919,0.7432337999343872,-0.1625840961933136,0.4811832308769226,0.48115190863609314,0.6366033554077148,-0.5026325583457947,0.3248019516468048,0.7161568999290466,0.7533984184265137,-0.17324182391166687,0.4723269045352936,0.48207923769950867,0.6351826786994934,-0.4868311882019043,0.3189704716205597,0.7062845230102539,0.7535189986228943,-0.16125626862049103,0.44399723410606384,0.48159170150756836,0.6300647258758545,-0.46671849489212036,0.3004245460033417,0.5171663761138916,0.5826389789581299,0.03716203197836876,0.999789297580719,0.512919545173645,0.5630781054496765,-0.037617266178131104,0.9998043179512024,0.5405786633491516,0.7146987318992615,0.06364598870277405,0.6318110823631287,0.5576162934303284,0.6401574611663818,-0.13061970472335815,0.6198091506958008,0.5671324133872986,0.8648695945739746,0.00980059988796711,0.6690994501113892,0.6274631023406982,0.8252133131027222,-0.1970020979642868,0.6540106534957886,0.577335000038147,0.8867130279541016,6.842531001893803e-05,0.7326653599739075,0.6352320909500122,0.8588645458221436,-0.20814567804336548,0.64116370677948,0.5678948163986206,0.8414835929870605,-0.07578661292791367,0.6972044110298157,0.6449294686317444,0.8836334347724915,-0.30260521173477173,0.6833641529083252,151.9077984117664,30.0,136.80057266258848,117.23336352077467,-2814.157618646367
177,5.9,0.6522941589355469,0.5957573056221008,0.17127679288387299,0.9973232746124268,0.6541166305541992,0.5800939798355103,0.15558692812919617,0.9981808066368103,0.6537977457046509,0.5762669444084167,0.15544787049293518,0.998317301273346,0.6534757018089294,0.5744590759277344,0.15536585450172424,0.9988974928855896,0.6529934406280518,0.5822879076004028,0.12938936054706573,0.9987214803695679,0.6517484784126282,0.5793988704681396,0.12933436036109924,0.9988347887992859,0.6504413485527039,0.5768718719482422,0.12939301133155823,0.9991181492805481,0.6407679319381714,0.5545670986175537,0.1026906818151474,0.9992802739143372,0.6330848932266235,0.5546503067016602,-0.020638035610318184,0.9978046417236328,0.644595742225647,0.5876330137252808,0.1627902388572693,0.9975790977478027,0.6417090892791748,0.585346519947052,0.12602344155311584,0.9970804452896118,0.5899060368537903,0.5593609809875488,0.07354731112718582,0.9999074935913086,0.542787492275238,0.5453919768333435,-0.14924059808254242,0.9998368620872498,0.6675325632095337,0.6176069378852844,0.0022760990541428328,0.582732081413269,0.5016875863075256,0.5407883524894714,-0.3537454903125763,0.48946040868759155,0.7457078099250793,0.7159414887428284,-0.09365824609994888,0.5331954956054688,0.5053719282150269,0.6167125105857849,-0.46139198541641235,0.3910406827926636,0.7685619592666626,0.7271157503128052,-0.0959584042429924,0.528876781463623,0.5031824111938477,0.6305525302886963,-0.49433135986328125,0.39170241355895996,0.7691072225570679,0.7314836382865906,-0.10966372489929199,0.5206467509269714,0.5097886323928833,0.6324197053909302,-0.47317761182785034,0.3861927092075348,0.7602851390838623,0.7318665385246277,-0.10186810791492462,0.49754244089126587,0.5078580975532532,0.6250231266021729,-0.4566344916820526,0.36974412202835083,0.5360667109489441,0.5611675977706909,0.06726447492837906,0.9998103380203247,0.5285817980766296,0.544870913028717,-0.0676586851477623,0.9998238682746887,0.5394183993339539,0.714697003364563,0.013158859685063362,0.6686220765113831,0.6002328991889954,0.6440287232398987,-0.31857356429100037,0.6578282117843628,0.49106940627098083,0.8778801560401917,-0.03847636282444,0.7017182111740112,0.6398707032203674,0.8559150695800781,-0.5251879096031189,0.6885994672775269,0.46901947259902954,0.9127225875854492,-0.02392575331032276,0.7593697905540466,0.6524056792259216,0.8945192098617554,-0.5484176874160767,0.67704176902771,0.5260791182518005,0.9298715591430664,-0.11784826219081879,0.7274428606033325,0.6986189484596252,0.8775352835655212,-0.6606617569923401,0.7150254845619202,141.48460040591382,30.0,133.70195914725542,47.66245400470851,377.6436584109014
178,5.933333333333334,0.6554471850395203,0.5444691777229309,-0.06170861795544624,0.9975863695144653,0.6546727418899536,0.5258152484893799,-0.07744333148002625,0.9983615279197693,0.6533849835395813,0.5229457020759583,-0.07760930061340332,0.9984836578369141,0.6493576169013977,0.5248868465423584,-0.0775953084230423,0.9990063905715942,0.6550338268280029,0.528566300868988,-0.08840247988700867,0.998849093914032,0.6541025042533875,0.5277649760246277,-0.08862438052892685,0.9989511370658875,0.6529502272605896,0.527662992477417,-0.08870654553174973,0.9992062449455261,0.6248170733451843,0.5170282125473022,-0.10655320435762405,0.9993510842323303,0.6338342428207397,0.5221125483512878,-0.23967818915843964,0.9980239868164062,0.6437862515449524,0.5497166514396667,-0.060998719185590744,0.9978189468383789,0.6478708982467651,0.54628586769104,-0.06940401345491409,0.9973716139793396,0.5623742341995239,0.5488448143005371,-0.10866527259349823,0.999916672706604,0.5655228495597839,0.5487474799156189,-0.26242795586586,0.9998531341552734,0.5424426198005676,0.6076943874359131,-0.24465157091617584,0.5343024730682373,0.6516538262367249,0.5847713947296143,-0.36798447370529175,0.5272937417030334,0.521483302116394,0.5846601724624634,-0.42251190543174744,0.49850210547447205,0.7423206567764282,0.6612873673439026,-0.4206976592540741,0.44698524475097656,0.5135209560394287,0.5696125626564026,-0.4643952548503876,0.5000723600387573,0.7594350576400757,0.6725045442581177,-0.45138517022132874,0.4454422891139984,0.5128200054168701,0.5586414337158203,-0.4550970196723938,0.49181032180786133,0.7647870182991028,0.6682053804397583,-0.4487327039241791,0.43932873010635376,0.5149409174919128,0.5608903765678406,-0.42467495799064636,0.4653822183609009,0.7496671676635742,0.6602190732955933,-0.41980236768722534,0.4098544418811798,0.5180345177650452,0.5581842064857483,0.04293433204293251,0.9998292922973633,0.5277310013771057,0.55075603723526,-0.04344608634710312,0.9998414516448975,0.5455420017242432,0.7087960839271545,-0.04090787470340729,0.6218752264976501,0.5621860027313232,0.670210599899292,-0.18932422995567322,0.6625967621803284,0.4782479405403137,0.882262647151947,-0.10631048679351807,0.6914781332015991,0.6633766889572144,0.856246292591095,-0.2682904601097107,0.7127205729484558,0.45512741804122925,0.9183099865913391,-0.10972698032855988,0.7688851356506348,0.6745358109474182,0.8937811255455017,-0.2782154381275177,0.6915062069892883,0.5212093591690063,0.9494180083274841,-0.15512511134147644,0.7252545356750488,0.7185524106025696,0.8959701061248779,-0.36445534229278564,0.7333524823188782,151.8449778328311,30.0,139.9780695962357,142.40960741483477,-155.55740203605595
179,5.966666666666667,0.644155740737915,0.5100441575050354,0.06923718750476837,0.9978272318840027,0.6446170210838318,0.4926067888736725,0.061172861605882645,0.9985251426696777,0.6440143585205078,0.4892643690109253,0.06108773499727249,0.9986348748207092,0.643109917640686,0.4866110384464264,0.061066243797540665,0.9991055130958557,0.6428419351577759,0.49532634019851685,0.02266988530755043,0.9989641308784485,0.6411522626876831,0.4940444529056549,0.022581549361348152,0.9990559816360474,0.6393430829048157,0.4930339753627777,0.022691836580634117,0.9992855787277222,0.6250326633453369,0.47454506158828735,0.038408711552619934,0.9994156360626221,0.6245142817497253,0.482258141040802,-0.14624513685703278,0.9982215166091919,0.637239396572113,0.5114638805389404,0.0718039721250534,0.9980359673500061,0.636040985584259,0.5137817859649658,0.019920222461223602,0.9976339340209961,0.549933135509491,0.5295332074165344,0.03669150918722153,0.9999250173568726,0.5483679175376892,0.5198917388916016,-0.22486549615859985,0.9998677968978882,0.5695082545280457,0.5929474830627441,-0.05725758522748947,0.48210135102272034,0.6419475078582764,0.572610080242157,-0.36847734451293945,0.5476813316345215,0.6001397967338562,0.6117593050003052,-0.22854863107204437,0.4494895339012146,0.7245417237281799,0.6461214423179626,-0.39768314361572266,0.466999888420105,0.6065280437469482,0.6090763211250305,-0.2841343581676483,0.4508878290653229,0.7444459199905396,0.6525046229362488,-0.43290987610816956,0.4434130787849426,0.6048780679702759,0.6040561199188232,-0.26504868268966675,0.4433973729610443,0.7472543716430664,0.6601419448852539,-0.41887494921684265,0.4317939281463623,0.601905882358551,0.6026135683059692,-0.24012808501720428,0.419607937335968,0.7389348149299622,0.6529437899589539,-0.3919026255607605,0.3876194655895233,0.5189290046691895,0.564062237739563,0.06756815314292908,0.9998462796211243,0.5230706334114075,0.5591641664505005,-0.0678834617137909,0.9998572468757629,0.5468018054962158,0.688148021697998,-0.13180185854434967,0.5659449100494385,0.563176155090332,0.6740319728851318,-0.25188249349594116,0.6183419227600098,0.4788634479045868,0.8870013952255249,-0.29108911752700806,0.6263192296028137,0.6743093729019165,0.8485369086265564,-0.39329591393470764,0.6497626900672913,0.4543064534664154,0.9345979690551758,-0.3094231188297272,0.7327081561088562,0.6863968372344971,0.8937447667121887,-0.41119036078453064,0.6410250663757324,0.5188543796539307,0.9570903778076172,-0.3764936625957489,0.6710571050643921,0.726726233959198,0.8595510125160217,-0.5131462812423706,0.6826125383377075,140.3839794827052,30.0,143.19593297491107,37.29196053563811,-2419.321019370207
180,6.0,0.6093383431434631,0.46463343501091003,0.010163799859583378,0.9980177879333496,0.6060515642166138,0.46287834644317627,0.0074190180748701096,0.9986577033996582,0.6050657033920288,0.4650871753692627,0.0071997568011283875,0.9987553358078003,0.6045125126838684,0.4678485691547394,0.007155722007155418,0.9991846084594727,0.6065067052841187,0.45838233828544617,-0.022339455783367157,0.9990593791007996,0.6056509613990784,0.457049161195755,-0.022483838722109795,0.999142587184906,0.6046142578125,0.45537441968917847,-0.022487767040729523,0.9993485808372498,0.5916039347648621,0.47374433279037476,0.007199660409241915,0.9994699954986572,0.5907424092292786,0.45909368991851807,-0.1334373652935028,0.9983763098716736,0.5995808839797974,0.4786700904369354,0.018323272466659546,0.9982191920280457,0.5994390845298767,0.47020265460014343,-0.022891905158758163,0.9978561997413635,0.5201430916786194,0.5045244097709656,0.008204731158912182,0.9999324679374695,0.5386865139007568,0.5006836652755737,-0.19516900181770325,0.999880313873291,0.5764697194099426,0.5796360373497009,-0.08240216225385666,0.4491008520126343,0.5641260147094727,0.580146849155426,-0.3970116376876831,0.5322775840759277,0.6497644186019897,0.6013091206550598,-0.2311650663614273,0.41113314032554626,0.5863272547721863,0.598551332950592,-0.5188628435134888,0.4246976971626282,0.6585742831230164,0.6543543934822083,-0.25288471579551697,0.41400647163391113,0.5921037793159485,0.583260178565979,-0.5614997744560242,0.40356698632240295,0.6579475998878479,0.653930127620697,-0.2607812285423279,0.40696385502815247,0.6020997166633606,0.5692768096923828,-0.5443705320358276,0.3923509418964386,0.6525408625602722,0.6457650661468506,-0.23972979187965393,0.38657698035240173,0.5980129837989807,0.573695182800293,-0.5166165828704834,0.3517611026763916,0.4960182011127472,0.5681346654891968,0.07027558237314224,0.9998611807823181,0.5141504406929016,0.5616685152053833,-0.0705881267786026,0.9998709559440613,0.544170081615448,0.6900976300239563,-0.01842132955789566,0.5523657202720642,0.5800372362136841,0.6788355708122253,-0.3108794093132019,0.6377296447753906,0.4842003285884857,0.8909789323806763,-0.17233429849147797,0.6331802010536194,0.6734229326248169,0.8323479890823364,-0.5656238794326782,0.6757766604423523,0.46877533197402954,0.9321872591972351,-0.17549718916416168,0.7544660568237305,0.6839328408241272,0.8826515674591064,-0.5960241556167603,0.6703859567642212,0.5150121450424194,0.962582528591156,-0.24427302181720734,0.6757674217224121,0.717005729675293,0.8062655925750732,-0.723658561706543,0.7032607793807983,166.7651215152562,30.0,142.4642002986116,-18.878460543179045,1064.3932991322636
181,6.033333333333333,0.564317524433136,0.4706442356109619,0.3000425696372986,0.9569942355155945,0.5610016584396362,0.465084046125412,0.2947269082069397,0.9592787027359009,0.5576789975166321,0.46581515669822693,0.2945084869861603,0.9629185199737549,0.5547119379043579,0.4671148955821991,0.294569194316864,0.9677003026008606,0.5670583248138428,0.46227627992630005,0.2814548909664154,0.9718473553657532,0.568533182144165,0.46089720726013184,0.2813401222229004,0.9770897626876831,0.5699427127838135,0.45908448100090027,0.28128963708877563,0.9799181222915649,0.5406239032745361,0.46542540192604065,0.2489582896232605,0.9747781157493591,0.5593488812446594,0.45519348978996277,0.1879027932882309,0.9663374423980713,0.5521509051322937,0.47720304131507874,0.288298636674881,0.9516153335571289,0.559134304523468,0.47248396277427673,0.2689131796360016,0.9497385025024414,0.4799658954143524,0.4997137486934662,0.15704995393753052,0.9999146461486816,0.5395060181617737,0.4497400224208832,0.10178904235363007,0.9998222589492798,0.49277549982070923,0.569601833820343,0.03364326059818268,0.41368716955184937,0.588236391544342,0.43294891715049744,0.040310025215148926,0.5093939304351807,0.5237316489219666,0.6060575842857361,-0.09625568985939026,0.37661126255989075,0.6130520701408386,0.4268263876438141,0.0650530755519867,0.4299706816673279,0.5254215598106384,0.6254820227622986,-0.11331520229578018,0.3826582133769989,0.6304693222045898,0.43686962127685547,0.05300239473581314,0.4180229902267456,0.5328628420829773,0.6150681972503662,-0.11375147849321365,0.37605807185173035,0.620657742023468,0.44738465547561646,0.059529826045036316,0.4058527648448944,0.5332915186882019,0.6084555983543396,-0.09836190193891525,0.3559214472770691,0.6137538552284241,0.4494207799434662,0.06674722582101822,0.35521185398101807,0.5022249221801758,0.6263473033905029,0.04603971168398857,0.9998444318771362,0.5382327437400818,0.5853055715560913,-0.04626547545194626,0.9998621940612793,0.5199283957481384,0.6978276968002319,0.12807884812355042,0.571735680103302,0.5865400433540344,0.67580246925354,-0.04000849649310112,0.6700452566146851,0.4898200035095215,0.8880738615989685,0.07130643725395203,0.6610397696495056,0.6513877511024475,0.8025383949279785,-0.10484318435192108,0.7055434584617615,0.48116084933280945,0.9194773435592651,0.06339219212532043,0.7751688361167908,0.6612246036529541,0.8356587290763855,-0.11136723309755325,0.7017655968666077,0.49766480922698975,0.9582915306091309,0.01841219887137413,0.6778137683868408,0.6705475449562073,0.7985477447509766,-0.15497057139873505,0.7192027568817139,85.79846176934277,30.0,141.93736893869914,108.25151381112235,3242.8746073287252
182,6.066666666666666,0.5584529042243958,0.3567163050174713,0.16069427132606506,0.9556213617324829,0.5540362596511841,0.34665581583976746,0.14498600363731384,0.9574368596076965,0.5514907240867615,0.3463481366634369,0.14476057887077332,0.9608117938041687,0.5488130450248718,0.34660306572914124,0.1447388380765915,0.9656625390052795,0.5602578520774841,0.3486868441104889,0.13973045349121094,0.9719322323799133,0.5620812773704529,0.3493497669696808,0.13957923650741577,0.977320671081543,0.5640930533409119,0.3498683571815491,0.13945850729942322,0.980384349822998,0.5417090654373169,0.35765066742897034,0.07744339108467102,0.9726646542549133,0.5594517588615417,0.3573676645755768,0.05499178543686867,0.966881275177002,0.5527904629707336,0.3685917854309082,0.14282426238059998,0.9419158101081848,0.5589345693588257,0.3698697090148926,0.13508452475070953,0.944649338722229,0.49702730774879456,0.43130573630332947,0.02875692769885063,0.999795138835907,0.5847285985946655,0.4170991778373718,0.036897819489240646,0.999764084815979,0.48596689105033875,0.4980631470680237,0.12261618673801422,0.39404019713401794,0.6333466172218323,0.39564529061317444,0.13757117092609406,0.5251880884170532,0.4959995150566101,0.5383753180503845,0.3265819847583771,0.33962976932525635,0.6611879467964172,0.3948763608932495,0.3294571042060852,0.4328194260597229,0.5000326037406921,0.555091381072998,0.3554544746875763,0.34500280022621155,0.6695001721382141,0.40070295333862305,0.3521093428134918,0.41390275955200195,0.5080140829086304,0.5577284693717957,0.34705686569213867,0.339017778635025,0.6670454740524292,0.40361303091049194,0.35319286584854126,0.40072202682495117,0.5086328387260437,0.5522134900093079,0.33025410771369934,0.3208755850791931,0.6626873016357422,0.4042699635028839,0.3348256051540375,0.34618112444877625,0.5062254071235657,0.6026613116264343,-0.015773048624396324,0.9997991919517517,0.5723336338996887,0.5819225907325745,0.015520746819674969,0.9998156428337097,0.5154620409011841,0.703656792640686,0.08143649995326996,0.604327380657196,0.5944570302963257,0.6840097904205322,0.1348283588886261,0.6269609928131104,0.49480515718460083,0.8929400444030762,-0.08172141015529633,0.6866708993911743,0.6263132691383362,0.8151010870933533,0.17916323244571686,0.6895791888237,0.5003324151039124,0.9216352105140686,-0.09232405573129654,0.7906831502914429,0.6379984617233276,0.8475272059440613,0.18307380378246307,0.7021458148956299,0.4971204400062561,0.955976128578186,-0.13245072960853577,0.6631268262863159,0.6598837375640869,0.8132699728012085,0.1574261337518692,0.6610049605369568,159.59569853156782,30.0,149.68096788601974,197.31317994540262,-609.9702372395193
183,6.1,0.5014795660972595,0.342820405960083,0.10280311107635498,0.9600592255592346,0.5004162192344666,0.32811471819877625,0.07974403351545334,0.9616931676864624,0.49940624833106995,0.32836663722991943,0.07958757877349854,0.9647306203842163,0.49818357825279236,0.32888445258140564,0.07962734997272491,0.9690962433815002,0.5053369998931885,0.32488954067230225,0.08412942290306091,0.9747390151023865,0.507851243019104,0.32267114520072937,0.08389939367771149,0.9795885682106018,0.5102207064628601,0.32057899236679077,0.08382325619459152,0.9823458790779114,0.5025350451469421,0.3342975080013275,0.05076443776488304,0.9753981828689575,0.5202433466911316,0.32161542773246765,0.027132075279951096,0.9701931476593018,0.503913938999176,0.35497644543647766,0.08373569697141647,0.9477241039276123,0.508023738861084,0.3528241515159607,0.08881264179944992,0.9501842260360718,0.4942649304866791,0.40622228384017944,-0.05048977583646774,0.9998154640197754,0.5810443758964539,0.36990267038345337,0.008382254280149937,0.999787449836731,0.4198347330093384,0.43662214279174805,-0.10142943263053894,0.4543411135673523,0.6397519707679749,0.3694397807121277,-0.028582418337464333,0.5725910067558289,0.3635936975479126,0.44651341438293457,-0.09748557209968567,0.4050978422164917,0.7059019804000854,0.3648349344730377,-0.0334690660238266,0.48943892121315,0.3480895757675171,0.45289039611816406,-0.13061201572418213,0.4098915755748749,0.7225618362426758,0.37360262870788574,-0.04803992807865143,0.47237929701805115,0.3482336401939392,0.43779781460762024,-0.11836591362953186,0.4045378863811493,0.724791407585144,0.36243289709091187,-0.041741952300071716,0.4604966938495636,0.3540916442871094,0.43759480118751526,-0.09091298282146454,0.38736456632614136,0.7181603908538818,0.3599817752838135,-0.030868392437696457,0.41116705536842346,0.5463361144065857,0.5960458517074585,-0.07098032534122467,0.9998183846473694,0.6000387072563171,0.5769110321998596,0.07067819684743881,0.999832272529602,0.5137475728988647,0.7115092873573303,-0.19333143532276154,0.6438435912132263,0.5892177224159241,0.6224678754806519,0.32663342356681824,0.5847278833389282,0.5233494639396667,0.9120125770568848,-0.2755243182182312,0.7179072499275208,0.6188899874687195,0.6962436437606812,0.5196187496185303,0.6434455513954163,0.5385195016860962,0.9477304816246033,-0.284048855304718,0.8115225434303284,0.6299476623535156,0.6800896525382996,0.5412862300872803,0.712064266204834,0.49384063482284546,0.9627816677093506,-0.3457997143268585,0.6967524290084839,0.5964306592941284,0.713154137134552,0.571201741695404,0.6489851474761963,151.82440373206373,30.0,155.0915809350593,67.58683132848773,-3162.6893007202357
184,6.133333333333333,0.49759963154792786,0.34120234847068787,0.003214615397155285,0.9640532732009888,0.4959188401699066,0.32702118158340454,-0.02779829129576683,0.9655238389968872,0.49524372816085815,0.3275456130504608,-0.027962151914834976,0.9682575464248657,0.4944339990615845,0.3281446397304535,-0.027924925088882446,0.9721866250038147,0.5004093050956726,0.32298243045806885,-0.01451572310179472,0.9772651195526123,0.5029829740524292,0.3205852508544922,-0.014792869798839092,0.9816297292709351,0.5053243637084961,0.31846144795417786,-0.014857013709843159,0.9841113090515137,0.5010311007499695,0.3333091735839844,-0.11616292595863342,0.9778583645820618,0.5149791836738586,0.31870943307876587,-0.05369925871491432,0.9731737971305847,0.5012844204902649,0.3553884029388428,-0.020935028791427612,0.9529516696929932,0.505527675151825,0.352965772151947,-0.0037648710422217846,0.9551657438278198,0.49520066380500793,0.40490713715553284,-0.17200954258441925,0.9998338222503662,0.5850664377212524,0.3685895800590515,-0.012117261067032814,0.9998086094856262,0.4202830493450165,0.4323176443576813,-0.25313007831573486,0.5082771182060242,0.6410236954689026,0.36720627546310425,-0.07648275047540665,0.6151967644691467,0.3593387305736542,0.4437021017074585,-0.30128633975982666,0.4639189541339874,0.7092955708503723,0.3635493218898773,-0.14061610400676727,0.5404285788536072,0.343802809715271,0.44585859775543213,-0.3402372896671295,0.4682360589504242,0.7266156077384949,0.37195509672164917,-0.16711817681789398,0.5250589847564697,0.34388241171836853,0.433942973613739,-0.3339490294456482,0.46342337131500244,0.7275678515434265,0.36250126361846924,-0.16476766765117645,0.5143492817878723,0.350017249584198,0.43499934673309326,-0.29936090111732483,0.4467603862285614,0.720538854598999,0.3599238991737366,-0.14062781631946564,0.46973860263824463,0.5583153367042542,0.5889792442321777,-0.08210453391075134,0.999836266040802,0.6051466464996338,0.5694833993911743,0.08173849433660507,0.999848484992981,0.5132489204406738,0.7104849815368652,-0.23955599963665009,0.6793750524520874,0.5927889943122864,0.614540159702301,0.31200069189071655,0.5497825741767883,0.528580367565155,0.91287761926651,-0.3009760081768036,0.7459189891815186,0.629398763179779,0.647559404373169,0.5127370953559875,0.5980568528175354,0.5416927337646484,0.9521387219429016,-0.3080171048641205,0.8301219940185547,0.6326096057891846,0.6634167432785034,0.535207986831665,0.7087064385414124,0.49357420206069946,0.9658486843109131,-0.36875754594802856,0.7269258499145508,0.5994061827659607,0.6772564053535461,0.5691320300102234,0.6276223659515381,174.06899051400856,30.0,154.18675664125226,-13.53277343594641,312.7878299782637
185,6.166666666666667,0.4785320460796356,0.33305031061172485,0.11401842534542084,0.9676471948623657,0.477882444858551,0.31570881605148315,0.08299705386161804,0.968970775604248,0.478038489818573,0.3158572316169739,0.08288189768791199,0.9714308381080627,0.4779878258705139,0.31641536951065063,0.08291113376617432,0.9749670624732971,0.4807007610797882,0.3122563660144806,0.10551027953624725,0.9795382618904114,0.48275431990623474,0.3099991977214813,0.10526712983846664,0.9834664463996887,0.4846263825893402,0.30793797969818115,0.10517621785402298,0.9856999516487122,0.48619189858436584,0.31544098258018494,-0.04127504304051399,0.9800717234611511,0.49637749791145325,0.3019404411315918,0.08248897641897202,0.9758560061454773,0.48548784852027893,0.34657928347587585,0.08345595002174377,0.95765221118927,0.48701727390289307,0.3443107604980469,0.11265281587839127,0.9596446752548218,0.4961017370223999,0.3902282416820526,-0.0995074212551117,0.9998490214347839,0.5794095993041992,0.34461677074432373,0.07843893021345139,0.9998272657394409,0.39808180928230286,0.4230351746082306,-0.21424904465675354,0.5556477904319763,0.649079442024231,0.35060566663742065,0.03968920186161995,0.6519827246665955,0.31792786717414856,0.43481501936912537,-0.2573486566543579,0.51368647813797,0.7295836210250854,0.3453248143196106,-0.018015073612332344,0.5857598781585693,0.29654163122177124,0.44252607226371765,-0.30050137639045715,0.5168867111206055,0.7487581372261047,0.35426580905914307,-0.043695881962776184,0.5717065930366516,0.2948557734489441,0.42342010140419006,-0.28370457887649536,0.5127114653587341,0.7518836259841919,0.343357115983963,-0.03620166331529617,0.5619999766349792,0.30132967233657837,0.4238419830799103,-0.25135719776153564,0.4930811822414398,0.7444471120834351,0.3411879241466522,-0.016562558710575104,0.5208137035369873,0.5770106911659241,0.5787369012832642,-0.0893951877951622,0.9998399019241333,0.6058415174484253,0.558422863483429,0.08895567059516907,0.9998512268066406,0.5108315944671631,0.705740749835968,-0.19936306774616241,0.7087206244468689,0.5550060868263245,0.6000930070877075,0.2592037618160248,0.4954107105731964,0.5474103093147278,0.9193202257156372,-0.22424466907978058,0.7594317197799683,0.546177864074707,0.7127401828765869,0.391110360622406,0.5389125943183899,0.5646188259124756,0.9595417380332947,-0.2270771861076355,0.8391560316085815,0.5519781112670898,0.7417193651199341,0.4052514135837555,0.6455289125442505,0.49577972292900085,0.9730727672576904,-0.2819395661354065,0.7465730905532837,0.491905152797699,0.7063426971435547,0.4172116219997406,0.5675699710845947,170.15964821233996,30.0,154.18939603932955,88.43935332703865,286.3052122034084
186,6.2,0.46886834502220154,0.31606847047805786,-0.0010281023569405079,0.9708821177482605,0.46814146637916565,0.29563015699386597,-0.028667153790593147,0.9720733165740967,0.4691322147846222,0.2955349087715149,-0.028795626014471054,0.9742870926856995,0.46986275911331177,0.29575762152671814,-0.02876918576657772,0.977469801902771,0.4687138795852661,0.29288944602012634,-0.0006452311645261943,0.9815842509269714,0.47016069293022156,0.2910522520542145,-0.0009281249949708581,0.985119640827179,0.47150394320487976,0.2892824411392212,-0.0010381439933553338,0.9871298670768738,0.48082488775253296,0.294676274061203,-0.10851498693227768,0.982063889503479,0.48489615321159363,0.28585121035575867,0.013151688501238823,0.9782701730728149,0.4770735800266266,0.32925376296043396,-0.022016501054167747,0.9618825912475586,0.477401465177536,0.32687807083129883,0.014987975358963013,0.9636761546134949,0.4990297257900238,0.3782307803630829,-0.1738819181919098,0.9998598694801331,0.5753328800201416,0.32363492250442505,0.03317619487643242,0.9998435378074646,0.4012528359889984,0.4149792790412903,-0.2938491404056549,0.562940776348114,0.6553220152854919,0.3313005864620209,-0.005183157045394182,0.672493040561676,0.3166729509830475,0.4330877363681793,-0.31626877188682556,0.5084643959999084,0.7398453950881958,0.3271707594394684,-0.06872925162315369,0.6229439973831177,0.294876366853714,0.44795092940330505,-0.36361929774284363,0.5141677856445312,0.7624260783195496,0.33141830563545227,-0.09060213714838028,0.6096863746643066,0.2915991544723511,0.42887428402900696,-0.34005025029182434,0.5086694955825806,0.765972375869751,0.3270095884799957,-0.08532439917325974,0.6001247763633728,0.29904529452323914,0.427681565284729,-0.3070787787437439,0.4721263349056244,0.7565829753875732,0.3288036584854126,-0.06812813133001328,0.5555051565170288,0.6036374568939209,0.5682692527770996,-0.10733775794506073,0.9998327493667603,0.6113710403442383,0.5450426340103149,0.10698553919792175,0.9998419880867004,0.5194040536880493,0.7044470310211182,-0.18563464283943176,0.7260163426399231,0.5190412998199463,0.5780844688415527,0.29861143231391907,0.44595909118652344,0.5694218277931213,0.9218730330467224,-0.1774296760559082,0.7389635443687439,0.44616177678108215,0.6806679964065552,0.45537853240966797,0.4854568541049957,0.5876418352127075,0.9578800797462463,-0.18147316575050354,0.8145942687988281,0.4409159719944,0.715461790561676,0.47078996896743774,0.5845108032226562,0.5196093916893005,0.9775463938713074,-0.24081557989120483,0.7388978600502014,0.3832859396934509,0.656875729560852,0.48774081468582153,0.5126168727874756,166.6097569589903,30.0,160.0827135297215,5.554240710947482,-1800.0122402727698
187,6.233333333333333,0.46155184507369995,0.29402071237564087,-0.06790006905794144,0.973791778087616,0.4638371467590332,0.27559348940849304,-0.09305503219366074,0.9748632907867432,0.4658606946468353,0.27553895115852356,-0.09318377077579498,0.9768533110618591,0.46786850690841675,0.27572304010391235,-0.09312481433153152,0.9797189831733704,0.4637184143066406,0.2736814618110657,-0.06342466920614243,0.9834247827529907,0.4655868113040924,0.2719629406929016,-0.06374092400074005,0.9866068959236145,0.46763327717781067,0.2700314521789551,-0.06387369334697723,0.9884164333343506,0.48407599329948425,0.2762869596481323,-0.1584807187318802,0.9838520288467407,0.48537012934684753,0.27058351039886475,-0.006785981822758913,0.9804417490959167,0.4733802378177643,0.31041502952575684,-0.08426693826913834,0.9656811952590942,0.4735310673713684,0.30949485301971436,-0.04654789716005325,0.9672980308532715,0.5075623989105225,0.36454516649246216,-0.212724506855011,0.9998615384101868,0.5715256333351135,0.3037494122982025,0.032750342041254044,0.9998564720153809,0.4295360743999481,0.4135051667690277,-0.30412980914115906,0.5807562470436096,0.6490916609764099,0.31001153588294983,0.023640969768166542,0.6815651059150696,0.356059193611145,0.43962472677230835,-0.3077748715877533,0.5258371233940125,0.7306766510009766,0.30516666173934937,-0.07340598851442337,0.6556687951087952,0.33583277463912964,0.454545795917511,-0.35481396317481995,0.5313132405281067,0.7564130425453186,0.306324303150177,-0.1009695753455162,0.6437957286834717,0.33320483565330505,0.43621689081192017,-0.33737167716026306,0.525248110294342,0.7583588361740112,0.30538251996040344,-0.09790054708719254,0.6345457434654236,0.34080880880355835,0.43330055475234985,-0.30053436756134033,0.47501420974731445,0.7480713725090027,0.3086601495742798,-0.0773407518863678,0.5884758830070496,0.6242747902870178,0.5475037693977356,-0.1053045243024826,0.9998384714126587,0.6134405732154846,0.5165342688560486,0.10506241768598557,0.9998487830162048,0.5393192768096924,0.704624354839325,-0.16274474561214447,0.7464904189109802,0.5027311444282532,0.5643653869628906,0.17133323848247528,0.4041363000869751,0.5819204449653625,0.9172239303588867,-0.14456602931022644,0.7458565831184387,0.40684354305267334,0.6736476421356201,0.2589472830295563,0.4453921616077423,0.6013315916061401,0.953224778175354,-0.14227810502052307,0.800816535949707,0.3988676071166992,0.7171991467475891,0.26667386293411255,0.5423510074615479,0.532209038734436,0.9769666790962219,-0.2347039133310318,0.7495070099830627,0.3441081643104553,0.6494821906089783,0.24297350645065308,0.483901709318161,136.25897209555964,30.0,154.55967875339272,-31.561462691146005,538.617125546154
188,6.266666666666667,0.47140488028526306,0.2779252827167511,-0.06255511939525604,0.9764084219932556,0.47433051466941833,0.2591906785964966,-0.08582094311714172,0.9773734211921692,0.47620418667793274,0.258835107088089,-0.08597377687692642,0.9791616201400757,0.4782201647758484,0.2584020793437958,-0.08588401228189468,0.9817427396774292,0.47342339158058167,0.2568744122982025,-0.05372782424092293,0.9850808382034302,0.4745017886161804,0.2546897232532501,-0.05407524108886719,0.987945020198822,0.4759310781955719,0.2520475387573242,-0.05417726933956146,0.989574134349823,0.49434757232666016,0.25894421339035034,-0.1506538987159729,0.9854620695114136,0.49551692605018616,0.25113317370414734,-0.004562552087008953,0.9823963046073914,0.4822629690170288,0.2918289601802826,-0.08032571524381638,0.9691066145896912,0.4801079332828522,0.29112568497657776,-0.039921343326568604,0.9705632328987122,0.5326427221298218,0.35531267523765564,-0.19921940565109253,0.9998682737350464,0.5679469704627991,0.2895433306694031,0.0665186271071434,0.9998685121536255,0.47585174441337585,0.4164304733276367,-0.2639065980911255,0.61612868309021,0.6328613758087158,0.29074642062187195,0.15328922867774963,0.67051762342453,0.41491934657096863,0.4436056613922119,-0.2468762993812561,0.5684582591056824,0.7048059701919556,0.28597915172576904,0.14624229073524475,0.6877403259277344,0.3766104280948639,0.45921820402145386,-0.2782948315143585,0.572686493396759,0.7254956364631653,0.28316357731819153,0.1349831074476242,0.6771596074104309,0.3484484553337097,0.44429537653923035,-0.26999399065971375,0.5668345093727112,0.7261821031570435,0.28612610697746277,0.12435813993215561,0.6686988472938538,0.3856881260871887,0.4401310682296753,-0.24157334864139557,0.5165665745735168,0.7184308767318726,0.2902023196220398,0.14109046757221222,0.6251921653747559,0.6361638307571411,0.5304325819015503,-0.09339448809623718,0.9998483657836914,0.6116017699241638,0.5008542537689209,0.09318263828754425,0.9998590350151062,0.5600610375404358,0.7046003341674805,-0.14869946241378784,0.7703619599342346,0.49689534306526184,0.5561160445213318,0.031050734221935272,0.4210655391216278,0.5942990779876709,0.9137280583381653,-0.11461974680423737,0.7685856223106384,0.38868796825408936,0.6693037152290344,0.06995867192745209,0.4604994058609009,0.6120901107788086,0.9495548009872437,-0.11266584694385529,0.813667356967926,0.38170892000198364,0.7101414203643799,0.07262860238552094,0.5459491014480591,0.5467367172241211,0.9757046103477478,-0.2008594125509262,0.7713425755500793,0.33060210943222046,0.6642471551895142,0.03159903362393379,0.5098385214805603,121.08025540742337,30.0,157.97861601697844,41.46204908069109,456.7827568734316
189,6.3,0.484781414270401,0.2461748719215393,-0.5017727613449097,0.9787077307701111,0.4876939654350281,0.23046641051769257,-0.5129899978637695,0.9796141982078552,0.49618199467658997,0.23114000260829926,-0.5132755041122437,0.9812070727348328,0.5040296912193298,0.23208996653556824,-0.5132123231887817,0.9835534691810608,0.48150286078453064,0.2267737239599228,-0.48590490221977234,0.9865543842315674,0.48661741614341736,0.2251763492822647,-0.4863797128200531,0.9891268014907837,0.4908336400985718,0.22364364564418793,-0.48661914467811584,0.9906039237976074,0.533707857131958,0.23684465885162354,-0.4962945282459259,0.9869030714035034,0.4985550045967102,0.22697219252586365,-0.37612590193748474,0.9841196537017822,0.49328872561454773,0.26254385709762573,-0.48783451318740845,0.972148597240448,0.49251803755760193,0.2602062523365021,-0.45494794845581055,0.9734305739402771,0.5827018618583679,0.34007352590560913,-0.4196551740169525,0.9998486638069153,0.5486916899681091,0.26439329981803894,-0.19545234739780426,0.9997743964195251,0.6289103031158447,0.44749781489372253,-0.3096083402633667,0.5752990245819092,0.585610568523407,0.2702237665653229,0.03885689005255699,0.603544294834137,0.617073118686676,0.4713799059391022,-0.15215730667114258,0.5142174959182739,0.5959528684616089,0.28952687978744507,0.19988299906253815,0.619022011756897,0.6140546202659607,0.4839383065700531,-0.14847582578659058,0.5175110697746277,0.593845784664154,0.2885608375072479,0.22111104428768158,0.6095136404037476,0.606856107711792,0.47181522846221924,-0.16305550932884216,0.5123621821403503,0.592065691947937,0.30579349398612976,0.19812969863414764,0.6019025444984436,0.6067858934402466,0.45995351672172546,-0.15133094787597656,0.46667301654815674,0.5928590893745422,0.308195024728775,0.19384796917438507,0.5627463459968567,0.6359816789627075,0.49138641357421875,-0.07455814629793167,0.999850869178772,0.600536584854126,0.4569457173347473,0.07434133440256119,0.9998522400856018,0.5872375965118408,0.7041838765144348,-0.1626448780298233,0.767058789730072,0.4978998601436615,0.5463358163833618,-0.12297277897596359,0.39903131127357483,0.5955814719200134,0.912290632724762,-0.06719626486301422,0.767950713634491,0.40351560711860657,0.6673007607460022,-0.08555097132921219,0.43844735622406006,0.6056057810783386,0.9493094086647034,-0.061670541763305664,0.7846109867095947,0.39840394258499146,0.7007040977478027,-0.08424319326877594,0.5111207365989685,0.5659876465797424,0.975087583065033,-0.19815336167812347,0.769256591796875,0.3524527847766876,0.6907146573066711,-0.18996259570121765,0.502140462398529,172.44918249473858,30.0,157.32381535877212,-1.1092788995838987,35.68435272480173
190,6.333333333333333,0.5394161939620972,0.22907665371894836,-0.6178683638572693,0.9808336496353149,0.5494549870491028,0.2099943310022354,-0.6187279224395752,0.9816508293151855,0.556818425655365,0.21062146127223969,-0.619135856628418,0.9830840826034546,0.5630099177360535,0.21157453954219818,-0.6190927028656006,0.9851969480514526,0.5381683707237244,0.20666387677192688,-0.6063047647476196,0.9878962635993958,0.536122739315033,0.20578385889530182,-0.6067448258399963,0.9902105927467346,0.5337962508201599,0.20397214591503143,-0.606990396976471,0.9915395975112915,0.5759665966033936,0.2166406214237213,-0.5472075343132019,0.9882118105888367,0.5352382063865662,0.20325438678264618,-0.49278661608695984,0.9856952428817749,0.5493929386138916,0.2460605800151825,-0.5837770104408264,0.9749289155006409,0.5355006456375122,0.2421451210975647,-0.5698888301849365,0.9760764241218567,0.6091634631156921,0.315400630235672,-0.43629157543182373,0.9998623132705688,0.538812518119812,0.24771663546562195,-0.28699442744255066,0.9997406005859375,0.6645126342773438,0.38552072644233704,-0.3357326090335846,0.6143001317977905,0.5692121982574463,0.30994245409965515,-0.014003454707562923,0.5435805916786194,0.7164478898048401,0.43158262968063354,-0.2330346405506134,0.559418261051178,0.5854992270469666,0.3261815309524536,0.20696213841438293,0.5575694441795349,0.7347906231880188,0.43753254413604736,-0.23005083203315735,0.5569090247154236,0.5873042345046997,0.3532313406467438,0.2452198714017868,0.5490050315856934,0.7357805371284485,0.440755695104599,-0.26027265191078186,0.5531625747680664,0.5833532810211182,0.37914612889289856,0.21136924624443054,0.5421839952468872,0.727193295955658,0.44006267189979553,-0.23975998163223267,0.510380208492279,0.5842500329017639,0.370461106300354,0.20020022988319397,0.5070010423660278,0.6366884112358093,0.47142988443374634,-0.05640556290745735,0.9998621344566345,0.5963038206100464,0.4410978853702545,0.05615384131669998,0.9998480081558228,0.6005529165267944,0.7053946256637573,-0.15852943062782288,0.7731974124908447,0.5116198658943176,0.5445348620414734,-0.059949204325675964,0.4026784598827362,0.5891600251197815,0.9110763669013977,-0.0882461741566658,0.7849725484848022,0.4334183931350708,0.6779330968856812,-0.020907890051603317,0.47580859065055847,0.5910123586654663,0.9428842663764954,-0.09045268595218658,0.7846953272819519,0.4329560101032257,0.7107043266296387,-0.020917577669024467,0.5284442901611328,0.5793150663375854,0.9746800065040588,-0.2333393394947052,0.7869091033935547,0.39423149824142456,0.692671000957489,-0.11863458901643753,0.5384277701377869,171.17088630575284,30.0,157.9046640903395,43.8410059290112,1789.5332496679757
191,6.366666666666666,0.5853027105331421,0.2066464126110077,-0.6300063729286194,0.9827502965927124,0.5938557386398315,0.18663471937179565,-0.6199594736099243,0.983485758304596,0.5983967185020447,0.18775172531604767,-0.6203160881996155,0.9847756624221802,0.6032212972640991,0.18841713666915894,-0.620219886302948,0.9866772294044495,0.5806490778923035,0.18418540060520172,-0.6143172979354858,0.9891066551208496,0.5765334963798523,0.18352650105953217,-0.6147289872169495,0.9911895394325256,0.5723545551300049,0.18175026774406433,-0.6148584485054016,0.9923856258392334,0.6093168258666992,0.19720757007598877,-0.5095767378807068,0.9893906116485596,0.5660848617553711,0.18388035893440247,-0.48912128806114197,0.9871256947517395,0.5931190252304077,0.22664286196231842,-0.5827842354774475,0.9774360060691833,0.5774799585342407,0.22028851509094238,-0.5787407159805298,0.9784687161445618,0.6377440094947815,0.2939968407154083,-0.39569807052612305,0.9998759031295776,0.5422642230987549,0.24445131421089172,-0.2871241271495819,0.9997636079788208,0.717547595500946,0.3531050384044647,-0.40619584918022156,0.6524394154548645,0.5083069205284119,0.22803203761577606,-0.057693079113960266,0.5350449681282043,0.7996242642402649,0.40237727761268616,-0.44168442487716675,0.6032724380493164,0.4682944118976593,0.20512384176254272,0.17848916351795197,0.5690637826919556,0.8226632475852966,0.4098636209964752,-0.45441481471061707,0.6005939245223999,0.4555412530899048,0.20722843706607819,0.21388714015483856,0.5524008274078369,0.825577974319458,0.4083103835582733,-0.4912050664424896,0.5973438620567322,0.4566706120967865,0.20811335742473602,0.1868419200181961,0.5483928322792053,0.8165249228477478,0.40728476643562317,-0.45632532238960266,0.5587053298950195,0.4635465741157532,0.2090190351009369,0.17290066182613373,0.5162104368209839,0.6288259029388428,0.46092960238456726,-0.03347316011786461,0.9998729825019836,0.5905579328536987,0.42557966709136963,0.033269498497247696,0.9998572468757629,0.6083911657333374,0.7054268717765808,-0.11779507249593735,0.7948338985443115,0.5389119386672974,0.5372174978256226,-0.3254620134830475,0.46150168776512146,0.5801307559013367,0.9099410176277161,-0.09851781278848648,0.8055471181869507,0.4609892964363098,0.6883363723754883,-0.36925211548805237,0.526997447013855,0.5885568857192993,0.9406359791755676,-0.09893297404050827,0.8038260340690613,0.44714587926864624,0.7239494323730469,-0.37881287932395935,0.5707550048828125,0.5855883359909058,0.9766961932182312,-0.2796761393547058,0.8077318072319031,0.4269540011882782,0.7287333607673645,-0.5130735039710999,0.5840576887130737,178.15107703780586,30.0,160.24654908737287,118.19293774494781,1271.0268125323453
192,6.4,0.6246081590652466,0.1955830454826355,-0.5477991700172424,0.9844752550125122,0.6289255619049072,0.17441725730895996,-0.5344817042350769,0.9851371645927429,0.633523166179657,0.17355859279632568,-0.5348377227783203,0.9862980246543884,0.6366294622421265,0.1730433702468872,-0.534777045249939,0.9880094528198242,0.616625189781189,0.17293645441532135,-0.54360431432724,0.9901959300041199,0.6118167638778687,0.17233513295650482,-0.5439614653587341,0.9920705556869507,0.6071366667747498,0.17238469421863556,-0.5440436601638794,0.9931470155715942,0.6351959109306335,0.1775783896446228,-0.4181895852088928,0.9904515147209167,0.5951010584831238,0.1757182478904724,-0.4622257351875305,0.9884129762649536,0.6286410689353943,0.21612833440303802,-0.4979751408100128,0.9796922206878662,0.6158931851387024,0.2117326855659485,-0.5128137469291687,0.9806215763092041,0.6566303372383118,0.27405068278312683,-0.32002660632133484,0.9998881220817566,0.5426825881004333,0.24481986463069916,-0.30926328897476196,0.9997833967208862,0.7462208867073059,0.3260517716407776,-0.2988121211528778,0.6868278980255127,0.48766204714775085,0.21892181038856506,-0.22493666410446167,0.571345865726471,0.8368771076202393,0.3673100173473358,-0.32307496666908264,0.6425133347511292,0.4149395823478699,0.19376151263713837,-0.1538872867822647,0.6085920929908752,0.8590599894523621,0.3699626624584198,-0.3326379060745239,0.6392343640327454,0.3924640119075775,0.19189253449440002,-0.1480444073677063,0.5909477472305298,0.8649342656135559,0.36790984869003296,-0.3676874339580536,0.6366180777549744,0.39007696509361267,0.18686756491661072,-0.18430909514427185,0.5886594653129578,0.856669545173645,0.37399962544441223,-0.3382109999656677,0.6019657254219055,0.3987323045730591,0.1905173361301422,-0.16973304748535156,0.5603152513504028,0.6172457337379456,0.46373122930526733,0.009412306360900402,0.9998846054077148,0.5639442801475525,0.4375530779361725,-0.009654496796429157,0.9998689889907837,0.6066173911094666,0.7013130784034729,-0.02750418893992901,0.8006573915481567,0.5920889377593994,0.5371131896972656,-0.3457292914390564,0.5121065378189087,0.5754834413528442,0.9019433259963989,-0.004648401867598295,0.8198162317276001,0.5400914549827576,0.6937495470046997,-0.3055787980556488,0.5663864016532898,0.5566548705101013,0.9336572289466858,-0.008079691790044308,0.8156830072402954,0.535168468952179,0.7309771776199341,-0.30243104696273804,0.5949892401695251,0.5915180444717407,0.9760487675666809,-0.12155796587467194,0.8239719271659851,0.5499830842018127,0.7560359835624695,-0.39958858489990234,0.6213773488998413,167.82792913134935,30.0,165.78419327333603,128.57612676450088,-3241.457632949991
193,6.433333333333334,0.6531949639320374,0.17838290333747864,-0.6283379793167114,0.986027717590332,0.6542404294013977,0.15440265834331512,-0.61390221118927,0.9866234064102173,0.6563292145729065,0.15324243903160095,-0.6143236756324768,0.9876681566238403,0.6584555506706238,0.1521269977092743,-0.6142945885658264,0.989208459854126,0.6466072797775269,0.15305204689502716,-0.6337665319442749,0.9911763072013855,0.6412259340286255,0.1529238075017929,-0.6340933442115784,0.9928634762763977,0.6371492743492126,0.15312907099723816,-0.6341579556465149,0.9938322305679321,0.6496168971061707,0.155743807554245,-0.4758208692073822,0.9914063215255737,0.6199306845664978,0.15513204038143158,-0.5665217638015747,0.9895715117454529,0.6525847911834717,0.19729828834533691,-0.5684764981269836,0.981722891330719,0.6431834101676941,0.1975685954093933,-0.5966730713844299,0.9825592041015625,0.6693950295448303,0.2520776093006134,-0.3427360951900482,0.9998992085456848,0.5545337796211243,0.2386818528175354,-0.4153444468975067,0.9998020529747009,0.748525857925415,0.29277217388153076,-0.3170812427997589,0.7179323434829712,0.48014795780181885,0.21422146260738373,-0.4182097613811493,0.6132746338844299,0.8283959031105042,0.3198729157447815,-0.44509875774383545,0.6781010031700134,0.3953218460083008,0.19305063784122467,-0.4866076409816742,0.6469093561172485,0.8483775854110718,0.31856077909469604,-0.4725819230079651,0.6747647523880005,0.3701631426811218,0.1895781010389328,-0.512431263923645,0.630013108253479,0.8517448306083679,0.31665298342704773,-0.5166839957237244,0.6725524663925171,0.3665276765823364,0.18711596727371216,-0.5526984333992004,0.6284418106079102,0.8434537649154663,0.32236459851264954,-0.4677894711494446,0.6413922905921936,0.3761900067329407,0.19253568351268768,-0.5081278085708618,0.6029999852180481,0.6100091934204102,0.4381406009197235,0.03324781730771065,0.9998945593833923,0.5530707836151123,0.43338754773139954,-0.033508479595184326,0.9998785853385925,0.5942993760108948,0.6987274289131165,0.020965632051229477,0.8144612908363342,0.6262512803077698,0.5282953381538391,-0.22029641270637512,0.5569915771484375,0.5559207797050476,0.9017808437347412,0.06649143248796463,0.8352992534637451,0.5998676419258118,0.7053567171096802,-0.1409677118062973,0.6044743657112122,0.5307779908180237,0.9370129108428955,0.06342892348766327,0.8303079009056091,0.591076672077179,0.74202561378479,-0.1366269290447235,0.6190384030342102,0.5798356533050537,0.9749916195869446,-0.06437338143587112,0.8401136994361877,0.6499611735343933,0.7754818797111511,-0.2562772333621979,0.6558842658996582,143.8536523413832,30.0,168.81829087167293,-97.90423778505158,-5532.80096599655
194,6.466666666666667,0.673179030418396,0.16488467156887054,-0.23380626738071442,0.987424910068512,0.6723950505256653,0.14443576335906982,-0.21282634139060974,0.9879609942436218,0.6731421947479248,0.14249499142169952,-0.21325889229774475,0.9889013171195984,0.6739263534545898,0.14059406518936157,-0.2132316529750824,0.9902876019477844,0.6675339341163635,0.14567716419696808,-0.24567575752735138,0.9920586347579956,0.6648090481758118,0.14494866132736206,-0.24603767693042755,0.9935770630836487,0.6614712476730347,0.14383916556835175,-0.2461412101984024,0.9944489598274231,0.6581620573997498,0.14176605641841888,-0.09862815588712692,0.9922656416893005,0.6404120326042175,0.14165891706943512,-0.24388135969638824,0.9906141757965088,0.6696516275405884,0.18151973187923431,-0.18321672081947327,0.983550488948822,0.6645910739898682,0.18034179508686066,-0.2282889038324356,0.9843030571937561,0.6550136208534241,0.22153732180595398,0.015306323766708374,0.9999091029167175,0.5704266428947449,0.22931420803070068,-0.23723843693733215,0.9998207688331604,0.709364116191864,0.25358352065086365,0.18908745050430298,0.7423396706581116,0.4999883770942688,0.21783974766731262,-0.257610023021698,0.6517373323440552,0.7755431532859802,0.2770521342754364,0.2519957423210144,0.7095370888710022,0.4215107262134552,0.20368491113185883,-0.34203532338142395,0.6817061305046082,0.7919678092002869,0.2732393741607666,0.2723434269428253,0.7052341103553772,0.3971370756626129,0.20253869891166687,-0.3612625300884247,0.6657968163490295,0.7933238744735718,0.27415111660957336,0.2295355498790741,0.7035943269729614,0.3927660286426544,0.20247800648212433,-0.3841899335384369,0.664522111415863,0.7869202494621277,0.27977949380874634,0.2349444478750229,0.6755640506744385,0.40260326862335205,0.20687904953956604,-0.3559439480304718,0.6415618062019348,0.6022754907608032,0.4559730589389801,0.06132958456873894,0.9999041557312012,0.559759259223938,0.4512678384780884,-0.06168672814965248,0.9998883008956909,0.5878414511680603,0.6886700391769409,0.0004703171434812248,0.8316942453384399,0.6634513139724731,0.522104024887085,-0.08636153489351273,0.5939937829971313,0.5361783504486084,0.9003116488456726,0.0502457395195961,0.8510116338729858,0.6741345524787903,0.7061616778373718,0.027235474437475204,0.6402416825294495,0.5087891221046448,0.9376509785652161,-0.012218266725540161,0.8467070460319519,0.6620490550994873,0.7430066466331482,0.034527458250522614,0.653154194355011,0.5760532021522522,0.9748055934906006,-0.09740642458200455,0.855778694152832,0.7322179675102234,0.7711997032165527,-0.03632964938879013,0.6882551312446594,149.28733282449582,30.0,159.25724408766592,-240.27727096860247,-1715.2063507679188
195,6.5,0.6863942742347717,0.1496824324131012,-0.04538668319582939,0.9865093231201172,0.6832217574119568,0.12623701989650726,-0.03473788499832153,0.9877389073371887,0.6818311810493469,0.12479553371667862,-0.03510117903351784,0.9883867502212524,0.6802254915237427,0.12298353761434555,-0.035031940788030624,0.9900413155555725,0.6814064383506775,0.1269802302122116,-0.07010407000780106,0.991982102394104,0.679052472114563,0.12636473774909973,-0.070403091609478,0.9936121106147766,0.6765733361244202,0.12558089196681976,-0.0706157460808754,0.9945394992828369,0.6605790257453918,0.12186399102210999,0.035168156027793884,0.9924883842468262,0.657365620136261,0.12545283138751984,-0.12470845133066177,0.9905911684036255,0.677102267742157,0.16637124121189117,-0.011221092194318771,0.982846200466156,0.6757316589355469,0.16531912982463837,-0.05973032861948013,0.9838742017745972,0.6318551301956177,0.19178685545921326,0.1164175495505333,0.9997667670249939,0.6068636775016785,0.21392036974430084,-0.17717839777469635,0.9997877478599548,0.6063321828842163,0.297320693731308,0.1662967950105667,0.6681549549102783,0.5725448131561279,0.25211966037750244,-0.3679145872592926,0.6626001596450806,0.5835714936256409,0.34457772970199585,0.12420330941677094,0.638615608215332,0.5551978945732117,0.2405809760093689,-0.5458593368530273,0.6752939820289612,0.5781561732292175,0.3996632397174835,0.11904177069664001,0.634813666343689,0.5449416637420654,0.2413560152053833,-0.6000913977622986,0.6692996621131897,0.5833593606948853,0.3972839415073395,0.09416992217302322,0.633338451385498,0.5546592473983765,0.2344944179058075,-0.5895308256149292,0.668108344078064,0.5854625701904297,0.37703487277030945,0.11255502700805664,0.6080979108810425,0.5565784573554993,0.24012964963912964,-0.5468024015426636,0.6304479837417603,0.5787060260772705,0.4564240872859955,0.08781915158033371,0.9999121427536011,0.5603029727935791,0.45354223251342773,-0.08803753554821014,0.9998981356620789,0.5768828988075256,0.6862040758132935,0.07650028169155121,0.8288803696632385,0.6888311505317688,0.5116034746170044,-0.08625111728906631,0.62533038854599,0.5296390652656555,0.9016244411468506,0.07733725011348724,0.8616616129875183,0.7491922378540039,0.6928313374519348,-0.0689239501953125,0.6740304231643677,0.5085818767547607,0.9375060200691223,0.07028240710496902,0.8589906096458435,0.7432330846786499,0.7350916266441345,-0.06909115612506866,0.6843302249908447,0.5713549256324768,0.9748705625534058,0.004828113596886396,0.8657656908035278,0.8141849637031555,0.755398690700531,-0.12857045233249664,0.7165005207061768,164.457679666617,30.0,152.79980614043276,-212.25132783624616,1481.9815981675597
196,6.533333333333333,0.685801088809967,0.14310701191425323,-0.023144753649830818,0.9870039224624634,0.6799654364585876,0.12057386338710785,-0.01096466276794672,0.9882166981697083,0.6779413819313049,0.11951366066932678,-0.011300894431769848,0.9886649250984192,0.6759034395217896,0.11834456771612167,-0.011228909716010094,0.9903169870376587,0.6788483262062073,0.12042807042598724,-0.04341491684317589,0.9924453496932983,0.6762716770172119,0.11947429925203323,-0.04375005140900612,0.9940392374992371,0.6734427213668823,0.11848057806491852,-0.04399226978421211,0.9949250221252441,0.6613908410072327,0.11895751953125,0.06144094467163086,0.9929038882255554,0.6566261053085327,0.11926006525754929,-0.08623234182596207,0.9911459684371948,0.6751371026039124,0.16018998622894287,0.01098292414098978,0.9831912517547607,0.6751471161842346,0.15854239463806152,-0.03373655304312706,0.9846067428588867,0.630439817905426,0.19073867797851562,0.15614859759807587,0.9996313452720642,0.6119374632835388,0.21041886508464813,-0.13646963238716125,0.9997768998146057,0.601249098777771,0.2723703384399414,0.30866411328315735,0.6014074683189392,0.5873892903327942,0.2553119957447052,-0.36651989817619324,0.6651740074157715,0.582605242729187,0.3347383439540863,0.40039968490600586,0.5748031139373779,0.5664088129997253,0.24801850318908691,-0.5831576585769653,0.6785074472427368,0.5774592757225037,0.3559948801994324,0.4204842746257782,0.5714947581291199,0.5616847276687622,0.24978183209896088,-0.6393213868141174,0.6815854907035828,0.5806083083152771,0.35373952984809875,0.39299753308296204,0.5701757073402405,0.56706702709198,0.24308691918849945,-0.6284634470939636,0.6804857850074768,0.5838801860809326,0.3455100357532501,0.3917938768863678,0.5474516153335571,0.567245364189148,0.24620506167411804,-0.5850082039833069,0.6359066367149353,0.5699385404586792,0.45198071002960205,0.08880884945392609,0.9999192357063293,0.5639025568962097,0.4498244524002075,-0.08907043188810349,0.9999070167541504,0.5718364119529724,0.6847009658813477,0.06319786608219147,0.831011176109314,0.6913791298866272,0.5087708234786987,-0.09164019674062729,0.6520358920097351,0.5287085771560669,0.9015825986862183,0.050264980643987656,0.8710939884185791,0.7508363723754883,0.6904057860374451,-0.10899277776479721,0.7036669254302979,0.5118547081947327,0.9358223676681519,0.04471588507294655,0.8693951368331909,0.7456291913986206,0.7356438636779785,-0.1110895648598671,0.7116743922233582,0.5683850049972534,0.9748269319534302,-0.02052021399140358,0.8742251396179199,0.8057714700698853,0.74973064661026,-0.17159172892570496,0.7406548857688904,167.08735821753666,30.0,145.1071555652495,-141.47849775743182,3038.9237083411585
197,6.566666666666666,0.6852129697799683,0.13726213574409485,0.06842618435621262,0.9878166317939758,0.6832509636878967,0.11678201705217361,0.07632916420698166,0.989116370677948,0.682066023349762,0.1151784211397171,0.0760246142745018,0.9894450306892395,0.6806460022926331,0.11345292627811432,0.07602281123399734,0.9910876750946045,0.682213544845581,0.11734305322170258,0.040169138461351395,0.9929895997047424,0.6805845499038696,0.11638934165239334,0.03985246643424034,0.9944195747375488,0.6781870126724243,0.1152554601430893,0.03967694565653801,0.9952777624130249,0.6637677550315857,0.1101824939250946,0.10968414694070816,0.9935076236724854,0.6607658863067627,0.11398649215698242,-0.05356288701295853,0.9914940595626831,0.6763939261436462,0.1530090570449829,0.08791426569223404,0.9841437339782715,0.6754233241081238,0.15383309125900269,0.03847885504364967,0.9853256940841675,0.6089985370635986,0.18610185384750366,0.16916975378990173,0.9996228814125061,0.6342023611068726,0.21402975916862488,-0.13016241788864136,0.9996002316474915,0.5796231031417847,0.22629722952842712,0.34659382700920105,0.5427023768424988,0.6322395205497742,0.2500121593475342,-0.288861483335495,0.6663118004798889,0.591490626335144,0.21174462139606476,0.4884123206138611,0.5179840326309204,0.6515912413597107,0.2410818636417389,-0.349856436252594,0.6235138177871704,0.5882867574691772,0.20905634760856628,0.5202254056930542,0.5154237747192383,0.657268762588501,0.24001845717430115,-0.3771761953830719,0.6255218982696533,0.5944675803184509,0.2103259265422821,0.49951472878456116,0.5142390727996826,0.6574780344963074,0.23800602555274963,-0.395685076713562,0.6235728859901428,0.5952869057655334,0.2125210464000702,0.4835476577281952,0.49376848340034485,0.6529186367988586,0.23737843334674835,-0.35751041769981384,0.5807968974113464,0.5500079989433289,0.45370399951934814,0.09290044009685516,0.9999247193336487,0.5705785155296326,0.44716182351112366,-0.09321415424346924,0.999910831451416,0.5601806640625,0.6853309869766235,0.10153104364871979,0.8371982574462891,0.6916860938072205,0.5054774284362793,-0.05307859927415848,0.6748901009559631,0.5333117246627808,0.9013937711715698,0.06271525472402573,0.8781442642211914,0.7716208696365356,0.6705495715141296,-0.03654491528868675,0.7271981835365295,0.5204117894172668,0.933447539806366,0.05701613426208496,0.8767176270484924,0.767498254776001,0.7079878449440002,-0.03181888163089752,0.7344098091125488,0.5614182353019714,0.9751001596450806,0.01403061579912901,0.8707268834114075,0.8240256905555725,0.7294007539749146,-0.04502922669053078,0.7496181726455688,152.42690634867546,30.0,143.3679062899373,-9.656413946835585,2470.908427906923
198,6.6,0.680381178855896,0.13434499502182007,0.08213453739881516,0.9890308380126953,0.6790944337844849,0.1130099818110466,0.08073322474956512,0.9902031421661377,0.6770372986793518,0.11074700951576233,0.08039500564336777,0.990498960018158,0.6748877763748169,0.10816572606563568,0.08040483295917511,0.9919780492782593,0.6791850924491882,0.11388968676328659,0.055186472833156586,0.9936885833740234,0.6774902939796448,0.11288765072822571,0.054928574711084366,0.9949752688407898,0.6757380366325378,0.11178363859653473,0.05484788864850998,0.9957478642463684,0.6593639254570007,0.10340344905853271,0.07287003844976425,0.9941564202308655,0.6611250042915344,0.10916820913553238,-0.04125610366463661,0.9923384785652161,0.6706634163856506,0.14805394411087036,0.08748809248209,0.9857226610183716,0.6705124378204346,0.14879462122917175,0.05211673676967621,0.9867801666259766,0.5843468904495239,0.17461241781711578,0.08428771793842316,0.9996596574783325,0.654208242893219,0.21324560046195984,-0.08591004461050034,0.9995984435081482,0.5337890982627869,0.203191876411438,0.21817298233509064,0.5873047709465027,0.7139685153961182,0.24512521922588348,-0.08807798475027084,0.6974560618400574,0.4807659089565277,0.2144412100315094,0.3132556676864624,0.5634191036224365,0.771142303943634,0.24287058413028717,0.009836642071604729,0.6535927057266235,0.4664140045642853,0.21492749452590942,0.3257792890071869,0.5585936307907104,0.7920008301734924,0.2469676285982132,-0.0021701583173125982,0.6525543332099915,0.46479594707489014,0.21315769851207733,0.31630033254623413,0.5571012496948242,0.7930794954299927,0.2418733388185501,0.0100716482847929,0.6503307223320007,0.4711898863315582,0.2172047197818756,0.3141895830631256,0.5343202948570251,0.785878598690033,0.24105769395828247,0.01664181426167488,0.6041565537452698,0.5510719418525696,0.45967093110084534,0.06309614330530167,0.9999303221702576,0.589789628982544,0.4480462670326233,-0.06337291747331619,0.9999110102653503,0.5572407841682434,0.688799262046814,0.081197090446949,0.8505285382270813,0.6863160729408264,0.5080193281173706,0.06667541712522507,0.6989128589630127,0.5457032918930054,0.9024856090545654,0.061330489814281464,0.8884220123291016,0.7718775868415833,0.642035722732544,0.19359122216701508,0.7426984310150146,0.5424076914787292,0.9333640336990356,0.058295805007219315,0.8871079087257385,0.7688135504722595,0.6744822263717651,0.20913971960544586,0.7564825415611267,0.5608600974082947,0.9677474498748779,0.006113958079367876,0.8774997591972351,0.8175594210624695,0.706271231174469,0.21311259269714355,0.7542439699172974,114.05480153555592,30.0,144.46339463546047,23.24873076969638,1287.0997114910638
199,6.633333333333333,0.6718911528587341,0.12153351306915283,0.08138111978769302,0.9901273846626282,0.670686662197113,0.10154485702514648,0.07165946066379547,0.9911826848983765,0.6689650416374207,0.0988319143652916,0.07134608179330826,0.9914489388465881,0.6672372817993164,0.09604186564683914,0.07142125070095062,0.9927801489830017,0.6718028783798218,0.10420645773410797,0.04861149564385414,0.9943195581436157,0.6711293458938599,0.1037769541144371,0.048351746052503586,0.9954776167869568,0.6705297827720642,0.10316496342420578,0.048253223299980164,0.9961728453636169,0.6542292833328247,0.09305360913276672,0.03716414049267769,0.9947407841682434,0.6590362191200256,0.10155142098665237,-0.06692954152822495,0.9931043982505798,0.663875937461853,0.13511325418949127,0.07831736654043198,0.9871498942375183,0.6642128825187683,0.1368621289730072,0.045654915273189545,0.9881013035774231,0.5624886751174927,0.16736331582069397,0.017013676464557648,0.9996935725212097,0.6726223230361938,0.20644783973693848,-0.0970631092786789,0.9996321797370911,0.4785827696323395,0.19895267486572266,0.013236526399850845,0.6283650398254395,0.7581754326820374,0.24083158373832703,-0.1594657450914383,0.727451741695404,0.40266916155815125,0.2135217934846878,-0.013033351860940456,0.6066111326217651,0.8419276475906372,0.230956569314003,-0.1573730856180191,0.6868546009063721,0.3799084722995758,0.22691044211387634,-0.04222528636455536,0.601772665977478,0.8684173226356506,0.2373047173023224,-0.17650046944618225,0.685337483882904,0.3783435821533203,0.21705986559391022,-0.04078836739063263,0.6004113554954529,0.8662623763084412,0.23069070279598236,-0.17443467676639557,0.6830725073814392,0.3879847824573517,0.2153697907924652,-0.012292028404772282,0.5786968469619751,0.8571291565895081,0.22824546694755554,-0.1552072912454605,0.6377702951431274,0.5598153471946716,0.4653693735599518,-0.010956519283354282,0.9999367594718933,0.6212853193283081,0.4501558244228363,0.0106846634298563,0.9999170899391174,0.5660096406936646,0.6990501284599304,-0.0009712692117318511,0.8653687238693237,0.671451985836029,0.5185573101043701,0.28920015692710876,0.6804335117340088,0.5796898603439331,0.9105290770530701,0.04107523337006569,0.8993315100669861,0.7374199032783508,0.6227691173553467,0.5844575762748718,0.7310771942138672,0.589056670665741,0.9451048374176025,0.029127081856131554,0.8981376886367798,0.7368652820587158,0.6401979327201843,0.6160340905189514,0.7701406478881836,0.5615183115005493,0.9559756517410278,-0.06361308693885803,0.8892728686332703,0.768382728099823,0.6738301515579224,0.611758828163147,0.741863489151001,135.46704203564292,30.0,144.91782167458373,76.15023348590199,1977.726733148903
200,6.666666666666667,0.6621447205543518,0.08449862152338028,0.023029739037156105,0.9911138415336609,0.6616523861885071,0.06879959255456924,0.0008142414735630155,0.9920638799667358,0.6621625423431396,0.06796520203351974,0.0005063603166490793,0.992303729057312,0.6625572443008423,0.06701972335577011,0.0006047487840987742,0.9935017228126526,0.6587673425674438,0.07329268008470535,-0.008148374035954475,0.9948870539665222,0.6587886214256287,0.076701320707798,-0.008441056124866009,0.9959295392036438,0.6603267788887024,0.08076260983943939,-0.008555975742638111,0.9965550303459167,0.6462671160697937,0.07526647299528122,-0.04045674577355385,0.9952665567398071,0.6577828526496887,0.09485237300395966,-0.10521779954433441,0.9937933683395386,0.6587629914283752,0.10009128600358963,0.009478271938860416,0.988433301448822,0.6529536843299866,0.10628950595855713,-0.004731903318315744,0.9892891645431519,0.5641871094703674,0.16469138860702515,-0.13387002050876617,0.9997239708900452,0.6789374947547913,0.20574228465557098,-0.08805263787508011,0.9996649026870728,0.47566041350364685,0.2009667009115219,-0.1562071591615677,0.6647175550460815,0.7591878771781921,0.22867760062217712,-0.0902351588010788,0.7543414235115051,0.3922916352748871,0.2207937240600586,-0.18754902482032776,0.6440318822860718,0.8354810476303101,0.2157149314880371,-0.05375092476606369,0.7173352241516113,0.37134164571762085,0.23951803147792816,-0.2255120426416397,0.6387094855308533,0.8574938178062439,0.22500376403331757,-0.07267195731401443,0.7157198786735535,0.3675481975078583,0.22717590630054474,-0.22041095793247223,0.6373836398124695,0.8575913906097412,0.21661058068275452,-0.06463693827390671,0.7135624885559082,0.37625524401664734,0.22302386164665222,-0.18559056520462036,0.6138350367546082,0.8490709066390991,0.2127872109413147,-0.04961899667978287,0.6705116629600525,0.5810716152191162,0.4843909442424774,-0.07215254753828049,0.9999421834945679,0.6377423405647278,0.4594714641571045,0.07192428410053253,0.9999217987060547,0.5869672894477844,0.7026636004447937,-0.045554887503385544,0.8785619735717773,0.663459062576294,0.45614105463027954,0.37999507784843445,0.6153148412704468,0.6077768206596375,0.9165887236595154,0.03021920472383499,0.9089398384094238,0.7216216921806335,0.5868952870368958,0.6790482401847839,0.669919490814209,0.6188552379608154,0.9523593187332153,0.01880096271634102,0.9078288078308105,0.7027304172515869,0.6019217371940613,0.7111405730247498,0.7412979602813721,0.5701828598976135,0.9575517177581787,-0.06803173571825027,0.8998310565948486,0.6958197355270386,0.5847785472869873,0.7265535593032837,0.6922388076782227,143.54723797849977,30.0,149.54007686785394,155.0971796462899,1231.1949242756043
201,6.7,0.6555966734886169,0.0881289467215538,0.1522194892168045,0.9919957518577576,0.6529781222343445,0.07342249155044556,0.12236089259386063,0.99285489320755,0.6490367650985718,0.07168608158826828,0.12208783626556396,0.9930713772773743,0.6453589797019958,0.06996427476406097,0.12220164388418198,0.9941498041152954,0.6537507176399231,0.07829394936561584,0.13296537101268768,0.995394766330719,0.6533825993537903,0.08029189705848694,0.13270774483680725,0.9963332414627075,0.6551325917243958,0.0824982151389122,0.13264326751232147,0.9968954920768738,0.6371750235557556,0.07775147259235382,0.009945937432348728,0.9957391023635864,0.6563217043876648,0.09342652559280396,0.05691279098391533,0.9944102764129639,0.6479294896125793,0.10061847418546677,0.11969921737909317,0.9895785450935364,0.6483426690101624,0.10622353851795197,0.13129708170890808,0.9903383255004883,0.5689108371734619,0.16630694270133972,-0.10080737620592117,0.9997501373291016,0.672749400138855,0.1999005675315857,0.10607127845287323,0.999610424041748,0.5156227946281433,0.21423396468162537,-0.08771916478872299,0.6963872909545898,0.724477231502533,0.19578740000724792,0.2913573980331421,0.7065963745117188,0.4517427682876587,0.24269917607307434,-0.02812417782843113,0.6781689524650574,0.744664192199707,0.1894647181034088,0.536742627620697,0.6695742011070251,0.43238160014152527,0.26189878582954407,-0.042114850133657455,0.6729068756103516,0.7523840665817261,0.19219760596752167,0.5776533484458923,0.6738666296005249,0.4319532513618469,0.25435954332351685,-0.12295465916395187,0.6715763807296753,0.7503393888473511,0.18817059695720673,0.5689422488212585,0.6697710752487183,0.43950849771499634,0.2497754693031311,-0.040544893592596054,0.6479178667068481,0.7460275292396545,0.19010981917381287,0.5385088324546814,0.6288698315620422,0.6288738250732422,0.4809595048427582,-0.08569969981908798,0.9999450445175171,0.6337658762931824,0.4587482810020447,0.08564171195030212,0.9999118447303772,0.6194170713424683,0.7021684646606445,-0.11801984161138535,0.8899242281913757,0.5491771101951599,0.4877513647079468,0.16227279603481293,0.5867494344711304,0.6399683356285095,0.9192354083061218,-0.1582641750574112,0.9165857434272766,0.6268686056137085,0.5789505243301392,0.3829520642757416,0.6122434735298157,0.6505395770072937,0.9567673206329346,-0.1624508649110794,0.9121131300926208,0.6402109265327454,0.5784221291542053,0.4108886122703552,0.6968245506286621,0.5914940237998962,0.9580215811729431,-0.23040136694908142,0.9071616530418396,0.6143415570259094,0.6378885507583618,0.4524727463722229,0.6365999579429626,169.1046089781616,30.0,155.25763365100306,158.2298951042756,-309.04256969046105
202,6.733333333333333,0.6513389348983765,0.0912012979388237,0.1332271844148636,0.9927765130996704,0.6479628086090088,0.07601810991764069,0.10578618943691254,0.9935609102249146,0.6430988907814026,0.0742129310965538,0.10551333427429199,0.993757963180542,0.6388281583786011,0.07241667807102203,0.10560621321201324,0.9947296380996704,0.6510058641433716,0.08068399131298065,0.11359893530607224,0.9958441257476807,0.6512711048126221,0.08243024349212646,0.11335638165473938,0.9966893196105957,0.6536617279052734,0.08415133506059647,0.11329392343759537,0.9971930980682373,0.6334457397460938,0.0794103741645813,0.0025090633425861597,0.9961625933647156,0.6565540432929993,0.09398437291383743,0.03789280727505684,0.9949555397033691,0.6433526873588562,0.10321713984012604,0.10412412136793137,0.9905913472175598,0.6459087133407593,0.10866230726242065,0.11215867847204208,0.9912471175193787,0.5751121640205383,0.16803015768527985,-0.10848556458950043,0.9997730851173401,0.6737187504768372,0.20123471319675446,0.08869905769824982,0.9994773864746094,0.5224028825759888,0.21383854746818542,-0.11104919016361237,0.7235516905784607,0.7222610712051392,0.18962362408638,0.26202645897865295,0.6583955883979797,0.45515578985214233,0.24388983845710754,-0.05020672827959061,0.7074154615402222,0.7358428835868835,0.18372505903244019,0.49245473742485046,0.6206185221672058,0.43750226497650146,0.26240742206573486,-0.06127280741930008,0.7019592523574829,0.7428258061408997,0.18481360375881195,0.5286580324172974,0.6286560297012329,0.43695056438446045,0.2574504613876343,-0.05922963097691536,0.7005064487457275,0.7399879097938538,0.18137778341770172,0.5184236168861389,0.6233028173446655,0.4435575306415558,0.2539066672325134,-0.04385514184832573,0.675089955329895,0.7359246015548706,0.1838746815919876,0.4932088553905487,0.5842360854148865,0.6327009797096252,0.4755394160747528,-0.08829807490110397,0.9999457597732544,0.6374897360801697,0.45556607842445374,0.08823724091053009,0.9998872876167297,0.6244180798530579,0.7044747471809387,-0.1262022852897644,0.8998115062713623,0.5430647730827332,0.5049281716346741,0.15033408999443054,0.5423838496208191,0.64118891954422,0.9218873381614685,-0.17090916633605957,0.9229134917259216,0.6142976880073547,0.5780452489852905,0.38261890411376953,0.5561261177062988,0.6534821391105652,0.960732102394104,-0.17531505227088928,0.9143953919410706,0.6291573643684387,0.5755141973495483,0.41092684864997864,0.6456164717674255,0.5930936932563782,0.9639906287193298,-0.25154146552085876,0.9125149846076965,0.5889604091644287,0.6426710486412048,0.44962507486343384,0.5806201696395874,167.5402806067786,30.0,160.08873654147231,134.49434166692583,-2816.1749663052574
203,6.766666666666667,0.6168587803840637,0.1029573380947113,0.08466564118862152,0.9934768676757812,0.6219800114631653,0.08608082681894302,0.06584419310092926,0.994190514087677,0.621135413646698,0.0856931209564209,0.06553947180509567,0.994369387626648,0.6200547814369202,0.08531469851732254,0.06562184542417526,0.995246410369873,0.6239728331565857,0.0867655798792839,0.08704397827386856,0.9962456226348877,0.6248806118965149,0.08706551790237427,0.0866861641407013,0.9970061182975769,0.6257762312889099,0.08745180070400238,0.08658350259065628,0.9974603056907654,0.6256664395332336,0.09162981063127518,0.0061970665119588375,0.9965415000915527,0.6352493762969971,0.09536068886518478,0.10967270284891129,0.9954436421394348,0.6170111894607544,0.11840400844812393,0.07021525502204895,0.9914986491203308,0.6177549958229065,0.11973635107278824,0.09670358151197433,0.9920681715011597,0.6201930642127991,0.1762414127588272,-0.10715030878782272,0.9997935891151428,0.650769829750061,0.1890026479959488,0.2004982978105545,0.9994680881500244,0.5980717539787292,0.22324402630329132,0.04000087454915047,0.6831679344177246,0.616057276725769,0.20505650341510773,0.37004777789115906,0.5933728814125061,0.5793377757072449,0.25714054703712463,0.29722434282302856,0.6651682257652283,0.6019957661628723,0.20108729600906372,0.5302572846412659,0.5603047609329224,0.5777645707130432,0.2692474126815796,0.31949636340141296,0.6659228205680847,0.6037368178367615,0.1920458823442459,0.5633668899536133,0.5685951709747314,0.5813916325569153,0.26521438360214233,0.3146888017654419,0.6650810241699219,0.6028612852096558,0.1881343424320221,0.5556858777999878,0.5636289715766907,0.5824728012084961,0.262749046087265,0.3038272261619568,0.636401891708374,0.6044178009033203,0.1896395981311798,0.528511643409729,0.5288618206977844,0.652712881565094,0.46946194767951965,-0.09948892891407013,0.9999193549156189,0.6269130706787109,0.4521504044532776,0.0992937982082367,0.9997949600219727,0.6483986973762512,0.7041397094726562,-0.16493219137191772,0.901542067527771,0.539052426815033,0.5149171352386475,0.27043887972831726,0.4931163787841797,0.656815230846405,0.92080157995224,-0.25869593024253845,0.9244840741157532,0.5321587324142456,0.5887100696563721,0.5331264138221741,0.5062160491943359,0.6655380725860596,0.9582297801971436,-0.269753098487854,0.9022009968757629,0.5442315936088562,0.6018442511558533,0.5606652498245239,0.5930615663528442,0.6089860796928406,0.9852100610733032,-0.38351407647132874,0.9148848056793213,0.4885892868041992,0.6358104348182678,0.5794192552566528,0.5323023796081543,170.62271046731394,30.0,164.22392309546478,-29.51510264940822,-3419.2525324320927
204,6.8,0.5923698544502258,0.11318827420473099,-0.028083598241209984,0.9941025972366333,0.5977213382720947,0.09562649577856064,-0.0477578230202198,0.9947355389595032,0.5989469289779663,0.09495601058006287,-0.0480046309530735,0.9948961138725281,0.5997057557106018,0.09430535137653351,-0.047836191952228546,0.9956926703453064,0.598737359046936,0.09610213339328766,-0.011562960222363472,0.9965890049934387,0.6004559397697449,0.09594356268644333,-0.011922203935682774,0.9972772002220154,0.6018978953361511,0.09574083983898163,-0.012039215303957462,0.9976906776428223,0.6122462153434753,0.09855648130178452,-0.09945444017648697,0.9968740344047546,0.6146886348724365,0.10093577951192856,0.022487252950668335,0.9958807826042175,0.6003536581993103,0.12831521034240723,-0.04239221289753914,0.9923334717750549,0.5998159646987915,0.12970533967018127,0.006978444755077362,0.9928339719772339,0.6584755778312683,0.18211151659488678,-0.15809252858161926,0.9998111724853516,0.6173595190048218,0.19525055587291718,0.08840446919202805,0.9995017051696777,0.6805514693260193,0.24505281448364258,-0.3511106073856354,0.6953278183937073,0.559653103351593,0.19840027391910553,0.242646262049675,0.5625221133232117,0.6871788501739502,0.27255406975746155,-0.5517852902412415,0.6908766627311707,0.5068848133087158,0.17469170689582825,0.3680311143398285,0.5896205306053162,0.6915769577026367,0.2879375219345093,-0.5946138501167297,0.6934176087379456,0.48848089575767517,0.17872150242328644,0.388947457075119,0.5939148664474487,0.690215528011322,0.2877351641654968,-0.6009615063667297,0.6929764151573181,0.4872530400753021,0.1732906848192215,0.36449214816093445,0.590372622013092,0.6852437257766724,0.2849835753440857,-0.558932900428772,0.6635910868644714,0.4950622022151947,0.17464011907577515,0.35844686627388,0.557634174823761,0.6704397797584534,0.46848180890083313,-0.07564345002174377,0.9998936057090759,0.62605881690979,0.4476349651813507,0.07542314380407333,0.9997704029083252,0.6611368656158447,0.7037789225578308,-0.1074465736746788,0.8940340876579285,0.5279631018638611,0.5561541318893433,0.2317391037940979,0.47127607464790344,0.6593278050422668,0.9144939184188843,-0.09612829983234406,0.9181342720985413,0.46261680126190186,0.595170259475708,0.4265657067298889,0.47173407673835754,0.6600217223167419,0.939340353012085,-0.09443182498216629,0.8790645599365234,0.4564755856990814,0.614331066608429,0.47583815455436707,0.5544403791427612,0.6373155117034912,0.9836751222610474,-0.24541087448596954,0.9092795252799988,0.4235825538635254,0.6625235676765442,0.3716985583305359,0.5041475296020508,168.7795210361613,30.0,158.12106303151177,-93.45582716188034,-3696.404021279909
205,6.833333333333333,0.5810819268226624,0.13991568982601166,-0.14336927235126495,0.9946752190589905,0.5833811163902283,0.12036490440368652,-0.15220461785793304,0.9952120184898376,0.5857764482498169,0.11737439781427383,-0.15247412025928497,0.9953609704971313,0.5880276560783386,0.11475692689418793,-0.15237362682819366,0.9960812926292419,0.5815761089324951,0.1236628070473671,-0.13068078458309174,0.9968844652175903,0.5825059413909912,0.1229284480214119,-0.13110271096229553,0.9975194334983826,0.5834150314331055,0.1221931204199791,-0.13130412995815277,0.9978876113891602,0.6052642464637756,0.10394314676523209,-0.1499936282634735,0.9971737861633301,0.60005122423172,0.11203332245349884,-0.03912283107638359,0.9962602257728577,0.5928627848625183,0.15033772587776184,-0.13732264935970306,0.9930813312530518,0.5910913944244385,0.15340855717658997,-0.10919933766126633,0.9935102462768555,0.6832342743873596,0.1812143176794052,-0.11849269270896912,0.9998263120651245,0.597339928150177,0.19795964658260345,-0.0016209373716264963,0.9995327591896057,0.7461479902267456,0.2309197634458542,-0.18796710669994354,0.7246852517127991,0.5101203918457031,0.2145719677209854,-0.030570602044463158,0.6054950952529907,0.8061726093292236,0.2699076235294342,-0.3012506663799286,0.7205182313919067,0.4266856908798218,0.185897096991539,-0.15069513022899628,0.6298932433128357,0.8270902037620544,0.2811262607574463,-0.32248347997665405,0.7216784358024597,0.4022686779499054,0.19070878624916077,-0.16842085123062134,0.6325795650482178,0.8257854580879211,0.28699448704719543,-0.34693190455436707,0.7215293049812317,0.3998013734817505,0.17700983583927155,-0.19612060487270355,0.6296190619468689,0.817032516002655,0.28512662649154663,-0.3142929673194885,0.6950471997261047,0.40987396240234375,0.18419772386550903,-0.16872641444206238,0.600273847579956,0.6821570992469788,0.4689846634864807,-0.03088201954960823,0.9999018311500549,0.6305526494979858,0.44554316997528076,0.03055284358561039,0.9997896552085876,0.6592773795127869,0.7039309740066528,-0.07738973945379257,0.9044955968856812,0.5545060634613037,0.598138153553009,0.018546856939792633,0.5239439606666565,0.6436968445777893,0.9105233550071716,0.03555019572377205,0.9262489676475525,0.46119406819343567,0.6049788594245911,0.20940867066383362,0.5240903496742249,0.6398587822914124,0.9342173933982849,0.03937162086367607,0.8904894590377808,0.45384517312049866,0.6057531237602234,0.22836437821388245,0.5964663624763489,0.6427852511405945,0.9821684956550598,-0.08925361186265945,0.9182102680206299,0.4109708368778229,0.6650328636169434,0.1598966419696808,0.5531870126724243,137.59997616518274,30.0,157.9935346180061,-275.94203740140216,-5879.700655477149
206,6.866666666666666,0.578510582447052,0.14928394556045532,-0.15592306852340698,0.9951875805854797,0.581027626991272,0.1288468986749649,-0.16523534059524536,0.9956403970718384,0.5832958221435547,0.12571224570274353,-0.1655169129371643,0.9957787394523621,0.5853898525238037,0.12295754253864288,-0.16542574763298035,0.9964324831962585,0.579707145690918,0.13181491196155548,-0.1433969885110855,0.9971433877944946,0.58094322681427,0.13082978129386902,-0.14381816983222961,0.9977304339408875,0.5821047425270081,0.12994442880153656,-0.14402084052562714,0.9980588555335999,0.6020528078079224,0.10859966278076172,-0.16503344476222992,0.997443675994873,0.5984359979629517,0.11750110238790512,-0.057713832706213,0.9965956211090088,0.5908346772193909,0.15767760574817657,-0.15074950456619263,0.9937566518783569,0.5892719626426697,0.16068805754184723,-0.12248536199331284,0.9941189885139465,0.68636155128479,0.18247677385807037,-0.12616091966629028,0.9998407959938049,0.5933445692062378,0.20012201368808746,-0.01841854676604271,0.9995603561401367,0.7492934465408325,0.22693170607089996,-0.2003701627254486,0.7509200572967529,0.5088624358177185,0.2208489179611206,-0.03657112270593643,0.6434367895126343,0.8100624084472656,0.26790210604667664,-0.3248518705368042,0.7472777366638184,0.42537370324134827,0.19321967661380768,-0.15274876356124878,0.6660001277923584,0.8308956027030945,0.27755090594291687,-0.3483119606971741,0.7472412586212158,0.4023546874523163,0.2013663500547409,-0.17113102972507477,0.6670324802398682,0.8300848603248596,0.28566697239875793,-0.37349674105644226,0.7473605871200562,0.39894595742225647,0.17893080413341522,-0.1994199901819229,0.6646337509155273,0.8212810158729553,0.28487709164619446,-0.33834588527679443,0.723388671875,0.4084238111972809,0.190900981426239,-0.17106862366199493,0.6383666396141052,0.6844655275344849,0.46912136673927307,-0.028015881776809692,0.9999060034751892,0.6330626606941223,0.4453018605709076,0.027675706893205643,0.9998011589050293,0.6568456888198853,0.7036096453666687,-0.07071321457624435,0.9136941432952881,0.560616135597229,0.6064360737800598,0.04242446646094322,0.5703651309013367,0.641720175743103,0.9099271893501282,0.04162352532148361,0.9333813786506653,0.4653809368610382,0.6092969179153442,0.2836340069770813,0.5685520768165588,0.6345781087875366,0.9330624341964722,0.045838695019483566,0.8994410037994385,0.4569181203842163,0.6053556799888611,0.3104093670845032,0.6272552609443665,0.6399792432785034,0.9818071126937866,-0.08247952908277512,0.9259613752365112,0.42298808693885803,0.6651903390884399,0.18509836494922638,0.594746470451355,131.55936351646181,30.0,139.72492720475162,-485.43587086035694,-974.741514421074
207,6.8999999999999995,0.579470694065094,0.164502814412117,-0.3145636022090912,0.9956610798835754,0.5795052647590637,0.14451400935649872,-0.32020053267478943,0.9960446357727051,0.5822170376777649,0.14013680815696716,-0.3205268681049347,0.9961751699447632,0.5849524736404419,0.13528726994991302,-0.32046040892601013,0.9967671632766724,0.5774508118629456,0.14848369359970093,-0.3115895688533783,0.9974038004875183,0.5783509016036987,0.14783546328544617,-0.3120100796222687,0.9979419112205505,0.5790062546730042,0.14718277752399445,-0.3122116029262543,0.9982315897941589,0.6027573347091675,0.11417655646800995,-0.2886446416378021,0.9976940155029297,0.5947726368904114,0.1336696445941925,-0.24535630643367767,0.9969079494476318,0.5932294726371765,0.16885018348693848,-0.296741783618927,0.9943698644638062,0.591281533241272,0.17371299862861633,-0.2859113812446594,0.9946814775466919,0.6916082501411438,0.17400288581848145,-0.1934337615966797,0.9998557567596436,0.5920311212539673,0.2133423238992691,-0.1971723884344101,0.9995929598808289,0.7738962173461914,0.22076569497585297,-0.20569559931755066,0.7756192088127136,0.5083504915237427,0.2492217719554901,-0.24297477304935455,0.6789700388908386,0.8484834432601929,0.25727131962776184,-0.2695401906967163,0.7722444534301758,0.42586156725883484,0.23456186056137085,-0.3808446526527405,0.6990863084793091,0.8686233162879944,0.2687497138977051,-0.27785778045654297,0.7716768980026245,0.40347716212272644,0.2483692616224289,-0.40651682019233704,0.6994748115539551,0.8700702786445618,0.27387934923171997,-0.31296905875205994,0.7719260454177856,0.4004616141319275,0.2340909242630005,-0.43337029218673706,0.6974126696586609,0.8617115616798401,0.2738795578479767,-0.2854345142841339,0.7503821849822998,0.4100552797317505,0.233608677983284,-0.39914461970329285,0.6737861037254333,0.6822422742843628,0.46251919865608215,0.012214702554047108,0.9999140501022339,0.6333969831466675,0.43839195370674133,-0.012465989217162132,0.9998180866241455,0.6499283313751221,0.6943686008453369,-0.0028082304634153843,0.9221724271774292,0.5838542580604553,0.6249488592147827,-0.10430321097373962,0.6132991909980774,0.6353043913841248,0.9029596447944641,0.09731702506542206,0.9399877190589905,0.4685494005680084,0.616915762424469,0.01903485506772995,0.6116468906402588,0.6165421009063721,0.9336625933647156,0.0991852730512619,0.9092344641685486,0.4542008638381958,0.6112203001976013,0.0306102242320776,0.6642277240753174,0.6374768614768982,0.9795252084732056,-0.028301525861024857,0.93328857421875,0.43041762709617615,0.6918958425521851,-0.048354651778936386,0.635221004486084,140.52127391376663,30.0,125.63114322731563,-340.92480502947376,5671.11426630928
208,6.933333333333334,0.5859826803207397,0.18425297737121582,-0.2786560356616974,0.996080219745636,0.5857247710227966,0.16426943242549896,-0.2791523039340973,0.9963662028312683,0.5883117914199829,0.15876054763793945,-0.2794356644153595,0.9964924454689026,0.5909715890884399,0.15304414927959442,-0.27936887741088867,0.9970371127128601,0.5824254751205444,0.16950903832912445,-0.2737272083759308,0.9976201057434082,0.5822262167930603,0.16921190917491913,-0.27416038513183594,0.9981189966201782,0.5817391276359558,0.1689201146364212,-0.2743779420852661,0.9983722567558289,0.6057056188583374,0.12712621688842773,-0.22559984028339386,0.9979003071784973,0.5923353433609009,0.1564493030309677,-0.1965571790933609,0.9971422553062439,0.5983101725578308,0.1854400336742401,-0.25156068801879883,0.9948875904083252,0.5956560969352722,0.19423671066761017,-0.24492907524108887,0.99512779712677,0.6842198967933655,0.16618719696998596,-0.13637541234493256,0.9998681545257568,0.597416341304779,0.23670987784862518,-0.15676432847976685,0.9996230602264404,0.7655715346336365,0.20443686842918396,-0.10072823613882065,0.7974039912223816,0.5306971073150635,0.2842404544353485,-0.17632858455181122,0.710879921913147,0.8530673384666443,0.23116160929203033,-0.16370326280593872,0.794090211391449,0.4650915861129761,0.2862167954444885,-0.2821086347103119,0.7289011478424072,0.8741592764854431,0.23914645612239838,-0.15606442093849182,0.7924795746803284,0.4475557208061218,0.29427650570869446,-0.30245235562324524,0.7288629412651062,0.8771411776542664,0.24443356692790985,-0.21041454374790192,0.7931185364723206,0.44456973671913147,0.2862853705883026,-0.33105891942977905,0.7270967960357666,0.8696151375770569,0.24658027291297913,-0.19129610061645508,0.7739667892456055,0.4517572522163391,0.28547558188438416,-0.2990370988845825,0.7058285474777222,0.6694594025611877,0.460447758436203,0.026884227991104126,0.9999209046363831,0.6307228207588196,0.4400990307331085,-0.02716999500989914,0.9998334050178528,0.6458356976509094,0.673515796661377,-0.01319368276745081,0.9295886754989624,0.6288082003593445,0.6444123387336731,-0.19237123429775238,0.6519371271133423,0.6095761060714722,0.8929158449172974,0.031058868393301964,0.9459069967269897,0.5051279067993164,0.6425874829292297,-0.12138256430625916,0.6503790616989136,0.5844389200210571,0.9324918389320374,0.02911151573061943,0.9180681705474854,0.48368263244628906,0.6150956153869629,-0.11406473070383072,0.6972251534461975,0.6401607990264893,0.9745059609413147,-0.08302698284387589,0.9398452043533325,0.4764557480812073,0.7227645516395569,-0.18214891850948334,0.6715990304946899,128.59584418270683,30.0,116.99660686945337,-107.3615864397383,6322.746420772529
209,6.966666666666667,0.5887131094932556,0.19537152349948883,-0.1806943267583847,0.9964704513549805,0.5913341641426086,0.17217229306697845,-0.20145876705646515,0.9967247247695923,0.5931607484817505,0.16662085056304932,-0.20174796879291534,0.9968389272689819,0.5948982834815979,0.16099126636981964,-0.20151382684707642,0.9973307251930237,0.5892511606216431,0.17980754375457764,-0.1821473389863968,0.9978545308113098,0.589166522026062,0.18022863566875458,-0.18255801498889923,0.9983035922050476,0.5887153744697571,0.18106229603290558,-0.1827380210161209,0.998530387878418,0.6061598062515259,0.1405295580625534,-0.10188788920640945,0.9981088042259216,0.5962483286857605,0.17110273241996765,-0.11690905690193176,0.9974143505096436,0.6029021143913269,0.1951662302017212,-0.21172358095645905,0.9953938126564026,0.5971391797065735,0.20715785026550293,-0.16579382121562958,0.9955997467041016,0.675058126449585,0.16217081248760223,0.000266144925262779,0.9998809695243835,0.6013481020927429,0.2587529420852661,-0.1208362728357315,0.999638557434082,0.7534791231155396,0.19221319258213043,0.01466673705726862,0.8168505430221558,0.5576703548431396,0.3191395699977875,-0.15131635963916779,0.7364871501922607,0.8296250700950623,0.20374241471290588,-0.06083493307232857,0.814301609992981,0.5208588242530823,0.3379404842853546,-0.14230939745903015,0.7508755326271057,0.8494688272476196,0.2185433954000473,-0.06714347749948502,0.8124306797981262,0.5047317743301392,0.345589280128479,-0.14718417823314667,0.7478823065757751,0.8527317047119141,0.2217121571302414,-0.09780757874250412,0.8131362199783325,0.503354012966156,0.33900871872901917,-0.16028253734111786,0.7472922801971436,0.8448121547698975,0.21926648914813995,-0.07511817663908005,0.7959174513816833,0.5103143453598022,0.3357076346874237,-0.1497928351163864,0.7280790209770203,0.6474813222885132,0.4517432749271393,0.026934172958135605,0.999926745891571,0.630348265171051,0.44085630774497986,-0.027220573276281357,0.9998420476913452,0.6302995085716248,0.6676622033119202,-0.006444836966693401,0.9349594116210938,0.6675568222999573,0.6399791240692139,-0.13887901604175568,0.686306357383728,0.5867451429367065,0.884489119052887,0.015185869298875332,0.9508592486381531,0.5600483417510986,0.6706525087356567,-0.007038668729364872,0.682536244392395,0.5638154149055481,0.9227724075317383,3.767628004425205e-05,0.9249361157417297,0.5338966846466064,0.6555861830711365,0.008188510313630104,0.7194606065750122,0.6321383714675903,0.9656485319137573,-0.09599082916975021,0.9452105760574341,0.5531654357910156,0.7486072182655334,-0.005008312873542309,0.7020901441574097,136.445431298496,30.0,118.47370413133308,80.59162302202814,3788.7751508174542
210,7.0,0.6229239106178284,0.19383470714092255,-0.08171643316745758,0.996822714805603,0.6175679564476013,0.17401008307933807,-0.06787877529859543,0.997051477432251,0.6187435984611511,0.16830778121948242,-0.06817648559808731,0.9971541166305542,0.6198899745941162,0.16305053234100342,-0.06815535575151443,0.9975972175598145,0.612687349319458,0.18607600033283234,-0.07645486295223236,0.9980684518814087,0.6103261709213257,0.18874256312847137,-0.07670890539884567,0.9984723925590515,0.6078778505325317,0.19153034687042236,-0.07680293172597885,0.9986764192581177,0.6234981417655945,0.15408311784267426,0.017536988481879234,0.9982975125312805,0.6047964692115784,0.18863725662231445,-0.020496193319559097,0.9976681470870972,0.6305002570152283,0.19077351689338684,-0.048717208206653595,0.9958516955375671,0.6241210103034973,0.20511242747306824,-0.05911433696746826,0.9960320591926575,0.6687576174736023,0.16174602508544922,0.12113252282142639,0.9998923540115356,0.6122286319732666,0.26781436800956726,-0.019613219425082207,0.999636709690094,0.7240296602249146,0.17749768495559692,0.17847101390361786,0.8206536769866943,0.6307662725448608,0.3944348692893982,-0.0785466730594635,0.7505189776420593,0.7818982601165771,0.18060486018657684,0.1498865783214569,0.8315324783325195,0.6335397958755493,0.34111547470092773,-0.10164617002010345,0.7683099508285522,0.798529326915741,0.19005128741264343,0.1542368084192276,0.8292469382286072,0.6337200403213501,0.3254193961620331,-0.13602884113788605,0.7643571496009827,0.8002528548240662,0.1925169825553894,0.13314445316791534,0.8300247192382812,0.6318957209587097,0.3149765431880951,-0.10603977739810944,0.7643359303474426,0.7932273149490356,0.1924895942211151,0.14192594587802887,0.814257800579071,0.6321744918823242,0.3173844516277313,-0.09131576120853424,0.7442092895507812,0.6275437474250793,0.4494217038154602,0.04431028664112091,0.9999278783798218,0.6295891404151917,0.45075252652168274,-0.04469243064522743,0.9998273253440857,0.6113232970237732,0.6695963144302368,0.01312562171369791,0.9350519180297852,0.6846907734870911,0.6338732838630676,-0.10803650319576263,0.7144473791122437,0.5685727000236511,0.8791536688804626,0.005201607942581177,0.9546388983726501,0.628324568271637,0.6747584342956543,0.03368570655584335,0.7073739171028137,0.5492362976074219,0.921080470085144,-0.003605006728321314,0.9304905533790588,0.6078273057937622,0.6638675928115845,0.05072913318872452,0.7347440719604492,0.6145440936088562,0.9549053907394409,-0.060164354741573334,0.9492205381393433,0.6349080204963684,0.7554633617401123,0.06419727206230164,0.7259566783905029,49.355889952583894,30.0,122.36938173758858,145.22342361475864,2193.6764238265487
211,7.033333333333333,0.6664012670516968,0.22651244699954987,0.25642281770706177,0.9939190745353699,0.6625329256057739,0.21141982078552246,0.2581048309803009,0.9946222901344299,0.6611301302909851,0.20865516364574432,0.2579003572463989,0.9937586188316345,0.6597064733505249,0.2063312977552414,0.25793465971946716,0.9954223036766052,0.6630697846412659,0.21640579402446747,0.23570115864276886,0.9968422651290894,0.6623008847236633,0.21695609390735626,0.23541702330112457,0.9974875450134277,0.6616569757461548,0.2176368683576584,0.23526443541049957,0.9981995224952698,0.6491876840591431,0.19800616800785065,0.24413838982582092,0.9959012269973755,0.6535035371780396,0.21387524902820587,0.143161803483963,0.9957463145256042,0.6615980863571167,0.2294868528842926,0.25720542669296265,0.9900731444358826,0.6626023650169373,0.23478452861309052,0.22597089409828186,0.991802453994751,0.6114169359207153,0.2114601731300354,0.24165078997612,0.9998672604560852,0.6510975360870361,0.27529624104499817,0.0504794605076313,0.9996573328971863,0.6108229160308838,0.29816287755966187,0.3467472791671753,0.7417603135108948,0.6906289458274841,0.35048699378967285,-0.06294646859169006,0.767914354801178,0.6295715570449829,0.3774262070655823,0.4339013993740082,0.7497530579566956,0.750526487827301,0.3963298797607422,-0.0869031772017479,0.7762026190757751,0.6298452019691467,0.39050179719924927,0.4605083763599396,0.7478514909744263,0.7681122422218323,0.4208192527294159,-0.10383792221546173,0.7652690410614014,0.6338304877281189,0.3995850384235382,0.4431241452693939,0.7484932541847229,0.7699679136276245,0.4118688106536865,-0.08163569122552872,0.7620661854743958,0.6429921984672546,0.39431893825531006,0.43108198046684265,0.7341803312301636,0.7636906504631042,0.4047757685184479,-0.07344381511211395,0.7274531722068787,0.5886105895042419,0.45111319422721863,0.04579050838947296,0.9999311566352844,0.6316204071044922,0.4533163905143738,-0.046241771429777145,0.9998406767845154,0.5817272663116455,0.6723611950874329,0.009058781899511814,0.9294895529747009,0.6826484203338623,0.6278370022773743,-0.06973086297512054,0.7112682461738586,0.5599468350410461,0.8811400532722473,-0.12738513946533203,0.9439802169799805,0.7122194766998291,0.6763054728507996,-0.07742036879062653,0.7054235339164734,0.5533498525619507,0.9191630482673645,-0.13958710432052612,0.9257848262786865,0.7085129618644714,0.6905023455619812,-0.07856143265962601,0.7389887571334839,0.5759512186050415,0.9469630122184753,-0.1868019998073578,0.9162672758102417,0.7497303485870361,0.7436165809631348,-0.10663772374391556,0.6916219592094421,139.53257328823784,30.0,128.15526570565032,226.83671794379805,2357.6969728625286
212,7.066666666666666,0.6812145113945007,0.22848699986934662,0.23033127188682556,0.9903563261032104,0.6801594495773315,0.2134852409362793,0.22179311513900757,0.9926413893699646,0.6787908673286438,0.21023961901664734,0.22159719467163086,0.9915212988853455,0.6774522066116333,0.2073667347431183,0.22160767018795013,0.9935950636863708,0.6814164519309998,0.21784545481204987,0.20742203295230865,0.996143639087677,0.6810799241065979,0.21771028637886047,0.20712874829769135,0.9970195889472961,0.6808984875679016,0.2179214358329773,0.20695511996746063,0.9979420900344849,0.6644365191459656,0.19789619743824005,0.17426541447639465,0.995175302028656,0.6699631214141846,0.21451464295387268,0.10881499946117401,0.9953782558441162,0.671412467956543,0.22884467244148254,0.22019164264202118,0.9868314266204834,0.6744614243507385,0.2347152680158615,0.19898031651973724,0.9897603392601013,0.6091615557670593,0.2044307142496109,0.13180766999721527,0.9998593926429749,0.6642577052116394,0.2887306213378906,0.06440827250480652,0.9996747970581055,0.5941603779792786,0.21472959220409393,0.23267802596092224,0.716499924659729,0.7229642271995544,0.354383647441864,0.022763358429074287,0.7888730764389038,0.6180136203765869,0.19161488115787506,0.3475237786769867,0.6878552436828613,0.8035582304000854,0.40587693452835083,0.004739327356219292,0.796273410320282,0.61417156457901,0.17910225689411163,0.3634999394416809,0.6863307952880859,0.8215678334236145,0.4308478534221649,-0.01445765607059002,0.7858779430389404,0.6189637780189514,0.18168270587921143,0.35460907220840454,0.6857137084007263,0.8259570598602295,0.42220550775527954,-0.003079808782786131,0.782704770565033,0.6240608096122742,0.1904975175857544,0.348390132188797,0.6707258224487305,0.818023145198822,0.4133458733558655,0.009872608818113804,0.7467885613441467,0.5782909989356995,0.4569041132926941,0.01399925071746111,0.9999366402626038,0.6315411925315857,0.46016114950180054,-0.014326983131468296,0.9998548030853271,0.5725062489509583,0.6877527832984924,0.004036883823573589,0.9350965619087219,0.6865259408950806,0.6289225220680237,0.01861494593322277,0.7361416816711426,0.5666037201881409,0.882756769657135,0.010008272714912891,0.9482120275497437,0.7493051886558533,0.6753429174423218,0.12678806483745575,0.729600727558136,0.5656920671463013,0.9157534837722778,0.012332415208220482,0.9315025806427002,0.7503272891044617,0.6790820360183716,0.14173389971256256,0.7626213431358337,0.5634263157844543,0.949007511138916,-0.02198062464594841,0.9172042608261108,0.78730309009552,0.7369394898414612,0.14979204535484314,0.7035890221595764,159.18636197199163,30.0,137.49182960050845,302.4032218055939,678.6687435767494
213,7.1,0.6792408227920532,0.21760928630828857,0.29252246022224426,0.9908682703971863,0.6817252039909363,0.19642877578735352,0.274732768535614,0.9931952357292175,0.6801312565803528,0.19257383048534393,0.2744912803173065,0.9921970963478088,0.6783755421638489,0.18943427503108978,0.27444109320640564,0.9940747022628784,0.6850939393043518,0.20099084079265594,0.27090975642204285,0.9964267015457153,0.6858308911323547,0.20076467096805573,0.27064988017082214,0.9972496628761292,0.6864866018295288,0.2011907994747162,0.27048367261886597,0.9980936646461487,0.6700908541679382,0.18872042000293732,0.18577389419078827,0.9956070184707642,0.6800209283828735,0.20437638461589813,0.1658073216676712,0.9957505464553833,0.6692720651626587,0.22595874965190887,0.26664504408836365,0.9876799583435059,0.6737491488456726,0.2324254959821701,0.2587718069553375,0.9904188513755798,0.6015093922615051,0.18627575039863586,0.08873672038316727,0.9998711347579956,0.6774208545684814,0.2951755225658417,0.11742953211069107,0.9997013807296753,0.5516307950019836,0.16023534536361694,0.18642465770244598,0.743162214756012,0.7482750415802002,0.36529895663261414,0.0652724951505661,0.809520959854126,0.5236024260520935,0.14186131954193115,0.35904204845428467,0.7051084637641907,0.8255853652954102,0.4100521206855774,0.011560088023543358,0.816196620464325,0.515655517578125,0.1394280046224594,0.3768543004989624,0.6986014246940613,0.8459838628768921,0.43352043628692627,-0.009376227855682373,0.8067517876625061,0.5164327025413513,0.1395752876996994,0.37708988785743713,0.6961154341697693,0.8486140966415405,0.4251299202442169,0.0005036239163018763,0.803860068321228,0.5220189690589905,0.14501024782657623,0.36624008417129517,0.6757826805114746,0.8422642946243286,0.4154389500617981,0.014104766771197319,0.7706829309463501,0.577161967754364,0.45874589681625366,-0.022661682218313217,0.9999427199363708,0.6279023289680481,0.4609251618385315,0.022479206323623657,0.9998688101768494,0.5720381140708923,0.6949633359909058,0.020077722147107124,0.9414926171302795,0.668717622756958,0.6281231641769409,0.036878928542137146,0.7621376514434814,0.5741183161735535,0.8863430023193359,0.024184541776776314,0.9531998038291931,0.7609851956367493,0.6577253341674805,0.05742456391453743,0.755825936794281,0.5751646757125854,0.9158878326416016,0.025748809799551964,0.9381657838821411,0.7745273113250732,0.6433462500572205,0.06293358653783798,0.7861047387123108,0.5634883046150208,0.9601031541824341,-0.01609557680785656,0.9240313172340393,0.8008078336715698,0.7098304033279419,0.05497310310602188,0.73016357421875,166.80414051834285,30.0,148.31548049268991,272.0813008489147,-2311.6942561155083
214,7.133333333333333,0.6857712864875793,0.18369482457637787,-0.3000281751155853,0.9917806386947632,0.6921951770782471,0.19381800293922424,-0.2984199523925781,0.9938737750053406,0.6917991638183594,0.18534010648727417,-0.29880157113075256,0.9929760694503784,0.6913937926292419,0.18215884268283844,-0.29885193705558777,0.9946659803390503,0.6927861571311951,0.1923268437385559,-0.2926599085330963,0.9967821836471558,0.6927955746650696,0.19430425763130188,-0.29295071959495544,0.9975234270095825,0.6927235722541809,0.1962558925151825,-0.29302409291267395,0.9982828497886658,0.6859517693519592,0.190490260720253,-0.26193201541900635,0.9960458874702454,0.6858362555503845,0.19556555151939392,-0.23360763490200043,0.996173620223999,0.675126314163208,0.211866557598114,-0.28254491090774536,0.9889107346534729,0.6755646467208862,0.20414212346076965,-0.27647238969802856,0.9913756251335144,0.6653347611427307,0.2855532467365265,-0.2420409470796585,0.9998834133148193,0.6137169599533081,0.20384098589420319,-0.12752966582775116,0.9997301697731018,0.7265738844871521,0.3517851233482361,-0.24397853016853333,0.7688108682632446,0.5392434000968933,0.17535045742988586,-0.14025811851024628,0.8264061808586121,0.7934375405311584,0.39577293395996094,-0.3181747794151306,0.7344743609428406,0.4780713617801666,0.16219462454319,-0.21021944284439087,0.8329264521598816,0.8124279379844666,0.412065327167511,-0.33932986855506897,0.7283822298049927,0.45703381299972534,0.1564304530620575,-0.22076980769634247,0.8231195211410522,0.8165033459663391,0.40752872824668884,-0.3686524033546448,0.7261731028556824,0.456033855676651,0.15813350677490234,-0.2574714124202728,0.820948600769043,0.8072655200958252,0.4022013247013092,-0.33351022005081177,0.7078461647033691,0.4645203649997711,0.16508512198925018,-0.23086924850940704,0.7914977669715881,0.5940478444099426,0.4676625430583954,-0.044296443462371826,0.9999482035636902,0.5888309478759766,0.4678642153739929,0.04413442313671112,0.9998818039894104,0.6234721541404724,0.6466355323791504,-0.012211015447974205,0.9473157525062561,0.5990718603134155,0.6784186959266663,0.07057619839906693,0.7854083776473999,0.7479514479637146,0.6459192633628845,0.14742979407310486,0.9577279090881348,0.6210225820541382,0.9016848802566528,0.08625055104494095,0.7800667881965637,0.7614229321479797,0.6227585673332214,0.16268321871757507,0.9440452456474304,0.6470315456390381,0.9386317133903503,0.07378271222114563,0.8068323135375977,0.7902594804763794,0.6966120004653931,0.1511375904083252,0.9314910769462585,0.583665668964386,0.962110161781311,0.03099777363240719,0.7569364905357361,140.17976810747209,30.0,155.6305829904361,148.29027139789332,-6260.974322228153
215,7.166666666666667,0.6778026223182678,0.21087196469306946,0.1627121865749359,0.992592990398407,0.6818374991416931,0.2030840665102005,0.13825295865535736,0.9944806098937988,0.6805900931358337,0.1970897912979126,0.13799357414245605,0.9936742186546326,0.679314911365509,0.19244420528411865,0.13807977735996246,0.9951940178871155,0.6850141286849976,0.21099576354026794,0.13758669793605804,0.9971001148223877,0.6859897375106812,0.2135414034128189,0.13740511238574982,0.9977685213088989,0.6870118379592896,0.21626925468444824,0.13736534118652344,0.9984518885612488,0.6737126111984253,0.19184568524360657,0.0408051572740078,0.9964389801025391,0.6845799684524536,0.2216901183128357,0.03902670368552208,0.9965532422065735,0.668681800365448,0.2190677374601364,0.13733796775341034,0.9900026321411133,0.6719879508018494,0.22537679970264435,0.1340254843235016,0.9922259449958801,0.6138343811035156,0.25422191619873047,-0.09303534775972366,0.999894917011261,0.6545037031173706,0.2927815020084381,0.07697847485542297,0.9997533559799194,0.5209959149360657,0.21654994785785675,-0.1528148055076599,0.7919044494628906,0.6734451055526733,0.35044166445732117,0.16584046185016632,0.8430283069610596,0.44510504603385925,0.20173034071922302,-0.19132567942142487,0.7609077095985413,0.71614670753479,0.3932875394821167,0.2694844603538513,0.8482429385185242,0.42292752861976624,0.20545122027397156,-0.21980293095111847,0.7552878260612488,0.7257641553878784,0.41176164150238037,0.2812489867210388,0.8389633297920227,0.42087259888648987,0.19723863899707794,-0.20393867790699005,0.7532750964164734,0.7267593145370483,0.40457549691200256,0.2722949981689453,0.8368281126022339,0.4302162826061249,0.19977980852127075,-0.18372842669487,0.7364078164100647,0.7224660515785217,0.3987126350402832,0.2688071131706238,0.8085299730300903,0.5824087858200073,0.4913797974586487,-0.08004048466682434,0.9999532103538513,0.6003189086914062,0.48021742701530457,0.07998073101043701,0.9998928308486938,0.6068611741065979,0.6839531064033508,-0.0632328912615776,0.9525672793388367,0.5950031876564026,0.6139959096908569,0.25333189964294434,0.7975733280181885,0.6955626606941223,0.868588387966156,-0.03574363514780998,0.9619119167327881,0.6629283428192139,0.6131346821784973,0.4431329369544983,0.794728696346283,0.6804395914077759,0.9078856706619263,-0.03342568501830101,0.9495453238487244,0.6787779927253723,0.6110703349113464,0.46464046835899353,0.8241816759109497,0.5896883010864258,0.8992180824279785,-0.13091425597667694,0.9382684826850891,0.6704272627830505,0.6356566548347473,0.44838207960128784,0.7746178507804871,165.2695924443358,30.0,158.2014985858828,-145.31698729962883,-6453.553468428491
216,7.2,0.6772116422653198,0.20941029489040375,0.12183917313814163,0.993329644203186,0.6817127466201782,0.19790036976337433,0.09959258884191513,0.9950302243232727,0.6803078055381775,0.19323696196079254,0.09932976216077805,0.9943050742149353,0.6787594556808472,0.18909381330013275,0.09940023720264435,0.9956722855567932,0.6853797435760498,0.2078658491373062,0.09788236767053604,0.9973884224891663,0.6867459416389465,0.21152423322200775,0.09768310934305191,0.997990608215332,0.6881181001663208,0.21543709933757782,0.0976155623793602,0.9986054301261902,0.6725142002105713,0.18838021159172058,0.017686370760202408,0.9967941045761108,0.6860427856445312,0.22323442995548248,0.01231007557362318,0.996896505355835,0.6675819158554077,0.21497926115989685,0.09971145540475845,0.9909948110580444,0.6719736456871033,0.22443200647830963,0.09514497965574265,0.9929974675178528,0.6073170304298401,0.22592639923095703,-0.11625181883573532,0.9999052882194519,0.6623355746269226,0.3068082332611084,0.04130905121564865,0.9997760057449341,0.5142375230789185,0.19153639674186707,-0.19348518550395966,0.8126426935195923,0.6876534223556519,0.3727267384529114,0.08687090128660202,0.8583672642707825,0.43760451674461365,0.17839838564395905,-0.2487461417913437,0.7845404148101807,0.7294596433639526,0.4146428406238556,0.14026693999767303,0.8627814650535583,0.415046364068985,0.18129149079322815,-0.28326818346977234,0.7792652249336243,0.738001823425293,0.4341164827346802,0.14290854334831238,0.8542888164520264,0.4131558835506439,0.1741320639848709,-0.26840531826019287,0.7774359583854675,0.7396293878555298,0.42571374773979187,0.13244904577732086,0.852306604385376,0.4224572777748108,0.17681334912776947,-0.24251341819763184,0.761670708656311,0.7352847456932068,0.41855886578559875,0.13775844871997833,0.8259738683700562,0.5781582593917847,0.4971109926700592,-0.088533416390419,0.9999577403068542,0.6036885976791382,0.48673275113105774,0.08848419040441513,0.9999030232429504,0.59969562292099,0.6904784440994263,-0.07104753702878952,0.9572839736938477,0.5980550050735474,0.6044463515281677,0.27890485525131226,0.8079475164413452,0.6674758791923523,0.8955029249191284,-0.059202175587415695,0.96567302942276,0.6773592233657837,0.6003714203834534,0.4618130326271057,0.8100588321685791,0.6527298092842102,0.9330400824546814,-0.05906769260764122,0.9544965028762817,0.6890882253646851,0.594468355178833,0.48284855484962463,0.8404363393783569,0.576085090637207,0.9340651631355286,-0.1608738899230957,0.9443630576133728,0.6855229139328003,0.6289313435554504,0.4636031687259674,0.7924312353134155,158.99075842649242,30.0,145.9427838371275,-281.9466264973394,-307.82583326510036
217,7.233333333333333,0.652236819267273,0.19433408975601196,0.17354319989681244,0.9939877390861511,0.6584036946296692,0.19066283106803894,0.1559349000453949,0.9955220222473145,0.6570273041725159,0.18918290734291077,0.15574394166469574,0.9948690533638,0.6554405093193054,0.18801914155483246,0.15579304099082947,0.9961007237434387,0.6619659662246704,0.19808708131313324,0.17356613278388977,0.9976454973220825,0.6632461547851562,0.20352403819561005,0.17337848246097565,0.9981877207756042,0.6644178628921509,0.21019190549850464,0.17334681749343872,0.998742401599884,0.6498420834541321,0.184989795088768,0.08840478211641312,0.997111976146698,0.6609674692153931,0.21700316667556763,0.16874247789382935,0.9972013235092163,0.6422645449638367,0.20167917013168335,0.15498368442058563,0.9918748736381531,0.6459603905677795,0.20903132855892181,0.1759195327758789,0.9936778545379639,0.6071320176124573,0.2181963175535202,-0.06145774573087692,0.9999144077301025,0.6384465098381042,0.3002391457557678,0.2228541225194931,0.9997650384902954,0.5310809016227722,0.20009171962738037,-0.10183985531330109,0.8310837745666504,0.618707537651062,0.38341331481933594,0.2550800144672394,0.7748653888702393,0.46417856216430664,0.19879283010959625,-0.079045370221138,0.8053117394447327,0.611919641494751,0.4701874852180481,0.21404697000980377,0.7785127758979797,0.4416181147098541,0.20393916964530945,-0.13096952438354492,0.8000204563140869,0.6200350522994995,0.5068705677986145,0.21053330600261688,0.7721149921417236,0.44088369607925415,0.19987447559833527,-0.07404398173093796,0.798108696937561,0.6146160364151001,0.5009410977363586,0.19480428099632263,0.7702168226242065,0.44887223839759827,0.2012300044298172,-0.056368160992860794,0.7819265723228455,0.6120761632919312,0.48593008518218994,0.2052304893732071,0.7466043829917908,0.5865586996078491,0.49246644973754883,-0.08280671387910843,0.9999618530273438,0.5847591161727905,0.4892326593399048,0.08271612226963043,0.9999120235443115,0.5998104810714722,0.697096049785614,-0.06898262351751328,0.9613660573959351,0.5258795619010925,0.6227611899375916,0.12124224752187729,0.8004515171051025,0.6537742614746094,0.9086217284202576,-0.03310110419988632,0.9682682156562805,0.6032115817070007,0.5708729028701782,0.3127174973487854,0.7472583055496216,0.6437953114509583,0.9461410045623779,-0.03520617261528969,0.9543713927268982,0.6174942851066589,0.5639579892158508,0.33790236711502075,0.80877286195755,0.5698671340942383,0.9629887342453003,-0.11565005779266357,0.9477981925010681,0.6059585213661194,0.5560715198516846,0.3441880941390991,0.7450549006462097,133.300285834937,30.0,139.4050568193935,-165.8387095173022,3174.3497358472305
218,7.266666666666667,0.5894559025764465,0.1907365769147873,0.11384790390729904,0.9945839047431946,0.5998402833938599,0.18402765691280365,0.09856081753969193,0.995965838432312,0.6013892292976379,0.1841869354248047,0.09834485501050949,0.9953776001930237,0.6025771498680115,0.18491467833518982,0.09842011332511902,0.9964865446090698,0.5986633896827698,0.18645310401916504,0.12278292328119278,0.9978779554367065,0.5992395877838135,0.18850989639759064,0.12257005274295807,0.998366117477417,0.5995737314224243,0.19055452942848206,0.12250146269798279,0.9988662600517273,0.6091538667678833,0.18338842689990997,0.05177854374051094,0.997397780418396,0.6056226491928101,0.1963815838098526,0.17193429172039032,0.9974770545959473,0.5907533168792725,0.20040559768676758,0.10202868282794952,0.9926800727844238,0.5882322788238525,0.2037506252527237,0.13261495530605316,0.9943028688430786,0.6068288087844849,0.21602261066436768,-0.05955316498875618,0.9999225735664368,0.5917347073554993,0.2903178334236145,0.22435912489891052,0.9997789263725281,0.5609283447265625,0.20557934045791626,-0.1853773444890976,0.8477348685264587,0.5514470934867859,0.3713725805282593,0.22667379677295685,0.7522602081298828,0.5059806108474731,0.21988877654075623,-0.28845545649528503,0.8245849609375,0.5208052396774292,0.4369388818740845,0.11367110908031464,0.7896034121513367,0.4936116933822632,0.23100848495960236,-0.33361518383026123,0.8197483420372009,0.5122659802436829,0.46318548917770386,0.1006120964884758,0.78363436460495,0.49123382568359375,0.22990819811820984,-0.32356345653533936,0.8179935812950134,0.5097297430038452,0.4615486264228821,0.08995654433965683,0.7824273705482483,0.49629777669906616,0.2274470031261444,-0.28418484330177307,0.8030139207839966,0.513872504234314,0.45503291487693787,0.10184509307146072,0.7588046193122864,0.5940035581588745,0.4897771179676056,-0.0779661312699318,0.9999651908874512,0.5681455135345459,0.48545679450035095,0.07771679013967514,0.9999189972877502,0.5999852418899536,0.6990707516670227,-0.08593162894248962,0.9649178981781006,0.4967164397239685,0.6289336085319519,0.09607508033514023,0.8013143539428711,0.616985023021698,0.9045440554618835,-0.030849747359752655,0.9702823758125305,0.5418309569358826,0.5542237162590027,0.38838130235671997,0.6943603157997131,0.615148663520813,0.9349948167800903,-0.029316099360585213,0.9465147256851196,0.5552592873573303,0.5640475749969482,0.4225528836250305,0.7704815864562988,0.5753965973854065,0.9665563702583313,-0.11308323591947556,0.9507107138633728,0.5358035564422607,0.5567766427993774,0.4479331970214844,0.7056261897087097,121.16237025816832,30.0,134.88686986930736,-70.32331077419073,1674.8910450700926
219,7.3,0.5389087200164795,0.21013693511486053,0.03234989196062088,0.9909215569496155,0.5421909093856812,0.19649122655391693,0.013178053312003613,0.9910375475883484,0.5439844727516174,0.19483201205730438,0.012953297235071659,0.9891061186790466,0.5455555319786072,0.1935279816389084,0.012971099466085434,0.9919788837432861,0.5411628484725952,0.19793759286403656,0.044449497014284134,0.995002031326294,0.5419929027557373,0.19789408147335052,0.04416728392243385,0.9956681728363037,0.5426652431488037,0.19791623950004578,0.043967053294181824,0.9975518584251404,0.5587217807769775,0.18773628771305084,-0.040215782821178436,0.9948976039886475,0.5539875626564026,0.19695594906806946,0.09054771810770035,0.9958236813545227,0.5452467203140259,0.21657170355319977,0.01751815341413021,0.9914438128471375,0.5434214472770691,0.21869024634361267,0.060286976397037506,0.9930492043495178,0.606359601020813,0.22347018122673035,-0.10382076352834702,0.9999169111251831,0.5518154501914978,0.2937493920326233,0.12414263188838959,0.9997727274894714,0.5743415951728821,0.20698949694633484,-0.2674527168273926,0.7956262826919556,0.5027217268943787,0.3843373954296112,0.13736186921596527,0.6991251111030579,0.5394688844680786,0.21054768562316895,-0.4077779948711395,0.7621906995773315,0.4536430537700653,0.4509739875793457,0.014347012154757977,0.7592582702636719,0.5266823172569275,0.2262815535068512,-0.45172590017318726,0.7649675011634827,0.43849533796310425,0.4706331491470337,-0.005537543911486864,0.7482886910438538,0.5198290944099426,0.21754276752471924,-0.45046380162239075,0.7632237672805786,0.43609949946403503,0.4696543514728546,-0.03795764595270157,0.7503133416175842,0.5280293226242065,0.2175542563199997,-0.4099022150039673,0.7415410876274109,0.4429062306880951,0.46313777565956116,-0.004628457129001617,0.7270789742469788,0.6040899753570557,0.49388387799263,-0.06808862090110779,0.9999670386314392,0.5615556240081787,0.48765960335731506,0.06801426410675049,0.9999247789382935,0.5971004366874695,0.7105012536048889,-0.0708003118634224,0.9582458734512329,0.4899240732192993,0.6497670412063599,0.029284916818141937,0.769538164138794,0.5876856446266174,0.9005241394042969,0.04384680092334747,0.9596215486526489,0.4703671336174011,0.5703967213630676,0.3261529207229614,0.6332497596740723,0.5825843811035156,0.9273461103439331,0.052003782242536545,0.8830105662345886,0.4718122184276581,0.5562551617622375,0.35761186480522156,0.7026786208152771,0.5690721273422241,0.9699025750160217,-0.03305358067154884,0.926272988319397,0.45104074478149414,0.5783681869506836,0.3641546368598938,0.6450990438461304,116.28246532219787,30.0,134.71683610111413,-54.17930651262935,585.9537426133834
220,7.333333333333333,0.4959278404712677,0.22647897899150848,-0.09110070019960403,0.9917908310890198,0.49627572298049927,0.20845039188861847,-0.09801964461803436,0.9918257594108582,0.498386025428772,0.20596222579479218,-0.0982247143983841,0.9901093244552612,0.5002081990242004,0.20356763899326324,-0.09818451851606369,0.9926948547363281,0.4956117868423462,0.20988447964191437,-0.09260986745357513,0.9954603910446167,0.49723538756370544,0.20920725166797638,-0.09295141696929932,0.9960811138153076,0.49870356917381287,0.20872916281223297,-0.09317261725664139,0.9977761507034302,0.5175783634185791,0.19250541925430298,-0.10444973409175873,0.9953937530517578,0.5137568116188049,0.20069651305675507,-0.07685177028179169,0.9962267875671387,0.5067208409309387,0.23328018188476562,-0.08921646326780319,0.9922767877578735,0.5064938068389893,0.2353399097919464,-0.08266646414995193,0.9937241673469543,0.5923498868942261,0.2198515683412552,-0.06906252354383469,0.9999238848686218,0.5186457633972168,0.30123186111450195,-0.07526282966136932,0.9997938275337219,0.601220428943634,0.24443183839321136,0.07487089931964874,0.7934060096740723,0.4601552188396454,0.4058183431625366,-0.056906215846538544,0.7291455864906311,0.6178157925605774,0.2705804407596588,0.24633072316646576,0.7527174353599548,0.39952510595321655,0.47842028737068176,-0.0826161578297615,0.7832474708557129,0.6244478821754456,0.2812621295452118,0.28628048300743103,0.7574077844619751,0.38426104187965393,0.5002074241638184,-0.08767832815647125,0.7732459902763367,0.622637152671814,0.2816397547721863,0.2621779441833496,0.758695662021637,0.38242512941360474,0.499603271484375,-0.1066911369562149,0.7750771045684814,0.6186222434043884,0.2826671600341797,0.24323181807994843,0.7407094240188599,0.38893261551856995,0.49421069025993347,-0.09317551553249359,0.7541459202766418,0.6040575504302979,0.497657835483551,0.012778075411915779,0.9999697804450989,0.5525694489479065,0.48791006207466125,-0.012984237633645535,0.9999310970306396,0.5757110714912415,0.7087331414222717,0.03578688204288483,0.9624074101448059,0.4863578677177429,0.6698294878005981,-0.05488113313913345,0.7925781011581421,0.5542739033699036,0.8975991010665894,0.15678571164608002,0.9636527299880981,0.4077087938785553,0.5834295749664307,0.20323824882507324,0.6698972582817078,0.541271448135376,0.9231639504432678,0.16352114081382751,0.8946269750595093,0.4043251574039459,0.5583643913269043,0.23379330337047577,0.7322917580604553,0.5523721575737,0.9725667238235474,0.07291563600301743,0.9336333274841309,0.3612120747566223,0.611126184463501,0.22836020588874817,0.6805638074874878,153.8596669099897,30.0,131.27491610179874,-31.259727933298507,2765.8072160792535
221,7.366666666666666,0.4610186815261841,0.24596147239208221,-0.19169265031814575,0.9925932288169861,0.45855286717414856,0.2297542840242386,-0.19089941680431366,0.9925826191902161,0.4609503448009491,0.2244570255279541,-0.19118542969226837,0.9910513162612915,0.46335476636886597,0.21790851652622223,-0.19118636846542358,0.9933947324752808,0.4564734995365143,0.23463153839111328,-0.18721158802509308,0.9958668947219849,0.4571766257286072,0.2345358282327652,-0.1875636875629425,0.9964380860328674,0.45767101645469666,0.23460009694099426,-0.18773990869522095,0.9979529976844788,0.47757476568222046,0.1964767873287201,-0.14953990280628204,0.9958481192588806,0.46842190623283386,0.22257377207279205,-0.1295953094959259,0.9965377449989319,0.47430241107940674,0.24299539625644684,-0.17139610648155212,0.9930396676063538,0.47152331471443176,0.25171035528182983,-0.16706548631191254,0.994325578212738,0.5648626685142517,0.21783378720283508,-0.06676394492387772,0.9999312162399292,0.4909765124320984,0.31365346908569336,-0.10045765340328217,0.9998052716255188,0.6269639730453491,0.24465157091617584,-0.02190290205180645,0.8139419555664062,0.43915778398513794,0.42990484833717346,-0.10122271627187729,0.7561760544776917,0.6923360228538513,0.27318641543388367,0.12173319607973099,0.7774178981781006,0.3747877776622772,0.5201014876365662,-0.20424547791481018,0.8048126697540283,0.7112728357315063,0.283316433429718,0.1441982537508011,0.7815954685211182,0.3584716022014618,0.5482317805290222,-0.22497327625751495,0.7956421375274658,0.7136621475219727,0.2850947380065918,-0.02719041518867016,0.782769501209259,0.35848748683929443,0.5531256794929504,-0.25639471411705017,0.7973157167434692,0.7060413360595703,0.2848365902900696,0.002696049865335226,0.7665765881538391,0.3655848205089569,0.5423810482025146,-0.22210556268692017,0.7784625887870789,0.5800718665122986,0.5052533149719238,0.024148287251591682,0.9999717473983765,0.5381119847297668,0.4922274649143219,-0.024430323392152786,0.9999343752861023,0.5363101363182068,0.7072983980178833,0.037683986127376556,0.966015636920929,0.5036740303039551,0.6875607371330261,-0.10936020314693451,0.8133032321929932,0.5008748769760132,0.895169198513031,0.14600539207458496,0.9672417640686035,0.38811132311820984,0.604525625705719,0.058865856379270554,0.7028412222862244,0.48134616017341614,0.9251543283462524,0.15100833773612976,0.9049811959266663,0.3730234205722809,0.5780336260795593,0.07746868580579758,0.7588087916374207,0.530303418636322,0.9670828580856323,0.04943583533167839,0.9401931762695312,0.34355390071868896,0.6647802591323853,0.032408975064754486,0.7124335169792175,136.2014676406517,30.0,132.63285423889423,130.20784122598755,3274.164772253966
222,7.3999999999999995,0.4592961072921753,0.24615925550460815,-0.19279006123542786,0.9933297634124756,0.4580610394477844,0.2298317849636078,-0.18817761540412903,0.9933096170425415,0.46040070056915283,0.22477604448795319,-0.18845637142658234,0.9919344186782837,0.4628686308860779,0.21917632222175598,-0.18839940428733826,0.9940457940101624,0.4562733769416809,0.23533596098423004,-0.18960599601268768,0.9962704181671143,0.45678648352622986,0.23584944009780884,-0.18998630344867706,0.9967883229255676,0.4571821391582489,0.23664988577365875,-0.19016894698143005,0.9981501698493958,0.47635379433631897,0.19836199283599854,-0.139324352145195,0.9962612390518188,0.46767371892929077,0.22534847259521484,-0.1429794728755951,0.9968747496604919,0.47283485531806946,0.24351195991039276,-0.1714111864566803,0.9937335252761841,0.4698586165904999,0.25245776772499084,-0.17397214472293854,0.9948887228965759,0.5604211688041687,0.21763107180595398,-0.06581289321184158,0.999937891960144,0.4892764389514923,0.3192829191684723,-0.11981058120727539,0.9998226761817932,0.6299184560775757,0.24575424194335938,-0.042004067450761795,0.8322898745536804,0.43873244524002075,0.4343712627887726,-0.13177792727947235,0.7805396318435669,0.6954193711280823,0.2717791199684143,-0.06984462589025497,0.7995942831039429,0.37637966871261597,0.5209012031555176,-0.2443835288286209,0.8243113160133362,0.715099573135376,0.28331458568573,-0.05984365940093994,0.8032572865486145,0.3616622984409332,0.5492995381355286,-0.2694815695285797,0.8160226941108704,0.7170898914337158,0.28591403365135193,-0.12958623468875885,0.8043527007102966,0.3607398271560669,0.555950403213501,-0.29442575573921204,0.8175301551818848,0.7086120247840881,0.28390082716941833,-0.10524560511112213,0.7897785305976868,0.3668862581253052,0.5447481870651245,-0.2598763406276703,0.800550639629364,0.5783911347389221,0.5053761005401611,0.02975689060986042,0.9999740719795227,0.5397993326187134,0.49158963561058044,-0.03005697950720787,0.9999396204948425,0.5326111912727356,0.7064129710197449,0.032326411455869675,0.969344973564148,0.5016953945159912,0.6853449940681458,-0.09421967715024948,0.8319599628448486,0.4991460144519806,0.8936293721199036,0.13961651921272278,0.9704849123954773,0.3894568681716919,0.61715167760849,0.05764004960656166,0.7325283288955688,0.48350852727890015,0.9231938719749451,0.14548595249652863,0.9143549799919128,0.37580937147140503,0.5858199596405029,0.07458368688821793,0.7828226685523987,0.5297379493713379,0.9648879170417786,0.04382098466157913,0.9461226463317871,0.3419160842895508,0.6728066205978394,0.023570915684103966,0.7411572933197021,137.5829845111009,30.0,139.9554388501979,187.01792355029923,483.976351807884
223,7.433333333333334,0.4574020206928253,0.26889723539352417,-0.3515487015247345,0.9939955472946167,0.45310860872268677,0.2527388632297516,-0.35056671500205994,0.9939739108085632,0.45489397644996643,0.24701182544231415,-0.3508469760417938,0.9927375912666321,0.45667609572410583,0.23995909094810486,-0.3508132994174957,0.9946378469467163,0.4502229690551758,0.26113030314445496,-0.3511771559715271,0.9966409802436829,0.4502248466014862,0.26260921359062195,-0.35154277086257935,0.9971081018447876,0.4501250386238098,0.26446396112442017,-0.3517646789550781,0.9983330368995667,0.4677201509475708,0.21118153631687164,-0.2943528890609741,0.996634304523468,0.4581637680530548,0.2520555853843689,-0.2943984866142273,0.9971843361854553,0.46939632296562195,0.2643204629421234,-0.3250984847545624,0.9943591952323914,0.46694639325141907,0.27477964758872986,-0.3264075219631195,0.9953978061676025,0.5468602776527405,0.21649092435836792,-0.18380106985569,0.9999440312385559,0.4874402582645416,0.3338277041912079,-0.25587549805641174,0.9998393654823303,0.6274768114089966,0.24694187939167023,-0.1739169955253601,0.8489602208137512,0.4485628306865692,0.45772281289100647,-0.2877972722053528,0.8024557828903198,0.7025259137153625,0.27021148800849915,-0.2217557728290558,0.8195409178733826,0.39670249819755554,0.5568056702613831,-0.4099515974521637,0.8418393731117249,0.726184606552124,0.2812116742134094,-0.22157427668571472,0.8227014541625977,0.3805709481239319,0.588342010974884,-0.4406387507915497,0.8342957496643066,0.7281675934791565,0.2815406620502472,-0.26396483182907104,0.8237468004226685,0.38059136271476746,0.5909140706062317,-0.46634194254875183,0.8356649875640869,0.7192815542221069,0.28025704622268677,-0.23967622220516205,0.8106474280357361,0.38709160685539246,0.5835713744163513,-0.4261777698993683,0.82036954164505,0.5476770401000977,0.5026561617851257,0.03330093249678612,0.9999741911888123,0.5326114892959595,0.4938618838787079,-0.033527057617902756,0.9999427795410156,0.5154988169670105,0.6822752356529236,0.059255316853523254,0.9712278842926025,0.5169437527656555,0.6893613934516907,-0.10458309948444366,0.8487279415130615,0.4738886058330536,0.8818114399909973,0.14982493221759796,0.9726740717887878,0.42885610461235046,0.754179835319519,-0.03922392055392265,0.7591603994369507,0.4317391514778137,0.8440819978713989,0.15358346700668335,0.9219452738761902,0.41613835096359253,0.7487978339195251,-0.03288472443819046,0.8041857481002808,0.42568090558052063,0.8864707350730896,0.06185104697942734,0.9510234594345093,0.41187146306037903,0.8132103681564331,-0.11253885179758072,0.7669517397880554,145.22934953075372,30.0,145.10071580891417,162.47293134651315,-905.1521428752942
224,7.466666666666667,0.4667260944843292,0.2835347354412079,-0.4125809371471405,0.9945956468582153,0.4614654779434204,0.2673335671424866,-0.4124353528022766,0.9945756196975708,0.4632994830608368,0.26113244891166687,-0.41273224353790283,0.9934630393981934,0.46521490812301636,0.2537910044193268,-0.41270938515663147,0.9951733946800232,0.4581674337387085,0.27686309814453125,-0.4109613597393036,0.996976375579834,0.4572010040283203,0.2784946858882904,-0.41132697463035583,0.9973968863487244,0.45610132813453674,0.2802823781967163,-0.41153720021247864,0.9984990954399109,0.47368380427360535,0.22650516033172607,-0.34378379583358765,0.9969705939292908,0.4601925015449524,0.27005141973495483,-0.3320288360118866,0.997464656829834,0.47845903038978577,0.2758406102657318,-0.3789805471897125,0.9949226379394531,0.47532549500465393,0.2891232371330261,-0.37699735164642334,0.995856523513794,0.536064088344574,0.2157660871744156,-0.2109796106815338,0.99994957447052,0.4879172742366791,0.3401728570461273,-0.26437315344810486,0.999853253364563,0.6220712661743164,0.24594633281230927,-0.1778775155544281,0.8639600276947021,0.47055670619010925,0.476258784532547,-0.25994226336479187,0.822036623954773,0.6905397772789001,0.2657746374607086,-0.2272690087556839,0.8375336527824402,0.4345053434371948,0.5835826992988586,-0.34354785084724426,0.85745769739151,0.7114959955215454,0.2774224579334259,-0.23343053460121155,0.8402856588363647,0.42298761010169983,0.6136117577552795,-0.3671136796474457,0.850274920463562,0.713267982006073,0.277665913105011,-0.27134421467781067,0.8412639498710632,0.4210989773273468,0.6152371168136597,-0.4001430571079254,0.8516136407852173,0.7049405574798584,0.2769862115383148,-0.24300165474414825,0.8294695019721985,0.42608314752578735,0.6066166162490845,-0.36026492714881897,0.8378057479858398,0.529533326625824,0.4916216731071472,0.020586397498846054,0.9999748468399048,0.5184546709060669,0.493686318397522,-0.020881135016679764,0.9999438524246216,0.5270630717277527,0.6842783093452454,0.033580660820007324,0.9736734628677368,0.5315454602241516,0.6801465153694153,-0.07258890569210052,0.8636689186096191,0.45306137204170227,0.8854667544364929,0.11944598704576492,0.9751549363136292,0.45352113246917725,0.6989036798477173,0.07086870819330215,0.7818636298179626,0.4374701678752899,0.8985979557037354,0.13491995632648468,0.9290369153022766,0.44285503029823303,0.6839984059333801,0.08642376959323883,0.8212613463401794,0.4694363474845886,0.9283308386802673,0.029132721945643425,0.9556734561920166,0.44072043895721436,0.7520387172698975,0.05403979495167732,0.7895307540893555,140.28756537221196,30.0,150.78696760663212,126.67444735861295,-737.6685626229495
225,7.5,0.49294012784957886,0.2894767224788666,-0.5132748484611511,0.9951357841491699,0.4865745007991791,0.2718549370765686,-0.5102145075798035,0.9951176643371582,0.4880237579345703,0.26432862877845764,-0.5105212330818176,0.9941163063049316,0.4895299971103668,0.25690317153930664,-0.5104841589927673,0.9956557154655457,0.4822257459163666,0.2867977023124695,-0.5230470895767212,0.9972785711288452,0.4799761474132538,0.29038718342781067,-0.523405134677887,0.9976570010185242,0.4777360260486603,0.29388877749443054,-0.5236028432846069,0.998649001121521,0.49199628829956055,0.23661872744560242,-0.4085160493850708,0.9972732663154602,0.4755037724971771,0.2930338680744171,-0.46288055181503296,0.9977176189422607,0.5023293495178223,0.279901921749115,-0.4640413522720337,0.9954301118850708,0.49772098660469055,0.2980472147464752,-0.4813980460166931,0.9962705373764038,0.5235553979873657,0.21557742357254028,-0.23652701079845428,0.9999545812606812,0.49814432859420776,0.35569384694099426,-0.37622693181037903,0.9998674392700195,0.5972563624382019,0.24424822628498077,-0.131647989153862,0.876708984375,0.4871150255203247,0.49533918499946594,-0.38002079725265503,0.8388274908065796,0.6656939387321472,0.256862610578537,-0.15934844315052032,0.8536310195922852,0.4899250268936157,0.6286788582801819,-0.45698317885398865,0.8697434067726135,0.6795092225074768,0.2615000605583191,-0.16664466261863708,0.8558493852615356,0.4926460087299347,0.6621739268302917,-0.4941312074661255,0.8585143685340881,0.6808163523674011,0.26447224617004395,-0.19676707684993744,0.8568359613418579,0.4953951835632324,0.6648753881454468,-0.5169047713279724,0.8606197834014893,0.6748207211494446,0.2664034366607666,-0.17077021300792694,0.8461741209030151,0.4947091042995453,0.6514526605606079,-0.46893325448036194,0.8446722030639648,0.5233936309814453,0.49099522829055786,0.04665880650281906,0.9999761581420898,0.49448028206825256,0.5002798438072205,-0.046859849244356155,0.9999487400054932,0.5505021214485168,0.6822695732116699,0.05280443653464317,0.9609792232513428,0.464984267950058,0.6991596817970276,-0.08460044860839844,0.8766903281211853,0.4977705776691437,0.682488739490509,0.3204421401023865,0.9120928049087524,0.44100522994995117,0.8856180310249329,-0.05576927959918976,0.8026105761528015,0.48606517910957336,0.6642628312110901,0.34645721316337585,0.871087908744812,0.42770254611968994,0.9208042025566101,-0.05595669895410538,0.8273798227310181,0.4978905916213989,0.7387015223503113,0.30373862385749817,0.908484160900116,0.44388434290885925,0.9550871849060059,-0.17239394783973694,0.8088959455490112,151.04874270997658,30.0,153.54567896615504,113.29502717164985,-383.99749801135744
226,7.533333333333333,0.5185745358467102,0.3088688552379608,-0.48357507586479187,0.9956206679344177,0.5136325359344482,0.29354551434516907,-0.4849124252796173,0.9956041574478149,0.5121988654136658,0.2880305349826813,-0.48518142104148865,0.9947021007537842,0.5110474824905396,0.2824191451072693,-0.48516008257865906,0.9960882067680359,0.509843647480011,0.30372104048728943,-0.4996759593486786,0.9975500702857971,0.505415141582489,0.30575817823410034,-0.49998554587364197,0.9978906512260437,0.5002244114875793,0.30768245458602905,-0.5001755356788635,0.9987834692001343,0.5086413621902466,0.26629337668418884,-0.4100532531738281,0.9975444674491882,0.4982745945453644,0.30042901635169983,-0.4743073880672455,0.9979440569877625,0.5048279762268066,0.30813878774642944,-0.44333845376968384,0.9958840608596802,0.5038001537322998,0.3195567727088928,-0.4636135995388031,0.9966409802436829,0.4893696904182434,0.2477666288614273,-0.25891682505607605,0.9999582767486572,0.5094084143638611,0.35880693793296814,-0.3901790976524353,0.9998737573623657,0.541290819644928,0.24221959710121155,-0.12013404071331024,0.8768925666809082,0.5303505659103394,0.5178905725479126,-0.4290293753147125,0.8528769612312317,0.5936270952224731,0.2405281960964203,-0.045732274651527405,0.864088237285614,0.5575859546661377,0.6622849106788635,-0.49475768208503723,0.8807124495506287,0.6066890954971313,0.24057868123054504,-0.0386262871325016,0.8644576668739319,0.5689163208007812,0.7044634222984314,-0.5321604013442993,0.8666794896125793,0.6087505221366882,0.24674004316329956,-0.07234655320644379,0.8664106130599976,0.5755090713500977,0.6958489418029785,-0.5478732585906982,0.869182825088501,0.6036177277565002,0.2500216066837311,-0.055538926273584366,0.8565305471420288,0.5694130659103394,0.6820193529129028,-0.5027873516082764,0.8515276908874512,0.474536269903183,0.4904177188873291,0.04261205717921257,0.9999750256538391,0.5082353353500366,0.49933233857154846,-0.042979903519153595,0.9999468326568604,0.4546554684638977,0.6953004598617554,0.03520248457789421,0.9568253755569458,0.5338501334190369,0.6418668031692505,-0.01071114744991064,0.8593672513961792,0.44169899821281433,0.864484429359436,0.08803946524858475,0.9168297052383423,0.56299889087677,0.8403719663619995,0.15598036348819733,0.7926343083381653,0.4417892098426819,0.8821619153022766,0.08842843025922775,0.8694967031478882,0.5605137348175049,0.791496753692627,0.17153075337409973,0.7953293323516846,0.44451045989990234,0.9466005563735962,0.014174696989357471,0.9114811420440674,0.5933161973953247,0.849856436252594,0.13156579434871674,0.793344259262085,169.08903380680664,30.0,158.33996941807544,101.07461415785579,-1219.573879074369
227,7.566666666666666,0.5415936708450317,0.32946866750717163,-0.4122590720653534,0.9960297346115112,0.5415285229682922,0.3163188099861145,-0.41463786363601685,0.996015727519989,0.5411962866783142,0.3124479055404663,-0.4149535298347473,0.9951980113983154,0.5406935811042786,0.3083045780658722,-0.41494959592819214,0.9964606761932373,0.5385909676551819,0.32246464490890503,-0.44016191363334656,0.997783899307251,0.5362721681594849,0.3234226703643799,-0.44044259190559387,0.998089611530304,0.5336957573890686,0.32437705993652344,-0.44062185287475586,0.9988966584205627,0.5285975337028503,0.29154038429260254,-0.35831254720687866,0.9977688193321228,0.5199152827262878,0.31492915749549866,-0.47487083077430725,0.998124361038208,0.5275943875312805,0.3279666006565094,-0.3784038722515106,0.9962536692619324,0.5266397595405579,0.3347790539264679,-0.41375014185905457,0.9969529509544373,0.5015649795532227,0.2787649929523468,-0.23004096746444702,0.9999597668647766,0.4998282194137573,0.36538824439048767,-0.41545066237449646,0.9998767971992493,0.5137462615966797,0.28394681215286255,-0.066644586622715,0.8015395998954773,0.5293161273002625,0.4809816777706146,-0.4324728846549988,0.8512198328971863,0.5122392773628235,0.2406260222196579,0.0341300368309021,0.7979470491409302,0.5413400530815125,0.5075286626815796,-0.4270288348197937,0.8439018726348877,0.516009509563446,0.24290743470191956,0.043636661022901535,0.7961843013763428,0.5414419770240784,0.5020947456359863,-0.46102073788642883,0.8077302575111389,0.5177299380302429,0.24757644534111023,0.014853601343929768,0.7997424006462097,0.5403379201889038,0.4952206015586853,-0.4665701985359192,0.811908483505249,0.5376518368721008,0.28048717975616455,0.025553418323397636,0.7880793809890747,0.5405827760696411,0.49280452728271484,-0.4311233162879944,0.7848472595214844,0.4897456765174866,0.4916093647480011,0.052690159529447556,0.9999745488166809,0.470581591129303,0.5077775120735168,-0.05295177921652794,0.99994957447052,0.5000060796737671,0.6661761999130249,0.07357444614171982,0.8738835453987122,0.45379525423049927,0.7071974873542786,-0.053107716143131256,0.8362301588058472,0.5821542143821716,0.7268819212913513,0.3150690793991089,0.8331658244132996,0.4577915072441101,0.9054080843925476,0.09317240118980408,0.785582959651947,0.5903357267379761,0.6823662519454956,0.3366297781467438,0.7893089056015015,0.46588537096977234,0.9254480004310608,0.10452332347631454,0.7377397418022156,0.6204443573951721,0.7309679985046387,0.3109530508518219,0.832758903503418,0.46025899052619934,0.9678016901016235,0.03330373391509056,0.7741428017616272,158.78820901572067,30.0,160.28398657667876,31.990101900025252,-2433.6617011911458
228,7.6,0.5523245930671692,0.31060710549354553,-0.18365995585918427,0.9961978793144226,0.5584266185760498,0.3032499849796295,-0.19424019753932953,0.9960436820983887,0.5576881170272827,0.3015117645263672,-0.19460946321487427,0.9953848719596863,0.5567947626113892,0.3004210293292999,-0.19466549158096313,0.9966586232185364,0.5581986308097839,0.30517318844795227,-0.19457490742206573,0.9974434971809387,0.5570509433746338,0.3041647970676422,-0.19479279220104218,0.9976809620857239,0.5561046600341797,0.30390530824661255,-0.1948089897632599,0.9985136985778809,0.5495408177375793,0.29252228140830994,-0.1909058690071106,0.9979254007339478,0.5468502640724182,0.2928321361541748,-0.19327563047409058,0.9974064826965332,0.5374805927276611,0.3074062764644623,-0.17214760184288025,0.9965410828590393,0.5375754833221436,0.30977100133895874,-0.17514926195144653,0.9971354603767395,0.5224742889404297,0.3559793531894684,-0.19101068377494812,0.9999633431434631,0.4849417805671692,0.24916884303092957,-0.07101429998874664,0.9998855590820312,0.528372049331665,0.48163294792175293,-0.17484214901924133,0.8117822408676147,0.46968311071395874,0.23507127165794373,0.05754859372973442,0.7818292379379272,0.6116642355918884,0.5880533456802368,-0.20373988151550293,0.7937900424003601,0.46900996565818787,0.23459701240062714,0.19141870737075806,0.7764633297920227,0.6287164092063904,0.6173214316368103,-0.21998849511146545,0.7743300199508667,0.4656180143356323,0.2306901067495346,0.2076152265071869,0.740896463394165,0.6301921606063843,0.6219750642776489,-0.2408462017774582,0.7784183025360107,0.4659557044506073,0.23598098754882812,0.18552927672863007,0.7456717491149902,0.624790608882904,0.6120947599411011,-0.21253660321235657,0.7630247473716736,0.4653460681438446,0.23981636762619019,0.18320780992507935,0.7224222421646118,0.48866593837738037,0.49284324049949646,-0.022207053378224373,0.9999764561653137,0.45563411712646484,0.5056195855140686,0.022007012739777565,0.9999539852142334,0.5196111798286438,0.6704082489013672,-0.02121555618941784,0.866549551486969,0.4551456570625305,0.7208142280578613,0.025340357795357704,0.8414103984832764,0.6118058562278748,0.6828303337097168,0.2059229463338852,0.8046051263809204,0.46052315831184387,0.9191331267356873,0.10834577679634094,0.8007364273071289,0.6224709749221802,0.6449288725852966,0.2231302112340927,0.7491821050643921,0.4689365327358246,0.9459724426269531,0.10930390655994415,0.7256319522857666,0.6598193645477295,0.6961972713470459,0.18974393606185913,0.8130022883415222,0.45390841364860535,0.9803526997566223,0.040651533752679825,0.7853074669837952,171.17025838585977,30.0,160.47264287807712,-61.169499254887256,-2192.310349473861
229,7.633333333333333,0.5776354074478149,0.3026067018508911,0.1569691002368927,0.9965664148330688,0.5841436386108398,0.2940129041671753,0.13831530511379242,0.9964321851730347,0.5833594799041748,0.2888893485069275,0.1381331831216812,0.9958400130271912,0.5825027823448181,0.2840697467327118,0.13810941576957703,0.996985673904419,0.5858535766601562,0.2981796860694885,0.13858477771282196,0.9976953864097595,0.5862122774124146,0.29624056816101074,0.13844457268714905,0.9979103803634644,0.5864967107772827,0.295227587223053,0.13835901021957397,0.9986599683761597,0.5755918025970459,0.2711881399154663,0.05182687193155289,0.9981310963630676,0.5815397500991821,0.2851378917694092,0.05277474224567413,0.997663676738739,0.5666198134422302,0.3039136826992035,0.13200752437114716,0.99687659740448,0.5685062408447266,0.30246293544769287,0.13001488149166107,0.9974142909049988,0.5001295208930969,0.27898237109184265,-0.07500634342432022,0.9999668598175049,0.5420100688934326,0.327236533164978,0.049412138760089874,0.9998960494995117,0.4237889051437378,0.28524696826934814,-0.16802270710468292,0.8305395841598511,0.5693483352661133,0.45610541105270386,0.0014596502296626568,0.8033678531646729,0.36226633191108704,0.2745627760887146,-0.1388263702392578,0.8139921426773071,0.6274427771568298,0.5314294099807739,-0.054862212389707565,0.7983445525169373,0.34111759066581726,0.27080491185188293,-0.1568833738565445,0.7961580157279968,0.6400366425514221,0.5613540410995483,-0.07493828237056732,0.7662262916564941,0.34035685658454895,0.266875296831131,-0.13604694604873657,0.7997741103172302,0.6406106948852539,0.5620973110198975,-0.07785520702600479,0.7705126404762268,0.34989967942237854,0.27060848474502563,-0.11498776823282242,0.7851518392562866,0.6355133652687073,0.5478813052177429,-0.05775792896747589,0.7488529682159424,0.4635434150695801,0.5061079859733582,-0.0613320954144001,0.9999784231185913,0.48611509799957275,0.5145598649978638,0.06141367182135582,0.9999575614929199,0.4778646230697632,0.683849036693573,-0.07460561394691467,0.8798723816871643,0.47810032963752747,0.6931570768356323,0.14639373123645782,0.8534691333770752,0.5052873492240906,0.896044909954071,-0.06307296454906464,0.8240821361541748,0.5754042863845825,0.6473994255065918,0.2790023684501648,0.8163030743598938,0.5261017680168152,0.9355029463768005,-0.06331255286931992,0.7741026878356934,0.5876454710960388,0.6264739632606506,0.29466626048088074,0.7519474029541016,0.46107158064842224,0.9456807971000671,-0.15140767395496368,0.8314995169639587,0.5966725945472717,0.6522082090377808,0.2717321813106537,0.801991879940033,154.56554377729847,30.0,156.20601995968627,-114.16392139823216,-397.4805123981412
230,7.666666666666667,0.5869672894477844,0.2941826581954956,0.26536276936531067,0.996901273727417,0.5916081070899963,0.2831903398036957,0.24947698414325714,0.9967817068099976,0.5906703472137451,0.2787451148033142,0.24931468069553375,0.9962489604949951,0.5896795392036438,0.27449777722358704,0.24932816624641418,0.9972800612449646,0.5933087468147278,0.28840094804763794,0.24654224514961243,0.9979223012924194,0.5936704277992249,0.28784945607185364,0.24639829993247986,0.9981168508529663,0.5939933061599731,0.2879032790660858,0.24633890390396118,0.9987919330596924,0.5811741948127747,0.2624064087867737,0.17203862965106964,0.9983149170875549,0.5884296298027039,0.28250861167907715,0.15781600773334503,0.997894287109375,0.577244222164154,0.2993440628051758,0.24450108408927917,0.9971764087677002,0.5792593359947205,0.29765594005584717,0.23800745606422424,0.9976651072502136,0.5039433240890503,0.2432381510734558,0.024339428171515465,0.9999700784683228,0.5522146224975586,0.3380987048149109,0.1613902449607849,0.9999059438705444,0.41417306661605835,0.2512209713459015,-0.022127186879515648,0.847072958946228,0.557926595211029,0.4701136350631714,0.1219610720872879,0.8219677805900574,0.3372078537940979,0.24921035766601562,-0.0013423654017969966,0.8310900926589966,0.603097677230835,0.533087968826294,0.06402415782213211,0.8175843954086304,0.3143690824508667,0.24817033112049103,-0.02435074932873249,0.8138250112533569,0.6124073266983032,0.5606880187988281,0.04807401821017265,0.7883580327033997,0.3131027817726135,0.2457735389471054,-0.007303684484213591,0.8169243335723877,0.612123429775238,0.5586448311805725,0.048694901168346405,0.7921071648597717,0.3218819499015808,0.250020295381546,0.008231587707996368,0.8008248805999756,0.6074202656745911,0.5469085574150085,0.062276218086481094,0.7711043953895569,0.47574087977409363,0.5055128931999207,-0.06809411197900772,0.9999804496765137,0.49437952041625977,0.5142714381217957,0.06814595311880112,0.9999615550041199,0.485161155462265,0.6992584466934204,-0.10438068956136703,0.8917579650878906,0.4694984555244446,0.6669930815696716,0.11898437887430191,0.862662136554718,0.5105981230735779,0.9134976863861084,-0.0493449941277504,0.8409547209739685,0.5598841905593872,0.6039100885391235,0.22444882988929749,0.8245624899864197,0.5246232151985168,0.9535835385322571,-0.044143758714199066,0.7953460216522217,0.5667248368263245,0.5880661010742188,0.23746469616889954,0.7734936475753784,0.46526527404785156,0.966433048248291,-0.12615086138248444,0.8471229076385498,0.5808112621307373,0.6307209134101868,0.19870854914188385,0.8127716779708862,144.44959658111324,30.0,152.86171478486165,-87.66820008143,1259.758855103199
231,7.7,0.5753795504570007,0.2669667601585388,0.2027851939201355,0.9970815181732178,0.582899272441864,0.2716570198535919,0.19104838371276855,0.9969848394393921,0.5823678374290466,0.27342918515205383,0.1907975971698761,0.9965181350708008,0.5818472504615784,0.27243420481681824,0.19080430269241333,0.997482419013977,0.5828302502632141,0.26357895135879517,0.20308461785316467,0.998023271560669,0.5823176503181458,0.26014041900634766,0.20292142033576965,0.9982046484947205,0.5818257927894592,0.25720351934432983,0.20289136469364166,0.9988453388214111,0.5749321579933167,0.2583633065223694,0.149152934551239,0.9984487891197205,0.5763639211654663,0.25048550963401794,0.2032020539045334,0.9979360103607178,0.5661312937736511,0.26199230551719666,0.19371461868286133,0.9972696304321289,0.5665968656539917,0.2539218068122864,0.20715059340000153,0.997715175151825,0.511158287525177,0.24323670566082,0.023753682151436806,0.999972939491272,0.5404863953590393,0.2704213559627533,0.2536821961402893,0.9998690485954285,0.4529030919075012,0.2528230547904968,-0.008546520955860615,0.8620924949645996,0.5126392841339111,0.3813152611255646,0.2541157305240631,0.7417016625404358,0.3862093389034271,0.2600635290145874,0.012623975984752178,0.8473341464996338,0.4988088607788086,0.4572453498840332,0.21347171068191528,0.7365846633911133,0.3685426712036133,0.26213008165359497,-0.009619218297302723,0.8312060832977295,0.49688521027565,0.4923998713493347,0.20972296595573425,0.7105658650398254,0.3656356632709503,0.2605777680873871,0.009581107646226883,0.8337259292602539,0.4895210266113281,0.4834313988685608,0.1965068280696869,0.7139397263526917,0.3723360300064087,0.2627175748348236,0.02382337488234043,0.8171355724334717,0.48977866768836975,0.4792623519897461,0.20526061952114105,0.6951597332954407,0.48989811539649963,0.5026906132698059,-0.06753005087375641,0.9999822378158569,0.4826309382915497,0.5049616694450378,0.06744877994060516,0.9999638199806213,0.4963037371635437,0.7016362547874451,-0.06294365972280502,0.9024351835250854,0.4429834485054016,0.6675162315368652,0.0722072497010231,0.826401948928833,0.513798177242279,0.9061286449432373,-0.011080780066549778,0.8549918532371521,0.48427385091781616,0.5237229466438293,0.27519717812538147,0.7492203116416931,0.5312056541442871,0.9437450766563416,-0.007463573478162289,0.8060839176177979,0.4913719892501831,0.5143361687660217,0.3023402988910675,0.7259438633918762,0.4836830496788025,0.9673345685005188,-0.07432637363672256,0.8580878376960754,0.46659916639328003,0.477553129196167,0.32491499185562134,0.7471305131912231,151.77740591771934,30.0,150.36147328759094,-30.179997724685563,1914.329373533579
232,7.733333333333333,0.5721080899238586,0.24197489023208618,0.20266231894493103,0.9973171949386597,0.5792291164398193,0.25030890107154846,0.19211740791797638,0.9972379207611084,0.578696608543396,0.2524097263813019,0.191874161362648,0.996821403503418,0.5781201124191284,0.2538166344165802,0.19188110530376434,0.997704267501831,0.5792261958122253,0.2445605844259262,0.20885072648525238,0.9981777667999268,0.5787881016731262,0.24277782440185547,0.20870330929756165,0.9983422160148621,0.5783774852752686,0.2411535233259201,0.20867429673671722,0.9989323616027832,0.572756826877594,0.25290989875793457,0.1508977711200714,0.9985870122909546,0.5739573240280151,0.24126257002353668,0.2261274755001068,0.9980611205101013,0.5624468922615051,0.23889519274234772,0.1926167607307434,0.9974488019943237,0.5628169775009155,0.2348184585571289,0.21224936842918396,0.9978482723236084,0.5157057642936707,0.2400609850883484,0.018862631171941757,0.9999755024909973,0.5350897908210754,0.2710612714290619,0.2792883813381195,0.9998382329940796,0.45560014247894287,0.25312215089797974,-0.016715025529265404,0.8756899833679199,0.5044538378715515,0.37581944465637207,0.2737606465816498,0.6687747240066528,0.3886650800704956,0.2642521560192108,0.0025370207149535418,0.8621333837509155,0.48863115906715393,0.45997753739356995,0.2124675065279007,0.6634876132011414,0.3703083395957947,0.2691780924797058,-0.021028969436883926,0.84720379114151,0.4859008491039276,0.49003076553344727,0.2063448280096054,0.6404144167900085,0.3681972920894623,0.264693945646286,-0.0016283754957839847,0.8492705225944519,0.4793470799922943,0.4845751225948334,0.19137267768383026,0.643458366394043,0.374369353055954,0.2655576169490814,0.013977083377540112,0.8327610492706299,0.4802069664001465,0.47540321946144104,0.20275062322616577,0.6266977190971375,0.49623966217041016,0.5023816823959351,-0.07502932846546173,0.9999838471412659,0.4793515205383301,0.5032882690429688,0.07496634125709534,0.9999656677246094,0.5023632049560547,0.7031093239784241,-0.0555596761405468,0.9120509028434753,0.43995198607444763,0.6677401065826416,0.054999642074108124,0.7880180478096008,0.5167604684829712,0.90412437915802,0.0022038558963686228,0.8677347898483276,0.4797345995903015,0.5208799839019775,0.2933812439441681,0.6802293658256531,0.533186674118042,0.9427123665809631,0.006650276482105255,0.8156183958053589,0.48544448614120483,0.5059767365455627,0.32188233733177185,0.6825180649757385,0.48634856939315796,0.96910560131073,-0.06307879090309143,0.8678604364395142,0.47036537528038025,0.4863464832305908,0.3414699137210846,0.6868972778320312,146.88875431647327,30.0,150.84971493654928,39.95375815414192,1847.7075091795286
233,7.766666666666667,0.5567016005516052,0.23457668721675873,0.24176453053951263,0.9973489046096802,0.5645691752433777,0.2377459704875946,0.2443978488445282,0.9972125291824341,0.5651794672012329,0.2392551302909851,0.24414443969726562,0.9968451857566833,0.5654903054237366,0.24063409864902496,0.24417760968208313,0.9976954460144043,0.5612304210662842,0.23327100276947021,0.25384917855262756,0.9981387257575989,0.5598732829093933,0.23192809522151947,0.25369277596473694,0.998318076133728,0.5585565567016602,0.2305881679058075,0.253640741109848,0.9988949298858643,0.5628215670585632,0.24410779774188995,0.24331265687942505,0.998577892780304,0.5559981465339661,0.23183618485927582,0.2859119474887848,0.9979085922241211,0.5498741865158081,0.23425094783306122,0.24335089325904846,0.9973306059837341,0.5461023449897766,0.23175908625125885,0.2539917230606079,0.9977260828018188,0.5341985821723938,0.239739790558815,0.1401146799325943,0.9999771118164062,0.5086309313774109,0.27407994866371155,0.2931177020072937,0.9998005032539368,0.48830732703208923,0.24325606226921082,0.06085239350795746,0.885586678981781,0.48067039251327515,0.3858736455440521,0.27015772461891174,0.6111285090446472,0.4397297501564026,0.2670521140098572,-0.023712342604994774,0.8728801608085632,0.46980583667755127,0.4505630135536194,0.18788458406925201,0.6100966334342957,0.43551579117774963,0.27201709151268005,-0.04568389803171158,0.8587042689323425,0.4711993634700775,0.4773867130279541,0.17195750772953033,0.5926110744476318,0.43430107831954956,0.2673523426055908,-0.04117858037352562,0.860044538974762,0.4690578877925873,0.46763479709625244,0.15971030294895172,0.5956627130508423,0.4380578398704529,0.27043354511260986,-0.019119028002023697,0.8420172929763794,0.46794265508651733,0.45944535732269287,0.1791277825832367,0.5806271433830261,0.5219300985336304,0.49394384026527405,-0.05644635856151581,0.9999849200248718,0.48375198245048523,0.4954043924808502,0.056528422981500626,0.9999659657478333,0.5153385400772095,0.7024772763252258,-0.0635315328836441,0.9206609129905701,0.4414951503276825,0.6678224205970764,0.002647330751642585,0.7967490553855896,0.5189561247825623,0.8896380662918091,-0.0019490884151309729,0.8797928094863892,0.4677785634994507,0.5529446005821228,0.3050152063369751,0.6354363560676575,0.5297519564628601,0.917811930179596,0.0027533003594726324,0.8250745534896851,0.4587293267250061,0.5529477000236511,0.3395676910877228,0.6537765264511108,0.4944877028465271,0.9661338329315186,-0.0824718326330185,0.8762094378471375,0.4527178704738617,0.5607032179832458,0.34613367915153503,0.640713632106781,139.66529907600975,30.0,153.02505716453373,93.000502887283,78.97232020347431
234,7.8,0.5015432834625244,0.21617090702056885,0.15990671515464783,0.9656115770339966,0.5049290060997009,0.2165086269378662,0.16695937514305115,0.9489462971687317,0.5068429708480835,0.21670685708522797,0.16674695909023285,0.9477224946022034,0.5083521008491516,0.21694661676883698,0.16683030128479004,0.9545546770095825,0.5014414191246033,0.21841950714588165,0.17683860659599304,0.9664093255996704,0.5007907152175903,0.21982938051223755,0.17655475437641144,0.9704685211181641,0.49937671422958374,0.22383610904216766,0.17638225853443146,0.9812512993812561,0.5174119472503662,0.2260104864835739,0.18660303950309753,0.9650200605392456,0.5034189224243164,0.22981101274490356,0.23598577082157135,0.9751458168029785,0.506089985370636,0.22372470796108246,0.16871853172779083,0.9686959981918335,0.5031563639640808,0.2326471209526062,0.18106074631214142,0.9720884561538696,0.5502071976661682,0.2504168152809143,0.14255733788013458,0.999881386756897,0.4792509078979492,0.2785691022872925,0.21857334673404694,0.9996659159660339,0.5252594947814941,0.23338134586811066,0.002981006633490324,0.8054742813110352,0.4362325668334961,0.389020711183548,0.24522405862808228,0.5629856586456299,0.5129674077033997,0.22445745766162872,-0.1536257416009903,0.7936912178993225,0.4091068208217621,0.45015621185302734,0.24990838766098022,0.5696479678153992,0.5082474946975708,0.21936608850955963,-0.19016768038272858,0.787485659122467,0.4027346074581146,0.4696361720561981,0.24365773797035217,0.5542615056037903,0.507667601108551,0.21987292170524597,-0.18357348442077637,0.7887450456619263,0.4029429256916046,0.46820685267448425,0.22626611590385437,0.5574412941932678,0.5063820481300354,0.22062517702579498,-0.15484364330768585,0.7704353332519531,0.4065640866756439,0.4630716145038605,0.24144694209098816,0.5440175533294678,0.5382009744644165,0.49165982007980347,-0.025470459833741188,0.9999849200248718,0.4862101674079895,0.4849999248981476,0.02517489530146122,0.9999667406082153,0.5209620594978333,0.6989990472793579,-0.06103189289569855,0.9257888197898865,0.4469480812549591,0.6686353087425232,-0.05091165006160736,0.811706006526947,0.5135738253593445,0.8854727149009705,0.08809439837932587,0.8886892199516296,0.4136516749858856,0.5428946018218994,0.252156138420105,0.625272810459137,0.5083100199699402,0.917238712310791,0.09856369346380234,0.8177565932273865,0.41623347997665405,0.5251743793487549,0.2809528410434723,0.6282448172569275,0.502187192440033,0.9571973085403442,0.010691695846617222,0.8780718445777893,0.3737996220588684,0.5694175362586975,0.274413526058197,0.6160091757774353,170.9484105890553,30.0,157.04974846236814,45.21857950104021,-2668.7441741947864
235,7.833333333333333,0.45805415511131287,0.19789110124111176,-0.11651909351348877,0.9690065979957581,0.454847514629364,0.20169003307819366,-0.11335991322994232,0.9539206624031067,0.4565967321395874,0.2014554888010025,-0.1136341392993927,0.9528378844261169,0.45814111828804016,0.20134040713310242,-0.11361856013536453,0.9590162634849548,0.4534449875354767,0.2064480036497116,-0.11881396174430847,0.9696968197822571,0.45419690012931824,0.20923884212970734,-0.11912304908037186,0.9733676314353943,0.45476385951042175,0.2125765085220337,-0.11932967603206635,0.9830594062805176,0.4673389494419098,0.20962011814117432,-0.07240863889455795,0.9684978723526001,0.462053507566452,0.22303681075572968,-0.09563430398702621,0.9775455594062805,0.47258812189102173,0.202997088432312,-0.0972384363412857,0.9717959761619568,0.4699682891368866,0.21091251075267792,-0.10523254424333572,0.9748275876045227,0.550000786781311,0.21361520886421204,0.08641264587640762,0.9998925924301147,0.4716768264770508,0.2817368507385254,-0.12130571156740189,0.9996899962425232,0.5973525643348694,0.22419056296348572,0.028270583599805832,0.8229738473892212,0.41300562024116516,0.3813561797142029,-0.1677064150571823,0.6064948439598083,0.6598904132843018,0.23010587692260742,-0.009240924380719662,0.8137566447257996,0.36116838455200195,0.452028751373291,-0.24846450984477997,0.6109288930892944,0.6789928674697876,0.22963844239711761,-0.006525629200041294,0.807876467704773,0.3475208282470703,0.47034674882888794,-0.2733730971813202,0.5951148867607117,0.6810734868049622,0.22953292727470398,-0.03807817026972771,0.8091268539428711,0.34643828868865967,0.4706967771053314,-0.29048556089401245,0.5979760885238647,0.6738801598548889,0.2310878038406372,-0.023218482732772827,0.7926315069198608,0.3535713851451874,0.46298086643218994,-0.25960275530815125,0.5854811072349548,0.5394302010536194,0.4877757430076599,0.050977859646081924,0.9999860525131226,0.4958697557449341,0.4727221727371216,-0.0511213019490242,0.9999688267707825,0.5138334035873413,0.6748238205909729,0.08558903634548187,0.932956874370575,0.4580884575843811,0.6688002943992615,-0.16684944927692413,0.8305307626724243,0.4860894978046417,0.8661216497421265,0.19307072460651398,0.8997855186462402,0.3691442906856537,0.5341845154762268,0.022701861336827278,0.6627175211906433,0.46844032406806946,0.9119940996170044,0.19669778645038605,0.8358386754989624,0.3607025444507599,0.4922458231449127,0.04457421973347664,0.6653242707252502,0.5029659867286682,0.9559398293495178,0.11909284442663193,0.890178918838501,0.31522834300994873,0.5785490870475769,0.038778260350227356,0.6543592214584351,158.65985338599526,30.0,156.03962913126975,-84.91577539236943,-3391.4403837242035
236,7.866666666666666,0.43047282099723816,0.1774650514125824,-0.3395676910877228,0.9721037745475769,0.42595183849334717,0.19204281270503998,-0.33970388770103455,0.9585224986076355,0.42689773440361023,0.19308379292488098,-0.340024471282959,0.9575494527816772,0.4276467263698578,0.19409218430519104,-0.3400384485721588,0.9631111025810242,0.425504207611084,0.19579385221004486,-0.35092732310295105,0.9727239608764648,0.42612478137016296,0.1996612399816513,-0.351269394159317,0.9760286211967468,0.4266073405742645,0.20369809865951538,-0.3514818251132965,0.9847497344017029,0.43716758489608765,0.207371786236763,-0.2938007116317749,0.9716475009918213,0.4359554052352905,0.21875715255737305,-0.3432265818119049,0.9797855019569397,0.4420977532863617,0.1784365177154541,-0.3171177804470062,0.9746143817901611,0.44164174795150757,0.18328244984149933,-0.33267343044281006,0.9773414134979248,0.5382524728775024,0.19999878108501434,-0.1547432243824005,0.9999032616615295,0.47350141406059265,0.27733102440834045,-0.3553190231323242,0.9997192621231079,0.6096211075782776,0.20552054047584534,-0.09295409172773361,0.8403222560882568,0.42125383019447327,0.3865445554256439,-0.42610615491867065,0.6458292007446289,0.6877058744430542,0.19692431390285492,-0.07975999265909195,0.8322645425796509,0.3613341748714447,0.4519908130168915,-0.5367724299430847,0.6496875882148743,0.7088252305984497,0.1964673101902008,-0.026997476816177368,0.8268992304801941,0.3465787470340729,0.4743749499320984,-0.5741272568702698,0.6352473497390747,0.7105833888053894,0.19647523760795593,-0.11088235676288605,0.828065037727356,0.3473277986049652,0.4745888113975525,-0.5928691625595093,0.6378052830696106,0.7029330730438232,0.19743019342422485,-0.09946785122156143,0.8132351636886597,0.3536185920238495,0.4660312831401825,-0.5506575703620911,0.6264761090278625,0.5347297191619873,0.4697476923465729,0.07517468184232712,0.9999872446060181,0.501599907875061,0.4630882143974304,-0.07532363384962082,0.9999712109565735,0.5054234862327576,0.6522284746170044,0.14275690913200378,0.9395027160644531,0.4826446771621704,0.6671128869056702,-0.17228049039840698,0.847476065158844,0.46529731154441833,0.8462221026420593,0.2397184818983078,0.909784197807312,0.37291961908340454,0.5481729507446289,-0.05611075833439827,0.6964414119720459,0.44372040033340454,0.8856173753738403,0.24243181943893433,0.8522063493728638,0.363686203956604,0.5037814378738403,-0.04088045656681061,0.698779284954071,0.4993005096912384,0.9291706681251526,0.1694987267255783,0.901124119758606,0.31880590319633484,0.5907294750213623,-0.05518851429224014,0.6889172792434692,155.56987494563595,30.0,151.38869676954351,-180.87744608057335,-2262.1990506535426
237,7.8999999999999995,0.4261968433856964,0.17927733063697815,-0.393264502286911,0.9748924970626831,0.4216987192630768,0.19230999052524567,-0.3933561444282532,0.9626678824424744,0.42244255542755127,0.19347849488258362,-0.3936556279659271,0.9617924690246582,0.42307528853416443,0.19457779824733734,-0.3936573266983032,0.9667983651161194,0.4213104844093323,0.19635717570781708,-0.4067314565181732,0.9754504561424255,0.4218418300151825,0.20077112317085266,-0.407050758600235,0.9784249663352966,0.42246124148368835,0.2057647556066513,-0.40723171830177307,0.9862734079360962,0.43339377641677856,0.21158072352409363,-0.34620845317840576,0.9744824171066284,0.4331224262714386,0.2240125983953476,-0.4055781364440918,0.981804609298706,0.4367331862449646,0.1789291352033615,-0.37029269337654114,0.9771516919136047,0.4364025890827179,0.18333686888217926,-0.38877376914024353,0.9796056151390076,0.52096027135849,0.18902571499347687,-0.20983298122882843,0.9999127984046936,0.4789433479309082,0.28049516677856445,-0.40835580229759216,0.9997457265853882,0.596119225025177,0.18074603378772736,-0.15569233894348145,0.855625331401825,0.4447101652622223,0.3924986720085144,-0.4957687556743622,0.6812264323234558,0.6701377630233765,0.15880511701107025,-0.14179855585098267,0.8488658666610718,0.3892766535282135,0.45751628279685974,-0.6173880100250244,0.6846510171890259,0.6876431107521057,0.15447545051574707,-0.12613733112812042,0.843974769115448,0.37543806433677673,0.4916151762008667,-0.661685049533844,0.6715667247772217,0.6904017925262451,0.15644949674606323,-0.17405946552753448,0.8450786471366882,0.37566015124320984,0.4978797137737274,-0.676548421382904,0.673857569694519,0.6827738881111145,0.15836504101753235,-0.15890558063983917,0.8317484259605408,0.3820480406284332,0.4853992462158203,-0.6303355097770691,0.6635807752609253,0.5229514837265015,0.44501420855522156,0.07761678844690323,0.9999880194664001,0.503207266330719,0.4624491333961487,-0.07779231667518616,0.9999723434448242,0.4981578290462494,0.6307342648506165,0.13940715789794922,0.9451387524604797,0.49112531542778015,0.6540524959564209,-0.15380968153476715,0.8627220392227173,0.44836941361427307,0.8384928107261658,0.18238332867622375,0.9187612533569336,0.40063750743865967,0.5499207377433777,-0.08039101213216782,0.7267895340919495,0.42935070395469666,0.8731161952018738,0.18024501204490662,0.8668929934501648,0.392622172832489,0.5222785472869873,-0.07053790986537933,0.7288814187049866,0.48444992303848267,0.9095299243927002,0.10247190296649933,0.9109498262405396,0.354879230260849,0.5885990262031555,-0.08955227583646774,0.7200148701667786,155.78956364455482,30.0,143.9811327258982,-235.72904543593893,-701.2252331881108
238,7.933333333333334,0.4381192624568939,0.18691322207450867,-0.04449237883090973,0.9772549271583557,0.4334908127784729,0.20003679394721985,-0.04060085490345955,0.9661880135536194,0.4347739517688751,0.2007170021533966,-0.040817320346832275,0.9653846025466919,0.4357849359512329,0.2013789862394333,-0.04082917794585228,0.9700096845626831,0.4334048628807068,0.2038276493549347,-0.05829739198088646,0.977794885635376,0.43458348512649536,0.2074166238307953,-0.058591391891241074,0.9804770946502686,0.43570131063461304,0.21142585575580597,-0.05876074358820915,0.987541139125824,0.4455496072769165,0.2135917991399765,-0.012266750447452068,0.9769942164421082,0.44620001316070557,0.22495725750923157,-0.09762559086084366,0.9833188056945801,0.45019474625587463,0.18352466821670532,-0.02933584898710251,0.9793424606323242,0.4491290748119354,0.18830528855323792,-0.05378545820713043,0.9814807176589966,0.5110242366790771,0.18876326084136963,0.07704006880521774,0.9999207258224487,0.4825509190559387,0.2539869248867035,-0.17154903709888458,0.9997527599334717,0.5751399397850037,0.16091331839561462,0.13392464816570282,0.8228790163993835,0.4989357590675354,0.3888450860977173,-0.24330225586891174,0.7038739323616028,0.6256060004234314,0.11810635775327682,0.1573285460472107,0.8571581840515137,0.4655478894710541,0.4270317852497101,-0.36140334606170654,0.7080308198928833,0.6395182013511658,0.11170294880867004,0.1715732216835022,0.8526648283004761,0.4627789556980133,0.43276676535606384,-0.4007956087589264,0.6946627497673035,0.6397374272346497,0.1101212427020073,0.1428164839744568,0.8547195792198181,0.46241337060928345,0.4358340799808502,-0.4022424519062042,0.6953611373901367,0.634028971195221,0.1144799143075943,0.14645366370677948,0.8422964215278625,0.4616049826145172,0.43031924962997437,-0.36771538853645325,0.6796747446060181,0.5210134983062744,0.4328550696372986,0.07468342781066895,0.9999879002571106,0.5093098878860474,0.43361136317253113,-0.07490065693855286,0.9999690055847168,0.5018354058265686,0.6281598806381226,0.08303724974393845,0.9346593022346497,0.49083566665649414,0.6138448715209961,-0.13477736711502075,0.8742374181747437,0.44407710433006287,0.8177662491798401,0.12080498784780502,0.9213364124298096,0.4253000020980835,0.4989452660083771,-0.06493660807609558,0.7442395687103271,0.4262457489967346,0.8554198145866394,0.11814723908901215,0.8749213814735413,0.42519092559814453,0.46982821822166443,-0.053833167999982834,0.7493101954460144,0.4764469265937805,0.8855663537979126,0.07706538587808609,0.9094664454460144,0.4137954115867615,0.5246104001998901,-0.04138091951608658,0.7365061044692993,131.4688402856522,30.0,135.67342707381425,-227.62579495978073,3046.0827471777657
239,7.966666666666667,0.4827428162097931,0.1951628178358078,0.18275971710681915,0.9791262745857239,0.4732102155685425,0.21008272469043732,0.1769118309020996,0.9692606329917908,0.46777674555778503,0.21010670065879822,0.1767846941947937,0.9683114290237427,0.46063232421875,0.21141983568668365,0.17679406702518463,0.9726858139038086,0.48531055450439453,0.21413664519786835,0.1766161471605301,0.9799132347106934,0.4893719255924225,0.21783867478370667,0.17633739113807678,0.9823042154312134,0.4932335615158081,0.22172580659389496,0.17619995772838593,0.9887116551399231,0.45016828179359436,0.21800783276557922,0.1496986746788025,0.9790460467338562,0.5023764371871948,0.22911687195301056,0.1479140967130661,0.9847507476806641,0.4815419018268585,0.1921992301940918,0.17933115363121033,0.9806216955184937,0.49508488178253174,0.19749456644058228,0.17747372388839722,0.9827255010604858,0.4887040853500366,0.1892406940460205,0.1642856001853943,0.9999243021011353,0.5345736742019653,0.2613334357738495,0.09600017219781876,0.9997504353523254,0.4999563992023468,0.12786397337913513,0.27454981207847595,0.7461098432540894,0.5786834955215454,0.37878337502479553,0.08385991305112839,0.6387419700622559,0.5127356648445129,0.08177845180034637,0.4453907012939453,0.7914159297943115,0.5380011200904846,0.4323261082172394,0.11040393263101578,0.6406688690185547,0.5114473104476929,0.06925658136606216,0.4797801971435547,0.788562536239624,0.5281938314437866,0.44768017530441284,0.1099778264760971,0.6279533505439758,0.5141348242759705,0.07417893409729004,0.46931055188179016,0.790260910987854,0.5247623920440674,0.44810518622398376,0.11191318929195404,0.6283237338066101,0.5148739218711853,0.07966522127389908,0.4473234713077545,0.7760251760482788,0.526502788066864,0.44285649061203003,0.11112359911203384,0.6140056848526001,0.4846789240837097,0.40131866931915283,0.04036443307995796,0.9999874234199524,0.5220581293106079,0.409229040145874,-0.04113892838358879,0.9999667406082153,0.46917930245399475,0.61507248878479,-0.00974507350474596,0.9193424582481384,0.5108625292778015,0.619464099407196,-0.05028245225548744,0.8143893480300903,0.4486355781555176,0.8088107109069824,-0.10641627758741379,0.9171593189239502,0.5109757781028748,0.489089697599411,0.0025279484689235687,0.673882246017456,0.44628041982650757,0.8433486223220825,-0.11818651854991913,0.876278281211853,0.5062319040298462,0.4712148606777191,0.01090564951300621,0.6877227425575256,0.4504360258579254,0.8741180300712585,-0.18076500296592712,0.8904127478599548,0.4786945879459381,0.5065314173698425,0.01261697243899107,0.6677416563034058,117.2466026256203,30.0,128.80607972857948,-32.65686229075456,4969.618327048174
240,8.0,0.49293678998947144,0.1993752121925354,0.07505815476179123,0.9797238111495972,0.48330676555633545,0.21040338277816772,0.06585654616355896,0.9713510274887085,0.47671884298324585,0.2102482169866562,0.06569202244281769,0.9696725010871887,0.4660119414329529,0.21171198785305023,0.06567730754613876,0.974476158618927,0.4952777922153473,0.21734276413917542,0.06539677828550339,0.9815748929977417,0.49862781167030334,0.22223986685276031,0.06512001156806946,0.9836059212684631,0.5017392039299011,0.22699178755283356,0.06491947919130325,0.9895814061164856,0.45914706587791443,0.2185218185186386,0.04022487625479698,0.9804592728614807,0.5099881887435913,0.2330944687128067,0.03764577955007553,0.9854205250740051,0.49034008383750916,0.19471371173858643,0.0731172263622284,0.9809011816978455,0.5042295455932617,0.2019764631986618,0.07102430611848831,0.9830165505409241,0.48849600553512573,0.18967419862747192,0.08109483867883682,0.9999256134033203,0.5411412119865417,0.26644614338874817,0.007327382452785969,0.9997197389602661,0.49140244722366333,0.12394963204860687,0.2109563648700714,0.6747767925262451,0.5792267918586731,0.37757420539855957,0.010299419984221458,0.5771224498748779,0.5049668550491333,0.07753347605466843,0.39396101236343384,0.7220904231071472,0.539002001285553,0.4389845132827759,0.04754434898495674,0.5772106051445007,0.5036572813987732,0.0668923556804657,0.42958059906959534,0.7200283408164978,0.5307952165603638,0.45774921774864197,0.04608792066574097,0.5656801462173462,0.5064042210578918,0.07010825723409653,0.41449686884880066,0.7215155363082886,0.5282267928123474,0.4579298496246338,0.04524318128824234,0.5659563541412354,0.5069947242736816,0.07584820687770844,0.39469024538993835,0.7071253657341003,0.5298673510551453,0.4513341188430786,0.047694943845272064,0.5530434250831604,0.4811996817588806,0.39876097440719604,0.03777031600475311,0.9999874234199524,0.5249038934707642,0.41191965341567993,-0.03825007751584053,0.9999657869338989,0.46529021859169006,0.6156289577484131,0.006453400477766991,0.8731379508972168,0.5115364193916321,0.6215562224388123,-0.07271131128072739,0.7538638114929199,0.44928818941116333,0.8151964545249939,-0.0383535772562027,0.8962789177894592,0.5147936940193176,0.4827691614627838,-0.04555416479706764,0.609748899936676,0.44865110516548157,0.8428075313568115,-0.045405443757772446,0.85466468334198,0.5067775845527649,0.4663276672363281,-0.039347779005765915,0.6259181499481201,0.447754830121994,0.8832936882972717,-0.10150232911109924,0.8484717011451721,0.48194578289985657,0.4995570480823517,-0.040747445076704025,0.6049332618713379,123.95589803154336,30.0,133.49630292109728,103.68209351009753,2941.602592290149
241,8.033333333333333,0.5285713076591492,0.21251370012760162,-0.24490942060947418,0.9815359115600586,0.5180973410606384,0.23387275636196136,-0.2612771689891815,0.9739669561386108,0.5143278241157532,0.23434177041053772,-0.26156336069107056,0.9723376035690308,0.5101781487464905,0.23528912663459778,-0.26163214445114136,0.9768113493919373,0.5266801118850708,0.23658494651317596,-0.26170283555984497,0.9832989573478699,0.529162585735321,0.23965807259082794,-0.2620376646518707,0.9850961565971375,0.5318912267684937,0.24295741319656372,-0.2622012495994568,0.9905208945274353,0.5012144446372986,0.2333381325006485,-0.2676924169063568,0.9821376204490662,0.5314215421676636,0.24796777963638306,-0.2680247724056244,0.9865056276321411,0.5237935185432434,0.1956832855939865,-0.23497404158115387,0.9825839400291443,0.5331361889839172,0.20257312059402466,-0.23683834075927734,0.984552264213562,0.4838900566101074,0.1777614802122116,-0.20911307632923126,0.9999297857284546,0.5493612289428711,0.26767876744270325,-0.17942887544631958,0.9997424483299255,0.45602065324783325,0.12808652222156525,-0.0896531492471695,0.6757421493530273,0.6122111678123474,0.36574864387512207,-0.1460314840078354,0.5429167747497559,0.44078701734542847,0.07240686565637589,0.09377890080213547,0.7157408595085144,0.5924381613731384,0.44208380579948425,-0.0030368855223059654,0.5333881378173828,0.43224769830703735,0.0615650899708271,0.11990543454885483,0.7049293518066406,0.5887407064437866,0.4624468982219696,-0.08409368246793747,0.5184275507926941,0.43266838788986206,0.05890866741538048,0.12007082253694534,0.7056004405021667,0.5827610492706299,0.4625331461429596,-0.07427731156349182,0.5178910493850708,0.4370180070400238,0.06501559168100357,0.10523853451013565,0.6822981238365173,0.5812841653823853,0.4554002583026886,0.0373726561665535,0.5038266181945801,0.4728325307369232,0.39301982522010803,-0.0055475374683737755,0.9999879002571106,0.519817054271698,0.40219658613204956,0.005040662828832865,0.9999685287475586,0.478812038898468,0.6155589818954468,-0.1587769240140915,0.8251261711120605,0.5065680742263794,0.6154452562332153,-0.09790292382240295,0.7214334011077881,0.5473876595497131,0.5714985728263855,-0.14770415425300598,0.8324295878410339,0.510298490524292,0.802283525466919,-0.09811389446258545,0.6091709733009338,0.542464017868042,0.6226823329925537,-0.14924079179763794,0.788066565990448,0.48048126697540283,0.8023084402084351,-0.09996006637811661,0.5930855870246887,0.5367258787155151,0.6305878162384033,-0.18797309696674347,0.7907978296279907,0.45694583654403687,0.8136928081512451,-0.15059241652488708,0.5879265666007996,123.84022860873897,30.0,135.7182192959193,163.44997719525537,979.5891293287348
242,8.066666666666666,0.5846177935600281,0.19835694134235382,-0.3119382858276367,0.9833453297615051,0.5835068225860596,0.21758773922920227,-0.3241153657436371,0.9765468239784241,0.5811482667922974,0.21854157745838165,-0.3243885934352875,0.9750698804855347,0.5787016749382019,0.219637930393219,-0.3243861198425293,0.9791088700294495,0.5865041613578796,0.22063268721103668,-0.31808939576148987,0.984957754611969,0.5864649415016174,0.2243480533361435,-0.3183225989341736,0.9865742921829224,0.5864195227622986,0.22868479788303375,-0.31841808557510376,0.9914615750312805,0.5630000233650208,0.22753995656967163,-0.326588898897171,0.9838985204696655,0.57135009765625,0.2448737472295761,-0.29511192440986633,0.987838864326477,0.5738300085067749,0.18995407223701477,-0.3021336495876312,0.9842900037765503,0.5782111883163452,0.19255636632442474,-0.2951868176460266,0.9860721230506897,0.4942612946033478,0.17414453625679016,-0.31055277585983276,0.9999335408210754,0.5562482476234436,0.26345035433769226,-0.16966447234153748,0.9997617602348328,0.4343213438987732,0.14476346969604492,-0.2694219946861267,0.7070347666740417,0.6266408562660217,0.3499789834022522,-0.10154633224010468,0.5208215117454529,0.3902430236339569,0.07011987268924713,-0.22780756652355194,0.7413671016693115,0.6272479295730591,0.44348523020744324,-0.014447424560785294,0.505398690700531,0.3693389892578125,0.06107047200202942,-0.25154444575309753,0.7298562526702881,0.6324460506439209,0.4638717472553253,-0.016687558963894844,0.49031785130500793,0.3713292181491852,0.05577739328145981,-0.2455664724111557,0.7300553917884827,0.627051591873169,0.4647620916366577,-0.036267220973968506,0.4897288382053375,0.379573792219162,0.062026116997003555,-0.22214801609516144,0.7044032216072083,0.6224173307418823,0.45688095688819885,-0.017854442819952965,0.4694751799106598,0.4722636044025421,0.38888898491859436,-0.05246341601014137,0.9999889731407166,0.5171502232551575,0.40389469265937805,0.05236789211630821,0.9999715685844421,0.4788193106651306,0.6131837964057922,-0.15980681777000427,0.841448962688446,0.501846432685852,0.6080570220947266,0.059451352804899216,0.716149628162384,0.5850636959075928,0.5389742851257324,-0.025165626779198647,0.8459830284118652,0.5544452667236328,0.7011995315551758,0.19400030374526978,0.6338095664978027,0.592383086681366,0.5033646821975708,-0.04475976526737213,0.8044201731681824,0.5635173320770264,0.7052487134933472,0.20686393976211548,0.6119762659072876,0.628138542175293,0.5824248194694519,-0.034680768847465515,0.8074405789375305,0.5581647157669067,0.7212446331977844,0.16359680891036987,0.608125627040863,147.37519284058197,30.0,144.39296806744764,168.9880354653465,-2274.829607008214
243,8.1,0.611533522605896,0.1863458901643753,-0.04386875405907631,0.9849465489387512,0.6113584041595459,0.20517900586128235,-0.05646870285272598,0.9788681864738464,0.6091736555099487,0.20696716010570526,-0.05672304704785347,0.9775319695472717,0.6067746877670288,0.20889127254486084,-0.05672013387084007,0.9811760187149048,0.6131412982940674,0.20638979971408844,-0.04980602115392685,0.9864470362663269,0.6123384237289429,0.20908750593662262,-0.049959708005189896,0.9879006743431091,0.6113492250442505,0.21228383481502533,-0.05000198632478714,0.9923056960105896,0.591374397277832,0.219216987490654,-0.09655634313821793,0.9854933619499207,0.5950294137001038,0.22696226835250854,-0.060474593192338943,0.9890366792678833,0.5986445546150208,0.1782115399837494,-0.049007073044776917,0.9857879877090454,0.6016215085983276,0.17780959606170654,-0.04201829433441162,0.9874100089073181,0.4984420835971832,0.17243562638759613,-0.1701015681028366,0.9999391436576843,0.5537817478179932,0.24981528520584106,0.03370552882552147,0.999761164188385,0.4284133315086365,0.14868798851966858,-0.202124685049057,0.7350159287452698,0.6064021587371826,0.33595016598701477,0.10626974701881409,0.4911923408508301,0.3666687309741974,0.07587660849094391,-0.20845481753349304,0.7658531069755554,0.6380053162574768,0.4284311830997467,0.1563042551279068,0.48377522826194763,0.34278690814971924,0.06889893114566803,-0.23982883989810944,0.75468510389328,0.6428272724151611,0.4558834731578827,0.1578136384487152,0.4735879600048065,0.34403106570243835,0.06263703852891922,-0.21996136009693146,0.7546170353889465,0.6390866637229919,0.45889317989349365,0.14515915513038635,0.47224873304367065,0.3515304625034332,0.06757945567369461,-0.19856590032577515,0.728142499923706,0.634109377861023,0.443234920501709,0.15262103080749512,0.44485950469970703,0.4666600525379181,0.39833691716194153,-0.08542921394109726,0.9999896287918091,0.5066831707954407,0.4091832637786865,0.08544259518384933,0.9999730587005615,0.48133039474487305,0.6104102730751038,-0.07633809000253677,0.8552802801132202,0.5024719834327698,0.5875074863433838,0.1849711537361145,0.6661813855171204,0.5396007299423218,0.7729501128196716,0.004027446266263723,0.8576931953430176,0.6052027940750122,0.5248741507530212,0.31842002272605896,0.5966896414756775,0.5413414835929871,0.8191309571266174,0.012421859428286552,0.8159236907958984,0.6139500141143799,0.4889816343784332,0.3338994085788727,0.6085332036018372,0.46689990162849426,0.8299819827079773,-0.03498692810535431,0.820119321346283,0.6467313766479492,0.5573295950889587,0.30440661311149597,0.5820532441139221,166.28078179932425,30.0,146.9840883269424,11.794670061374433,-4322.247095098767
244,8.133333333333333,0.6105006337165833,0.15837518870830536,0.1028057113289833,0.9862869381904602,0.6135523915290833,0.1849527209997177,0.0889476016163826,0.9808768630027771,0.6119919419288635,0.18841588497161865,0.08871293812990189,0.9796722531318665,0.6103484034538269,0.19153401255607605,0.08872880786657333,0.9829688668251038,0.6143502593040466,0.18340720236301422,0.10080524533987045,0.9877393841743469,0.6133661270141602,0.18602414429187775,0.10066532343626022,0.9890594482421875,0.6122993230819702,0.18873316049575806,0.10065602511167526,0.9930450320243835,0.597495436668396,0.20422981679439545,0.03342990577220917,0.9868890047073364,0.5990718603134155,0.2047799825668335,0.08949875831604004,0.9900833964347839,0.5968695878982544,0.15736477077007294,0.08949806541204453,0.986997127532959,0.598047137260437,0.15630361437797546,0.10320572555065155,0.9885367155075073,0.5222594141960144,0.16671718657016754,-0.11586642265319824,0.9999439120292664,0.550832986831665,0.23794634640216827,0.17106279730796814,0.9997656345367432,0.45198097825050354,0.15329203009605408,-0.1318797916173935,0.7611843943595886,0.579719603061676,0.3099016845226288,0.28968924283981323,0.4651336073875427,0.39522916078567505,0.08966754376888275,-0.10439027100801468,0.7884564399719238,0.6059349179267883,0.38570472598075867,0.36816659569740295,0.49377092719078064,0.373585969209671,0.08370985090732574,-0.12765391170978546,0.7777360677719116,0.6120691299438477,0.41061827540397644,0.38140159845352173,0.4907875657081604,0.3733232915401459,0.07698885351419449,-0.1082301139831543,0.7774672508239746,0.6103793382644653,0.4110707938671112,0.36756905913352966,0.48902562260627747,0.3801908791065216,0.08225516974925995,-0.09389854222536087,0.7515038251876831,0.6063671708106995,0.40005919337272644,0.3644580543041229,0.45511069893836975,0.4748142957687378,0.3961629271507263,-0.10482878983020782,0.9999901652336121,0.49268147349357605,0.4119381606578827,0.10494706779718399,0.9999740719795227,0.4896661639213562,0.6053287982940674,-0.09248805046081543,0.8693210482597351,0.4975476562976837,0.5791239142417908,0.199153333902359,0.6334483623504639,0.5277413725852966,0.8071515560150146,-0.024880150333046913,0.8705030679702759,0.5792528390884399,0.47622984647750854,0.38539907336235046,0.5647022724151611,0.5401204228401184,0.8522055149078369,-0.017777837812900543,0.8303407430648804,0.580942690372467,0.4465004503726959,0.4066164791584015,0.6114741563796997,0.4746728241443634,0.8655382394790649,-0.09609368443489075,0.8350598812103271,0.5933168530464172,0.46455588936805725,0.39150771498680115,0.5590620040893555,167.4216397860259,30.0,145.1792794048726,-119.16177087457129,-2303.2470956561588
245,8.166666666666666,0.593119740486145,0.1613185703754425,0.23024265468120575,0.9872923493385315,0.5957511067390442,0.18042254447937012,0.22394779324531555,0.9824709892272949,0.5947104096412659,0.1821456402540207,0.2237059473991394,0.9814195036888123,0.5937002897262573,0.18376074731349945,0.22372262179851532,0.9844890832901001,0.5965553522109985,0.18036293983459473,0.23784415423870087,0.9886845946311951,0.5961567759513855,0.18221046030521393,0.23769856989383698,0.9898592233657837,0.5957943201065063,0.1841692477464676,0.23769544064998627,0.9935625195503235,0.5858411192893982,0.19381305575370789,0.18720704317092896,0.9880838394165039,0.5870290398597717,0.1965237706899643,0.2525756061077118,0.9907045960426331,0.5828402638435364,0.1552136242389679,0.22118845582008362,0.9877942204475403,0.5842369198799133,0.15564271807670593,0.23778417706489563,0.9891610741615295,0.54556804895401,0.1663198471069336,0.05389750376343727,0.999949038028717,0.5365811586380005,0.20177948474884033,0.30359402298927307,0.9996363520622253,0.49053558707237244,0.1590566188097,-0.009845837019383907,0.7842968702316284,0.4971253275871277,0.28796085715293884,0.3882390558719635,0.41915926337242126,0.43502870202064514,0.10046287626028061,-0.04225941747426987,0.8076248168945312,0.4953352212905884,0.28228524327278137,0.46322473883628845,0.4446445405483246,0.42301905155181885,0.09161253273487091,-0.12627428770065308,0.7969722747802734,0.501806914806366,0.2841053009033203,0.47812381386756897,0.44213712215423584,0.4237178862094879,0.08629690110683441,-0.039823200553655624,0.7961360216140747,0.49928560853004456,0.2710880935192108,0.46821126341819763,0.4405745565891266,0.4274565279483795,0.0931643694639206,-0.0252363458275795,0.7685019373893738,0.49614742398262024,0.26285502314567566,0.4587950110435486,0.4101146161556244,0.49308159947395325,0.38787728548049927,-0.083631731569767,0.9999902248382568,0.47465991973876953,0.40185484290122986,0.08360833674669266,0.9999698400497437,0.5027612447738647,0.5945436954498291,-0.11310776323080063,0.881187379360199,0.4821687638759613,0.589549720287323,0.08633732050657272,0.5802242755889893,0.5290991067886353,0.8068653345108032,-0.08950743824243546,0.8752593994140625,0.5488117337226868,0.5061360001564026,0.34143856167793274,0.5097638368606567,0.5411521196365356,0.8478121757507324,-0.08732383698225021,0.824575662612915,0.5482436418533325,0.47496992349624634,0.3724197745323181,0.5629295110702515,0.4836948812007904,0.8660428524017334,-0.18082745373249054,0.8368303775787354,0.5467623472213745,0.48177310824394226,0.37443819642066956,0.5070655941963196,128.33214420202575,30.0,139.03997026863766,-141.75513631570283,457.6845622569842
246,8.2,0.5525301694869995,0.16187572479248047,0.08703447133302689,0.9818758368492126,0.5607330799102783,0.16705180704593658,0.20519617199897766,0.9756128191947937,0.5637063980102539,0.16781939566135406,0.20391254127025604,0.9740632772445679,0.5670897960662842,0.16834807395935059,0.2037915289402008,0.9801991581916809,0.5545788407325745,0.16514627635478973,0.13395945727825165,0.9837262630462646,0.5531079173088074,0.16462823748588562,0.1344548761844635,0.9847995042800903,0.55184006690979,0.16391631960868835,0.13545942306518555,0.9909065961837769,0.5809338688850403,0.1736920177936554,0.02149965800344944,0.984257161617279,0.5491487383842468,0.16750986874103546,0.05062699690461159,0.9825451374053955,0.5507163405418396,0.16140230000019073,0.2147715985774994,0.9776146411895752,0.54355788230896,0.1606520563364029,0.11583640426397324,0.9819511771202087,0.549901008605957,0.1754988729953766,-0.008862768299877644,0.9999325275421143,0.4902418255805969,0.20696066319942474,0.10326019674539566,0.9994838237762451,0.5388143658638,0.15865615010261536,0.06847049295902252,0.7172033190727234,0.45354944467544556,0.28074127435684204,0.21573765575885773,0.3779161870479584,0.5374677181243896,0.15848983824253082,0.1614818572998047,0.7296632528305054,0.4845724403858185,0.31843534111976624,0.31530970335006714,0.40041664242744446,0.5378649830818176,0.18029534816741943,0.16155606508255005,0.7207484245300293,0.49006494879722595,0.32546019554138184,0.3248476982116699,0.3982258439064026,0.5371543169021606,0.16192208230495453,0.15782448649406433,0.7198294401168823,0.49074071645736694,0.3236333131790161,0.3179590404033661,0.39683470129966736,0.5367645621299744,0.18028958141803741,0.16377942264080048,0.6945471167564392,0.4911171495914459,0.3147711753845215,0.31422731280326843,0.36946719884872437,0.5149624943733215,0.389752060174942,-0.047409676015377045,0.9999880790710449,0.47328993678092957,0.39177680015563965,0.047362979501485825,0.9999621510505676,0.5154827833175659,0.5943009257316589,-0.04044457897543907,0.8577422499656677,0.47714346647262573,0.5931392312049866,0.013347867876291275,0.5270658731460571,0.5240052938461304,0.797636866569519,0.007749703247100115,0.8492164015769958,0.4987199902534485,0.49652206897735596,0.2712874114513397,0.45960214734077454,0.5327634811401367,0.8266960382461548,0.011276671662926674,0.761695384979248,0.5093141794204712,0.4664115905761719,0.3013761341571808,0.5078688859939575,0.49231693148612976,0.8672783970832825,-0.0829223170876503,0.7906633615493774,0.5048521161079407,0.4937598407268524,0.30567455291748047,0.4571962356567383,146.15628951495626,30.0,135.72893698382575,-88.64946672410568,2409.55813602625
247,8.233333333333333,0.5121035575866699,0.16647428274154663,0.3426770567893982,0.9816111326217651,0.5149841904640198,0.17563176155090332,0.35510510206222534,0.9733759164810181,0.5165084004402161,0.17540964484214783,0.35493916273117065,0.9709521532058716,0.5181205868721008,0.17533473670482635,0.3549982011318207,0.9778586626052856,0.5115612745285034,0.17596465349197388,0.34526291489601135,0.9834538102149963,0.5107865929603577,0.17647555470466614,0.34492576122283936,0.9847138524055481,0.5099784135818481,0.17681452631950378,0.34486123919487,0.9909856915473938,0.5245094895362854,0.173721581697464,0.36255964636802673,0.98226398229599,0.5105267763137817,0.1743275672197342,0.3243729770183563,0.9826553463935852,0.5196837186813354,0.1648935228586197,0.35133495926856995,0.9766440391540527,0.5130801796913147,0.16815908253192902,0.33717039227485657,0.9821388125419617,0.5480673909187317,0.1766768842935562,0.3307887613773346,0.999933123588562,0.48051685094833374,0.2015754133462906,0.22951404750347137,0.9995302557945251,0.5409613251686096,0.19056285917758942,0.27780672907829285,0.6547357439994812,0.3991487920284271,0.2764602601528168,0.19032517075538635,0.38051092624664307,0.5652434825897217,0.13586434721946716,0.1891247183084488,0.6707247495651245,0.4424618184566498,0.33910736441612244,0.20844106376171112,0.3851913511753082,0.5778919458389282,0.1321713924407959,0.17823505401611328,0.6747021675109863,0.4465937614440918,0.35660505294799805,0.20158132910728455,0.381276398897171,0.5735810399055481,0.12736321985721588,0.1799531877040863,0.6733689308166504,0.45107415318489075,0.35445111989974976,0.2104635089635849,0.3796178102493286,0.5741444826126099,0.16346733272075653,0.18836496770381927,0.6504263281822205,0.45046985149383545,0.34887194633483887,0.21253275871276855,0.3551348149776459,0.5248187184333801,0.39004990458488464,0.02228054217994213,0.9999886155128479,0.47849178314208984,0.3866029679775238,-0.02273714542388916,0.999964714050293,0.5171286463737488,0.5997523665428162,0.016883905977010727,0.8709195852279663,0.4758448898792267,0.5968993306159973,-0.058360807597637177,0.5678361058235168,0.5151370167732239,0.7911096215248108,0.08555028587579727,0.8570706844329834,0.449319064617157,0.47216540575027466,0.2489728480577469,0.438040167093277,0.5070664882659912,0.8019992113113403,0.09170529991388321,0.7687731385231018,0.42832183837890625,0.46877479553222656,0.2516438364982605,0.4862059950828552,0.5015484690666199,0.86237633228302,0.04115709289908409,0.7953720092773438,0.4313710629940033,0.4675256907939911,0.26287585496902466,0.4304051399230957,92.85251619401261,30.0,133.13000582036395,18.88207275271384,2977.7678747346154
248,8.266666666666666,0.45411279797554016,0.15500809252262115,0.2552819848060608,0.9832465052604675,0.4530037045478821,0.1574956178665161,0.2685258686542511,0.9757893681526184,0.45493727922439575,0.15702074766159058,0.26835164427757263,0.9736156463623047,0.4568014442920685,0.15671563148498535,0.2682964503765106,0.9799376130104065,0.4491373896598816,0.1610211879014969,0.26024845242500305,0.9849492311477661,0.44839704036712646,0.16305486857891083,0.2598423659801483,0.9860779643058777,0.44759848713874817,0.1650540828704834,0.2596891522407532,0.9917339086532593,0.46413087844848633,0.1581171154975891,0.2881392240524292,0.9840025901794434,0.4508737623691559,0.17097699642181396,0.25194481015205383,0.9841068983078003,0.46652594208717346,0.1565575897693634,0.26447007060050964,0.9788845777511597,0.45982828736305237,0.161995068192482,0.25261110067367554,0.9837632775306702,0.5412299036979675,0.16853591799736023,0.3150842487812042,0.9999387860298157,0.46522045135498047,0.21294191479682922,0.1562308967113495,0.999569296836853,0.5828821063041687,0.18344545364379883,0.4030914008617401,0.6708605289459229,0.39584457874298096,0.26735758781433105,0.1250879466533661,0.43745553493499756,0.6213102340698242,0.10069722682237625,0.49683842062950134,0.7025935649871826,0.39903339743614197,0.3341969847679138,0.05995967239141464,0.42759212851524353,0.642592191696167,0.09242299199104309,0.5206593871116638,0.7063474059104919,0.39636296033859253,0.3524067997932434,0.03867928311228752,0.42091065645217896,0.6394318342208862,0.09234049171209335,0.5021184682846069,0.7052679657936096,0.39874741435050964,0.35505539178848267,0.049754198640584946,0.42029064893722534,0.6311105489730835,0.10052923113107681,0.492583692073822,0.6845726370811462,0.4005967080593109,0.3477422595024109,0.06134956702589989,0.3970993757247925,0.5296195149421692,0.3894936740398407,0.05092736706137657,0.999988853931427,0.47920000553131104,0.38622575998306274,-0.05105765536427498,0.9999658465385437,0.512309730052948,0.5969007611274719,0.1372925341129303,0.8829761147499084,0.478393018245697,0.5991589426994324,-0.09861046820878983,0.6110042333602905,0.49001333117485046,0.7820393443107605,0.1972658634185791,0.8706824779510498,0.4106524884700775,0.4485892951488495,0.060413483530282974,0.4929087460041046,0.47564297914505005,0.7996864318847656,0.19872251152992249,0.7900947332382202,0.41066375374794006,0.41777661442756653,0.07888837903738022,0.5356763601303101,0.5014570951461792,0.8577849864959717,0.14235350489616394,0.8149498701095581,0.37057623267173767,0.46475282311439514,0.0869634598493576,0.48585352301597595,128.5720395444102,30.0,136.98774183400667,109.86839159153533,1287.2105490102904
249,8.3,0.4225133955478668,0.13906294107437134,-0.11251378804445267,0.9848701357841492,0.4196089804172516,0.15308712422847748,-0.11525312811136246,0.9781091213226318,0.4210667014122009,0.15480369329452515,-0.1155497282743454,0.9761675596237183,0.4223876893520355,0.15631112456321716,-0.11553573608398438,0.9818835854530334,0.4189298748970032,0.15583358705043793,-0.12260107696056366,0.9864097237586975,0.4196651875972748,0.15853942930698395,-0.12295416742563248,0.9874350428581238,0.42027273774147034,0.16114391386508942,-0.1231730654835701,0.9925179481506348,0.4334883987903595,0.16113479435443878,-0.10115253180265427,0.9855909943580627,0.43009504675865173,0.17103895545005798,-0.13431668281555176,0.9856492877006531,0.4399501085281372,0.14475402235984802,-0.10166630148887634,0.9809656143188477,0.43805864453315735,0.14795206487178802,-0.1125517264008522,0.9853543043136597,0.5398261547088623,0.1674308478832245,0.021913619711995125,0.9999443888664246,0.46977391839027405,0.20418599247932434,-0.17073513567447662,0.9996106028556824,0.588493287563324,0.17197352647781372,0.2233169823884964,0.6926658749580383,0.3941928744316101,0.2702329456806183,-0.17229929566383362,0.49332401156425476,0.6407378315925598,0.08075322210788727,0.19839158654212952,0.7308347821235657,0.3722332715988159,0.3598899841308594,-0.1820463091135025,0.4836435914039612,0.6627180576324463,0.07188813388347626,0.20711944997310638,0.7341306805610657,0.3621506094932556,0.38121145963668823,-0.19960425794124603,0.4766979217529297,0.6637222170829773,0.07275267690420151,0.19476963579654694,0.7333067059516907,0.3643070459365845,0.3826533257961273,-0.20669712126255035,0.47603392601013184,0.6554040908813477,0.07804688811302185,0.1995147168636322,0.7145068645477295,0.3703208565711975,0.37977662682533264,-0.1870894432067871,0.4543408453464508,0.5255765318870544,0.38245534896850586,0.06609038263559341,0.9999895691871643,0.4892624318599701,0.38432613015174866,-0.06622925400733948,0.9999681711196899,0.5063881278038025,0.5880606770515442,0.18763603270053864,0.8935468792915344,0.47962304949760437,0.599521279335022,-0.10908094793558121,0.6498867273330688,0.4668866991996765,0.7818918824195862,0.25357356667518616,0.883545458316803,0.3861924111843109,0.4564669132232666,0.0254233218729496,0.5435798168182373,0.4449377655982971,0.8036477565765381,0.25412771105766296,0.8109130263328552,0.3797367811203003,0.41590309143066406,0.043148674070835114,0.582007646560669,0.5014423131942749,0.855234682559967,0.19955411553382874,0.8333432674407959,0.3304905593395233,0.4771330654621124,0.053827181458473206,0.5372180342674255,144.61465716372214,30.0,140.45456525979964,104.69610935339986,-975.2845151805246
250,8.333333333333334,0.40114879608154297,0.1354209929704666,-0.2738199234008789,0.9863819479942322,0.39702942967414856,0.1500386744737625,-0.27606460452079773,0.9802958965301514,0.3978785574436188,0.1517723649740219,-0.2763582468032837,0.9785483479499817,0.39865052700042725,0.15341347455978394,-0.2763431966304779,0.9836937189102173,0.3977012038230896,0.15316899120807648,-0.29018113017082214,0.9877679347991943,0.3989778757095337,0.15735284984111786,-0.29053443670272827,0.9886909127235413,0.4003303647041321,0.16194243729114532,-0.2906832695007324,0.9932653903961182,0.4113074541091919,0.16684633493423462,-0.24810756742954254,0.9870315194129944,0.4122393727302551,0.17695508897304535,-0.3135230243206024,0.9870824217796326,0.41191089153289795,0.13548830151557922,-0.2576765716075897,0.9828673005104065,0.41326358914375305,0.13972777128219604,-0.2778034508228302,0.9868172407150269,0.5037167072296143,0.16640140116214752,-0.13298194110393524,0.9999497532844543,0.46542271971702576,0.21141435205936432,-0.3271554708480835,0.9996489882469177,0.5635446310043335,0.15113556385040283,-0.020769702270627022,0.7142675518989563,0.42622050642967224,0.3043237626552582,-0.40818682312965393,0.5438376665115356,0.6138158440589905,0.057229336351156235,0.09474735707044601,0.7561339139938354,0.38430267572402954,0.3962804079055786,-0.5267981290817261,0.5350860953330994,0.6322382688522339,0.044595953077077866,0.12613993883132935,0.7589185237884521,0.37057119607925415,0.42212045192718506,-0.5671164989471436,0.5287254452705383,0.6332867741584778,0.04380936548113823,0.08552400767803192,0.7584577798843384,0.36896130442619324,0.4289422035217285,-0.579064667224884,0.5281041264533997,0.6262693405151367,0.0488298125565052,0.08416928350925446,0.741688072681427,0.37656229734420776,0.4181317389011383,-0.5379952788352966,0.5083816647529602,0.5134313106536865,0.3595546782016754,0.07317374646663666,0.9999905228614807,0.48973119258880615,0.3710809350013733,-0.07343419641256332,0.9999711513519287,0.49211761355400085,0.5792519450187683,0.09096816927194595,0.9032222032546997,0.47463932633399963,0.5592256784439087,-0.1360543817281723,0.6848571300506592,0.4395151436328888,0.7806886434555054,0.14485125243663788,0.8950795531272888,0.3914584517478943,0.4533357620239258,-0.12214162200689316,0.5891973376274109,0.41749218106269836,0.8155601024627686,0.17056956887245178,0.8296319246292114,0.3903525769710541,0.4256346523761749,-0.11580833792686462,0.6237515807151794,0.4879630208015442,0.8480557799339294,0.1010630875825882,0.8498835563659668,0.34451907873153687,0.48648110032081604,-0.12207093834877014,0.5834706425666809,169.1532522031639,30.0,143.96748245756666,44.849423912833686,-65.36243574530758
251,8.366666666666667,0.4002265930175781,0.13493870198726654,-0.22817650437355042,0.9877409934997559,0.39696773886680603,0.1501484215259552,-0.2279948592185974,0.9822604656219482,0.39812523126602173,0.15185266733169556,-0.2282762974500656,0.9806881546974182,0.39919039607048035,0.153435617685318,-0.22824348509311676,0.9853209853172302,0.3973211348056793,0.15368685126304626,-0.2402190864086151,0.9889885187149048,0.39877405762672424,0.1581776887178421,-0.24055255949497223,0.9898197650909424,0.4002941846847534,0.16301576793193817,-0.2406952828168869,0.9939361810684204,0.4107931852340698,0.16881681978702545,-0.19874002039432526,0.9883274435997009,0.4112403690814972,0.17812669277191162,-0.2538713216781616,0.9883677959442139,0.41052135825157166,0.13328032195568085,-0.21262098848819733,0.9845771193504333,0.4113161861896515,0.1381223201751709,-0.22995123267173767,0.9881312251091003,0.49913978576660156,0.16338686645030975,-0.09399842470884323,0.9999545812606812,0.4639844298362732,0.2102673351764679,-0.273574560880661,0.9996830224990845,0.560244619846344,0.1424938589334488,-0.03474779054522514,0.7379670739173889,0.43085548281669617,0.307289719581604,-0.3283018469810486,0.5893569588661194,0.6109899878501892,0.055065080523490906,0.009315656498074532,0.7798299193382263,0.38648721575737,0.39494961500167847,-0.42414340376853943,0.5814046859741211,0.6303063035011292,0.039874762296676636,0.021578747779130936,0.7821961641311646,0.3743607699871063,0.419308602809906,-0.459943562746048,0.5755428671836853,0.6314904689788818,0.03930414468050003,-0.009591982699930668,0.7819176316261292,0.3735888600349426,0.4239060878753662,-0.4733887314796448,0.5749518871307373,0.6246545910835266,0.04563869908452034,-0.0018190423725172877,0.766859233379364,0.3806632459163666,0.4130725562572479,-0.43552878499031067,0.5570344924926758,0.5095446705818176,0.3567516803741455,0.07468802481889725,0.9999913573265076,0.49033036828041077,0.371237188577652,-0.0749506875872612,0.999973714351654,0.48652198910713196,0.5742236971855164,0.09074640274047852,0.9118776917457581,0.4783853590488434,0.5678357481956482,-0.15522509813308716,0.7163585424423218,0.4378066658973694,0.7799045443534851,0.11189236491918564,0.905502438545227,0.39613696932792664,0.45676010847091675,-0.13629566133022308,0.6302698254585266,0.4163636863231659,0.818838357925415,0.12039230018854141,0.8465310335159302,0.3920697867870331,0.4262394309043884,-0.12942150235176086,0.6613525152206421,0.4851546287536621,0.8455682992935181,0.06502626091241837,0.8648023009300232,0.3437352776527405,0.49094006419181824,-0.13852591812610626,0.6251130104064941,162.58828438029101,30.0,143.44452685398855,100.33861363704602,-382.96711625863725
252,8.4,0.4196005165576935,0.141211599111557,0.05530819669365883,0.9887719750404358,0.4149591326713562,0.15572330355644226,0.05948081240057945,0.9837660789489746,0.4156719148159027,0.15732388198375702,0.05925525724887848,0.9823013544082642,0.4163767993450165,0.1587732583284378,0.05927511677145958,0.9866089820861816,0.4154546856880188,0.15840661525726318,0.04768260568380356,0.9899917840957642,0.4165012240409851,0.16227738559246063,0.04734330251812935,0.9907565116882324,0.4176095128059387,0.1664184331893921,0.047139134258031845,0.9944779872894287,0.4278739392757416,0.17031751573085785,0.08001914620399475,0.9894072413444519,0.4293123185634613,0.18068504333496094,0.024410070851445198,0.9893376231193542,0.4298650920391083,0.13972210884094238,0.0662059411406517,0.9859961867332458,0.43006032705307007,0.14338378608226776,0.049009039998054504,0.9892008304595947,0.4926985204219818,0.16281546652317047,0.14253118634223938,0.9999577403068542,0.46886828541755676,0.20387008786201477,-0.07239457964897156,0.9997124671936035,0.5402300357818604,0.12313883751630783,0.2567380666732788,0.6974251866340637,0.4736845791339874,0.30770343542099,-0.18396960198879242,0.5964391827583313,0.5846152901649475,0.03103368543088436,0.3777312636375427,0.7834756970405579,0.41532987356185913,0.3863706588745117,-0.3651806712150574,0.6107733249664307,0.5956878662109375,0.012096008285880089,0.40594062209129333,0.7830579876899719,0.41351139545440674,0.4122857451438904,-0.41070470213890076,0.6023232936859131,0.5962266325950623,0.010272946208715439,0.3807198405265808,0.7850625514984131,0.4129334092140198,0.41627129912376404,-0.4084566831588745,0.5999540686607361,0.5928974747657776,0.017938924953341484,0.3711397349834442,0.7715916037559509,0.4168705344200134,0.41010043025016785,-0.3715883791446686,0.5751485824584961,0.5073255300521851,0.3593011498451233,0.07152019441127777,0.9999873042106628,0.4920960068702698,0.3609510660171509,-0.07183123379945755,0.9999706149101257,0.4881778657436371,0.5665386915206909,0.06716273725032806,0.8351070880889893,0.4754423499107361,0.5518125295639038,-0.11252769827842712,0.716038703918457,0.4333095848560333,0.6827776432037354,0.10272614657878876,0.8291385769844055,0.4128526449203491,0.6007511615753174,-0.07822741568088531,0.6303381323814392,0.4242880046367645,0.6824501156806946,0.10652857273817062,0.783788800239563,0.40865835547447205,0.6094290614128113,-0.07231475412845612,0.6564065217971802,0.42001888155937195,0.7338747978210449,0.05189618840813637,0.7926316857337952,0.36679431796073914,0.6493967771530151,-0.11622180789709091,0.6127992868423462,153.47834112317986,30.0,150.65672336670306,19.318282828924538,-3367.2689927662936
253,8.433333333333334,0.4420260488986969,0.14440667629241943,-0.38614416122436523,0.9891420006752014,0.4383684992790222,0.1578396111726761,-0.39129531383514404,0.9846997857093811,0.4380960762500763,0.15938036143779755,-0.3915708661079407,0.9829955697059631,0.4375144839286804,0.16061601042747498,-0.3915371298789978,0.9873917698860168,0.43991953134536743,0.15878182649612427,-0.3956069052219391,0.9906489253044128,0.44074758887290955,0.1636870801448822,-0.3959943950176239,0.9912559986114502,0.4414375424385071,0.1692287027835846,-0.3962824046611786,0.9947462677955627,0.4435681998729706,0.17629264295101166,-0.34685248136520386,0.9898287057876587,0.44696131348609924,0.18949170410633087,-0.36561307311058044,0.9892178773880005,0.44778528809547424,0.14053909480571747,-0.36019518971443176,0.9869457483291626,0.44964754581451416,0.1457739621400833,-0.36738142371177673,0.9897820353507996,0.4681619703769684,0.15369009971618652,-0.20857280492782593,0.9999533891677856,0.4949248135089874,0.20424607396125793,-0.28889480233192444,0.9996725916862488,0.4931652843952179,0.06203211471438408,-0.04180197790265083,0.6432549953460693,0.5354565978050232,0.30806824564933777,-0.25187185406684875,0.5388956069946289,0.5057759881019592,0.015053439885377884,0.07834102213382721,0.7357568740844727,0.5011178851127625,0.34927475452423096,-0.2613079845905304,0.5533876419067383,0.5052185654640198,-0.010464457795023918,0.09659723192453384,0.7335532903671265,0.5055219531059265,0.36454516649246216,-0.2838243246078491,0.5453723669052124,0.5059274435043335,-0.004079526290297508,0.0627957284450531,0.7374290823936462,0.4898938238620758,0.36712801456451416,-0.2982853949069977,0.543064296245575,0.5069068074226379,0.0034179475624114275,0.07112613320350647,0.7226417660713196,0.49477681517601013,0.36134418845176697,-0.2690374255180359,0.5197339653968811,0.47829514741897583,0.33667999505996704,0.05358888953924179,0.9999802708625793,0.5013755559921265,0.35494691133499146,-0.053814806044101715,0.9999635219573975,0.4806246757507324,0.5515915751457214,0.05723467841744423,0.7548399567604065,0.4764014184474945,0.5544609427452087,-0.12782640755176544,0.6707760691642761,0.4466223418712616,0.6591067910194397,0.13616833090782166,0.7563174962997437,0.42434996366500854,0.7468051314353943,-0.11372972279787064,0.619373083114624,0.44117268919944763,0.6613549590110779,0.14237071573734283,0.7097170352935791,0.4213046729564667,0.7674645185470581,-0.11324533820152283,0.6059762835502625,0.43132713437080383,0.7114439606666565,0.06003189831972122,0.7220692038536072,0.4272947311401367,0.805472195148468,-0.21109676361083984,0.5858394503593445,113.36838206369262,30.0,144.73241237591685,-124.14598588070689,1404.9765636581847
254,8.466666666666667,0.4760895371437073,0.15457776188850403,-0.3852303624153137,0.9901918172836304,0.4694264233112335,0.16810809075832367,-0.38929131627082825,0.9862000942230225,0.46636056900024414,0.16822455823421478,-0.3896069824695587,0.9846591353416443,0.46257084608078003,0.1686667799949646,-0.38962799310684204,0.9886292815208435,0.47472187876701355,0.1741533726453781,-0.39819568395614624,0.9915692806243896,0.47605255246162415,0.1789552867412567,-0.39857110381126404,0.9921131730079651,0.4777265191078186,0.1839580535888672,-0.3987823724746704,0.995256781578064,0.4498840868473053,0.1773950308561325,-0.34298405051231384,0.9908272624015808,0.4768337607383728,0.19887202978134155,-0.3805776834487915,0.9902584552764893,0.4703701138496399,0.14449073374271393,-0.357024222612381,0.9882317185401917,0.4777646064758301,0.1531851589679718,-0.3698941469192505,0.9907843470573425,0.44697174429893494,0.15215659141540527,-0.24053631722927094,0.9999557733535767,0.5092595815658569,0.21149109303951263,-0.27230218052864075,0.999692976474762,0.4389472007751465,0.09671522676944733,-0.10028613358736038,0.6574593782424927,0.563772439956665,0.30676570534706116,-0.2008974850177765,0.5126772522926331,0.44230860471725464,0.015331672504544258,-0.010859232395887375,0.7510002255439758,0.5324294567108154,0.35359883308410645,-0.1655859649181366,0.5136826634407043,0.4387998878955841,-0.006515543907880783,-0.007889578118920326,0.746841549873352,0.5274105668067932,0.3737700879573822,-0.16572484374046326,0.5033637285232544,0.4408209025859833,-0.0072743031196296215,-0.024869145825505257,0.7509682774543762,0.5236179232597351,0.3762844502925873,-0.19343212246894836,0.5011693239212036,0.44218823313713074,0.0025499931070953608,-0.013161593116819859,0.7339679598808289,0.5232668519020081,0.3671520948410034,-0.17385992407798767,0.477761834859848,0.46203964948654175,0.33775022625923157,0.018930505961179733,0.9999798536300659,0.4870578944683075,0.35080379247665405,-0.019315076991915703,0.9999653697013855,0.47644248604774475,0.5591453313827515,-0.019952641800045967,0.7327658534049988,0.46995630860328674,0.532035768032074,-0.07572939246892929,0.6842166185379028,0.4872142970561981,0.5467671751976013,0.12143432348966599,0.7177832722663879,0.4300154745578766,0.7671133279800415,-0.03706233948469162,0.6502823233604431,0.4918002486228943,0.48481908440589905,0.13321533799171448,0.6610563397407532,0.4354318678379059,0.793144166469574,-0.03215516731142998,0.6101662516593933,0.4759364724159241,0.5641486048698425,0.10383069515228271,0.6857811808586121,0.441154420375824,0.8409977555274963,-0.09221676737070084,0.608840823173523,127.28014415869691,30.0,142.38032430798927,112.98338707280351,3876.6460260141475
255,8.5,0.525173544883728,0.15896689891815186,-0.2095290571451187,0.9909875392913818,0.52345210313797,0.17577658593654633,-0.20953774452209473,0.9873148202896118,0.5212861895561218,0.17701563239097595,-0.209808811545372,0.9858860969543457,0.518865168094635,0.17877186834812164,-0.2098059505224228,0.9895314574241638,0.526009738445282,0.1793511062860489,-0.21781636774539948,0.9922997355461121,0.525701105594635,0.18347996473312378,-0.21817688643932343,0.9927976727485657,0.5245339870452881,0.19004271924495697,-0.21840550005435944,0.9956568479537964,0.5059966444969177,0.18884018063545227,-0.1930048167705536,0.991561233997345,0.5136370062828064,0.20656515657901764,-0.22057127952575684,0.9911291599273682,0.5143932104110718,0.15308813750743866,-0.19094157218933105,0.989227294921875,0.5185285210609436,0.15786516666412354,-0.20800727605819702,0.9916093349456787,0.44918394088745117,0.1455574929714203,-0.1634605973958969,0.9999496936798096,0.5147619247436523,0.21316666901111603,-0.06560657173395157,0.9997185468673706,0.39306458830833435,0.10917996615171432,-0.09323664009571075,0.6870715022087097,0.5841372609138489,0.30145543813705444,0.07303140312433243,0.489640474319458,0.3903558552265167,0.023588836193084717,0.005360865965485573,0.7696199417114258,0.5757014751434326,0.3577900528907776,0.209944486618042,0.5192514657974243,0.3780989646911621,-0.002461675088852644,-0.001966943498700857,0.7642729878425598,0.5756867527961731,0.3768647015094757,0.2268008589744568,0.507408618927002,0.3822912275791168,-0.005668540019541979,-0.0012500949669629335,0.7674380540847778,0.5677289366722107,0.38211071491241455,0.20523366332054138,0.5039409399032593,0.3880639374256134,0.006490900181233883,0.009336987510323524,0.7478418946266174,0.5645421743392944,0.37160640954971313,0.20575116574764252,0.4745030105113983,0.4404858350753784,0.342744380235672,-0.04051101952791214,0.9999812245368958,0.47624722123146057,0.3531669080257416,0.04029998555779457,0.9999685287475586,0.4517088234424591,0.5623124837875366,-0.1619487702846527,0.7556673288345337,0.4656386077404022,0.5441389083862305,-0.02773023396730423,0.6826138496398926,0.542622983455658,0.47989603877067566,-0.019119156524538994,0.7374998927116394,0.447445273399353,0.7883602380752563,0.02422092668712139,0.6797457933425903,0.5420512557029724,0.4408760666847229,-0.004116821568459272,0.6773048639297485,0.4587385058403015,0.8221973776817322,0.024311384186148643,0.6213832497596741,0.5789355039596558,0.5066244006156921,-0.002544461516663432,0.7079411149024963,0.4377923607826233,0.8423231244087219,-0.0890805721282959,0.6378920078277588,152.05008507431833,30.0,152.26463818077042,134.2970825202363,-3881.9992564058084
256,8.533333333333333,0.5580430626869202,0.15478411316871643,-0.3385407626628876,0.9918597936630249,0.5580658316612244,0.17331475019454956,-0.34822186827659607,0.9885619878768921,0.5558958053588867,0.17528203129768372,-0.3485362231731415,0.9872695803642273,0.5531717538833618,0.17758524417877197,-0.3485517203807831,0.9905602931976318,0.5601204633712769,0.17538827657699585,-0.34521040320396423,0.9930592179298401,0.5594945549964905,0.17900724709033966,-0.3454757630825043,0.993506133556366,0.558530867099762,0.183983713388443,-0.3455488979816437,0.9960834980010986,0.5362879633903503,0.1888037621974945,-0.3350743055343628,0.9923852682113647,0.5404278635978699,0.2039712518453598,-0.3162218928337097,0.9920011162757874,0.5455244183540344,0.14847423136234283,-0.32189494371414185,0.9902657866477966,0.5496482849121094,0.15177112817764282,-0.31905597448349,0.9924243688583374,0.45247939229011536,0.14150093495845795,-0.31599143147468567,0.999950647354126,0.5104050636291504,0.20728741586208344,-0.15055321156978607,0.9997385144233704,0.37699881196022034,0.1268681138753891,-0.2469293475151062,0.7157694697380066,0.5689173936843872,0.3001660108566284,-0.028756415471434593,0.45897480845451355,0.3542536795139313,0.02909499779343605,-0.1651768684387207,0.7873284220695496,0.5909937024116516,0.3763156235218048,0.08625027537345886,0.48230382800102234,0.33506739139556885,0.00822650920599699,-0.18648399412631989,0.7805508971214294,0.5984588265419006,0.4022334814071655,0.09751012176275253,0.47135525941848755,0.3372621238231659,0.005205230787396431,-0.179992213845253,0.7825533747673035,0.5912229418754578,0.40330037474632263,0.07582555711269379,0.4682502746582031,0.3447188138961792,0.013707338832318783,-0.15905366837978363,0.7581126689910889,0.5850486159324646,0.3916258215904236,0.08148906379938126,0.4374430477619171,0.4277346432209015,0.3470793664455414,-0.0639292523264885,0.9999827742576599,0.4587070047855377,0.35753509402275085,0.06387200206518173,0.9999715089797974,0.4475651979446411,0.5646393299102783,-0.1710977703332901,0.7783865928649902,0.4621789753437042,0.5486657619476318,0.03991832211613655,0.6604682803153992,0.5560819506645203,0.47425639629364014,-0.002482552547007799,0.7592452764511108,0.4637473225593567,0.7757542133331299,0.18591560423374176,0.6981390118598938,0.5599337816238403,0.4391906261444092,0.015450125560164452,0.7027531862258911,0.49922120571136475,0.7536135911941528,0.19890935719013214,0.6356016397476196,0.5966875553131104,0.504345178604126,-0.0010428741807118058,0.7321614623069763,0.44643285870552063,0.8087345361709595,0.14966244995594025,0.6553716063499451,167.62588631674288,30.0,151.3334631426717,-145.81656335425038,-5863.6656679076805
257,8.566666666666666,0.5599257349967957,0.13620540499687195,-0.2364310771226883,0.9926424026489258,0.5624058842658997,0.15788282454013824,-0.24258747696876526,0.9896926879882812,0.5607557892799377,0.1610533446073532,-0.24287621676921844,0.9885286092758179,0.5587688088417053,0.1642666608095169,-0.24286583065986633,0.9914926290512085,0.5638331770896912,0.15733160078525543,-0.24512849748134613,0.9937436580657959,0.563342273235321,0.16008584201335907,-0.245477095246315,0.9941456913948059,0.5627323985099792,0.1632130891084671,-0.24564753472805023,0.9964686036109924,0.5430755615234375,0.17761147022247314,-0.24317367374897003,0.9931367039680481,0.5462951064109802,0.1796143651008606,-0.25328466296195984,0.9927883744239807,0.5463571548461914,0.13151942193508148,-0.2226170003414154,0.9911817312240601,0.5489458441734314,0.13078245520591736,-0.22679883241653442,0.9931437969207764,0.4574390947818756,0.14258407056331635,-0.2749781608581543,0.9999531507492065,0.5090599656105042,0.19043251872062683,-0.059265438467264175,0.999702513217926,0.3748694062232971,0.1489296853542328,-0.26148733496665955,0.7424721121788025,0.49200156331062317,0.28285518288612366,0.08630023896694183,0.4151749610900879,0.3439197242259979,0.0342901237308979,-0.23775333166122437,0.8069515824317932,0.4636181592941284,0.2661484181880951,0.21194185316562653,0.4363369345664978,0.32205650210380554,0.014814313501119614,-0.2612605392932892,0.8004019856452942,0.4633813202381134,0.2584354877471924,0.23596593737602234,0.4277297258377075,0.32313886284828186,0.01160256378352642,-0.2509397566318512,0.8019993305206299,0.4524586796760559,0.2535203695297241,0.20994535088539124,0.42529046535491943,0.33156535029411316,0.020009636878967285,-0.231192484498024,0.777378499507904,0.4520428776741028,0.25177133083343506,0.2044125497341156,0.3972696363925934,0.42229536175727844,0.36133766174316406,-0.08252488076686859,0.9999818801879883,0.4494491219520569,0.36230233311653137,0.08255898952484131,0.9999659657478333,0.44643086194992065,0.566271185874939,-0.08658845722675323,0.7994939088821411,0.45498329401016235,0.5494675040245056,0.19005578756332397,0.6128350496292114,0.49181678891181946,0.7609075903892517,-0.013240614905953407,0.7822930216789246,0.5517993569374084,0.46567320823669434,0.35409119725227356,0.6588993072509766,0.5335713624954224,0.8053285479545593,-0.007584667298942804,0.7304438948631287,0.5561724305152893,0.4353253245353699,0.3720535635948181,0.6338056325912476,0.4357609450817108,0.822996973991394,-0.10094641894102097,0.7572904825210571,0.588456928730011,0.4601365327835083,0.33352842926979065,0.6354875564575195,139.95671594861963,30.0,142.54353395715373,-256.6139620069424,-2567.6710082070545
258,8.6,0.5453578233718872,0.11750943958759308,-0.006522858515381813,0.9932955503463745,0.5487847924232483,0.14119884371757507,-0.019906867295503616,0.9906780123710632,0.5474051833152771,0.14417198300361633,-0.020147105678915977,0.9896286129951477,0.5458642244338989,0.1470089703798294,-0.020081855356693268,0.9922980666160583,0.5496221780776978,0.13944566249847412,-0.002354332711547613,0.9943464994430542,0.548882246017456,0.14111164212226868,-0.002499803202226758,0.9947146773338318,0.548031210899353,0.1427433341741562,-0.002513421466574073,0.9968119263648987,0.5337247848510742,0.1604566127061844,-0.0676855593919754,0.9937956929206848,0.5356400012969971,0.15938760340213776,0.013362950645387173,0.9934985041618347,0.5333601236343384,0.11323859542608261,-0.018370438367128372,0.9920055866241455,0.535224974155426,0.11058412492275238,0.0026738501619547606,0.993798553943634,0.4629526734352112,0.14148928225040436,-0.19808413088321686,0.9999558925628662,0.49101677536964417,0.18504862487316132,0.11110451817512512,0.9997247457504272,0.39550846815109253,0.16552117466926575,-0.28821226954460144,0.7681363224983215,0.49992528557777405,0.26797977089881897,0.2749982476234436,0.39711323380470276,0.36294716596603394,0.05072988197207451,-0.37060612440109253,0.8261933922767639,0.5291469097137451,0.3125579059123993,0.4049863815307617,0.4806433320045471,0.3446011543273926,0.02994098700582981,-0.40961673855781555,0.8202598094940186,0.53729647397995,0.32047972083091736,0.4273468852043152,0.47502008080482483,0.34440410137176514,0.023346221074461937,-0.38885706663131714,0.8216846585273743,0.5371196269989014,0.31705766916275024,0.4124031960964203,0.47290700674057007,0.3517056703567505,0.03189971670508385,-0.36216726899147034,0.7993278503417969,0.5334348082542419,0.312428742647171,0.4029264748096466,0.44298088550567627,0.4246407449245453,0.36401838064193726,-0.10749001055955887,0.999983012676239,0.4275692105293274,0.3754265308380127,0.10763170570135117,0.9999679923057556,0.4486442804336548,0.5669039487838745,-0.07136315852403641,0.8193612694740295,0.43262413144111633,0.5511459708213806,0.20038899779319763,0.5969858765602112,0.48353713750839233,0.7698259949684143,-0.0017261288594454527,0.8037431240081787,0.5206859707832336,0.43042218685150146,0.3923409581184387,0.6384037137031555,0.5209815502166748,0.8136813044548035,0.004897196311503649,0.7563350796699524,0.5221982598304749,0.40144971013069153,0.41369250416755676,0.6485934257507324,0.4357887804508209,0.8291388154029846,-0.08624156564474106,0.7810285687446594,0.5502973794937134,0.40187790989875793,0.3877420127391815,0.635173499584198,167.89367721484427,30.0,134.2258656755422,-316.994630568054,-282.48467481198617
259,8.633333333333333,0.534358561038971,0.10771974921226501,0.22721727192401886,0.9939073920249939,0.5336220860481262,0.12799212336540222,0.21921801567077637,0.9915790557861328,0.5324684977531433,0.13063852488994598,0.2189849317073822,0.9906403422355652,0.5310010313987732,0.13305258750915527,0.21901319921016693,0.9930492639541626,0.5347989201545715,0.12750732898712158,0.2367546409368515,0.9948824644088745,0.5345432758331299,0.12976770102977753,0.23662443459033966,0.9952149987220764,0.5341110825538635,0.13200323283672333,0.23670095205307007,0.9971101880073547,0.5229966640472412,0.14763715863227844,0.1664784550666809,0.9944090247154236,0.5272599458694458,0.147093266248703,0.24748317897319794,0.994125485420227,0.5274474620819092,0.10565947741270065,0.2105748951435089,0.9927704930305481,0.5275593400001526,0.10510655492544174,0.23173563182353973,0.9943740367889404,0.46567586064338684,0.1415432244539261,0.03605358302593231,0.9999602437019348,0.4617871344089508,0.18704117834568024,0.29085949063301086,0.9997317790985107,0.41663095355033875,0.16607317328453064,-0.034886348992586136,0.7912302017211914,0.4495144486427307,0.2552739381790161,0.42318060994148254,0.35807690024375916,0.3960012197494507,0.069039486348629,-0.07268588244915009,0.8435128331184387,0.4667949676513672,0.29193592071533203,0.5816468000411987,0.4336948096752167,0.3840967118740082,0.04279981553554535,-0.10788790881633759,0.8381128907203674,0.4823820888996124,0.3128871023654938,0.6129799485206604,0.4293523132801056,0.3867209255695343,0.03703373670578003,-0.059790369123220444,0.8393514156341553,0.4823193848133087,0.30273541808128357,0.6049069762229919,0.4274303615093231,0.391015887260437,0.04772421345114708,-0.05300195887684822,0.8189342617988586,0.47385933995246887,0.29559218883514404,0.5811182260513306,0.4006441533565521,0.435107558965683,0.360942542552948,-0.08574962615966797,0.9999844431877136,0.41260141134262085,0.37223392724990845,0.08589863777160645,0.9999687671661377,0.45164212584495544,0.5569770336151123,-0.10648173838853836,0.837338924407959,0.42070966958999634,0.5524867177009583,0.08877626806497574,0.5691949129104614,0.47511550784111023,0.758374035358429,-0.07431354373693466,0.8226220607757568,0.4696950316429138,0.39932578802108765,0.29592737555503845,0.58087158203125,0.495290070772171,0.7938556671142578,-0.06982240825891495,0.7783702611923218,0.4676850438117981,0.40027284622192383,0.3226824104785919,0.6168027520179749,0.4414660632610321,0.8276845216751099,-0.143660306930542,0.8014540076255798,0.47853249311447144,0.3978085219860077,0.3312676250934601,0.5856733918190002,162.14975989679257,30.0,121.41055858595013,-275.4462736610748,5713.213261112368
260,8.666666666666666,0.4531748592853546,0.10636135190725327,0.09102128446102142,0.9920142292976379,0.46081414818763733,0.10755590349435806,0.09929529577493668,0.9887575507164001,0.4630635380744934,0.10677215456962585,0.09909871220588684,0.9871734976768494,0.46395084261894226,0.10492751747369766,0.09910765290260315,0.9911707639694214,0.4553542733192444,0.10958969593048096,0.10502312332391739,0.9925436973571777,0.45409905910491943,0.11044321209192276,0.10481728613376617,0.9925392866134644,0.45288220047950745,0.11063622683286667,0.10467083752155304,0.9955837726593018,0.4704369604587555,0.11504300683736801,0.13626523315906525,0.9925256371498108,0.45343858003616333,0.1161508709192276,0.16283485293388367,0.9875916838645935,0.4589983820915222,0.11347891390323639,0.1067584902048111,0.9902394413948059,0.4506297707557678,0.11148273199796677,0.11266056448221207,0.9912888407707214,0.4727995991706848,0.14236785471439362,0.10595917701721191,0.9999523758888245,0.4173664152622223,0.1770675927400589,0.17456325888633728,0.9996286034584045,0.46087124943733215,0.15515804290771484,0.004052432253956795,0.7419838309288025,0.3707996904850006,0.2377859354019165,0.26704543828964233,0.32444095611572266,0.43190398812294006,0.07011203467845917,-0.12059716135263443,0.7819974422454834,0.4168562591075897,0.2685503661632538,-0.07733723521232605,0.39164748787879944,0.4306615889072418,0.046680551022291183,-0.15950387716293335,0.7770748734474182,0.4270208477973938,0.28291192650794983,-0.1165141612291336,0.3878353536128998,0.4329589009284973,0.0418371856212616,-0.14270885288715363,0.7767340540885925,0.42948904633522034,0.27821433544158936,-0.10701523721218109,0.38604629039764404,0.4328250586986542,0.051270242780447006,-0.11532963067293167,0.7507500052452087,0.4267426133155823,0.2701658308506012,-0.07920320332050323,0.3616832196712494,0.44574257731437683,0.3495817482471466,-0.026345789432525635,0.9999827146530151,0.40817221999168396,0.3541316092014313,0.02605290897190571,0.9999611973762512,0.45440417528152466,0.5541114807128906,-0.037405673414468765,0.7943995594978333,0.41215774416923523,0.5533274412155151,-0.030396390706300735,0.5180675983428955,0.461907297372818,0.7360689640045166,0.049231186509132385,0.7729337215423584,0.4188794493675232,0.4744425415992737,0.27792882919311523,0.5232527852058411,0.4639681875705719,0.752821683883667,0.05484361574053764,0.707760214805603,0.42063289880752563,0.46279773116111755,0.31252968311309814,0.5559149980545044,0.4489258825778961,0.8218979835510254,-0.06658013164997101,0.7368510365486145,0.4169386327266693,0.48996859788894653,0.3029477000236511,0.527585506439209,39.88778446953897,30.0,115.86278076480387,63.88625350610383,6603.309471636652
261,8.7,0.44684475660324097,0.2152620404958725,-0.1590399444103241,0.9919167160987854,0.45185887813568115,0.21214966475963593,-0.1650862842798233,0.9886245131492615,0.45478665828704834,0.2102140337228775,-0.16538330912590027,0.9869915246963501,0.45768797397613525,0.206804558634758,-0.1653175950050354,0.9911804795265198,0.4435124695301056,0.21019887924194336,-0.1762849986553192,0.9925317168235779,0.4409904479980469,0.20825815200805664,-0.17659714818000793,0.9924041032791138,0.43861833214759827,0.20556697249412537,-0.1767851710319519,0.9954617023468018,0.46145716309547424,0.1787775307893753,-0.12677377462387085,0.9926333427429199,0.43351829051971436,0.1790843904018402,-0.17577709257602692,0.9879339933395386,0.45098069310188293,0.20815995335578918,-0.1324494481086731,0.9899479746818542,0.44255679845809937,0.20522275567054749,-0.14843814074993134,0.9910439848899841,0.4798137843608856,0.13324801623821259,0.0947887971997261,0.9999536871910095,0.4021947979927063,0.17612162232398987,-0.10812487453222275,0.999630868434906,0.48190242052078247,0.13638688623905182,-0.09346988797187805,0.6718428730964661,0.3183898329734802,0.22679932415485382,0.008183734491467476,0.32203808426856995,0.4770831763744354,0.06818172335624695,-0.2142065465450287,0.7275084257125854,0.3713151812553406,0.2671632468700409,0.014478187076747417,0.3594636917114258,0.4841070771217346,0.045476850122213364,-0.24409827589988708,0.729344367980957,0.3780956566333771,0.2838543653488159,-0.03538675606250763,0.3534698784351349,0.4821128249168396,0.04077821224927902,-0.24748225510120392,0.7309866547584534,0.38256654143333435,0.280792236328125,-0.03744659572839737,0.3522369861602783,0.4784300923347473,0.05016503110527992,-0.21805910766124725,0.6993171572685242,0.38077840209007263,0.2748747766017914,-0.07311563938856125,0.32932040095329285,0.45897263288497925,0.34585586190223694,0.01083404291421175,0.9999832510948181,0.41344910860061646,0.343906044960022,-0.011079126968979836,0.9999610185623169,0.45059457421302795,0.5501677989959717,0.07528627663850784,0.7268338799476624,0.40453845262527466,0.5531594157218933,-0.02640417031943798,0.4825928509235382,0.4466395378112793,0.7270081043243408,0.18361181020736694,0.7123967409133911,0.374361127614975,0.4016161859035492,0.22267119586467743,0.47238263487815857,0.438314825296402,0.7424988150596619,0.19236287474632263,0.6443882584571838,0.38166719675064087,0.38542434573173523,0.28819403052330017,0.5023941397666931,0.4466058015823364,0.808454155921936,0.1527886986732483,0.6774076819419861,0.3523090183734894,0.40008842945098877,0.24587303400039673,0.47715750336647034,80.61467482196133,30.0,125.66964215302372,164.77435778136865,-2275.5006273420463
262,8.733333333333333,0.3777085244655609,0.1022879034280777,0.15361341834068298,0.9919231534004211,0.376512736082077,0.10412411391735077,0.16397421061992645,0.9884498715400696,0.37813395261764526,0.10323408246040344,0.16376614570617676,0.987065851688385,0.3796466588973999,0.1023583859205246,0.16382040083408356,0.9913874268531799,0.3741728663444519,0.10709984600543976,0.15417474508285522,0.9924295544624329,0.3741156756877899,0.10894007235765457,0.15386232733726501,0.9923180937767029,0.37401679158210754,0.11009489744901657,0.1536916196346283,0.9951275587081909,0.38923826813697815,0.10255824774503708,0.19697676599025726,0.9931710958480835,0.38031017780303955,0.11301326006650925,0.1533924639225006,0.9878602027893066,0.3878411054611206,0.10197769105434418,0.16905489563941956,0.9904096126556396,0.3837498128414154,0.10803661495447159,0.15497280657291412,0.9909549951553345,0.4643112123012543,0.11368749290704727,0.25738248229026794,0.9999552965164185,0.3910210430622101,0.15721441805362701,0.09078998118638992,0.9996413588523865,0.5044170618057251,0.13672511279582977,0.34561866521835327,0.6268675327301025,0.3233483135700226,0.21295198798179626,0.1053730919957161,0.3466704189777374,0.5114695429801941,0.050970904529094696,0.43386179208755493,0.7331940531730652,0.32073649764060974,0.2784322202205658,0.13490191102027893,0.3476654887199402,0.5262682437896729,0.025127053260803223,0.45574095845222473,0.7389618754386902,0.3163262903690338,0.2950093448162079,0.12089535593986511,0.33908912539482117,0.5246558785438538,0.021089255809783936,0.4408580958843231,0.7414736747741699,0.31639841198921204,0.30039888620376587,0.12827011942863464,0.33641883730888367,0.5175068378448486,0.031440235674381256,0.43077054619789124,0.709423303604126,0.31998211145401,0.28919827938079834,0.12626054883003235,0.312692254781723,0.46389755606651306,0.34651854634284973,0.05455872789025307,0.9999836683273315,0.4230476915836334,0.33736830949783325,-0.05470089241862297,0.9999597072601318,0.4421271085739136,0.5382417440414429,0.10269235074520111,0.7448540329933167,0.40495938062667847,0.5430907607078552,-0.08469920605421066,0.5327960252761841,0.42097705602645874,0.7227773666381836,0.1629856377840042,0.7398877143859863,0.33653977513313293,0.3908325731754303,0.1604764759540558,0.5149373412132263,0.40577682852745056,0.7514588236808777,0.1654382050037384,0.6774237751960754,0.3394409418106079,0.3587464392185211,0.1968088150024414,0.5410742163658142,0.44577017426490784,0.7953881621360779,0.09583952277898788,0.7071777582168579,0.2967962324619293,0.3840242922306061,0.21800440549850464,0.5133489370346069,131.78945507353137,30.0,126.84773795022845,-87.81378831669926,-4668.639303026774
263,8.766666666666666,0.3431096374988556,0.0687861442565918,0.014382691122591496,0.992622971534729,0.3403581380844116,0.08279202878475189,0.08947758376598358,0.9893959164619446,0.3416336476802826,0.08407720178365707,0.09000309556722641,0.9881591200828552,0.34274065494537354,0.0851990282535553,0.09011479467153549,0.9921275973320007,0.33999907970428467,0.08528807759284973,0.010436912067234516,0.9930936694145203,0.34103256464004517,0.08843079954385757,0.0098092807456851,0.9930123686790466,0.34196290373802185,0.09146098792552948,0.009257267229259014,0.9955386519432068,0.3518151640892029,0.09618669003248215,0.028418606147170067,0.9938299059867859,0.3506861627101898,0.1055508702993393,0.004467881750315428,0.9889646768569946,0.3558022081851959,0.0701724961400032,0.08279735594987869,0.9913203716278076,0.35518690943717957,0.07410276681184769,0.005229211412370205,0.9917965531349182,0.45023107528686523,0.09849946945905685,0.09596500545740128,0.9999589920043945,0.38702306151390076,0.13836167752742767,-0.06804188340902328,0.9996747970581055,0.5069388747215271,0.12926600873470306,0.16965365409851074,0.6341081261634827,0.323832631111145,0.2155807614326477,-0.07880423218011856,0.4112493395805359,0.5246951580047607,0.02313423901796341,0.2515573799610138,0.7557541131973267,0.3055756986141205,0.2803722620010376,-0.10124675184488297,0.41183215379714966,0.5348466038703918,0.0033790222369134426,0.276931494474411,0.7609835863113403,0.2878725230693817,0.3135106563568115,-0.11651017516851425,0.4036606252193451,0.5337448120117188,-0.002144644968211651,0.2600744068622589,0.7635014057159424,0.2940792143344879,0.31902676820755005,-0.12021705508232117,0.40102696418762207,0.5279227495193481,0.005152327474206686,0.24834032356739044,0.7339927554130554,0.30156585574150085,0.30072635412216187,-0.1056593507528305,0.379101425409317,0.45743733644485474,0.3305359482765198,0.06658328324556351,0.9999849796295166,0.42699819803237915,0.3191335201263428,-0.06665407121181488,0.9999627470970154,0.42993947863578796,0.5229421854019165,0.1320117861032486,0.7692472338676453,0.40723660588264465,0.5360795259475708,-0.09838185459375381,0.57949298620224,0.3951176702976227,0.7187988758087158,0.2111041098833084,0.7658156156539917,0.30804234743118286,0.37691882252693176,0.015554455108940601,0.5634099841117859,0.3778218924999237,0.7420734167098999,0.21421290934085846,0.7094985246658325,0.3092314302921295,0.34714311361312866,0.030894331634044647,0.5868980884552002,0.43889352679252625,0.7875955104827881,0.14610181748867035,0.7363094687461853,0.2583037316799164,0.39411410689353943,0.0208392683416605,0.5619691014289856,153.96228407820016,30.0,119.8153895985771,-146.46826242041627,1514.4755556205787
264,8.8,0.3249720633029938,0.05994933843612671,-0.2798551321029663,0.9933603405952454,0.3216533064842224,0.07466326653957367,-0.27343177795410156,0.9904558062553406,0.323199063539505,0.07590868324041367,-0.2737371325492859,0.9893427491188049,0.32478299736976624,0.07730326056480408,-0.2737237811088562,0.9929145574569702,0.3212616741657257,0.07842430472373962,-0.2893824875354767,0.9937840700149536,0.32236385345458984,0.08223237097263336,-0.28974682092666626,0.9937109351158142,0.3236590623855591,0.0863286554813385,-0.28998392820358276,0.9959844946861267,0.3376571238040924,0.09612556546926498,-0.22628666460514069,0.994446873664856,0.3361923098564148,0.10655011236667633,-0.28989604115486145,0.9900676608085632,0.336739718914032,0.05944747105240822,-0.2560258209705353,0.992188036441803,0.33534717559814453,0.06305767595767975,-0.27760049700737,0.9926164150238037,0.42707666754722595,0.08803407102823257,-0.08645833283662796,0.9999630451202393,0.3856036067008972,0.14032761752605438,-0.28343266248703003,0.9997065663337708,0.4923955202102661,0.10503353923559189,0.0682961717247963,0.6572973728179932,0.3392259478569031,0.2231334000825882,-0.22503070533275604,0.4700419306755066,0.516516923904419,0.0031133913435041904,0.22495365142822266,0.7784506678581238,0.3015369176864624,0.29038718342781067,-0.1714794784784317,0.47030073404312134,0.5238999128341675,-0.01916409097611904,0.2661639451980591,0.782934308052063,0.2900581657886505,0.3170348107814789,-0.1783883422613144,0.4626651406288147,0.5209707617759705,-0.026449667289853096,0.23442254960536957,0.7855558395385742,0.2909502685070038,0.32116037607192993,-0.1883961260318756,0.4602058231830597,0.5168673992156982,-0.017976172268390656,0.2177009880542755,0.7590813040733337,0.2962450087070465,0.3047837018966675,-0.17708292603492737,0.44018176198005676,0.4416741132736206,0.3124345541000366,0.07774433493614197,0.9999863505363464,0.4270426630973816,0.31902942061424255,-0.07773680984973907,0.9999659061431885,0.41356876492500305,0.5033286809921265,0.11889814585447311,0.7908539175987244,0.4095238745212555,0.5179411768913269,-0.12400516122579575,0.6215389370918274,0.3782089948654175,0.7047322392463684,0.16731561720371246,0.7891716361045837,0.31454840302467346,0.39435476064682007,-0.12009044736623764,0.6070637702941895,0.35557541251182556,0.7368614673614502,0.14334212243556976,0.7384560108184814,0.31166836619377136,0.3555334210395813,-0.11619003117084503,0.6281973123550415,0.4219784140586853,0.7727723717689514,0.04750891774892807,0.7626252770423889,0.2598109245300293,0.4077499210834503,-0.13602314889431,0.6057673692703247,176.82135822033348,30.0,117.0831871222007,13.151248724672655,1390.2802599246722
265,8.833333333333334,0.3302382230758667,0.0607900470495224,-0.25061696767807007,0.9939870238304138,0.32698366045951843,0.0730694904923439,-0.24436785280704498,0.9913411736488342,0.3275267779827118,0.0743495300412178,-0.2446247637271881,0.9903411269187927,0.3280266523361206,0.07567651569843292,-0.24461093544960022,0.9935786128044128,0.3269578218460083,0.07670754939317703,-0.2598874270915985,0.9943815469741821,0.3275131583213806,0.08086428046226501,-0.2602105736732483,0.994321882724762,0.32827141880989075,0.08576072752475739,-0.2604546844959259,0.9963656067848206,0.3378902077674866,0.09555966407060623,-0.19739195704460144,0.9949942827224731,0.3402567207813263,0.10875669866800308,-0.2666281759738922,0.9910296201705933,0.3389078676700592,0.0596272349357605,-0.22977431118488312,0.9929478764533997,0.3387163281440735,0.06370560824871063,-0.25133344531059265,0.9933292269706726,0.42210039496421814,0.07807807624340057,-0.08686469495296478,0.9999651312828064,0.3883594572544098,0.13898305594921112,-0.2732714116573334,0.9997307062149048,0.48588231205940247,0.043047141283750534,0.02146463468670845,0.6408525109291077,0.3674289584159851,0.227571040391922,-0.29910844564437866,0.5229032635688782,0.49685558676719666,-0.023035157471895218,0.11987563967704773,0.781421959400177,0.32123032212257385,0.2949940860271454,-0.3597392439842224,0.5231590270996094,0.5026616454124451,-0.030825087800621986,0.1397416740655899,0.7896735072135925,0.31004828214645386,0.32489803433418274,-0.3901457190513611,0.5162304639816284,0.5153709053993225,-0.04037648066878319,0.11864245682954788,0.7939448952674866,0.30986034870147705,0.330392062664032,-0.39778074622154236,0.5139836072921753,0.5030311942100525,-0.0378970205783844,0.11592503637075424,0.7711961269378662,0.31466591358184814,0.31335484981536865,-0.3674525320529938,0.49581193923950195,0.4322984516620636,0.2870696187019348,0.07426103204488754,0.9999872446060181,0.4282456636428833,0.3082435429096222,-0.07433101534843445,0.9999678134918213,0.39695173501968384,0.4958591163158417,0.14104053378105164,0.8105114698410034,0.40997186303138733,0.504210889339447,-0.11904594302177429,0.6593745946884155,0.3624817132949829,0.6951808929443359,0.15973514318466187,0.8102040886878967,0.3327367901802063,0.38620948791503906,-0.07806561142206192,0.6463480591773987,0.3479600250720978,0.7362732291221619,0.15449115633964539,0.7645119428634644,0.33085736632347107,0.35531044006347656,-0.06869041919708252,0.6653603315353394,0.4039636552333832,0.757093608379364,0.08496971428394318,0.7862753868103027,0.2948472201824188,0.39744889736175537,-0.07567932456731796,0.6451770663261414,152.05240703610528,30.0,120.69213951355528,-53.78291175877145,-3864.9986603816255
266,8.866666666666667,0.34910085797309875,0.061205580830574036,-0.20295117795467377,0.9929009675979614,0.3444324731826782,0.07530426979064941,-0.20068587362766266,0.9904763698577881,0.3448479473590851,0.07522262632846832,-0.20094045996665955,0.989152729511261,0.3450406789779663,0.07491275668144226,-0.20091229677200317,0.993370771408081,0.3450451195240021,0.08125338703393936,-0.21067947149276733,0.9938358664512634,0.3461868166923523,0.08557052165269852,-0.21096383035182953,0.9935697317123413,0.3475532531738281,0.09040631353855133,-0.2111671417951584,0.9957694411277771,0.3543629050254822,0.09022621810436249,-0.16503684222698212,0.9949065446853638,0.3595401346683502,0.11009524017572403,-0.20785431563854218,0.9867474436759949,0.35797062516212463,0.05436967685818672,-0.18470387160778046,0.9924392104148865,0.35840967297554016,0.06155002862215042,-0.1987672597169876,0.9913605451583862,0.4003179669380188,0.0659029558300972,-0.06871923059225082,0.9999645948410034,0.4024101495742798,0.13825885951519012,-0.19482357800006866,0.9995424747467041,0.4482771158218384,0.0021274841856211424,0.0321505106985569,0.5819985270500183,0.42517560720443726,0.21865643560886383,-0.1687777191400528,0.5000121593475342,0.38835251331329346,-0.002240128116682172,0.10914970189332962,0.7114869952201843,0.40473705530166626,0.17269091308116913,-0.15374425053596497,0.4949130117893219,0.376086562871933,-0.0076529113575816154,0.12443672865629196,0.722650945186615,0.39667120575904846,0.1680946946144104,-0.17246174812316895,0.49089673161506653,0.37872421741485596,0.0007941849762573838,0.10762763768434525,0.7268197536468506,0.38862544298171997,0.1677950769662857,-0.17649558186531067,0.4859737455844879,0.38448822498321533,-0.0006289134616963565,0.1071486696600914,0.7044764161109924,0.3898181617259979,0.16585268080234528,-0.1570332646369934,0.4629163444042206,0.4116467535495758,0.2847214341163635,0.05609189346432686,0.9999871850013733,0.4295012652873993,0.3073756992816925,-0.05629642680287361,0.9999627470970154,0.39187905192375183,0.47966620326042175,0.12476406991481781,0.7583451271057129,0.4135383367538452,0.4889734983444214,-0.11117270588874817,0.6824518442153931,0.35747626423835754,0.6870200634002686,0.009160387329757214,0.821497917175293,0.3526478111743927,0.3597019910812378,-0.1076684221625328,0.671267032623291,0.34841540455818176,0.7256354689598083,-0.0011804834939539433,0.7757140398025513,0.3531170189380646,0.3504659831523895,-0.10269153118133545,0.6884801983833313,0.37573739886283875,0.749680757522583,-0.07160907238721848,0.7964349985122681,0.31234949827194214,0.38510262966156006,-0.10569441318511963,0.6717233657836914,34.89056916687643,30.0,113.49765967161593,-244.51532863410236,-1932.2153252349076
267,8.9,0.3747839629650116,0.06402526795864105,-0.16133661568164825,0.9929770231246948,0.3713280260562897,0.0805177316069603,-0.1629292070865631,0.9906345009803772,0.37039920687675476,0.08114089071750641,-0.16315510869026184,0.9890622496604919,0.36922577023506165,0.0817868560552597,-0.16313982009887695,0.9934502243995667,0.3726353943347931,0.083553247153759,-0.17199362814426422,0.9940734505653381,0.3727456331253052,0.08697571605443954,-0.17228928208351135,0.9937581419944763,0.37259289622306824,0.09045317023992538,-0.1724567413330078,0.9959654211997986,0.3705982267856598,0.08767154067754745,-0.1544499546289444,0.9948068261146545,0.3807738721370697,0.10125631839036942,-0.195685476064682,0.9875483512878418,0.37667116522789,0.05592022091150284,-0.14577241241931915,0.9928649067878723,0.3807803988456726,0.057967934757471085,-0.15799283981323242,0.9918076395988464,0.3748083710670471,0.0664149671792984,-0.08694818615913391,0.9999634623527527,0.40511903166770935,0.12411969155073166,-0.17302875220775604,0.99958336353302,0.3878234028816223,0.14592622220516205,0.004367946181446314,0.524196982383728,0.460122674703598,0.2179725617170334,-0.12960031628608704,0.45183059573173523,0.38089117407798767,0.21459341049194336,0.07012911140918732,0.6404363512992859,0.4270677864551544,0.21667411923408508,-0.11543586850166321,0.44585639238357544,0.3773745000362396,0.22833184897899628,0.08208669722080231,0.6505219340324402,0.41767045855522156,0.19130659103393555,-0.09424423426389694,0.4421575963497162,0.37870076298713684,0.22852352261543274,0.0605740062892437,0.6542785167694092,0.41156768798828125,0.18576091527938843,-0.10728850960731506,0.4376765787601471,0.381747305393219,0.22077614068984985,0.06476954370737076,0.634181797504425,0.41194143891334534,0.1951162964105606,-0.1087806224822998,0.4168831408023834,0.38938578963279724,0.2614070177078247,0.03734001889824867,0.9999865293502808,0.42348387837409973,0.2658393383026123,-0.03772811219096184,0.9999659061431885,0.4027254283428192,0.4881897568702698,-0.016590403392910957,0.6855854392051697,0.3857510983943939,0.48532426357269287,-0.09788580983877182,0.6436728835105896,0.3881534934043884,0.35131052136421204,0.061132241040468216,0.7407352328300476,0.35982587933540344,0.6629989147186279,-0.06777521222829819,0.6500111818313599,0.37678593397140503,0.3347781300544739,0.04686559736728668,0.701103925704956,0.36081117391586304,0.6815596222877502,-0.0679645761847496,0.6324270963668823,0.38787561655044556,0.37504905462265015,0.07857134193181992,0.7190337777137756,0.35226380825042725,0.7393196821212769,-0.11749479919672012,0.6298734545707703,71.68025284566369,30.0,104.39111760461512,-182.59726677443197,5049.6362172730405
268,8.933333333333334,0.39391374588012695,0.07204310595989227,0.081635981798172,0.9792006015777588,0.3886316120624542,0.09838610142469406,0.06636258214712143,0.9757742881774902,0.3827131390571594,0.10213584452867508,0.06618881970643997,0.9642724990844727,0.3751726746559143,0.10558204352855682,0.06619449704885483,0.9786207675933838,0.3989173173904419,0.09033169597387314,0.06344374269247055,0.9888665080070496,0.40079444646835327,0.08973581343889236,0.06318547576665878,0.9880782961845398,0.40261876583099365,0.09228137135505676,0.0631292462348938,0.9939274191856384,0.3832567036151886,0.09625605493783951,0.008459384553134441,0.9760451316833496,0.4003133773803711,0.10950089246034622,-0.003606141544878483,0.981630265712738,0.3846624493598938,0.058000676333904266,0.0688406303524971,0.9814668297767639,0.39312466979026794,0.06660280376672745,0.0638016015291214,0.9864855408668518,0.35588276386260986,0.07439035922288895,-0.034314755350351334,0.99994957447052,0.4142037034034729,0.130628302693367,-0.034843869507312775,0.999614417552948,0.3369869291782379,0.11769245564937592,-0.0072809853591024876,0.47955307364463806,0.49411216378211975,0.20978663861751556,-0.05626056715846062,0.47402578592300415,0.35186782479286194,0.1768484115600586,0.036790866404771805,0.5786212086677551,0.4697544276714325,0.24743914604187012,-0.053115423768758774,0.44158899784088135,0.35487428307533264,0.18629959225654602,0.042455755174160004,0.5877283811569214,0.466840922832489,0.2517116069793701,-0.05594474822282791,0.42161455750465393,0.3659919798374176,0.19757919013500214,0.026486195623874664,0.5910583138465881,0.46256309747695923,0.24814154207706451,-0.06535720080137253,0.41508352756500244,0.36704617738723755,0.1911529302597046,0.03319783881306648,0.5732089281082153,0.46031543612480164,0.25328463315963745,-0.054772187024354935,0.39466971158981323,0.3572680354118347,0.26069873571395874,-0.0016557485796511173,0.9999873638153076,0.40572693943977356,0.2673531174659729,0.0010679368861019611,0.9999688863754272,0.37096884846687317,0.5189791917800903,-0.03501090034842491,0.6737965941429138,0.3988550901412964,0.48669132590293884,-0.02646428346633911,0.6058200597763062,0.3701889216899872,0.6259439587593079,-0.059846241027116776,0.7130868434906006,0.4097088575363159,0.5367412567138672,-0.04206254333257675,0.5947555303573608,0.38700005412101746,0.6080214977264404,-0.06450827419757843,0.6840695142745972,0.4125945270061493,0.5358063578605652,-0.04361511394381523,0.5853825807571411,0.36643439531326294,0.6717532277107239,-0.10094091296195984,0.6737870573997498,0.41479843854904175,0.5855532884597778,-0.06680884212255478,0.5737791061401367,100.82565013921155,30.0,101.32450855332047,92.12708585076697,9729.574436912215
269,8.966666666666667,0.4478573501110077,0.07512270659208298,0.0533052533864975,0.9811639189720154,0.44700130820274353,0.0945468544960022,0.0422990582883358,0.9780578017234802,0.44453924894332886,0.09769726544618607,0.042078424245119095,0.9676957130432129,0.4419133961200714,0.10095328092575073,0.042025528848171234,0.9806524515151978,0.4503538906574249,0.09144309908151627,0.03653739392757416,0.989927351474762,0.4503331482410431,0.09282082319259644,0.03630667179822922,0.9892202019691467,0.4503510892391205,0.09565761685371399,0.03622746840119362,0.9945014119148254,0.42940521240234375,0.10277494788169861,0.0033563892357051373,0.9783734679222107,0.43651092052459717,0.11375521868467331,-0.020451532676815987,0.9834267497062683,0.4351867139339447,0.06873524934053421,0.047608572989702225,0.9832097291946411,0.43906527757644653,0.07242647558450699,0.03878156840801239,0.9877797365188599,0.36254993081092834,0.07524266839027405,-0.03170635551214218,0.999951958656311,0.4283323287963867,0.13300064206123352,0.010329985991120338,0.9996515512466431,0.3091350197792053,0.11533963680267334,0.07370925694704056,0.5157821178436279,0.5003002882003784,0.20442476868629456,0.05690808966755867,0.4497503638267517,0.34207409620285034,0.05874348431825638,0.25176891684532166,0.5866926908493042,0.5042897462844849,0.2590521275997162,0.15315455198287964,0.42565789818763733,0.3462435305118561,0.03863409906625748,0.2630380094051361,0.5862478017807007,0.5087049603462219,0.2725486755371094,0.1601324826478958,0.40430647134780884,0.35416728258132935,0.05331670120358467,0.2539249658584595,0.5874098539352417,0.5008819699287415,0.26300251483917236,0.1525958925485611,0.3966228663921356,0.35322073101997375,0.060163892805576324,0.2524387240409851,0.5658653974533081,0.4983675181865692,0.2618268132209778,0.1519395262002945,0.3711364269256592,0.35698822140693665,0.27678313851356506,-0.025191299617290497,0.9999884366989136,0.3896578848361969,0.28086116909980774,0.0250000711530447,0.9999719262123108,0.37987664341926575,0.5068970322608948,-0.08746381103992462,0.7038596272468567,0.38669222593307495,0.49195560812950134,-0.018664661794900894,0.6337764859199524,0.46671581268310547,0.40832310914993286,0.061390142887830734,0.7275325655937195,0.4038703739643097,0.7042645215988159,0.03425903618335724,0.6325218081474304,0.4698641002178192,0.3679131865501404,0.08637894690036774,0.6998826861381531,0.4030170440673828,0.7464236617088318,0.03501897305250168,0.6156126260757446,0.5131779313087463,0.42514148354530334,0.1281607747077942,0.6875394582748413,0.3715202510356903,0.7606202363967896,-0.005134522449225187,0.6088626384735107,134.57154735958989,30.0,110.53292332799958,466.0410290197157,8798.601155207196
270,9.0,0.4789096713066101,0.07698023319244385,0.11675196141004562,0.9827595949172974,0.47874554991722107,0.09647373855113983,0.10766711086034775,0.980122447013855,0.4764190912246704,0.09932459145784378,0.10746702551841736,0.9707483649253845,0.4737497866153717,0.10224631428718567,0.10747870802879333,0.9824349880218506,0.48085862398147583,0.09492597728967667,0.10481565445661545,0.9908918142318726,0.48016178607940674,0.09687024354934692,0.1045868843793869,0.9902613162994385,0.4793233573436737,0.09974978119134903,0.10454730689525604,0.9950313568115234,0.4571342468261719,0.11267638951539993,0.06994753330945969,0.9804414510726929,0.46087926626205444,0.11856905370950699,0.057223401963710785,0.9850539565086365,0.4652315080165863,0.06998003274202347,0.11023128032684326,0.9845582842826843,0.4689996540546417,0.07286244630813599,0.10446985810995102,0.9888871312141418,0.3725025951862335,0.0769123062491417,-0.012583078816533089,0.9999492168426514,0.4281429350376129,0.13402140140533447,0.08566389232873917,0.9996752738952637,0.3033852279186249,0.1272215098142624,0.05658551678061485,0.5443195104598999,0.48800984025001526,0.20934900641441345,0.12059937417507172,0.46373894810676575,0.33102381229400635,0.032501064240932465,0.16896690428256989,0.6004703640937805,0.5165921449661255,0.27382007241249084,0.16437317430973053,0.46563270688056946,0.33091017603874207,-0.0014111589407548308,0.1858488768339157,0.60053950548172,0.5202623009681702,0.29565897583961487,0.16501906514167786,0.4457310736179352,0.3385200798511505,0.0034424331970512867,0.15954962372779846,0.6002060174942017,0.5162079334259033,0.29259076714515686,0.15739525854587555,0.43843817710876465,0.33965176343917847,0.0183124803006649,0.1518266797065735,0.5732826590538025,0.5123496055603027,0.28890329599380493,0.1618071049451828,0.4071412682533264,0.3493991494178772,0.2957640588283539,-0.04744492843747139,0.9999887347221375,0.3883512616157532,0.2846175730228424,0.0473129041492939,0.9999735355377197,0.37552303075790405,0.5096578001976013,-0.04625311866402626,0.7328031659126282,0.39581313729286194,0.4923665225505829,0.11387509852647781,0.6502229571342468,0.4223800599575043,0.6927648186683655,-0.018446147441864014,0.7535228729248047,0.49190273880958557,0.4129487872123718,0.22555449604988098,0.6383941769599915,0.4577173888683319,0.7301414608955383,-0.014995229430496693,0.7273056507110596,0.49531492590904236,0.3795637786388397,0.2392980009317398,0.6411516070365906,0.3684118688106537,0.7491711974143982,-0.07928729802370071,0.7130841612815857,0.5269571542739868,0.40769630670547485,0.22270825505256653,0.599647581577301,162.3514919794941,30.0,132.39391048796818,678.7004961979134,-421.8842708763606
271,9.033333333333333,0.48887404799461365,0.07759242504835129,0.20185048878192902,0.9844163060188293,0.49155962467193604,0.09765786677598953,0.19464921951293945,0.9820728898048401,0.4894043207168579,0.09996508061885834,0.19446687400341034,0.973627507686615,0.487069308757782,0.10247041285037994,0.19451801478862762,0.9841505885124207,0.49323999881744385,0.09697257727384567,0.19846516847610474,0.991787850856781,0.4924958348274231,0.09909249097108841,0.19825516641139984,0.9912218451499939,0.49160197377204895,0.10182737559080124,0.19824932515621185,0.9955208897590637,0.4730394780635834,0.11356982588768005,0.15534202754497528,0.9823678731918335,0.47591543197631836,0.11970660090446472,0.17272351682186127,0.9865380525588989,0.47409090399742126,0.07290256768465042,0.1935112178325653,0.9859477877616882,0.4776061773300171,0.07398133724927902,0.19631782174110413,0.9899401068687439,0.3840191066265106,0.08310814201831818,0.05320537090301514,0.9999514818191528,0.43162211775779724,0.13633780181407928,0.20916546881198883,0.999695360660553,0.3165533244609833,0.15511982142925262,0.06478878110647202,0.5735718607902527,0.4693862497806549,0.26257333159446716,0.30157777667045593,0.42121484875679016,0.3294214904308319,0.04142775386571884,0.15667308866977692,0.6044155955314636,0.49630415439605713,0.2762681841850281,0.42958396673202515,0.42464643716812134,0.3246225416660309,0.01591046340763569,0.15595944225788116,0.6012636423110962,0.5059441328048706,0.2974817156791687,0.4489911198616028,0.4073677659034729,0.33074840903282166,0.017428550869226456,0.1641770303249359,0.5973877906799316,0.503212034702301,0.2970888912677765,0.4499049484729767,0.40047717094421387,0.33364278078079224,0.029715033248066902,0.1628723293542862,0.5597185492515564,0.499121755361557,0.2894039452075958,0.43253034353256226,0.3710520565509796,0.3617628216743469,0.3120279014110565,-0.0626937672495842,0.9999887347221375,0.3951093554496765,0.30926603078842163,0.06269379705190659,0.999973714351654,0.37962377071380615,0.5137428045272827,-0.0822117030620575,0.758058488368988,0.39933934807777405,0.4938206374645233,0.09171636402606964,0.6087713837623596,0.4195418059825897,0.7350150346755981,-0.07204340398311615,0.7712596654891968,0.4860377311706543,0.39494556188583374,0.2299584299325943,0.584144115447998,0.4374662935733795,0.7719229459762573,-0.0701824501156807,0.7443904876708984,0.4897417426109314,0.39466387033462524,0.24674580991268158,0.6177276372909546,0.36283937096595764,0.7974427938461304,-0.1464836150407791,0.7229034900665283,0.5195080637931824,0.3757869005203247,0.23064827919006348,0.5487170815467834,133.51612435431883,30.0,155.77962307452714,437.9154109612917,-9784.32488957082
272,9.066666666666666,0.4821423292160034,0.07847144454717636,0.07347877323627472,0.9859174489974976,0.48407819867134094,0.1026797816157341,0.0652131587266922,0.9838284254074097,0.4820409119129181,0.10542361438274384,0.06500526517629623,0.9762242436408997,0.4800297021865845,0.10841076821088791,0.06503849476575851,0.9856920838356018,0.48619070649147034,0.10144039243459702,0.0696253776550293,0.9925961494445801,0.48566576838493347,0.10312743484973907,0.06943405419588089,0.9920911192893982,0.48506006598472595,0.10509883612394333,0.06940280646085739,0.9959638714790344,0.4680541753768921,0.12290177494287491,0.11129692941904068,0.9841033220291138,0.4721950888633728,0.12317302823066711,0.0664445012807846,0.9878796935081482,0.4691261053085327,0.07458632439374924,0.07089857012033463,0.9873014688491821,0.472262442111969,0.07594259828329086,0.07413420081138611,0.9909282326698303,0.38834095001220703,0.10496748238801956,-0.09822817146778107,0.9999542832374573,0.4298732876777649,0.1391681432723999,0.14175637066364288,0.9997228980064392,0.3450811207294464,0.17124418914318085,-0.24204155802726746,0.6157872080802917,0.44574710726737976,0.25061166286468506,0.29079172015190125,0.4299980700016022,0.3428719639778137,0.07033400237560272,-0.3607605993747711,0.6437018513679504,0.4784870743751526,0.2782733738422394,0.42305079102516174,0.4783652424812317,0.33660534024238586,0.04408639669418335,-0.39767271280288696,0.6408113837242126,0.4872727394104004,0.3049192428588867,0.4488373100757599,0.46280282735824585,0.34096643328666687,0.034708283841609955,-0.38456857204437256,0.6372970938682556,0.485877126455307,0.3092553913593292,0.4336797297000885,0.45666036009788513,0.34424200654029846,0.050149183720350266,-0.3573188781738281,0.6029303073883057,0.4819716811180115,0.29805493354797363,0.4213312268257141,0.42785927653312683,0.3642209470272064,0.3496871888637543,-0.10358233004808426,0.9999893307685852,0.3777978718280792,0.3496836721897125,0.10371479392051697,0.9999755024909973,0.38565412163734436,0.5355647206306458,-0.1261713057756424,0.7822089195251465,0.3795258700847626,0.5001806616783142,0.15622848272323608,0.5846304893493652,0.42124107480049133,0.7458595633506775,-0.11644144356250763,0.794020414352417,0.4648189842700958,0.3874330222606659,0.33723190426826477,0.5665724873542786,0.4368976354598999,0.7809376120567322,-0.11465656757354736,0.7696260809898376,0.46527957916259766,0.36166661977767944,0.3578682839870453,0.6337884664535522,0.3770834803581238,0.8173167109489441,-0.1977064609527588,0.7504756450653076,0.4925555884838104,0.3829479515552521,0.3452283442020416,0.560704231262207,153.87386188712827,30.0,161.58827121872096,26.412170226525404,-8586.38138135956
273,9.1,0.4653506875038147,0.08797120302915573,0.12253943085670471,0.9867976307868958,0.4682507812976837,0.10995420068502426,0.1137906089425087,0.9850761294364929,0.46676209568977356,0.11257180571556091,0.11354584246873856,0.9782577157020569,0.4652878940105438,0.11516258865594864,0.11353997141122818,0.9869130253791809,0.4695873558521271,0.10944761335849762,0.1302611231803894,0.9930440783500671,0.4690380096435547,0.11156050115823746,0.13010196387767792,0.9925793409347534,0.468431681394577,0.11375175416469574,0.13006138801574707,0.9961837530136108,0.4563388526439667,0.1298592984676361,0.07796063274145126,0.9855980277061462,0.4588084816932678,0.12884385883808136,0.14802490174770355,0.9888085126876831,0.45512494444847107,0.08763555437326431,0.1105935350060463,0.988308846950531,0.4578252136707306,0.08688127994537354,0.13011814653873444,0.9915600419044495,0.41671574115753174,0.1313806176185608,-0.04458834230899811,0.999958336353302,0.4007817804813385,0.15046000480651855,0.2042417973279953,0.9996793866157532,0.3850725591182709,0.1877020001411438,-0.23247037827968597,0.6536168456077576,0.38859128952026367,0.2509082853794098,0.28635960817337036,0.3872058391571045,0.3592917323112488,0.10738301277160645,-0.0874519869685173,0.6779749393463135,0.3794700801372528,0.3192722797393799,0.3443968892097473,0.43067023158073425,0.3529178202152252,0.08407261222600937,-0.20549683272838593,0.674464762210846,0.3802427053451538,0.3367082476615906,0.3603644073009491,0.41677841544151306,0.3581802546977997,0.07697088271379471,-0.04570881277322769,0.670717716217041,0.37724071741104126,0.3351712226867676,0.3431682288646698,0.4112742841243744,0.3606593906879425,0.08789211511611938,-0.04020830616354942,0.6369369029998779,0.3766149878501892,0.3239767551422119,0.3374003469944,0.3854379951953888,0.3798469007015228,0.34897103905677795,-0.07609975337982178,0.9999891519546509,0.3655640780925751,0.3558892607688904,0.07615378499031067,0.9999692440032959,0.4001217484474182,0.5522818565368652,-0.07520046085119247,0.8029425740242004,0.36896976828575134,0.5441551804542542,0.07673750817775726,0.5317477583885193,0.4237995445728302,0.7510086894035339,-0.047112978994846344,0.8103293180465698,0.39474478363990784,0.38972729444503784,0.3204735517501831,0.5111332535743713,0.4376792311668396,0.7865684628486633,-0.04442721977829933,0.7738473415374756,0.39746981859207153,0.3917592167854309,0.35060399770736694,0.5768359899520874,0.38573315739631653,0.8304805755615234,-0.11649336665868759,0.7660693526268005,0.40041282773017883,0.41787058115005493,0.36216458678245544,0.5077799558639526,178.85422957463726,30.0,157.54043442296216,-134.5100144626791,-1416.551212430155
274,9.133333333333333,,,,,,,,,,,,,,,,,,,,,,,,,,,,,,,,,,,,,,,,,,,,,,,,,,,,,,,,,,,,,,,,,,,,,,,,,,,,,,,,,,,,,,,,,,,,,,,,,,,,,,,,,,,,,,,,,,,,,,,,,,,,,,,,,,,,,,30.0,152.62093692120902,-68.02457726881826,2216.084670927589
275,9.166666666666666,0.41702181100845337,0.23912246525287628,-0.4318543076515198,0.988082230091095,0.4202686548233032,0.23087047040462494,-0.4479142129421234,0.9865280985832214,0.4238477349281311,0.22851607203483582,-0.4481397867202759,0.9803785681724548,0.42739975452423096,0.22591480612754822,-0.44802209734916687,0.9881908893585205,0.411772757768631,0.2310084104537964,-0.4510405361652374,0.9937061667442322,0.4092581570148468,0.2296818047761917,-0.45135051012039185,0.9932780265808105,0.4069283902645111,0.2285722941160202,-0.4515042304992676,0.9965341687202454,0.43069934844970703,0.20173870027065277,-0.41037219762802124,0.9870233535766602,0.4028553068637848,0.21841637790203094,-0.42272207140922546,0.989893913269043,0.4226628243923187,0.23210197687149048,-0.4018375277519226,0.9894530177116394,0.4140225648880005,0.23385682702064514,-0.40731480717658997,0.9923657178878784,0.4503512382507324,0.15110337734222412,-0.32529354095458984,0.9999621510505676,0.36824172735214233,0.2083471417427063,-0.27555397152900696,0.9997063279151917,0.4853845536708832,0.21530143916606903,-0.4105881154537201,0.6698495149612427,0.2960037887096405,0.2581135630607605,-0.12514860928058624,0.4094909727573395,0.4190673828125,0.1694638580083847,-0.5506555438041687,0.7042496204376221,0.33036482334136963,0.3125191330909729,-0.007431794889271259,0.4206421971321106,0.4022957682609558,0.15420085191726685,-0.5910061001777649,0.6980648040771484,0.3306826651096344,0.3336135149002075,-0.0016831888351589441,0.39653992652893066,0.4050886034965515,0.14438337087631226,-0.5851999521255493,0.6950807571411133,0.3338463008403778,0.3319806158542633,-0.010401111096143723,0.3929941654205322,0.41002464294433594,0.1500067114830017,-0.5497763752937317,0.6538260579109192,0.33641543984413147,0.3227134644985199,-0.006218392867594957,0.3638066351413727,0.4513976275920868,0.39388981461524963,-0.01976286806166172,0.999988317489624,0.4021828770637512,0.3912052512168884,0.01962018571794033,0.9999645948410034,0.4305473268032074,0.5916914939880371,0.007199537940323353,0.7677666544914246,0.3702321946620941,0.5911382436752319,0.02529216557741165,0.4999808073043823,0.4161700904369354,0.778380274772644,0.14722514152526855,0.7886099815368652,0.34661275148391724,0.4362539052963257,0.3002989590167999,0.46126529574394226,0.4088020622730255,0.7959153652191162,0.15983067452907562,0.7266030311584473,0.352870911359787,0.4254399538040161,0.33110320568084717,0.5219738483428955,0.4206025302410126,0.8614609241485596,0.09733562916517258,0.7464731931686401,0.3240784704685211,0.42419198155403137,0.3377065658569336,0.4602099657058716,140.14017998107198,30.0,153.00546260504095,13.228963599160153,199.28949896611385
276,9.2,0.3643623888492584,0.1398552656173706,-0.19815802574157715,0.9892378449440002,0.3628750145435333,0.1541277915239334,-0.19700755178928375,0.9878198504447937,0.3647499680519104,0.1545567661523819,-0.1972135603427887,0.9822640419006348,0.36634981632232666,0.15474675595760345,-0.19709953665733337,0.9893402457237244,0.3602408766746521,0.16111332178115845,-0.19535799324512482,0.9942933320999146,0.3604341149330139,0.1665221005678177,-0.19567149877548218,0.993895411491394,0.3604980409145355,0.17174804210662842,-0.1958506554365158,0.9968491792678833,0.3779887855052948,0.17035844922065735,-0.15811319649219513,0.9883004426956177,0.3693958818912506,0.1894054114818573,-0.1483355462551117,0.990803599357605,0.3745232820510864,0.13974151015281677,-0.1775471568107605,0.9904807806015015,0.37144142389297485,0.1468542069196701,-0.17662359774112701,0.9930667877197266,0.4449760615825653,0.16472339630126953,-0.08083143830299377,0.999964714050293,0.3721591532230377,0.22225555777549744,-0.08715496212244034,0.9997200965881348,0.5064353346824646,0.21286773681640625,-0.09959995746612549,0.62437903881073,0.29552897810935974,0.2683751583099365,0.05090302973985672,0.3860015869140625,0.43488186597824097,0.18473824858665466,-0.15438644587993622,0.6521271467208862,0.3031931221485138,0.30579236149787903,0.16341155767440796,0.3823305368423462,0.41978415846824646,0.17590543627738953,-0.16600953042507172,0.6450318098068237,0.3011985421180725,0.31824183464050293,0.16940876841545105,0.35966983437538147,0.4176177382469177,0.1695949137210846,-0.1664859652519226,0.6417272090911865,0.30218684673309326,0.3185413181781769,0.16069500148296356,0.35614681243896484,0.4212287366390228,0.17462407052516937,-0.15307290852069855,0.5984358191490173,0.3045557141304016,0.3155798316001892,0.16228099167346954,0.32978877425193787,0.45988795161247253,0.4125174582004547,0.007417204789817333,0.999988853931427,0.4182559847831726,0.3993092179298401,-0.007509519346058369,0.9999658465385437,0.430545836687088,0.5996522307395935,0.06019572913646698,0.7080259919166565,0.3723699152469635,0.5978854894638062,-0.05088863894343376,0.48128587007522583,0.41155052185058594,0.7855727076530457,0.14190396666526794,0.759670078754425,0.31645137071609497,0.43676355481147766,0.14313998818397522,0.42116302251815796,0.3990081548690796,0.814803957939148,0.1460365653038025,0.6879300475120544,0.32421430945396423,0.40965643525123596,0.16509346663951874,0.48211124539375305,0.4274420440196991,0.8640162944793701,0.06872343271970749,0.7151942253112793,0.27610379457473755,0.4124384820461273,0.16124439239501953,0.4249843657016754,148.5365034334543,30.0,153.5028678278197,-54.73861067107734,-1315.2672702684938
277,9.233333333333333,0.3444369435310364,0.14476485550403595,-0.18392059206962585,0.9903087019920349,0.3413795232772827,0.1645004153251648,-0.17763666808605194,0.9890256524085999,0.34237977862358093,0.16656211018562317,-0.17784708738327026,0.9840200543403625,0.34328776597976685,0.16851364076137543,-0.17773747444152832,0.9903984665870667,0.34162840247154236,0.16794097423553467,-0.18651673197746277,0.9948583841323853,0.3429100811481476,0.17236292362213135,-0.18683165311813354,0.9944999814033508,0.3444616198539734,0.17700466513633728,-0.18695876002311707,0.9971601963043213,0.35319745540618896,0.17742908000946045,-0.130266010761261,0.9894665479660034,0.35527119040489197,0.1939752846956253,-0.16902680695056915,0.9917104840278625,0.3544888198375702,0.14463947713375092,-0.16344276070594788,0.9914291501045227,0.35542434453964233,0.14929811656475067,-0.1762167513370514,0.9937548041343689,0.4453146159648895,0.17479462921619415,-0.05462850630283356,0.9999676942825317,0.386565625667572,0.22901983559131622,-0.16104285418987274,0.9997464418411255,0.5163469314575195,0.20248644053936005,-0.10013134032487869,0.5884341597557068,0.3048211932182312,0.2899785041809082,-0.13572825491428375,0.44625186920166016,0.4615076184272766,0.1898091435432434,-0.19389447569847107,0.6178168654441833,0.28885623812675476,0.3594176173210144,-0.16354531049728394,0.4404180347919464,0.4428979456424713,0.19153520464897156,-0.20676876604557037,0.620378315448761,0.2781493067741394,0.3841060996055603,-0.1854752004146576,0.41848406195640564,0.43758437037467957,0.1838245838880539,-0.215752512216568,0.6183797717094421,0.27988287806510925,0.38846760988235474,-0.19567766785621643,0.4140579104423523,0.4418300986289978,0.18585151433944702,-0.1979956477880478,0.5730889439582825,0.2868313193321228,0.3784051537513733,-0.17002370953559875,0.3874678313732147,0.4714326858520508,0.42984676361083984,0.047059930860996246,0.9999896883964539,0.4374765157699585,0.41421425342559814,-0.047286972403526306,0.999968409538269,0.42847883701324463,0.6146408915519714,0.10032610595226288,0.7008357048034668,0.3848479390144348,0.6062533259391785,-0.11735748499631882,0.5312260389328003,0.4011867940425873,0.8020791411399841,0.12452315539121628,0.7803233861923218,0.3058844208717346,0.45587706565856934,-0.018903840333223343,0.476192444562912,0.3856724798679352,0.8354467153549194,0.12065749615430832,0.7154724597930908,0.30709654092788696,0.42111262679100037,-0.0055480883456766605,0.5318249464035034,0.4341226816177368,0.8705095648765564,0.04237339273095131,0.7402783036231995,0.25109678506851196,0.4466509222984314,-0.01289552915841341,0.4803648591041565,126.97670678088652,30.0,149.3562218936358,-74.4555210854061,-241.04467847816764
278,9.266666666666666,0.3383844494819641,0.16154326498508453,-0.22780673205852509,0.9912776350975037,0.3347097933292389,0.1775440126657486,-0.21785452961921692,0.9901227355003357,0.3355652093887329,0.17856715619564056,-0.21811850368976593,0.9856175780296326,0.33631792664527893,0.17943108081817627,-0.218049556016922,0.9913583993911743,0.3355041742324829,0.1814645379781723,-0.23602581024169922,0.9953724145889282,0.33705252408981323,0.18519233167171478,-0.23636558651924133,0.9950498342514038,0.3388444781303406,0.18877412378787994,-0.23653660714626312,0.9974440336227417,0.3482341170310974,0.1872783899307251,-0.1566632241010666,0.9905198216438293,0.3510315716266632,0.2038421332836151,-0.23890431225299835,0.9925389289855957,0.3490813076496124,0.15990738570690155,-0.20252959430217743,0.9922860264778137,0.3504399359226227,0.16405051946640015,-0.22760581970214844,0.9943790435791016,0.4340899884700775,0.1827075481414795,-0.042208727449178696,0.9999707937240601,0.39730241894721985,0.24700959026813507,-0.23723673820495605,0.9997714161872864,0.511989951133728,0.188606858253479,0.07720797508955002,0.5434077978134155,0.3374634385108948,0.30557599663734436,-0.2579023241996765,0.5013777613639832,0.47993865609169006,0.19049318134784698,0.18021444976329803,0.5779088139533997,0.29673367738723755,0.37524959444999695,-0.2759920358657837,0.49562790989875793,0.4658043682575226,0.1997523009777069,0.21080628037452698,0.5877150297164917,0.28566786646842957,0.3930043578147888,-0.2991091012954712,0.47549912333488464,0.45548009872436523,0.196174755692482,0.18311762809753418,0.5881103873252869,0.28712403774261475,0.39755579829216003,-0.3024042546749115,0.4711446762084961,0.4594600796699524,0.1981634944677353,0.1739514023065567,0.5488234162330627,0.2923240065574646,0.39153507351875305,-0.279908686876297,0.4460057318210602,0.4671286940574646,0.43403324484825134,0.07678505033254623,0.999990701675415,0.452859491109848,0.4362861216068268,-0.07698722928762436,0.9999714493751526,0.42112335562705994,0.6225845217704773,0.10083656758069992,0.7255478501319885,0.40754207968711853,0.6203981041908264,-0.10975056141614914,0.5780144333839417,0.3955196738243103,0.8120570182800293,0.10853970795869827,0.8018582463264465,0.3138025999069214,0.48220881819725037,-0.1114865094423294,0.5285201668739319,0.3767978250980377,0.8516085147857666,0.10400036722421646,0.7436131834983826,0.3129185140132904,0.4499429762363434,-0.10874255001544952,0.5785905718803406,0.4348145127296448,0.8768603801727295,0.03352342173457146,0.7658485174179077,0.2557023763656616,0.48160937428474426,-0.13302424550056458,0.5322774052619934,165.05325955875176,30.0,148.53916642212596,-70.80825590295518,-480.003171196347
279,9.3,0.3466596305370331,0.17510241270065308,-0.2939469516277313,0.992149829864502,0.3421797454357147,0.18485356867313385,-0.2916773855686188,0.9911104440689087,0.34272482991218567,0.18440575897693634,-0.29193076491355896,0.987055778503418,0.3431013226509094,0.18338222801685333,-0.29187241196632385,0.9922225475311279,0.34353703260421753,0.18639522790908813,-0.3039475381374359,0.9958351850509644,0.3452140688896179,0.18677018582820892,-0.30425697565078735,0.9955448508262634,0.34713688492774963,0.1965898722410202,-0.3044014275074005,0.9976996183395386,0.3555953800678253,0.20791859924793243,-0.23426733911037445,0.9914678335189819,0.35893821716308594,0.2243594378232956,-0.28914010524749756,0.9932849407196045,0.3563365340232849,0.17231176793575287,-0.26738086342811584,0.9930574297904968,0.3590478003025055,0.1759737730026245,-0.28046929836273193,0.9949411153793335,0.42063596844673157,0.1849105805158615,-0.10478846728801727,0.999973714351654,0.4126717746257782,0.2690797746181488,-0.2719355821609497,0.9997936487197876,0.48281973600387573,0.16372179985046387,0.009151371195912361,0.5663050413131714,0.3736500144004822,0.33481737971305847,-0.2400960624217987,0.5500894784927368,0.48124995827674866,0.18833528459072113,0.07045702636241913,0.6168190240859985,0.3262436091899872,0.38541439175605774,-0.22325490415096283,0.5443316102027893,0.4875590205192566,0.2056414783000946,0.09316641837358475,0.6249009966850281,0.3126872777938843,0.39910730719566345,-0.23940859735012054,0.5250981450080872,0.4788627326488495,0.20840999484062195,0.05929655209183693,0.6256764531135559,0.3093245327472687,0.40146106481552124,-0.2501232624053955,0.5205117464065552,0.47576427459716797,0.2043369859457016,0.06131194904446602,0.589596688747406,0.31478211283683777,0.3973816931247711,-0.22877249121665955,0.49540820717811584,0.453302800655365,0.43317747116088867,0.06468191742897034,0.9999914765357971,0.45970579981803894,0.43648824095726013,-0.06489144265651703,0.9999733567237854,0.42059364914894104,0.6181403398513794,0.07377828657627106,0.749149739742279,0.42670395970344543,0.6230260133743286,-0.15502779185771942,0.620054304599762,0.390093594789505,0.8233349323272705,0.024808935821056366,0.8213006854057312,0.3362164795398712,0.49704352021217346,-0.15646904706954956,0.5752807855606079,0.37348535656929016,0.8635597825050354,0.015616639517247677,0.7687202095985413,0.3360472023487091,0.46733465790748596,-0.15511314570903778,0.6202949285507202,0.43320706486701965,0.8845431208610535,-0.05889896675944328,0.7888580560684204,0.2689564526081085,0.4940814971923828,-0.17608915269374847,0.578758716583252,165.17962568550988,30.0,144.63567150010545,-106.4557324984959,-2036.161399322232
280,9.333333333333334,0.3613651692867279,0.1983260065317154,0.07131927460432053,0.9929329752922058,0.35933172702789307,0.21699991822242737,0.07716987282037735,0.9919976592063904,0.3602847754955292,0.2160823792219162,0.07702851295471191,0.9883471131324768,0.36100003123283386,0.21722006797790527,0.07707275450229645,0.9929988980293274,0.3564615547657013,0.21654467284679413,0.06637154519557953,0.9962508678436279,0.3547157943248749,0.21764986217021942,0.066108338534832,0.9959893226623535,0.35184812545776367,0.2216128259897232,0.0660376325249672,0.9979289174079895,0.3705034554004669,0.23343530297279358,0.10205785185098648,0.9923200011253357,0.369753360748291,0.23688995838165283,0.05335056781768799,0.9939526319503784,0.36998412013053894,0.19380855560302734,0.08471684157848358,0.993746817111969,0.36734774708747864,0.19308680295944214,0.06931771337985992,0.9954394102096558,0.4104267656803131,0.22528749704360962,0.17222945392131805,0.9999756813049316,0.43197154998779297,0.2547561824321747,-0.009247752837836742,0.9998117089271545,0.4352627694606781,0.16621524095535278,0.2266675978899002,0.5125226974487305,0.43589144945144653,0.2869996428489685,-0.03632107749581337,0.5835536122322083,0.4650815725326538,0.18008489906787872,0.26332587003707886,0.5852924585342407,0.42055994272232056,0.3195357918739319,-0.03604109212756157,0.5821887850761414,0.47241824865341187,0.20452839136123657,0.2809881269931793,0.6049929857254028,0.41499024629592896,0.32526513934135437,-0.055309098213911057,0.5635113716125488,0.4641660153865814,0.1955447942018509,0.2578069567680359,0.6074303388595581,0.41546159982681274,0.3354590833187103,-0.04845404997467995,0.5571913719177246,0.4633674621582031,0.1947518140077591,0.25597843527793884,0.5718207359313965,0.4168890416622162,0.3332049250602722,-0.03527150675654411,0.5287192463874817,0.4429369270801544,0.42742225527763367,0.05846505984663963,0.9999921917915344,0.467315673828125,0.4317854940891266,-0.058782804757356644,0.9999755620956421,0.4214541018009186,0.6256848573684692,0.05891657993197441,0.7658608555793762,0.4487951695919037,0.6221282482147217,-0.11844820529222488,0.6571027040481567,0.39309972524642944,0.8379247188568115,-0.018415961414575577,0.8380050659179688,0.381231427192688,0.4876065254211426,-0.1250116527080536,0.6101658344268799,0.38048702478408813,0.8815352320671082,-0.028315262869000435,0.7911407947540283,0.3835791051387787,0.4659840166568756,-0.12309703975915909,0.6548450589179993,0.4322811961174011,0.8904271721839905,-0.07411275804042816,0.8083431124687195,0.34781643748283386,0.49014899134635925,-0.11468007415533066,0.6151771545410156,130.18611227081968,30.0,141.4421175888929,-206.55234919110399,-2224.3676451104216
281,9.366666666666667,0.40041911602020264,0.21110929548740387,-0.08936747163534164,0.9936351180076599,0.39399221539497375,0.22445549070835114,-0.08872974663972855,0.9927944540977478,0.3928360044956207,0.22313204407691956,-0.08890356868505478,0.9895054697990417,0.391414999961853,0.22235353291034698,-0.08889758586883545,0.9936960935592651,0.39747482538223267,0.23212389647960663,-0.09580245614051819,0.9966242909431458,0.39873257279396057,0.2368190735578537,-0.09602855890989304,0.9963880777359009,0.399858295917511,0.24238274991512299,-0.09612573683261871,0.9981345534324646,0.39622387290000916,0.23081472516059875,-0.06308582425117493,0.9930843710899353,0.41005343198776245,0.2539905905723572,-0.09333321452140808,0.9945451021194458,0.4069904386997223,0.20471197366714478,-0.07402101904153824,0.994363009929657,0.4100477993488312,0.21339544653892517,-0.08421151340007782,0.9958811402320862,0.41392746567726135,0.21605284512043,0.007185900118201971,0.9999776482582092,0.4587607681751251,0.2705593407154083,-0.10492575913667679,0.9998139142990112,0.40345829725265503,0.12646818161010742,0.06585314124822617,0.48143503069877625,0.4813365638256073,0.3136610686779022,-0.15569838881492615,0.5618696808815002,0.46279093623161316,0.12630711495876312,0.09184601902961731,0.5924185514450073,0.4483610987663269,0.3619992136955261,-0.24209566414356232,0.5628129243850708,0.47564011812210083,0.12846478819847107,0.10029121488332748,0.6117932200431824,0.4386803209781647,0.37184837460517883,-0.27021515369415283,0.5453596115112305,0.47488924860954285,0.14004860818386078,0.07216325402259827,0.6166523694992065,0.436920166015625,0.37886321544647217,-0.27885812520980835,0.5371489524841309,0.46940889954566956,0.14435839653015137,0.08260531723499298,0.5837171673774719,0.44091731309890747,0.37005531787872314,-0.24911853671073914,0.5046995282173157,0.44381192326545715,0.4287775456905365,0.044579144567251205,0.9999926090240479,0.47302213311195374,0.43788832426071167,-0.044846389442682266,0.9999764561653137,0.4220750033855438,0.6327456831932068,0.039502907544374466,0.7659962177276611,0.47104257345199585,0.6251862645149231,-0.11839528381824493,0.6743408441543579,0.3934532403945923,0.8440829515457153,-0.02046896703541279,0.8466348052024841,0.41162553429603577,0.4960947036743164,-0.15151897072792053,0.584458589553833,0.3919524848461151,0.8780120015144348,-0.030239246785640717,0.8052313923835754,0.4232880175113678,0.45955923199653625,-0.1532507687807083,0.6419775485992432,0.4193842113018036,0.9002559781074524,-0.07934439182281494,0.817481517791748,0.3898119032382965,0.4816606342792511,-0.15469743311405182,0.6075496077537537,141.28522102182916,30.0,130.86551488736518,-254.74690883919067,547.3294898987241
282,9.4,0.4491885006427765,0.21724383533000946,0.1190125048160553,0.9942662715911865,0.4439293146133423,0.23115666210651398,0.10673197358846664,0.9935123920440674,0.4405723810195923,0.23066280782222748,0.10659192502498627,0.9905493259429932,0.43716591596603394,0.23022016882896423,0.10651738941669464,0.9943240880966187,0.4517725110054016,0.23703989386558533,0.10242263227701187,0.9969608187675476,0.4541202485561371,0.24060726165771484,0.10226977616548538,0.9967474341392517,0.4564894735813141,0.24409832060337067,0.1023176833987236,0.9983200430870056,0.4290795922279358,0.23671811819076538,0.05686132609844208,0.9937736392021179,0.45510122179985046,0.25574424862861633,0.03877066448330879,0.9950836896896362,0.4430805742740631,0.20968051254749298,0.1077013835310936,0.9949198365211487,0.4535117447376251,0.2176143079996109,0.10102920979261398,0.9962841868400574,0.4066619277000427,0.21272943913936615,0.019869770854711533,0.9999798536300659,0.47531193494796753,0.2784971594810486,-0.010211514309048653,0.9998270869255066,0.3644990921020508,0.11332979798316956,0.013327992521226406,0.4968026578426361,0.52425217628479,0.3107829689979553,-0.08506018668413162,0.5305136442184448,0.4362582564353943,0.09165036678314209,0.01638614758849144,0.6196233630180359,0.49495044350624084,0.36578652262687683,-0.16595342755317688,0.5145551562309265,0.46689745783805847,0.08780987560749054,0.017401736229658127,0.631377637386322,0.48859888315200806,0.37965530157089233,-0.16838352382183075,0.49662432074546814,0.46368855237960815,0.0970688983798027,0.0035125459544360638,0.6360819935798645,0.48481568694114685,0.3822130262851715,-0.1725740283727646,0.48865795135498047,0.46172478795051575,0.10427220165729523,0.012135355733335018,0.6055191159248352,0.4860805571079254,0.3765407204627991,-0.15650776028633118,0.45936182141304016,0.425811231136322,0.41854265332221985,0.02828427590429783,0.9999933242797852,0.4698072075843811,0.4109651744365692,-0.028861064463853836,0.9999786615371704,0.4212455451488495,0.6332624554634094,-0.017864994704723358,0.7817555665969849,0.4937172830104828,0.6230911612510681,-0.12669625878334045,0.6860997676849365,0.4124417304992676,0.8355745077133179,-0.13333271443843842,0.8488181829452515,0.47886133193969727,0.5299172401428223,-0.3188154399394989,0.5420005917549133,0.41835546493530273,0.8656628131866455,-0.1467248946428299,0.8199728727340698,0.47636333107948303,0.5206663608551025,-0.33849748969078064,0.619361400604248,0.4191107153892517,0.9054272770881653,-0.1994723379611969,0.810876727104187,0.4905139207839966,0.5012446045875549,-0.38074934482574463,0.5681322813034058,131.2104547511675,30.0,124.45899033294685,-170.06371653118904,4772.8015754500075
283,9.433333333333334,0.4738425016403198,0.22080279886722565,-0.30303725600242615,0.9947784543037415,0.4681152105331421,0.23805631697177887,-0.32700836658477783,0.9941326975822449,0.4634459912776947,0.24221666157245636,-0.32722967863082886,0.9914395213127136,0.4592933654785156,0.24685025215148926,-0.32730400562286377,0.9948590397834778,0.47817978262901306,0.23528936505317688,-0.3240828514099121,0.9972530603408813,0.4803055226802826,0.23697294294834137,-0.32428961992263794,0.9970583915710449,0.4822891652584076,0.23914116621017456,-0.3243403136730194,0.9984794855117798,0.45292872190475464,0.25573354959487915,-0.3494819104671478,0.9943594336509705,0.4773227572441101,0.25388386845588684,-0.3367471694946289,0.9955331683158875,0.4633926749229431,0.21680620312690735,-0.2988194227218628,0.9953585863113403,0.4729664623737335,0.2166488766670227,-0.29636991024017334,0.9966124296188354,0.4084005355834961,0.2074006050825119,-0.3318905830383301,0.9999791979789734,0.48610591888427734,0.26945409178733826,-0.25059255957603455,0.9998274445533752,0.3489777743816376,0.10853767395019531,-0.3675335943698883,0.5392066240310669,0.5628868937492371,0.29954811930656433,-0.24018767476081848,0.565360963344574,0.405362606048584,0.06845123320817947,-0.43323633074760437,0.6407005190849304,0.5459892749786377,0.3594362735748291,-0.2724834680557251,0.4987623393535614,0.4187220633029938,0.05207730084657669,-0.46333011984825134,0.650574266910553,0.5447741150856018,0.3779042363166809,-0.28919726610183716,0.4781481921672821,0.4244092106819153,0.05668692663311958,-0.4789668023586273,0.6558247804641724,0.5416465997695923,0.3818299174308777,-0.3179266154766083,0.4705642759799957,0.42041823267936707,0.06744652986526489,-0.44011497497558594,0.6258180141448975,0.5391091704368591,0.37441909313201904,-0.28470978140830994,0.4419158697128296,0.41972652077674866,0.4230390787124634,-0.016040561720728874,0.9999938011169434,0.470077782869339,0.41112110018730164,0.015600493177771568,0.9999802112579346,0.4216144382953644,0.6554425954818726,-0.06549748033285141,0.7993199825286865,0.5135498642921448,0.6196578145027161,-0.008635718375444412,0.6858722567558289,0.4289945363998413,0.8462327718734741,-0.09154891967773438,0.8615963459014893,0.5415980815887451,0.4833047389984131,0.005793904885649681,0.5280412435531616,0.43777310848236084,0.873908281326294,-0.09643330425024033,0.8350419998168945,0.5271839499473572,0.4605531692504883,0.00493983319029212,0.61543869972229,0.4264240860939026,0.915816605091095,-0.17631158232688904,0.8248591423034668,0.5648900270462036,0.48846909403800964,-0.07001204043626785,0.5464766025543213,91.66012310030993,30.0,119.52793378528591,63.43986285747647,7399.234487035097
284,9.466666666666667,0.5117547512054443,0.21852320432662964,-0.24736478924751282,0.9952790141105652,0.511857807636261,0.23366349935531616,-0.2645278871059418,0.9947132468223572,0.5096243619918823,0.23662501573562622,-0.26474204659461975,0.9922847747802734,0.5073697566986084,0.2398977279663086,-0.264737069606781,0.9953649640083313,0.5146487355232239,0.2322908341884613,-0.2623666524887085,0.997525691986084,0.5144527554512024,0.23415830731391907,-0.26260581612586975,0.9973503947257996,0.5143536329269409,0.236423060297966,-0.26267799735069275,0.9986303448677063,0.4965316951274872,0.2540692985057831,-0.301165908575058,0.9949174523353577,0.5040748715400696,0.252426415681839,-0.27041083574295044,0.9959774017333984,0.5003306269645691,0.21576657891273499,-0.2428775280714035,0.9958067536354065,0.5044518113136292,0.21513822674751282,-0.24051475524902344,0.9969431161880493,0.41277405619621277,0.2061842679977417,-0.3178047239780426,0.9999784231185913,0.4928967356681824,0.26586633920669556,-0.19753514230251312,0.9998373985290527,0.3563794493675232,0.1182006448507309,-0.36558687686920166,0.5837640166282654,0.5741616487503052,0.26942357420921326,-0.09029505401849747,0.602572500705719,0.3888185918331146,0.04709737002849579,-0.4160477817058563,0.674548864364624,0.58000648021698,0.33799687027931213,-0.021386152133345604,0.5327309966087341,0.39219143986701965,0.019729657098650932,-0.4499196410179138,0.682958722114563,0.5832277536392212,0.354172021150589,-0.019315440207719803,0.5119627714157104,0.3984634280204773,0.020269587635993958,-0.4519129693508148,0.687628448009491,0.5796878337860107,0.3675391674041748,-0.04790627956390381,0.5050085783004761,0.3978099524974823,0.03393680974841118,-0.4173792600631714,0.6591070890426636,0.5743454098701477,0.364061176776886,-0.030785223469138145,0.4735245108604431,0.42424196004867554,0.43641358613967896,-0.05488574132323265,0.9999942779541016,0.468240886926651,0.41551584005355835,0.05469568446278572,0.9999818801879883,0.43174153566360474,0.6546750068664551,-0.08771593123674393,0.819322407245636,0.5300933122634888,0.6099991798400879,0.10477767884731293,0.7125420570373535,0.45135989785194397,0.8602089881896973,-0.08398883044719696,0.8753876090049744,0.5759485960006714,0.45764413475990295,0.19762025773525238,0.5687111616134644,0.4642883539199829,0.8982824683189392,-0.084769606590271,0.8513967990875244,0.5678558945655823,0.42225635051727295,0.2074923813343048,0.6502184867858887,0.4295417368412018,0.9170087575912476,-0.18081703782081604,0.8422110676765442,0.616578996181488,0.4517207741737366,0.1648837774991989,0.583156943321228,128.21203834415908,30.0,128.68831452344529,323.2185826044841,2490.815425088705
285,9.5,0.537156343460083,0.20660357177257538,-0.18618948757648468,0.9957481026649475,0.5378265976905823,0.22266961634159088,-0.2041807323694229,0.9952408671379089,0.5357903242111206,0.22582677006721497,-0.20437480509281158,0.9930545091629028,0.533827006816864,0.2289443165063858,-0.2043207734823227,0.9958267211914062,0.5398828983306885,0.2222210317850113,-0.19019515812397003,0.9977728128433228,0.5392743945121765,0.2244245857000351,-0.19039620459079742,0.9976150989532471,0.5386607050895691,0.22669537365436554,-0.1904081255197525,0.9987671375274658,0.5197883248329163,0.2480820268392563,-0.2853945195674896,0.9954244494438171,0.5241348743438721,0.24754025042057037,-0.16747257113456726,0.9963793754577637,0.5245057940483093,0.2053014039993286,-0.186133474111557,0.9962198138237,0.5277290940284729,0.20524738729000092,-0.16919031739234924,0.997246503829956,0.43322524428367615,0.20833562314510345,-0.24932946264743805,0.9999753832817078,0.4936463534832001,0.2624184489250183,-0.05923464521765709,0.9998473525047302,0.37968024611473083,0.12545108795166016,-0.2895675301551819,0.624460756778717,0.5782333612442017,0.23143643140792847,0.048531193286180496,0.6317036747932434,0.39207860827445984,0.02353469468653202,-0.3188106417655945,0.705938458442688,0.5994874238967896,0.3234959542751312,0.12745052576065063,0.57245934009552,0.3891250789165497,-0.010790646076202393,-0.3516741394996643,0.7132002711296082,0.6047266125679016,0.3352193832397461,0.132643923163414,0.5533967018127441,0.3967617154121399,-0.014117173850536346,-0.3475184142589569,0.7172455191612244,0.6029663681983948,0.34540441632270813,0.10896189510822296,0.5470185279846191,0.3980461359024048,0.0021740146912634373,-0.3173346519470215,0.6901015043258667,0.5976314544677734,0.34498152136802673,0.12042436003684998,0.5146002769470215,0.4235338568687439,0.45977598428726196,-0.07997553050518036,0.9999945759773254,0.46872907876968384,0.4365366995334625,0.07997123152017593,0.9999831914901733,0.4466981291770935,0.6668538451194763,-0.0682540014386177,0.8373756408691406,0.5383223295211792,0.592232882976532,0.16048979759216309,0.7351005673408508,0.4749157130718231,0.8673864006996155,-0.051618654280900955,0.8878284096717834,0.601254403591156,0.43063876032829285,0.30733343958854675,0.6057621836662292,0.49104222655296326,0.9094222784042358,-0.044227637350559235,0.8661845922470093,0.5937486290931702,0.3897972106933594,0.32297083735466003,0.6828282475471497,0.4372439682483673,0.9205142259597778,-0.1084192767739296,0.8579174876213074,0.6403785943984985,0.40536123514175415,0.2875004708766937,0.619023323059082,115.52360746448743,30.0,141.07583929225152,229.4942245300568,-1874.7560393661254
286,9.533333333333333,0.5562494397163391,0.20433558523654938,-0.1667991429567337,0.9961482882499695,0.5560369491577148,0.22238336503505707,-0.18078885972499847,0.9957075119018555,0.5540229082107544,0.22541260719299316,-0.18100853264331818,0.9937351942062378,0.5521461367607117,0.2279079407453537,-0.18095342814922333,0.9962324500083923,0.5576738119125366,0.22142475843429565,-0.1646316647529602,0.9979918599128723,0.5566234588623047,0.22347338497638702,-0.16484728455543518,0.9978499412536621,0.5557631254196167,0.22556717693805695,-0.16489604115486145,0.998888373374939,0.5386170148849487,0.24276261031627655,-0.21566040813922882,0.995873749256134,0.542478621006012,0.24618183076381683,-0.12426833808422089,0.9967383742332458,0.544116735458374,0.2012140303850174,-0.16451314091682434,0.9965552687644958,0.5463180541992188,0.19969001412391663,-0.1449103206396103,0.9975016117095947,0.4612301290035248,0.21676170825958252,-0.23396435379981995,0.999968945980072,0.49531087279319763,0.2604466378688812,0.0009938142029568553,0.9998235702514648,0.3883436620235443,0.1287643313407898,-0.2835204303264618,0.6586381196975708,0.5635508298873901,0.26614245772361755,0.14183664321899414,0.5817387700080872,0.4054298400878906,0.008009831421077251,-0.3130137026309967,0.7317107915878296,0.6077457070350647,0.3090779483318329,0.2605894207954407,0.5478146076202393,0.4028160870075226,-0.020802440121769905,-0.34881749749183655,0.7375442981719971,0.6164993643760681,0.32145988941192627,0.2730667293071747,0.5373393893241882,0.40728476643562317,-0.028128456324338913,-0.3363678753376007,0.7405460476875305,0.6133338212966919,0.3266552686691284,0.25286009907722473,0.531464695930481,0.4084617793560028,-0.016550561413168907,-0.30789628624916077,0.7106102108955383,0.6067028641700745,0.32522454857826233,0.2553573548793793,0.4937812089920044,0.4268639385700226,0.45731377601623535,-0.09150861203670502,0.9999942779541016,0.4675258994102478,0.43976423144340515,0.09162040799856186,0.9999828934669495,0.46351557970046997,0.6633046865463257,-0.07136745005846024,0.8534965515136719,0.5403017401695251,0.5757763385772705,0.1405773162841797,0.7172244191169739,0.49803754687309265,0.8645321130752563,-0.04823605343699455,0.8988003730773926,0.6028432250022888,0.4122166633605957,0.3128361701965332,0.5955977439880371,0.5158678293228149,0.9091625213623047,-0.01157418917864561,0.8785435557365417,0.5971183776855469,0.3718189299106598,0.3318423628807068,0.6928877234458923,0.44932758808135986,0.920383095741272,-0.09396065771579742,0.8714699149131775,0.6498867273330688,0.3651810884475708,0.29643237590789795,0.6198705434799194,162.53319146288507,30.0,143.98792949211574,198.2348466467424,-72.53449642235239
287,9.566666666666666,0.5593923330307007,0.18926768004894257,-0.21764366328716278,0.9964856505393982,0.5656930804252625,0.21554164588451385,-0.2350664883852005,0.9961152076721191,0.5639155507087708,0.21926350891590118,-0.23532862961292267,0.9943354725837708,0.5619832277297974,0.2229429930448532,-0.23523841798305511,0.9965867400169373,0.5674601793289185,0.21301278471946716,-0.2051779329776764,0.9981825351715088,0.5672956705093384,0.21427546441555023,-0.2054530680179596,0.9980558753013611,0.5673171877861023,0.21553048491477966,-0.20558719336986542,0.9989937543869019,0.5438724160194397,0.24215827882289886,-0.2649548649787903,0.9962744116783142,0.5512955188751221,0.23318228125572205,-0.16205140948295593,0.9970583319664001,0.5433460474014282,0.18179525434970856,-0.2203485518693924,0.9968235492706299,0.5462501645088196,0.17943060398101807,-0.18410398066043854,0.9977099299430847,0.48638004064559937,0.22454538941383362,-0.2896576523780823,0.9999551177024841,0.5011504888534546,0.2498815506696701,-0.02365613915026188,0.9997511506080627,0.4572410583496094,0.12362470477819443,-0.31673166155815125,0.687152624130249,0.5310208797454834,0.24389295279979706,0.1892589032649994,0.5239965915679932,0.44665560126304626,0.004360101651400328,-0.31096407771110535,0.7507078051567078,0.5564906001091003,0.23974813520908356,0.42644354701042175,0.49353718757629395,0.4424974322319031,-0.027922870591282845,-0.3362370431423187,0.7560154795646667,0.5698845386505127,0.24184729158878326,0.4662548303604126,0.48451051115989685,0.4455128312110901,-0.033878788352012634,-0.32775992155075073,0.7578287720680237,0.5626303553581238,0.23930898308753967,0.45124101638793945,0.4792190194129944,0.44654661417007446,-0.021800652146339417,-0.30657073855400085,0.7226614356040955,0.5560042262077332,0.23452599346637726,0.4268263876438141,0.4452899396419525,0.44558894634246826,0.4624067544937134,-0.0961177721619606,0.9999933838844299,0.47330552339553833,0.4422472417354584,0.09630876034498215,0.9999803304672241,0.48110926151275635,0.6622518301010132,-0.10082419961690903,0.8680844306945801,0.5354405641555786,0.5478366613388062,0.15372417867183685,0.679006814956665,0.5176928639411926,0.8657488226890564,-0.07960156351327896,0.908821702003479,0.585709810256958,0.39250242710113525,0.3694895803928375,0.5658139586448669,0.5344101786613464,0.9105120897293091,-0.07617604732513428,0.8901440501213074,0.5824052095413208,0.3576742112636566,0.39354419708251953,0.6866039037704468,0.46837443113327026,0.9219003319740295,-0.19729937613010406,0.8840938806533813,0.628368079662323,0.3295953869819641,0.3692597448825836,0.6068204641342163,178.04899423321598,30.0,154.29149573536768,224.65859143523332,-3303.6498545051027
288,9.6,0.5659807920455933,0.19151456654071808,-0.09910469502210617,0.9968348145484924,0.5706070065498352,0.21448343992233276,-0.1161797046661377,0.9965019226074219,0.5696771740913391,0.21815550327301025,-0.11645876616239548,0.9948999881744385,0.5686162710189819,0.22175180912017822,-0.1163693517446518,0.9969263076782227,0.5709497928619385,0.21103288233280182,-0.09353844821453094,0.9983636140823364,0.5706352591514587,0.211599662899971,-0.09370215982198715,0.9982498288154602,0.570504903793335,0.21201209723949432,-0.09372501075267792,0.9990940690040588,0.5556843280792236,0.2409900277853012,-0.16778281331062317,0.9966464042663574,0.5605375170707703,0.22745950520038605,-0.06309004873037338,0.9973522424697876,0.5474432706832886,0.1850559562444687,-0.11266320198774338,0.9971387982368469,0.5502085089683533,0.18340300023555756,-0.08407486230134964,0.9979376196861267,0.5075585246086121,0.22837181389331818,-0.25253307819366455,0.9999589920043945,0.5088756084442139,0.24110494554042816,0.03072301857173443,0.9997730255126953,0.5124273896217346,0.12632764875888824,-0.3836051821708679,0.7183201909065247,0.5338689684867859,0.24350060522556305,0.25731462240219116,0.4744166135787964,0.499810129404068,0.011843957006931305,-0.4902721047401428,0.7754610776901245,0.5693312287330627,0.2550097405910492,0.5521863698959351,0.45051297545433044,0.4974032938480377,-0.010318955406546593,-0.5271921753883362,0.7802026271820068,0.5813407897949219,0.2647632360458374,0.6020614504814148,0.44450223445892334,0.4984866678714752,-0.0136495316401124,-0.5230982303619385,0.7818446755409241,0.5827413201332092,0.26482054591178894,0.6013566851615906,0.43943092226982117,0.49879297614097595,-0.005512004252523184,-0.49162495136260986,0.7499890327453613,0.5750149488449097,0.26029500365257263,0.5610731244087219,0.40848448872566223,0.47703760862350464,0.4680865406990051,-0.10967416316270828,0.9999938607215881,0.48361626267433167,0.44887036085128784,0.10968761146068573,0.9999818205833435,0.5027027130126953,0.6643436551094055,-0.10875384509563446,0.8812670707702637,0.5188296437263489,0.5005933046340942,0.308575838804245,0.6288941502571106,0.52763831615448,0.869017481803894,-0.12563061714172363,0.9179093837738037,0.5622896552085876,0.37566274404525757,0.5648336410522461,0.5313231945037842,0.5442245006561279,0.91339510679245,-0.12693537771701813,0.9010114669799805,0.5568323135375977,0.35841551423072815,0.5929174423217773,0.6834737658500671,0.48367437720298767,0.930975615978241,-0.24146872758865356,0.8956395983695984,0.5925189852714539,0.3083856999874115,0.5995165705680847,0.5974150896072388,178.28765408443954,30.0,158.9651689211313,-22.0084769869311,-8367.10797393313
289,9.633333333333333,0.5678279995918274,0.19165974855422974,-0.21195217967033386,0.9969626069068909,0.5741386413574219,0.21194392442703247,-0.22255654633045197,0.9967058897018433,0.5734493732452393,0.21562398970127106,-0.22296836972236633,0.9952405095100403,0.5725736618041992,0.21930569410324097,-0.222976416349411,0.9971324801445007,0.5739852786064148,0.2090231478214264,-0.2014797478914261,0.9984086751937866,0.5733776688575745,0.21001720428466797,-0.2017597258090973,0.9982855319976807,0.5726484656333923,0.21076683700084686,-0.20189228653907776,0.9990960955619812,0.562160849571228,0.2405400574207306,-0.24281682074069977,0.9968937635421753,0.5623289942741394,0.22668026387691498,-0.1129189282655716,0.9973890781402588,0.5560857057571411,0.1857568919658661,-0.21427375078201294,0.9969809651374817,0.5564281940460205,0.18559415638446808,-0.1890259087085724,0.9977723360061646,0.5256578922271729,0.25574374198913574,-0.2757057845592499,0.9999557137489319,0.5053820013999939,0.2414374202489853,-0.03756618872284889,0.9996639490127563,0.5521472096443176,0.15995803475379944,-0.19587841629981995,0.6737526059150696,0.48546603322029114,0.17020279169082642,0.11741583794355392,0.4274267852306366,0.5414067506790161,0.18940839171409607,-0.023551709949970245,0.7018396854400635,0.5452191233634949,0.21788205206394196,0.28149351477622986,0.4055401086807251,0.5442741513252258,0.19084617495536804,-0.023345060646533966,0.7054505944252014,0.5447025895118713,0.21963411569595337,0.3071545362472534,0.40015560388565063,0.5474967956542969,0.19212482869625092,-0.027110867202281952,0.7066386938095093,0.543606162071228,0.2217855453491211,0.2969750761985779,0.3955938220024109,0.5446823835372925,0.1915731132030487,-0.02020885795354843,0.6775223612785339,0.5390537977218628,0.21750326454639435,0.28074321150779724,0.3677615225315094,0.5012897253036499,0.46987929940223694,-0.0973004475235939,0.9999854564666748,0.4909302294254303,0.4622206389904022,0.09714861959218979,0.9999468922615051,0.5205098986625671,0.6654821634292603,-0.1314319223165512,0.872937023639679,0.510125458240509,0.532507061958313,0.2908998429775238,0.566112220287323,0.5384103655815125,0.8738453984260559,-0.22133779525756836,0.9157747030258179,0.5574697256088257,0.4677714407444,0.5141697525978088,0.4785250723361969,0.5519374012947083,0.9116579294204712,-0.2333969622850418,0.88740473985672,0.5334806442260742,0.46517708897590637,0.5370534062385559,0.6170182824134827,0.49946025013923645,0.9426262974739075,-0.3674427568912506,0.8940613269805908,0.5384706854820251,0.4418279230594635,0.5321648120880127,0.5387740731239319,132.10645227849588,30.0,152.82426393623894,-333.1486068269753,-8139.670558553742
290,9.666666666666666,0.5635272264480591,0.1896551549434662,-0.3555432856082916,0.9972521066665649,0.5689321160316467,0.20829400420188904,-0.35764360427856445,0.9970187544822693,0.5684033036231995,0.21216942369937897,-0.3579793870449066,0.995693027973175,0.5677363872528076,0.21599584817886353,-0.35795819759368896,0.9974004626274109,0.5679347515106201,0.20479056239128113,-0.3513103723526001,0.9985580444335938,0.5669777989387512,0.2056952863931656,-0.351578027009964,0.9984488487243652,0.5659746527671814,0.20628434419631958,-0.3516945242881775,0.9991804957389832,0.5580224990844727,0.23918643593788147,-0.3228791058063507,0.9971901774406433,0.5550910234451294,0.22197063267230988,-0.29095572233200073,0.9976317882537842,0.552814245223999,0.18717259168624878,-0.3369731903076172,0.9972174167633057,0.5523145198822021,0.1868567019701004,-0.33039024472236633,0.9979507327079773,0.5412740707397461,0.26610609889030457,-0.30330890417099,0.9999410510063171,0.4978947043418884,0.2395906299352646,-0.2190926969051361,0.9996267557144165,0.580120861530304,0.17188838124275208,-0.29544445872306824,0.6965208053588867,0.4551030099391937,0.16148002445697784,-0.3305259048938751,0.4261544346809387,0.5623629093170166,0.1633721888065338,-0.2874790132045746,0.6933122277259827,0.5085790157318115,0.214991956949234,-0.48682528734207153,0.3861376643180847,0.5515541434288025,0.18927252292633057,-0.3220422565937042,0.6885663866996765,0.5236830711364746,0.21917396783828735,-0.5279755592346191,0.38145682215690613,0.5491877794265747,0.19140225648880005,-0.32785558700561523,0.6875271797180176,0.5303452610969543,0.21926845610141754,-0.5259873270988464,0.37804749608039856,0.5561594367027283,0.1615290641784668,-0.2911318838596344,0.6551539897918701,0.5242082476615906,0.21959853172302246,-0.49100762605667114,0.34806522727012634,0.5261250734329224,0.47043120861053467,-0.061123695224523544,0.9999827146530151,0.49017831683158875,0.461172491312027,0.06091652438044548,0.9999381899833679,0.5352070331573486,0.6680101752281189,-0.10096248984336853,0.8847041130065918,0.46762847900390625,0.48911258578300476,0.20212985575199127,0.5158131718635559,0.5438934564590454,0.8706082105636597,-0.11819501221179962,0.9229787588119507,0.5055960416793823,0.41504454612731934,0.37855836749076843,0.44229406118392944,0.5518299341201782,0.9071169495582581,-0.12313063442707062,0.8915708065032959,0.5083162188529968,0.42008280754089355,0.3951578140258789,0.5728120803833008,0.5208684802055359,0.9498486518859863,-0.2519688606262207,0.9027226567268372,0.496073842048645,0.38477301597595215,0.36143288016319275,0.5089783668518066,116.23156151357698,30.0,136.75526179933294,-564.6531808905139,-646.9649071267228
291,9.7,0.5490432381629944,0.18197104334831238,-0.2190191000699997,0.9973487257957458,0.5472137331962585,0.19396361708641052,-0.23108631372451782,0.9972223043441772,0.5458433032035828,0.19663786888122559,-0.2313518524169922,0.9959954619407654,0.5445394515991211,0.1993308961391449,-0.23137500882148743,0.9975824952125549,0.5509102940559387,0.19281308352947235,-0.2432667315006256,0.9986408352851868,0.5523504614830017,0.1945493221282959,-0.2437029778957367,0.9985327124595642,0.5539543628692627,0.19634586572647095,-0.24422664940357208,0.9992130398750305,0.5387728214263916,0.22373628616333008,-0.2230130285024643,0.9973422884941101,0.5541115403175354,0.21462222933769226,-0.22943200170993805,0.9977127313613892,0.5456013083457947,0.18424074351787567,-0.205902099609375,0.9972935318946838,0.551143229007721,0.18417102098464966,-0.2210293412208557,0.9979314208030701,0.5079556703567505,0.2559839189052582,-0.16030685603618622,0.9994254112243652,0.57497638463974,0.23491951823234558,-0.16644057631492615,0.9995090961456299,0.477398544549942,0.1907530575990677,-0.06989394128322601,0.6314712166786194,0.6181309819221497,0.11772378534078598,-0.15294411778450012,0.4052369296550751,0.47462618350982666,0.19751380383968353,0.0061959922313690186,0.625827431678772,0.6216377019882202,0.01619366556406021,-0.09996119141578674,0.35230299830436707,0.4631360173225403,0.19860799610614777,0.007856483571231365,0.6222789883613586,0.6256065964698792,-0.004776434972882271,-0.10502128303050995,0.34905415773391724,0.47523900866508484,0.19745516777038574,-0.005018478725105524,0.6213798522949219,0.6212049126625061,-0.010434566996991634,-0.11028774082660675,0.34495633840560913,0.4860689342021942,0.1918637901544571,0.003903527045622468,0.5917774438858032,0.6191391348838806,0.004484992939978838,-0.10164161026477814,0.31700995564460754,0.5106782913208008,0.46685460209846497,-0.01275287102907896,0.9999701976776123,0.5496969223022461,0.4712941646575928,0.012235473841428757,0.9999420046806335,0.45976075530052185,0.5290217399597168,-0.035225044935941696,0.8593906164169312,0.541708767414093,0.6638970375061035,-0.0007624759455211461,0.5620939135551453,0.4802994132041931,0.31058692932128906,0.03602941334247589,0.9044228196144104,0.5373094081878662,0.8517668843269348,-0.0201333649456501,0.49745309352874756,0.4927247166633606,0.3056277334690094,0.04416292533278465,0.8838619589805603,0.5356569290161133,0.8695138692855835,-0.022740205749869347,0.6122581362724304,0.48527732491493225,0.23807714879512787,0.01713893748819828,0.8784911036491394,0.5260847210884094,0.9334370493888855,-0.10582359880208969,0.5528866648674011,152.4902531812222,30.0,115.180718543538,-376.2796006354235,9249.487757480387
292,9.733333333333333,0.5396590828895569,0.17405261099338531,-0.3178321123123169,0.9975348711013794,0.5383734107017517,0.1843971312046051,-0.309725284576416,0.9973687529563904,0.5382863879203796,0.18726004660129547,-0.309979647397995,0.9961993098258972,0.538381814956665,0.19002191722393036,-0.30990633368492126,0.9976969361305237,0.5396981835365295,0.18507020175457,-0.3149408996105194,0.9987151026725769,0.5404938459396362,0.18798841536045074,-0.3153243958950043,0.9986145496368408,0.5417964458465576,0.19101783633232117,-0.3155765235424042,0.9992519617080688,0.5402078628540039,0.21210996806621552,-0.23995405435562134,0.9974918961524963,0.5381151437759399,0.21306857466697693,-0.2583816349506378,0.9978012442588806,0.5434058904647827,0.18019238114356995,-0.28693121671676636,0.9973692893981934,0.5413236618041992,0.18091651797294617,-0.29469454288482666,0.9979509115219116,0.5862159132957458,0.253510057926178,-0.18595385551452637,0.99946528673172,0.5316582322120667,0.2605966031551361,-0.1877068430185318,0.9994485974311829,0.6360876560211182,0.1097857877612114,-0.137321338057518,0.6264275908470154,0.47153472900390625,0.1657961755990982,-0.15815313160419464,0.41662436723709106,0.6348050236701965,0.0010890625417232513,-0.2550930678844452,0.6024191975593567,0.46023261547088623,0.1495915651321411,-0.20096400380134583,0.34097200632095337,0.6338408589363098,-0.02090270444750786,-0.28203198313713074,0.5952031016349792,0.4525493383407593,0.1501508355140686,-0.22280631959438324,0.3318752944469452,0.6324523091316223,-0.03385663032531738,-0.2977066934108734,0.5963133573532104,0.4508274495601654,0.14952009916305542,-0.24210500717163086,0.3273322582244873,0.632218599319458,-0.015141437761485577,-0.2649017870426178,0.5690802931785583,0.4533613920211792,0.1520252376794815,-0.21192625164985657,0.3021700978279114,0.570063054561615,0.4812733829021454,-0.004506649449467659,0.999971330165863,0.5336567163467407,0.4666222035884857,0.004258244764059782,0.9999419450759888,0.5472605228424072,0.6582521796226501,0.045576535165309906,0.8692712783813477,0.4355242848396301,0.5601707696914673,-0.000557702558580786,0.5868796706199646,0.5347291231155396,0.8121659159660339,0.13460177183151245,0.9111900925636292,0.4463166892528534,0.3320956826210022,0.14485985040664673,0.4986702799797058,0.5265361666679382,0.821940004825592,0.1388227492570877,0.8803589940071106,0.4549390971660614,0.32762011885643005,0.16015949845314026,0.599429726600647,0.5405919551849365,0.9084734320640564,0.023815158754587173,0.8841164112091064,0.4334834814071655,0.2619543671607971,0.11739831417798996,0.5503444671630859,100.0008159376927,30.0,111.66995509030471,51.97933627484517,5270.690768606704
293,9.766666666666666,0.534214437007904,0.17612901329994202,-0.2854309678077698,0.99775230884552,0.5366429090499878,0.18585649132728577,-0.24773554503917694,0.9975796341896057,0.5344129800796509,0.18817098438739777,-0.24790558218955994,0.9965026378631592,0.5333038568496704,0.19043715298175812,-0.2477121353149414,0.997875452041626,0.5355825424194336,0.18716314435005188,-0.28948408365249634,0.9988211989402771,0.5359212160110474,0.19010967016220093,-0.28908875584602356,0.99873286485672,0.5364090204238892,0.19316039979457855,-0.28876033425331116,0.9993139505386353,0.5356622338294983,0.21133051812648773,-0.15533702075481415,0.9977091550827026,0.5319384932518005,0.21448242664337158,-0.2573743164539337,0.9979878067970276,0.5404327511787415,0.18156659603118896,-0.22414816915988922,0.997595489025116,0.5376598238945007,0.18215486407279968,-0.2566300630569458,0.9981261491775513,0.5958346128463745,0.2480354607105255,-0.08956772834062576,0.9995148181915283,0.539787232875824,0.26707738637924194,-0.16753454506397247,0.999492347240448,0.6393495202064514,0.09212052077054977,-0.09204097092151642,0.6327316164970398,0.464321106672287,0.17923395335674286,-0.15385499596595764,0.47113314270973206,0.6387646198272705,-0.017182571813464165,-0.179803267121315,0.6206960678100586,0.45804139971733093,0.1607283055782318,-0.22568418085575104,0.40044981241226196,0.6363329291343689,-0.03503195941448212,-0.20313431322574615,0.6164602637290955,0.4398439824581146,0.16447126865386963,-0.2554522752761841,0.3889799118041992,0.6364747285842896,-0.04952337592840195,-0.22732968628406525,0.619430661201477,0.4399113059043884,0.17109408974647522,-0.2742542326450348,0.3833072781562805,0.6366140842437744,-0.04138857498764992,-0.19251973927021027,0.5934446454048157,0.44614937901496887,0.1752522736787796,-0.23716500401496887,0.35838136076927185,0.5855485796928406,0.48586973547935486,0.029435159638524055,0.9999735951423645,0.5568150877952576,0.4638175964355469,-0.029706722125411034,0.9999457001686096,0.5572001934051514,0.6794778108596802,0.06565864384174347,0.8821567893028259,0.4303857982158661,0.545484721660614,-0.06637614965438843,0.6276928782463074,0.5375977158546448,0.8752018809318542,0.1552228331565857,0.9199471473693848,0.42997586727142334,0.3041844666004181,0.11042642593383789,0.5458939671516418,0.5240800976753235,0.9042733311653137,0.16010408103466034,0.8917524218559265,0.44203269481658936,0.2952728867530823,0.13166934251785278,0.635453462600708,0.5587635636329651,0.9534270167350769,0.04341168701648712,0.8953344225883484,0.3979053795337677,0.23590165376663208,0.09495515376329422,0.5915411710739136,97.39250927906633,30.0,118.64600762852768,-24.900216061643192,-4158.580135946524
294,9.8,0.532179594039917,0.18551340699195862,-0.28004661202430725,0.9979632496833801,0.5348352789878845,0.18917058408260345,-0.26848846673965454,0.9978010058403015,0.5337049961090088,0.18933458626270294,-0.26871544122695923,0.9968200922012329,0.5315032601356506,0.19126899540424347,-0.26856231689453125,0.9980653524398804,0.5317705869674683,0.19408081471920013,-0.28320208191871643,0.9989305138587952,0.5320578217506409,0.19773277640342712,-0.28354212641716003,0.998852014541626,0.5320398807525635,0.20162461698055267,-0.2837248742580414,0.9993775486946106,0.533122718334198,0.21268603205680847,-0.18450051546096802,0.9979220032691956,0.5295010209083557,0.21952618658542633,-0.24786138534545898,0.998175323009491,0.5377920866012573,0.189841166138649,-0.24351602792739868,0.9978123903274536,0.5348855257034302,0.1933531016111374,-0.2618653178215027,0.998294472694397,0.5955617427825928,0.23853135108947754,-0.11455012112855911,0.9995572566986084,0.5541132688522339,0.2759222090244293,-0.19479970633983612,0.9995317459106445,0.6306788921356201,0.0798855572938919,-0.08597895503044128,0.6303057074546814,0.4669736921787262,0.18764051795005798,-0.1654500663280487,0.5205050110816956,0.6269301176071167,-0.003161514410749078,-0.1214456707239151,0.6309663653373718,0.45493271946907043,0.20799486339092255,-0.22243930399417877,0.457410991191864,0.627140998840332,-0.02346368506550789,-0.13549929857254028,0.6289812326431274,0.43551596999168396,0.22025775909423828,-0.24934887886047363,0.44514793157577515,0.6261504292488098,-0.039976101368665695,-0.16025297343730927,0.6344116926193237,0.4362668991088867,0.2281714230775833,-0.2716391682624817,0.4392949640750885,0.6250903606414795,-0.03616956248879433,-0.1328294426202774,0.6097983717918396,0.445118248462677,0.22961311042308807,-0.2348790317773819,0.4151075482368469,0.5938278436660767,0.4850618243217468,0.03146356716752052,0.9999756813049316,0.5666189789772034,0.4640614092350006,-0.03173001855611801,0.9999494552612305,0.5577532052993774,0.6820523142814636,0.0807192474603653,0.8937565088272095,0.4423263669013977,0.5480512380599976,-0.04967646673321724,0.6643261313438416,0.5321332216262817,0.8874498009681702,0.18562258780002594,0.9278233647346497,0.4333594739437103,0.3134690523147583,0.1327364444732666,0.5880987048149109,0.5183508396148682,0.92054283618927,0.19254636764526367,0.9021424651145935,0.4457911252975464,0.2957029640674591,0.1544404923915863,0.6678288578987122,0.5669180750846863,0.957521915435791,0.08207525312900543,0.9054404497146606,0.39548176527023315,0.24546930193901062,0.11860305815935135,0.6284958124160767,72.07764449714219,30.0,110.00994068619516,-225.25933945492312,-3223.3180633160514
295,9.833333333333334,0.5177608132362366,0.19553372263908386,-0.16124357283115387,0.9981170892715454,0.5159294009208679,0.20192956924438477,-0.16110995411872864,0.9979536533355713,0.5170854330062866,0.20255503058433533,-0.16137807071208954,0.9970462322235107,0.5177344679832458,0.20411483943462372,-0.16124169528484344,0.99820876121521,0.514512300491333,0.20488542318344116,-0.1698504090309143,0.99900221824646,0.515953004360199,0.20776505768299103,-0.17028795182704926,0.9989333748817444,0.5171552300453186,0.2110452502965927,-0.17049220204353333,0.9994190335273743,0.5328505039215088,0.22011661529541016,-0.13017074763774872,0.998096764087677,0.5285843014717102,0.22535483539104462,-0.17031779885292053,0.9983009696006775,0.533857524394989,0.19259075820446014,-0.14336085319519043,0.9979761242866516,0.5321442484855652,0.1958257108926773,-0.1565677970647812,0.9984103441238403,0.5920591354370117,0.23663145303726196,-0.06857366859912872,0.9995973110198975,0.5587902069091797,0.27202993631362915,-0.151920348405838,0.9995594620704651,0.6130567193031311,0.09291452169418335,-0.0040844217874109745,0.6224184036254883,0.4914054572582245,0.1969490349292755,-0.03422112017869949,0.5503525733947754,0.6062203049659729,0.004120172467082739,0.03716244921088219,0.6423778533935547,0.4741549491882324,0.2143263816833496,0.037128135561943054,0.49926573038101196,0.6040433049201965,-0.015366983599960804,0.04078129678964615,0.6433570384979248,0.4599846303462982,0.23465979099273682,0.03166608884930611,0.48667407035827637,0.6032962799072266,-0.021803509443998337,0.020782405510544777,0.6495885848999023,0.4616616368293762,0.24007919430732727,0.016976865008473396,0.47893327474594116,0.6034802794456482,-0.016651425510644913,0.03101910836994648,0.6257918477058411,0.4680611491203308,0.2400347739458084,0.030734142288565636,0.4536241292953491,0.5933922529220581,0.48274582624435425,0.030907602980732918,0.9999778270721436,0.5680208802223206,0.4626772105693817,-0.031151646748185158,0.9999532699584961,0.5593834519386292,0.6843308210372925,0.07216344773769379,0.9041220545768738,0.45148229598999023,0.5512077808380127,-0.023003093898296356,0.6964852213859558,0.5279203057289124,0.8900107145309448,0.14882153272628784,0.9348002076148987,0.447881817817688,0.3363444209098816,0.13696417212486267,0.624792218208313,0.5150769352912903,0.9304503798484802,0.15456008911132812,0.9113161563873291,0.4596942961215973,0.31801021099090576,0.1578081250190735,0.696010172367096,0.5712533593177795,0.9589331746101379,0.07389991730451584,0.9142570495605469,0.42024368047714233,0.2584679126739502,0.14670082926750183,0.659578800201416,134.90842117770123,30.0,103.62871833153281,-239.78808694937996,4312.46992252361
296,9.866666666666667,0.5135169625282288,0.19538304209709167,-0.041339050978422165,0.998273491859436,0.5096719264984131,0.20250721275806427,-0.039967793971300125,0.9981386661529541,0.5107527375221252,0.20343860983848572,-0.040235042572021484,0.9973119497299194,0.511542797088623,0.20525141060352325,-0.040059469640254974,0.9983742237091064,0.5099838376045227,0.20489272475242615,-0.055990174412727356,0.999085545539856,0.511596143245697,0.20768427848815918,-0.05639949068427086,0.9990233182907104,0.5130788683891296,0.21067804098129272,-0.05653872713446617,0.9994678497314453,0.5301725268363953,0.22358007729053497,-0.0183489378541708,0.9982709884643555,0.5276467800140381,0.22522960603237152,-0.09335838258266449,0.9984255433082581,0.5313484072685242,0.1925935447216034,-0.027312839403748512,0.9980934262275696,0.5319580435752869,0.19515812397003174,-0.05094287917017937,0.9984801411628723,0.5700224041938782,0.26443424820899963,0.05928407236933708,0.999621570110321,0.5716080069541931,0.2438269704580307,-0.138702854514122,0.9995817542076111,0.5435213446617126,0.2630007863044739,0.15093994140625,0.5661496520042419,0.5806348919868469,0.15691623091697693,-0.04802800342440605,0.5905035734176636,0.5187926292419434,0.24129731953144073,0.2055736929178238,0.5917004942893982,0.57768714427948,0.04102806746959686,0.043644018471241,0.5444923639297485,0.5080037117004395,0.2697175443172455,0.2233930081129074,0.5986143946647644,0.5739448070526123,0.012144570238888264,0.0349649153649807,0.5312060117721558,0.5120225548744202,0.26628708839416504,0.1977582573890686,0.604584276676178,0.5698388814926147,0.009077348746359348,0.04310308024287224,0.5222017168998718,0.5159292221069336,0.2580363154411316,0.1981523483991623,0.5810860991477966,0.570794939994812,0.021362703293561935,0.04683326557278633,0.49488911032676697,0.5790666341781616,0.48222288489341736,0.07125572115182877,0.9999798536300659,0.5777457356452942,0.4594097435474396,-0.07163449376821518,0.9999573230743408,0.5527057647705078,0.6914024353027344,0.07161474227905273,0.9108293652534485,0.49367812275886536,0.5529634356498718,-0.056131891906261444,0.7257489562034607,0.5238401889801025,0.8983469605445862,0.10454641282558441,0.9403250813484192,0.4706764221191406,0.35178759694099426,0.008539914153516293,0.6599558591842651,0.5130422711372375,0.937605619430542,0.10652746260166168,0.9193092584609985,0.4873075783252716,0.33816033601760864,0.020082851871848106,0.7238955497741699,0.5702496767044067,0.9571977257728577,0.04563898965716362,0.9210799932479858,0.43737131357192993,0.26437512040138245,0.025817658752202988,0.6907697319984436,170.5429809709317,30.0,94.02406822290317,62.23865537998421,7550.835598449352
297,9.9,0.5194922685623169,0.20341330766677856,-0.1223585456609726,0.996883749961853,0.5123679041862488,0.2142196148633957,-0.09643710404634476,0.9967804551124573,0.5128061175346375,0.21460534632205963,-0.09660685807466507,0.9952236413955688,0.5131277441978455,0.21521636843681335,-0.09602432698011398,0.9972341060638428,0.5144494771957397,0.2189125120639801,-0.10298249870538712,0.9984204769134521,0.5161827206611633,0.22270452976226807,-0.10225260257720947,0.9982352256774902,0.51802659034729,0.2263944298028946,-0.1030573695898056,0.9989529252052307,0.5286399126052856,0.22946369647979736,-0.07042482495307922,0.9968631863594055,0.5311407446861267,0.24000690877437592,-0.20188206434249878,0.99638831615448,0.5338605046272278,0.19946323335170746,-0.10310886055231094,0.9964533448219299,0.536308228969574,0.20382612943649292,-0.08138314634561539,0.9963738322257996,0.5606203675270081,0.2527061998844147,-0.06639032065868378,0.9995923638343811,0.5988913178443909,0.27352768182754517,-0.2361392378807068,0.999592125415802,0.5475171208381653,0.10798400640487671,0.018170973286032677,0.5149842500686646,0.6453457474708557,0.16053186357021332,-0.318477988243103,0.5526663064956665,0.5212305784225464,0.034705180674791336,-0.09344480186700821,0.5397977232933044,0.5910750031471252,0.18498916923999786,-0.40176448225975037,0.4989413619041443,0.511077344417572,0.024461228400468826,-0.10413143038749695,0.5481374859809875,0.57893306016922,0.15841299295425415,-0.4467991888523102,0.4880806505680084,0.5164110064506531,0.02129937894642353,-0.12441491335630417,0.5542004704475403,0.5756579041481018,0.16403517127037048,-0.45664703845977783,0.4785589575767517,0.5198538303375244,0.022561917081475258,-0.10327979922294617,0.5323038101196289,0.5802582502365112,0.17283771932125092,-0.4119310975074768,0.45171821117401123,0.5686575770378113,0.4574686586856842,0.06677428632974625,0.999965488910675,0.5819240808486938,0.4678676426410675,-0.06688408553600311,0.9999585151672363,0.5767809748649597,0.579441487789154,0.1710449606180191,0.8202818632125854,0.54001784324646,0.6762809753417969,-0.12707975506782532,0.7448684573173523,0.5545936226844788,0.39371487498283386,0.359099417924881,0.8467006683349609,0.5175179839134216,0.8932337164878845,-0.22142289578914642,0.685539186000824,0.5557368993759155,0.3690580725669861,0.37718382477760315,0.8307684659957886,0.5110073089599609,0.9254944920539856,-0.23056364059448242,0.7239328622817993,0.5590881109237671,0.279406875371933,0.379162460565567,0.8301613330841064,0.5468838214874268,0.9542482495307922,-0.32811811566352844,0.6998260021209717,95.98654170258779,30.0,107.77796202353176,263.6009529472435,72.68040177277157
298,9.933333333333334,0.5400040745735168,0.21012358367443085,-0.16655945777893066,0.9953499436378479,0.5318329930305481,0.21853651106357574,-0.1801503449678421,0.995171308517456,0.5304415822029114,0.21840234100818634,-0.18033283948898315,0.9918615221977234,0.5288958549499512,0.218300923705101,-0.18020634353160858,0.9958512783050537,0.5367928743362427,0.2257404923439026,-0.18318195641040802,0.9975805282592773,0.5386836528778076,0.23080414533615112,-0.18313448131084442,0.9971404671669006,0.540523111820221,0.23610615730285645,-0.18345117568969727,0.9984369277954102,0.5353044867515564,0.2314664125442505,-0.19704589247703552,0.9945755004882812,0.548179030418396,0.2575581967830658,-0.2254386842250824,0.9920433759689331,0.5467737317085266,0.20732396841049194,-0.16535739600658417,0.9925670027732849,0.5535516142845154,0.21580785512924194,-0.1601698100566864,0.9925066232681274,0.5557031631469727,0.25229865312576294,-0.1254526674747467,0.9995934367179871,0.6014752984046936,0.2786191999912262,-0.20839180052280426,0.9992209672927856,0.5434214472770691,0.09740813076496124,-1.943441020557657e-05,0.473605751991272,0.6531528234481812,0.18750932812690735,-0.2004545032978058,0.500158429145813,0.5295894742012024,0.036364249885082245,-0.11016104370355606,0.4914816915988922,0.6133912801742554,0.24192728102207184,-0.19920939207077026,0.4505701959133148,0.5211513638496399,0.031568098813295364,-0.12289723753929138,0.5013665556907654,0.6123437881469727,0.24801966547966003,-0.22117111086845398,0.4413335621356964,0.524589478969574,0.025998719036579132,-0.14548872411251068,0.5071742534637451,0.5976148843765259,0.27286890149116516,-0.23967432975769043,0.4326874613761902,0.5280134081840515,0.024532658979296684,-0.11890552192926407,0.4870108366012573,0.5979184508323669,0.2680855095386505,-0.20859216153621674,0.4084275960922241,0.5622413158416748,0.45814603567123413,0.041036758571863174,0.9999682903289795,0.5888824462890625,0.45905494689941406,-0.04120388999581337,0.9999601244926453,0.5600534677505493,0.6912321448326111,0.07315725833177567,0.8044824600219727,0.6242514252662659,0.6265655159950256,-0.08552319556474686,0.6984255313873291,0.5402935147285461,0.8777817487716675,-0.001344542484730482,0.8396703004837036,0.5928863883018494,0.3984154164791107,-0.09693966805934906,0.6244575381278992,0.5384400486946106,0.9055518507957458,-0.01084093190729618,0.8159624934196472,0.5835935473442078,0.3935750722885132,-0.09510494023561478,0.6625764966011047,0.5483639240264893,0.9262533783912659,-0.06987272202968597,0.8041121363639832,0.5823420286178589,0.3160731792449951,-0.09300127625465393,0.6380671858787537,8.512681349967348,30.0,111.59746508605274,67.08401549816898,-5431.633268413262
299,9.966666666666667,0.5527974963188171,0.21865418553352356,0.20848126709461212,0.9955663084983826,0.5467952489852905,0.2319311648607254,0.20098522305488586,0.9954649806022644,0.5445833802223206,0.23359455168247223,0.20079344511032104,0.9923332929611206,0.5423524975776672,0.23521195352077484,0.20086485147476196,0.996069610118866,0.553536057472229,0.23546071350574493,0.21117852628231049,0.9977439045906067,0.5561166405677795,0.23989331722259521,0.21087798476219177,0.9973403811454773,0.5587702989578247,0.24500373005867004,0.2108081430196762,0.9985496401786804,0.5441845655441284,0.25075146555900574,0.16448472440242767,0.994882345199585,0.5626561641693115,0.2704407274723053,0.21197843551635742,0.9926022887229919,0.5533275008201599,0.21694554388523102,0.20086389780044556,0.9925306439399719,0.5619704127311707,0.2219441533088684,0.21264371275901794,0.9927219748497009,0.5480730533599854,0.25185051560401917,0.1394137293100357,0.9996092915534973,0.6075689196586609,0.2855544984340668,0.2054549902677536,0.9992375373840332,0.5365979075431824,0.13228973746299744,0.21448281407356262,0.4435315430164337,0.657459020614624,0.2122771292924881,0.31273791193962097,0.4559713304042816,0.5308600664138794,0.043431948870420456,0.3404078781604767,0.4557836055755615,0.6553533673286438,0.2379663586616516,0.4449981153011322,0.41513365507125854,0.5367814302444458,0.035570234060287476,0.35617339611053467,0.46500295400619507,0.660572350025177,0.244968444108963,0.4594584107398987,0.4081725478172302,0.5442060828208923,0.027724921703338623,0.34962761402130127,0.46924740076065063,0.6580337882041931,0.26225990056991577,0.45125243067741394,0.39928048849105835,0.5438583493232727,0.03141699731349945,0.34312358498573303,0.4497959017753601,0.6574008464813232,0.25603291392326355,0.4436343014240265,0.3768083155155182,0.5550020337104797,0.4626986086368561,-0.012860885821282864,0.9999710917472839,0.5891352295875549,0.4581354558467865,0.01236009132117033,0.999963104724884,0.5498995184898376,0.7134732007980347,-0.03868173062801361,0.8226412534713745,0.6646764874458313,0.5879580974578857,-0.03552907705307007,0.7056119441986084,0.5397946834564209,0.9128949046134949,-0.07226371020078659,0.8504787087440491,0.6262735724449158,0.34468498826026917,-0.022678878158330917,0.6013357639312744,0.5433592200279236,0.9378188252449036,-0.07677444815635681,0.8257796168327332,0.6302871704101562,0.320605605840683,-0.01927085407078266,0.6491937637329102,0.5440649390220642,0.9852033853530884,-0.13898617029190063,0.8060654997825623,0.6472606062889099,0.24601732194423676,-0.019353920593857765,0.6074795722961426,130.5914119323695,30.0,112.25022972340969,-98.5079316136406,-567.7454906987748
300,10.0,0.5748487710952759,0.22587871551513672,0.27799269556999207,0.9960025548934937,0.5702141523361206,0.23784250020980835,0.2719300389289856,0.9959122538566589,0.5667941570281982,0.23871798813343048,0.27171939611434937,0.9930896759033203,0.5637131333351135,0.23955844342708588,0.27173298597335815,0.9964559674263,0.5783681273460388,0.24256625771522522,0.27486172318458557,0.9979663491249084,0.5808916091918945,0.2473442703485489,0.2746267020702362,0.9976028203964233,0.5835031270980835,0.25238391757011414,0.2747369408607483,0.9986923933029175,0.5556405782699585,0.25165459513664246,0.22959376871585846,0.9953881502151489,0.5838239192962646,0.2722419202327728,0.2449708729982376,0.9933314323425293,0.5670630931854248,0.22118861973285675,0.2676701247692108,0.9932445287704468,0.5782047510147095,0.22857284545898438,0.27018269896507263,0.9934257864952087,0.5333148241043091,0.24898141622543335,0.15569788217544556,0.9996470808982849,0.6019840240478516,0.2878318727016449,0.206661194562912,0.9992910623550415,0.5387424230575562,0.09773746877908707,0.15616902709007263,0.4896952509880066,0.6386642456054688,0.23678599298000336,0.19980816543102264,0.46228569746017456,0.5892540216445923,0.05634633079171181,0.16688808798789978,0.5064475536346436,0.6530550122261047,0.21341730654239655,0.2338586449623108,0.4497048556804657,0.6044979691505432,0.06060083210468292,0.1658056527376175,0.512359082698822,0.6603397130966187,0.20339366793632507,0.23019598424434662,0.4414868950843811,0.6070376634597778,0.06725164502859116,0.14869090914726257,0.5157912969589233,0.6600645184516907,0.20825664699077606,0.22551454603672028,0.43080011010169983,0.6006914377212524,0.06997200101613998,0.1616581529378891,0.497780978679657,0.6571980118751526,0.2077457755804062,0.23031403124332428,0.4108119010925293,0.54686439037323,0.47119858860969543,-0.018985925242304802,0.9999737739562988,0.5883432030677795,0.458009272813797,0.018379488959908485,0.9999659657478333,0.5510156750679016,0.7141906023025513,-0.07883689552545547,0.8402971625328064,0.6926714777946472,0.5608173608779907,-0.03240775689482689,0.7315481305122375,0.5528869032859802,0.9234412908554077,-0.15644098818302155,0.8647001385688782,0.6697551012039185,0.3342941403388977,-0.08776174485683441,0.6228924989700317,0.5604652762413025,0.9486261606216431,-0.1671263724565506,0.842232346534729,0.6546009182929993,0.3188145160675049,-0.0937487781047821,0.6771202683448792,0.5428591370582581,0.9775788187980652,-0.2533514201641083,0.8228354454040527,0.6712820529937744,0.23515208065509796,-0.11124300956726074,0.6266758441925049,122.53913971752489,30.0,105.03026964514336,29.23431611825066,6033.408294018936
301,10.033333333333333,0.584274411201477,0.22752690315246582,0.2869337797164917,0.9964016079902649,0.5822533369064331,0.23504295945167542,0.2805323600769043,0.9963205456733704,0.5795042514801025,0.23545651137828827,0.28031018376350403,0.9937797784805298,0.577025294303894,0.23590253293514252,0.28031936287879944,0.9968098402023315,0.5888473391532898,0.23986025154590607,0.28155753016471863,0.998169481754303,0.5908187627792358,0.24395200610160828,0.28139808773994446,0.9978421926498413,0.5930825471878052,0.24826951324939728,0.28157031536102295,0.9988229274749756,0.5666865706443787,0.24906659126281738,0.2258840650320053,0.9958488941192627,0.5929476618766785,0.26605233550071716,0.23275122046470642,0.9939970970153809,0.5748426914215088,0.22619451582431793,0.2704440951347351,0.993916392326355,0.5841495990753174,0.23208960890769958,0.2705547511577606,0.9940799474716187,0.5292180776596069,0.2465173751115799,0.11772017925977707,0.9996821284294128,0.5938223600387573,0.2994956970214844,0.16766861081123352,0.9993509650230408,0.5559908747673035,0.10071665793657303,0.08655038475990295,0.536011278629303,0.6309121251106262,0.23961718380451202,0.054105665534734726,0.45564761757850647,0.6278031468391418,0.12427181750535965,0.07663660496473312,0.5525152683258057,0.6495185494422913,0.20721377432346344,-0.01585323177278042,0.459471732378006,0.6457964777946472,0.14135409891605377,0.06976812332868576,0.5553480386734009,0.6613706946372986,0.20254747569561005,-0.04236394166946411,0.4546189606189728,0.6456893682479858,0.15664786100387573,0.04920697957277298,0.5579833388328552,0.6593742370605469,0.20594221353530884,-0.03827233240008354,0.44144490361213684,0.6390270590782166,0.1540147215127945,0.06871428340673447,0.541620135307312,0.6541300415992737,0.2044263482093811,-0.021241238340735435,0.4218008816242218,0.545574963092804,0.48513635993003845,-0.023815561085939407,0.9999763369560242,0.5892763137817383,0.464611291885376,0.02322920598089695,0.9999690055847168,0.5608915090560913,0.7218480706214905,-0.05463731288909912,0.8562332391738892,0.7005255222320557,0.5377873182296753,0.038368482142686844,0.7503076195716858,0.5702296495437622,0.929496705532074,-0.10563363134860992,0.8779750466346741,0.681578516960144,0.3303350806236267,-0.02743956632912159,0.6490957736968994,0.5830377340316772,0.9656404852867126,-0.11413003504276276,0.8577674031257629,0.6675949096679688,0.3143656551837921,-0.030569689348340034,0.706355631351471,0.5426751375198364,0.9873912930488586,-0.20414352416992188,0.8397840261459351,0.6784007549285889,0.22477222979068756,-0.050255659967660904,0.655461847782135,176.17812288495966,30.0,114.19918413129307,303.71928798762184,1743.6579208547955
302,10.066666666666666,0.6016100645065308,0.224978506565094,-0.13147680461406708,0.9967568516731262,0.6079145073890686,0.23271170258522034,-0.1465449184179306,0.996684193611145,0.6069047451019287,0.23368655145168304,-0.14685623347759247,0.9943947196006775,0.6060898900032043,0.23494529724121094,-0.1468082070350647,0.9971242547035217,0.6096753478050232,0.23763851821422577,-0.13332527875900269,0.9983501434326172,0.6100075840950012,0.2419915348291397,-0.13348388671875,0.9980554580688477,0.6107632517814636,0.2469189614057541,-0.13340416550636292,0.9989389777183533,0.5959078073501587,0.24994930624961853,-0.17407627403736115,0.9962590336799622,0.6042212247848511,0.26484519243240356,-0.1108766421675682,0.9945905804634094,0.5887141823768616,0.22380782663822174,-0.1338675618171692,0.9945061206817627,0.5929985046386719,0.22260084748268127,-0.11790597438812256,0.9946587085723877,0.5440272092819214,0.24534134566783905,-0.20603211224079132,0.9997120499610901,0.5884979963302612,0.29719269275665283,-0.03132127225399017,0.999380886554718,0.5924098491668701,0.11300535500049591,-0.21179141104221344,0.5807064175605774,0.6178881525993347,0.20545168220996857,-0.027695680037140846,0.44963064789772034,0.6509143114089966,0.19141174852848053,-0.23834902048110962,0.5936834216117859,0.6581311821937561,0.2218804806470871,-0.02206052467226982,0.44890016317367554,0.6658889651298523,0.21434493362903595,-0.25985705852508545,0.5939876437187195,0.6750823855400085,0.23164735734462738,-0.032919786870479584,0.44905781745910645,0.6645660996437073,0.2230592519044876,-0.2802886366844177,0.5958331823348999,0.6747704148292542,0.23752884566783905,-0.04595517739653587,0.43636953830718994,0.6582747101783752,0.22034259140491486,-0.24581465125083923,0.5801464915275574,0.6674961447715759,0.2354443073272705,-0.02955869399011135,0.41717925667762756,0.5523353815078735,0.49663877487182617,-0.06360770761966705,0.9999778866767883,0.5827339291572571,0.46845075488090515,0.06336895376443863,0.9999685287475586,0.5788897275924683,0.7238337397575378,-0.0728347972035408,0.8705515265464783,0.684095025062561,0.5208786725997925,0.11224145442247391,0.7272952198982239,0.6010400056838989,0.927144467830658,-0.09894391149282455,0.8899386525154114,0.6774703860282898,0.3300975263118744,0.1834360957145691,0.6532498002052307,0.6131636500358582,0.9623130559921265,-0.10495711863040924,0.8711240291595459,0.6636584997177124,0.31596437096595764,0.18996888399124146,0.7225720286369324,0.5549173355102539,0.9734206795692444,-0.21098729968070984,0.8553784489631653,0.6883803009986877,0.23408018052577972,0.18168875575065613,0.6743432879447937,85.8740401152881,30.0,125.27822217765149,145.47817750857035,-9827.18981730233
303,10.1,0.6051883697509766,0.21732212603092194,-0.11539490520954132,0.9970752000808716,0.6128833293914795,0.23198643326759338,-0.13142937421798706,0.9970102906227112,0.612206220626831,0.23244114220142365,-0.13170386850833893,0.9949464797973633,0.6116838455200195,0.23358936607837677,-0.13164465129375458,0.9974063038825989,0.6145344972610474,0.2349870502948761,-0.11828017979860306,0.9985120296478271,0.6150151491165161,0.23830413818359375,-0.11846847087144852,0.9982467293739319,0.6159273982048035,0.24207034707069397,-0.11840509623289108,0.9990430474281311,0.6008764505386353,0.2496636062860489,-0.16744665801525116,0.9966275691986084,0.6074405312538147,0.2639922797679901,-0.10452891141176224,0.9951242804527283,0.5920206904411316,0.21646495163440704,-0.12092968076467514,0.9950319528579712,0.5955712795257568,0.2113184630870819,-0.10513697564601898,0.995175302028656,0.547419011592865,0.2474060356616974,-0.20088531076908112,0.9997390508651733,0.5851306319236755,0.29464054107666016,-0.03329453244805336,0.9994012713432312,0.5968756079673767,0.1153160035610199,-0.19681064784526825,0.6197317242622375,0.6144400238990784,0.2002333253622055,0.011723778210580349,0.4215356707572937,0.6497865915298462,0.19600391387939453,-0.20482486486434937,0.6262996196746826,0.656745970249176,0.2249378263950348,0.08911845088005066,0.41534140706062317,0.6649340391159058,0.21929840743541718,-0.2214876264333725,0.6223251819610596,0.6734601855278015,0.23723772168159485,0.09419897198677063,0.41794466972351074,0.6633663177490234,0.22540315985679626,-0.23857678472995758,0.6226534843444824,0.6731340885162354,0.24242429435253143,0.07548066973686218,0.4059229791164398,0.6567472815513611,0.22251921892166138,-0.21049287915229797,0.606459379196167,0.6659985184669495,0.24073265492916107,0.08194732666015625,0.38894620537757874,0.555307924747467,0.5012033581733704,-0.06821996718645096,0.999979555606842,0.5814735293388367,0.4723176062107086,0.068040631711483,0.9999692440032959,0.5821917057037354,0.7259688377380371,-0.06138419359922409,0.8833938241004944,0.6843988299369812,0.5189439654350281,0.09750792384147644,0.6905920505523682,0.6030590534210205,0.9274846315383911,-0.08908476680517197,0.9005593061447144,0.6785033941268921,0.3315489590167999,0.1729111224412918,0.6335562467575073,0.6158571243286133,0.959929883480072,-0.09478309005498886,0.8828248977661133,0.6647911071777344,0.3169093132019043,0.18070586025714874,0.7267919778823853,0.5589360594749451,0.9809057116508484,-0.18816106021404266,0.8691465854644775,0.6897061467170715,0.23482641577720642,0.18754656612873077,0.6773180961608887,103.91036992480782,30.0,123.89772929853109,-351.4266998325334,-10218.897803311867
304,10.133333333333333,0.6274236440658569,0.2195969521999359,-0.23565690219402313,0.9973653554916382,0.6326674818992615,0.23414939641952515,-0.24974140524864197,0.9973069429397583,0.6316803097724915,0.23568210005760193,-0.2500734031200409,0.9954478144645691,0.630799412727356,0.23750929534435272,-0.2500115931034088,0.9976632595062256,0.6338304877281189,0.2347802370786667,-0.24114753305912018,0.998659610748291,0.6335771679878235,0.23721641302108765,-0.24134975671768188,0.9984205365180969,0.6335276365280151,0.24060386419296265,-0.24129582941532135,0.999137818813324,0.6205875277519226,0.25161346793174744,-0.2600957155227661,0.9969609975814819,0.6243444681167603,0.260770320892334,-0.21791096031665802,0.9956062436103821,0.6133842468261719,0.21970760822296143,-0.23024946451187134,0.995509922504425,0.6155798435211182,0.2149142622947693,-0.2204618752002716,0.9956450462341309,0.5630652904510498,0.25510039925575256,-0.2752569317817688,0.9997637867927551,0.5884299874305725,0.2942183315753937,-0.11184202879667282,0.999430775642395,0.6004898548126221,0.12438419461250305,-0.2202494740486145,0.6487531065940857,0.6332281231880188,0.20201481878757477,-0.027588168159127235,0.3957953453063965,0.6428987383842468,0.21254007518291473,-0.16710928082466125,0.633047342300415,0.6601182222366333,0.23938731849193573,0.06357049196958542,0.3810422420501709,0.6552337408065796,0.2306654304265976,-0.17544199526309967,0.616451621055603,0.671400249004364,0.24717958271503448,0.06859219819307327,0.3828316628932953,0.6538984775543213,0.23468899726867676,-0.19640538096427917,0.6149260997772217,0.6699438095092773,0.24863077700138092,0.04857601225376129,0.3719874620437622,0.646661639213562,0.23134368658065796,-0.17258328199386597,0.6007802486419678,0.663152277469635,0.24822187423706055,0.0562114492058754,0.3563350737094879,0.563006579875946,0.5097384452819824,-0.0669965073466301,0.9999807476997375,0.5836651921272278,0.4857092499732971,0.06673698127269745,0.999968409538269,0.5962117314338684,0.7301189303398132,-0.050120964646339417,0.8943579196929932,0.6584519147872925,0.5056433081626892,0.16161663830280304,0.6302278637886047,0.6178749203681946,0.9295034408569336,-0.060162194073200226,0.9070618748664856,0.6561167240142822,0.3247752785682678,0.27525293827056885,0.5814447999000549,0.6313592791557312,0.9642043709754944,-0.06373941153287888,0.8875537514686584,0.6438407897949219,0.3174664378166199,0.28694406151771545,0.688026487827301,0.5767432451248169,0.9831578135490417,-0.14912812411785126,0.877149760723114,0.6523705124855042,0.229274183511734,0.30518487095832825,0.6347255706787109,113.6645772963201,30.0,101.84977552214926,-535.781676045554,-485.93314615256503
305,10.166666666666666,0.6428715586662292,0.2262682467699051,-0.31484362483024597,0.9976287484169006,0.647063136100769,0.24040934443473816,-0.3354196548461914,0.9975761771202087,0.646078884601593,0.24210228025913239,-0.33574798703193665,0.995902955532074,0.6450586318969727,0.24386373162269592,-0.3356458842754364,0.9978969097137451,0.6479824781417847,0.23948194086551666,-0.3229660093784332,0.9987936019897461,0.6477125883102417,0.2406843900680542,-0.3232213854789734,0.9985784292221069,0.6474291086196899,0.2422521859407425,-0.3231135308742523,0.9992240071296692,0.6370082497596741,0.2566410005092621,-0.36677348613739014,0.9972648024559021,0.6387203931808472,0.25930991768836975,-0.3073051869869232,0.9960454106330872,0.630771279335022,0.22612735629081726,-0.3169480562210083,0.9959582686424255,0.6319871544837952,0.2226904332637787,-0.3019891381263733,0.9960799813270569,0.5795924067497253,0.2537180781364441,-0.37133562564849854,0.9997873306274414,0.5923556685447693,0.29114246368408203,-0.19747526943683624,0.9994837641716003,0.5921856760978699,0.12032099068164825,-0.2892960011959076,0.6722541451454163,0.5828803181648254,0.20486029982566833,-0.07559517025947571,0.3584827482700348,0.6294170618057251,0.21549266576766968,-0.1710764467716217,0.6231383085250854,0.6463949680328369,0.23868043720722198,0.09426302462816238,0.34322693943977356,0.6420599818229675,0.2267608493566513,-0.17355108261108398,0.5927196741104126,0.652289092540741,0.2450943887233734,0.11684019863605499,0.3448006808757782,0.6427505612373352,0.23281022906303406,-0.19365724921226501,0.5888962149620056,0.6495172381401062,0.24872438609600067,0.10150500386953354,0.3350353240966797,0.6363815665245056,0.23134200274944305,-0.17525635659694672,0.5745216608047485,0.6459705829620361,0.24911129474639893,0.09147896617650986,0.32096585631370544,0.5810526609420776,0.5039619207382202,-0.0710190013051033,0.9999823570251465,0.5852516293525696,0.48267555236816406,0.07073664665222168,0.9999696016311646,0.607649028301239,0.7240601778030396,-0.06030939519405365,0.9018135666847229,0.6047060489654541,0.42942437529563904,0.276769757270813,0.5674910545349121,0.6302183270454407,0.92729651927948,-0.11212258785963058,0.9109534621238708,0.6136549115180969,0.30614957213401794,0.3807418644428253,0.5242493152618408,0.6422731876373291,0.9613749384880066,-0.11995100229978561,0.8908745646476746,0.6274245381355286,0.28176042437553406,0.3901670277118683,0.6237412691116333,0.5976344347000122,0.9778658151626587,-0.21154643595218658,0.8848139047622681,0.6146589517593384,0.21763315796852112,0.40568387508392334,0.5763351917266846,128.49865101291766,30.0,88.17895089549415,-383.8222429093711,5737.257736975006
306,10.2,0.6556422710418701,0.2264224886894226,-0.21984514594078064,0.9978201389312744,0.6606473922729492,0.2412329465150833,-0.23288783431053162,0.9977580904960632,0.6599944233894348,0.24311812222003937,-0.23320266604423523,0.9962173700332642,0.6593061089515686,0.24505801498889923,-0.23314398527145386,0.9980517029762268,0.6610661149024963,0.24025672674179077,-0.21854268014431,0.9988816380500793,0.6609726548194885,0.24145705997943878,-0.21878854930400848,0.9986867308616638,0.6609057784080505,0.24281099438667297,-0.2187604159116745,0.9992826581001282,0.647578775882721,0.26135751605033875,-0.25039926171302795,0.9974446892738342,0.6498420238494873,0.2599834203720093,-0.1861870139837265,0.996335506439209,0.6455283761024475,0.22612670063972473,-0.2200811207294464,0.9961068034172058,0.6463459134101868,0.2235608696937561,-0.20290257036685944,0.9963367581367493,0.60245281457901,0.2648336887359619,-0.2854920029640198,0.9998061060905457,0.591347873210907,0.28253597021102905,-0.11231517791748047,0.999514639377594,0.5872533917427063,0.12028661370277405,-0.21741051971912384,0.6854580640792847,0.5328443646430969,0.18907009065151215,-0.07226178050041199,0.3250039219856262,0.6290702223777771,0.206489697098732,-0.10852179676294327,0.5733045935630798,0.5988163352012634,0.22312311828136444,-0.053887125104665756,0.3093114495277405,0.6393707394599915,0.2170441448688507,-0.11677767336368561,0.5413966178894043,0.6076938509941101,0.22951671481132507,-0.05378064140677452,0.31078189611434937,0.6357910633087158,0.22424443066120148,-0.1254429668188095,0.5370664596557617,0.6114051938056946,0.23842835426330566,-0.06456365436315536,0.3019905984401703,0.628609836101532,0.22238567471504211,-0.10726441442966461,0.5232144594192505,0.6097079515457153,0.23889151215553284,-0.05907844007015228,0.28932154178619385,0.5985638499259949,0.5124329328536987,-0.0793420746922493,0.9999825358390808,0.5837945342063904,0.48676949739456177,0.07914545387029648,0.9999663233757019,0.6157609224319458,0.7217667698860168,-0.10615503042936325,0.9079902768135071,0.5784832835197449,0.3864821195602417,0.2593023180961609,0.5108596086502075,0.6355310678482056,0.9250003695487976,-0.13752099871635437,0.9134582877159119,0.5986071228981018,0.24934186041355133,0.3054676651954651,0.4729854464530945,0.645521879196167,0.956433892250061,-0.14380671083927155,0.8899142146110535,0.6048018932342529,0.25043946504592896,0.30715885758399963,0.5653828382492065,0.6133918166160583,0.9885122776031494,-0.25555598735809326,0.8889384269714355,0.599440336227417,0.18824473023414612,0.28070715069770813,0.5240514278411865,45.34310551280587,30.0,76.26162599485785,-153.297826913887,4741.868309154814
307,10.233333333333333,,,,,,,,,,,,,,,,,,,,,,,,,,,,,,,,,,,,,,,,,,,,,,,,,,,,,,,,,,,,,,,,,,,,,,,,,,,,,,,,,,,,,,,,,,,,,,,,,,,,,,,,,,,,,,,,,,,,,,,,,,,,,,,,,,,,,,30.0,77.95909576790169,-67.69768896571684,514.747519962279
308,10.266666666666666,0.626487672328949,0.23499217629432678,0.06830861419439316,0.9978314638137817,0.6309469938278198,0.2439603954553604,0.07073432952165604,0.9976451992988586,0.6316730976104736,0.2444038987159729,0.07054558396339417,0.995833694934845,0.6319466829299927,0.24214816093444824,0.07069475948810577,0.9978886842727661,0.6265237331390381,0.24474690854549408,0.06812815368175507,0.9988209009170532,0.6252743601799011,0.24617744982242584,0.06785570085048676,0.9985803365707397,0.6238418221473694,0.2468835860490799,0.06778344511985779,0.999262273311615,0.6305320858955383,0.24829983711242676,0.09251182526350021,0.9965873956680298,0.6170521378517151,0.25406530499458313,0.0804358646273613,0.996124804019928,0.6248288750648499,0.23840416967868805,0.08178993314504623,0.994888961315155,0.6195738315582275,0.24060262739658356,0.07644618302583694,0.9955294728279114,0.6488887667655945,0.26475828886032104,0.060214053839445114,0.9998122453689575,0.5748413801193237,0.2883321940898895,0.079898402094841,0.9995192885398865,0.6033969521522522,0.14476588368415833,0.06926225125789642,0.6214872002601624,0.5403460264205933,0.18587854504585266,0.10065965354442596,0.2951416075229645,0.5735323429107666,0.21133103966712952,0.08490831404924393,0.5170703530311584,0.5525985360145569,0.21589884161949158,0.1652667224407196,0.2790066599845886,0.5636144280433655,0.23736363649368286,0.0772385448217392,0.48838746547698975,0.5485798716545105,0.2336055338382721,0.1656002551317215,0.28022122383117676,0.563025176525116,0.24139663577079773,0.06949811428785324,0.4844895601272583,0.5508934855461121,0.24092653393745422,0.16195358335971832,0.2722439765930176,0.5645228624343872,0.23417127132415771,0.08308389037847519,0.47190290689468384,0.5518689751625061,0.23724110424518585,0.16472147405147552,0.26087436079978943,0.621228039264679,0.5131713151931763,-0.012549963779747486,0.9999840259552002,0.5814793109893799,0.4826689660549164,0.012113970704376698,0.9999685883522034,0.6250433325767517,0.7213584780693054,0.0032627710606902838,0.8761379718780518,0.4802463948726654,0.4870365858078003,0.05683630704879761,0.4617115259170532,0.6285607814788818,0.91097092628479,0.06021660193800926,0.8704662919044495,0.5383239984512329,0.27999550104141235,0.16752031445503235,0.4259822368621826,0.6254525780677795,0.934539794921875,0.06362282484769821,0.8360801339149475,0.5476072430610657,0.2808977961540222,0.18006302416324615,0.5098645687103271,0.6289675831794739,0.9850654006004333,-0.015363572165369987,0.8282648921012878,0.53486168384552,0.1961178183555603,0.17043566703796387,0.47219911217689514,74.27197649211153,30.0,71.74844673047673,-118.98132558306841,155.11118961306104
309,10.3,0.6102873086929321,0.20009543001651764,-0.09416218101978302,0.9978873133659363,0.6084250807762146,0.2057861089706421,-0.09440736472606659,0.9976395964622498,0.6093764901161194,0.20639459788799286,-0.0946226641535759,0.9957192540168762,0.6103276610374451,0.20666266977787018,-0.09448797255754471,0.9978593587875366,0.6053203344345093,0.2127741575241089,-0.09539125859737396,0.9987909197807312,0.6041029691696167,0.21806655824184418,-0.09568417072296143,0.9985195994377136,0.6028045415878296,0.2230006605386734,-0.09577988088130951,0.9992570877075195,0.614862859249115,0.22802889347076416,-0.06473172456026077,0.9961723685264587,0.603672981262207,0.24346522986888885,-0.0675295889377594,0.9958223104476929,0.6158887147903442,0.20594415068626404,-0.07699095457792282,0.9947673082351685,0.6113364696502686,0.21309424936771393,-0.07971803843975067,0.9953168034553528,0.6482013463973999,0.2561964690685272,-0.06568340212106705,0.9998192191123962,0.5787718296051025,0.28934401273727417,-0.04189371317625046,0.9995158314704895,0.6013275980949402,0.12802669405937195,-0.09273474663496017,0.5778536796569824,0.5568968057632446,0.1857343465089798,-0.003070626175031066,0.27506449818611145,0.5481818914413452,0.19541341066360474,-0.1708696484565735,0.46901968121528625,0.5383771061897278,0.2136952430009842,0.01814858801662922,0.25311318039894104,0.5378546118736267,0.205154150724411,-0.19986896216869354,0.4430381655693054,0.5317543148994446,0.22065989673137665,0.004129610490053892,0.2536536157131195,0.5375550985336304,0.20792396366596222,-0.21628569066524506,0.43975818157196045,0.531004786491394,0.22332890331745148,-0.014734338968992233,0.2463509887456894,0.5400696396827698,0.20824947953224182,-0.17845866084098816,0.42758506536483765,0.5328872203826904,0.22460590302944183,0.009656245820224285,0.23599813878536224,0.6224997043609619,0.5131479501724243,-0.007567998953163624,0.9999852776527405,0.5870276093482971,0.48218831419944763,0.007241098675876856,0.9999706745147705,0.6226819157600403,0.7201758027076721,-0.017547722905874252,0.8228906393051147,0.47255703806877136,0.4859292507171631,0.019871052354574203,0.4192650020122528,0.6218805909156799,0.9097219109535217,0.05938955023884773,0.8048655390739441,0.5214986801147461,0.2777068316936493,0.1476980596780777,0.38372763991355896,0.6143558621406555,0.9341537952423096,0.06315913796424866,0.7641465067863464,0.5306617021560669,0.2788066565990448,0.1606476902961731,0.4595332145690918,0.6287432312965393,0.9850488901138306,-0.028052926063537598,0.7583579421043396,0.5252770781517029,0.1890902817249298,0.13373121619224548,0.42551201581954956,68.11980319016196,30.0,70.02700739569713,-57.35694299151277,3056.865795328168
310,10.333333333333334,0.5901041626930237,0.18747110664844513,-0.22715306282043457,0.9980821013450623,0.5829282402992249,0.18497349321842194,-0.22976619005203247,0.9978487491607666,0.5839079022407532,0.1847364455461502,-0.2299845665693283,0.9960880875587463,0.5851768851280212,0.18437886238098145,-0.2297978550195694,0.9980436563491821,0.5786237716674805,0.19234725832939148,-0.23259592056274414,0.9988964200019836,0.5768967866897583,0.19633033871650696,-0.2329498678445816,0.9986478686332703,0.5752738118171692,0.19980238378047943,-0.23307283222675323,0.9993228316307068,0.6013689041137695,0.1959936022758484,-0.1837167590856552,0.996465802192688,0.5787939429283142,0.2208057940006256,-0.19491642713546753,0.9961687922477722,0.6020676493644714,0.19624845683574677,-0.20127354562282562,0.9951615333557129,0.5958999991416931,0.20482970774173737,-0.20636771619319916,0.995654284954071,0.6469576358795166,0.23546671867370605,-0.1309066116809845,0.9998299479484558,0.5907242298126221,0.2887073755264282,-0.14228592813014984,0.9995418190956116,0.5986267924308777,0.11647547781467438,-0.10381264984607697,0.5303623676300049,0.5630945563316345,0.16282953321933746,-0.06978680193424225,0.2775026559829712,0.5471757650375366,0.18521110713481903,-0.12622641026973724,0.4242266118526459,0.5359855890274048,0.20540399849414825,-0.0167256947606802,0.23438094556331635,0.5367629528045654,0.20031626522541046,-0.14229728281497955,0.4010883569717407,0.5256783962249756,0.21553926169872284,-0.027107583358883858,0.2328442931175232,0.5365687608718872,0.20495998859405518,-0.16436249017715454,0.39837220311164856,0.5256345272064209,0.21830418705940247,-0.047086019068956375,0.2257680892944336,0.5400062799453735,0.20391307771205902,-0.1341056376695633,0.3869791030883789,0.5293286442756653,0.21948032081127167,-0.02449730597436428,0.2158472239971161,0.6263718008995056,0.5109062194824219,0.005003839265555143,0.9999865293502808,0.5960903167724609,0.48053091764450073,-0.005261147860437632,0.999972939491272,0.6168206930160522,0.7191541194915771,-0.014213023707270622,0.8167181015014648,0.46983104944229126,0.4859841763973236,-0.0011993646621704102,0.3986039161682129,0.6074405312538147,0.9108728766441345,0.0694267675280571,0.7966451644897461,0.5051276087760925,0.27775782346725464,0.15015627443790436,0.3477383255958557,0.5954736471176147,0.9399495720863342,0.07294295728206635,0.7407984733581543,0.5178946256637573,0.27840015292167664,0.1721174120903015,0.4169129431247711,0.6270169019699097,0.9847375750541687,-0.018955694511532784,0.7394698262214661,0.5011411905288696,0.18906502425670624,0.15170803666114807,0.3867461383342743,85.95800698615385,30.0,67.92465053104254,84.80972743880947,3174.6106206083114
311,10.366666666666667,0.5664405226707458,0.1980992704629898,-0.2005835324525833,0.9982630610466003,0.5591355562210083,0.1976516842842102,-0.20803801715373993,0.9980469346046448,0.5598070025444031,0.19553834199905396,-0.20827627182006836,0.9964500069618225,0.5603353381156921,0.18587741255760193,-0.20810295641422272,0.9982238411903381,0.5592230558395386,0.20409493148326874,-0.21659144759178162,0.998995840549469,0.5602279305458069,0.20682168006896973,-0.21696694195270538,0.998771607875824,0.5611116290092468,0.20758436620235443,-0.21707293391227722,0.9993847012519836,0.573826789855957,0.22711332142353058,-0.18354545533657074,0.9967960715293884,0.5722741484642029,0.23491017520427704,-0.2231864035129547,0.9965159296989441,0.5804150104522705,0.20252153277397156,-0.18245302140712738,0.9956000447273254,0.5791938304901123,0.20764051377773285,-0.19551897048950195,0.9960447549819946,0.6343945264816284,0.2403879016637802,-0.12186424434185028,0.9998451471328735,0.6016498804092407,0.2805241346359253,-0.19238093495368958,0.9995833039283752,0.5964660048484802,0.12033374607563019,-0.06498567014932632,0.5007462501525879,0.5775938034057617,0.1297195553779602,-0.11049509793519974,0.319388747215271,0.5408952236175537,0.18819819390773773,-0.05273375287652016,0.3894079923629761,0.52989661693573,0.2020774483680725,-0.033963628113269806,0.2521507441997528,0.526923656463623,0.20727169513702393,-0.05878882110118866,0.36937040090560913,0.5139307379722595,0.21494825184345245,-0.04195396602153778,0.2430436611175537,0.5302161574363708,0.21194618940353394,-0.08200863748788834,0.3676326274871826,0.5169671773910522,0.22087617218494415,-0.05852365493774414,0.23227117955684662,0.5355584621429443,0.20559965074062347,-0.060207124799489975,0.35625675320625305,0.5231935977935791,0.22137127816677094,-0.03980506956577301,0.2177509367465973,0.626021683216095,0.5101926326751709,0.03147989884018898,0.999987781047821,0.6016209125518799,0.47984668612480164,-0.03181227669119835,0.999975323677063,0.6051523089408875,0.7164826393127441,0.004829208366572857,0.8317227363586426,0.4785935580730438,0.48576784133911133,-0.01927834004163742,0.4375426471233368,0.5905560255050659,0.910873532295227,0.04708753898739815,0.8123326897621155,0.5016041398048401,0.2777990698814392,0.12116023153066635,0.3414319157600403,0.5760068297386169,0.9429662823677063,0.04686602205038071,0.7590404152870178,0.5136350989341736,0.2771812081336975,0.13924165070056915,0.40725135803222656,0.6269665360450745,0.9831522703170776,-0.03046114183962345,0.7572686672210693,0.48940131068229675,0.18927274644374847,0.14191754162311554,0.3818998634815216,79.94568879589713,30.0,75.68098922495109,154.2837650490413,331.4947618530493
312,10.4,0.5637490749359131,0.20302534103393555,-0.17383220791816711,0.9984239339828491,0.5562461614608765,0.2015060931444168,-0.18164555728435516,0.9982202649116516,0.5568639636039734,0.19755956530570984,-0.18185298144817352,0.9967649579048157,0.5573129057884216,0.19238287210464478,-0.18170112371444702,0.9983806014060974,0.5568705201148987,0.20902013778686523,-0.19371409714221954,0.9990837574005127,0.5581291913986206,0.21148666739463806,-0.1940726637840271,0.9988824129104614,0.5593311786651611,0.21137934923171997,-0.19413989782333374,0.99944007396698,0.5678382515907288,0.23853598535060883,-0.16908803582191467,0.9970898032188416,0.5703243017196655,0.24155132472515106,-0.22563830018043518,0.996825635433197,0.5765753388404846,0.20665015280246735,-0.16152600944042206,0.9960016012191772,0.5767074227333069,0.21011945605278015,-0.179496631026268,0.9964116811752319,0.6135496497154236,0.2662123441696167,-0.10854693502187729,0.9998587369918823,0.6107852458953857,0.2704053819179535,-0.2196980118751526,0.9996233582496643,0.5866371393203735,0.12372661381959915,-0.06305618584156036,0.46596020460128784,0.5886960625648499,0.128127783536911,-0.16097372770309448,0.3761921525001526,0.5357913374900818,0.18840837478637695,-0.05417674779891968,0.3552314341068268,0.53229159116745,0.1918954998254776,-0.08575167506933212,0.30272504687309265,0.5221089720726013,0.21069012582302094,-0.05670900270342827,0.3376718759536743,0.5150929689407349,0.20785295963287354,-0.0950903594493866,0.2841910421848297,0.5260918736457825,0.21465270221233368,-0.08218446373939514,0.33660954236984253,0.5190544128417969,0.21935436129570007,-0.11067339777946472,0.26852110028266907,0.5322821140289307,0.21023577451705933,-0.06283555924892426,0.3260045051574707,0.5265763401985168,0.21999844908714294,-0.09141852706670761,0.24553869664669037,0.6174710392951965,0.507591962814331,0.05166173726320267,0.9999889135360718,0.608128011226654,0.47723692655563354,-0.052087586373090744,0.9999774098396301,0.5957728624343872,0.7061988115310669,0.0002799126959871501,0.8406181335449219,0.5080865025520325,0.4845387637615204,-0.03411053866147995,0.4734996557235718,0.5737411379814148,0.9102464914321899,-0.023244526237249374,0.8209654092788696,0.505082368850708,0.27781441807746887,-0.017703860998153687,0.3602334260940552,0.55640709400177,0.9459575414657593,-0.02931147627532482,0.7721625566482544,0.5151171088218689,0.2762288749217987,-0.014073706232011318,0.4118104875087738,0.6180471181869507,0.9753198623657227,-0.10630202293395996,0.7688960433006287,0.4836692214012146,0.18824075162410736,-0.027170727029442787,0.40126195549964905,78.8720023883188,30.0,78.2102348676453,106.90937822901276,1142.86634009288
313,10.433333333333334,0.5658559203147888,0.20240344107151031,-0.18654389679431915,0.9985321164131165,0.5574279427528381,0.2082386463880539,-0.1911727786064148,0.9983385801315308,0.5574432611465454,0.20599931478500366,-0.19135747849941254,0.9970086812973022,0.557485044002533,0.2012850046157837,-0.19126375019550323,0.9984958171844482,0.5591784715652466,0.213500514626503,-0.2075464427471161,0.9991419911384583,0.5604678988456726,0.21601799130439758,-0.20784172415733337,0.9989587664604187,0.5617311596870422,0.21695095300674438,-0.20798952877521515,0.9994737505912781,0.5661935806274414,0.2390056699514389,-0.16469460725784302,0.9973162412643433,0.5715550780296326,0.24215218424797058,-0.24022935330867767,0.9970736503601074,0.5762797594070435,0.203553706407547,-0.169013112783432,0.9963439702987671,0.5784730911254883,0.2057306468486786,-0.1925152838230133,0.9966986775398254,0.5993764400482178,0.2707628011703491,-0.09476228803396225,0.9998431205749512,0.6170123219490051,0.26893526315689087,-0.24900399148464203,0.9996580481529236,0.5650771260261536,0.12507852911949158,-0.0747416689991951,0.42485296726226807,0.6171678304672241,0.13657529652118683,-0.22179056704044342,0.4285411238670349,0.5353785157203674,0.18814054131507874,-0.09923005104064941,0.32181233167648315,0.5520855784416199,0.17723408341407776,-0.14097395539283752,0.3051782250404358,0.5219870805740356,0.207755908370018,-0.10535119473934174,0.30673152208328247,0.5374696850776672,0.18447068333625793,-0.15678401291370392,0.27983802556991577,0.5275559425354004,0.2140854448080063,-0.12754128873348236,0.30601176619529724,0.538465142250061,0.19510731101036072,-0.1706131100654602,0.26069551706314087,0.5339010953903198,0.21143442392349243,-0.10825827717781067,0.2964964807033539,0.5458728671073914,0.19634480774402618,-0.1470317840576172,0.2384643256664276,0.6009451746940613,0.48240384459495544,0.06897823512554169,0.9999862909317017,0.6122557520866394,0.4714893698692322,-0.06918790936470032,0.9999792575836182,0.5524671077728271,0.5780417323112488,0.10626354068517685,0.7599495053291321,0.5736071467399597,0.6924296021461487,-0.10952494293451309,0.5255851745605469,0.5305230021476746,0.33148854970932007,0.19946961104869843,0.7420397996902466,0.5493199229240417,0.9010276794433594,-0.1974092572927475,0.4236389696598053,0.5416028499603271,0.3259764313697815,0.20724301040172577,0.707763671875,0.5280396938323975,0.9426519870758057,-0.20624783635139465,0.4657256007194519,0.515710711479187,0.33089616894721985,0.1754259318113327,0.7042196393013,0.5905779600143433,0.9598363637924194,-0.31708258390426636,0.45907238125801086,77.76118851356583,30.0,82.80828110688527,230.47485438856663,2618.1084608693773
314,10.466666666666667,0.5669425129890442,0.20348136126995087,-0.16008931398391724,0.9986684918403625,0.5593785047531128,0.2115354984998703,-0.16305892169475555,0.9984912276268005,0.5587241649627686,0.20893457531929016,-0.16324877738952637,0.9972766041755676,0.5581257343292236,0.20371976494789124,-0.16312098503112793,0.9986330270767212,0.5617800951004028,0.21587073802947998,-0.17945213615894318,0.9992208480834961,0.5629475116729736,0.21847285330295563,-0.17977207899093628,0.9990548491477966,0.5640828013420105,0.21979767084121704,-0.17983795702457428,0.9995224475860596,0.5641962885856628,0.24346251785755157,-0.1419210582971573,0.9975573420524597,0.5724307894706726,0.24344590306282043,-0.2190651297569275,0.9973266124725342,0.5749883055686951,0.20604398846626282,-0.14577552676200867,0.9966704249382019,0.5774482488632202,0.20818942785263062,-0.1697426289319992,0.9969995617866516,0.5838792324066162,0.2888052463531494,-0.07338812947273254,0.9998507499694824,0.6234883666038513,0.27079808712005615,-0.23477427661418915,0.9996830224990845,0.5723258852958679,0.20009003579616547,-0.04666668176651001,0.38822677731513977,0.6261878609657288,0.13317611813545227,-0.22850970923900604,0.44824931025505066,0.5318071842193604,0.1902858167886734,-0.06202378496527672,0.2919803261756897,0.5515909790992737,0.17311152815818787,-0.1862216740846634,0.31684836745262146,0.5239331722259521,0.20484709739685059,-0.0697869136929512,0.27863579988479614,0.5376126170158386,0.17469769716262817,-0.2082625776529312,0.2834150493144989,0.5256009101867676,0.21012017130851746,-0.09365316480398178,0.2782565653324127,0.5381130576133728,0.18300274014472961,-0.22247518599033356,0.2613990306854248,0.5291368961334229,0.20872950553894043,-0.07171020656824112,0.2694449722766876,0.5452585816383362,0.18518611788749695,-0.19311688840389252,0.2350509613752365,0.5910188555717468,0.4866378903388977,0.06731115281581879,0.9999874234199524,0.610620379447937,0.46820640563964844,-0.06775631755590439,0.9999807476997375,0.572374701499939,0.6550430655479431,0.06478811800479889,0.7597901225090027,0.5593430399894714,0.3233378231525421,-0.07154438644647598,0.5220794677734375,0.5478641390800476,0.8667978644371033,0.021571006625890732,0.7559645175933838,0.5421079397201538,0.28933656215667725,-0.13259829580783844,0.43933841586112976,0.538834273815155,0.8968362212181091,0.015105114318430424,0.7265303134918213,0.5288819074630737,0.2977834939956665,-0.13961586356163025,0.4642837643623352,0.5664923191070557,0.9132990837097168,-0.08810785412788391,0.7198441028594971,0.5820523500442505,0.18775735795497894,-0.20297090709209442,0.4775485098361969,65.36795278198855,30.0,93.5752251602164,281.44994228697124,1115.198905253473
315,10.5,0.5735909938812256,0.21549974381923676,-0.12655025720596313,0.9987814426422119,0.5676642656326294,0.22007246315479279,-0.12840178608894348,0.9986198544502258,0.5671735405921936,0.21828462183475494,-0.12859897315502167,0.9974907040596008,0.5665779709815979,0.21637968719005585,-0.12845724821090698,0.998741626739502,0.5688027739524841,0.22342713177204132,-0.14071020483970642,0.999286413192749,0.569327175617218,0.22527147829532623,-0.14108994603157043,0.9991338849067688,0.5698131918907166,0.22614477574825287,-0.14120501279830933,0.9995611310005188,0.5680798888206482,0.2462572157382965,-0.1083492562174797,0.997758150100708,0.5740650296211243,0.24846892058849335,-0.15550684928894043,0.9975184798240662,0.5785772800445557,0.2199486494064331,-0.11052517592906952,0.996904730796814,0.5808212757110596,0.2247927337884903,-0.12730801105499268,0.9972015023231506,0.5878016352653503,0.28205564618110657,-0.07846332341432571,0.9998621940612793,0.6171278357505798,0.2788802683353424,-0.16339458525180817,0.9996946454048157,0.5909044742584229,0.18082977831363678,-0.14386853575706482,0.36135050654411316,0.6201710104942322,0.1388518065214157,-0.28359654545783997,0.40772584080696106,0.547616183757782,0.1911853849887848,-0.24893537163734436,0.26699548959732056,0.5682795643806458,0.18065094947814941,-0.4036373496055603,0.2913784980773926,0.5475553870201111,0.20611192286014557,-0.27539676427841187,0.256226509809494,0.565270721912384,0.19736678898334503,-0.4485566020011902,0.26186275482177734,0.5475682020187378,0.21228930354118347,-0.29632487893104553,0.25595858693122864,0.5657934546470642,0.19650018215179443,-0.45185959339141846,0.24113643169403076,0.5496838092803955,0.2106034755706787,-0.2592143416404724,0.24687206745147705,0.568942666053772,0.19828830659389496,-0.4103623032569885,0.2153378278017044,0.5912834405899048,0.4859508275985718,0.051686275750398636,0.9999881386756897,0.6082116365432739,0.46102359890937805,-0.05199480056762695,0.9999808073043823,0.5725239515304565,0.6984697580337524,0.03195007145404816,0.7254830002784729,0.5910240411758423,0.3569905459880829,-0.14227555692195892,0.4800613522529602,0.552145779132843,0.9047999978065491,-0.030102917924523354,0.7410892248153687,0.5545110702514648,0.2381783127784729,-0.30281907320022583,0.40761345624923706,0.5448569059371948,0.9317305088043213,-0.04027780517935753,0.7253455519676208,0.5483867526054382,0.24059361219406128,-0.32207509875297546,0.4369649887084961,0.566637396812439,0.9691736102104187,-0.14388982951641083,0.7101330757141113,0.556829035282135,0.17003358900547028,-0.3951118588447571,0.4564598798751831,109.402655567288,30.0,101.57161059268336,304.8214480721315,52.027314727553744
316,10.533333333333333,0.5722420811653137,0.23283714056015015,-0.30078741908073425,0.9983199238777161,0.5687831044197083,0.23746219277381897,-0.31862348318099976,0.997967004776001,0.5681940913200378,0.23826195299625397,-0.3188548684120178,0.9962534308433533,0.5675894021987915,0.23948703706264496,-0.3189004361629486,0.9980485439300537,0.5698732137680054,0.23439116775989532,-0.3220416009426117,0.9990127086639404,0.5701497197151184,0.23441947996616364,-0.3223252594470978,0.9987987875938416,0.5703551769256592,0.23331215977668762,-0.3224780261516571,0.9993777275085449,0.5698225498199463,0.25954675674438477,-0.3190123438835144,0.9966070055961609,0.5743933320045471,0.24875745177268982,-0.33632946014404297,0.9968917369842529,0.5759592056274414,0.2489764392375946,-0.29053860902786255,0.9963102340698242,0.5773380398750305,0.24750789999961853,-0.29682859778404236,0.9968531727790833,0.5788135528564453,0.28524383902549744,-0.28137966990470886,0.9998131990432739,0.6112872362136841,0.27891090512275696,-0.3373101055622101,0.9997191429138184,0.5766136646270752,0.18101659417152405,-0.358964741230011,0.335609495639801,0.6082903742790222,0.13801033794879913,-0.5294800996780396,0.40855851769447327,0.5638593435287476,0.19391131401062012,-0.435090035200119,0.24109436571598053,0.5739375352859497,0.18959088623523712,-0.7143570184707642,0.27142101526260376,0.5671847462654114,0.21087871491909027,-0.4617767930030823,0.23152564465999603,0.5732846856117249,0.20804010331630707,-0.7673513293266296,0.24320316314697266,0.5665987133979797,0.21804308891296387,-0.4731697738170624,0.23117616772651672,0.5741735696792603,0.2086815983057022,-0.7679271697998047,0.22304266691207886,0.5662771463394165,0.21459557116031647,-0.4408319294452667,0.2228291779756546,0.5747703909873962,0.20710599422454834,-0.7203059792518616,0.19816738367080688,0.5938761234283447,0.47582805156707764,0.032146554440259933,0.9999699592590332,0.596569836139679,0.4734366238117218,-0.03251197561621666,0.9999804496765137,0.6685735583305359,0.453470379114151,0.0175474863499403,0.6570997834205627,0.5771790742874146,0.6929208636283875,-0.12028972059488297,0.4806838929653168,0.5959405303001404,0.29069679975509644,0.057654969394207,0.6682169437408447,0.5584188103675842,0.8892419934272766,-0.10291478037834167,0.4100534915924072,0.5941569805145264,0.2891242206096649,0.06141744926571846,0.6559824347496033,0.5561840534210205,0.9076175093650818,-0.10321631282567978,0.40915220975875854,0.5735589861869812,0.21160949766635895,0.022971730679273605,0.641857385635376,0.5612934231758118,0.963057816028595,-0.17898283898830414,0.43743979930877686,127.61744441863745,30.0,113.89665503169184,284.9184299354748,-1793.121713002022
317,10.566666666666666,0.5700042247772217,0.23012381792068481,0.2900552451610565,0.9984858632087708,0.5676231384277344,0.23628228902816772,0.2858969569206238,0.9981681704521179,0.5656419396400452,0.23709988594055176,0.28571680188179016,0.9966239929199219,0.5635470747947693,0.23835577070713043,0.2857336103916168,0.998241662979126,0.571853518486023,0.2341739535331726,0.2863657772541046,0.9991102814674377,0.5726678967475891,0.23437276482582092,0.28612253069877625,0.9989174604415894,0.5725948810577393,0.23331035673618317,0.2862180769443512,0.999439001083374,0.5585997104644775,0.2570812404155731,0.25102388858795166,0.996944010257721,0.5746477842330933,0.24874247610569,0.2528020143508911,0.9971957206726074,0.5661909580230713,0.24235354363918304,0.2806043028831482,0.9966654181480408,0.573624312877655,0.24336393177509308,0.279585063457489,0.9971566796302795,0.5314649343490601,0.2977136969566345,0.19253677129745483,0.9998302459716797,0.6089040637016296,0.2785477638244629,0.18437767028808594,0.9997276663780212,0.5307784080505371,0.17727212607860565,0.2048894613981247,0.3558605909347534,0.6035458445549011,0.17763258516788483,0.0714300200343132,0.3859511613845825,0.585536003112793,0.19254560768604279,0.21895813941955566,0.283902108669281,0.596332311630249,0.1905963122844696,-0.0052901702001690865,0.2607545852661133,0.598010241985321,0.194398432970047,0.216140016913414,0.26902809739112854,0.6038626432418823,0.1855028122663498,-0.025238918140530586,0.23549878597259521,0.6006370186805725,0.19887195527553558,0.1922629028558731,0.2671617865562439,0.5988945364952087,0.1917097270488739,-0.02246369794011116,0.21525941789150238,0.5953513979911804,0.20083218812942505,0.20938743650913239,0.25725048780441284,0.596803605556488,0.1983155608177185,-0.008938553743064404,0.19358475506305695,0.5739257335662842,0.4764488637447357,0.009705900214612484,0.9999728202819824,0.6050007939338684,0.46172624826431274,-0.01039952877908945,0.9999819397926331,0.5971783399581909,0.6765578389167786,-0.05429583787918091,0.6912980675697327,0.6978455781936646,0.4521138668060303,-0.03402300924062729,0.5233200788497925,0.5762295126914978,0.8699439764022827,-0.14674599468708038,0.7010327577590942,0.6215879917144775,0.27206483483314514,-0.08134341984987259,0.45152243971824646,0.5803250074386597,0.8936298489570618,-0.16035225987434387,0.6899368762969971,0.613926112651825,0.26887452602386475,-0.087188221514225,0.4593921899795532,0.5627499222755432,0.9327934980392456,-0.2523820698261261,0.6767266392707825,0.6096680164337158,0.18231521546840668,-0.12455860525369644,0.48070329427719116,128.64466304926032,30.0,120.56617258838168,185.28000053866336,-1938.7422258131974
318,10.6,0.5694773197174072,0.2290705293416977,0.09422499686479568,0.9986364841461182,0.5689482092857361,0.2354912906885147,0.0883004292845726,0.9983506798744202,0.5667791366577148,0.23634439706802368,0.08808059990406036,0.9969602823257446,0.5644204616546631,0.23763176798820496,0.08811947703361511,0.9984167814254761,0.57330721616745,0.23387180268764496,0.09329735487699509,0.999198853969574,0.5740341544151306,0.2342352420091629,0.09308265894651413,0.999025285243988,0.5736235976219177,0.23332633078098297,0.0932084396481514,0.9994947910308838,0.5589483380317688,0.25720271468162537,0.06726681441068649,0.9972487092018127,0.5766919851303101,0.24896873533725739,0.09094171226024628,0.9974735975265503,0.5602909922599792,0.23947764933109283,0.09090325236320496,0.9969943761825562,0.5685240626335144,0.23992982506752014,0.0960245132446289,0.9974376559257507,0.5229941606521606,0.2997180223464966,0.03189733996987343,0.999845027923584,0.5970543026924133,0.2784119248390198,0.09857446700334549,0.9997116923332214,0.5322892069816589,0.17997726798057556,0.02882453426718712,0.41641733050346375,0.6021633744239807,0.20032504200935364,0.05228611081838608,0.3775186240673065,0.5977418422698975,0.17436769604682922,0.01162397488951683,0.35313543677330017,0.6083574295043945,0.1824871152639389,0.0038653681986033916,0.2836168110370636,0.6102772355079651,0.16317018866539001,-0.0021189493127167225,0.3380156457424164,0.6150522828102112,0.16583997011184692,-0.010812239721417427,0.26504045724868774,0.6123224496841431,0.17192697525024414,-0.022318268194794655,0.3358778655529022,0.615695595741272,0.17615030705928802,-0.01994321122765541,0.24285152554512024,0.6067779064178467,0.1743697077035904,0.0032724090851843357,0.3263241648674011,0.6119152307510376,0.1819680631160736,-0.0032283940818160772,0.2244127094745636,0.5759309530258179,0.47932687401771545,-0.02538362145423889,0.9999752640724182,0.6083493828773499,0.45829281210899353,0.024806054309010506,0.9999822378158569,0.5933234691619873,0.7048366665840149,-0.10404500365257263,0.7221612930297852,0.7154697179794312,0.4098416864871979,0.024202754721045494,0.5632482171058655,0.5768546462059021,0.9161054491996765,-0.21193335950374603,0.7309049963951111,0.6413633823394775,0.2227611392736435,-0.04744404926896095,0.5033899545669556,0.583105206489563,0.9462652206420898,-0.2280835658311844,0.7208620309829712,0.633450448513031,0.22062835097312927,-0.06905122101306915,0.5111942291259766,0.5622766017913818,0.9817538857460022,-0.35156330466270447,0.7089983224868774,0.6295768618583679,0.15371139347553253,-0.0969068706035614,0.5308598279953003,140.877613401913,30.0,126.24865506760273,155.668948214595,-888.3315697221086
319,10.633333333333333,0.5703932642936707,0.22043068706989288,-0.2446454018354416,0.9987723231315613,0.5700315237045288,0.23126888275146484,-0.25783613324165344,0.998515248298645,0.5682763457298279,0.2331685870885849,-0.25812584161758423,0.997263491153717,0.5663653612136841,0.23557448387145996,-0.2580806612968445,0.9985746741294861,0.5733728408813477,0.2298307567834854,-0.24950990080833435,0.999278724193573,0.5745177865028381,0.2307063341140747,-0.2497272938489914,0.9991225004196167,0.5749026536941528,0.23078404366970062,-0.24964405596256256,0.999545156955719,0.5632669925689697,0.2562207281589508,-0.26092031598091125,0.9975231885910034,0.577265202999115,0.24900685250759125,-0.2207307666540146,0.9977244734764099,0.5610637664794922,0.22846968472003937,-0.23677687346935272,0.997291088104248,0.5662857294082642,0.2231314331293106,-0.22720758616924286,0.9976911544799805,0.5290670990943909,0.30001023411750793,-0.2411966174840927,0.9998576045036316,0.5820053815841675,0.27862799167633057,-0.125325545668602,0.9996976852416992,0.5479687452316284,0.19163216650485992,-0.25868383049964905,0.4647805094718933,0.6025461554527283,0.1961679309606552,-0.12383241206407547,0.3573545217514038,0.6216827630996704,0.17429380118846893,-0.32542815804481506,0.4058355391025543,0.6328781843185425,0.1746920347213745,-0.15910932421684265,0.279255211353302,0.6379616260528564,0.169190913438797,-0.35451802611351013,0.38935884833335876,0.6496685743331909,0.16655515134334564,-0.17716026306152344,0.26893171668052673,0.6389264464378357,0.17815302312374115,-0.38224419951438904,0.38634827733039856,0.6475299000740051,0.17764832079410553,-0.1965368688106537,0.2477765828371048,0.6318085193634033,0.18091660737991333,-0.3376390039920807,0.3764118254184723,0.6401751637458801,0.1824922114610672,-0.16927294433116913,0.22868628799915314,0.5789989233016968,0.4825792610645294,-0.0409114696085453,0.999977171421051,0.6080220937728882,0.45332473516464233,0.04046381264925003,0.9999814033508301,0.5938894748687744,0.7051924467086792,-0.11529835313558578,0.7498365044593811,0.7208084464073181,0.3897857964038849,0.027894072234630585,0.5490392446517944,0.5911597013473511,0.9216657876968384,-0.20056754350662231,0.7576456665992737,0.6678459048271179,0.22935035824775696,-0.0414159931242466,0.5307214260101318,0.6013572216033936,0.9573830962181091,-0.21501800417900085,0.7482305765151978,0.6535882949829102,0.2250027358531952,-0.06326598674058914,0.5478585362434387,0.5577171444892883,0.9695079922676086,-0.3513354957103729,0.7378998398780823,0.6520198583602905,0.14371053874492645,-0.09679136425256729,0.5708013772964478,122.51928017137945,30.0,130.94410246935468,126.05789589052279,-888.3315697221534
320,10.666666666666666,0.582397997379303,0.2198120504617691,-0.19881105422973633,0.9988908767700195,0.5881901383399963,0.23169925808906555,-0.2156524956226349,0.9986603856086731,0.5870965123176575,0.2341054379940033,-0.21592852473258972,0.9975313544273376,0.5860453248023987,0.23689545691013336,-0.21585901081562042,0.9987143278121948,0.5893262624740601,0.2301998883485794,-0.20294469594955444,0.9993491172790527,0.589458167552948,0.23139189183712006,-0.20314256846904755,0.9992083311080933,0.589584469795227,0.23193617165088654,-0.20307806134223938,0.9995894432067871,0.5753656029701233,0.2593960762023926,-0.2425888031721115,0.9977663159370422,0.5823753476142883,0.25375112891197205,-0.18110068142414093,0.9979435205459595,0.5619134306907654,0.22600406408309937,-0.19974873960018158,0.9975447654724121,0.5665825009346008,0.21938301622867584,-0.1843036264181137,0.9979084730148315,0.5472540259361267,0.2968624234199524,-0.24990148842334747,0.9998682737350464,0.5696753859519958,0.2792545557022095,-0.10239605605602264,0.9996556639671326,0.579940915107727,0.1810639500617981,-0.2742515504360199,0.503509521484375,0.6018339395523071,0.18643216788768768,-0.054415810853242874,0.32960689067840576,0.6402244567871094,0.1547802984714508,-0.3312700092792511,0.43253716826438904,0.6464471817016602,0.16452570259571075,-0.0017655115807428956,0.2582041323184967,0.6615610718727112,0.1568867266178131,-0.36159995198249817,0.41148796677589417,0.6660743355751038,0.16033141314983368,-0.005738959182053804,0.2509434223175049,0.6632648706436157,0.16717027127742767,-0.3787466585636139,0.4058462381362915,0.6635475754737854,0.17113575339317322,-0.021976906806230545,0.2316361963748932,0.6544443964958191,0.16919498145580292,-0.3389236032962799,0.393257200717926,0.6562036275863647,0.1742836833000183,-0.008678211830556393,0.21376705169677734,0.5806360244750977,0.483951210975647,-0.05916576087474823,0.9999784231185913,0.6072578430175781,0.45312994718551636,0.05885211378335953,0.9999786615371704,0.6037760972976685,0.7007610201835632,-0.09265623986721039,0.7745338082313538,0.7144345045089722,0.37139570713043213,0.1277652531862259,0.5019425749778748,0.6072007417678833,0.9139324426651001,-0.15068349242210388,0.7812837362289429,0.6809995174407959,0.21625849604606628,0.10947989672422409,0.5110049843788147,0.6201346516609192,0.9537672400474548,-0.15995335578918457,0.7717645764350891,0.6707731485366821,0.20987628400325775,0.10523711889982224,0.5538815855979919,0.5602970123291016,0.9709398150444031,-0.27403178811073303,0.7632335424423218,0.6865864992141724,0.13324224948883057,0.07828393578529358,0.5786298513412476,139.22422466359262,30.0,134.65251479363758,96.44684356645143,-666.2486772916054
321,10.7,0.5974661111831665,0.221366748213768,-0.1987452208995819,0.9989968538284302,0.603254497051239,0.23548731207847595,-0.21711905300617218,0.9987897276878357,0.6022946834564209,0.2393030822277069,-0.21736569702625275,0.9977700710296631,0.6012966632843018,0.24325713515281677,-0.21733537316322327,0.9988380670547485,0.6041171550750732,0.2338918298482895,-0.20004436373710632,0.999411940574646,0.6039897203445435,0.23636038601398468,-0.20021967589855194,0.9992852807044983,0.6038686037063599,0.2383529394865036,-0.20017199218273163,0.9996292591094971,0.5888525247573853,0.2689915597438812,-0.24778039753437042,0.9979819655418396,0.590228259563446,0.2627679407596588,-0.1701533943414688,0.9981430768966675,0.5811111330986023,0.22734934091567993,-0.2013985812664032,0.9977710247039795,0.5819685459136963,0.22068722546100616,-0.18110209703445435,0.998106062412262,0.5550454258918762,0.2952190935611725,-0.2741454541683197,0.9998762011528015,0.55893474817276,0.28035634756088257,-0.09461673349142075,0.9996752142906189,0.6037579774856567,0.1897716373205185,-0.3334418535232544,0.5471161007881165,0.5868730545043945,0.1777324229478836,-0.0790782943367958,0.32919609546661377,0.6623123288154602,0.15204308927059174,-0.40720799565315247,0.46823376417160034,0.6391667723655701,0.15623706579208374,-0.06454679369926453,0.279238760471344,0.6840022206306458,0.15202859044075012,-0.4449954628944397,0.4440269470214844,0.6551304459571838,0.15447576344013214,-0.0807412788271904,0.2748872637748718,0.6857365965843201,0.16123105585575104,-0.4581512212753296,0.43686383962631226,0.6576938629150391,0.16528119146823883,-0.09002798050642014,0.257451593875885,0.6767292618751526,0.16401103138923645,-0.4140588641166687,0.4188285768032074,0.65316241979599,0.16684040427207947,-0.06958042085170746,0.23528967797756195,0.5972883701324463,0.4800047278404236,-0.07640630751848221,0.9999713897705078,0.6041499376296997,0.45885422825813293,0.076304592192173,0.9999596476554871,0.6131681203842163,0.7066007256507874,-0.07961230725049973,0.7849454879760742,0.6755371689796448,0.46932071447372437,0.10655703395605087,0.4531234800815582,0.619049072265625,0.9152857065200806,-0.05081843584775925,0.7717352509498596,0.6845340728759766,0.21568340063095093,0.11382897198200226,0.4640114903450012,0.6327179670333862,0.951431930065155,-0.047458626329898834,0.758688747882843,0.6761806607246399,0.21676507592201233,0.11206638813018799,0.5174878835678101,0.5611849427223206,0.9721210598945618,-0.14411555230617523,0.7563440203666687,0.683153510093689,0.13307176530361176,0.06427886337041855,0.5367099642753601,128.3435623359676,30.0,137.37389204045144,81.64131740441576,-444.1657848610703
