Frame,Time,FPS,Original_Frame,Landmark_ID,Visibility,Detection_OK,X_clean,Y_clean,Z_clean,X_raw,Y_raw,Z_raw
0,0.0,30.0,180,0,0.0,False,0.231674,0.20607,0.090111,,,
0,0.0,30.0,180,1,0.0,False,0.226328,0.21637,0.274266,,,
0,0.0,30.0,180,2,0.0,False,0.230381,0.216273,0.285187,,,
0,0.0,30.0,180,3,0.0,False,0.23028,0.216117,0.27913,,,
0,0.0,30.0,180,4,0.0,False,0.243906,0.219132,0.246342,,,
0,0.0,30.0,180,5,0.0,False,0.244846,0.219842,0.232761,,,
0,0.0,30.0,180,6,0.0,False,0.248424,0.212866,0.252933,,,
0,0.0,30.0,180,7,0.0,False,0.172405,0.20084,0.285538,,,
0,0.0,30.0,180,8,0.0,False,0.222803,0.169234,0.211076,,,
0,0.0,30.0,180,9,0.0,False,0.20894,0.195789,0.097897,,,
0,0.0,30.0,180,10,0.0,False,0.226447,0.178783,0.049975,,,
0,0.0,30.0,180,11,0.0,False,0.113623,0.112209,0.116434,,,
0,0.0,30.0,180,12,0.0,False,0.21118,0.203481,0.038758,,,
0,0.0,30.0,180,13,0.0,False,0.220504,0.015279,0.075192,,,
0,0.0,30.0,180,14,0.0,False,0.389497,0.132237,-0.056951,,,
0,0.0,30.0,180,15,0.0,False,0.385673,-0.09828,0.175827,,,
0,0.0,30.0,180,16,0.0,False,0.440519,0.182639,-0.065237,,,
0,0.0,30.0,180,17,0.0,False,0.436711,-0.092118,0.191602,,,
0,0.0,30.0,180,18,0.0,False,0.467348,0.207109,-0.111115,,,
0,0.0,30.0,180,19,0.0,False,0.442542,-0.095798,0.190232,,,
0,0.0,30.0,180,20,0.0,False,0.46373,0.222202,-0.10343,,,
0,0.0,30.0,180,21,0.0,False,0.400975,-0.100621,0.148062,,,
0,0.0,30.0,180,22,0.0,False,0.433678,0.192088,-0.076066,,,
0,0.0,30.0,180,23,0.0,False,-0.039316,-0.033016,0.064624,,,
0,0.0,30.0,180,24,0.0,False,0.039766,0.036128,-0.062711,,,
0,0.0,30.0,180,25,0.0,False,0.262194,-0.269622,-0.018276,,,
0,0.0,30.0,180,26,0.0,False,0.273158,-0.221262,-0.161707,,,
0,0.0,30.0,180,27,0.0,False,0.231578,-0.547057,-0.098487,,,
0,0.0,30.0,180,28,0.0,False,0.381043,-0.486324,-0.222223,,,
0,0.0,30.0,180,29,0.0,False,0.022876,-0.570907,-0.093662,,,
0,0.0,30.0,180,30,0.0,False,0.391751,-0.51335,-0.272365,,,
0,0.0,30.0,180,31,0.0,False,0.232108,-0.607936,-0.096033,,,
0,0.0,30.0,180,32,0.0,False,0.440998,-0.511069,-0.353243,,,
1,0.03333333333333333,30.0,181,0,0.997206,True,0.20465,0.294499,0.026675,0.331115,0.367983,0.26884
1,0.03333333333333333,30.0,181,1,0.996024,True,0.19781,0.306089,0.106481,0.321907,0.384048,0.259645
1,0.03333333333333333,30.0,181,2,0.99617,True,0.199969,0.306071,0.118306,0.324319,0.384855,0.268937
1,0.03333333333333333,30.0,181,3,0.996577,True,0.200856,0.306661,0.11426,0.326832,0.383669,0.266275
1,0.03333333333333333,30.0,181,4,0.997823,True,0.219144,0.304637,0.085511,0.355116,0.378619,0.230023
1,0.03333333333333333,30.0,181,5,0.998485,True,0.221773,0.303867,0.073464,0.354792,0.376566,0.217688
1,0.03333333333333333,30.0,181,6,0.998751,True,0.220838,0.294295,0.094109,0.349496,0.365423,0.237299
1,0.03333333333333333,30.0,181,7,0.996504,True,0.152315,0.281628,0.092374,0.253485,0.379733,0.244533
1,0.03333333333333333,30.0,181,8,0.99692,True,0.194397,0.235571,0.049339,0.288006,0.324649,0.184636
1,0.03333333333333333,30.0,181,9,0.993128,True,0.190543,0.274322,0.031368,0.309057,0.346976,0.27115
1,0.03333333333333333,30.0,181,10,0.995357,True,0.197453,0.24885,-0.008674,0.305739,0.319123,0.227414
1,0.03333333333333333,30.0,181,11,0.999825,True,0.074901,0.178904,0.058653,0.130456,0.26793,0.283957
1,0.03333333333333333,30.0,181,12,0.99987,True,0.249238,0.241858,-0.000265,0.364312,0.320135,0.182482
1,0.03333333333333333,30.0,181,13,0.337099,True,0.08683,0.10906,0.067347,0.204123,0.247328,0.251142
1,0.03333333333333333,30.0,181,14,0.369291,True,0.39427,0.213717,-0.06172,0.41846,0.251866,0.137144
1,0.03333333333333333,30.0,181,15,0.353016,True,0.232493,0.037836,0.226053,0.340195,0.300629,0.351252
1,0.03333333333333333,30.0,181,16,0.390039,True,0.471916,0.258324,0.033096,0.397616,0.34854,0.224356
1,0.03333333333333333,30.0,181,17,0.346254,True,0.297943,0.053294,0.247899,0.377916,0.339138,0.36666
1,0.03333333333333333,30.0,181,18,0.37661,True,0.518341,0.280937,-0.00128,0.425811,0.371113,0.209073
1,0.03333333333333333,30.0,181,19,0.341813,True,0.30845,0.055924,0.24201,0.379179,0.36405,0.370148
1,0.03333333333333333,30.0,181,20,0.370229,True,0.527481,0.290752,0.001361,0.412443,0.382068,0.207351
1,0.03333333333333333,30.0,181,21,0.323438,True,0.02445729180021834,0.048009,0.096113,0.352385,0.297585,0.353705
1,0.03333333333333333,30.0,181,22,0.344145,True,0.47378,0.270313,0.025459,0.38355,0.364986,0.219488
1,0.03333333333333333,30.0,181,23,0.999871,True,-0.035873,-0.020606,0.05894,-0.062941,-0.031099,0.067942
1,0.03333333333333333,30.0,181,24,0.999885,True,0.039655,0.025433,-0.056335,0.067601,0.034983,-0.066602
1,0.03333333333333333,30.0,181,25,0.586361,True,0.16116,-0.292604,0.003905,0.053181,-0.304006,0.014936
1,0.03333333333333333,30.0,181,26,0.573923,True,0.179383,-0.181005,-0.115393,0.304094,-0.182281,-0.07673
1,0.03333333333333333,30.0,181,27,0.600197,True,0.136674,-0.599345,-0.039762,-0.053311,-0.59004,-0.105884
1,0.03333333333333333,30.0,181,28,0.606315,True,0.277412,-0.434492,-0.110956,0.522017,-0.426908,-0.139555
1,0.03333333333333333,30.0,181,29,0.694769,True,0.033732,-0.614775,-0.03689,-0.0806,-0.606141,-0.114144
1,0.03333333333333333,30.0,181,30,0.637977,True,0.285542,-0.456094,-0.151548,0.54565,-0.447156,-0.189476
1,0.03333333333333333,30.0,181,31,0.642987,True,0.167839,-0.637889,-0.046904,-0.056769,-0.636862,-0.112809
1,0.03333333333333333,30.0,181,32,0.649204,True,0.334713,-0.451153,-0.21397,0.653312,-0.411168,-0.232495
2,0.06666666666666667,30.0,182,0,0.997212,True,0.141405,0.349038,-0.052971,0.241693,0.418949,0.020527
2,0.06666666666666667,30.0,182,1,0.996308,True,0.133514,0.360905,-0.055565,0.226251,0.438608,0.006063
2,0.06666666666666667,30.0,182,2,0.996394,True,0.133868,0.36086,-0.042432,0.229569,0.439562,0.013308
2,0.06666666666666667,30.0,182,3,0.996808,True,0.135297,0.362112,-0.045659,0.229706,0.441031,0.019724
2,0.06666666666666667,30.0,182,4,0.997971,True,0.156756,0.357322,-0.070156,0.252941,0.424845,-0.022877
2,0.06666666666666667,30.0,182,5,0.998564,True,0.161274,0.355583,-0.08267,0.254011,0.421614,-0.025079
2,0.06666666666666667,30.0,182,6,0.998839,True,0.157101,0.344272,-0.060847,0.252503,0.409044,-0.004941
2,0.06666666666666667,30.0,182,7,0.996787,True,0.103127,0.332375,-0.094018,0.176873,0.377695,-0.012583
2,0.06666666666666667,30.0,182,8,0.997192,True,0.139889,0.276234,-0.104138,0.220796,0.30775,-0.065247
2,0.06666666666666667,30.0,182,9,0.99363,True,0.138187,0.32288,-0.051483,0.230974,0.377475,0.038679
2,0.06666666666666667,30.0,182,10,0.995724,True,0.138528,0.291373,-0.085157,0.22656,0.342954,0.000113
2,0.06666666666666667,30.0,182,11,0.9998,True,0.021589,0.220557,-0.026915,0.089883,0.243181,0.145082
2,0.06666666666666667,30.0,182,12,0.999881,True,0.263295,0.263076,-0.055771,0.284836,0.295566,0.028516
2,0.06666666666666667,30.0,182,13,0.30358,True,-0.057446,0.170737,0.009005,0.037691,0.179915,0.181203
2,0.06666666666666667,30.0,182,14,0.336387,True,0.39119,0.264319,-0.094988,0.42275,0.347222,0.064813
2,0.06666666666666667,30.0,182,15,0.317793,True,0.037222,0.128465,0.19632,0.162829,0.109794,0.514497
2,0.06666666666666667,30.0,182,16,0.356571,True,0.49916,0.302303,0.051043,0.557953,0.394331,0.287319
2,0.06666666666666667,30.0,182,17,0.311769,True,0.099982,0.152129,0.217478,0.315575,0.133177,0.573274
2,0.06666666666666667,30.0,182,18,0.344921,True,0.562242,0.323081,0.022759,0.642793,0.420585,0.256561
2,0.06666666666666667,30.0,182,19,0.307777,True,0.112866,0.160686,0.209459,0.350707,0.134922,0.550822
2,0.06666666666666667,30.0,182,20,0.338355,True,0.583901,0.333233,0.024532,0.67261,0.403785,0.276656
2,0.06666666666666667,30.0,182,21,0.291279,False,-0.284246524599345,0.144959,0.008824,0.15797,0.102384,0.51727
2,0.06666666666666667,30.0,182,22,0.31368,True,0.509316,0.317336,0.04412,0.573452,0.406159,0.282602
2,0.06666666666666667,30.0,182,23,0.999882,True,-0.03446,-0.010709,0.045897,-0.005369,-0.003042,0.07845
2,0.06666666666666667,30.0,182,24,0.999897,True,0.040428,0.017194,-0.04236,0.01464,0.009875,-0.077889
2,0.06666666666666667,30.0,182,25,0.564522,True,0.057458,-0.314904,0.012243,0.175455,-0.280332,0.074308
2,0.06666666666666667,30.0,182,26,0.615927,True,0.083364,-0.126939,-0.05942,0.058582,-0.323943,-0.22133
2,0.06666666666666667,30.0,182,27,0.593697,True,0.054765,-0.652025,-0.007149,0.302658,-0.567774,0.188444
2,0.06666666666666667,30.0,182,28,0.644278,False,0.150524,-0.352088,0.004369,-0.032226,-0.699963,-0.166961
2,0.06666666666666667,30.0,182,29,0.682186,True,0.027764,-0.663647,-0.007095,0.301548,-0.548761,0.20858
2,0.06666666666666667,30.0,182,30,0.664529,False,0.15368,-0.367929,-0.028491,-0.038889,-0.729654,-0.19277
2,0.06666666666666667,30.0,182,31,0.637232,True,0.096247,-0.679825,-0.025372,0.337909,-0.523449,0.221673
2,0.06666666666666667,30.0,182,32,0.678929,False,0.188912,-0.352221,-0.067246,0.021669,-0.781762,-0.258962
3,0.1,30.0,183,0,0.997488,True,0.031179,0.356036,-0.137857,-0.074808,0.334873,-0.172956
3,0.1,30.0,183,1,0.996676,True,0.022501,0.36678,-0.188027,-0.079673,0.340191,-0.226981
3,0.1,30.0,183,2,0.996753,True,0.021364,0.366628,-0.173311,-0.083383,0.339294,-0.206771
3,0.1,30.0,183,3,0.997125,True,0.022758,0.368314,-0.177225,-0.080099,0.341862,-0.217219
3,0.1,30.0,183,4,0.998172,True,0.045514,0.364043,-0.19687,-0.062775,0.343268,-0.215391
3,0.1,30.0,183,5,0.998706,True,0.051969,0.362035,-0.212501,-0.051845,0.341903,-0.234559
3,0.1,30.0,183,6,0.998955,True,0.046457,0.350206,-0.188605,-0.059961,0.329683,-0.21091
3,0.1,30.0,183,7,0.997106,True,0.016101,0.340698,-0.24903,-0.057273,0.306602,-0.307729
3,0.1,30.0,183,8,0.997471,True,0.052575,0.281292,-0.225471,-0.031333,0.254377,-0.236514
3,0.1,30.0,183,9,0.994258,True,0.041825,0.329455,-0.139912,-0.050869,0.312361,-0.189339
3,0.1,30.0,183,10,0.996141,True,0.041379,0.29568,-0.16908,-0.051698,0.276188,-0.20585
3,0.1,30.0,183,11,0.999819,True,-0.048822,0.225668,-0.135772,-0.122021,0.202188,-0.240803
3,0.1,30.0,183,12,0.999892,True,0.245471,0.262783,-0.120468,0.199588,0.231846,-0.153838
3,0.1,30.0,183,13,0.369101,False,-0.208244,0.185025,-0.108118,-0.341048,0.160722,-0.285268
3,0.1,30.0,183,14,0.399223,True,0.379667,0.271938,-0.153818,0.344714,0.263152,-0.257089
3,0.1,30.0,183,15,0.383605,False,-0.21197628181832245,0.155099,0.066421,-0.545853,0.096544,-0.18574
3,0.1,30.0,183,16,0.419944,False,0.520648,0.301426,-0.031385,0.523,0.243546,-0.317137
3,0.1,30.0,183,17,0.375466,False,-0.15015655389726296,0.185744,0.078751,-0.596061,0.122822,-0.209221
3,0.1,30.0,183,18,0.409529,False,0.595403,0.320271,-0.061059,0.595654,0.267557,-0.353756
3,0.1,30.0,183,19,0.370646,False,-0.13809791935173305,0.200007,0.071735,-0.594155,0.132985,-0.203761
3,0.1,30.0,183,20,0.403303,False,0.627974,0.338042,-0.054024,0.629295,0.289945,-0.390084
3,0.1,30.0,183,21,0.351986,True,-0.5171978868990175,0.169782,-0.113136,-0.570359,0.087203,-0.175844
3,0.1,30.0,183,22,0.38007,False,0.537735,0.319938,-0.041072,0.544169,0.261339,-0.33836
3,0.1,30.0,183,23,0.999893,True,-0.036728,-0.005379,0.023539,-0.040394,-0.000145,0.015788
3,0.1,30.0,183,24,0.999907,True,0.043182,0.013372,-0.018831,0.045743,0.008149,-0.007449
3,0.1,30.0,183,25,0.592887,False,-0.045402,-0.335048,0.001474,-0.230373,-0.335993,-0.008813
3,0.1,30.0,183,26,0.561425,True,-0.010616,-0.063997,0.004243,-0.090511,-0.028944,0.034059
3,0.1,30.0,183,27,0.628393,True,-0.006815,-0.700458,-0.011365,-0.064615,-0.744829,-0.037303
3,0.1,30.0,183,28,0.585768,False,-0.001248,-0.246191,0.113631,-0.150235,-0.075838,0.172423
3,0.1,30.0,183,29,0.711681,True,0.000587,-0.714672,-0.015131,-0.077092,-0.771935,-0.047142
3,0.1,30.0,183,30,0.622807,False,-0.006027,-0.256828,0.085159,-0.161557,-0.072138,0.142861
3,0.1,30.0,183,31,0.668243,False,0.015012,-0.733685,-0.041674,-0.137773,-0.804786,-0.116943
3,0.1,30.0,183,32,0.636565,False,-0.002729,-0.219804,0.071619,-0.185994,0.052126,0.136369
4,0.13333333333333333,30.0,184,0,0.997736,True,-0.106125,0.327875,-0.194235,-0.11218,0.294745,-0.35824
4,0.13333333333333333,30.0,184,1,0.997005,True,-0.115735,0.336439,-0.258582,-0.115458,0.298961,-0.413394
4,0.13333333333333333,30.0,184,2,0.997074,True,-0.117747,0.336234,-0.242634,-0.118231,0.298022,-0.396014
4,0.13333333333333333,30.0,184,3,0.997409,True,-0.116737,0.33799,-0.248036,-0.118379,0.30016,-0.403768
4,0.13333333333333333,30.0,184,4,0.998352,True,-0.093927,0.337075,-0.260675,-0.096787,0.305065,-0.403719
4,0.13333333333333333,30.0,184,5,0.998833,True,-0.085986,0.335252,-0.280905,-0.08863,0.3035,-0.426865
4,0.13333333333333333,30.0,184,6,0.999057,True,-0.091149,0.323841,-0.254508,-0.092504,0.293064,-0.398423
4,0.13333333333333333,30.0,184,7,0.997392,True,-0.092594,0.316494,-0.339477,-0.101834,0.292749,-0.498536
4,0.13333333333333333,30.0,184,8,0.997721,True,-0.051476,0.261066,-0.283879,-0.057144,0.249768,-0.43165
4,0.13333333333333333,30.0,184,9,0.994811,True,-0.07973,0.305004,-0.200524,-0.091477,0.275318,-0.368005
4,0.13333333333333333,30.0,184,10,0.996506,True,-0.076708,0.272635,-0.225514,-0.08355,0.246632,-0.390674
4,0.13333333333333333,30.0,184,11,0.999834,True,-0.123703,0.200275,-0.23141,-0.116513,0.175091,-0.385328
4,0.13333333333333333,30.0,184,12,0.9999,True,0.205369,0.252012,-0.164648,0.170177,0.229046,-0.293409
4,0.13333333333333333,30.0,184,13,0.425857,True,-0.343859,0.158179,-0.244253,-0.351557,0.123644,-0.431149
4,0.13333333333333333,30.0,184,14,0.455953,True,0.364384,0.249306,-0.203266,0.344513,0.21604,-0.336003
4,0.13333333333333333,30.0,184,15,0.442234,True,-0.4743226450467647,0.130733,-0.112144,-0.577702,0.078443,-0.38186
4,0.13333333333333333,30.0,184,16,0.477208,True,0.534494,0.267706,-0.161342,0.504127,0.251996,-0.362901
4,0.13333333333333333,30.0,184,17,0.433553,True,-0.43425360346423375,0.167647,-0.111784,-0.633044,0.105388,-0.402207
4,0.13333333333333333,30.0,184,18,0.468142,True,0.615163,0.284489,-0.197683,0.5808,0.260874,-0.395619
4,0.13333333333333333,30.0,184,19,0.428619,True,-0.4250647338682072,0.187874,-0.116057,-0.643451,0.123718,-0.402522
4,0.13333333333333333,30.0,184,20,0.462421,True,0.654994,0.313719,-0.181069,0.629563,0.298935,-0.416703
4,0.13333333333333333,30.0,184,21,0.409944,True,-0.6664582327991266,0.138684,-0.231,-0.607493,0.069106,-0.379766
4,0.13333333333333333,30.0,184,22,0.44092,True,0.555877,0.289334,-0.176063,0.526807,0.274407,-0.372398
4,0.13333333333333333,30.0,184,23,0.999903,True,-0.042426,-0.005659,-0.00351,-0.039188,-0.006196,-0.018776
4,0.13333333333333333,30.0,184,24,0.999915,True,0.047904,0.014909,0.009346,0.043742,0.016328,0.024258
4,0.13333333333333333,30.0,184,25,0.626367,True,-0.1353,-0.351799,-0.022584,-0.186378,-0.391564,-0.044207
4,0.13333333333333333,30.0,184,26,0.51217,True,-0.094927,-0.015516,0.060382,-0.102252,0.131974,0.130081
4,0.13333333333333333,30.0,184,27,0.661893,True,-0.045579,-0.736332,-0.042127,-0.084416,-0.792672,-0.104371
4,0.13333333333333333,30.0,184,28,0.541251,True,-0.160997,-0.16071,0.193157,-0.313542,0.192468,0.263731
4,0.13333333333333333,30.0,184,29,0.736011,True,-0.035809,-0.757623,-0.049839,-0.095608,-0.821831,-0.116388
4,0.13333333333333333,30.0,184,30,0.605273,True,-0.17539,-0.168515,0.164995,-0.342644,0.200278,0.234007
4,0.13333333333333333,30.0,184,31,0.696162,True,-0.067636,-0.786721,-0.082987,-0.166653,-0.857699,-0.139062
4,0.13333333333333333,30.0,184,32,0.611658,True,-0.20679972447281475,-0.104732,0.16768,-0.375211,0.305881,0.261899
5,0.16666666666666666,30.0,185,0,0.997958,True,-0.235622,0.291702,-0.200088,-0.251207,0.276482,-0.244643
5,0.16666666666666666,30.0,185,1,0.997302,True,-0.245896,0.297729,-0.25801,-0.258452,0.28233,-0.302425
5,0.16666666666666666,30.0,185,2,0.997364,True,-0.248003,0.297627,-0.241772,-0.260365,0.281831,-0.285185
5,0.16666666666666666,30.0,185,3,0.997665,True,-0.247386,0.299072,-0.248354,-0.260726,0.283556,-0.292133
5,0.16666666666666666,30.0,185,4,0.998513,True,-0.225262,0.30325,-0.248898,-0.24016,0.28959,-0.290132
5,0.16666666666666666,30.0,185,5,0.998948,True,-0.216794,0.301553,-0.272925,-0.232153,0.28801,-0.309886
5,0.16666666666666666,30.0,185,6,0.99915,True,-0.220632,0.290811,-0.244435,-0.234824,0.277766,-0.283574
5,0.16666666666666666,30.0,185,7,0.997651,True,-0.193916,0.282044,-0.353932,-0.208017,0.270791,-0.392225
5,0.16666666666666666,30.0,185,8,0.997947,True,-0.146354,0.237327,-0.270041,-0.161892,0.229984,-0.311801
5,0.16666666666666666,30.0,185,9,0.995308,True,-0.193561,0.273327,-0.211233,-0.208526,0.259685,-0.259977
5,0.16666666666666666,30.0,185,10,0.996828,True,-0.186851,0.244969,-0.229683,-0.203542,0.233849,-0.273556
5,0.16666666666666666,30.0,185,11,0.999846,True,-0.182212,0.161529,-0.278288,-0.186755,0.166042,-0.313226
5,0.16666666666666666,30.0,185,12,0.999908,True,0.158009,0.24833,-0.163191,0.163442,0.251285,-0.198721
5,0.16666666666666666,30.0,185,13,0.479778,True,-0.434492,0.109833,-0.3447,-0.413509,0.111017,-0.377438
5,0.16666666666666666,30.0,185,14,0.50033,True,0.346493,0.223868,-0.207266,0.336635,0.204059,-0.235912
5,0.16666666666666666,30.0,185,15,0.496151,True,-0.644095,0.082711,-0.2575,-0.62685,0.095091,-0.289061
5,0.16666666666666666,30.0,185,16,0.528709,True,0.532634,0.228647,-0.255646,0.514483,0.218244,-0.318131
5,0.16666666666666666,30.0,185,17,0.487369,True,-0.6671568512990877,0.12493,-0.264996,-0.677011,0.137229,-0.312298
5,0.16666666666666666,30.0,185,18,0.520867,True,0.613636,0.243474,-0.299189,0.592712,0.231112,-0.37055
5,0.16666666666666666,30.0,185,19,0.482912,True,-0.6610404314505777,0.151015,-0.267261,-0.665449,0.168634,-0.308543
5,0.16666666666666666,30.0,185,20,0.515664,True,0.655983,0.281775,-0.273683,0.636768,0.272836,-0.326827
5,0.16666666666666666,30.0,185,21,0.464661,True,-0.724089,0.084189,-0.299065,-0.643476,0.09068,-0.286479
5,0.16666666666666666,30.0,185,22,0.496045,True,0.554939,0.251792,-0.274907,0.537044,0.240021,-0.34717
5,0.16666666666666666,30.0,185,23,0.999912,True,-0.047905,-0.011176,-0.027536,-0.045643,-0.016892,-0.033455
5,0.16666666666666666,30.0,185,24,0.999924,True,0.051701,0.021355,0.034071,0.04904,0.026707,0.03932
5,0.16666666666666666,30.0,185,25,0.629781,True,-0.195511,-0.366158,-0.048177,-0.246865,-0.36961,-0.071497
5,0.16666666666666666,30.0,185,26,0.471459,True,-0.166268,-0.004263,0.090772,-0.151817,0.039623,0.117259
5,0.16666666666666666,30.0,185,27,0.687911,True,-0.060884,-0.754746,-0.076101,-0.070837,-0.741024,-0.104765
5,0.16666666666666666,30.0,185,28,0.497102,False,-0.311769,-0.139341,0.22298,-0.142948,-0.31236,0.292137
5,0.16666666666666666,30.0,185,29,0.759165,True,-0.061561,-0.783619,-0.086402,-0.082151,-0.767202,-0.113065
5,0.16666666666666666,30.0,185,30,0.59565,False,-0.335633,-0.147824,0.191747,-0.150103,-0.340685,0.268409
5,0.16666666666666666,30.0,185,31,0.720838,True,-0.133558,-0.824644,-0.123436,-0.184218,-0.818736,-0.142907
5,0.16666666666666666,30.0,185,32,0.585838,False,-0.41172287273680996,-0.061466,0.193825,-0.237466,-0.293672,0.295743
6,0.2,30.0,186,0,0.998106,True,-0.327764,0.271268,-0.175091,-0.330959,0.267643,-0.226787
6,0.2,30.0,186,1,0.997528,True,-0.336799,0.275164,-0.220743,-0.342856,0.277276,-0.244812
6,0.2,30.0,186,2,0.997588,True,-0.338338,0.275263,-0.205243,-0.344074,0.278193,-0.233152
6,0.2,30.0,186,3,0.997847,True,-0.337942,0.276187,-0.211932,-0.343296,0.278047,-0.235387
6,0.2,30.0,186,4,0.998618,True,-0.317807,0.286114,-0.193675,-0.324246,0.281897,-0.249133
6,0.2,30.0,186,5,0.999027,True,-0.309919,0.284073,-0.218762,-0.316274,0.280365,-0.282655
6,0.2,30.0,186,6,0.999214,True,-0.312211,0.273621,-0.189286,-0.319011,0.270133,-0.249377
6,0.2,30.0,186,7,0.997855,True,-0.261924,0.257468,-0.322149,-0.259123,0.266237,-0.31353
6,0.2,30.0,186,8,0.998136,True,-0.212436,0.228947,-0.215091,-0.214323,0.223625,-0.243819
6,0.2,30.0,186,9,0.995616,True,-0.271895,0.255089,-0.190158,-0.270989,0.251881,-0.20758
6,0.2,30.0,186,10,0.996985,True,-0.265877,0.23196,-0.198293,-0.266209,0.22804,-0.24617
6,0.2,30.0,186,11,0.999855,True,-0.205712,0.127761,-0.275079,-0.199323,0.148052,-0.271121
6,0.2,30.0,186,12,0.999916,True,0.111781,0.263368,-0.122132,0.120889,0.262818,-0.153113
6,0.2,30.0,186,13,0.527245,True,-0.454647,0.061247,-0.381998,-0.433918,0.095095,-0.371399
6,0.2,30.0,186,14,0.530214,True,0.317705,0.219617,-0.160399,0.318137,0.215054,-0.157874
6,0.2,30.0,186,15,0.541973,True,-0.705515,0.033567,-0.316531,-0.696542,0.069481,-0.301528
6,0.2,30.0,186,16,0.574259,True,0.49842,0.209532,-0.259307,0.485699,0.203764,-0.300359
6,0.2,30.0,186,17,0.531762,True,-0.763714,0.078352,-0.323882,-0.751298,0.116254,-0.326806
6,0.2,30.0,186,18,0.56776,True,0.574556,0.222859,-0.30608,0.563015,0.220986,-0.343084
6,0.2,30.0,186,19,0.527159,True,-0.759031,0.108146,-0.326784,-0.739633,0.127697,-0.315303
6,0.2,30.0,186,20,0.562881,True,0.615446,0.262991,-0.277565,0.5973,0.261049,-0.265925
6,0.2,30.0,186,21,0.50469,True,-0.729783,0.031553,-0.300324,-0.710377,0.068485,-0.291138
6,0.2,30.0,186,22,0.544078,True,0.518647,0.231605,-0.279916,0.504756,0.226759,-0.324636
6,0.2,30.0,186,23,0.99992,True,-0.046862,-0.020207,-0.042694,-0.046899,-0.016711,-0.045676
6,0.2,30.0,186,24,0.999931,True,0.049076,0.030949,0.049217,0.049327,0.026194,0.052175
6,0.2,30.0,186,25,0.621327,True,-0.213786,-0.381647,-0.065813,-0.203982,-0.34821,-0.0597
6,0.2,30.0,186,26,0.428819,True,-0.226407,-0.033298,0.087036,-0.190945,-0.117706,0.10483
6,0.2,30.0,186,27,0.694116,True,-0.055275,-0.759812,-0.092422,-0.054011,-0.754729,-0.07676
6,0.2,30.0,186,28,0.456401,True,-0.445402,-0.189123,0.204689,-0.414507,-0.354015,0.236393
6,0.2,30.0,186,29,0.771859,True,-0.064193,-0.793528,-0.102814,-0.065392,-0.793232,-0.08904
6,0.2,30.0,186,30,0.571652,True,-0.477315,-0.201028,0.16927,-0.448048,-0.373409,0.202042
6,0.2,30.0,186,31,0.731669,True,-0.166063,-0.843636,-0.142095,-0.172568,-0.837135,-0.14092
6,0.2,30.0,186,32,0.567995,True,-0.584197,-0.104811,0.15522,-0.561584,-0.287405,0.177409
7,0.23333333333333334,30.0,187,0,0.998293,True,-0.367426,0.275383,-0.172034,-0.348024,0.262845,-0.012336
7,0.23333333333333334,30.0,187,1,0.997771,True,-0.371571,0.278408,-0.208146,-0.359751,0.270645,-0.052938
7,0.23333333333333334,30.0,187,2,0.997826,True,-0.372193,0.278621,-0.194028,-0.359505,0.271084,-0.036566
7,0.23333333333333334,30.0,187,3,0.998058,True,-0.371936,0.279076,-0.199652,-0.359758,0.271407,-0.045643
7,0.23333333333333334,30.0,187,4,0.998752,True,-0.356385,0.294306,-0.159707,-0.3397,0.280143,-0.028985
7,0.23333333333333334,30.0,187,5,0.999122,True,-0.349904,0.291428,-0.182678,-0.334292,0.277948,-0.050971
7,0.23333333333333334,30.0,187,6,0.999291,True,-0.350938,0.280648,-0.153523,-0.336069,0.267156,-0.023778
7,0.23333333333333334,30.0,187,7,0.998067,True,-0.281737,0.252531,-0.299365,-0.267233,0.250684,-0.161514
7,0.23333333333333334,30.0,187,8,0.998321,True,-0.242837,0.24246,-0.1767,-0.230064,0.218984,-0.02806
7,0.23333333333333334,30.0,187,9,0.996038,True,-0.300993,0.258015,-0.186782,-0.284813,0.249077,-0.039174
7,0.23333333333333334,30.0,187,10,0.997267,True,-0.302928,0.239909,-0.182997,-0.28452,0.224271,-0.040811
7,0.23333333333333334,30.0,187,11,0.999868,True,-0.18472,0.112046,-0.255041,-0.189641,0.093383,-0.155194
7,0.23333333333333334,30.0,187,12,0.999924,True,0.066705,0.296193,-0.077565,0.073308,0.2655,0.028956
7,0.23333333333333334,30.0,187,13,0.573403,True,-0.390863,0.028802,-0.371302,-0.376342,0.013151,-0.352699
7,0.23333333333333334,30.0,187,14,0.558194,True,0.263691,0.244117,-0.091702,0.288728,0.216313,0.021258
7,0.23333333333333334,30.0,187,15,0.586234,True,-0.608948,-0.004547,-0.295706,-0.629147,-0.016001,-0.291198
7,0.23333333333333334,30.0,187,16,0.614309,True,0.412087,0.221407,-0.175568,0.444188,0.205379,-0.027903
7,0.23333333333333334,30.0,187,17,0.576085,True,-0.660532,0.037926,-0.29666,-0.679265,0.041464,-0.250856
7,0.23333333333333334,30.0,187,18,0.60957,True,0.478181,0.233914,-0.219607,0.509218,0.221867,-0.067561
7,0.23333333333333334,30.0,187,19,0.571963,True,-0.659401,0.066566,-0.303415,-0.680569,0.086693,-0.282819
7,0.23333333333333334,30.0,187,20,0.60487,True,0.515465,0.268305,-0.195954,0.539598,0.267012,-0.077706
7,0.23333333333333334,30.0,187,21,0.550812,True,-0.60462,-0.008379,-0.257522,-0.64544,-0.01053,-0.255569
7,0.23333333333333334,30.0,187,22,0.587553,True,0.428379,0.239849,-0.193183,0.45851,0.231864,-0.042695
7,0.23333333333333334,30.0,187,23,0.999928,True,-0.033813,-0.030233,-0.047377,-0.043434,-0.027821,-0.038816
7,0.23333333333333334,30.0,187,24,0.999938,True,0.035083,0.041143,0.053095,0.04534,0.039926,0.044583
7,0.23333333333333334,30.0,187,25,0.654077,True,-0.189945,-0.401518,-0.072678,-0.165197,-0.40463,-0.060441
7,0.23333333333333334,30.0,187,26,0.475373,True,-0.273892,-0.083684,0.053926,-0.237896,-0.113696,-0.02625
7,0.23333333333333334,30.0,187,27,0.71874,True,-0.037408,-0.762393,-0.083828,-0.024651,-0.742317,-0.07825
7,0.23333333333333334,30.0,187,28,0.499938,True,-0.553502,-0.277143,0.160159,-0.532841,-0.339612,0.006089
7,0.23333333333333334,30.0,187,29,0.789788,True,-0.047723,-0.797429,-0.091788,-0.029781,-0.776031,-0.088442
7,0.23333333333333334,30.0,187,30,0.610495,True,-0.591328,-0.292958,0.122304,-0.574656,-0.35875,-0.040789
7,0.23333333333333334,30.0,187,31,0.753567,True,-0.162726,-0.851646,-0.134416,-0.135427,-0.830956,-0.12677
7,0.23333333333333334,30.0,187,32,0.608829,True,-0.70727,-0.202765,0.085405,-0.685739,-0.285429,-0.105983
8,0.26666666666666666,30.0,188,0,0.998447,True,-0.351217,0.298558,-0.234511,-0.347414,0.312553,-0.068633
8,0.26666666666666666,30.0,188,1,0.997983,True,-0.346833,0.302832,-0.264584,-0.348113,0.306524,-0.10772
8,0.26666666666666666,30.0,188,2,0.998025,True,-0.346512,0.3029,-0.252039,-0.347981,0.306519,-0.096755
8,0.26666666666666666,30.0,188,3,0.998238,True,-0.346516,0.303172,-0.255845,-0.346639,0.307649,-0.101331
8,0.26666666666666666,30.0,188,4,0.998866,True,-0.338836,0.321863,-0.200893,-0.337608,0.333291,-0.043577
8,0.26666666666666666,30.0,188,5,0.9992,True,-0.334038,0.318055,-0.219738,-0.331312,0.329375,-0.060063
8,0.26666666666666666,30.0,188,6,0.999356,True,-0.334289,0.306518,-0.191887,-0.330594,0.318587,-0.031722
8,0.26666666666666666,30.0,188,7,0.998248,True,-0.249404,0.267264,-0.326402,-0.2394,0.2613,-0.209506
8,0.26666666666666666,30.0,188,8,0.99848,True,-0.239305,0.272127,-0.200073,-0.235425,0.281935,-0.081521
8,0.26666666666666666,30.0,188,9,0.996396,True,-0.278899,0.277824,-0.24139,-0.278973,0.291451,-0.103242
8,0.26666666666666666,30.0,188,10,0.997491,True,-0.2954,0.263108,-0.229382,-0.285865,0.279809,-0.061278
8,0.26666666666666666,30.0,188,11,0.999868,True,-0.120762,0.120396,-0.255166,-0.15479,0.110677,-0.172816
8,0.26666666666666666,30.0,188,12,0.999929,True,0.02107,0.336057,-0.067594,0.030704,0.349792,0.019233
8,0.26666666666666666,30.0,188,13,0.606965,True,-0.246127,0.022658,-0.350185,-0.3474,0.013542,-0.287456
8,0.26666666666666666,30.0,188,14,0.53661,True,0.174792,0.288399,-0.041505,0.184825,0.303157,-0.066385
8,0.26666666666666666,30.0,188,15,0.617932,True,-0.39002741058175594,-0.024804,-0.2454,-0.465295,-0.02605,-0.223147
8,0.26666666666666666,30.0,188,16,0.635484,True,0.262981,0.260843,-0.054164,0.332421,0.259623,-0.177147
8,0.26666666666666666,30.0,188,17,0.609575,True,-0.42125126683962355,0.010023,-0.238593,-0.494463,0.002742,-0.217147
8,0.26666666666666666,30.0,188,18,0.632922,True,0.313681,0.273323,-0.090933,0.393776,0.266065,-0.245096
8,0.26666666666666666,30.0,188,19,0.605054,True,-0.42438615781134026,0.031683,-0.252063,-0.492939,0.038116,-0.231358
8,0.26666666666666666,30.0,188,20,0.628102,True,0.346583,0.298541,-0.077734,0.435664,0.289611,-0.232376
8,0.26666666666666666,30.0,188,21,0.578244,True,-0.3674669924595505,-0.031681,-0.215003,-0.473486,-0.025718,-0.215465
8,0.26666666666666666,30.0,188,22,0.605407,True,0.274508,0.274392,-0.065413,0.346667,0.26975,-0.183197
8,0.26666666666666666,30.0,188,23,0.999934,True,-0.008034,-0.038641,-0.042934,-0.028139,-0.039921,-0.036742
8,0.26666666666666666,30.0,188,24,0.999944,True,0.009162,0.049297,0.047198,0.027883,0.050869,0.041917
8,0.26666666666666666,30.0,188,25,0.662482,True,-0.13575,-0.424968,-0.071025,-0.141054,-0.407299,-0.061353
8,0.26666666666666666,30.0,188,26,0.46871,True,-0.297237,-0.128813,0.001736,-0.334983,-0.112992,-0.015111
8,0.26666666666666666,30.0,188,27,0.729165,True,-0.019814,-0.771588,-0.056367,-0.011137,-0.751723,-0.055875
8,0.26666666666666666,30.0,188,28,0.530304,True,-0.616949,-0.35898,0.111764,-0.688832,-0.333832,0.085776
8,0.26666666666666666,30.0,188,29,0.789735,True,-0.027992,-0.805706,-0.06038,-0.014609,-0.783819,-0.056798
8,0.26666666666666666,30.0,188,30,0.632981,True,-0.657947,-0.377178,0.074978,-0.729886,-0.354181,0.046643
8,0.26666666666666666,30.0,188,31,0.761318,True,-0.13625,-0.85885,-0.109579,-0.115414,-0.825012,-0.093122
8,0.26666666666666666,30.0,188,32,0.632205,True,-0.764512,-0.306105,0.018061,-0.834991,-0.256412,-0.016499
9,0.3,30.0,189,0,0.998596,True,-0.282868,0.329521,-0.359039,-0.29124,0.345021,-0.442672
9,0.3,30.0,189,1,0.998181,True,-0.268875,0.337518,-0.383291,-0.275214,0.350646,-0.477336
9,0.3,30.0,189,2,0.998216,True,-0.267793,0.337147,-0.372258,-0.275073,0.349672,-0.465937
9,0.3,30.0,189,3,0.99841,True,-0.268256,0.337628,-0.374112,-0.274839,0.350378,-0.466127
9,0.3,30.0,189,4,0.998977,False,-0.270686,0.356666,-0.320284,-0.271093,0.374216,-0.453085
9,0.3,30.0,189,5,0.999277,False,-0.267277,0.352402,-0.334892,-0.266457,0.369157,-0.463874
9,0.3,30.0,189,6,0.999418,False,-0.267142,0.340057,-0.308757,-0.266077,0.355574,-0.439983
9,0.3,30.0,189,7,0.998419,True,-0.170447,0.296824,-0.400032,-0.227599,0.299209,-0.498574
9,0.3,30.0,189,8,0.998628,True,-0.205766,0.307026,-0.285901,-0.195671,0.332429,-0.346808
9,0.3,30.0,189,9,0.996734,True,-0.210859,0.305713,-0.350067,-0.222719,0.317042,-0.434431
9,0.3,30.0,189,10,0.997716,True,-0.244131,0.291568,-0.338506,-0.24146,0.30754,-0.415015
9,0.3,30.0,189,11,0.999855,True,-0.025144,0.152168,-0.284789,-0.003725,0.145088,-0.343932
9,0.3,30.0,189,12,0.999931,True,-0.022198,0.371,-0.10339,-0.01427,0.414257,-0.133822
9,0.3,30.0,189,13,0.571292,False,-0.04613206198662014,0.046405,-0.344033,0.079495,0.017515,-0.3242
9,0.3,30.0,189,14,0.484184,True,0.056124,0.336642,-0.034792,0.094226,0.397157,-0.035774
9,0.3,30.0,189,15,0.558222,False,-0.05278577337930038,-0.02115,-0.21602,0.154081,-0.036383,-0.190694
9,0.3,30.0,189,16,0.572719,True,0.06075083233220136,0.316511,0.043168,0.030526,0.381904,0.13403
9,0.3,30.0,189,17,0.551179,False,-0.049697346474983556,0.002837,-0.203807,0.186323,-0.016037,-0.198162
9,0.3,30.0,189,18,0.570454,True,0.09230935758048592,0.32984,0.014386,0.043054,0.395144,0.132832
9,0.3,30.0,189,19,0.547279,False,-0.056803897965853806,0.01404,-0.226152,0.171207,-0.008145,-0.201983
9,0.3,30.0,189,20,0.566137,True,0.11968529120843399,0.34809,0.015814,0.064626,0.393961,0.126307
9,0.3,30.0,189,21,0.523203,False,-0.02896528097762731,-0.033392,-0.2067,0.151951,-0.048705,-0.182735
9,0.3,30.0,189,22,0.545968,True,0.0668706462438139,0.325828,0.038932,0.029407,0.383626,0.12563
9,0.3,30.0,189,23,0.999938,True,0.025068,-0.043423,-0.031106,0.036028,-0.047772,-0.035661
9,0.3,30.0,189,24,0.999949,True,-0.023424,0.0534,0.033612,-0.034135,0.057113,0.038573
9,0.3,30.0,189,25,0.641044,True,-0.068264,-0.446375,-0.064168,-0.075098,-0.47427,-0.073298
9,0.3,30.0,189,26,0.473295,True,-0.279214,-0.150647,-0.061239,-0.287856,-0.140138,-0.031782
9,0.3,30.0,189,27,0.722634,True,-0.012394,-0.788067,-0.021732,-0.009461,-0.802584,-0.014215
9,0.3,30.0,189,28,0.549385,True,-0.610716,-0.408945,0.065526,-0.624968,-0.384782,0.08254
9,0.3,30.0,189,29,0.760534,True,-0.020196,-0.820816,-0.021599,-0.014222,-0.831849,-0.01179
9,0.3,30.0,189,30,0.629616,True,-0.651515,-0.427696,0.032793,-0.665695,-0.400118,0.045622
9,0.3,30.0,189,31,0.760776,True,-0.103606,-0.868283,-0.080101,-0.106204,-0.885642,-0.071165
9,0.3,30.0,189,32,0.649585,True,-0.733084,-0.382289,-0.036554,-0.745161,-0.353502,-0.014951
10,0.3333333333333333,30.0,190,0,0.998736,True,-0.172589,0.359726,-0.493816,-0.213028,0.367356,-0.57522
10,0.3333333333333333,30.0,190,1,0.998362,True,-0.151767,0.373247,-0.509932,-0.178163,0.383983,-0.591243
10,0.3333333333333333,30.0,190,2,0.998394,True,-0.150214,0.372287,-0.500226,-0.176548,0.384063,-0.580071
10,0.3333333333333333,30.0,190,3,0.998569,True,-0.151164,0.373301,-0.500569,-0.178453,0.383309,-0.579863
10,0.3333333333333333,30.0,190,4,0.999079,True,-0.16325,0.389398,-0.465882,-0.199895,0.4003,-0.587376
10,0.3333333333333333,30.0,190,5,0.999349,True,-0.160583,0.385488,-0.477624,-0.201511,0.395221,-0.597426
10,0.3333333333333333,30.0,190,6,0.999475,True,-0.160254,0.372571,-0.453145,-0.201377,0.380985,-0.574255
10,0.3333333333333333,30.0,190,7,0.998577,True,-0.059717,0.335794,-0.476948,-0.048014,0.35004,-0.53343
10,0.3333333333333333,30.0,190,8,0.998763,True,-0.146245,0.339234,-0.39088,-0.16219,0.354669,-0.457073
10,0.3333333333333333,30.0,190,9,0.997056,True,-0.107899,0.335373,-0.464848,-0.128042,0.341784,-0.532884
10,0.3333333333333333,30.0,190,10,0.997934,True,-0.154066,0.318555,-0.463416,-0.209468,0.325862,-0.536514
10,0.3333333333333333,30.0,190,11,0.999866,True,0.083842,0.201459,-0.319299,0.098441,0.221194,-0.330429
10,0.3333333333333333,30.0,190,12,0.99989,True,-0.05482,0.395605,-0.163026,-0.073272,0.399384,-0.21229
10,0.3333333333333333,30.0,190,13,0.607473,True,0.18013493732070168,0.09682,-0.344902,0.241995,0.120846,-0.312353
10,0.3333333333333333,30.0,190,14,0.441649,True,-0.070426,0.376272,-0.070676,-0.092347,0.34037,-0.053224
10,0.3333333333333333,30.0,190,15,0.596696,True,0.30928196911403305,0.010918,-0.219248,0.401488,0.024783,-0.060619
10,0.3333333333333333,30.0,190,16,0.518083,True,-0.16609725037323464,0.374812,0.073319,-0.146789,0.308695,0.100708
10,0.3333333333333333,30.0,190,17,0.586414,True,0.34825710730946824,0.024489,-0.204274,0.451986,0.040141,-0.031407
10,0.3333333333333333,30.0,190,18,0.51588,True,-0.16635134271598545,0.389818,0.049333,-0.122048,0.327237,0.090667
10,0.3333333333333333,30.0,190,19,0.584669,True,0.3387263407853027,0.026383,-0.236373,0.437203,0.025908,-0.067473
10,0.3333333333333333,30.0,190,20,0.512363,True,-0.14522378888788046,0.406695,0.040701,-0.090966,0.349036,0.078865
10,0.3333333333333333,30.0,190,21,0.562731,True,0.32575192673407116,-0.007338,-0.229979,0.405813,-0.000841,-0.072672
10,0.3333333333333333,30.0,190,22,0.494904,True,-0.16567390978369234,0.381929,0.073426,-0.137807,0.318629,0.0861
10,0.3333333333333333,30.0,190,23,0.999938,True,0.056274,-0.043786,-0.012807,0.071827,-0.045035,-0.016873
10,0.3333333333333333,30.0,190,24,0.99994,True,-0.053793,0.052719,0.013746,-0.069136,0.053818,0.01641
10,0.3333333333333333,30.0,190,25,0.66667,True,-0.003314,-0.459077,-0.054195,0.011764,-0.462028,-0.070336
10,0.3333333333333333,30.0,190,26,0.513664,True,-0.209852,-0.145746,-0.12813,-0.254826,-0.155298,-0.029032
10,0.3333333333333333,30.0,190,27,0.747444,True,-0.018142,-0.80506,0.009627,-0.009005,-0.808632,-0.003217
10,0.3333333333333333,30.0,190,28,0.589202,True,-0.520431,-0.427407,0.013863,-0.529073,-0.436604,0.149954
10,0.3333333333333333,30.0,190,29,0.768511,True,-0.0301,-0.837053,0.013145,-0.014893,-0.841775,-0.0008
10,0.3333333333333333,30.0,190,30,0.642669,True,-0.557228,-0.446213,-0.014245,-0.563699,-0.456235,0.133343
10,0.3333333333333333,30.0,190,31,0.78261,True,-0.075649,-0.875691,-0.054137,-0.068719,-0.898543,-0.072391
10,0.3333333333333333,30.0,190,32,0.679772,True,-0.60248,-0.425443,-0.088705,-0.622766,-0.456469,0.072975
11,0.36666666666666664,30.0,191,0,0.998862,True,-0.037773,0.386643,-0.573185,-0.028262,0.381252,-0.617855
11,0.36666666666666664,30.0,191,1,0.998526,True,-0.015771,0.405978,-0.579394,-0.008857,0.404369,-0.615816
11,0.36666666666666664,30.0,191,2,0.998555,True,-0.014088,0.404542,-0.570614,-0.005823,0.402868,-0.607277
11,0.36666666666666664,30.0,191,3,0.998712,True,-0.015252,0.406176,-0.570241,-0.007999,0.404925,-0.606955
11,0.36666666666666664,30.0,191,4,0.999171,True,-0.033538,0.417469,-0.565083,-0.025809,0.413655,-0.631511
11,0.36666666666666664,30.0,191,5,0.999414,True,-0.030993,0.414554,-0.575733,-0.02264,0.410268,-0.642423
11,0.36666666666666664,30.0,191,6,0.999528,True,-0.030466,0.401388,-0.552649,-0.023206,0.398617,-0.618787
11,0.36666666666666664,30.0,191,7,0.998719,True,0.060594,0.379971,-0.50519,0.069718,0.377727,-0.516598
11,0.36666666666666664,30.0,191,8,0.998886,True,-0.067132,0.367532,-0.4586,-0.094342,0.357449,-0.499707
11,0.36666666666666664,30.0,191,9,0.99735,True,0.01339,0.365164,-0.526307,0.013615,0.3584,-0.56053
11,0.36666666666666664,30.0,191,10,0.99814,True,-0.037487,0.343101,-0.541144,-0.036626,0.335048,-0.58843
11,0.36666666666666664,30.0,191,11,0.999879,True,0.185227,0.259467,-0.319737,0.155707,0.260671,-0.335433
11,0.36666666666666664,30.0,191,12,0.999897,True,-0.067118,0.412616,-0.209929,-0.07659,0.38997,-0.227704
11,0.36666666666666664,30.0,191,13,0.646438,True,0.366188,0.16524,-0.317521,0.374269,0.183404,-0.34322
11,0.36666666666666664,30.0,191,14,0.470548,True,-0.173943,0.401725,-0.130306,-0.208423,0.400095,-0.113058
11,0.36666666666666664,30.0,191,15,0.636796,True,0.602680874404911,0.070707,-0.219053,0.59539,0.066437,-0.27131
11,0.36666666666666664,30.0,191,16,0.534399,True,-0.352616,0.421861,0.0245,-0.390313,0.427183,0.05065
11,0.36666666666666664,30.0,191,17,0.627288,True,0.6667394407292797,0.077139,-0.2018,0.660444,0.068571,-0.258158
11,0.36666666666666664,30.0,191,18,0.520487,True,-0.389640121654464,0.438962,4.8e-05,-0.405214,0.441741,0.009704
11,0.36666666666666664,30.0,191,19,0.625829,True,0.657585119690973,0.074741,-0.242054,0.641229,0.060741,-0.299767
11,0.36666666666666664,30.0,191,20,0.521089,True,-0.3734829745402547,0.459174,-0.016068,-0.389434,0.457111,0.013031
11,0.36666666666666664,30.0,191,21,0.606022,True,0.6115514229638465,0.048368,-0.241667,0.599044,0.039401,-0.291628
11,0.36666666666666664,30.0,191,22,0.509446,True,-0.357648,0.428802,0.02408,-0.394248,0.433499,0.076658
11,0.36666666666666664,30.0,191,23,0.999938,True,0.076981,-0.040389,0.011269,0.080243,-0.038859,0.010694
11,0.36666666666666664,30.0,191,24,0.999937,True,-0.07371,0.048075,-0.011229,-0.076309,0.047289,-0.010761
11,0.36666666666666664,30.0,191,25,0.689011,True,0.047187,-0.460548,-0.041899,0.032852,-0.466277,-0.023869
11,0.36666666666666664,30.0,191,26,0.559689,True,-0.096581,-0.121934,-0.189187,-0.110232,-0.136093,-0.262703
11,0.36666666666666664,30.0,191,27,0.769854,True,-0.034036,-0.815125,0.03159,-0.054213,-0.8389,0.044246
11,0.36666666666666664,30.0,191,28,0.628062,False,-0.354013,-0.428312,-0.048354,-0.370435,-0.428888,-0.257462
11,0.36666666666666664,30.0,191,29,0.784948,True,-0.053804,-0.847098,0.037345,-0.080642,-0.873612,0.04713
11,0.36666666666666664,30.0,191,30,0.670178,False,-0.382976,-0.448292,-0.073844,-0.400237,-0.446718,-0.286723
11,0.36666666666666664,30.0,191,31,0.802909,True,-0.0551,-0.876725,-0.033932,-0.077116,-0.894092,-0.029949
11,0.36666666666666664,30.0,191,32,0.710592,False,-0.39644264893886294,-0.444883,-0.147737,-0.387592,-0.438895,-0.370616
12,0.4,30.0,192,0,0.998976,True,0.099637,0.411472,-0.55937,0.136343,0.385843,-0.573258
12,0.4,30.0,192,1,0.998673,True,0.116864,0.435501,-0.556625,0.148706,0.411718,-0.567484
12,0.4,30.0,192,2,0.998699,True,0.118328,0.433965,-0.548043,0.149432,0.409486,-0.559504
12,0.4,30.0,192,3,0.998841,True,0.117431,0.435986,-0.547774,0.14906,0.41239,-0.55956
12,0.4,30.0,192,4,0.999254,True,0.098019,0.442885,-0.570807,0.12718,0.415052,-0.588304
12,0.4,30.0,192,5,0.999472,True,0.100718,0.441012,-0.581629,0.131866,0.414417,-0.601521
12,0.4,30.0,192,6,0.999575,True,0.101496,0.427881,-0.559677,0.132891,0.402527,-0.578346
12,0.4,30.0,192,7,0.998847,True,0.167315,0.425887,-0.457803,0.195083,0.408238,-0.462837
12,0.4,30.0,192,8,0.998997,True,0.020657,0.394808,-0.455846,0.039879,0.359602,-0.469953
12,0.4,30.0,192,9,0.997615,True,0.133608,0.395625,-0.501497,0.165619,0.373072,-0.514362
12,0.4,30.0,192,10,0.998326,True,0.086328,0.367173,-0.533382,0.126692,0.340292,-0.550265
12,0.4,30.0,192,11,0.999891,True,0.26086,0.317219,-0.260844,0.284385,0.304459,-0.301107
12,0.4,30.0,192,12,0.999906,True,-0.053021,0.427954,-0.218873,-0.037286,0.396177,-0.241028
12,0.4,30.0,192,13,0.681665,True,0.48491,0.240517,-0.227044,0.491788,0.221119,-0.310695
12,0.4,30.0,192,14,0.523213,True,-0.227278,0.41197,-0.192657,-0.224079,0.390594,-0.283196
12,0.4,30.0,192,15,0.672676,True,0.733916,0.149891,-0.158311,0.728779,0.118135,-0.247279
12,0.4,30.0,192,16,0.580147,False,-0.47215,0.444621,-0.087724,-0.473451,0.441151,-0.365507
12,0.4,30.0,192,17,0.663218,True,0.799877,0.15298,-0.137099,0.787935,0.114855,-0.231016
12,0.4,30.0,192,18,0.566278,False,-0.504896,0.463395,-0.117728,-0.515288,0.459176,-0.408417
12,0.4,30.0,192,19,0.662238,True,0.795153,0.151852,-0.180657,0.789158,0.117827,-0.271257
12,0.4,30.0,192,20,0.567356,False,-0.490431,0.487517,-0.138418,-0.498649,0.489599,-0.445767
12,0.4,30.0,192,21,0.644463,True,0.7433,0.126545,-0.183486,0.742563,0.093718,-0.265423
12,0.4,30.0,192,22,0.556937,False,-0.481883,0.452188,-0.093213,-0.484035,0.449192,-0.394139
12,0.4,30.0,192,23,0.999942,True,0.082723,-0.034905,0.039526,0.077096,-0.033552,0.040171
12,0.4,30.0,192,24,0.999939,True,-0.078961,0.041382,-0.039459,-0.073526,0.04012,-0.039451
12,0.4,30.0,192,25,0.714097,True,0.075716,-0.454442,-0.027237,0.087721,-0.450255,-0.022163
12,0.4,30.0,192,26,0.60171,True,0.037417,-0.092484,-0.232088,0.091682,-0.08759,-0.288233
12,0.4,30.0,192,27,0.791049,True,-0.054715,-0.816274,0.043122,-0.056445,-0.814864,0.049802
12,0.4,30.0,192,28,0.661432,True,-0.14995070661655008,-0.424968,-0.112856,-0.103487,-0.406368,-0.245565
12,0.4,30.0,192,29,0.804189,True,-0.082937,-0.84862,0.050037,-0.088568,-0.84749,0.058748
12,0.4,30.0,192,30,0.69386,True,-0.1676820382519739,-0.447765,-0.138802,-0.123568,-0.425079,-0.275409
12,0.4,30.0,192,31,0.821474,True,-0.040422,-0.873019,-0.017725,-0.036301,-0.86405,-0.011657
12,0.4,30.0,192,32,0.737785,True,-0.12685819445654653,-0.451454,-0.206584,-0.088251,-0.42933,-0.354264
13,0.43333333333333335,30.0,193,0,0.999079,True,0.219497,0.434938,-0.461281,0.221772,0.442259,-0.485462
13,0.43333333333333335,30.0,193,1,0.998806,True,0.228108,0.462057,-0.453137,0.23163,0.465957,-0.482373
13,0.43333333333333335,30.0,193,2,0.998829,True,0.229081,0.460928,-0.443795,0.232004,0.464198,-0.473532
13,0.43333333333333335,30.0,193,3,0.998956,True,0.228887,0.462854,-0.444198,0.232044,0.466635,-0.474133
13,0.43333333333333335,30.0,193,4,0.999328,True,0.21281,0.467417,-0.486043,0.213586,0.470547,-0.50381
13,0.43333333333333335,30.0,193,5,0.999525,True,0.215535,0.466014,-0.497552,0.217318,0.470383,-0.516485
13,0.43333333333333335,30.0,193,6,0.999617,True,0.216508,0.453166,-0.476469,0.218506,0.456632,-0.494978
13,0.43333333333333335,30.0,193,7,0.998962,True,0.244442,0.469665,-0.346458,0.253838,0.469308,-0.409047
13,0.43333333333333335,30.0,193,8,0.999097,True,0.103282,0.422534,-0.388797,0.110602,0.425032,-0.405808
13,0.43333333333333335,30.0,193,9,0.997853,True,0.235874,0.425878,-0.400398,0.240587,0.432579,-0.432862
13,0.43333333333333335,30.0,193,10,0.998493,True,0.196937,0.391293,-0.446243,0.204584,0.399139,-0.468659
13,0.43333333333333335,30.0,193,11,0.999901,True,0.300037,0.367632,-0.148113,0.321495,0.371191,-0.197614
13,0.43333333333333335,30.0,193,12,0.999915,True,-0.013234,0.44402,-0.189927,-0.032418,0.451084,-0.210305
13,0.43333333333333335,30.0,193,13,0.713461,True,0.515475,0.311932,-0.069255,0.52911,0.300536,-0.169682
13,0.43333333333333335,30.0,193,14,0.57088,True,-0.217371,0.406871,-0.245439,-0.228089,0.421043,-0.248758
13,0.43333333333333335,30.0,193,15,0.70536,True,0.745848,0.234008,-0.0051,0.762631,0.238738,-0.179917
13,0.43333333333333335,30.0,193,16,0.622093,True,-0.488918,0.434823,-0.232061,-0.497476,0.466946,-0.312053
13,0.43333333333333335,30.0,193,17,0.696734,True,0.803061,0.236004,0.02228,0.820502,0.246496,-0.15275
13,0.43333333333333335,30.0,193,18,0.60952,True,-0.52884,0.453847,-0.271039,-0.539967,0.485667,-0.346288
13,0.43333333333333335,30.0,193,19,0.695894,True,0.802637,0.239034,-0.01767,0.823451,0.256507,-0.210545
13,0.43333333333333335,30.0,193,20,0.610523,True,-0.513908,0.478522,-0.292291,-0.532272,0.519144,-0.383261
13,0.43333333333333335,30.0,193,21,0.679895,True,0.760036,0.211754,-0.025575,0.777713,0.22108,-0.211854
13,0.43333333333333335,30.0,193,22,0.601151,True,-0.500858,0.442495,-0.244265,-0.513215,0.47706,-0.340409
13,0.43333333333333335,30.0,193,23,0.999946,True,0.073797,-0.029061,0.068919,0.069095,-0.026751,0.07193
13,0.43333333333333335,30.0,193,24,0.999942,True,-0.069904,0.034619,-0.067994,-0.065143,0.031781,-0.071696
13,0.43333333333333335,30.0,193,25,0.741999,True,0.079814,-0.44792,-0.009649,0.080867,-0.440185,-0.013798
13,0.43333333333333335,30.0,193,26,0.640839,True,0.16503,-0.07087,-0.247334,0.188678,-0.060079,-0.223278
13,0.43333333333333335,30.0,193,27,0.811578,True,-0.075437,-0.812613,0.047752,-0.065275,-0.798749,0.050558
13,0.43333333333333335,30.0,193,28,0.693962,True,0.07842705615032228,-0.423926,-0.160685,0.100799,-0.430364,-0.132482
13,0.43333333333333335,30.0,193,29,0.823346,True,-0.109844,-0.845442,0.055102,-0.098138,-0.830131,0.059363
13,0.43333333333333335,30.0,193,30,0.721623,True,0.07419915118450712,-0.450236,-0.189264,0.095178,-0.459002,-0.161989
13,0.43333333333333335,30.0,193,31,0.839114,True,-0.029795,-0.871216,-0.002044,-0.017301,-0.850734,0.003136
13,0.43333333333333335,30.0,193,32,0.76334,True,0.15953528449520132,-0.45189,-0.244683,0.177404,-0.466355,-0.224388
14,0.4666666666666667,30.0,194,0,0.999171,True,0.309217,0.455576,-0.321755,0.306524,0.461504,-0.252834
14,0.4666666666666667,30.0,194,1,0.998925,True,0.308555,0.484578,-0.312793,0.307868,0.490148,-0.238753
14,0.4666666666666667,30.0,194,2,0.998946,True,0.308948,0.484292,-0.301845,0.309241,0.490231,-0.229793
14,0.4666666666666667,30.0,194,3,0.999061,True,0.309615,0.485614,-0.303133,0.309719,0.491351,-0.230632
14,0.4666666666666667,30.0,194,4,0.999395,True,0.299054,0.489952,-0.353507,0.304793,0.49637,-0.278722
14,0.4666666666666667,30.0,194,5,0.999572,True,0.301512,0.488232,-0.36579,0.306307,0.495274,-0.288809
14,0.4666666666666667,30.0,194,6,0.999655,True,0.302479,0.475883,-0.345221,0.30791,0.481374,-0.270167
14,0.4666666666666667,30.0,194,7,0.999066,True,0.287142,0.507068,-0.210435,0.282411,0.518881,-0.133569
14,0.4666666666666667,30.0,194,8,0.999187,True,0.168981,0.447989,-0.292386,0.187635,0.468481,-0.23073
14,0.4666666666666667,30.0,194,9,0.998067,True,0.310012,0.45277,-0.264022,0.305558,0.459895,-0.196573
14,0.4666666666666667,30.0,194,10,0.998643,True,0.280003,0.413102,-0.319536,0.279555,0.422598,-0.254099
14,0.4666666666666667,30.0,194,11,0.999911,True,0.300719,0.406661,-0.015031,0.304791,0.413333,0.048288
14,0.4666666666666667,30.0,194,12,0.999922,True,0.044863,0.457501,-0.143232,0.034837,0.485006,-0.087538
14,0.4666666666666667,30.0,194,13,0.741766,True,0.463283,0.371206,0.11815,0.48267,0.381177,0.189912
14,0.4666666666666667,30.0,194,14,0.613745,True,-0.147442,0.387118,-0.285227,-0.179714,0.416905,-0.196565
14,0.4666666666666667,30.0,194,15,0.734741,False,0.63524,0.307881,0.2027643553765103,0.689005,0.344687,0.322291
14,0.4666666666666667,30.0,194,16,0.659699,True,-0.396293,0.395148,-0.37241,-0.42678,0.443142,-0.229324
14,0.4666666666666667,30.0,194,17,0.726797,False,0.673941,0.309045,0.23644133112092375,0.739109,0.357915,0.366606
14,0.4666666666666667,30.0,194,18,0.648108,True,-0.430985,0.412262,-0.421519,-0.461801,0.465008,-0.262507
14,0.4666666666666667,30.0,194,19,0.726093,False,0.676008,0.315716,0.2073370351688437,0.747882,0.371474,0.330946
14,0.4666666666666667,30.0,194,20,0.649087,True,-0.412087,0.433669,-0.438204,-0.44953,0.493867,-0.288494
14,0.4666666666666667,30.0,194,21,0.711687,False,0.651083,0.286935,0.19124402718772632,0.708128,0.33046,0.306815
14,0.4666666666666667,30.0,194,22,0.640644,True,-0.40705,0.40212,-0.389152,-0.44033,0.453526,-0.25169
14,0.4666666666666667,30.0,194,23,0.999951,True,0.053468,-0.023839,0.094946,0.060857,-0.025127,0.093194
14,0.4666666666666667,30.0,194,24,0.999946,True,-0.049725,0.028924,-0.092772,-0.057269,0.029602,-0.091767
14,0.4666666666666667,30.0,194,25,0.76748,True,0.062615,-0.446597,0.010907,0.083268,-0.435288,0.001808
14,0.4666666666666667,30.0,194,26,0.67641,True,0.267552,-0.065531,-0.231665,0.250661,-0.048522,-0.204991
14,0.4666666666666667,30.0,194,27,0.830122,True,-0.092824,-0.809844,0.051253,-0.089826,-0.795521,0.040305
14,0.4666666666666667,30.0,194,28,0.723902,True,0.2910565408420335,-0.425062,-0.171414,0.254428,-0.426627,-0.119723
14,0.4666666666666667,30.0,194,29,0.84068,True,-0.12974,-0.843143,0.058873,-0.128228,-0.827993,0.047251
14,0.4666666666666667,30.0,194,30,0.748396,True,0.29977051502873453,-0.453915,-0.202737,0.261454,-0.459182,-0.151849
14,0.4666666666666667,30.0,194,31,0.855035,True,-0.022665,-0.876177,0.016273,-0.026572,-0.863332,0.005971
14,0.4666666666666667,30.0,194,32,0.786662,True,0.41599970896463284,-0.448552,-0.240406,0.372004,-0.446779,-0.201443
15,0.5,30.0,195,0,0.99923,True,0.364536,0.471888,-0.188603,0.359828,0.488785,-0.141475
15,0.5,30.0,195,1,0.999014,True,0.356712,0.502097,-0.182987,0.348245,0.51837,-0.139978
15,0.5,30.0,195,2,0.999027,True,0.3567,0.502872,-0.170057,0.348327,0.519901,-0.124533
15,0.5,30.0,195,3,0.999137,True,0.358007,0.503272,-0.172167,0.349448,0.519522,-0.127244
15,0.5,30.0,195,4,0.999447,True,0.352791,0.508215,-0.224452,0.3465,0.525796,-0.178122
15,0.5,30.0,195,5,0.999609,True,0.354819,0.505708,-0.237552,0.347604,0.521966,-0.191381
15,0.5,30.0,195,6,0.999685,True,0.35558,0.493951,-0.217043,0.348483,0.51095,-0.170386
15,0.5,30.0,195,7,0.999151,True,0.298653,0.535245,-0.093044,0.273849,0.548553,-0.049743
15,0.5,30.0,195,8,0.999249,True,0.212502,0.466695,-0.20585,0.209264,0.476437,-0.17765
15,0.5,30.0,195,9,0.998213,True,0.352404,0.473543,-0.138032,0.343444,0.490143,-0.093519
15,0.5,30.0,195,10,0.998736,True,0.330273,0.430056,-0.199344,0.324502,0.444931,-0.156493
15,0.5,30.0,195,11,0.9999,True,0.26703,0.43371,0.094784,0.226049,0.449949,0.13324
15,0.5,30.0,195,12,0.999915,True,0.110288,0.463313,-0.102426,0.139248,0.463049,-0.082237
15,0.5,30.0,195,13,0.667855,True,0.348164,0.413708,0.271918,0.315868,0.457472,0.357429
15,0.5,30.0,195,14,0.620125,True,-0.031733,0.35739,-0.310314,0.050611,0.343092,-0.315581
15,0.5,30.0,195,15,0.661666,False,0.439035,0.361618,0.4195353443549219,0.215937,0.406123,0.594919
15,0.5,30.0,195,16,0.667695,False,-0.210441,0.342007,-0.474949,-0.013866,0.30341,-0.524986
15,0.5,30.0,195,17,0.655112,False,0.46830432038192243,0.36126,0.45892188778268417,0.182932,0.398632,0.63831
15,0.5,30.0,195,18,0.666245,False,-0.23504100716160292,0.354954,-0.532866,-0.013296,0.31529,-0.592846
15,0.5,30.0,195,19,0.654549,False,0.4723462155876052,0.369337,0.4436178509177551,0.171348,0.400397,0.634471
15,0.5,30.0,195,20,0.667284,False,-0.2127265886313761,0.372664,-0.540345,0.023126,0.325897,-0.589342
15,0.5,30.0,195,21,0.641472,False,0.45321,0.341021,0.41843473581608537,0.2217,0.38216,0.601123
15,0.5,30.0,195,22,0.652108,False,-0.21705,0.348452,-0.491633,-0.014408,0.308747,-0.537297
15,0.5,30.0,195,23,0.999954,True,0.02587,-0.019367,0.111817,0.019487,-0.019025,0.10513
15,0.5,30.0,195,24,0.99995,True,-0.022479,0.024406,-0.108608,-0.016602,0.0243,-0.101002
15,0.5,30.0,195,25,0.776516,True,0.031636,-0.450975,0.031858,0.006339,-0.450645,0.027303
15,0.5,30.0,195,26,0.697782,True,0.338639,-0.075715,-0.18535,0.343106,-0.068193,-0.157595
15,0.5,30.0,195,27,0.839693,True,-0.104137,-0.810105,0.057567,-0.110761,-0.807684,0.04775
15,0.5,30.0,195,28,0.746591,True,0.447874,-0.42376,-0.129416,0.495082,-0.419533,-0.114869
15,0.5,30.0,195,29,0.851449,True,-0.140045,-0.843703,0.06596,-0.144432,-0.841076,0.055908
15,0.5,30.0,195,30,0.769235,True,0.466135,-0.452974,-0.161551,0.517751,-0.450498,-0.143841
15,0.5,30.0,195,31,0.864073,True,-0.019689,-0.885003,0.037739,-0.029339,-0.882719,0.034156
15,0.5,30.0,195,32,0.803105,True,0.595797,-0.44038,-0.179259,0.646157,-0.435963,-0.136846
16,0.5333333333333333,30.0,196,0,0.999218,True,0.385527,0.485717,-0.091137,0.365695,0.486458,-0.106537
16,0.5333333333333333,30.0,196,1,0.999038,True,0.374101,0.516423,-0.09204,0.355189,0.517071,-0.109292
16,0.5333333333333333,30.0,196,2,0.999022,True,0.374077,0.518241,-0.077318,0.354924,0.518864,-0.093795
16,0.5333333333333333,30.0,196,3,0.999145,True,0.37553,0.517688,-0.080067,0.356508,0.518444,-0.096699
16,0.5333333333333333,30.0,196,4,0.999468,True,0.374598,0.522609,-0.131359,0.354646,0.524861,-0.146051
16,0.5333333333333333,30.0,196,5,0.999624,True,0.376252,0.519424,-0.145389,0.356204,0.52117,-0.160281
16,0.5333333333333333,30.0,196,6,0.999699,True,0.376838,0.508089,-0.124517,0.357012,0.509884,-0.139274
16,0.5333333333333333,30.0,196,7,0.999197,True,0.283865,0.554572,-0.021302,0.270841,0.551197,-0.030989
16,0.5333333333333333,30.0,196,8,0.999278,True,0.235448,0.477178,-0.152288,0.220123,0.478124,-0.159491
16,0.5333333333333333,30.0,196,9,0.998224,True,0.362553,0.489173,-0.050791,0.346575,0.488887,-0.064184
16,0.5333333333333333,30.0,196,10,0.998745,True,0.348706,0.443203,-0.114581,0.330937,0.443738,-0.125929
16,0.5333333333333333,30.0,196,11,0.99984,True,0.205845,0.451061,0.148673,0.200222,0.433376,0.150482
16,0.5333333333333333,30.0,196,12,0.999912,True,0.172481,0.460402,-0.079642,0.173203,0.464747,-0.085213
16,0.5333333333333333,30.0,196,13,0.601184,True,0.193849,0.438874,0.337072,0.139227,0.389941,0.341847
16,0.5333333333333333,30.0,196,14,0.647207,True,0.110578,0.328274,-0.314121,0.090914,0.336633,-0.336926
16,0.5333333333333333,30.0,196,15,0.595589,True,0.20259205353636783,0.393161,0.519687,0.075528,0.298639,0.544028
16,0.5333333333333333,30.0,196,16,0.692567,True,0.02704852144942024,0.299984,-0.51291,0.042369,0.279958,-0.551594
16,0.5333333333333333,30.0,196,17,0.589864,True,0.19791033192865476,0.391029,0.561562,0.04643,0.289546,0.583016
16,0.5333333333333333,30.0,196,18,0.693513,True,0.051228596943196744,0.307263,-0.575818,0.046886,0.283821,-0.623587
16,0.5333333333333333,30.0,196,19,0.589377,True,0.2031726045709597,0.398616,0.553068,0.041119,0.293549,0.576427
16,0.5333333333333333,30.0,196,20,0.694391,True,0.07572669278970184,0.325225,-0.572032,0.088279,0.288376,-0.616658
16,0.5333333333333333,30.0,196,21,0.57759,True,0.2134396224927562,0.372077,0.523589,0.08088,0.273677,0.548831
16,0.5333333333333333,30.0,196,22,0.676302,True,0.02531447173335819,0.30746,-0.525253,0.044725,0.281164,-0.562624
16,0.5333333333333333,30.0,196,23,0.999957,True,-0.004811,-0.015423,0.113386,-0.001925,-0.018233,0.110344
16,0.5333333333333333,30.0,196,24,0.999954,True,0.007648,0.020658,-0.10984,0.004809,0.023778,-0.106116
16,0.5333333333333333,30.0,196,25,0.77746,True,-0.004258,-0.456686,0.046693,-0.005367,-0.466744,0.039251
16,0.5333333333333333,30.0,196,26,0.716687,True,0.378516,-0.091425,-0.108905,0.353064,-0.104815,-0.116941
16,0.5333333333333333,30.0,196,27,0.846733,True,-0.106769,-0.810713,0.064992,-0.106598,-0.823098,0.057513
16,0.5333333333333333,30.0,196,28,0.767088,True,0.537985,-0.413827,-0.02793,0.503926,-0.416311,-0.051889
16,0.5333333333333333,30.0,196,29,0.860863,True,-0.139128,-0.844149,0.07509,-0.13763,-0.857331,0.066741
16,0.5333333333333333,30.0,196,30,0.788155,True,0.561654,-0.441214,-0.057811,0.526432,-0.442133,-0.084292
16,0.5333333333333333,30.0,196,31,0.869749,True,-0.022289,-0.887928,0.057949,-0.021246,-0.894652,0.046354
16,0.5333333333333333,30.0,196,32,0.816412,True,0.692475,-0.424461,-0.056933,0.664095,-0.422803,-0.080799
17,0.5666666666666667,30.0,197,0,0.999287,True,0.372621,0.502846,-0.03331,0.387207,0.488697,-0.057893
17,0.5666666666666667,30.0,197,1,0.999129,True,0.361063,0.532688,-0.042855,0.371053,0.519046,-0.06388
17,0.5666666666666667,30.0,197,2,0.999113,True,0.361439,0.535372,-0.026882,0.370189,0.521296,-0.04795
17,0.5666666666666667,30.0,197,3,0.999225,True,0.362531,0.534074,-0.030093,0.372073,0.520322,-0.050989
17,0.5666666666666667,30.0,197,4,0.999518,True,0.365884,0.537826,-0.078989,0.376122,0.526409,-0.102555
17,0.5666666666666667,30.0,197,5,0.999658,True,0.367306,0.534484,-0.093932,0.378093,0.522575,-0.116973
17,0.5666666666666667,30.0,197,6,0.999725,True,0.368061,0.523134,-0.072515,0.377562,0.512342,-0.095455
17,0.5666666666666667,30.0,197,7,0.999275,True,0.246244,0.568389,0.001938,0.267671,0.553479,-0.007027
17,0.5666666666666667,30.0,197,8,0.999339,True,0.242731,0.48315,-0.131731,0.238879,0.472798,-0.141167
17,0.5666666666666667,30.0,197,9,0.998381,True,0.340712,0.504744,-0.005987,0.359879,0.489951,-0.02353
17,0.5666666666666667,30.0,197,10,0.998848,True,0.337861,0.457876,-0.068948,0.348221,0.443736,-0.087637
17,0.5666666666666667,30.0,197,11,0.999849,True,0.125717,0.462052,0.138324,0.173276,0.453333,0.140961
17,0.5666666666666667,30.0,197,12,0.999888,True,0.223988,0.453799,-0.070188,0.213716,0.447596,-0.078749
17,0.5666666666666667,30.0,197,13,0.544668,True,0.022935,0.449472,0.296736,0.098071,0.459881,0.32917
17,0.5666666666666667,30.0,197,14,0.659471,True,0.257224,0.313437,-0.284843,0.179269,0.297661,-0.338742
17,0.5666666666666667,30.0,197,15,0.543778,True,-0.05968457477104308,0.406532,0.479054,0.096787,0.440655,0.553199
17,0.5666666666666667,30.0,197,16,0.702756,True,0.298113435732818,0.290058,-0.470995,0.224655,0.262616,-0.511276
17,0.5666666666666667,30.0,197,17,0.546463,True,-0.0902052167155743,0.403528,0.517911,0.072623,0.440486,0.594804
17,0.5666666666666667,30.0,197,18,0.708502,True,0.3509205046287977,0.291819,-0.533181,0.254115,0.266956,-0.5695
17,0.5666666666666667,30.0,197,19,0.546934,True,-0.0843055142394884,0.409803,0.516081,0.072213,0.446866,0.595546
17,0.5666666666666667,30.0,197,20,0.70791,True,0.37664156852646785,0.315553,-0.519518,0.284815,0.281994,-0.557615
17,0.5666666666666667,30.0,197,21,0.533747,True,-0.05326867129565474,0.384946,0.486515,0.106104,0.418843,0.561426
17,0.5666666666666667,30.0,197,22,0.685756,True,0.30173033598520727,0.300774,-0.477135,0.229705,0.27036,-0.516598
17,0.5666666666666667,30.0,197,23,0.999958,True,-0.034117,-0.01197,0.095737,-0.028352,-0.011692,0.105854
17,0.5666666666666667,30.0,197,24,0.999951,True,0.03617,0.0174,-0.092687,0.030955,0.017351,-0.101642
17,0.5666666666666667,30.0,197,25,0.792785,True,-0.037932,-0.458031,0.046865,-0.043298,-0.460139,0.055051
17,0.5666666666666667,30.0,197,26,0.732999,True,0.385024,-0.099005,-0.006902,0.374686,-0.098638,-0.066943
17,0.5666666666666667,30.0,197,27,0.859126,True,-0.09895,-0.807645,0.065497,-0.095587,-0.81629,0.063718
17,0.5666666666666667,30.0,197,28,0.786536,True,0.553718,-0.391144,0.123605,0.575698,-0.389909,0.041682
17,0.5666666666666667,30.0,197,29,0.872327,True,-0.126389,-0.840294,0.077952,-0.124445,-0.850012,0.073572
17,0.5666666666666667,30.0,197,30,0.80607,True,0.577799,-0.415539,0.09887,0.605471,-0.412571,0.012901
17,0.5666666666666667,30.0,197,31,0.878357,True,-0.032041,-0.876326,0.067444,-0.025832,-0.901968,0.059454
17,0.5666666666666667,30.0,197,32,0.82702,True,0.692268,-0.398728,0.115558,0.716317,-0.396605,0.01903
18,0.6,30.0,198,0,0.999357,True,0.326708,0.529365,-0.001555,0.329719,0.530783,0.002208
18,0.6,30.0,198,1,0.999216,True,0.3173,0.556287,-0.020653,0.32068,0.557773,-0.014796
18,0.6,30.0,198,2,0.999201,True,0.31823,0.55958,-0.004044,0.32022,0.56066,0.000311
18,0.6,30.0,198,3,0.999303,True,0.31874,0.557877,-0.007571,0.322832,0.558908,-0.00267
18,0.6,30.0,198,4,0.999565,True,0.328298,0.560026,-0.052352,0.341155,0.560115,-0.048247
18,0.6,30.0,198,5,0.999692,True,0.329547,0.557043,-0.06784,0.342265,0.55713,-0.063389
18,0.6,30.0,198,6,0.999752,True,0.330973,0.545156,-0.046052,0.344032,0.545373,-0.042032
18,0.6,30.0,198,7,0.999348,True,0.190228,0.58048,-0.007348,0.225613,0.580272,-0.013149
18,0.6,30.0,198,8,0.999404,True,0.238275,0.491095,-0.127173,0.251024,0.490537,-0.120778
18,0.6,30.0,198,9,0.998541,True,0.289217,0.52593,0.010931,0.300365,0.526632,0.014941
18,0.6,30.0,198,10,0.998959,True,0.300301,0.480105,-0.047526,0.304488,0.480583,-0.041864
18,0.6,30.0,198,11,0.999863,True,0.03831,0.468929,0.080276,0.050678,0.474204,0.075273
18,0.6,30.0,198,12,0.999877,True,0.260355,0.451418,-0.057825,0.265922,0.444352,-0.052158
18,0.6,30.0,198,13,0.589363,True,-0.142318,0.449693,0.179478,-0.112478,0.457264,0.196149
18,0.6,30.0,198,14,0.692544,True,0.382033,0.323016,-0.211872,0.413829,0.312432,-0.135571
18,0.6,30.0,198,15,0.587995,True,-0.3012351656929325,0.408039,0.327813,-0.270358,0.433429,0.362968
18,0.6,30.0,198,16,0.730443,False,0.5208298821498066,0.319412,-0.348991,0.541063,0.33601,-0.10646
18,0.6,30.0,198,17,0.589102,False,-0.34900657690653547,0.406078,0.359989,-0.339558,0.43753,0.402045
18,0.6,30.0,198,18,0.73486,False,0.5871314082095992,0.318026,-0.40421,0.604454,0.340373,-0.150683
18,0.6,30.0,198,19,0.589341,False,-0.34288082203329096,0.410732,0.362309,-0.331126,0.442835,0.396117
18,0.6,30.0,198,20,0.734182,False,0.6133867628421559,0.35034,-0.384631,0.624387,0.385433,-0.127682
18,0.6,30.0,198,21,0.575401,True,-0.29899962943623826,0.386604,0.33644,-0.267598,0.414612,0.367883
18,0.6,30.0,198,22,0.71167,False,0.5287642822444527,0.334957,-0.349779,0.548612,0.35896,-0.099878
18,0.6,30.0,198,23,0.999961,True,-0.057222,-0.009278,0.060511,-0.062271,-0.006785,0.094905
18,0.6,30.0,198,24,0.999951,True,0.058325,0.014752,-0.058519,0.064089,0.012206,-0.094593
18,0.6,30.0,198,25,0.811749,True,-0.065043,-0.452206,0.026652,-0.051634,-0.459537,0.064151
18,0.6,30.0,198,26,0.75509,True,0.350302,-0.089831,0.10458,0.3576,-0.110849,0.037376
18,0.6,30.0,198,27,0.871966,True,-0.081068,-0.800307,0.048391,-0.094071,-0.810473,0.083916
18,0.6,30.0,198,28,0.802772,True,0.496174,-0.357132,0.293867,0.514094,-0.38096,0.212056
18,0.6,30.0,198,29,0.883996,True,-0.103426,-0.831853,0.062741,-0.120436,-0.844002,0.098482
18,0.6,30.0,198,30,0.823451,True,0.517099,-0.378606,0.275748,0.533993,-0.401619,0.193707
18,0.6,30.0,198,31,0.886835,True,-0.049512,-0.851347,0.055131,-0.041901,-0.890469,0.103593
18,0.6,30.0,198,32,0.835217,True,0.600207,-0.365,0.307005,0.626392,-0.395817,0.231476
19,0.6333333333333333,30.0,199,0,0.999421,True,0.252189,0.566331,0.021154,0.281854,0.54615,0.040677
19,0.6333333333333333,30.0,199,1,0.999294,True,0.245875,0.588306,-0.006835,0.288163,0.570568,0.011186
19,0.6333333333333333,30.0,199,2,0.999281,True,0.247116,0.591922,0.009811,0.293511,0.574683,0.027431
19,0.6333333333333333,30.0,199,3,0.999372,True,0.247217,0.590178,0.006136,0.289164,0.572818,0.024063
19,0.6333333333333333,30.0,199,4,0.999609,True,0.265592,0.591585,-0.031911,0.278054,0.57131,-0.01355
19,0.6333333333333333,30.0,199,5,0.999723,True,0.266615,0.589148,-0.047248,0.280074,0.569721,-0.030376
19,0.6333333333333333,30.0,199,6,0.999777,True,0.269072,0.576357,-0.025544,0.281227,0.556055,-0.008363
19,0.6333333333333333,30.0,199,7,0.999413,True,0.124666,0.592524,-0.02727,0.116837,0.59156,-0.028644
19,0.6333333333333333,30.0,199,8,0.999463,True,0.22263,0.505674,-0.117444,0.213545,0.495482,-0.116461
19,0.6333333333333333,30.0,199,9,0.998687,True,0.215253,0.554287,0.019297,0.233584,0.539423,0.034056
19,0.6333333333333333,30.0,199,10,0.999062,True,0.240168,0.511495,-0.030662,0.261219,0.494706,-0.01732
19,0.6333333333333333,30.0,199,11,0.999877,True,-0.040905,0.472113,0.005262,-0.07329,0.473368,0.03063
19,0.6333333333333333,30.0,199,12,0.999884,True,0.277434,0.458799,-0.026408,0.27122,0.449145,-0.0287
19,0.6333333333333333,30.0,199,13,0.630138,True,-0.277996,0.443178,0.040656,-0.336424,0.437687,-0.00474
19,0.6333333333333333,30.0,199,14,0.723103,True,0.456199,0.357678,-0.095164,0.496018,0.350928,-0.110757
19,0.6333333333333333,30.0,199,15,0.628444,True,-0.4755,0.403212,0.150078,-0.546031,0.391588,0.062355
19,0.6333333333333333,30.0,199,16,0.756186,True,0.613274,0.379129,-0.163315,0.661719,0.386254,-0.108654
19,0.6333333333333333,30.0,199,17,0.628694,True,-0.531458,0.404605,0.174862,-0.626412,0.390177,0.084565
19,0.6333333333333333,30.0,199,18,0.759639,True,0.682958,0.378937,-0.206427,0.735635,0.380228,-0.152343
19,0.6333333333333333,30.0,199,19,0.62888,True,-0.525346,0.407172,0.180653,-0.614125,0.39462,0.086996
19,0.6333333333333333,30.0,199,20,0.758793,True,0.709331,0.41776,-0.185737,0.757059,0.424486,-0.128213
19,0.6333333333333333,30.0,199,21,0.614522,True,-0.475838,0.38276,0.159038,-0.546148,0.371231,0.071293
19,0.6333333333333333,30.0,199,22,0.735082,True,0.622983,0.39962,-0.161198,0.669775,0.406835,-0.104336
19,0.6333333333333333,30.0,199,23,0.999964,True,-0.069579,-0.007662,0.016033,-0.072373,-0.007289,-0.003285
19,0.6333333333333333,30.0,199,24,0.999952,True,0.06978,0.013035,-0.01516,0.072123,0.012809,0.003874
19,0.6333333333333333,30.0,199,25,0.830483,True,-0.082855,-0.441267,-0.012472,-0.07906,-0.447047,-0.0334
19,0.6333333333333333,30.0,199,26,0.71218,True,0.266722,-0.066456,0.198979,0.283044,-0.106534,0.279001
19,0.6333333333333333,30.0,199,27,0.884544,True,-0.05609,-0.793007,0.006968,-0.055644,-0.789977,-0.024591
19,0.6333333333333333,30.0,199,28,0.774223,True,0.376022,-0.319914,0.438361,0.365982,-0.332305,0.58879
19,0.6333333333333333,30.0,199,29,0.895341,True,-0.074399,-0.823886,0.021381,-0.071363,-0.819218,-0.007468
19,0.6333333333333333,30.0,199,30,0.825807,True,0.392276,-0.339281,0.426273,0.377459,-0.350203,0.582393
19,0.6333333333333333,30.0,199,31,0.897778,True,-0.072704,-0.825266,0.014385,-0.083227,-0.794413,-0.022191
19,0.6333333333333333,30.0,199,32,0.809396,True,0.435177,-0.330256,0.473334,0.429549,-0.331883,0.626887
20,0.6666666666666666,30.0,200,0,0.999478,True,0.158384,0.607212,0.043421,0.149871,0.599959,-0.013221
20,0.6666666666666666,30.0,200,1,0.999364,True,0.155528,0.623408,0.008922,0.137074,0.619328,-0.04905
20,0.6666666666666666,30.0,200,2,0.999353,True,0.156567,0.627067,0.024896,0.13722,0.623668,-0.032143
20,0.6666666666666666,30.0,200,3,0.999434,True,0.156652,0.625592,0.021316,0.137711,0.621707,-0.036912
20,0.6666666666666666,30.0,200,4,0.999647,True,0.184511,0.627947,-0.006779,0.177655,0.62112,-0.065784
20,0.6666666666666666,30.0,200,5,0.99975,True,0.185248,0.625919,-0.021239,0.177246,0.619614,-0.081337
20,0.6666666666666666,30.0,200,6,0.999798,True,0.188739,0.612093,-0.000112,0.182623,0.605281,-0.058662
20,0.6666666666666666,30.0,200,7,0.999471,True,0.061708,0.603734,-0.042579,0.025562,0.613257,-0.058432
20,0.6666666666666666,30.0,200,8,0.999516,True,0.193152,0.526858,-0.089864,0.190634,0.523958,-0.146253
20,0.6666666666666666,30.0,200,9,0.998816,True,0.130534,0.585309,0.030597,0.109745,0.583793,-0.026004
20,0.6666666666666666,30.0,200,10,0.999154,True,0.16437,0.546939,-0.007006,0.157115,0.542944,-0.068072
20,0.6666666666666666,30.0,200,11,0.999889,True,-0.095692,0.47151,-0.057156,-0.117855,0.483874,-0.121375
20,0.6666666666666666,30.0,200,12,0.999891,True,0.268854,0.476026,0.028686,0.251073,0.474916,-0.037939
20,0.6666666666666666,30.0,200,13,0.666352,True,-0.359581,0.432437,-0.069214,-0.385396,0.434166,-0.154207
20,0.6666666666666666,30.0,200,14,0.750505,True,0.454477,0.40767,0.047973,0.453393,0.393501,-0.072919
20,0.6666666666666666,30.0,200,15,0.663563,True,-0.571593,0.395427,0.028998,-0.594713,0.37932,-0.100921
20,0.6666666666666666,30.0,200,16,0.779694,True,0.608814,0.450104,0.05332503463316815,0.616072,0.423996,-0.039591
20,0.6666666666666666,30.0,200,17,0.662631,True,-0.630615,0.40214,0.048886,-0.671212,0.380579,-0.089698
20,0.6666666666666666,30.0,200,18,0.782471,True,0.67831,0.456085,0.024617821277950484,0.693951,0.418946,-0.074652
20,0.6666666666666666,30.0,200,19,0.662666,True,-0.624665,0.402085,0.057946,-0.662732,0.384433,-0.081116
20,0.6666666666666666,30.0,200,20,0.781577,True,0.704535,0.496203,0.04301108801521858,0.715606,0.469492,-0.056425
20,0.6666666666666666,30.0,200,21,0.645258,True,-0.572801,0.37667,0.038402,-0.595815,0.360045,-0.094265
20,0.6666666666666666,30.0,200,22,0.757379,True,0.618557,0.474164,0.05695389814187911,0.624081,0.446356,-0.038075
20,0.6666666666666666,30.0,200,23,0.999967,True,-0.06808,-0.007207,-0.025676,-0.070238,-0.008355,-0.051266
20,0.6666666666666666,30.0,200,24,0.999951,True,0.067713,0.012447,0.025827,0.068918,0.013309,0.051902
20,0.6666666666666666,30.0,200,25,0.847219,True,-0.088792,-0.430597,-0.061356,-0.095421,-0.413492,-0.06098
20,0.6666666666666666,30.0,200,26,0.643429,True,0.137423,-0.041551,0.252453,0.193639,0.017206,0.380109
20,0.6666666666666666,30.0,200,27,0.895574,True,-0.028511,-0.79169,-0.054854,-0.013979,-0.762103,-0.013964
20,0.6666666666666666,30.0,200,28,0.709124,True,0.210683,-0.291455,0.52241,0.231227,-0.248923,0.681906
20,0.6666666666666666,30.0,200,29,0.905246,True,-0.044686,-0.823061,-0.042769,-0.024769,-0.78935,0.00185
20,0.6666666666666666,30.0,200,30,0.786958,True,0.22186,-0.30967,0.514073,0.234098,-0.272193,0.674982
20,0.6666666666666666,30.0,200,31,0.907433,True,-0.096245,-0.813645,-0.050749,-0.08271,-0.759005,-0.01835
20,0.6666666666666666,30.0,200,32,0.751941,True,0.23264295715795483,-0.304373,0.578192,0.211969,-0.266708,0.726854
21,0.7,30.0,201,0,0.999528,True,0.05705,0.640583,0.060369,0.001694,0.670174,0.072929
21,0.7,30.0,201,1,0.999427,True,0.058369,0.652195,0.02295,0.006379,0.677567,0.032495
21,0.7,30.0,201,2,0.999417,True,0.058729,0.655668,0.037361,0.005933,0.680519,0.046273
21,0.7,30.0,201,3,0.99949,True,0.059079,0.654644,0.034163,0.007565,0.679929,0.04347
21,0.7,30.0,201,4,0.999681,True,0.093177,0.659367,0.018976,0.04963,0.68673,0.034084
21,0.7,30.0,201,5,0.999774,True,0.093674,0.657571,0.005779,0.050277,0.685074,0.022176
21,0.7,30.0,201,6,0.999817,True,0.097896,0.642702,0.026062,0.054971,0.670027,0.04149
21,0.7,30.0,201,7,0.999524,True,0.010977,0.612335,-0.051475,-0.004455,0.613878,-0.064811
21,0.7,30.0,201,8,0.999563,True,0.146334,0.550374,-0.047534,0.138632,0.565198,-0.021955
21,0.7,30.0,201,9,0.99893,True,0.046903,0.610863,0.041983,0.005513,0.632348,0.050481
21,0.7,30.0,201,10,0.999231,True,0.081222,0.577061,0.019599,0.038595,0.601989,0.03705
21,0.7,30.0,201,11,0.999899,True,-0.11502,0.46821,-0.091507,-0.098036,0.463358,-0.099348
21,0.7,30.0,201,12,0.999846,True,0.227502,0.498385,0.095297,0.22942,0.51171,0.131962
21,0.7,30.0,201,13,0.69926,True,-0.367507,0.419592,-0.12917,-0.309933,0.417222,-0.136378
21,0.7,30.0,201,14,0.717165,True,0.365135,0.45778,0.183349,0.33402,0.49068,0.267357
21,0.7,30.0,201,15,0.696839,True,-0.554809,0.385413,-0.003318,-0.504246,0.376399,-0.034825
21,0.7,30.0,201,16,0.744766,False,0.474792,0.512496,0.2686923604972905,0.397636,0.548966,0.466215
21,0.7,30.0,201,17,0.695841,True,-0.610698,0.398218,0.01566,-0.558964,0.390531,-0.017526
21,0.7,30.0,201,18,0.752469,False,0.532086,0.528259,0.25472854490792296,0.442496,0.573672,0.471798
21,0.7,30.0,201,19,0.695812,True,-0.607299,0.395535,0.026208,-0.563418,0.38424,-0.006253
21,0.7,30.0,201,20,0.749076,False,0.558548,0.565392,0.26822017122223274,0.476283,0.603224,0.472959
21,0.7,30.0,201,21,0.679289,True,-0.555057,0.368814,0.006281,-0.507433,0.359151,-0.025237
21,0.7,30.0,201,22,0.723809,False,0.482742,0.537787,0.253643,0.406405,0.573641,0.462738
21,0.7,30.0,201,23,0.999969,True,-0.052207,-0.007751,-0.054464,-0.04772,-0.008665,-0.053741
21,0.7,30.0,201,24,0.999947,True,0.051781,0.012936,0.054502,0.047439,0.013693,0.053639
21,0.7,30.0,201,25,0.862259,True,-0.080866,-0.425244,-0.107058,-0.082647,-0.418862,-0.114623
21,0.7,30.0,201,26,0.633359,False,-0.017892,-0.030349,0.257959,-0.215653,-0.017873,0.194098
21,0.7,30.0,201,27,0.905604,True,-0.002873,-0.798947,-0.119817,-0.000376,-0.798597,-0.112299
21,0.7,30.0,201,28,0.654905,True,0.019833,-0.281554,0.539719,-0.06214,-0.279946,0.412963
21,0.7,30.0,201,29,0.913118,True,-0.01903,-0.832136,-0.11142,-0.018844,-0.833108,-0.103929
21,0.7,30.0,201,30,0.75414,True,0.025067,-0.299426,0.532363,-0.051785,-0.296125,0.403568
21,0.7,30.0,201,31,0.91596,True,-0.112597,-0.824509,-0.122899,-0.113282,-0.827503,-0.10979
21,0.7,30.0,201,32,0.703324,True,0.001099142560082693,-0.294985,0.610177,-0.085287,-0.298495,0.477879
22,0.7333333333333333,30.0,202,0,0.999572,True,-0.041526,0.655967,0.056448,-0.010134,0.67517,0.050784
22,0.7333333333333333,30.0,202,1,0.999482,True,-0.034731,0.665995,0.019829,-0.007489,0.681852,0.014276
22,0.7333333333333333,30.0,202,2,0.999474,True,-0.035242,0.66912,0.03183,-0.008481,0.684409,0.028197
22,0.7333333333333333,30.0,202,3,0.99954,True,-0.034667,0.668578,0.029222,-0.006977,0.683985,0.02539
22,0.7333333333333333,30.0,202,4,0.999711,True,-0.001008,0.675905,0.028244,0.031563,0.693301,0.013744
22,0.7333333333333333,30.0,202,5,0.999795,True,-0.000567,0.674403,0.016207,0.032647,0.69163,0.001894
22,0.7333333333333333,30.0,202,6,0.999833,True,0.004039,0.658486,0.035717,0.037157,0.676619,0.021228
22,0.7333333333333333,30.0,202,7,0.999571,True,-0.025467,0.616722,-0.064813,-0.013943,0.615465,-0.07774
22,0.7333333333333333,30.0,202,8,0.999605,True,0.081461,0.569886,-0.00864,0.110222,0.575411,-0.036557
22,0.7333333333333333,30.0,202,9,0.999032,True,-0.028249,0.623716,0.03813,-0.003911,0.6377,0.033792
22,0.7333333333333333,30.0,202,10,0.999298,True,-0.001835,0.593186,0.031662,0.026093,0.608696,0.017152
22,0.7333333333333333,30.0,202,11,0.999908,True,-0.097781,0.464482,-0.10148,-0.104415,0.45879,-0.107146
22,0.7333333333333333,30.0,202,12,0.999775,True,0.151542,0.519182,0.148459,0.208734,0.525433,0.131242
22,0.7333333333333333,30.0,202,13,0.728883,True,-0.295536,0.406911,-0.151455,-0.314272,0.414338,-0.156087
22,0.7333333333333333,30.0,202,14,0.690395,True,0.19829,0.494529,0.269971,0.29571,0.524399,0.259351
22,0.7333333333333333,30.0,202,15,0.726776,True,-0.421599,0.371427,0.020357,-0.508552,0.381513,-0.057099
22,0.7333333333333333,30.0,202,16,0.716289,True,0.24501491736419956,0.55276,0.383821,0.339532,0.580226,0.44596
22,0.7333333333333333,30.0,202,17,0.725718,True,-0.471819,0.389137,0.041211,-0.563589,0.398415,-0.040985
22,0.7333333333333333,30.0,202,18,0.727124,True,0.2827845848056783,0.5789,0.379679,0.379662,0.605483,0.449902
22,0.7333333333333333,30.0,202,19,0.725624,True,-0.472814,0.384671,0.049196,-0.565626,0.390311,-0.025697
22,0.7333333333333333,30.0,202,20,0.721627,True,0.30819041625259985,0.612656,0.383087,0.41389,0.632686,0.449292
22,0.7333333333333333,30.0,202,21,0.709909,True,-0.419394,0.356983,0.028628,-0.509669,0.365514,-0.045496
22,0.7333333333333333,30.0,202,22,0.694321,True,0.24961306829412583,0.576595,0.380825,0.349078,0.603161,0.441766
22,0.7333333333333333,30.0,202,23,0.99997,True,-0.02461,-0.009037,-0.066241,-0.035623,-0.008913,-0.059121
22,0.7333333333333333,30.0,202,24,0.999938,True,0.024593,0.01427,0.066717,0.035679,0.0141,0.059083
22,0.7333333333333333,30.0,202,25,0.875888,True,-0.059729,-0.426889,-0.138477,-0.076311,-0.433119,-0.143319
22,0.7333333333333333,30.0,202,26,0.604571,True,-0.167915,-0.041759,0.226792,-0.235138,-0.057904,0.138372
22,0.7333333333333333,30.0,202,27,0.914802,True,0.01695,-0.811744,-0.162228,0.000725,-0.825105,-0.159892
22,0.7333333333333333,30.0,202,28,0.6058,True,-0.177211,-0.29224,0.509607,-0.110537,-0.297312,0.399435
22,0.7333333333333333,30.0,202,29,0.920793,True,-0.000789,-0.847567,-0.156587,-0.018728,-0.863041,-0.153196
22,0.7333333333333333,30.0,202,30,0.72036,True,-0.1798785391510157,-0.310326,0.50126,-0.103317,-0.313565,0.391771
22,0.7333333333333333,30.0,202,31,0.923963,True,-0.115345,-0.853182,-0.176058,-0.129911,-0.880792,-0.160727
22,0.7333333333333333,30.0,202,32,0.661213,True,-0.23246705061676684,-0.302827,0.581391,-0.139063,-0.301643,0.472244
23,0.7666666666666667,30.0,203,0,0.999587,True,-0.130074,0.648413,0.014973,-0.108699,0.625104,0.043267
23,0.7666666666666667,30.0,203,1,0.999517,True,-0.116708,0.660296,-0.018001,-0.096027,0.636065,0.012708
23,0.7666666666666667,30.0,203,2,0.999511,True,-0.117972,0.662939,-0.008768,-0.097657,0.638765,0.023979
23,0.7666666666666667,30.0,203,3,0.999575,True,-0.117459,0.662789,-0.010774,-0.097249,0.638646,0.02188
23,0.7666666666666667,30.0,203,4,0.999723,True,-0.091452,0.671629,0.000657,-0.070489,0.648236,0.023424
23,0.7666666666666667,30.0,203,5,0.999797,True,-0.090793,0.670744,-0.010636,-0.070662,0.646184,0.015145
23,0.7666666666666667,30.0,203,6,0.999835,True,-0.085959,0.65383,0.008414,-0.066922,0.629864,0.031571
23,0.7666666666666667,30.0,203,7,0.999609,True,-0.052284,0.615133,-0.098115,-0.027384,0.598611,-0.062034
23,0.7666666666666667,30.0,203,8,0.999627,True,0.00374,0.578707,0.002624,0.014811,0.559382,0.041485
23,0.7666666666666667,30.0,203,9,0.999099,True,-0.092443,0.620442,0.000925,-0.069492,0.599443,0.032728
23,0.7666666666666667,30.0,203,10,0.99932,True,-0.078882,0.590827,0.00792,-0.061441,0.568507,0.036707
23,0.7666666666666667,30.0,203,11,0.999916,True,-0.052776,0.461992,-0.104719,-0.062365,0.453556,-0.075553
23,0.7666666666666667,30.0,203,12,0.999754,True,0.050356,0.532293,0.162625,0.053453,0.514976,0.211189
23,0.7666666666666667,30.0,203,13,0.674873,True,-0.156969,0.396429,-0.16441,-0.25602,0.393469,-0.00427
23,0.7666666666666667,30.0,203,14,0.621765,True,-0.008604303546169671,0.510193,0.277895,-0.052602,0.474935,0.346262
23,0.7666666666666667,30.0,203,15,0.672266,True,-0.2113136529802864,0.351288,0.033752,-0.211245,0.377611,0.31415
23,0.7666666666666667,30.0,203,16,0.645514,False,-0.06834532796527551,0.565045,0.403974,-0.12207,0.521144,0.496244
23,0.7666666666666667,30.0,203,17,0.67768,True,-0.25991723468965483,0.370646,0.056303,-0.219609,0.404636,0.352055
23,0.7666666666666667,30.0,203,18,0.655918,False,-0.056337367093611854,0.598768,0.403544,-0.09942,0.561138,0.49821
23,0.7666666666666667,30.0,203,19,0.677018,True,-0.26452381489910565,0.365731,0.056798,-0.208838,0.401316,0.355058
23,0.7666666666666667,30.0,203,20,0.650873,False,-0.03327819671582519,0.63227,0.397928,-0.071403,0.589658,0.499962
23,0.7666666666666667,30.0,203,21,0.6574,True,-0.2061783194390132,0.338209,0.037945,-0.194388,0.365555,0.320895
23,0.7666666666666667,30.0,203,22,0.62652,False,-0.06849109816910845,0.584967,0.396515,-0.123466,0.544039,0.490847
23,0.7666666666666667,30.0,203,23,0.999954,True,0.009321,-0.010841,-0.063012,0.012499,-0.009092,-0.058548
23,0.7666666666666667,30.0,203,24,0.999879,True,-0.008689,0.016152,0.064251,-0.011514,0.014413,0.060474
23,0.7666666666666667,30.0,203,25,0.875055,True,-0.029911,-0.433323,-0.150179,-0.025359,-0.432993,-0.154388
23,0.7666666666666667,30.0,203,26,0.546507,True,-0.282406,-0.073772,0.176747,-0.286968,-0.06299,0.197277
23,0.7666666666666667,30.0,203,27,0.913056,True,0.027625,-0.823735,-0.160505,0.023219,-0.829483,-0.213745
23,0.7666666666666667,30.0,203,28,0.547429,True,-0.360981,-0.316443,0.45629,-0.324119,-0.304197,0.506737
23,0.7666666666666667,30.0,203,29,0.89799,True,0.007498,-0.862158,-0.154583,0.000465,-0.868766,-0.218474
23,0.7666666666666667,30.0,203,30,0.654515,True,-0.373489,-0.334814,0.446315,-0.335635,-0.321819,0.495605
23,0.7666666666666667,30.0,203,31,0.920951,True,-0.102932,-0.886245,-0.187808,-0.120414,-0.89886,-0.264187
23,0.7666666666666667,30.0,203,32,0.599434,True,-0.44106822919574423,-0.321298,0.51092,-0.415349,-0.316549,0.576369
24,0.8,30.0,204,0,0.999622,True,-0.202674,0.619322,-0.069568,-0.214463,0.612451,-0.013257
24,0.8,30.0,204,1,0.999556,True,-0.183158,0.63525,-0.097184,-0.192413,0.627247,-0.040488
24,0.8,30.0,204,2,0.99955,True,-0.184865,0.637252,-0.090303,-0.192801,0.62972,-0.0386
24,0.8,30.0,204,3,0.999609,True,-0.184694,0.637362,-0.091891,-0.193564,0.629893,-0.039212
24,0.8,30.0,204,4,0.999743,True,-0.170759,0.645881,-0.073378,-0.184416,0.638109,0.005521
24,0.8,30.0,204,5,0.999811,True,-0.169614,0.645912,-0.084331,-0.183005,0.637085,-0.009706
24,0.8,30.0,204,6,0.999846,True,-0.164504,0.62831,-0.065379,-0.17822,0.61978,0.013092
24,0.8,30.0,204,7,0.999644,True,-0.075001,0.605273,-0.159372,-0.07209,0.608856,-0.123084
24,0.8,30.0,204,8,0.99966,True,-0.075545,0.570993,-0.029591,-0.088655,0.56631,0.004423
24,0.8,30.0,204,9,0.999185,True,-0.144426,0.601403,-0.077027,-0.15028,0.591624,-0.028321
24,0.8,30.0,204,10,0.999381,True,-0.144244,0.570037,-0.062193,-0.154103,0.56109,0.000852
24,0.8,30.0,204,11,0.999923,True,0.00553,0.460473,-0.119336,0.010772,0.460073,-0.104834
24,0.8,30.0,204,12,0.999769,True,-0.055532,0.533403,0.126382,-0.080762,0.538974,0.15731
24,0.8,30.0,204,13,0.694839,True,0.016532,0.389546,-0.188357,0.045939,0.369984,-0.283865
24,0.8,30.0,204,14,0.598302,True,-0.2264947643002424,0.501657,0.205035,-0.226937,0.485417,0.257706
24,0.8,30.0,204,15,0.700227,False,0.055287837337211626,0.326202,-0.010336,0.062198,0.306616,-0.376286
24,0.8,30.0,204,16,0.672661,True,-0.3879396319768504,0.548255,0.30669,-0.430257,0.54496,0.344438
24,0.8,30.0,204,17,0.706174,False,0.013685586568040364,0.342873,0.011105,0.079721,0.319634,-0.383713
24,0.8,30.0,204,18,0.679521,True,-0.4018551113957412,0.584486,0.303468,-0.444574,0.57636,0.342818
24,0.8,30.0,204,19,0.705723,False,0.0062947116730767555,0.33858,0.000764,0.055932,0.316624,-0.38777
24,0.8,30.0,204,20,0.675452,True,-0.3815569178105502,0.62145,0.288459,-0.435884,0.610141,0.323467
24,0.8,30.0,204,21,0.685706,False,0.06357263345011965,0.312825,-0.013413,0.062275,0.294538,-0.385439
24,0.8,30.0,204,22,0.652203,True,-0.39299379877940566,0.562762,0.294081,-0.441219,0.562527,0.331613
24,0.8,30.0,204,23,0.999941,True,0.042842,-0.012923,-0.04958,0.047996,-0.013467,-0.050906
24,0.8,30.0,204,24,0.999867,True,-0.041584,0.018249,0.051638,-0.046725,0.01929,0.052526
24,0.8,30.0,204,25,0.878743,True,0.001316,-0.440394,-0.142934,0.022711,-0.444916,-0.133672
24,0.8,30.0,204,26,0.517798,True,-0.342948,-0.115608,0.118885,-0.351688,-0.11402,0.15546
24,0.8,30.0,204,27,0.914002,True,0.026052,-0.830223,-0.110969,0.052009,-0.833888,-0.183536
24,0.8,30.0,204,28,0.509787,True,-0.510641,-0.342043,0.390442,-0.568578,-0.366127,0.411589
24,0.8,30.0,204,29,0.888822,True,0.00325,-0.870464,-0.101379,0.033137,-0.87244,-0.175219
24,0.8,30.0,204,30,0.612566,True,-0.533276,-0.359935,0.37915,-0.595687,-0.383263,0.396545
24,0.8,30.0,204,31,0.921531,True,-0.080746,-0.910704,-0.152735,-0.063262,-0.901038,-0.205531
24,0.8,30.0,204,32,0.568465,True,-0.597717,-0.341001,0.411382,-0.668387,-0.36414,0.465885
25,0.8333333333333334,30.0,205,0,0.999642,True,-0.252303,0.57469,-0.183061,-0.25645,0.578018,-0.228711
25,0.8333333333333334,30.0,205,1,0.999549,True,-0.229481,0.594805,-0.204289,-0.23659,0.603955,-0.245743
25,0.8333333333333334,30.0,205,2,0.999549,True,-0.231237,0.596003,-0.198717,-0.238185,0.605267,-0.24012
25,0.8333333333333334,30.0,205,3,0.999606,True,-0.231498,0.596267,-0.200141,-0.238591,0.605371,-0.241697
25,0.8333333333333334,30.0,205,4,0.999719,True,-0.229743,0.602696,-0.182052,-0.243305,0.609884,-0.229446
25,0.8333333333333334,30.0,205,5,0.999797,True,-0.22796,0.603583,-0.192843,-0.24141,0.611967,-0.239373
25,0.8333333333333334,30.0,205,6,0.999824,True,-0.222508,0.585973,-0.173733,-0.235838,0.593536,-0.220964
25,0.8333333333333334,30.0,205,7,0.999668,True,-0.094693,0.58587,-0.238828,-0.104825,0.596895,-0.247948
25,0.8333333333333334,30.0,205,8,0.999659,True,-0.142591,0.543982,-0.100319,-0.171227,0.556028,-0.103053
25,0.8333333333333334,30.0,205,9,0.999249,True,-0.180253,0.569495,-0.182358,-0.18324,0.578543,-0.214917
25,0.8333333333333334,30.0,205,10,0.999402,True,-0.191181,0.534218,-0.16716,-0.199965,0.541464,-0.203037
25,0.8333333333333334,30.0,205,11,0.999928,True,0.062108,0.458719,-0.149187,0.085953,0.472374,-0.125269
25,0.8333333333333334,30.0,205,12,0.999773,True,-0.142005,0.52065,0.051156,-0.175378,0.522444,0.028583
25,0.8333333333333334,30.0,205,13,0.724589,True,0.184226,0.387739,-0.2206,0.282742,0.40599,-0.19913
25,0.8333333333333334,30.0,205,14,0.637822,True,-0.382204,0.467478,0.080936,-0.435427,0.462756,-0.00161
25,0.8333333333333334,30.0,205,15,0.729327,True,0.31076640898610364,0.303716,-0.105243,0.438768,0.312077,-0.210554
25,0.8333333333333334,30.0,205,16,0.704756,False,-0.6364188906589503,0.503052,0.128453,-0.696347,0.497886,-0.105716
25,0.8333333333333334,30.0,205,17,0.733733,False,0.28832712517056297,0.314236,-0.088373,0.481753,0.322425,-0.201772
25,0.8333333333333334,30.0,205,18,0.709883,False,-0.6703439037985804,0.536415,0.117859,-0.730438,0.529349,-0.134795
25,0.8333333333333334,30.0,205,19,0.733536,False,0.27923124569481206,0.31079,-0.109532,0.477147,0.319653,-0.22862
25,0.8333333333333334,30.0,205,20,0.706413,False,-0.6523448259368501,0.578434,0.094057,-0.708175,0.583446,-0.161098
25,0.8333333333333334,30.0,205,21,0.715512,True,0.3219417696141927,0.288026,-0.118099,0.452291,0.295712,-0.227763
25,0.8333333333333334,30.0,205,22,0.685601,False,-0.6453183329264685,0.512307,0.110867,-0.703028,0.504351,-0.124725
25,0.8333333333333334,30.0,205,23,0.999944,True,0.069511,-0.014966,-0.030288,0.073708,-0.015654,-0.024716
25,0.8333333333333334,30.0,205,24,0.999876,True,-0.067811,0.02019,0.033022,-0.071874,0.020778,0.027944
25,0.8333333333333334,30.0,205,25,0.890749,True,0.026338,-0.444728,-0.122087,0.020437,-0.445992,-0.1239
25,0.8333333333333334,30.0,205,26,0.565826,True,-0.344769,-0.154416,0.055195,-0.292637,-0.177621,0.029823
25,0.8333333333333334,30.0,205,27,0.922531,True,0.009422,-0.831836,-0.033121,-0.007012,-0.835202,0.040436
25,0.8333333333333334,30.0,205,28,0.558368,True,-0.604825,-0.3584,0.310016,-0.615905,-0.362467,0.288536
25,0.8333333333333334,30.0,205,29,0.899269,True,-0.016312,-0.872702,-0.018286,-0.034467,-0.875489,0.062375
25,0.8333333333333334,30.0,205,30,0.648989,True,-0.635612,-0.374217,0.297915,-0.654568,-0.380361,0.277815
25,0.8333333333333334,30.0,205,31,0.929242,True,-0.060438,-0.921314,-0.087614,-0.061285,-0.927212,-0.020737
25,0.8333333333333334,30.0,205,32,0.611098,True,-0.694168,-0.355624,0.291604,-0.697847,-0.363564,0.246816
26,0.8666666666666667,30.0,206,0,0.999659,True,-0.270554,0.523213,-0.292682,-0.277176,0.553235,-0.268482
26,0.8666666666666667,30.0,206,1,0.999547,True,-0.249499,0.54623,-0.306808,-0.251568,0.581961,-0.287581
26,0.8666666666666667,30.0,206,2,0.999551,True,-0.250875,0.546567,-0.301368,-0.253936,0.582806,-0.280711
26,0.8666666666666667,30.0,206,3,0.999607,True,-0.251455,0.546931,-0.302819,-0.254123,0.582928,-0.282479
26,0.8666666666666667,30.0,206,4,0.999699,True,-0.258535,0.550186,-0.2922,-0.259944,0.5882,-0.272154
26,0.8666666666666667,30.0,206,5,0.999783,True,-0.256174,0.55144,-0.302795,-0.258208,0.59107,-0.281888
26,0.8666666666666667,30.0,206,6,0.999806,True,-0.250472,0.534657,-0.283425,-0.251772,0.572022,-0.264035
26,0.8666666666666667,30.0,206,7,0.999688,True,-0.10733,0.559441,-0.307647,-0.113022,0.591257,-0.291745
26,0.8666666666666667,30.0,206,8,0.999657,True,-0.185664,0.501118,-0.181301,-0.181641,0.550483,-0.14431
26,0.8666666666666667,30.0,206,9,0.999308,True,-0.192928,0.529699,-0.280962,-0.202644,0.557975,-0.256163
26,0.8666666666666667,30.0,206,10,0.999423,True,-0.212184,0.48952,-0.272546,-0.218989,0.520983,-0.244179
26,0.8666666666666667,30.0,206,11,0.999932,True,0.104679,0.456914,-0.177486,0.091621,0.471699,-0.159565
26,0.8666666666666667,30.0,206,12,0.999778,True,-0.191238,0.495483,-0.031959,-0.196635,0.51464,-0.009643
26,0.8666666666666667,30.0,206,13,0.75074,True,0.309212,0.393795,-0.237128,0.285647,0.413544,-0.23068
26,0.8666666666666667,30.0,206,14,0.672245,True,-0.45676,0.408163,-0.046725,-0.449332,0.458726,-0.032299
26,0.8666666666666667,30.0,206,15,0.754859,True,0.487683,0.296631,-0.195509,0.434773,0.312442,-0.265921
26,0.8666666666666667,30.0,206,16,0.733487,True,-0.736434,0.432215,-0.064909,-0.716256,0.483767,-0.120433
26,0.8666666666666667,30.0,206,17,0.757368,True,0.5033450425153903,0.300486,-0.18505,0.476111,0.323407,-0.25912
26,0.8666666666666667,30.0,206,18,0.736796,True,-0.778379,0.459055,-0.08204838849251231,-0.75098,0.520883,-0.146482
26,0.8666666666666667,30.0,206,19,0.757532,True,0.4938754531443649,0.297183,-0.213606,0.469932,0.318346,-0.287506
26,0.8666666666666667,30.0,206,20,0.733927,True,-0.761341,0.505061,-0.11275449194273224,-0.730542,0.573196,-0.173078
26,0.8666666666666667,30.0,206,21,0.741066,True,0.501012,0.277376,-0.218678,0.447414,0.297602,-0.284702
26,0.8666666666666667,30.0,206,22,0.715261,True,-0.746888,0.438197,-0.085587,-0.723595,0.486801,-0.139421
26,0.8666666666666667,30.0,206,23,0.999942,True,0.084319,-0.016603,-0.008097,0.081774,-0.016605,-0.020816
26,0.8666666666666667,30.0,206,24,0.999877,True,-0.082384,0.021635,0.011278,-0.079932,0.021378,0.024174
26,0.8666666666666667,30.0,206,25,0.901152,True,0.038824,-0.445378,-0.095228,0.029255,-0.445176,-0.111835
26,0.8666666666666667,30.0,206,26,0.606766,True,-0.291806,-0.181693,-0.013086,-0.298826,-0.183768,0.036393
26,0.8666666666666667,30.0,206,27,0.929903,True,-0.024063,-0.833912,0.039003,-0.019582,-0.833043,0.048239
26,0.8666666666666667,30.0,206,28,0.596659,True,-0.625053,-0.361266,0.215933,-0.597733,-0.360369,0.325729
26,0.8666666666666667,30.0,206,29,0.906536,True,-0.053201,-0.87422,0.057778,-0.048123,-0.873788,0.068253
26,0.8666666666666667,30.0,206,30,0.669101,True,-0.661318,-0.373361,0.20326,-0.632569,-0.378666,0.320549
26,0.8666666666666667,30.0,206,31,0.935723,True,-0.056321,-0.921838,-0.023193,-0.061201,-0.931341,-0.013512
26,0.8666666666666667,30.0,206,32,0.644606,True,-0.711317,-0.364565,0.168199,-0.67552,-0.360557,0.265435
27,0.9,30.0,207,0,0.999686,True,-0.250341,0.475038,-0.358262,-0.241478,0.457219,-0.380275
27,0.9,30.0,207,1,0.999563,True,-0.236815,0.499546,-0.365393,-0.228264,0.476017,-0.391932
27,0.9,30.0,207,2,0.999571,True,-0.237436,0.499175,-0.359251,-0.229286,0.474968,-0.385061
27,0.9,30.0,207,3,0.999625,True,-0.238118,0.499616,-0.360817,-0.229773,0.47561,-0.387184
27,0.9,30.0,207,4,0.999705,True,-0.249157,0.499607,-0.361819,-0.237126,0.476361,-0.393881
27,0.9,30.0,207,5,0.99979,True,-0.246514,0.500581,-0.37213,-0.234058,0.477251,-0.404264
27,0.9,30.0,207,6,0.999806,True,-0.240799,0.485168,-0.352561,-0.227944,0.46255,-0.384452
27,0.9,30.0,207,7,0.999713,True,-0.106906,0.532938,-0.329345,-0.108017,0.507886,-0.358652
27,0.9,30.0,207,8,0.999665,True,-0.197203,0.453057,-0.232852,-0.176612,0.423309,-0.28673
27,0.9,30.0,207,9,0.999367,True,-0.17588,0.489263,-0.330452,-0.17167,0.471586,-0.353684
27,0.9,30.0,207,10,0.999457,True,-0.200888,0.444748,-0.333689,-0.185917,0.427787,-0.364242
27,0.9,30.0,207,11,0.999938,True,0.125405,0.45722,-0.175383,0.111551,0.444035,-0.191996
27,0.9,30.0,207,12,0.999792,True,-0.196865,0.463297,-0.086786,-0.173155,0.452768,-0.13456
27,0.9,30.0,207,13,0.775425,True,0.369124,0.411006,-0.208229,0.334181,0.404248,-0.208445
27,0.9,30.0,207,14,0.704883,True,-0.432035,0.330771,-0.134639,-0.408071,0.322116,-0.189043
27,0.9,30.0,207,15,0.779033,True,0.574335,0.316566,-0.214134,0.537127,0.29926,-0.179265
27,0.9,30.0,207,16,0.759893,True,-0.711175,0.344007,-0.209338,-0.676149,0.327707,-0.296564
27,0.9,30.0,207,17,0.780681,True,0.598077,0.317191,-0.208846,0.586013,0.296545,-0.163822
27,0.9,30.0,207,18,0.76241,True,-0.749795,0.363672,-0.238359,-0.716838,0.345401,-0.326335
27,0.9,30.0,207,19,0.780994,True,0.589817,0.31281,-0.239508,0.582957,0.292159,-0.195237
27,0.9,30.0,207,20,0.75992,True,-0.732564,0.41124,-0.269277,-0.699721,0.385148,-0.354065
27,0.9,30.0,207,21,0.766201,True,0.588929,0.294399,-0.245058,0.5535,0.27642,-0.196775
27,0.9,30.0,207,22,0.743117,True,-0.721298,0.349734,-0.229122,-0.686061,0.333099,-0.316718
27,0.9,30.0,207,23,0.999946,True,0.084214,-0.017537,0.01465,0.076402,-0.017502,0.018955
27,0.9,30.0,207,24,0.999885,True,-0.082194,0.022356,-0.011227,-0.074613,0.022267,-0.015833
27,0.9,30.0,207,25,0.910776,True,0.034765,-0.443491,-0.069606,0.020796,-0.445654,-0.05014
27,0.9,30.0,207,26,0.646036,True,-0.193266,-0.196298,-0.077948,-0.222948,-0.191734,-0.082987
27,0.9,30.0,207,27,0.936818,True,-0.073197,-0.841279,0.075308,-0.089733,-0.833413,0.104493
27,0.9,30.0,207,28,0.636898,True,-0.560709,-0.354614,0.122536,-0.56769,-0.345984,0.085801
27,0.9,30.0,207,29,0.915488,True,-0.106182,-0.880529,0.094596,-0.12309,-0.874219,0.124108
27,0.9,30.0,207,30,0.701668,True,-0.601441,-0.362562,0.109141,-0.614264,-0.350497,0.067486
27,0.9,30.0,207,31,0.942027,True,-0.078733,-0.920414,0.013507,-0.085795,-0.919421,0.039915
27,0.9,30.0,207,32,0.680055,True,-0.641604,-0.371587,0.067339,-0.664427,-0.339673,0.018254
28,0.9333333333333333,30.0,208,0,0.999711,True,-0.190321,0.439992,-0.350951,-0.185258,0.426327,-0.355697
28,0.9333333333333333,30.0,208,1,0.999578,True,-0.188205,0.465122,-0.353076,-0.176953,0.445254,-0.358954
28,0.9333333333333333,30.0,208,2,0.999589,True,-0.187899,0.464396,-0.345924,-0.176962,0.443807,-0.3521
28,0.9333333333333333,30.0,208,3,0.999643,True,-0.188462,0.464914,-0.347655,-0.177387,0.444686,-0.353858
28,0.9333333333333333,30.0,208,4,0.999717,True,-0.198638,0.462567,-0.360625,-0.186005,0.440804,-0.368139
28,0.9333333333333333,30.0,208,5,0.999799,True,-0.196139,0.462872,-0.370643,-0.182933,0.440363,-0.378316
28,0.9333333333333333,30.0,208,6,0.999811,True,-0.190635,0.448738,-0.351093,-0.177255,0.42762,-0.358591
28,0.9333333333333333,30.0,208,7,0.999733,True,-0.088847,0.514192,-0.281258,-0.079396,0.490976,-0.30448
28,0.9333333333333333,30.0,208,8,0.999669,True,-0.173558,0.413851,-0.226603,-0.156479,0.384154,-0.261876
28,0.9333333333333333,30.0,208,9,0.999415,True,-0.127693,0.45672,-0.302063,-0.126404,0.445647,-0.318968
28,0.9333333333333333,30.0,208,10,0.999482,True,-0.155072,0.409927,-0.318651,-0.141149,0.396031,-0.338323
28,0.9333333333333333,30.0,208,11,0.999943,True,0.122789,0.461056,-0.123526,0.133716,0.44183,-0.188844
28,0.9333333333333333,30.0,208,12,0.999806,True,-0.162737,0.432618,-0.091198,-0.140551,0.428643,-0.113508
28,0.9333333333333333,30.0,208,13,0.797588,True,0.361613,0.438724,-0.119775,0.363181,0.405027,-0.152562
28,0.9333333333333333,30.0,208,14,0.734239,True,-0.318204,0.253157,-0.162205,-0.318927,0.269379,-0.148605
28,0.9333333333333333,30.0,208,15,0.800793,True,0.567991,0.364412,-0.126613,0.586004,0.326837,-0.143642
28,0.9333333333333333,30.0,208,16,0.783704,True,-0.552099,0.254846,-0.270504,-0.55321,0.255282,-0.22137
28,0.9333333333333333,30.0,208,17,0.801807,True,0.607093,0.368035,-0.122128,0.637608,0.323649,-0.133088
28,0.9333333333333333,30.0,208,18,0.785665,True,-0.573816,0.269655,-0.307541,-0.588577,0.261257,-0.249889
28,0.9333333333333333,30.0,208,19,0.802252,True,0.600184,0.361545,-0.149991,0.635425,0.320719,-0.157251
28,0.9333333333333333,30.0,208,20,0.783483,True,-0.55606,0.316459,-0.331534,-0.576847,0.300075,-0.277015
28,0.9333333333333333,30.0,208,21,0.789021,True,0.583543,0.342049,-0.159686,0.602704,0.301857,-0.189404
28,0.9333333333333333,30.0,208,22,0.768366,True,-0.559606,0.262951,-0.284281,-0.56427,0.262067,-0.240139
28,0.9333333333333333,30.0,208,23,0.99995,True,0.069041,-0.017588,0.035366,0.070621,-0.017621,0.042784
28,0.9333333333333333,30.0,208,24,0.999894,True,-0.067008,0.022244,-0.031879,-0.068508,0.022434,-0.039574
28,0.9333333333333333,30.0,208,25,0.919474,True,0.015052,-0.440233,-0.049732,0.035889,-0.438393,-0.039127
28,0.9333333333333333,30.0,208,26,0.681408,True,-0.065938,-0.203961,-0.126217,-0.101945,-0.195979,-0.174345
28,0.9333333333333333,30.0,208,27,0.943071,True,-0.129746,-0.850923,0.0668,-0.102091,-0.829324,0.074165
28,0.9333333333333333,30.0,208,28,0.673129,True,-0.414916,-0.35036,0.051338,-0.419365,-0.359216,-0.056373
28,0.9333333333333333,30.0,208,29,0.923716,True,-0.166331,-0.890313,0.083154,-0.137252,-0.87219,0.091224
28,0.9333333333333333,30.0,208,30,0.73102,True,-0.461361,-0.35586,0.036616,-0.453971,-0.362162,-0.077193
28,0.9333333333333333,30.0,208,31,0.94773,True,-0.124849,-0.921369,0.015406,-0.089358,-0.901921,0.021078
28,0.9333333333333333,30.0,208,32,0.711969,True,-0.489884,-0.382926,0.010821,-0.481334,-0.389695,-0.119434
29,0.9666666666666667,30.0,209,0,0.999739,True,-0.098737,0.424748,-0.271825,-0.143975,0.415554,-0.344893
29,0.9666666666666667,30.0,209,1,0.999619,True,-0.107489,0.449629,-0.272828,-0.154133,0.442878,-0.345367
29,0.9666666666666667,30.0,209,2,0.999629,True,-0.106394,0.448965,-0.264763,-0.151587,0.442607,-0.337808
29,0.9666666666666667,30.0,209,3,0.999678,True,-0.106696,0.449586,-0.266722,-0.152738,0.442905,-0.33907
29,0.9666666666666667,30.0,209,4,0.999745,True,-0.112215,0.44662,-0.288952,-0.157113,0.43814,-0.354633
29,0.9666666666666667,30.0,209,5,0.999819,True,-0.110196,0.446336,-0.298798,-0.154637,0.437086,-0.365382
29,0.9666666666666667,30.0,209,6,0.999829,True,-0.104982,0.43282,-0.279558,-0.150933,0.424834,-0.345116
29,0.9666666666666667,30.0,209,7,0.99976,True,-0.051707,0.506496,-0.174443,-0.061896,0.495951,-0.274863
29,0.9666666666666667,30.0,209,8,0.999699,True,-0.115759,0.393859,-0.166307,-0.137566,0.385076,-0.239071
29,0.9666666666666667,30.0,209,9,0.999472,True,-0.055101,0.43905,-0.201929,-0.082799,0.434168,-0.299263
29,0.9666666666666667,30.0,209,10,0.999529,True,-0.079988,0.39289,-0.230486,-0.131947,0.382207,-0.318947
29,0.9666666666666667,30.0,209,11,0.999948,True,0.104049,0.465594,-0.033041,0.136124,0.446095,-0.132155
29,0.9666666666666667,30.0,209,12,0.999814,True,-0.099667,0.412431,-0.050182,-0.123129,0.406566,-0.09015
29,0.9666666666666667,30.0,209,13,0.817516,True,0.305052,0.467412,0.010459,0.363134,0.429887,-0.101026
29,0.9666666666666667,30.0,209,14,0.757905,True,-0.151029,0.201216,-0.136971,-0.243219,0.186303,-0.15073
29,0.9666666666666667,30.0,209,15,0.820513,True,0.494597,0.423963,0.043577,0.573052,0.386729,-0.099147
29,0.9666666666666667,30.0,209,16,0.800099,True,-0.31783776653933493,0.187476,-0.252829,-0.447163,0.16562,-0.259618
29,0.9666666666666667,30.0,209,17,0.82115,True,0.535399,0.436064,0.053074,0.61895,0.390306,-0.111561
29,0.9666666666666667,30.0,209,18,0.799238,True,-0.31429026759285533,0.201361,-0.295955,-0.448846,0.171672,-0.300813
29,0.9666666666666667,30.0,209,19,0.821642,True,0.530141,0.427338,0.03051,0.609921,0.382756,-0.14234
29,0.9666666666666667,30.0,209,20,0.798469,True,-0.2963951344291178,0.245744,-0.306148,-0.425452,0.219907,-0.323893
29,0.9666666666666667,30.0,209,21,0.809741,True,0.511304,0.404532,0.014968,0.58898,0.36268,-0.146933
29,0.9666666666666667,30.0,209,22,0.784583,True,-0.3211395827542818,0.199024,-0.256699,-0.451894,0.177444,-0.276031
29,0.9666666666666667,30.0,209,23,0.999953,True,0.043282,-0.016629,0.050987,0.064277,-0.016379,0.043697
29,0.9666666666666667,30.0,209,24,0.999896,True,-0.041233,0.021206,-0.047645,-0.062517,0.021087,-0.040883
29,0.9666666666666667,30.0,209,25,0.925953,True,-0.010751,-0.434401,-0.036321,0.034616,-0.419513,-0.042794
29,0.9666666666666667,30.0,209,26,0.71262,True,0.062682,-0.214164,-0.147226,0.077112,-0.235264,-0.15262
29,0.9666666666666667,30.0,209,27,0.948309,True,-0.174305,-0.847794,0.030497,-0.137053,-0.826218,0.035591
29,0.9666666666666667,30.0,209,28,0.701436,True,-0.21475919040246194,-0.365937,0.016327,-0.253016,-0.398418,0.029671
29,0.9666666666666667,30.0,209,29,0.930297,True,-0.212765,-0.890813,0.042591,-0.172837,-0.871313,0.049254
29,0.9666666666666667,30.0,209,30,0.748941,True,-0.263901,-0.372587,-0.000843,-0.296717,-0.403523,0.015728
29,0.9666666666666667,30.0,209,31,0.952422,True,-0.171311,-0.917598,-0.000848,-0.116939,-0.879764,0.008921
29,0.9666666666666667,30.0,209,32,0.737874,True,-0.29079036055050916,-0.407261,0.000591,-0.304979,-0.45987,0.029614
30,1.0,30.0,210,0,0.999765,True,0.006718,0.43035,-0.157866,-0.017249,0.444912,-0.234359
30,1.0,30.0,210,1,0.999657,True,-0.007175,0.453161,-0.161118,-0.029031,0.466188,-0.214566
30,1.0,30.0,210,2,0.999666,True,-0.005685,0.452878,-0.152412,-0.027042,0.466515,-0.206002
30,1.0,30.0,210,3,0.99971,True,-0.00573,0.45365,-0.154619,-0.027664,0.467212,-0.207479
30,1.0,30.0,210,4,0.99977,True,-0.004533,0.452046,-0.181928,-0.045383,0.468361,-0.239204
30,1.0,30.0,210,5,0.999837,True,-0.003046,0.451585,-0.191852,-0.044346,0.467597,-0.248098
30,1.0,30.0,210,6,0.999846,True,0.001924,0.437898,-0.17307,-0.039357,0.453891,-0.228745
30,1.0,30.0,210,7,0.999784,True,0.002278,0.50638,-0.055161,0.002656,0.526948,-0.085311
30,1.0,30.0,210,8,0.999727,True,-0.031941,0.394501,-0.089581,-0.115956,0.410125,-0.111959
30,1.0,30.0,210,9,0.999524,True,0.028008,0.438646,-0.075055,0.017673,0.44331,-0.161877
30,1.0,30.0,210,10,0.999573,True,0.010633,0.395857,-0.111804,-0.020533,0.407471,-0.196669
30,1.0,30.0,210,11,0.999953,True,0.084284,0.464051,0.052975,0.119032,0.499307,0.084846
30,1.0,30.0,210,12,0.999792,True,-0.022833,0.408565,0.00684,-0.099889,0.414472,0.007139
30,1.0,30.0,210,13,0.828457,True,0.233217,0.480351,0.133411,0.310192,0.514771,0.131004
30,1.0,30.0,210,14,0.772379,True,0.014914,0.196871,-0.086017,-0.03077,0.168844,-0.095788
30,1.0,30.0,210,15,0.837808,True,0.400527,0.466626,0.222523,0.484775,0.504703,0.189467
30,1.0,30.0,210,16,0.814012,False,-0.054698001812591907,0.163132,-0.187845,-0.04446,0.204088,-0.207153
30,1.0,30.0,210,17,0.837997,True,0.432869,0.487389,0.24131,0.516161,0.525825,0.202495
30,1.0,30.0,210,18,0.812401,False,-0.023570335698410688,0.179607,-0.233932,-0.028476,0.237143,-0.258733
30,1.0,30.0,210,19,0.838513,True,0.430602,0.477555,0.223235,0.506386,0.510521,0.184098
30,1.0,30.0,210,20,0.812141,False,-0.006070350707265776,0.220565,-0.229763,-0.022628,0.289662,-0.271093
30,1.0,30.0,210,21,0.827673,True,0.418829,0.450501,0.202712,0.498281,0.481051,0.177253
30,1.0,30.0,210,22,0.797519,False,-0.053331469949020854,0.177462,-0.181514,-0.049623,0.225857,-0.187529
30,1.0,30.0,210,23,0.999954,True,0.016348,-0.014536,0.058236,0.04364,-0.013325,0.057209
30,1.0,30.0,210,24,0.999883,True,-0.014196,0.019108,-0.055317,-0.039929,0.017639,-0.053473
30,1.0,30.0,210,25,0.931318,True,-0.025215,-0.422401,-0.027562,-0.011692,-0.41045,-0.03326
30,1.0,30.0,210,26,0.739966,True,0.159249,-0.234869,-0.138328,0.163799,-0.221636,-0.12169
30,1.0,30.0,210,27,0.953064,True,-0.178771,-0.810555,-0.001932,-0.164515,-0.805522,0.017754
30,1.0,30.0,210,28,0.727218,True,0.010186993794579921,-0.417036,0.016185,-0.085152,-0.39094,0.055135
30,1.0,30.0,210,29,0.936487,True,-0.215531,-0.861629,0.00756,-0.203296,-0.849875,0.027424
30,1.0,30.0,210,30,0.766749,True,-0.05124303329516648,-0.428937,-0.004789,-0.119189,-0.400744,0.041186
30,1.0,30.0,210,31,0.956585,True,-0.178712,-0.89066,-0.007146,-0.156878,-0.872135,0.002395
30,1.0,30.0,210,32,0.760536,True,-0.060508713097878225,-0.454473,0.018414,-0.140421,-0.447444,0.086046
31,1.0333333333333334,30.0,211,0,0.998301,False,0.105218,0.452052,-0.064045,0.185555,0.454779,0.207864
31,1.0333333333333334,30.0,211,1,0.9981,False,0.094681,0.470086,-0.068815,0.157369,0.479949,0.200805
31,1.0333333333333334,30.0,211,2,0.997629,False,0.096093,0.470306,-0.059689,0.157518,0.47979,0.211509
31,1.0333333333333334,30.0,211,3,0.998384,False,0.096196,0.471271,-0.062026,0.158999,0.480638,0.205752
31,1.0333333333333334,30.0,211,4,0.999135,False,0.104177,0.472453,-0.090412,0.181275,0.479944,0.170821
31,1.0333333333333334,30.0,211,5,0.999332,False,0.105396,0.472209,-0.100747,0.181305,0.480492,0.161554
31,1.0333333333333334,30.0,211,6,0.999563,False,0.11017,0.457898,-0.082231,0.187561,0.46368,0.177523
31,1.0333333333333334,30.0,211,7,0.998405,True,0.066738,0.507195,0.020426,0.064534,0.520974,0.197273
31,1.0333333333333334,30.0,211,8,0.998526,True,0.062865,0.40884,-0.04363,0.128755,0.420789,0.113149
31,1.0333333333333334,30.0,211,9,0.996191,True,0.105965,0.452516,0.018913,0.157844,0.455459,0.220781
31,1.0333333333333334,30.0,211,10,0.997179,True,0.098935,0.414609,-0.02109,0.174836,0.418824,0.169707
31,1.0333333333333334,30.0,211,11,0.999937,True,0.07849,0.451294,0.08484,0.009602,0.461004,0.244334
31,1.0333333333333334,30.0,211,12,0.9998,True,0.052544,0.420633,0.045608,0.124062,0.418545,0.132602
31,1.0333333333333334,30.0,211,13,0.751274,True,0.179555,0.465408,0.19237,0.074194,0.503834,0.356454
31,1.0333333333333334,30.0,211,14,0.788188,True,0.128466,0.242693,-0.03816,0.256213,0.223997,-0.005393
31,1.0333333333333334,30.0,211,15,0.764393,True,0.330097,0.469308,0.325109,0.204519,0.510793,0.540375
31,1.0333333333333334,30.0,211,16,0.816593,False,0.120904,0.189383,-0.111175,0.402563,0.154916,-0.081818
31,1.0333333333333334,30.0,211,17,0.766119,True,0.352464,0.491154,0.353281,0.209104,0.535634,0.580802
31,1.0333333333333334,30.0,211,18,0.812335,False,0.166042,0.209699,-0.155818,0.470644,0.171877,-0.12946
31,1.0333333333333334,30.0,211,19,0.766324,True,0.354938,0.482296,0.336562,0.211766,0.527281,0.574949
31,1.0333333333333334,30.0,211,20,0.809925,False,0.182114,0.246998,-0.146854,0.486382,0.201618,-0.104703
31,1.0333333333333334,30.0,211,21,0.755107,True,0.35001,0.451529,0.314032,0.226145,0.49425,0.54141
31,1.0333333333333334,30.0,211,22,0.784732,False,0.124392,0.204971,-0.098587,0.412026,0.166302,-0.063804
31,1.0333333333333334,30.0,211,23,0.999955,True,-0.001546,-0.0113,0.054301,-0.047043,-0.012956,0.056285
31,1.0333333333333334,30.0,211,24,0.99989,True,0.003918,0.01589,-0.052079,0.048231,0.017176,-0.053003
31,1.0333333333333334,30.0,211,25,0.935548,True,-0.013278,-0.402179,-0.022198,-0.092948,-0.433207,-0.035919
31,1.0333333333333334,30.0,211,26,0.74343,True,0.199167,-0.266565,-0.103761,0.253602,-0.243978,-0.099022
31,1.0333333333333334,30.0,211,27,0.952762,True,-0.121048,-0.728937,-0.00584,-0.188485,-0.798642,-0.106415
31,1.0333333333333334,30.0,211,28,0.729191,True,0.191486,-0.504581,0.040155,0.313136,-0.480517,0.062283
31,1.0333333333333334,30.0,211,29,0.939293,True,-0.151403,-0.789824,0.00466,-0.220875,-0.842582,-0.10552
31,1.0333333333333334,30.0,211,30,0.775367,False,0.13631,-0.524415,0.014625,0.318913,-0.506418,0.037066
31,1.0333333333333334,30.0,211,31,0.94466,True,-0.114973,-0.82421,0.014631,-0.219612,-0.881717,-0.096637
31,1.0333333333333334,30.0,211,32,0.73167,False,0.14912529090369184,-0.527747,0.042846,0.392614,-0.50826,0.061305
32,1.0666666666666667,30.0,212,0,0.996091,True,0.182019,0.481843,-0.027523,0.217949,0.456492,0.243599
32,1.0666666666666667,30.0,212,1,0.996581,True,0.181352,0.493025,-0.028094,0.20215,0.477031,0.220344
32,1.0666666666666667,30.0,212,2,0.995944,True,0.182305,0.49368,-0.018541,0.203002,0.477326,0.231286
32,1.0666666666666667,30.0,212,3,0.996903,True,0.182498,0.494834,-0.02076,0.205014,0.478452,0.227377
32,1.0666666666666667,30.0,212,4,0.998602,True,0.196011,0.498904,-0.047669,0.234559,0.477041,0.197363
32,1.0666666666666667,30.0,212,5,0.998988,True,0.197362,0.498953,-0.058741,0.236131,0.476524,0.185949
32,1.0666666666666667,30.0,212,6,0.999342,True,0.201904,0.484087,-0.040006,0.239517,0.46317,0.202523
32,1.0666666666666667,30.0,212,7,0.997788,True,0.131516,0.505492,0.023932,0.111838,0.51499,0.172197
32,1.0666666666666667,30.0,212,8,0.998178,True,0.152112,0.427227,-0.05051,0.223193,0.412721,0.105828
32,1.0666666666666667,30.0,212,9,0.993173,True,0.167935,0.474363,0.045583,0.186452,0.462541,0.240377
32,1.0666666666666667,30.0,212,10,0.995311,True,0.170943,0.441005,0.006716,0.214503,0.418685,0.194951
32,1.0666666666666667,30.0,212,11,0.999925,True,0.090171,0.430218,0.04197,-0.022753,0.459916,0.165778
32,1.0666666666666667,30.0,212,12,0.999808,True,0.11748,0.441377,0.051197,0.215793,0.399378,0.155103
32,1.0666666666666667,30.0,212,13,0.726986,True,0.155174,0.428467,0.158106,-0.04016,0.541276,0.270411
32,1.0666666666666667,30.0,212,14,0.807985,True,0.171912,0.315162,-0.006662,0.393038,0.210089,0.089037
32,1.0666666666666667,30.0,212,15,0.697457,True,0.293324,0.434071,0.30524,-0.003188,0.56883,0.48594
32,1.0666666666666667,30.0,212,16,0.833285,True,0.186505,0.250624,-0.042618,0.573704,0.128775,0.055907
32,1.0666666666666667,30.0,212,17,0.698996,True,0.309599,0.444472,0.338379,-0.018057,0.593117,0.535154
32,1.0666666666666667,30.0,212,18,0.829035,True,0.232019,0.272864,-0.081183,0.660203,0.139519,0.018523
32,1.0666666666666667,30.0,212,19,0.698084,True,0.317484,0.43867,0.320334,-0.005768,0.587503,0.526511
32,1.0666666666666667,30.0,212,20,0.826637,True,0.246379,0.307294,-0.084424,0.670379,0.172591,0.032967
32,1.0666666666666667,30.0,212,21,0.686746,True,0.313769,0.405516,0.299516,0.018938,0.550481,0.492837
32,1.0666666666666667,30.0,212,22,0.80041,True,0.189642,0.266222,-0.030033,0.584335,0.145456,0.065973
32,1.0666666666666667,30.0,212,23,0.999958,True,-0.006246,-0.007211,0.038039,-0.069429,-0.010035,0.041792
32,1.0666666666666667,30.0,212,24,0.999899,True,0.008848,0.011772,-0.036632,0.069812,0.015239,-0.0412
32,1.0666666666666667,30.0,212,25,0.941504,True,0.024162,-0.378092,-0.021831,-0.104846,-0.436246,-0.019273
32,1.0666666666666667,30.0,212,26,0.766894,True,0.180439,-0.299509,-0.049381,0.273269,-0.256096,-0.023667
32,1.0666666666666667,30.0,212,27,0.956835,True,-0.005059,-0.620994,0.018868,-0.158352,-0.789702,-0.062568
32,1.0666666666666667,30.0,212,28,0.753206,True,0.302472,-0.603933,0.080429,0.450125,-0.447433,0.1092
32,1.0666666666666667,30.0,212,29,0.944702,True,-0.02503,-0.687676,0.033601,-0.188828,-0.82843,-0.051978
32,1.0666666666666667,30.0,212,30,0.796552,True,0.25931,-0.631361,0.05116,0.462332,-0.465559,0.074385
32,1.0666666666666667,30.0,212,31,0.945818,True,0.014107,-0.723993,0.057167,-0.203144,-0.876838,-0.000495
32,1.0666666666666667,30.0,212,32,0.745452,True,0.286276,-0.61162,0.06875,0.525201,-0.471118,0.140179
33,1.1,30.0,213,0,0.99648,False,0.232776,0.512209,-0.041541,0.181476,0.544045,-0.278479
33,1.1,30.0,213,1,0.99692,False,0.242714,0.516823,-0.031628,0.214443,0.536326,-0.288982
33,1.1,30.0,213,2,0.996347,False,0.243,0.517746,-0.021362,0.215014,0.537758,-0.282371
33,1.1,30.0,213,3,0.997211,False,0.24343,0.519008,-0.023245,0.213578,0.539509,-0.2813
33,1.1,30.0,213,4,0.998737,False,0.26111,0.52464,-0.047923,0.220737,0.552033,-0.292508
33,1.1,30.0,213,5,0.999086,False,0.262873,0.524703,-0.05992,0.223052,0.552698,-0.304153
33,1.1,30.0,213,6,0.999403,False,0.267073,0.509703,-0.04051,0.227976,0.537087,-0.283241
33,1.1,30.0,213,7,0.998008,False,0.18508,0.504128,-0.025729,0.20907,0.50379,-0.282611
33,1.1,30.0,213,8,0.998355,True,0.223935,0.443466,-0.090641,0.189339,0.461721,-0.226086
33,1.1,30.0,213,9,0.993854,False,0.210527,0.497956,0.018859,0.178486,0.518152,-0.262501
33,1.1,30.0,213,10,0.995778,False,0.221332,0.467205,-0.016349,0.174283,0.495818,-0.276093
33,1.1,30.0,213,11,0.999932,True,0.10761,0.411973,-0.050625,0.199391,0.390051,-0.191534
33,1.1,30.0,213,12,0.999826,True,0.171309,0.459856,0.037998,0.117037,0.498493,-0.041836
33,1.1,30.0,213,13,0.754252,False,0.139593,0.393727,0.049214,0.394072,0.299331,-0.191394
33,1.1,30.0,213,14,0.820131,False,0.172307,0.375385,0.01633,-0.067029,0.514656,-0.007051
33,1.1,30.0,213,15,0.727663,False,0.253805,0.390389,0.183326,0.632687,0.166763,-0.150567
33,1.1,30.0,213,16,0.843628,False,0.167318,0.311414,0.018351,-0.21069,0.579722,0.014747
33,1.1,30.0,213,17,0.728939,False,0.265599,0.379859,0.214944,0.694691,0.161195,-0.140192
33,1.1,30.0,213,18,0.836012,False,0.202443,0.331029,-0.011177,-0.212879,0.610978,-0.017747
33,1.1,30.0,213,19,0.728125,False,0.277416,0.377975,0.196246,0.69316,0.152547,-0.176221
33,1.1,30.0,213,20,0.834909,False,0.21468,0.364104,-0.041017,-0.190729,0.645266,-0.0113
33,1.1,30.0,213,21,0.717886,False,0.27253,0.343751,0.179806,0.645582,0.135345,-0.170086
33,1.1,30.0,213,22,0.812543,False,0.167847,0.326575,0.025661,-0.207781,0.593458,0.035079
33,1.1,30.0,213,23,0.999962,True,-0.002749,-0.002895,0.011449,0.046262,0.000426,0.018973
33,1.1,30.0,213,24,0.999909,True,0.00537,0.007329,-0.010722,-0.04171,0.004163,-0.019231
33,1.1,30.0,213,25,0.947286,True,0.067264,-0.360847,-0.029925,0.211618,-0.307415,-0.020323
33,1.1,30.0,213,26,0.790024,True,0.123245,-0.318165,0.019855,0.006648,-0.374599,0.009331
33,1.1,30.0,213,27,0.960889,False,0.132783,-0.531255,0.048398,0.480695,-0.393277,0.156736
33,1.1,30.0,213,28,0.777717,True,0.337721,-0.670132,0.137148,0.318415,-0.792513,0.114815
33,1.1,30.0,213,29,0.949366,False,0.124476,-0.594953,0.068115,0.495736,-0.396796,0.185637
33,1.1,30.0,213,30,0.815251,True,0.314764,-0.701289,0.10675,0.307891,-0.827765,0.084342
33,1.1,30.0,213,31,0.950968,False,0.156178,-0.625137,0.091767,0.568008,-0.423782,0.201016
33,1.1,30.0,213,32,0.770622,False,0.346907,-0.669731,0.110038,0.321195,-0.887096,0.049457
34,1.1333333333333333,30.0,214,0,0.996831,True,0.258524,0.538852,-0.06414,0.220206,0.540812,-0.349943
34,1.1333333333333333,30.0,214,1,0.997226,True,0.274275,0.539783,-0.04363,0.261965,0.533175,-0.359039
34,1.1333333333333333,30.0,214,2,0.996711,True,0.273884,0.54082,-0.032276,0.262468,0.534531,-0.351198
34,1.1333333333333333,30.0,214,3,0.997489,True,0.274827,0.542048,-0.03382,0.260938,0.535922,-0.351009
34,1.1333333333333333,30.0,214,4,0.998862,True,0.295786,0.547353,-0.056387,0.264493,0.547055,-0.36167
34,1.1333333333333333,30.0,214,5,0.999176,True,0.297946,0.546989,-0.069239,0.266749,0.547421,-0.374285
34,1.1333333333333333,30.0,214,6,0.999462,True,0.301716,0.532322,-0.049088,0.270262,0.532513,-0.352141
34,1.1333333333333333,30.0,214,7,0.998207,True,0.217944,0.509258,-0.079314,0.250854,0.467147,-0.339879
34,1.1333333333333333,30.0,214,8,0.998518,True,0.271654,0.457284,-0.119583,0.214138,0.460933,-0.278199
34,1.1333333333333333,30.0,214,9,0.994468,True,0.233902,0.519543,-0.01462,0.212894,0.516842,-0.332431
34,1.1333333333333333,30.0,214,10,0.996199,True,0.249927,0.488941,-0.04531,0.203459,0.493614,-0.344664
34,1.1333333333333333,30.0,214,11,0.999938,True,0.113647,0.408398,-0.139907,0.226879,0.340306,-0.249224
34,1.1333333333333333,30.0,214,12,0.999842,True,0.215003,0.46749,0.036731,0.082035,0.499198,-0.079205
34,1.1333333333333333,30.0,214,13,0.778787,True,0.099158,0.386982,-0.080076,0.391041,0.225586,-0.261615
34,1.1333333333333333,30.0,214,14,0.834906,True,0.175653,0.392325,0.049227,-0.149731,0.495932,-0.096807
34,1.1333333333333333,30.0,214,15,0.754749,True,0.15928,0.374118,0.028837,0.604436,0.106731,-0.228324
34,1.1333333333333333,30.0,214,16,0.856096,True,0.12521,0.335312,0.080637,-0.371363,0.553601,-0.13089
34,1.1333333333333333,30.0,214,17,0.755633,True,0.161824,0.343882,0.053754,0.655956,0.105181,-0.21816
34,1.1333333333333333,30.0,214,18,0.847045,True,0.148389,0.347105,0.059907,-0.400018,0.588245,-0.150584
34,1.1333333333333333,30.0,214,19,0.754929,True,0.174176,0.34471,0.038961,0.668078,0.105888,-0.254554
34,1.1333333333333333,30.0,214,20,0.846851,True,0.158256,0.379928,0.002372,-0.385155,0.618077,-0.186739
34,1.1333333333333333,30.0,214,21,0.745668,True,0.173638,0.310723,0.027337,0.620457,0.080076,-0.25
34,1.1333333333333333,30.0,214,22,0.827558,True,0.122764,0.350011,0.080691,-0.381519,0.564033,-0.153116
34,1.1333333333333333,30.0,214,23,0.999965,True,-0.000267,0.000848,-0.019627,0.054227,0.00231,-0.014695
34,1.1333333333333333,30.0,214,24,0.999918,True,0.002551,0.003355,0.020023,-0.04958,0.001416,0.015438
34,1.1333333333333333,30.0,214,25,0.952537,True,0.09083,-0.360768,-0.047969,0.177706,-0.289616,-0.0237
34,1.1333333333333333,30.0,214,26,0.810663,True,0.054161,-0.311534,0.096001,-0.012349,-0.382438,0.045899
34,1.1333333333333333,30.0,214,27,0.964717,True,0.241596,-0.504485,0.054814,0.492677,-0.317254,0.162658
34,1.1333333333333333,30.0,214,28,0.799835,True,0.317177,-0.662634,0.210839,0.112024,-0.821556,0.118028
34,1.1333333333333333,30.0,214,29,0.954223,True,0.242804,-0.556895,0.077443,0.514135,-0.310773,0.191848
34,1.1333333333333333,30.0,214,30,0.833269,True,0.318053,-0.69116,0.182771,0.087935,-0.857414,0.085843
34,1.1333333333333333,30.0,214,31,0.955795,True,0.242235,-0.574184,0.090699,0.600262,-0.33632,0.21083
34,1.1333333333333333,30.0,214,32,0.793437,True,0.351426,-0.662511,0.181898,0.113798,-0.885995,0.038881
35,1.1666666666666667,30.0,215,0,0.9971,False,0.256432,0.56074,-0.056076,0.236373,0.557902,0.063776
35,1.1666666666666667,30.0,215,1,0.997476,True,0.271701,0.561793,-0.033485,0.237529,0.564346,0.029314
35,1.1666666666666667,30.0,215,2,0.997018,True,0.270818,0.562893,-0.020949,0.236323,0.565722,0.043864
35,1.1666666666666667,30.0,215,3,0.997711,True,0.272399,0.563907,-0.0224,0.238888,0.565299,0.042192
35,1.1666666666666667,30.0,215,4,0.998959,True,0.295588,0.567758,-0.042332,0.267703,0.566925,0.018348
35,1.1666666666666667,30.0,215,5,0.999248,True,0.297859,0.566657,-0.055659,0.269696,0.565512,0.005169
35,1.1666666666666667,30.0,215,6,0.999505,True,0.301207,0.552591,-0.035186,0.272993,0.5522,0.025834
35,1.1666666666666667,30.0,215,7,0.998371,True,0.224336,0.524215,-0.096753,0.186577,0.541077,-0.053261
35,1.1666666666666667,30.0,215,8,0.998654,True,0.288628,0.471921,-0.104374,0.275387,0.469282,-0.059391
35,1.1666666666666667,30.0,215,9,0.994929,True,0.235213,0.537983,-0.01652,0.217058,0.540152,0.051596
35,1.1666666666666667,30.0,215,10,0.996525,True,0.25366,0.505864,-0.041953,0.24214,0.502428,0.022043
35,1.1666666666666667,30.0,215,11,0.999943,True,0.101026,0.423021,-0.181724,0.061656,0.449101,-0.179855
35,1.1666666666666667,30.0,215,12,0.999851,True,0.241376,0.463018,0.068399,0.277034,0.455228,0.111095
35,1.1666666666666667,30.0,215,13,0.800678,False,0.02106,0.415799,-0.174692,-0.222509,0.495225,-0.172121
35,1.1666666666666667,30.0,215,14,0.850247,False,0.201684,0.361456,0.101983,0.366338,0.293464,0.163769
35,1.1666666666666667,30.0,215,15,0.778083,False,-0.004624,0.400358,-0.088682,-0.445318,0.505285,-0.109418
35,1.1666666666666667,30.0,215,16,0.869418,False,0.098897,0.307442,0.144718,0.362968,0.243221,0.248372
35,1.1666666666666667,30.0,215,17,0.778152,False,-0.018926,0.362774,-0.072389,-0.506036,0.527071,-0.095954
35,1.1666666666666667,30.0,215,18,0.861089,False,0.115343,0.308161,0.129436,0.404301,0.232524,0.237389
35,1.1666666666666667,30.0,215,19,0.777354,False,-0.009903,0.363128,-0.077856,-0.502338,0.527086,-0.098603
35,1.1666666666666667,30.0,215,20,0.86084,False,0.123273,0.340294,0.058374,0.405745,0.268027,0.229504
35,1.1666666666666667,30.0,215,21,0.766988,False,0.003632,0.3314,-0.086079,-0.445799,0.488611,-0.10633
35,1.1666666666666667,30.0,215,22,0.842303,False,0.094929,0.321291,0.138692,0.35981,0.259996,0.242701
35,1.1666666666666667,30.0,215,23,0.999968,True,-0.003143,0.003258,-0.046694,-0.003665,0.001708,-0.062241
35,1.1666666666666667,30.0,215,24,0.999924,True,0.004836,0.000649,0.047185,0.004006,0.002182,0.063447
35,1.1666666666666667,30.0,215,25,0.957234,True,0.083669,-0.379769,-0.072154,0.054999,-0.420195,-0.088006
35,1.1666666666666667,30.0,215,26,0.819732,True,-0.011178,-0.281704,0.162804,-0.00541,-0.239406,0.140617
35,1.1666666666666667,30.0,215,27,0.968093,False,0.286234,-0.554063,0.029561,0.250113,-0.758005,0.007248
35,1.1666666666666667,30.0,215,28,0.810705,False,0.259539,-0.573128,0.292005,0.239393,-0.333456,0.300199
35,1.1666666666666667,30.0,215,29,0.958281,False,0.29227,-0.592704,0.051821,0.241672,-0.788726,0.028713
35,1.1666666666666667,30.0,215,30,0.8467,False,0.281553,-0.592559,0.269046,0.261543,-0.331822,0.280438
35,1.1666666666666667,30.0,215,31,0.959888,False,0.234659,-0.597225,0.050265,-0.001326,-0.752095,0.01083
35,1.1666666666666667,30.0,215,32,0.805555,False,0.313522,-0.575013,0.279902,0.290925,-0.321438,0.305677
36,1.2,30.0,216,0,0.997378,True,0.21722,0.577508,-0.0145,0.261132,0.556139,0.112131
36,1.2,30.0,216,1,0.99772,True,0.228484,0.581076,-0.001898,0.256363,0.5617,0.076054
36,1.2,30.0,216,2,0.99731,True,0.227435,0.582267,0.011366,0.254182,0.561411,0.090676
36,1.2,30.0,216,3,0.997932,True,0.229381,0.58289,0.009658,0.258199,0.563535,0.088904
36,1.2,30.0,216,4,0.999058,True,0.25258,0.585651,-0.005926,0.293897,0.55878,0.059608
36,1.2,30.0,216,5,0.99932,True,0.25459,0.583819,-0.01909,0.296304,0.556331,0.045969
36,1.2,30.0,216,6,0.999551,True,0.257651,0.570343,0.001037,0.29914,0.542055,0.066061
36,1.2,30.0,216,7,0.99853,True,0.201422,0.545616,-0.075178,0.181665,0.54575,-0.012186
36,1.2,30.0,216,8,0.998785,True,0.265255,0.488822,-0.049136,0.308709,0.459942,-0.046766
36,1.2,30.0,216,9,0.995416,True,0.206843,0.55284,0.013077,0.233873,0.535733,0.094748
36,1.2,30.0,216,10,0.996858,True,0.223804,0.518932,-0.005455,0.267886,0.497643,0.058306
36,1.2,30.0,216,11,0.999949,True,0.07869,0.448542,-0.166714,0.022586,0.471635,-0.137539
36,1.2,30.0,216,12,0.999863,True,0.233841,0.452415,0.125832,0.312576,0.428032,0.094998
36,1.2,30.0,216,13,0.820527,True,-0.06839,0.464243,-0.207499,-0.268795,0.532973,-0.156926
36,1.2,30.0,216,14,0.865017,True,0.22188,0.304422,0.163372,0.406389,0.251977,0.135587
36,1.2,30.0,216,15,0.799719,True,-0.186329,0.453523,-0.139345,-0.473064,0.55318,-0.089473
36,1.2,30.0,216,16,0.881912,True,0.071622,0.2429,0.195361,0.420825,0.207047,0.221183
36,1.2,30.0,216,17,0.799334,True,-0.22279862792398375,0.423956,-0.130453,-0.534452,0.572429,-0.072113
36,1.2,30.0,216,18,0.874199,True,0.086,0.233004,0.180908,0.464315,0.190482,0.213822
36,1.2,30.0,216,19,0.798601,True,-0.22093374930267792,0.419878,-0.125185,-0.526615,0.572647,-0.070284
36,1.2,30.0,216,20,0.873915,True,0.093637,0.262446,0.116542,0.47057,0.227495,0.211729
36,1.2,30.0,216,21,0.78825,True,-0.183918,0.393492,-0.131705,-0.47102,0.536636,-0.080998
36,1.2,30.0,216,22,0.856321,True,0.068035,0.254764,0.18568,0.418985,0.224128,0.219142
36,1.2,30.0,216,23,0.999971,True,-0.006511,0.003729,-0.061489,-0.040057,0.001174,-0.063456
36,1.2,30.0,216,24,0.999931,True,0.007693,-0.000113,0.062447,0.039939,0.002807,0.063954
36,1.2,30.0,216,25,0.961488,True,0.056125,-0.409244,-0.093524,-0.003868,-0.440143,-0.101199
36,1.2,30.0,216,26,0.830745,True,-0.07248,-0.243076,0.197806,0.03736,-0.209786,0.246334
36,1.2,30.0,216,27,0.971244,True,0.264771,-0.651976,-0.008639,0.168254,-0.795465,-0.072522
36,1.2,30.0,216,28,0.825629,True,0.165024,-0.433149,0.36004,0.259507,-0.332702,0.467445
36,1.2,30.0,216,29,0.962374,True,0.270161,-0.681274,0.011042,0.170937,-0.829668,-0.058138
36,1.2,30.0,216,30,0.860969,True,0.199084,-0.439762,0.343265,0.279474,-0.338312,0.454319
36,1.2,30.0,216,31,0.963824,True,0.151816,-0.680959,-0.00472,-0.053224,-0.80169,-0.082138
36,1.2,30.0,216,32,0.820573,True,0.225928,-0.431309,0.375738,0.294289,-0.327668,0.499727
37,1.2333333333333334,30.0,217,0,0.997629,True,0.133765,0.586481,0.026984,0.205379,0.57663,0.097426
37,1.2333333333333334,30.0,217,1,0.997941,True,0.141434,0.592344,0.022651,0.203633,0.583822,0.069241
37,1.2333333333333334,30.0,217,2,0.997572,True,0.140552,0.59361,0.03573,0.20258,0.585036,0.082761
37,1.2333333333333334,30.0,217,3,0.998134,True,0.142268,0.59372,0.033509,0.204741,0.585008,0.079871
37,1.2333333333333334,30.0,217,4,0.999147,True,0.162134,0.596669,0.023863,0.227448,0.585671,0.068807
37,1.2333333333333334,30.0,217,5,0.999383,True,0.163644,0.594425,0.011565,0.22964,0.583041,0.056369
37,1.2333333333333334,30.0,217,6,0.999593,True,0.166675,0.581311,0.030806,0.233354,0.570757,0.074881
37,1.2333333333333334,30.0,217,7,0.998674,True,0.148728,0.564561,-0.043713,0.166101,0.563428,0.010561
37,1.2333333333333334,30.0,217,8,0.998898,True,0.194693,0.503545,0.010105,0.237423,0.489166,0.054552
37,1.2333333333333334,30.0,217,9,0.99585,True,0.142588,0.562243,0.041228,0.191412,0.557845,0.090508
37,1.2333333333333334,30.0,217,10,0.997148,True,0.153333,0.527075,0.030974,0.210013,0.518507,0.07668
37,1.2333333333333334,30.0,217,11,0.999954,True,0.062852,0.47255,-0.11746,0.038115,0.484439,-0.068155
37,1.2333333333333334,30.0,217,12,0.999838,True,0.178308,0.443515,0.177469,0.216246,0.430943,0.217101
37,1.2333333333333334,30.0,217,13,0.838142,True,-0.12009,0.505974,-0.183272,-0.168411,0.51533,-0.122587
37,1.2333333333333334,30.0,217,14,0.781488,True,0.1845,0.250699,0.205275,0.370712,0.226976,0.243047
37,1.2333333333333334,30.0,217,15,0.81892,True,-0.29584,0.501381,-0.134611,-0.383228,0.506851,0.014369
37,1.2333333333333334,30.0,217,16,0.795844,True,-0.004634,0.173288,0.209603,0.131823,0.100087,0.235233
37,1.2333333333333334,30.0,217,17,0.817934,True,-0.340964,0.487831,-0.129704,-0.444183,0.520584,0.027145
37,1.2333333333333334,30.0,217,18,0.789999,True,0.006321,0.156583,0.192547,0.156113,0.078345,0.21492
37,1.2333333333333334,30.0,217,19,0.817027,True,-0.343924,0.476535,-0.119329,-0.448434,0.516267,0.051754
37,1.2333333333333334,30.0,217,20,0.789674,True,0.016211,0.18109,0.148136,0.155691,0.098012,0.205631
37,1.2333333333333334,30.0,217,21,0.805516,True,-0.296862,0.458647,-0.124954,-0.38597,0.487053,0.034183
37,1.2333333333333334,30.0,217,22,0.773822,True,-0.007054,0.181653,0.198092,0.130959,0.104772,0.225878
37,1.2333333333333334,30.0,217,23,0.999974,True,-0.001301,0.001916,-0.059247,-0.034184,0.003283,-0.054765
37,1.2333333333333334,30.0,217,24,0.999937,True,0.002368,0.001492,0.060913,0.03478,-1.7e-05,0.05641
37,1.2333333333333334,30.0,217,25,0.964845,True,0.02901,-0.435763,-0.101889,0.003712,-0.434294,-0.094823
37,1.2333333333333334,30.0,217,26,0.797979,True,-0.135081,-0.212447,0.18405,-0.146397,-0.201002,0.239096
37,1.2333333333333334,30.0,217,27,0.972413,True,0.200394,-0.749427,-0.028241,0.156576,-0.784723,-0.045768
37,1.2333333333333334,30.0,217,28,0.751519,True,0.023621,-0.293991,0.392827,0.115791,-0.216782,0.354937
37,1.2333333333333334,30.0,217,29,0.958663,True,0.200423,-0.776938,-0.011059,0.160979,-0.820733,-0.029912
37,1.2333333333333334,30.0,217,30,0.807377,True,0.056221,-0.28873,0.381564,0.190905,-0.207236,0.341544
37,1.2333333333333334,30.0,217,31,0.963849,True,0.047699,-0.78307,-0.038961,-0.046632,-0.829724,-0.052675
37,1.2333333333333334,30.0,217,32,0.755823,True,0.071147,-0.281597,0.432505,0.229427,-0.199103,0.397365
38,1.2666666666666666,30.0,218,0,0.99786,True,0.012894,0.582512,0.028849,-0.014333,0.601145,0.034051
38,1.2666666666666666,30.0,218,1,0.998142,True,0.019225,0.588561,0.010628,0.012296,0.610816,0.010857
38,1.2666666666666666,30.0,218,2,0.997809,True,0.018685,0.589707,0.022583,0.012731,0.612701,0.022895
38,1.2666666666666666,30.0,218,3,0.998316,True,0.019635,0.589307,0.019791,0.013046,0.611797,0.020236
38,1.2666666666666666,30.0,218,4,0.999229,True,0.033151,0.593208,0.015444,0.019259,0.619059,0.015958
38,1.2666666666666666,30.0,218,5,0.999441,True,0.03419,0.591016,0.004497,0.019294,0.617553,0.004248
38,1.2666666666666666,30.0,218,6,0.999631,True,0.037538,0.577965,0.022697,0.021906,0.604281,0.022609
38,1.2666666666666666,30.0,218,7,0.998802,True,0.070042,0.57178,-0.035,0.115717,0.579507,-0.024894
38,1.2666666666666666,30.0,218,8,0.999001,True,0.083161,0.50668,0.033822,0.096445,0.536782,0.077562
38,1.2666666666666666,30.0,218,9,0.996253,True,0.046471,0.562696,0.033487,0.035707,0.577176,0.034781
38,1.2666666666666666,30.0,218,10,0.997421,True,0.047674,0.526306,0.030135,0.026275,0.544518,0.02944
38,1.2666666666666666,30.0,218,11,0.999957,True,0.062031,0.486092,-0.066144,0.068748,0.479624,-0.061591
38,1.2666666666666666,30.0,218,12,0.999833,True,0.078378,0.439634,0.189592,0.065144,0.44324,0.230002
38,1.2666666666666666,30.0,218,13,0.853808,True,-0.099488,0.523227,-0.124596,-0.084763,0.494078,-0.151024
38,1.2666666666666666,30.0,218,14,0.747608,False,0.064085,0.216758,0.201094,-0.05268,0.224052,0.236048
38,1.2666666666666666,30.0,218,15,0.836596,True,-0.267774,0.519088,-0.101291,-0.256445,0.47731,-0.12136
38,1.2666666666666666,30.0,218,16,0.801678,True,-0.154521,0.122268,0.172766,-0.232938,0.124214,0.160768
38,1.2666666666666666,30.0,218,17,0.835547,True,-0.30875,0.517963,-0.095605,-0.296589,0.488854,-0.122645
38,1.2666666666666666,30.0,218,18,0.796461,True,-0.153441,0.103506,0.152268,-0.232286,0.106282,0.134862
38,1.2666666666666666,30.0,218,19,0.834658,True,-0.315929,0.499565,-0.091151,-0.319417,0.456269,-0.11193
38,1.2666666666666666,30.0,218,20,0.797115,True,-0.139208,0.122378,0.127506,-0.216787,0.125347,0.123045
38,1.2666666666666666,30.0,218,21,0.823508,True,-0.268491,0.491422,-0.096046,-0.264523,0.468054,-0.111945
38,1.2666666666666666,30.0,218,22,0.780429,True,-0.156679,0.12605,0.16003,-0.232718,0.127964,0.147346
38,1.2666666666666666,30.0,218,23,0.999976,True,0.016534,-0.002051,-0.040763,0.023539,0.002876,-0.048156
38,1.2666666666666666,30.0,218,24,0.99994,True,-0.015147,0.005403,0.043229,-0.021499,0.000517,0.050318
38,1.2666666666666666,30.0,218,25,0.967586,True,0.015147,-0.449447,-0.091365,0.018632,-0.438845,-0.099869
38,1.2666666666666666,30.0,218,26,0.78372,True,-0.197535,-0.198315,0.122869,-0.246444,-0.201995,0.143507
38,1.2666666666666666,30.0,218,27,0.973226,True,0.118632,-0.809926,-0.009266,0.151041,-0.80245,-0.037363
38,1.2666666666666666,30.0,218,28,0.688753,True,-0.160242,-0.195628,0.378606,-0.154406,-0.218754,0.372519
38,1.2666666666666666,30.0,218,29,0.943303,True,0.110158,-0.841389,0.007242,0.146558,-0.840951,-0.021507
38,1.2666666666666666,30.0,218,30,0.750699,True,-0.142623,-0.183799,0.371044,-0.139711,-0.208786,0.365933
38,1.2666666666666666,30.0,218,31,0.963261,True,-0.033212,-0.8622,-0.031895,-0.023383,-0.869589,-0.046231
38,1.2666666666666666,30.0,218,32,0.700374,True,-0.14990294757688277,-0.172117,0.426328,-0.141363,-0.192887,0.437268
39,1.3,30.0,219,0,0.995225,True,-0.121505,0.561448,-0.02419,-0.151414,0.591997,-0.023986
39,1.3,30.0,219,1,0.994313,True,-0.115126,0.565578,-0.046149,-0.143888,0.593956,-0.047081
39,1.3,30.0,219,2,0.992893,True,-0.115371,0.566238,-0.035823,-0.143878,0.5958,-0.038397
39,1.3,30.0,219,3,0.994659,True,-0.115314,0.565507,-0.03905,-0.144582,0.595735,-0.04111
39,1.3,30.0,219,4,0.997157,True,-0.109271,0.569603,-0.041634,-0.142119,0.603501,-0.022669
39,1.3,30.0,219,5,0.997649,True,-0.108432,0.567863,-0.051221,-0.141706,0.601401,-0.03232
39,1.3,30.0,219,6,0.998738,True,-0.10439,0.554667,-0.033793,-0.137215,0.588823,-0.014693
39,1.3,30.0,219,7,0.99642,True,-0.023582,0.562864,-0.062246,-0.032545,0.582637,-0.080616
39,1.3,30.0,219,8,0.997807,True,-0.046509,0.489823,0.004607,-0.079292,0.521816,0.025472
39,1.3,30.0,219,9,0.994759,True,-0.064043,0.551143,-0.020706,-0.083022,0.565875,-0.02239
39,1.3,30.0,219,10,0.995967,True,-0.072084,0.512325,-0.022231,-0.0975,0.533161,0.005894
39,1.3,30.0,219,11,0.999934,True,0.070854,0.488158,-0.034963,0.096962,0.485165,-0.056217
39,1.3,30.0,219,12,0.999819,True,-0.041282,0.437358,0.148283,-0.078833,0.449671,0.207956
39,1.3,30.0,219,13,0.798805,True,-0.011792,0.516032,-0.05802,-0.012409,0.51948,-0.161024
39,1.3,30.0,219,14,0.720377,True,-0.111158,0.198616,0.143056,-0.239212,0.222517,0.187191
39,1.3,30.0,219,15,0.774,True,-0.106883,0.50336,-0.059786,-0.16092,0.514306,-0.187775
39,1.3,30.0,219,16,0.806469,True,-0.348641,0.090348,0.088531,-0.445291,0.128371,0.09943
39,1.3,30.0,219,17,0.77835,True,-0.128262,0.504423,-0.048345,-0.184017,0.518081,-0.186792
39,1.3,30.0,219,18,0.797,True,-0.3641887203555052,0.072511,0.065771,-0.464806,0.115796,0.069048
39,1.3,30.0,219,19,0.77703,True,-0.136888,0.482322,-0.060544,-0.178539,0.508329,-0.193503
39,1.3,30.0,219,20,0.799307,True,-0.3454724161123893,0.087544,0.050604,-0.443379,0.135906,0.035372
39,1.3,30.0,219,21,0.760416,True,-0.10359,0.481747,-0.065191,-0.14807,0.494397,-0.191467
39,1.3,30.0,219,22,0.781466,True,-0.35235,0.089511,0.074412,-0.450458,0.129911,0.079502
39,1.3,30.0,219,23,0.999976,True,0.041873,-0.007325,-0.012182,0.066161,-0.009165,-0.024635
39,1.3,30.0,219,24,0.999942,True,-0.039989,0.010814,0.015378,-0.063677,0.012243,0.028224
39,1.3,30.0,219,25,0.962257,True,0.011019,-0.448267,-0.064054,0.029485,-0.448269,-0.092525
39,1.3,30.0,219,26,0.777989,True,-0.2479,-0.198224,0.036037,-0.240293,-0.213397,-0.015787
39,1.3,30.0,219,27,0.968224,True,0.032258,-0.82717,0.042935,0.06248,-0.800995,0.037425
39,1.3,30.0,219,28,0.634849,True,-0.35325,-0.149924,0.321394,-0.398474,-0.178684,0.328863
39,1.3,30.0,219,29,0.895798,True,0.013917,-0.864409,0.060791,0.041888,-0.836969,0.056053
39,1.3,30.0,219,30,0.68868,True,-0.35872225736068547,-0.138076,0.315265,-0.416692,-0.16157,0.317903
39,1.3,30.0,219,31,0.947804,True,-0.084437,-0.90132,0.010599,-0.013381,-0.881271,0.008983
39,1.3,30.0,219,32,0.646076,True,-0.39966841431662387,-0.122462,0.358373,-0.435708,-0.137242,0.363001
40,1.3333333333333333,30.0,220,0,0.995661,True,-0.237264,0.524046,-0.118871,-0.247565,0.515822,-0.152897
40,1.3333333333333333,30.0,220,1,0.994757,True,-0.231399,0.525838,-0.134846,-0.249392,0.515105,-0.163108
40,1.3333333333333333,30.0,220,2,0.99351,True,-0.231524,0.525638,-0.126022,-0.24985,0.514001,-0.153769
40,1.3333333333333333,30.0,220,3,0.995094,True,-0.232058,0.524888,-0.129409,-0.251154,0.512375,-0.157142
40,1.3333333333333333,30.0,220,4,0.997391,True,-0.232466,0.52725,-0.134904,-0.248609,0.518325,-0.1674
40,1.3333333333333333,30.0,220,5,0.997861,True,-0.231447,0.526141,-0.143647,-0.247249,0.517156,-0.173947
40,1.3333333333333333,30.0,220,6,0.998839,True,-0.226429,0.512785,-0.126405,-0.242705,0.502796,-0.157058
40,1.3333333333333333,30.0,220,7,0.996761,True,-0.113832,0.540114,-0.118661,-0.137595,0.527103,-0.143928
40,1.3333333333333333,30.0,220,8,0.998009,True,-0.163445,0.451961,-0.068363,-0.190813,0.445101,-0.111167
40,1.3333333333333333,30.0,220,9,0.995255,True,-0.163422,0.527272,-0.108017,-0.16939,0.521706,-0.134877
40,1.3333333333333333,30.0,220,10,0.996343,True,-0.176919,0.484089,-0.114226,-0.183168,0.479962,-0.144932
40,1.3333333333333333,30.0,220,11,0.999939,True,0.076939,0.483845,-0.031324,0.095236,0.482204,-0.033007
40,1.3333333333333333,30.0,220,12,0.999835,True,-0.147137,0.429549,0.064955,-0.162968,0.434358,-0.00374
40,1.3333333333333333,30.0,220,13,0.796415,True,0.104534,0.497469,-0.007871,0.13711,0.503606,0.063566
40,1.3333333333333333,30.0,220,14,0.748267,True,-0.276662,0.179984,0.045192,-0.327274,0.186493,-0.018241
40,1.3333333333333333,30.0,220,15,0.765458,False,0.09901368591756328,0.469497,-0.021962,0.19761,0.487581,0.307281
40,1.3333333333333333,30.0,220,16,0.825746,True,-0.521631,0.059027,-0.024118,-0.55531,0.06793,-0.030427
40,1.3333333333333333,30.0,220,17,0.770486,False,0.10251835012480433,0.465032,-0.001527,0.207443,0.464076,0.368167
40,1.3333333333333333,30.0,220,18,0.817103,True,-0.551487,0.042059,-0.047847,-0.593864,0.057835,-0.047094
40,1.3333333333333333,30.0,220,19,0.772093,False,0.09466945429575489,0.44433,-0.03479,0.198145,0.426286,0.351632
40,1.3333333333333333,30.0,220,20,0.819189,True,-0.530045,0.056872,-0.064072,-0.5619,0.058992,-0.06205
40,1.3333333333333333,30.0,220,21,0.758178,False,0.1087266104525397,0.445986,-0.040218,0.204262,0.441716,0.302458
40,1.3333333333333333,30.0,220,22,0.803111,True,-0.528017,0.054532,-0.0399,-0.559445,0.05949,-0.041141
40,1.3333333333333333,30.0,220,23,0.999977,True,0.06458,-0.012318,0.017688,0.072821,-0.014652,0.03635
40,1.3333333333333333,30.0,220,24,0.999946,True,-0.062367,0.016132,-0.013964,-0.070685,0.018844,-0.032622
40,1.3333333333333333,30.0,220,25,0.966014,True,0.00453,-0.43666,-0.029107,0.018164,-0.443857,-0.013037
40,1.3333333333333333,30.0,220,26,0.80018,True,-0.269852,-0.204907,-0.045847,-0.263972,-0.215655,-0.086069
40,1.3333333333333333,30.0,220,27,0.971394,True,-0.055474,-0.816988,0.104456,-0.057193,-0.797598,0.147894
40,1.3333333333333333,30.0,220,28,0.67132,True,-0.50477,-0.147965,0.238034,-0.56255,-0.16447,0.253036
40,1.3333333333333333,30.0,220,29,0.906138,True,-0.083417,-0.85896,0.124644,-0.089499,-0.835049,0.168209
40,1.3333333333333333,30.0,220,30,0.719647,True,-0.533119,-0.138802,0.231152,-0.601205,-0.14438,0.252303
40,1.3333333333333333,30.0,220,31,0.953009,True,-0.12785,-0.90772,0.065444,-0.101129,-0.893771,0.097747
40,1.3333333333333333,30.0,220,32,0.681429,True,-0.587488,-0.125635,0.251617,-0.686436,-0.132052,0.259923
41,1.3666666666666667,30.0,221,0,0.996084,True,-0.307245,0.476359,-0.230806,-0.307822,0.442251,-0.28546
41,1.3666666666666667,30.0,221,1,0.995248,True,-0.30377,0.477553,-0.237114,-0.307256,0.448939,-0.285949
41,1.3666666666666667,30.0,221,2,0.994133,True,-0.303892,0.476308,-0.229138,-0.307265,0.447432,-0.27769
41,1.3666666666666667,30.0,221,3,0.995566,True,-0.304586,0.475842,-0.232364,-0.307442,0.446851,-0.281339
41,1.3666666666666667,30.0,221,4,0.997626,True,-0.309361,0.474745,-0.243829,-0.314123,0.43996,-0.299234
41,1.3666666666666667,30.0,221,5,0.998057,True,-0.307832,0.474167,-0.252561,-0.312296,0.439425,-0.308825
41,1.3666666666666667,30.0,221,6,0.998932,True,-0.30181,0.460828,-0.234766,-0.306829,0.426217,-0.29054
41,1.3666666666666667,30.0,221,7,0.997081,True,-0.180163,0.510182,-0.191212,-0.195275,0.504711,-0.222947
41,1.3666666666666667,30.0,221,8,0.998176,True,-0.24266,0.400814,-0.163096,-0.263936,0.372205,-0.212609
41,1.3666666666666667,30.0,221,9,0.995724,True,-0.227817,0.493784,-0.20789,-0.233157,0.472046,-0.253775
41,1.3666666666666667,30.0,221,10,0.996695,True,-0.242015,0.444895,-0.222957,-0.249008,0.415777,-0.278708
41,1.3666666666666667,30.0,221,11,0.999945,True,0.072122,0.47911,-0.053253,0.06459,0.4778,-0.056559
41,1.3666666666666667,30.0,221,12,0.999846,True,-0.213612,0.410296,-0.035159,-0.219542,0.401106,-0.081563
41,1.3666666666666667,30.0,221,13,0.816639,True,0.20515,0.482428,0.008019,0.251711,0.480139,0.0478
41,1.3666666666666667,30.0,221,14,0.773397,True,-0.373097,0.146264,-0.067526,-0.361962,0.135148,-0.103251
41,1.3666666666666667,30.0,221,15,0.788884,True,0.3170214839306496,0.43882,0.002322,0.441339,0.435794,0.112508
41,1.3666666666666667,30.0,221,16,0.843122,True,-0.613851,0.007666,-0.141857,-0.583613,-0.010537,-0.17133
41,1.3666666666666667,30.0,221,17,0.793369,True,0.3465419491050379,0.429159,0.031381,0.485254,0.421095,0.149366
41,1.3666666666666667,30.0,221,18,0.835265,True,-0.651296,-0.011055,-0.166793,-0.617405,-0.039236,-0.193163
41,1.3666666666666667,30.0,221,19,0.79483,True,0.3406545399325379,0.413751,-0.018759,0.475697,0.408332,0.084495
41,1.3666666666666667,30.0,221,20,0.837154,True,-0.629905,0.007049,-0.189032,-0.598989,-0.020001,-0.223437
41,1.3666666666666667,30.0,221,21,0.7823,True,0.33390816311416827,0.411199,-0.025647,0.455557,0.402071,0.074818
41,1.3666666666666667,30.0,221,22,0.822676,True,-0.621895,0.000866,-0.15944,-0.590345,-0.019051,-0.190111
41,1.3666666666666667,30.0,221,23,0.999978,True,0.076816,-0.015075,0.041328,0.072017,-0.014336,0.050406
41,1.3666666666666667,30.0,221,24,0.999948,True,-0.074631,0.01934,-0.037319,-0.069818,0.018527,-0.0461
41,1.3666666666666667,30.0,221,25,0.969256,True,-0.010529,-0.421799,0.002681,0.009903,-0.422126,0.030544
41,1.3666666666666667,30.0,221,26,0.820141,True,-0.251898,-0.214165,-0.099591,-0.222202,-0.21812,-0.101506
41,1.3666666666666667,30.0,221,27,0.974195,True,-0.138336,-0.796664,0.152082,-0.147919,-0.779254,0.195331
41,1.3666666666666667,30.0,221,28,0.704116,True,-0.57474,-0.178951,0.151328,-0.562654,-0.197208,0.133956
41,1.3666666666666667,30.0,221,29,0.915243,True,-0.174395,-0.841098,0.174381,-0.185471,-0.823034,0.220097
41,1.3666666666666667,30.0,221,30,0.747449,True,-0.618469,-0.16727,0.142049,-0.607439,-0.180208,0.125794
41,1.3666666666666667,30.0,221,31,0.957615,True,-0.181991,-0.896394,0.112003,-0.18241,-0.867653,0.161862
41,1.3666666666666667,30.0,221,32,0.713213,True,-0.68472,-0.164673,0.13864,-0.664301,-0.186663,0.118525
42,1.4,30.0,222,0,0.996472,True,-0.317895,0.426097,-0.341561,-0.320379,0.444885,-0.299291
42,1.4,30.0,222,1,0.995711,True,-0.318743,0.429648,-0.340842,-0.315564,0.440438,-0.295457
42,1.4,30.0,222,2,0.994711,True,-0.318786,0.427436,-0.33281,-0.315571,0.438305,-0.287359
42,1.4,30.0,222,3,0.996002,True,-0.319427,0.427381,-0.335632,-0.315986,0.43822,-0.291126
42,1.4,30.0,222,4,0.997856,True,-0.326689,0.42256,-0.353194,-0.32175,0.435486,-0.314777
42,1.4,30.0,222,5,0.998247,True,-0.324451,0.422191,-0.362719,-0.319534,0.43531,-0.324383
42,1.4,30.0,222,6,0.999033,True,-0.317738,0.409141,-0.343682,-0.312198,0.42224,-0.30628
42,1.4,30.0,222,7,0.997371,True,-0.206928,0.479234,-0.271042,-0.202771,0.477176,-0.230217
42,1.4,30.0,222,8,0.998351,True,-0.273122,0.348115,-0.261265,-0.251005,0.356781,-0.242765
42,1.4,30.0,222,9,0.99615,True,-0.242841,0.4545,-0.306082,-0.248341,0.472022,-0.26741
42,1.4,30.0,222,10,0.997022,True,-0.254758,0.400221,-0.329931,-0.255671,0.420348,-0.300739
42,1.4,30.0,222,11,0.99995,True,0.058286,0.475945,-0.095295,0.050895,0.475718,-0.073306
42,1.4,30.0,222,12,0.999859,True,-0.232029,0.378483,-0.129599,-0.226493,0.387595,-0.110921
42,1.4,30.0,222,13,0.834728,True,0.263981,0.477475,-0.015584,0.251095,0.465322,0.031587
42,1.4,30.0,222,14,0.796029,True,-0.376725,0.095254,-0.17296,-0.369868,0.114653,-0.142487
42,1.4,30.0,222,15,0.809894,True,0.463247,0.425357,0.004624,0.442352,0.402615,0.035212
42,1.4,30.0,222,16,0.858777,True,-0.599637,-0.068948,-0.246545,-0.593094,-0.040504,-0.225943
42,1.4,30.0,222,17,0.8138,True,0.508967,0.417349,0.038256,0.487371,0.394903,0.077716
42,1.4,30.0,222,18,0.85165,True,-0.63239,-0.093193,-0.274536,-0.622894,-0.065501,-0.253654
42,1.4,30.0,222,19,0.815165,True,0.504024,0.407403,-0.018839,0.483332,0.38946,0.010335
42,1.4,30.0,222,20,0.853352,True,-0.613067,-0.070238,-0.301891,-0.610536,-0.03592,-0.280226
42,1.4,30.0,222,21,0.803887,True,0.48383,0.395823,-0.026484,0.461449,0.375964,0.000741
42,1.4,30.0,222,22,0.840303,True,-0.605759,-0.076909,-0.265876,-0.600344,-0.044792,-0.244909
42,1.4,30.0,222,23,0.99998,True,0.077001,-0.013975,0.055599,0.072369,-0.013059,0.056048
42,1.4,30.0,222,24,0.999952,True,-0.075149,0.018706,-0.05148,-0.070745,0.017516,-0.051858
42,1.4,30.0,222,25,0.972278,True,-0.026852,-0.41027,0.025204,0.001318,-0.412816,0.032372
42,1.4,30.0,222,26,0.838113,True,-0.193797,-0.227545,-0.118057,-0.270703,-0.219005,-0.085403
42,1.4,30.0,222,27,0.976747,True,-0.200296,-0.77123,0.178569,-0.151585,-0.77973,0.184436
42,1.4,30.0,222,28,0.733681,True,-0.554928,-0.241353,0.083395,-0.624662,-0.232975,0.09652
42,1.4,30.0,222,29,0.923598,True,-0.242147,-0.815224,0.202246,-0.188312,-0.823416,0.209592
42,1.4,30.0,222,30,0.772611,True,-0.603964,-0.21558,0.070934,-0.671384,-0.221915,0.081121
42,1.4,30.0,222,31,0.961811,True,-0.239389,-0.875233,0.145326,-0.175766,-0.881847,0.144881
42,1.4,30.0,222,32,0.741866,True,-0.665253,-0.229018,0.048938,-0.732164,-0.213305,0.047085
43,1.4333333333333333,30.0,223,0,0.996825,True,-0.270271,0.378551,-0.441456,-0.261972,0.371411,-0.420687
43,1.4333333333333333,30.0,223,1,0.996138,True,-0.27616,0.38687,-0.439218,-0.264602,0.373214,-0.416119
43,1.4333333333333333,30.0,223,2,0.995238,True,-0.27587,0.383948,-0.430316,-0.26452,0.369845,-0.408047
43,1.4333333333333333,30.0,223,3,0.9964,True,-0.276584,0.384203,-0.432677,-0.265152,0.37088,-0.409695
43,1.4333333333333333,30.0,223,4,0.998069,True,-0.285126,0.377036,-0.454569,-0.273228,0.362285,-0.434194
43,1.4333333333333333,30.0,223,5,0.998422,True,-0.282119,0.376466,-0.465357,-0.269972,0.362083,-0.445142
43,1.4333333333333333,30.0,223,6,0.999129,True,-0.275283,0.363973,-0.444681,-0.262549,0.350131,-0.424633
43,1.4333333333333333,30.0,223,7,0.997634,True,-0.187929,0.449106,-0.352673,-0.174333,0.428119,-0.330986
43,1.4333333333333333,30.0,223,8,0.998514,True,-0.255987,0.303246,-0.354207,-0.228963,0.286833,-0.341823
43,1.4333333333333333,30.0,223,9,0.996534,True,-0.206446,0.41248,-0.395437,-0.200325,0.407383,-0.377914
43,1.4333333333333333,30.0,223,10,0.997319,True,-0.215858,0.354875,-0.425154,-0.207382,0.350553,-0.411664
43,1.4333333333333333,30.0,223,11,0.999955,True,0.045609,0.470152,-0.15046,0.051932,0.449406,-0.158396
43,1.4333333333333333,30.0,223,12,0.999873,True,-0.208919,0.339288,-0.207166,-0.198094,0.340828,-0.200912
43,1.4333333333333333,30.0,223,13,0.851183,True,0.280993,0.475124,-0.068833,0.281643,0.433437,-0.13305
43,1.4333333333333333,30.0,223,14,0.816415,True,-0.303054,0.041453,-0.257788,-0.292122,0.063351,-0.273408
43,1.4333333333333333,30.0,223,15,0.828848,True,0.521886,0.425424,-0.0171,0.514858,0.375923,-0.07192
43,1.4333333333333333,30.0,223,16,0.872888,True,-0.491999,-0.15056,-0.32794,-0.496323,-0.101884,-0.372853
43,1.4333333333333333,30.0,223,17,0.832281,True,0.572733,0.426371,0.015581,0.568475,0.378602,-0.038309
43,1.4333333333333333,30.0,223,18,0.866448,True,-0.508186,-0.183244,-0.360997,-0.531505,-0.129192,-0.407693
43,1.4333333333333333,30.0,223,19,0.833547,True,0.567456,0.417968,-0.038599,0.564642,0.372299,-0.086011
43,1.4333333333333333,30.0,223,20,0.867983,True,-0.491546,-0.156449,-0.389975,-0.519768,-0.099315,-0.433993
43,1.4333333333333333,30.0,223,21,0.82341,True,0.542561,0.396336,-0.0449,0.537663,0.351518,-0.094441
43,1.4333333333333333,30.0,223,22,0.856235,True,-0.491329,-0.158897,-0.348651,-0.504691,-0.108415,-0.393366
43,1.4333333333333333,30.0,223,23,0.999981,True,0.068892,-0.008525,0.061991,0.066966,-0.009203,0.05787
43,1.4333333333333333,30.0,223,24,0.999955,True,-0.067432,0.013629,-0.057837,-0.065179,0.014569,-0.054067
43,1.4333333333333333,30.0,223,25,0.974728,True,-0.028566,-0.4055,0.039444,-0.086017,-0.374139,0.033194
43,1.4333333333333333,30.0,223,26,0.854281,True,-0.108296,-0.248864,-0.10741,-0.121061,-0.244434,-0.105553
43,1.4333333333333333,30.0,223,27,0.97887,True,-0.219687,-0.734485,0.193176,-0.278704,-0.720253,0.166661
43,1.4333333333333333,30.0,223,28,0.760242,True,-0.468593,-0.338673,0.049609,-0.436543,-0.324999,0.003564
43,1.4333333333333333,30.0,223,29,0.930873,True,-0.264109,-0.774553,0.217743,-0.321088,-0.761756,0.190442
43,1.4333333333333333,30.0,223,30,0.795163,True,-0.51462,-0.289799,0.033968,-0.473707,-0.317757,-0.01587
43,1.4333333333333333,30.0,223,31,0.965472,True,-0.268193,-0.841898,0.174161,-0.35472,-0.846993,0.138842
43,1.4333333333333333,30.0,223,32,0.767629,True,-0.556016,-0.319447,-0.000278,-0.515625,-0.356538,-0.04545
44,1.4666666666666666,30.0,224,0,0.997142,True,-0.176907,0.336354,-0.521138,-0.200734,0.325041,-0.512007
44,1.4666666666666666,30.0,224,1,0.996524,True,-0.186264,0.349783,-0.522023,-0.204184,0.351148,-0.518214
44,1.4666666666666666,30.0,224,2,0.995714,True,-0.18536,0.346462,-0.511858,-0.204041,0.34834,-0.508839
44,1.4666666666666666,30.0,224,3,0.99676,True,-0.186454,0.346806,-0.513871,-0.204367,0.348912,-0.509762
44,1.4666666666666666,30.0,224,4,0.998262,True,-0.195383,0.339367,-0.538444,-0.210597,0.339741,-0.52435
44,1.4666666666666666,30.0,224,5,0.998579,True,-0.191669,0.338292,-0.550509,-0.208152,0.338748,-0.536092
44,1.4666666666666666,30.0,224,6,0.999216,True,-0.185271,0.326538,-0.528283,-0.200677,0.326392,-0.513768
44,1.4666666666666666,30.0,224,7,0.99787,True,-0.127061,0.41792,-0.426806,-0.138262,0.427115,-0.436999
44,1.4666666666666666,30.0,224,8,0.998663,True,-0.198404,0.270733,-0.436319,-0.202008,0.280265,-0.402957
44,1.4666666666666666,30.0,224,9,0.996881,True,-0.128018,0.370622,-0.467983,-0.148697,0.356415,-0.463568
44,1.4666666666666666,30.0,224,10,0.997586,True,-0.136434,0.312683,-0.500772,-0.155768,0.29771,-0.482143
44,1.4666666666666666,30.0,224,11,0.999959,True,0.046297,0.453485,-0.209408,0.050012,0.444539,-0.222735
44,1.4666666666666666,30.0,224,12,0.999884,True,-0.158699,0.303916,-0.263891,-0.173317,0.312609,-0.233027
44,1.4666666666666666,30.0,224,13,0.865971,True,0.274818,0.456541,-0.132943,0.277864,0.434704,-0.185751
44,1.4666666666666666,30.0,224,14,0.834696,True,-0.191585,0.012155,-0.313706,-0.258413,0.030395,-0.267079
44,1.4666666666666666,30.0,224,15,0.845904,True,0.531742,0.415621,-0.056685,0.514391,0.384153,-0.10823
44,1.4666666666666666,30.0,224,16,0.885485,True,-0.333121,-0.195441,-0.379808,-0.477793,-0.162171,-0.319979
44,1.4666666666666666,30.0,224,17,0.848889,True,0.581556,0.42754,-0.028994,0.561648,0.382684,-0.087789
44,1.4666666666666666,30.0,224,18,0.879434,True,-0.326732,-0.235896,-0.41828,-0.456019,-0.193317,-0.352767
44,1.4666666666666666,30.0,224,19,0.850071,True,0.574498,0.414912,-0.075103,0.556161,0.379577,-0.127073
44,1.4666666666666666,30.0,224,20,0.880891,True,-0.312052,-0.208002,-0.445687,-0.430828,-0.168243,-0.383554
44,1.4666666666666666,30.0,224,21,0.84095,True,0.5481,0.3868,-0.077711,0.537926,0.359658,-0.128421
44,1.4666666666666666,30.0,224,22,0.870294,True,-0.322571,-0.203415,-0.401023,-0.462362,-0.172189,-0.342196
44,1.4666666666666666,30.0,224,23,0.999982,True,0.058279,0.000112,0.063767,0.064888,-0.008393,0.051109
44,1.4666666666666666,30.0,224,24,0.999957,True,-0.056951,0.005205,-0.059651,-0.063271,0.013874,-0.047939
44,1.4666666666666666,30.0,224,25,0.977001,True,-0.004036,-0.406355,0.049592,-0.076899,-0.422359,0.019837
44,1.4666666666666666,30.0,224,26,0.868707,True,-0.017646,-0.278644,-0.078882,0.068929,-0.243824,-0.083731
44,1.4666666666666666,30.0,224,27,0.980854,True,-0.180273,-0.67971,0.208844,-0.209191,-0.786527,0.115998
44,1.4666666666666666,30.0,224,28,0.783175,True,-0.351586,-0.466524,0.053533,-0.261057,-0.365084,0.084947
44,1.4666666666666666,30.0,224,29,0.937506,True,-0.222822,-0.712358,0.234244,-0.249342,-0.829316,0.131741
44,1.4666666666666666,30.0,224,30,0.814102,True,-0.38991,-0.398569,0.035034,-0.311479,-0.368004,0.06962
44,1.4666666666666666,30.0,224,31,0.968806,True,-0.232534,-0.789693,0.207425,-0.247317,-0.877977,0.109845
44,1.4666666666666666,30.0,224,32,0.790381,True,-0.406591,-0.439401,-0.007973,-0.372651,-0.427923,0.045372
45,1.5,30.0,225,0,0.997427,True,-0.057623,0.303203,-0.563826,-0.063934,0.345172,-0.563279
45,1.5,30.0,225,1,0.996871,True,-0.06647,0.319486,-0.569847,-0.085678,0.3642,-0.571043
45,1.5,30.0,225,2,0.996142,True,-0.064864,0.316073,-0.558609,-0.083078,0.361137,-0.559901
45,1.5,30.0,225,3,0.997083,True,-0.066523,0.31636,-0.560418,-0.085242,0.361663,-0.561639
45,1.5,30.0,225,4,0.998436,True,-0.07457,0.310132,-0.58711,-0.098931,0.351984,-0.586992
45,1.5,30.0,225,5,0.998721,True,-0.070335,0.30852,-0.600108,-0.093509,0.350092,-0.600471
45,1.5,30.0,225,6,0.999294,True,-0.064669,0.297519,-0.576917,-0.08935,0.339579,-0.576296
45,1.5,30.0,225,7,0.998083,True,-0.03691,0.385027,-0.47601,-0.058671,0.431037,-0.472924
45,1.5,30.0,225,8,0.998795,True,-0.109758,0.252323,-0.494941,-0.170371,0.282127,-0.487483
45,1.5,30.0,225,9,0.997192,True,-0.025216,0.334395,-0.508339,-0.02803,0.373911,-0.504266
45,1.5,30.0,225,10,0.997827,True,-0.03388,0.278876,-0.543131,-0.041968,0.314024,-0.537313
45,1.5,30.0,225,11,0.999963,True,0.066945,0.420533,-0.259684,0.061885,0.468365,-0.243915
45,1.5,30.0,225,12,0.999894,True,-0.095655,0.28637,-0.293735,-0.110086,0.304907,-0.283831
45,1.5,30.0,225,13,0.878409,True,0.266786,0.405657,-0.190145,0.268717,0.483678,-0.165303
45,1.5,30.0,225,14,0.848811,True,-0.084153,0.033048,-0.331809,-0.045917,0.014463,-0.314107
45,1.5,30.0,225,15,0.86112,True,0.525643,0.366891,-0.102877,0.487627,0.415115,-0.091605
45,1.5,30.0,225,16,0.891128,True,-0.175693,-0.162998,-0.394611,-0.08935,-0.221292,-0.364327
45,1.5,30.0,225,17,0.863471,True,0.573153,0.384742,-0.081117,0.528719,0.447386,-0.076643
45,1.5,30.0,225,18,0.874249,True,-0.151269,-0.204284,-0.436348,-0.079567,-0.256352,-0.41085
45,1.5,30.0,225,19,0.864675,True,0.563909,0.363831,-0.119373,0.521713,0.424,-0.107898
45,1.5,30.0,225,20,0.877859,True,-0.136541,-0.17817,-0.46021,-0.061945,-0.230955,-0.429251
45,1.5,30.0,225,21,0.856405,True,0.535308,0.336152,-0.117221,0.508001,0.38462,-0.105197
45,1.5,30.0,225,22,0.862085,True,-0.15802,-0.169551,-0.414894,-0.080554,-0.226796,-0.383514
45,1.5,30.0,225,23,0.999982,True,0.04963,0.009316,0.062274,0.062072,0.013552,0.0589
45,1.5,30.0,225,24,0.99996,True,-0.047952,-0.003931,-0.05839,-0.060592,-0.008054,-0.05466
45,1.5,30.0,225,25,0.962956,True,0.042999,-0.408161,0.056123,0.175482,-0.409912,0.048444
45,1.5,30.0,225,26,0.881038,True,0.05501,-0.311107,-0.042431,-0.013945,-0.360108,-0.072787
45,1.5,30.0,225,27,0.923098,True,-0.083502,-0.611131,0.226961,0.001719,-0.46146,0.343681
45,1.5,30.0,225,28,0.803665,True,-0.230614,-0.602057,0.086094,-0.240576,-0.750609,0.017978
45,1.5,30.0,225,29,0.881911,True,-0.118963,-0.634271,0.253126,-0.041993,-0.467882,0.383841
45,1.5,30.0,225,30,0.819075,False,-0.259433,-0.53378,0.064942,-0.25865,-0.784657,-0.005679
45,1.5,30.0,225,31,0.925163,True,-0.118843,-0.716839,0.240592,-0.06002,-0.516712,0.391861
45,1.5,30.0,225,32,0.809474,False,-0.2608,-0.577698,0.014356,-0.225198,-0.83468,-0.086219
46,1.5333333333333334,30.0,226,0,0.997684,True,0.065357,0.286467,-0.547886,0.097475,0.299032,-0.534823
46,1.5333333333333334,30.0,226,1,0.997184,True,0.061817,0.301382,-0.558854,0.084211,0.301845,-0.547928
46,1.5333333333333334,30.0,226,2,0.996527,True,0.063865,0.298211,-0.547143,0.085001,0.298253,-0.532986
46,1.5333333333333334,30.0,226,3,0.997375,True,0.061824,0.298483,-0.548792,0.08333,0.297059,-0.535289
46,1.5333333333333334,30.0,226,4,0.998592,True,0.056738,0.293755,-0.577484,0.086352,0.297145,-0.564776
46,1.5333333333333334,30.0,226,5,0.998849,True,0.061183,0.29187,-0.590933,0.09068,0.295048,-0.578121
46,1.5333333333333334,30.0,226,6,0.999364,True,0.066162,0.281377,-0.567641,0.095073,0.283791,-0.554695
46,1.5333333333333334,30.0,226,7,0.998274,True,0.063851,0.355511,-0.478999,0.062569,0.353677,-0.464278
46,1.5333333333333334,30.0,226,8,0.998915,True,-0.001767,0.249553,-0.508775,0.04117,0.231008,-0.495645
46,1.5333333333333334,30.0,226,9,0.997472,True,0.081062,0.31287,-0.496307,0.104259,0.324798,-0.481167
46,1.5333333333333334,30.0,226,10,0.998044,True,0.072757,0.261425,-0.533019,0.106379,0.272893,-0.517425
46,1.5333333333333334,30.0,226,11,0.999967,True,0.102912,0.376186,-0.287105,0.034283,0.422771,-0.258028
46,1.5333333333333334,30.0,226,12,0.999902,True,-0.028367,0.296418,-0.285211,0.051763,0.246067,-0.293262
46,1.5333333333333334,30.0,226,13,0.886077,True,0.264876,0.327003,-0.228604,0.177124,0.482268,-0.150989
46,1.5333333333333334,30.0,226,14,0.862892,True,-0.005567,0.108151,-0.303562,0.134473,-0.052754,-0.378447
46,1.5333333333333334,30.0,226,15,0.873982,True,0.512924,0.270567,-0.141912,0.474218,0.458389,-0.011384
46,1.5333333333333334,30.0,226,16,0.900788,True,-0.05804,-0.046256,-0.363169,0.155004,-0.289453,-0.425734
46,1.5333333333333334,30.0,226,17,0.875606,True,0.558489,0.285329,-0.124466,0.510077,0.493207,0.016307
46,1.5333333333333334,30.0,226,18,0.883516,True,-0.032125,-0.075024,-0.404315,0.177884,-0.336535,-0.473139
46,1.5333333333333334,30.0,226,19,0.876968,True,0.548228,0.256378,-0.157316,0.497771,0.456068,-0.016161
46,1.5333333333333334,30.0,226,20,0.88701,True,-0.014087,-0.052358,-0.423449,0.195606,-0.312597,-0.486463
46,1.5333333333333334,30.0,226,21,0.869393,True,0.516745,0.236089,-0.151565,0.453327,0.423522,-0.015877
46,1.5333333333333334,30.0,226,22,0.870951,True,-0.044353,-0.050068,-0.380834,0.162522,-0.29725,-0.442973
46,1.5333333333333334,30.0,226,23,0.999983,True,0.04372,0.01612,0.055625,-0.006699,0.021757,0.059832
46,1.5333333333333334,30.0,226,24,0.999961,True,-0.041273,-0.010756,-0.052284,0.006978,-0.016502,-0.05549
46,1.5333333333333334,30.0,226,25,0.964587,True,0.092381,-0.406123,0.052917,-0.069293,-0.420428,0.045416
46,1.5333333333333334,30.0,226,26,0.874201,True,0.095643,-0.335877,-0.004705,0.195597,-0.30166,0.043804
46,1.5333333333333334,30.0,226,27,0.929809,True,0.044862,-0.547971,0.232759,-0.135402,-0.746068,0.077634
46,1.5333333333333334,30.0,226,28,0.811647,False,-0.114438,-0.704114,0.131226,0.281813,-0.544521,0.212892
46,1.5333333333333334,30.0,226,29,0.889949,True,0.020583,-0.562436,0.25902,-0.170206,-0.7806,0.090703
46,1.5333333333333334,30.0,226,30,0.811103,False,-0.133047,-0.658074,0.107638,0.292526,-0.55977,0.197573
46,1.5333333333333334,30.0,226,31,0.931383,True,0.046275,-0.634744,0.253986,-0.168003,-0.856954,0.063446
46,1.5333333333333334,30.0,226,32,0.815346,False,-0.138082,-0.696221,0.052602,0.363476,-0.58227,0.207262
47,1.5666666666666667,30.0,227,0,0.997838,True,0.172696,0.294255,-0.459672,0.185066,0.236978,-0.570439
47,1.5666666666666667,30.0,227,1,0.99736,True,0.177532,0.303194,-0.474598,0.195397,0.250439,-0.584733
47,1.5666666666666667,30.0,227,2,0.996784,True,0.17946,0.300653,-0.462952,0.197934,0.248306,-0.571676
47,1.5666666666666667,30.0,227,3,0.997591,True,0.177586,0.301071,-0.464411,0.19582,0.249205,-0.575159
47,1.5666666666666667,30.0,227,4,0.998584,True,0.178085,0.297375,-0.494186,0.18836,0.256461,-0.609613
47,1.5666666666666667,30.0,227,5,0.998789,True,0.182337,0.295637,-0.507703,0.192745,0.255032,-0.624951
47,1.5666666666666667,30.0,227,6,0.999267,True,0.186859,0.285126,-0.485112,0.197032,0.242462,-0.601594
47,1.5666666666666667,30.0,227,7,0.998411,True,0.155396,0.339285,-0.421672,0.181843,0.296428,-0.512058
47,1.5666666666666667,30.0,227,8,0.998465,True,0.110825,0.263505,-0.458354,0.108971,0.23365,-0.576579
47,1.5666666666666667,30.0,227,9,0.997674,True,0.172633,0.314989,-0.418481,0.186093,0.25703,-0.522496
47,1.5666666666666667,30.0,227,10,0.998134,True,0.167215,0.267988,-0.456282,0.172034,0.222501,-0.569442
47,1.5666666666666667,30.0,227,11,0.99997,True,0.139089,0.336492,-0.279947,0.164005,0.292502,-0.344863
47,1.5666666666666667,30.0,227,12,0.999897,True,0.040585,0.33234,-0.227508,0.008098,0.276684,-0.312309
47,1.5666666666666667,30.0,227,13,0.889185,True,0.25765,0.250292,-0.240866,0.238568,0.125455,-0.289282
47,1.5666666666666667,30.0,227,14,0.797768,True,0.04446,0.209916,-0.226853,0.014499,0.193241,-0.298581
47,1.5666666666666667,30.0,227,15,0.870588,False,0.472262,0.155168,-0.15833,0.407825,-0.169904,-0.238469
47,1.5666666666666667,30.0,227,16,0.817549,False,0.013317,0.11187,-0.280522,-0.029517,0.214541,-0.317378
47,1.5666666666666667,30.0,227,17,0.853401,False,0.513072,0.159525,-0.142852,0.440099,-0.204527,-0.23211
47,1.5666666666666667,30.0,227,18,0.798948,False,0.017683,0.110355,-0.317372,-0.011261,0.238902,-0.35471
47,1.5666666666666667,30.0,227,19,0.858222,False,0.5039,0.127095,-0.170914,0.425986,-0.247836,-0.26108
47,1.5666666666666667,30.0,227,20,0.802541,False,0.042618,0.12962,-0.331022,0.000117,0.287037,-0.380753
47,1.5666666666666667,30.0,227,21,0.845407,False,0.473292,0.117392,-0.164752,0.408821,-0.222366,-0.243712
47,1.5666666666666667,30.0,227,22,0.786914,False,0.00654,0.111867,-0.294294,-0.025112,0.234357,-0.335697
47,1.5666666666666667,30.0,227,23,0.999984,True,0.037564,0.018815,0.040899,0.053413,0.021053,0.055959
47,1.5666666666666667,30.0,227,24,0.999964,True,-0.034311,-0.013534,-0.038343,-0.049676,-0.016329,-0.051723
47,1.5666666666666667,30.0,227,25,0.908576,True,0.119314,-0.398907,0.03218,0.229248,-0.398972,0.088009
47,1.5666666666666667,30.0,227,26,0.880168,True,0.103478,-0.343556,0.030183,0.066585,-0.356432,0.024898
47,1.5666666666666667,30.0,227,27,0.858544,False,0.162301,-0.516004,0.206738,0.401194,-0.417433,0.339336
47,1.5666666666666667,30.0,227,28,0.823298,True,-0.003009,-0.728381,0.174999,-0.016171,-0.779684,0.196183
47,1.5666666666666667,30.0,227,29,0.81136,False,0.14985,-0.525907,0.231749,0.404322,-0.418016,0.373223
47,1.5666666666666667,30.0,227,30,0.769648,True,-0.010683,-0.715295,0.149802,-0.029045,-0.818677,0.169101
47,1.5666666666666667,30.0,227,31,0.866769,False,0.201972,-0.568485,0.22676,0.454931,-0.425287,0.387531
47,1.5666666666666667,30.0,227,32,0.817912,True,-0.034959,-0.739155,0.0992,-0.019519,-0.839485,0.077395
48,1.6,30.0,228,0,0.997943,True,0.251842,0.328726,-0.306854,0.227462,0.295818,-0.259025
48,1.6,30.0,228,1,0.997443,True,0.264861,0.328683,-0.324861,0.254208,0.311994,-0.270745
48,1.6,30.0,228,2,0.996965,True,0.266095,0.327167,-0.313366,0.258556,0.308968,-0.26381
48,1.6,30.0,228,3,0.997758,True,0.265023,0.327826,-0.314703,0.255429,0.309249,-0.263603
48,1.6,30.0,228,4,0.998449,True,0.27322,0.324871,-0.343305,0.262619,0.292249,-0.292975
48,1.6,30.0,228,5,0.998611,True,0.27684,0.323598,-0.356705,0.265465,0.28884,-0.303407
48,1.6,30.0,228,6,0.999089,True,0.281101,0.312434,-0.335311,0.271162,0.284659,-0.283933
48,1.6,30.0,228,7,0.998536,True,0.223522,0.344763,-0.307227,0.251093,0.338452,-0.257312
48,1.6,30.0,228,8,0.998121,True,0.211755,0.2927,-0.340438,0.215762,0.307033,-0.295232
48,1.6,30.0,228,9,0.997859,True,0.238563,0.343154,-0.280453,0.228551,0.319368,-0.234302
48,1.6,30.0,228,10,0.99825,True,0.238782,0.300103,-0.316872,0.219457,0.265512,-0.26954
48,1.6,30.0,228,11,0.999973,True,0.158743,0.319805,-0.234173,0.231683,0.264179,-0.217961
48,1.6,30.0,228,12,0.999904,True,0.109224,0.380022,-0.120198,0.05225,0.446677,-0.050166
48,1.6,30.0,228,13,0.89372,True,0.223866,0.21319,-0.222176,0.340828,0.097978,-0.24087
48,1.6,30.0,228,14,0.734963,True,0.081707,0.292605,-0.109892,-0.008066,0.498296,0.058715
48,1.6,30.0,228,15,0.867643,True,0.370842,0.07431,-0.139291,0.515288,-0.138294,-0.176466
48,1.6,30.0,228,16,0.754152,False,0.057703,0.239585,-0.152759,-0.069414,0.521393,0.176813
48,1.6,30.0,228,17,0.837214,True,0.398779,0.067004,-0.124345,0.565377,-0.166945,-0.155596
48,1.6,30.0,228,18,0.734489,False,0.023884,0.272299,-0.183419,-0.045642,0.540258,0.173259
48,1.6,30.0,228,19,0.842513,True,0.392122,0.037459,-0.144732,0.549653,-0.197143,-0.181826
48,1.6,30.0,228,20,0.73886,False,0.057506,0.289587,-0.191715,-0.022881,0.555978,0.154335
48,1.6,30.0,228,21,0.826325,True,0.371736,0.035987,-0.142045,0.519054,-0.180555,-0.18385
48,1.6,30.0,228,22,0.726005,False,0.018263,0.243658,-0.162499,-0.064881,0.529728,0.163186
48,1.6,30.0,228,23,0.999985,True,0.027401,0.017936,0.017753,0.066401,0.020025,0.022817
48,1.6,30.0,228,24,0.999967,True,-0.023784,-0.012864,-0.015942,-0.060574,-0.01512,-0.023664
48,1.6,30.0,228,25,0.90203,True,0.111296,-0.389604,-0.007142,0.219428,-0.381236,0.014089
48,1.6,30.0,228,26,0.88049,True,0.0862,-0.331731,0.059048,0.014299,-0.377131,0.022632
48,1.6,30.0,228,27,0.836037,True,0.231156,-0.530914,0.142881,0.506906,-0.364561,0.260372
48,1.6,30.0,228,28,0.834759,True,0.095783,-0.652685,0.212029,-0.051395,-0.826077,0.153156
48,1.6,30.0,228,29,0.775476,True,0.227,-0.542145,0.165264,0.523756,-0.35727,0.286544
48,1.6,30.0,228,30,0.757055,True,0.099383,-0.664129,0.187002,-0.060104,-0.865517,0.119954
48,1.6,30.0,228,31,0.850605,True,0.285769,-0.545177,0.155743,0.595556,-0.338771,0.2747
48,1.6,30.0,228,32,0.825306,True,0.056387,-0.665917,0.154674,-0.084459,-0.87501,0.043553
49,1.6333333333333333,30.0,229,0,0.998138,True,0.297487,0.381869,-0.121414,0.312277,0.436135,-0.179517
49,1.6333333333333333,30.0,229,1,0.997684,True,0.315907,0.373045,-0.141595,0.335038,0.411158,-0.201128
49,1.6333333333333333,30.0,229,2,0.997252,True,0.316205,0.372836,-0.129931,0.332714,0.412288,-0.190386
49,1.6333333333333333,30.0,229,3,0.997965,True,0.31628,0.37363,-0.131415,0.333277,0.414127,-0.190567
49,1.6333333333333333,30.0,229,4,0.998596,True,0.332414,0.371793,-0.155887,0.348363,0.413596,-0.207606
49,1.6333333333333333,30.0,229,5,0.998744,True,0.335013,0.371011,-0.169104,0.351468,0.41509,-0.220988
49,1.6333333333333333,30.0,229,6,0.999177,True,0.33907,0.358757,-0.149085,0.355353,0.398149,-0.201071
49,1.6333333333333333,30.0,229,7,0.998673,True,0.263878,0.372404,-0.158252,0.263416,0.366635,-0.221677
49,1.6333333333333333,30.0,229,8,0.998305,True,0.286124,0.332076,-0.175114,0.280169,0.347468,-0.196466
49,1.6333333333333333,30.0,229,9,0.998057,True,0.275778,0.389642,-0.110061,0.281018,0.434226,-0.169526
49,1.6333333333333333,30.0,229,10,0.998416,True,0.282133,0.349805,-0.141653,0.288734,0.398224,-0.191319
49,1.6333333333333333,30.0,229,11,0.999973,True,0.155033,0.334168,-0.156344,0.179952,0.319818,-0.19036
49,1.6333333333333333,30.0,229,12,0.999911,True,0.169599,0.420766,0.020987,0.148081,0.457848,-0.017051
49,1.6333333333333333,30.0,229,13,0.882726,True,0.152427,0.234639,-0.17307,0.18809,0.187023,-0.210574
49,1.6333333333333333,30.0,229,14,0.755865,True,0.116344,0.321846,0.029512,-0.020959,0.399359,-0.040867
49,1.6333333333333333,30.0,229,15,0.841563,True,0.197842,0.071147,-0.083637,0.299637,-0.00649,-0.148044
49,1.6333333333333333,30.0,229,16,0.778357,True,0.093438,0.283214,0.000825,-0.084699,0.424446,0.0492
49,1.6333333333333333,30.0,229,17,0.815302,True,0.202702,0.057031,-0.06931,0.323472,-0.028277,-0.13624
49,1.6333333333333333,30.0,229,18,0.760526,True,0.023882,0.342406,-0.023962,-0.102263,0.458499,0.033539
49,1.6333333333333333,30.0,229,19,0.820003,True,0.19794,0.03512,-0.077548,0.334232,-0.053479,-0.157403
49,1.6333333333333333,30.0,229,20,0.764504,True,0.064415,0.359621,-0.028652,-0.038876,0.472251,0.035167
49,1.6333333333333333,30.0,229,21,0.800703,True,0.198793,0.035715,-0.081059,0.310769,-0.045307,-0.156596
49,1.6333333333333333,30.0,229,22,0.752796,True,0.023865,0.290672,-0.006086,-0.087871,0.4296,0.047111
49,1.6333333333333333,30.0,229,23,0.999982,True,0.012947,0.015673,-0.009652,0.011886,0.009525,-0.019647
49,1.6333333333333333,30.0,229,24,0.999965,True,-0.009641,-0.011059,0.011075,-0.007568,-0.004407,0.020454
49,1.6333333333333333,30.0,229,25,0.911568,True,0.076426,-0.383439,-0.055595,-0.013682,-0.377502,-0.094889
49,1.6333333333333333,30.0,229,26,0.840166,True,0.052024,-0.307011,0.078141,0.083241,-0.285214,0.096426
49,1.6333333333333333,30.0,229,27,0.852125,True,0.239294,-0.586725,0.057333,0.13746,-0.694501,-0.072893
49,1.6333333333333333,30.0,229,28,0.794902,False,0.159396,-0.495761,0.244763,0.295968,-0.310076,0.285573
49,1.6333333333333333,30.0,229,29,0.796535,True,0.237522,-0.604316,0.076547,0.131708,-0.724833,-0.06028
49,1.6333333333333333,30.0,229,30,0.745811,False,0.172775,-0.51135,0.222188,0.315928,-0.29642,0.264633
49,1.6333333333333333,30.0,229,31,0.864964,False,0.271929,-0.57681,0.062182,0.023309,-0.752393,-0.083872
49,1.6333333333333333,30.0,229,32,0.804678,False,0.128677,-0.485629,0.221055,0.347545,-0.282693,0.310028
50,1.6666666666666667,30.0,230,0,0.998312,True,0.308298,0.438332,0.050261,0.312659,0.42386,0.178096
50,1.6666666666666667,30.0,230,1,0.997905,True,0.328725,0.424493,0.02949,0.317613,0.413877,0.155152
50,1.6666666666666667,30.0,230,2,0.997516,True,0.328332,0.425628,0.041595,0.31626,0.414907,0.168919
50,1.6666666666666667,30.0,230,3,0.998158,True,0.329381,0.426271,0.039593,0.31981,0.415277,0.166277
50,1.6666666666666667,30.0,230,4,0.998732,True,0.351019,0.426223,0.021502,0.347683,0.414939,0.135874
50,1.6666666666666667,30.0,230,5,0.998866,True,0.35238,0.425673,0.008572,0.34964,0.414903,0.121649
50,1.6666666666666667,30.0,230,6,0.999256,True,0.356195,0.412315,0.027242,0.353102,0.400975,0.141059
50,1.6666666666666667,30.0,230,7,0.998801,True,0.279306,0.413899,-0.009899,0.245396,0.43448,0.098292
50,1.6666666666666667,30.0,230,8,0.998469,True,0.321941,0.374518,-0.001334,0.334515,0.360999,0.049254
50,1.6666666666666667,30.0,230,9,0.998232,True,0.285335,0.439752,0.050822,0.282075,0.430543,0.171093
50,1.6666666666666667,30.0,230,10,0.998563,True,0.294607,0.402464,0.026766,0.304082,0.389956,0.130271
50,1.6666666666666667,30.0,230,11,0.999975,True,0.135964,0.37154,-0.062145,0.07411,0.407726,0.004698
50,1.6666666666666667,30.0,230,12,0.999919,True,0.206527,0.442629,0.165218,0.289043,0.429415,0.171522
50,1.6666666666666667,30.0,230,13,0.893884,False,0.058049,0.301783,-0.103289,-0.21479,0.426849,-0.053481
50,1.6666666666666667,30.0,230,14,0.778338,True,0.138285,0.296787,0.165948,0.301926,0.173247,0.122548
50,1.6666666666666667,30.0,230,15,0.855734,False,-0.01701781373245166,0.148192,-0.007658,-0.434922,0.414457,0.064047
50,1.6666666666666667,30.0,230,16,0.799017,True,0.11405,0.242136,0.150875,0.314945,0.060334,0.106108
50,1.6666666666666667,30.0,230,17,0.830765,False,-0.041159738517297526,0.134313,0.004896,-0.50559,0.424641,0.079777
50,1.6666666666666667,30.0,230,18,0.782468,False,0.031472,0.307234,0.130339,0.353762,0.034716,0.075917
50,1.6666666666666667,30.0,230,19,0.83484,False,-0.017690654291427757,0.121006,0.010938,-0.502023,0.42804,0.091286
50,1.6666666666666667,30.0,230,20,0.78587,False,0.074124,0.325701,0.125984,0.37226,0.064277,0.083591
50,1.6666666666666667,30.0,230,21,0.814119,False,-0.018240410238753793,0.117742,0.001081,-0.435394,0.39581,0.079181
50,1.6666666666666667,30.0,230,22,0.773121,False,0.033321,0.251565,0.144845,0.318601,0.071059,0.104849
50,1.6666666666666667,30.0,230,23,0.999983,True,-0.000675,0.014024,-0.033711,-0.018804,0.007866,-0.039027
50,1.6666666666666667,30.0,230,24,0.999969,True,0.003212,-0.010166,0.035237,0.01974,-0.003012,0.041424
50,1.6666666666666667,30.0,230,25,0.920117,True,0.036628,-0.384109,-0.097243,-0.016056,-0.387213,-0.131769
50,1.6666666666666667,30.0,230,26,0.845071,True,0.006211,-0.281277,0.082537,0.056582,-0.255973,0.084987
50,1.6666666666666667,30.0,230,27,0.865262,True,0.203136,-0.658958,-0.019176,0.122005,-0.717793,-0.075301
50,1.6666666666666667,30.0,230,28,0.795635,True,0.161336,-0.312733,0.276097,0.238012,-0.205846,0.24179
50,1.6666666666666667,30.0,230,29,0.814307,True,0.198541,-0.68494,-0.002429,0.110588,-0.748255,-0.059321
50,1.6666666666666667,30.0,230,30,0.765542,True,0.180049,-0.314902,0.257757,0.264852,-0.189426,0.226209
50,1.6666666666666667,30.0,230,31,0.876087,True,0.18575,-0.6507,-0.018943,0.017159,-0.754735,-0.085492
50,1.6666666666666667,30.0,230,32,0.808692,True,0.156166,-0.26444271586893886,0.292519,0.293683,-0.152702,0.232452
51,1.7,30.0,231,0,0.99846,True,0.282844,0.483851,0.163464,0.243426,0.518895,0.117611
51,1.7,30.0,231,1,0.998098,True,0.302617,0.470779,0.14458,0.262882,0.500359,0.098387
51,1.7,30.0,231,2,0.997749,True,0.302086,0.472957,0.156898,0.262735,0.502252,0.111311
51,1.7,30.0,231,3,0.998332,True,0.303502,0.473152,0.154151,0.263304,0.502397,0.108506
51,1.7,30.0,231,4,0.998843,True,0.325981,0.475021,0.142569,0.284373,0.507165,0.102528
51,1.7,30.0,231,5,0.998965,True,0.32623,0.474361,0.130127,0.284462,0.505824,0.090116
51,1.7,30.0,231,6,0.99932,True,0.329737,0.460294,0.14765,0.287687,0.49211,0.108357
51,1.7,30.0,231,7,0.998915,True,0.272018,0.457317,0.100933,0.244143,0.478567,0.062344
51,1.7,30.0,231,8,0.998595,True,0.310374,0.413339,0.134904,0.275602,0.432668,0.123166
51,1.7,30.0,231,9,0.998371,True,0.267447,0.480052,0.160364,0.236595,0.511121,0.117066
51,1.7,30.0,231,10,0.998668,True,0.273599,0.444568,0.144067,0.240905,0.478324,0.108483
51,1.7,30.0,231,11,0.999978,True,0.118096,0.41395,0.027957,0.100614,0.444938,0.014901
51,1.7,30.0,231,12,0.999897,True,0.204466,0.446459,0.273247,0.184847,0.439903,0.27626
51,1.7,30.0,231,13,0.90438,True,-0.020847,0.381363,-0.031357,-0.079573,0.422718,-0.030578
51,1.7,30.0,231,14,0.701717,True,0.12317,0.24664,0.267232,0.129088,0.206815,0.27281
51,1.7,30.0,231,15,0.869879,True,-0.186965,0.267645,0.060928,-0.313386,0.393912,0.086779
51,1.7,30.0,231,16,0.719676,True,0.090781,0.162611,0.262755,0.107495,0.078482,0.269879
51,1.7,30.0,231,17,0.847136,True,-0.233235,0.258682,0.070621,-0.382238,0.395439,0.095699
51,1.7,30.0,231,18,0.70515,True,0.024443,0.210849,0.244779,0.115126,0.064497,0.25434
51,1.7,30.0,231,19,0.850662,True,-0.2251176049234917,0.251543,0.087783,-0.39682,0.398384,0.120399
51,1.7,30.0,231,20,0.708204,True,0.064349,0.230596,0.237312,0.151668,0.088746,0.238691
51,1.7,30.0,231,21,0.830942,True,-0.192313,0.241882,0.074068,-0.323791,0.374232,0.103176
51,1.7,30.0,231,22,0.696897,True,0.024054,0.172213,0.255954,0.119296,0.086918,0.258009
51,1.7,30.0,231,23,0.999985,True,-0.005732,0.013243,-0.046364,-0.013674,0.013352,-0.042385
51,1.7,30.0,231,24,0.99997,True,0.007559,-0.01031,0.04838,0.014703,-0.010889,0.045098
51,1.7,30.0,231,25,0.928035,True,0.011855,-0.391194,-0.11726,0.01122,-0.388068,-0.095212
51,1.7,30.0,231,26,0.816563,True,-0.046611,-0.264519,0.067605,-0.073738,-0.25944,0.06407
51,1.7,30.0,231,27,0.87774,True,0.150739,-0.719824,-0.057838,0.113674,-0.723757,-0.01971
51,1.7,30.0,231,28,0.72589,True,0.089808,-0.166284,0.30116,0.03395,-0.067297,0.281028
51,1.7,30.0,231,29,0.827737,True,0.140833,-0.75285,-0.041951,0.099526,-0.757569,-0.003019
51,1.7,30.0,231,30,0.733088,True,0.106873,-0.149852,0.287506,0.050025,-0.031177,0.268082
51,1.7,30.0,231,31,0.885997,True,0.081858,-0.735738,-0.057483,0.00165,-0.771347,-0.011217
51,1.7,30.0,231,32,0.751616,True,0.110608,-0.078536,0.351214,0.101803,0.066174,0.354511
52,1.7333333333333334,30.0,232,0,0.998513,True,0.219201,0.512392,0.189308,0.238573,0.505531,0.149737
52,1.7333333333333334,30.0,232,1,0.998189,True,0.236235,0.504668,0.175,0.256829,0.492831,0.131351
52,1.7333333333333334,30.0,232,2,0.997883,True,0.236042,0.507204,0.186815,0.256604,0.494671,0.144342
52,1.7333333333333334,30.0,232,3,0.998441,True,0.237094,0.506835,0.1834,0.256996,0.494557,0.140786
52,1.7333333333333334,30.0,232,4,0.998872,True,0.255251,0.509795,0.175662,0.278707,0.497696,0.132404
52,1.7333333333333334,30.0,232,5,0.998982,True,0.254978,0.50883,0.16388,0.278707,0.496431,0.120159
52,1.7333333333333334,30.0,232,6,0.999332,True,0.258069,0.49464,0.180741,0.28197,0.482679,0.137666
52,1.7333333333333334,30.0,232,7,0.998992,True,0.238509,0.492774,0.14579,0.243194,0.481894,0.092906
52,1.7333333333333334,30.0,232,8,0.998577,True,0.247941,0.442983,0.194108,0.274075,0.426732,0.139619
52,1.7333333333333334,30.0,232,9,0.998377,True,0.220083,0.505113,0.189796,0.235914,0.501422,0.148576
52,1.7333333333333334,30.0,232,10,0.998644,True,0.217324,0.470324,0.178083,0.238806,0.465487,0.1366
52,1.7333333333333334,30.0,232,11,0.99998,True,0.113829,0.445723,0.093213,0.117013,0.450179,0.038144
52,1.7333333333333334,30.0,232,12,0.999864,True,0.15838,0.441922,0.308494,0.17805,0.42942,0.283625
52,1.7333333333333334,30.0,232,13,0.913687,True,-0.043183,0.443539,0.021744,-0.063438,0.426273,-0.004571
52,1.7333333333333334,30.0,232,14,0.632614,True,0.054802,0.205719,0.298291,0.085621,0.207134,0.27628
52,1.7333333333333334,30.0,232,15,0.882218,True,-0.251237,0.379685,0.098356,-0.308859,0.392703,0.113075
52,1.7333333333333334,30.0,232,16,0.648133,True,0.000215,0.098232,0.301889,0.019302,0.087991,0.269475
52,1.7333333333333334,30.0,232,17,0.861084,True,-0.304486,0.376145,0.105434,-0.378554,0.391675,0.123647
52,1.7333333333333334,30.0,232,18,0.635262,True,-0.033151,0.116425,0.285155,0.026008,0.072483,0.25399
52,1.7333333333333334,30.0,232,19,0.863953,True,-0.317911,0.371737,0.125503,-0.393563,0.391063,0.149917
52,1.7333333333333334,30.0,232,20,0.637997,True,0.002067,0.136182,0.272739,0.051867,0.090132,0.240569
52,1.7333333333333334,30.0,232,21,0.843873,True,-0.260885,0.356498,0.11161,-0.319631,0.371542,0.130794
52,1.7333333333333334,30.0,232,22,0.627913,True,-0.036237,0.106056,0.293651,0.025776,0.093863,0.258871
52,1.7333333333333334,30.0,232,23,0.999986,True,0.002277,0.011955,-0.042223,-0.006715,0.017972,-0.03919
52,1.7333333333333334,30.0,232,24,0.999972,True,-0.000668,-0.009836,0.044903,0.007969,-0.016566,0.041983
52,1.7333333333333334,30.0,232,25,0.934994,True,0.007596,-0.4002,-0.107398,0.027291,-0.389167,-0.078066
52,1.7333333333333334,30.0,232,26,0.771697,True,-0.098903,-0.258917,0.032535,-0.092541,-0.261442,0.051088
52,1.7333333333333334,30.0,232,27,0.886785,True,0.099621,-0.753751,-0.045379,0.111516,-0.721596,-0.006463
52,1.7333333333333334,30.0,232,28,0.657487,True,-0.041129,-0.092219,0.306124,-0.034934,-0.064287,0.304086
52,1.7333333333333334,30.0,232,29,0.831005,True,0.084349,-0.79051,-0.028673,0.095899,-0.756437,0.01088
52,1.7333333333333334,30.0,232,30,0.685267,True,-0.033141,-0.062892,0.296151,-0.028424,-0.029871,0.292912
52,1.7333333333333334,30.0,232,31,0.889134,True,0.004296,-0.800923,-0.041615,0.000474,-0.77546,0.008639
52,1.7333333333333334,30.0,232,32,0.686428,True,-0.015606,0.011164,0.373444,0.003976,0.066648,0.387361
53,1.7666666666666666,30.0,233,0,0.998495,True,0.119709,0.526095,0.123976,0.151802,0.504815,0.180189
53,1.7666666666666666,30.0,233,1,0.998166,True,0.131707,0.524041,0.116019,0.171401,0.501404,0.174156
53,1.7666666666666666,30.0,233,2,0.997901,True,0.131959,0.525939,0.126595,0.171694,0.503746,0.184934
53,1.7666666666666666,30.0,233,3,0.998432,True,0.132128,0.525156,0.122807,0.172607,0.50297,0.179953
53,1.7666666666666666,30.0,233,4,0.998835,True,0.142521,0.527865,0.114044,0.184085,0.506508,0.174965
53,1.7666666666666666,30.0,233,5,0.998958,True,0.142674,0.526631,0.102887,0.183714,0.505321,0.163855
53,1.7666666666666666,30.0,233,6,0.999301,True,0.145156,0.512879,0.119937,0.185039,0.492412,0.179837
53,1.7666666666666666,30.0,233,7,0.998996,True,0.173339,0.514114,0.113807,0.228975,0.485106,0.172669
53,1.7666666666666666,30.0,233,8,0.998503,True,0.141451,0.458088,0.157032,0.192873,0.435801,0.224295
53,1.7666666666666666,30.0,233,9,0.998291,True,0.143092,0.517214,0.132944,0.171869,0.494204,0.188487
53,1.7666666666666666,30.0,233,10,0.998554,True,0.129159,0.481673,0.119808,0.155925,0.459274,0.177173
53,1.7666666666666666,30.0,233,11,0.999981,True,0.122703,0.461061,0.117713,0.116497,0.442066,0.135537
53,1.7666666666666666,30.0,233,12,0.999834,True,0.079883,0.437584,0.252315,0.09361,0.416951,0.31292
53,1.7666666666666666,30.0,233,13,0.920568,True,0.008407,0.477063,0.042019,-0.018962,0.426517,0.054938
53,1.7666666666666666,30.0,233,14,0.579623,True,-0.0559,0.189288,0.235462,-0.041411,0.177314,0.300033
53,1.7666666666666666,30.0,233,15,0.892196,True,-0.17151,0.453137,0.098491,-0.170117,0.380669,0.07346
53,1.7666666666666666,30.0,233,16,0.598657,True,-0.14821,0.073034,0.244646,-0.112042,0.092048,0.248324
53,1.7666666666666666,30.0,233,17,0.872726,True,-0.212409,0.453049,0.105164,-0.205466,0.375194,0.079578
53,1.7666666666666666,30.0,233,18,0.591244,True,-0.153855,0.062344,0.227641,-0.080221,0.079816,0.221603
53,1.7666666666666666,30.0,233,19,0.874931,True,-0.228861,0.44944,0.118276,-0.21675,0.362018,0.090115
53,1.7666666666666666,30.0,233,20,0.593888,True,-0.121847,0.080282,0.210972,-0.056747,0.098792,0.203062
53,1.7666666666666666,30.0,233,21,0.854669,True,-0.182638,0.430232,0.106975,-0.175462,0.35519,0.082554
53,1.7666666666666666,30.0,233,22,0.584832,True,-0.155288,0.077278,0.235174,-0.106404,0.098858,0.236891
53,1.7666666666666666,30.0,233,23,0.999987,True,0.020685,0.008669,-0.020739,0.017789,0.01726,-0.033313
53,1.7666666666666666,30.0,233,24,0.999972,True,-0.018735,-0.006984,0.024107,-0.01524,-0.015608,0.035521
53,1.7666666666666666,30.0,233,25,0.941428,True,0.014671,-0.405315,-0.068042,0.029927,-0.419599,-0.081858
53,1.7666666666666666,30.0,233,26,0.787146,True,-0.140454,-0.258324,-0.016903,-0.160848,-0.259871,-0.010287
53,1.7666666666666666,30.0,233,27,0.897651,True,0.048974,-0.762114,0.01194,0.093866,-0.762576,-0.03128
53,1.7666666666666666,30.0,233,28,0.629503,True,-0.195888,-0.084613,0.276764,-0.1946,-0.161013,0.317481
53,1.7666666666666666,30.0,233,29,0.843793,True,0.02903,-0.799378,0.030443,0.076613,-0.800258,-0.013998
53,1.7666666666666666,30.0,233,30,0.672488,True,-0.202186,-0.0512,0.268534,-0.198098,-0.141953,0.310386
53,1.7666666666666666,30.0,233,31,0.898249,True,-0.038192,-0.832209,0.019854,0.00274,-0.841471,-0.030127
53,1.7666666666666666,30.0,233,32,0.655312,True,-0.196838,0.009321,0.343298,-0.179889,-0.097619,0.378466
54,1.8,30.0,234,0,0.968001,True,-0.00278,0.529224,-0.007399,0.020966,0.518586,0.074937
54,1.8,30.0,234,1,0.948014,True,0.001474,0.528493,-0.008932,0.026958,0.529979,0.078522
54,1.8,30.0,234,2,0.946752,True,0.001966,0.52874,0.000182,0.028805,0.531502,0.086147
54,1.8,30.0,234,3,0.952409,True,0.001085,0.527862,-0.003734,0.027553,0.529646,0.083106
54,1.8,30.0,234,4,0.967474,True,0.003627,0.529282,-0.0187,0.025192,0.531932,0.072747
54,1.8,30.0,234,5,0.972432,True,0.005041,0.527937,-0.029453,0.024748,0.530289,0.063269
54,1.8,30.0,234,6,0.98255,True,0.006773,0.515071,-0.011215,0.028691,0.516774,0.079526
54,1.8,30.0,234,7,0.960716,True,0.078746,0.517868,0.018997,0.11155,0.521123,0.115164
54,1.8,30.0,234,8,0.976077,True,0.011364,0.453856,0.036544,0.004632,0.479428,0.152759
54,1.8,30.0,234,9,0.960419,True,0.044579,0.520424,0.01142,0.065772,0.506168,0.096686
54,1.8,30.0,234,10,0.969243,True,0.022022,0.482725,-0.00975,0.032095,0.472187,0.083182
54,1.8,30.0,234,11,0.999855,True,0.133111,0.462558,0.097925,0.150539,0.438684,0.15633
54,1.8,30.0,234,12,0.999695,True,-0.006543,0.434052,0.118556,-0.036378,0.438684,0.227028
54,1.8,30.0,234,13,0.834242,True,0.114285,0.487474,0.030905,0.053012,0.503835,0.079525
54,1.8,30.0,234,14,0.535793,True,-0.171959,0.188903,0.087602,-0.216661,0.212069,0.242134
54,1.8,30.0,234,15,0.807719,True,0.021819,0.486438,0.076613,-0.039357,0.530358,0.084466
54,1.8,30.0,234,16,0.55633,True,-0.308897,0.075368,0.096144,-0.341746,0.112347,0.269112
54,1.8,30.0,234,17,0.794087,True,-0.002856572494238329,0.488524,0.086458,-0.052438,0.540543,0.082871
54,1.8,30.0,234,18,0.549036,True,-0.306762,0.047105,0.076564,-0.340598,0.096017,0.257562
54,1.8,30.0,234,19,0.796103,True,-0.020058390028532904,0.486004,0.085592,-0.08124,0.532976,0.087437
54,1.8,30.0,234,20,0.551746,True,-0.275359,0.061844,0.058349,-0.302797,0.113058,0.239373
54,1.8,30.0,234,21,0.777319,True,0.013559,0.462796,0.077249,-0.060017,0.50634,0.083231
54,1.8,30.0,234,22,0.543695,True,-0.3005,0.074975,0.085927,-0.340292,0.116549,0.263467
54,1.8,30.0,234,23,0.999987,True,0.040962,0.003222,0.01323,0.060911,-0.00483,-0.000965
54,1.8,30.0,234,24,0.999972,True,-0.038402,-0.001488,-0.009178,-0.058059,0.00673,0.005712
54,1.8,30.0,234,25,0.944026,True,0.019274,-0.403375,-0.008698,0.025671,-0.417915,-0.074655
54,1.8,30.0,234,26,0.801327,True,-0.162436,-0.25403,-0.069716,-0.167185,-0.260367,-0.074527
54,1.8,30.0,234,27,0.903216,True,-0.009051,-0.756445,0.092417,0.033741,-0.759352,0.056086
54,1.8,30.0,234,28,0.608733,True,-0.332526,-0.109914,0.210602,-0.346058,-0.162927,0.288365
54,1.8,30.0,234,29,0.8337,True,-0.033458,-0.792403,0.11261,0.014157,-0.794287,0.07885
54,1.8,30.0,234,30,0.63581,True,-0.354273,-0.078084,0.201974,-0.367644,-0.140338,0.278516
54,1.8,30.0,234,31,0.893951,True,-0.064281,-0.835652,0.103064,0.000713,-0.834654,0.068459
54,1.8,30.0,234,32,0.617837,True,-0.381665,-0.040348,0.264283,-0.399039,-0.094146,0.330321
55,1.8333333333333333,30.0,235,0,0.971164,True,-0.123151,0.52251,-0.155682,-0.141728,0.525944,-0.185395
55,1.8333333333333333,30.0,235,1,0.953103,True,-0.129235,0.517147,-0.152518,-0.157394,0.537247,-0.184788
55,1.8333333333333333,30.0,235,2,0.951985,True,-0.128671,0.515198,-0.144382,-0.156513,0.536722,-0.177201
55,1.8333333333333333,30.0,235,3,0.9571,True,-0.130484,0.51451,-0.14847,-0.158707,0.535921,-0.181391
55,1.8333333333333333,30.0,235,4,0.970669,True,-0.132182,0.514333,-0.17269,-0.160869,0.532041,-0.207458
55,1.8333333333333333,30.0,235,5,0.975145,True,-0.12946,0.512947,-0.183174,-0.158717,0.53061,-0.216681
55,1.8333333333333333,30.0,235,6,0.984239,True,-0.128224,0.501282,-0.163092,-0.156445,0.518141,-0.196535
55,1.8333333333333333,30.0,235,7,0.96463,True,-0.02934,0.503245,-0.100407,-0.071133,0.546332,-0.124592
55,1.8333333333333333,30.0,235,8,0.9784,True,-0.11125,0.428813,-0.120891,-0.152657,0.458581,-0.150386
55,1.8333333333333333,30.0,235,9,0.964355,True,-0.056357,0.515281,-0.128877,-0.072511,0.526979,-0.154795
55,1.8333333333333333,30.0,235,10,0.972279,True,-0.081554,0.47446,-0.162178,-0.098652,0.480575,-0.188751
55,1.8333333333333333,30.0,235,11,0.999869,True,0.131443,0.455301,0.048699,0.145902,0.473373,0.1263
55,1.8333333333333333,30.0,235,12,0.999717,True,-0.073788,0.425068,-0.044664,-0.097451,0.442861,-0.082743
55,1.8333333333333333,30.0,235,13,0.848958,True,0.226588,0.486947,0.007422,0.320574,0.511533,0.03948
55,1.8333333333333333,30.0,235,14,0.582076,True,-0.248932,0.185565,-0.095335,-0.296251,0.209486,-0.147735
55,1.8333333333333333,30.0,235,15,0.826433,False,0.2488733923635464,0.497989,0.062354,0.511116,0.494411,0.105495
55,1.8333333333333333,30.0,235,16,0.599183,False,-0.421965,0.078133,-0.098174,-0.481319,0.091046,-0.197674
55,1.8333333333333333,30.0,235,17,0.813878,False,0.2708159869320429,0.503651,0.078696,0.552033,0.494159,0.126372
55,1.8333333333333333,30.0,235,18,0.590803,False,-0.430106,0.045616,-0.12292,-0.509714,0.063396,-0.227016
55,1.8333333333333333,30.0,235,19,0.815804,False,0.25609274071301,0.503267,0.062665,0.538849,0.492115,0.101417
55,1.8333333333333333,30.0,235,20,0.593253,False,-0.398581,0.056842,-0.139377,-0.472572,0.072521,-0.23736
55,1.8333333333333333,30.0,235,21,0.798888,False,0.24672763216405108,0.474168,0.055158,0.518216,0.467096,0.09131
55,1.8333333333333333,30.0,235,22,0.585573,False,-0.41358,0.073463,-0.10871,-0.482137,0.083624,-0.205801
55,1.8333333333333333,30.0,235,23,0.999988,True,0.053679,-0.003017,0.05096,0.057677,-0.006331,0.067895
55,1.8333333333333333,30.0,235,24,0.999973,True,-0.050645,0.005159,-0.046187,-0.054678,0.008423,-0.062778
55,1.8333333333333333,30.0,235,25,0.949353,True,0.012835,-0.396387,0.053108,0.012174,-0.400583,0.074174
55,1.8333333333333333,30.0,235,26,0.82119,True,-0.160683,-0.243012,-0.114885,-0.149705,-0.261743,-0.149331
55,1.8333333333333333,30.0,235,27,0.912864,True,-0.074068,-0.749134,0.16606,-0.093203,-0.752114,0.19088
55,1.8333333333333333,30.0,235,28,0.647836,True,-0.417111,-0.135109,0.122441,-0.450757,-0.122206,0.061505
55,1.8333333333333333,30.0,235,29,0.850194,True,-0.103166,-0.783585,0.186716,-0.124239,-0.7865,0.209291
55,1.8333333333333333,30.0,235,30,0.672141,True,-0.451211,-0.106149,0.111708,-0.490048,-0.090251,0.053076
55,1.8333333333333333,30.0,235,31,0.90448,True,-0.094261,-0.828455,0.17642,-0.084757,-0.82602,0.19153
55,1.8333333333333333,30.0,235,32,0.656012,True,-0.514162,-0.089396,0.160265,-0.588592,-0.089404,0.097144
56,1.8666666666666667,30.0,236,0,0.974044,True,-0.210155,0.502829,-0.26578,-0.243898,0.51863,-0.32054
56,1.8666666666666667,30.0,236,1,0.957782,True,-0.228318,0.489815,-0.261035,-0.263411,0.494853,-0.318496
56,1.8666666666666667,30.0,236,2,0.956778,True,-0.227496,0.486017,-0.252881,-0.26314,0.489535,-0.309919
56,1.8666666666666667,30.0,236,3,0.961383,True,-0.230016,0.485577,-0.257498,-0.265929,0.489807,-0.31437
56,1.8666666666666667,30.0,236,4,0.973597,True,-0.229749,0.483974,-0.290319,-0.262197,0.487125,-0.350578
56,1.8666666666666667,30.0,236,5,0.977627,True,-0.226858,0.482393,-0.300305,-0.258617,0.485674,-0.361363
56,1.8666666666666667,30.0,236,6,0.98581,True,-0.225195,0.472038,-0.278497,-0.257481,0.475603,-0.338513
56,1.8666666666666667,30.0,236,7,0.968165,True,-0.124752,0.473798,-0.196976,-0.156174,0.478405,-0.265696
56,1.8666666666666667,30.0,236,8,0.980554,True,-0.194332,0.387345,-0.252979,-0.206692,0.379787,-0.333456
56,1.8666666666666667,30.0,236,9,0.967916,True,-0.133966,0.498725,-0.234883,-0.161911,0.510945,-0.294029
56,1.8666666666666667,30.0,236,10,0.975047,True,-0.155185,0.454397,-0.279623,-0.177691,0.46834,-0.343182
56,1.8666666666666667,30.0,236,11,0.999882,True,0.110898,0.443199,-0.001422,0.107219,0.462099,-0.067487
56,1.8666666666666667,30.0,236,12,0.999744,True,-0.101569,0.403917,-0.174698,-0.081491,0.427221,-0.262211
56,1.8666666666666667,30.0,236,13,0.862777,True,0.293993,0.48687,-0.001405,0.322823,0.484131,-0.025085
56,1.8666666666666667,30.0,236,14,0.623853,True,-0.255585,0.165472,-0.24234,-0.228169,0.177557,-0.352903
56,1.8666666666666667,30.0,236,15,0.843399,True,0.408164,0.50955,0.08375,0.542738,0.492502,0.082621
56,1.8666666666666667,30.0,236,16,0.639186,True,-0.442508,0.061413,-0.265544,-0.448483,0.067491,-0.397071
56,1.8666666666666667,30.0,236,17,0.832009,True,0.43967,0.522332,0.108031,0.585878,0.499063,0.108225
56,1.8666666666666667,30.0,236,18,0.631533,True,-0.465555,0.034153,-0.296743,-0.491605,0.041222,-0.425443
56,1.8666666666666667,30.0,236,19,0.83384,True,0.429235,0.523798,0.081438,0.587029,0.505002,0.083566
56,1.8666666666666667,30.0,236,20,0.633724,True,-0.436405,0.042592,-0.308971,-0.468369,0.044052,-0.437374
56,1.8666666666666667,30.0,236,21,0.818655,True,0.413961,0.486857,0.071452,0.5581,0.47048,0.076725
56,1.8666666666666667,30.0,236,22,0.626755,True,-0.442734,0.054401,-0.27597,-0.460276,0.056613,-0.408325
56,1.8666666666666667,30.0,236,23,0.999989,True,0.052996,-0.008012,0.083115,0.047749,-0.006112,0.099325
56,1.8666666666666667,30.0,236,24,0.999975,True,-0.049917,0.010627,-0.077569,-0.044596,0.008623,-0.093981
56,1.8666666666666667,30.0,236,25,0.954244,True,-0.005452,-0.390495,0.096827,-0.013183,-0.37337,0.151516
56,1.8666666666666667,30.0,236,26,0.83907,True,-0.135563,-0.232149,-0.146179,-0.125842,-0.26314,-0.152261
56,1.8666666666666667,30.0,236,27,0.921562,True,-0.134269,-0.748634,0.203555,-0.168894,-0.742404,0.240804
56,1.8666666666666667,30.0,236,28,0.683049,True,-0.430444,-0.146988,0.038126,-0.406222,-0.131551,-0.014098
56,1.8666666666666667,30.0,236,29,0.86514,True,-0.167957,-0.782455,0.222552,-0.20618,-0.776189,0.258105
56,1.8666666666666667,30.0,236,30,0.70492,True,-0.470705,-0.119944,0.024468,-0.448313,-0.097823,-0.028257
56,1.8666666666666667,30.0,236,31,0.914009,True,-0.132922,-0.827592,0.209166,-0.181393,-0.813835,0.249499
56,1.8666666666666667,30.0,236,32,0.690407,True,-0.55442,-0.113389,0.064126,-0.543773,-0.097918,0.013224
57,1.9,30.0,237,0,0.976635,True,-0.237864,0.46818,-0.303262,-0.24223,0.462321,-0.435521
57,1.9,30.0,237,1,0.961991,True,-0.268177,0.449917,-0.30075,-0.264585,0.432213,-0.434388
57,1.9,30.0,237,2,0.961089,True,-0.266594,0.445495,-0.291463,-0.264463,0.426475,-0.424213
57,1.9,30.0,237,3,0.965237,True,-0.269601,0.445099,-0.29703,-0.267285,0.426398,-0.429202
57,1.9,30.0,237,4,0.976232,True,-0.260942,0.44218,-0.334507,-0.26272,0.42513,-0.465469
57,1.9,30.0,237,5,0.979861,True,-0.259806,0.440083,-0.343506,-0.25855,0.423391,-0.477431
57,1.9,30.0,237,6,0.987224,True,-0.256351,0.430841,-0.320794,-0.257774,0.413754,-0.453322
57,1.9,30.0,237,7,0.971347,True,-0.181209,0.437885,-0.23925,-0.164763,0.399027,-0.378133
57,1.9,30.0,237,8,0.98249,True,-0.2161,0.339137,-0.313987,-0.203106,0.295534,-0.442831
57,1.9,30.0,237,9,0.97112,True,-0.165241,0.468898,-0.2727,-0.165271,0.463278,-0.405003
57,1.9,30.0,237,10,0.977536,True,-0.17771,0.421146,-0.323596,-0.175116,0.415587,-0.455613
57,1.9,30.0,237,11,0.999894,True,0.074893,0.429114,-0.02814,0.08263,0.413923,-0.194653
57,1.9,30.0,237,12,0.999768,True,-0.081334,0.369373,-0.227679,-0.074918,0.336624,-0.341837
57,1.9,30.0,237,13,0.87455,True,0.28728,0.495179,0.019704,0.303305,0.471686,-0.147771
57,1.9,30.0,237,14,0.661433,True,-0.184764,0.127314,-0.301348,-0.192237,0.094977,-0.435394
57,1.9,30.0,237,15,0.858384,True,0.44515,0.534286,0.147332,0.502628,0.504145,-0.018693
57,1.9,30.0,237,16,0.675193,True,-0.359241,0.021877,-0.343595,-0.393735,-0.012039,-0.492743
57,1.9,30.0,237,17,0.848013,True,0.479317,0.557392,0.178464,0.540365,0.524094,0.019036
57,1.9,30.0,237,18,0.66821,True,-0.389019,0.00384,-0.379845,-0.429288,-0.038591,-0.53292
57,1.9,30.0,237,19,0.849831,True,0.47238,0.558521,0.148903,0.53764,0.529843,-0.020685
57,1.9,30.0,237,20,0.670171,True,-0.366784,0.010856,-0.387173,-0.40452,-0.026524,-0.546679
57,1.9,30.0,237,21,0.836238,True,0.456988,0.513658,0.133889,0.51761,0.483885,-0.035657
57,1.9,30.0,237,22,0.663803,True,-0.368872,0.015279,-0.353437,-0.402697,-0.020372,-0.509172
57,1.9,30.0,237,23,0.99999,True,0.038256,-0.010067,0.102886,0.034402,-0.005552,0.098264
57,1.9,30.0,237,24,0.999977,True,-0.035635,0.012917,-0.096601,-0.031834,0.008231,-0.092963
57,1.9,30.0,237,25,0.958624,True,-0.031627,-0.391817,0.107542,-0.046474,-0.374814,0.111773
57,1.9,30.0,237,26,0.855154,True,-0.090613,-0.234052,-0.162274,-0.088564,-0.199482,-0.127702
57,1.9,30.0,237,27,0.929387,True,-0.175446,-0.75846,0.187476,-0.199041,-0.76041,0.190901
57,1.9,30.0,237,28,0.714735,True,-0.368796,-0.152228,-0.018815,-0.356352,-0.168389,0.001645
57,1.9,30.0,237,29,0.878584,True,-0.212703,-0.792813,0.202428,-0.234113,-0.794654,0.208923
57,1.9,30.0,237,30,0.734401,True,-0.407741,-0.126249,-0.035216,-0.393417,-0.143023,-0.01439
57,1.9,30.0,237,31,0.92258,True,-0.171322,-0.842021,0.18314,-0.18662,-0.84163,0.195213
57,1.9,30.0,237,32,0.721354,True,-0.48885,-0.116629,0.001506,-0.459375,-0.133696,0.016005
58,1.9333333333333333,30.0,238,0,0.978893,True,-0.195522,0.423346,-0.27256,-0.207463,0.465241,-0.246125
58,1.9333333333333333,30.0,238,1,0.965687,True,-0.235379,0.405965,-0.275909,-0.235412,0.435331,-0.236177
58,1.9333333333333333,30.0,238,2,0.96486,True,-0.232644,0.402459,-0.264629,-0.23443,0.429437,-0.226839
58,1.9333333333333333,30.0,238,3,0.968654,True,-0.235899,0.401769,-0.271246,-0.236136,0.428792,-0.232572
58,1.9333333333333333,30.0,238,4,0.978559,True,-0.215049,0.397376,-0.308338,-0.230605,0.427259,-0.286392
58,1.9333333333333333,30.0,238,5,0.981827,True,-0.2172,0.394486,-0.316117,-0.227216,0.425632,-0.295305
58,1.9333333333333333,30.0,238,6,0.988452,True,-0.210965,0.385871,-0.293434,-0.225431,0.418948,-0.269826
58,1.9333333333333333,30.0,238,7,0.974191,True,-0.181888,0.405672,-0.229668,-0.17031,0.412411,-0.152983
58,1.9333333333333333,30.0,238,8,0.984093,True,-0.171634,0.295458,-0.300098,-0.200283,0.325932,-0.296115
58,1.9333333333333333,30.0,238,9,0.97396,True,-0.138607,0.430209,-0.246022,-0.145921,0.466955,-0.21145
58,1.9333333333333333,30.0,238,10,0.979706,True,-0.140519,0.379473,-0.295898,-0.155402,0.416713,-0.282892
58,1.9333333333333333,30.0,238,11,0.999904,True,0.034769,0.415901,-0.030237,0.032059,0.414645,0.031658
58,1.9333333333333333,30.0,238,12,0.999779,True,-0.016795,0.327383,-0.202156,-0.061229,0.354398,-0.18702
58,1.9333333333333333,30.0,238,13,0.841969,True,0.211205,0.514595,0.058032,0.246956,0.506787,0.090864
58,1.9333333333333333,30.0,238,14,0.685771,True,-0.052279,0.080432,-0.268978,-0.096549,0.106749,-0.256847
58,1.9333333333333333,30.0,238,15,0.86727,True,0.352617,0.572361,0.226309,0.388929,0.580863,0.20801
58,1.9333333333333333,30.0,238,16,0.701632,True,-0.194656,-0.030168,-0.316513,-0.199186,0.019119,-0.379362
58,1.9333333333333333,30.0,238,17,0.857947,True,0.374096,0.606066,0.261199,0.413095,0.617972,0.238145
58,1.9333333333333333,30.0,238,18,0.694551,True,-0.218656,-0.040116,-0.353945,-0.214759,0.001153,-0.431467
58,1.9333333333333333,30.0,238,19,0.860384,True,0.370709,0.604385,0.235494,0.400955,0.626397,0.21249
58,1.9333333333333333,30.0,238,20,0.695368,True,-0.207115,-0.032906,-0.357785,-0.187915,0.013173,-0.429367
58,1.9333333333333333,30.0,238,21,0.847772,True,0.367283,0.553791,0.2153,0.398798,0.565273,0.194391
58,1.9333333333333333,30.0,238,22,0.68393,True,-0.210224,-0.034093,-0.32558,-0.20246,0.01654,-0.386344
58,1.9333333333333333,30.0,238,23,0.99999,True,0.012983,-0.0084,0.106976,0.022548,-0.011789,0.094788
58,1.9333333333333333,30.0,238,24,0.999974,True,-0.011185,0.011085,-0.100198,-0.020556,0.01551,-0.087787
58,1.9333333333333333,30.0,238,25,0.952172,True,-0.060189,-0.402166,0.083021,-0.031368,-0.410837,0.08187
58,1.9333333333333333,30.0,238,26,0.868594,True,-0.032278,-0.256827,-0.162295,-0.085258,-0.178007,-0.149702
58,1.9333333333333333,30.0,238,27,0.932926,True,-0.190533,-0.777113,0.120842,-0.17734,-0.755129,0.181572
58,1.9333333333333333,30.0,238,28,0.739182,True,-0.242331,-0.164704,-0.037144,-0.30896,-0.133323,-0.051263
58,1.9333333333333333,30.0,238,29,0.886438,True,-0.229328,-0.812725,0.130179,-0.217005,-0.787292,0.198988
58,1.9333333333333333,30.0,238,30,0.756514,True,-0.272926,-0.139897,-0.055449,-0.337835,-0.113535,-0.074132
58,1.9333333333333333,30.0,238,31,0.923446,True,-0.198,-0.869596,0.102656,-0.18444,-0.837846,0.175587
58,1.9333333333333333,30.0,238,32,0.744097,True,-0.32975,-0.118341,-0.018877,-0.37931,-0.092273,-0.033649
59,1.9666666666666666,30.0,239,0,0.980369,True,-0.090492,0.380642,-0.210089,-0.077517,0.351159,-0.11273
59,1.9666666666666666,30.0,239,1,0.96875,True,-0.134024,0.369369,-0.221788,-0.13713,0.351455,-0.134861
59,1.9666666666666666,30.0,239,2,0.967687,True,-0.130338,0.367832,-0.208162,-0.131291,0.352043,-0.120148
59,1.9666666666666666,30.0,239,3,0.971454,True,-0.133473,0.366593,-0.21532,-0.135135,0.350632,-0.128234
59,1.9666666666666666,30.0,239,4,0.980563,True,-0.10114,0.360625,-0.248351,-0.08601,0.344988,-0.145317
59,1.9666666666666666,30.0,239,5,0.983441,True,-0.106568,0.356923,-0.255448,-0.097984,0.339782,-0.149496
59,1.9666666666666666,30.0,239,6,0.989491,True,-0.097811,0.348338,-0.233181,-0.084035,0.330588,-0.1307
59,1.9666666666666666,30.0,239,7,0.976516,True,-0.123855,0.384065,-0.198746,-0.154122,0.379909,-0.140507
59,1.9666666666666666,30.0,239,8,0.985265,True,-0.072074,0.2648,-0.245992,-0.057336,0.258885,-0.130752
59,1.9666666666666666,30.0,239,9,0.975918,True,-0.057401,0.39353,-0.189826,-0.057771,0.364956,-0.100612
59,1.9666666666666666,30.0,239,10,0.981119,True,-0.049735,0.340738,-0.23302,-0.043724,0.31283,-0.124032
59,1.9666666666666666,30.0,239,11,0.999909,True,0.00436,0.405839,-0.031016,-0.015755,0.398203,0.018934
59,1.9666666666666666,30.0,239,12,0.999745,True,0.078597,0.288175,-0.133594,0.099242,0.272199,-0.022402
59,1.9666666666666666,30.0,239,13,0.759389,True,0.097279,0.540517,0.077178,0.019903,0.543662,0.149613
59,1.9666666666666666,30.0,239,14,0.618049,True,0.111882,0.038397,-0.184871,0.167379,0.018741,-0.035205
59,1.9666666666666666,30.0,239,15,0.790399,True,0.175467,0.612812,0.270917,0.043523,0.623151,0.390552
59,1.9666666666666666,30.0,239,16,0.633618,True,0.0028934301663532634,-0.078544,-0.21865,0.09505,-0.114991,-0.024039
59,1.9666666666666666,30.0,239,17,0.784537,True,0.174302,0.653692,0.305557,0.028474,0.671823,0.422594
59,1.9666666666666666,30.0,239,18,0.627527,True,-0.00765421540455965,-0.085287,-0.252844,0.096313,-0.10312,-0.051095
59,1.9666666666666666,30.0,239,19,0.786566,True,0.175176,0.648717,0.287281,0.023874,0.654462,0.413769
59,1.9666666666666666,30.0,239,20,0.628117,True,-0.00627080638026669,-0.076303,-0.256092,0.083199,-0.10145,-0.052038
59,1.9666666666666666,30.0,239,21,0.773106,True,0.189489,0.595581,0.264538,0.055078,0.605018,0.388137
59,1.9666666666666666,30.0,239,22,0.617576,True,-0.01405842972499946,-0.079026,-0.227426,0.073345,-0.11336,-0.030064
59,1.9666666666666666,30.0,239,23,0.99999,True,-0.016999,-0.003311,0.094526,-0.022376,-0.008301,0.088908
59,1.9666666666666666,30.0,239,24,0.999973,True,0.017898,0.005514,-0.087771,0.023652,0.010707,-0.081402
59,1.9666666666666666,30.0,239,25,0.9157,True,-0.085081,-0.41791,0.033474,-0.09584,-0.423463,0.004883
59,1.9666666666666666,30.0,239,26,0.807616,True,0.030009,-0.296162,-0.142103,0.071752,-0.33698,-0.140053
59,1.9666666666666666,30.0,239,27,0.925335,True,-0.180633,-0.798906,0.025643,-0.152543,-0.813683,-0.049741
59,1.9666666666666666,30.0,239,28,0.671087,True,-0.072567,-0.192549,-0.017938,-0.025539,-0.184402,0.02205
59,1.9666666666666666,30.0,239,29,0.867409,True,-0.218158,-0.835692,0.029628,-0.187347,-0.85452,-0.054084
59,1.9666666666666666,30.0,239,30,0.690044,True,-0.089468,-0.169611,-0.037293,-0.044371,-0.158314,0.003375
59,1.9666666666666666,30.0,239,31,0.903075,True,-0.206382,-0.899143,-0.00651,-0.203592,-0.927947,-0.099014
59,1.9666666666666666,30.0,239,32,0.677967,True,-0.11441447809994154,-0.135152,-0.002467,-0.083737,-0.117242,0.042381
60,2.0,30.0,240,0,0.0,False,0.055149,0.353781,-0.154768,,,
60,2.0,30.0,240,1,0.0,False,0.016091,0.349031,-0.175383,,,
60,2.0,30.0,240,2,0.0,False,0.019869,0.349568,-0.159674,,,
60,2.0,30.0,240,3,0.0,False,0.017353,0.34776,-0.166329,,,
60,2.0,30.0,240,4,0.0,False,0.056338,0.34063,-0.194061,,,
60,2.0,30.0,240,5,0.0,False,0.04936,0.336415,-0.201739,,,
60,2.0,30.0,240,6,0.0,False,0.058972,0.327364,-0.179606,,,
60,2.0,30.0,240,7,0.0,False,-0.018003,0.373462,-0.177742,,,
60,2.0,30.0,240,8,0.0,False,0.060719,0.25034,-0.193594,,,
60,2.0,30.0,240,9,0.0,False,0.061883,0.370341,-0.141509,,,
60,2.0,30.0,240,10,0.0,False,0.076179,0.317176,-0.175759,,,
60,2.0,30.0,240,11,0.0,False,-0.005267,0.399137,-0.056871,,,
60,2.0,30.0,240,12,0.0,False,0.185634,0.261243,-0.063587,,,
60,2.0,30.0,240,13,0.0,False,-0.015194,0.56153,0.044752,,,
60,2.0,30.0,240,14,0.0,False,0.273343,0.012774,-0.095702,,,
60,2.0,30.0,240,15,0.0,False,-0.02163,0.64026,0.241601,,,
60,2.0,30.0,240,16,0.0,False,0.2110699775905379,-0.108344,-0.101823,,,
60,2.0,30.0,240,17,0.0,False,-0.044913975478299215,0.682989,0.272142,,,
60,2.0,30.0,240,18,0.0,False,0.21831181102310454,-0.117983,-0.130036,,,
60,2.0,30.0,240,19,0.0,False,-0.038964460430791006,0.676988,0.261683,,,
60,2.0,30.0,240,20,0.0,False,0.21158616084619797,-0.106014,-0.135647,,,
60,2.0,30.0,240,21,0.0,False,-0.007923902846297695,0.623605,0.240511,,,
60,2.0,30.0,240,22,0.0,False,0.1960980035660359,-0.106018,-0.111294,,,
60,2.0,30.0,240,23,0.0,False,-0.04503,0.003886,0.066388,,,
60,2.0,30.0,240,24,0.0,False,0.045285,-0.002203,-0.060329,,,
60,2.0,30.0,240,25,0.0,False,-0.099545,-0.432614,-0.025466,,,
60,2.0,30.0,240,26,0.0,False,0.085206,-0.337035,-0.097071,,,
60,2.0,30.0,240,27,0.0,False,-0.14924,-0.816662,-0.068788,,,
60,2.0,30.0,240,28,0.0,False,0.110717,-0.232792,0.031769,,,
60,2.0,30.0,240,29,0.0,False,-0.182381,-0.853868,-0.067826,,,
60,2.0,30.0,240,30,0.0,False,0.110348,-0.212294,0.011847,,,
60,2.0,30.0,240,31,0.0,False,-0.194306,-0.917237,-0.110073,,,
60,2.0,30.0,240,32,0.0,False,0.13796720188177128,-0.170576,0.041177,,,
61,2.033333333333333,30.0,241,0,0.982331,True,0.210419,0.348651,-0.119324,0.18962,0.32601,-0.09189
61,2.033333333333333,30.0,241,1,0.971875,True,0.18336,0.345897,-0.147252,0.159337,0.325638,-0.113295
61,2.033333333333333,30.0,241,2,0.970918,True,0.186186,0.34782,-0.1303,0.163842,0.328683,-0.096591
61,2.033333333333333,30.0,241,3,0.974308,True,0.184723,0.345677,-0.135335,0.160975,0.326231,-0.103378
61,2.033333333333333,30.0,241,4,0.982506,True,0.223969,0.338299,-0.158322,0.202671,0.314813,-0.131607
61,2.033333333333333,30.0,241,5,0.985097,True,0.217832,0.334063,-0.16786,0.19414,0.310784,-0.139265
61,2.033333333333333,30.0,241,6,0.990542,True,0.226036,0.324232,-0.145431,0.20438,0.300567,-0.117634
61,2.033333333333333,30.0,241,7,0.978864,True,0.113074,0.368719,-0.172378,0.109546,0.370955,-0.128254
61,2.033333333333333,30.0,241,8,0.986738,True,0.199477,0.249881,-0.159276,0.191301,0.237468,-0.131766
61,2.033333333333333,30.0,241,9,0.978325,True,0.19385,0.364838,-0.112547,0.183507,0.346434,-0.080528
61,2.033333333333333,30.0,241,10,0.983006,True,0.210699,0.31369,-0.138614,0.198717,0.294174,-0.11274
61,2.033333333333333,30.0,241,11,0.999918,True,0.010878,0.39379,-0.10969,0.01631,0.402396,-0.03387
61,2.033333333333333,30.0,241,12,0.999769,True,0.283191,0.251469,-0.009687,0.291702,0.241285,-0.001644
61,2.033333333333333,30.0,241,13,0.783062,True,-0.096026,0.564811,-0.036545,-0.083345,0.57486,0.071842
61,2.033333333333333,30.0,241,14,0.653015,True,0.399526,0.009673,-0.02114,0.384157,0.004822,-0.031388
61,2.033333333333333,30.0,241,15,0.81075,True,-0.184279,0.643654,0.143156,-0.14797,0.663991,0.260807
61,2.033333333333333,30.0,241,16,0.658926,True,0.376453,-0.11063,0.003465,0.32352,-0.108909,-0.007609
61,2.033333333333333,30.0,241,17,0.80499,True,-0.232526,0.684135,0.166835,-0.186309,0.706516,0.291993
61,2.033333333333333,30.0,241,18,0.649904,True,0.399538,-0.127182,-0.018676,0.339581,-0.127995,-0.027317
61,2.033333333333333,30.0,241,19,0.806773,True,-0.222388,0.680605,0.16336,-0.16893,0.701435,0.288787
61,2.033333333333333,30.0,241,20,0.64914,True,0.392159,-0.111777,-0.027969,0.331105,-0.108956,-0.035982
61,2.033333333333333,30.0,241,21,0.79384,True,-0.178558,0.627291,0.146931,-0.136326,0.647951,0.26331
61,2.033333333333333,30.0,241,22,0.636609,True,0.365834,-0.106513,-0.007289,0.309344,-0.103037,-0.017129
61,2.033333333333333,30.0,241,23,0.999991,True,-0.064605,0.011265,0.026436,-0.065357,0.017152,0.056542
61,2.033333333333333,30.0,241,24,0.999976,True,0.064694,-0.009834,-0.021646,0.064099,-0.016971,-0.051494
61,2.033333333333333,30.0,241,25,0.924073,True,-0.097067,-0.441134,-0.080131,-0.099506,-0.445547,-0.063363
61,2.033333333333333,30.0,241,26,0.826215,True,0.12359,-0.36421,-0.030424,0.115242,-0.394598,-0.098058
61,2.033333333333333,30.0,241,27,0.932749,True,-0.098198,-0.825392,-0.138954,-0.117318,-0.835186,-0.12499
61,2.033333333333333,30.0,241,28,0.697434,True,0.273395,-0.274108,0.103462,0.243995,-0.282138,0.051985
61,2.033333333333333,30.0,241,29,0.88055,True,-0.124411,-0.862127,-0.137487,-0.150336,-0.871402,-0.124051
61,2.033333333333333,30.0,241,30,0.715906,True,0.289295,-0.255947,0.083342,0.259346,-0.263913,0.036238
61,2.033333333333333,30.0,241,31,0.912642,True,-0.161119,-0.916308,-0.180685,-0.154935,-0.929187,-0.165032
61,2.033333333333333,30.0,241,32,0.701359,True,0.35918578092259834,-0.214527,0.105439,0.330468,-0.208637,0.066554
62,2.066666666666667,30.0,242,0,0.984094,True,0.341321,0.358468,-0.086911,0.347156,0.349998,-0.137978
62,2.066666666666667,30.0,242,1,0.974686,True,0.329741,0.351822,-0.118943,0.345092,0.351842,-0.175265
62,2.066666666666667,30.0,242,2,0.973824,True,0.331059,0.354255,-0.101929,0.344112,0.353568,-0.15752
62,2.066666666666667,30.0,242,3,0.976876,True,0.330723,0.352157,-0.104763,0.345105,0.351907,-0.159289
62,2.066666666666667,30.0,242,4,0.984255,True,0.365332,0.345351,-0.123982,0.370571,0.345894,-0.179487
62,2.066666666666667,30.0,242,5,0.986586,True,0.361627,0.341553,-0.135845,0.371925,0.342406,-0.194513
62,2.066666666666667,30.0,242,6,0.991487,True,0.366789,0.330767,-0.113198,0.373362,0.331586,-0.169809
62,2.066666666666667,30.0,242,7,0.980976,True,0.238825,0.363502,-0.161019,0.252373,0.357192,-0.218352
62,2.066666666666667,30.0,242,8,0.988063,True,0.315155,0.25771,-0.12779,0.312977,0.256815,-0.187569
62,2.066666666666667,30.0,242,9,0.980489,True,0.309158,0.370611,-0.085148,0.313338,0.37046,-0.13665
62,2.066666666666667,30.0,242,10,0.984703,True,0.324075,0.323847,-0.105197,0.327545,0.319065,-0.158038
62,2.066666666666667,30.0,242,11,0.999926,True,0.05026,0.3875,-0.159246,0.043676,0.385164,-0.216324
62,2.066666666666667,30.0,242,12,0.99979,True,0.350982,0.258306,0.039219,0.335818,0.264607,-0.005975
62,2.066666666666667,30.0,242,13,0.804575,True,-0.130677,0.54429,-0.123162,-0.101853,0.570522,-0.217056
62,2.066666666666667,30.0,242,14,0.663417,True,0.462625,0.02922,0.049365,0.443983,0.035456,-0.022824
62,2.066666666666667,30.0,242,15,0.829274,True,-0.280973,0.622586,0.028889,-0.249873,0.61807,-0.092997
62,2.066666666666667,30.0,242,16,0.676505,True,0.478141,-0.084684,0.09845,0.471921,-0.084846,0.005068
62,2.066666666666667,30.0,242,17,0.823661,True,-0.342492,0.660019,0.044768,-0.316473,0.647513,-0.0781
62,2.066666666666667,30.0,242,18,0.66887,True,0.512269,-0.107898,0.080495,0.508495,-0.121105,-0.016695
62,2.066666666666667,30.0,242,19,0.825177,True,-0.330418,0.661106,0.047934,-0.303713,0.654635,-0.081698
62,2.066666666666667,30.0,242,20,0.667355,True,0.512021,-0.089616,0.068721,0.511715,-0.101856,-0.031298
62,2.066666666666667,30.0,242,21,0.812341,True,-0.280274,0.606699,0.03661,-0.251381,0.602134,-0.084048
62,2.066666666666667,30.0,242,22,0.647841,True,0.473043,-0.07916,0.087146,0.469923,-0.080393,-0.007962
62,2.066666666666667,30.0,242,23,0.999991,True,-0.070513,0.016969,-0.016708,-0.073077,0.018105,-0.024958
62,2.066666666666667,30.0,242,24,0.999978,True,0.070928,-0.015383,0.020043,0.074181,-0.016295,0.028192
62,2.066666666666667,30.0,242,25,0.931346,True,-0.074268,-0.442208,-0.121447,-0.08498,-0.442247,-0.128112
62,2.066666666666667,30.0,242,26,0.810471,True,0.139247,-0.372523,0.041204,0.143302,-0.363958,0.076485
62,2.066666666666667,30.0,242,27,0.938995,True,-0.030546,-0.824526,-0.173182,-0.066972,-0.818029,-0.178152
62,2.066666666666667,30.0,242,28,0.698021,True,0.382415,-0.303892,0.186751,0.413061,-0.330219,0.190873
62,2.066666666666667,30.0,242,29,0.891492,True,-0.049039,-0.860292,-0.167963,-0.083952,-0.85211,-0.170662
62,2.066666666666667,30.0,242,30,0.732635,True,0.410897,-0.287094,0.167387,0.443131,-0.314436,0.167485
62,2.066666666666667,30.0,242,31,0.920413,True,-0.10839,-0.898928,-0.205678,-0.152659,-0.907712,-0.205751
62,2.066666666666667,30.0,242,32,0.703066,True,0.481032,-0.250627,0.185826,0.50938,-0.2981,0.17675
63,2.1,30.0,243,0,0.985685,True,0.417193,0.368966,-0.035349,0.438416,0.378303,-0.147878
63,2.1,30.0,243,1,0.977218,True,0.418864,0.355519,-0.067763,0.439958,0.362066,-0.184121
63,2.1,30.0,243,2,0.976441,True,0.418945,0.35792,-0.051834,0.438788,0.362703,-0.167183
63,2.1,30.0,243,3,0.979188,True,0.419317,0.356234,-0.052761,0.440154,0.3608,-0.167153
63,2.1,30.0,243,4,0.985829,True,0.447389,0.35012,-0.068885,0.463164,0.355946,-0.187564
63,2.1,30.0,243,5,0.987927,True,0.446154,0.347012,-0.082428,0.464332,0.352961,-0.203825
63,2.1,30.0,243,6,0.992338,True,0.448031,0.335175,-0.060291,0.464259,0.342904,-0.178835
63,2.1,30.0,243,7,0.982879,True,0.327238,0.355483,-0.118776,0.321586,0.367293,-0.227137
63,2.1,30.0,243,8,0.989257,True,0.380601,0.268247,-0.076228,0.368907,0.270174,-0.202584
63,2.1,30.0,243,9,0.98244,True,0.380252,0.375969,-0.036325,0.390805,0.384786,-0.149249
63,2.1,30.0,243,10,0.986232,True,0.389057,0.334751,-0.052666,0.400592,0.341712,-0.17129
63,2.1,30.0,243,11,0.999933,True,0.102855,0.380179,-0.165182,0.079322,0.38286,-0.256117
63,2.1,30.0,243,12,0.99981,True,0.371815,0.277906,0.1009,0.352089,0.280881,-0.00952
63,2.1,30.0,243,13,0.82409,True,-0.117953,0.50617,-0.159557,-0.144654,0.513494,-0.297479
63,2.1,30.0,243,14,0.692853,True,0.443197,0.066976,0.13072,0.454633,0.050492,0.002888
63,2.1,30.0,243,15,0.846261,True,-0.299042,0.58794,-0.034461,-0.316194,0.594482,-0.20075
63,2.1,30.0,243,16,0.703349,True,0.495578,-0.037479,0.194034,0.51428,-0.063658,0.065689
63,2.1,30.0,243,17,0.84111,True,-0.362772,0.624243,-0.025244,-0.383159,0.619698,-0.200253
63,2.1,30.0,243,18,0.696431,True,0.536782,-0.063512,0.177863,0.556788,-0.092159,0.047354
63,2.1,30.0,243,19,0.842448,True,-0.352227,0.629174,-0.015605,-0.376327,0.623982,-0.197603
63,2.1,30.0,243,20,0.69483,True,0.549649,-0.043706,0.166635,0.571082,-0.072206,0.033051
63,2.1,30.0,243,21,0.830535,True,-0.302032,0.572701,-0.023915,-0.323086,0.574657,-0.19219
63,2.1,30.0,243,22,0.673155,True,0.495869,-0.030218,0.184208,0.520184,-0.062324,0.052261
63,2.1,30.0,243,23,0.999992,True,-0.060381,0.019795,-0.050845,-0.058794,0.016311,-0.065576
63,2.1,30.0,243,24,0.99998,True,0.061431,-0.017732,0.053023,0.060126,-0.013421,0.067172
63,2.1,30.0,243,25,0.938204,True,-0.034124,-0.438241,-0.143551,-0.039795,-0.437053,-0.135804
63,2.1,30.0,243,26,0.819294,True,0.130436,-0.367939,0.092469,0.122988,-0.340689,0.123265
63,2.1,30.0,243,27,0.945072,True,0.043483,-0.817162,-0.169332,0.032817,-0.807622,-0.134131
63,2.1,30.0,243,28,0.720538,True,0.412493,-0.314414,0.267702,0.426837,-0.307639,0.29521
63,2.1,30.0,243,29,0.902262,True,0.030933,-0.852014,-0.158619,0.021816,-0.841864,-0.121039
63,2.1,30.0,243,30,0.75691,True,0.446724,-0.29741,0.251011,0.463131,-0.294252,0.278112
63,2.1,30.0,243,31,0.928337,True,-0.043481,-0.875216,-0.185293,-0.054213,-0.844491,-0.151606
63,2.1,30.0,243,32,0.728603,True,0.513891,-0.265661,0.274503,0.536914,-0.264218,0.293056
64,2.1333333333333333,30.0,244,0,0.987107,True,0.417819,0.37069,0.034183,0.437911,0.483508,-0.016012
64,2.1333333333333333,30.0,244,1,0.979491,True,0.426102,0.352356,0.00468,0.452209,0.450389,-0.042461
64,2.1333333333333333,30.0,244,2,0.978792,True,0.4258,0.354626,0.018764,0.451758,0.45342,-0.029116
64,2.1333333333333333,30.0,244,3,0.981264,True,0.426151,0.353551,0.018737,0.452303,0.451505,-0.027223
64,2.1333333333333333,30.0,244,4,0.987243,True,0.448057,0.347577,0.004952,0.476954,0.45107,-0.036438
64,2.1333333333333333,30.0,244,5,0.989132,True,0.448207,0.345172,-0.008965,0.476235,0.448071,-0.048888
64,2.1333333333333333,30.0,244,6,0.993103,True,0.447823,0.332291,0.011801,0.477132,0.433897,-0.028
64,2.1333333333333333,30.0,244,7,0.984587,True,0.353546,0.349202,-0.044991,0.378085,0.392203,-0.099455
64,2.1333333333333333,30.0,244,8,0.990329,True,0.376413,0.280037,-0.003765,0.413705,0.344518,-0.018359
64,2.1333333333333333,30.0,244,9,0.984177,True,0.387879,0.374548,0.033471,0.405396,0.464721,-0.017777
64,2.1333333333333333,30.0,244,10,0.9876,True,0.387537,0.338004,0.018551,0.408095,0.43574,-0.022393
64,2.1333333333333333,30.0,244,11,0.999938,True,0.153246,0.374939,-0.110355,0.161923,0.386115,-0.230234
64,2.1333333333333333,30.0,244,12,0.99982,True,0.335412,0.306092,0.173429,0.365701,0.330479,0.182365
64,2.1333333333333333,30.0,244,13,0.841597,True,-0.065306,0.467107,-0.119436,-0.079039,0.468566,-0.192952
64,2.1333333333333333,30.0,244,14,0.650459,True,0.337158,0.115951,0.215085,0.396032,0.150657,0.29096
64,2.1333333333333333,30.0,244,15,0.86147,True,-0.237713,0.556453,-0.01443,-0.247839,0.562846,-0.078561
64,2.1333333333333333,30.0,244,16,0.708077,True,0.416655,0.019548,0.283058,0.441566,0.059348,0.397958
64,2.1333333333333333,30.0,244,17,0.856709,True,-0.292167,0.593734,-0.00913,-0.304683,0.605743,-0.074777
64,2.1333333333333333,30.0,244,18,0.709566,True,0.461445,-0.005027,0.266858,0.491462,0.035201,0.390273
64,2.1333333333333333,30.0,244,19,0.857853,True,-0.286244,0.599459,0.005002,-0.298167,0.616153,-0.064359
64,2.1333333333333333,30.0,244,20,0.707961,True,0.490304,0.014872,0.259054,0.518128,0.05359,0.375505
64,2.1333333333333333,30.0,244,21,0.84655,True,-0.242016,0.541552,-0.002521,-0.254058,0.551287,-0.070079
64,2.1333333333333333,30.0,244,22,0.681998,True,0.421679,0.028619,0.276824,0.450563,0.067854,0.388129
64,2.1333333333333333,30.0,244,23,0.999992,True,-0.036057,0.019346,-0.064997,-0.052058,0.015726,-0.080407
64,2.1333333333333333,30.0,244,24,0.99998,True,0.0378,-0.01669,0.066649,0.054211,-0.01282,0.081115
64,2.1333333333333333,30.0,244,25,0.944303,True,0.013322,-0.432976,-0.142363,-0.000978,-0.435148,-0.148907
64,2.1333333333333333,30.0,244,26,0.799319,True,0.098817,-0.35951,0.102759,0.092911,-0.33689,0.135455
64,2.1333333333333333,30.0,244,27,0.950273,True,0.105086,-0.807359,-0.130468,0.136388,-0.809163,-0.142267
64,2.1333333333333333,30.0,244,28,0.704587,True,0.353268,-0.30412,0.329634,0.335642,-0.301746,0.327766
64,2.1333333333333333,30.0,244,29,0.911212,True,0.0945,-0.841694,-0.114401,0.132352,-0.843128,-0.130382
64,2.1333333333333333,30.0,244,30,0.766773,True,0.384505,-0.285338,0.317903,0.364975,-0.283955,0.311455
64,2.1333333333333333,30.0,244,31,0.935112,True,0.019138,-0.855634,-0.127689,0.049775,-0.844217,-0.160289
64,2.1333333333333333,30.0,244,32,0.730838,True,0.431323,-0.254718,0.356269,0.429947,-0.253903,0.331781
65,2.1666666666666665,30.0,245,0,0.984403,True,0.339581,0.367439,0.090482,0.340806,0.310814,0.221584
65,2.1666666666666665,30.0,245,1,0.977197,True,0.34679,0.349204,0.06645,0.347554,0.292058,0.203559
65,2.1666666666666665,30.0,245,2,0.976499,True,0.346944,0.351398,0.078474,0.348178,0.294223,0.214173
65,2.1666666666666665,30.0,245,3,0.980176,True,0.346631,0.350887,0.078161,0.347671,0.294531,0.212357
65,2.1666666666666665,30.0,245,4,0.98534,True,0.363261,0.344546,0.065014,0.366711,0.284783,0.19825
65,2.1666666666666665,30.0,245,5,0.98718,True,0.363671,0.342706,0.051909,0.366401,0.28372,0.186211
65,2.1666666666666665,30.0,245,6,0.992217,True,0.362581,0.328993,0.071014,0.365755,0.269832,0.20227
65,2.1666666666666665,30.0,245,7,0.98487,True,0.308238,0.353528,0.030391,0.324343,0.313459,0.169099
65,2.1666666666666665,30.0,245,8,0.988563,True,0.298388,0.296236,0.060119,0.324872,0.248797,0.176817
65,2.1666666666666665,30.0,245,9,0.980573,True,0.326911,0.371596,0.093432,0.335853,0.322348,0.224304
65,2.1666666666666665,30.0,245,10,0.985623,True,0.31644,0.337054,0.077181,0.325571,0.287898,0.203712
65,2.1666666666666665,30.0,245,11,0.999944,True,0.185222,0.376386,-0.01698,0.213243,0.36446,0.111549
65,2.1666666666666665,30.0,245,12,0.999814,True,0.244251,0.339474,0.228165,0.291629,0.31162,0.296894
65,2.1666666666666665,30.0,245,13,0.851188,True,0.013985,0.444989,-0.025617,0.021949,0.388477,0.08279
65,2.1666666666666665,30.0,245,14,0.587047,True,0.163411,0.167743,0.268332,0.190666,0.141547,0.325993
65,2.1666666666666665,30.0,245,15,0.860896,True,-0.108261,0.54183,0.065848,-0.154156,0.489883,0.201823
65,2.1666666666666665,30.0,245,16,0.639728,True,0.248495,0.074364,0.334181,0.307025,0.07134,0.360931
65,2.1666666666666665,30.0,245,17,0.852012,True,-0.144097,0.580175,0.070711,-0.191094,0.536636,0.214456
65,2.1666666666666665,30.0,245,18,0.641658,True,0.293103,0.052769,0.316939,0.337906,0.055726,0.335554
65,2.1666666666666665,30.0,245,19,0.849902,True,-0.144244,0.583683,0.084168,-0.186808,0.541625,0.243021
65,2.1666666666666665,30.0,245,20,0.640145,True,0.336995,0.072053,0.313391,0.378096,0.078306,0.341363
65,2.1666666666666665,30.0,245,21,0.821427,True,-0.111201,0.526519,0.077066,-0.152827,0.477967,0.219756
65,2.1666666666666665,30.0,245,22,0.616086,True,0.257518,0.083899,0.332142,0.302714,0.08461,0.362484
65,2.1666666666666665,30.0,245,23,0.999992,True,-0.00379,0.015896,-0.05475,0.002103,0.022592,-0.055944
65,2.1666666666666665,30.0,245,24,0.999979,True,0.006104,-0.012719,0.056536,-0.000105,-0.020068,0.058447
65,2.1666666666666665,30.0,245,25,0.947372,True,0.053847,-0.428784,-0.116252,0.091603,-0.411438,-0.131859
65,2.1666666666666665,30.0,245,26,0.732356,True,0.04986,-0.350984,0.068523,0.07563,-0.361732,0.070546
65,2.1666666666666665,30.0,245,27,0.940547,True,0.133353,-0.798214,-0.064121,0.158965,-0.79396,-0.119589
65,2.1666666666666665,30.0,245,28,0.634881,True,0.215372,-0.274627,0.356544,0.275698,-0.24328,0.352387
65,2.1666666666666665,30.0,245,29,0.890459,True,0.120185,-0.832577,-0.044319,0.145777,-0.830561,-0.096743
65,2.1666666666666665,30.0,245,30,0.697717,True,0.235042,-0.252905,0.350988,0.302738,-0.214714,0.349097
65,2.1666666666666665,30.0,245,31,0.911074,True,0.061463,-0.845423,-0.046579,0.079593,-0.842186,-0.080084
65,2.1666666666666665,30.0,245,32,0.659109,True,0.250788,-0.21982,0.409662,0.290167,-0.181867,0.430154
66,2.2,30.0,246,0,0.0,False,0.197721,0.372424,0.093316,,,
66,2.2,30.0,246,1,0.0,False,0.19841,0.358611,0.076739,,,
66,2.2,30.0,246,2,0.0,False,0.199365,0.360531,0.086962,,,
66,2.2,30.0,246,3,0.0,False,0.198141,0.360348,0.085537,,,
66,2.2,30.0,246,4,0.0,False,0.209863,0.353938,0.070055,,,
66,2.2,30.0,246,5,0.0,False,0.210168,0.352506,0.058278,,,
66,2.2,30.0,246,6,0.0,False,0.209706,0.338465,0.076293,,,
66,2.2,30.0,246,7,0.0,False,0.200917,0.374067,0.066192,,,
66,2.2,30.0,246,8,0.0,False,0.16218,0.319653,0.074881,,,
66,2.2,30.0,246,9,0.0,False,0.20893,0.379381,0.10293,,,
66,2.2,30.0,246,10,0.0,False,0.189967,0.343669,0.081887,,,
66,2.2,30.0,246,11,0.0,False,0.187752,0.387087,0.067192,,,
66,2.2,30.0,246,12,0.0,False,0.117232,0.37404,0.227238,,,
66,2.2,30.0,246,13,0.0,False,0.102465,0.448182,0.066623,,,
66,2.2,30.0,246,14,0.0,False,-0.036281,0.212696,0.251417,,,
66,2.2,30.0,246,15,0.0,False,0.06247,0.547664,0.148068,,,
66,2.2,30.0,246,16,0.0,False,0.030351618922040295,0.116701,0.310765,,,
66,2.2,30.0,246,17,0.0,False,0.050102,0.585006,0.156015,,,
66,2.2,30.0,246,18,0.0,False,0.06897178275879864,0.096043,0.291824,,,
66,2.2,30.0,246,19,0.0,False,0.044479,0.585572,0.161718,,,
66,2.2,30.0,246,20,0.0,False,0.12784984223541132,0.11505,0.290856,,,
66,2.2,30.0,246,21,0.0,False,0.063107,0.531354,0.155994,,,
66,2.2,30.0,246,22,0.0,False,0.04210166545723858,0.123745,0.311257,,,
66,2.2,30.0,246,23,0.0,False,0.027581,0.010284,-0.024078,,,
66,2.2,30.0,246,24,0.0,False,-0.02489,-0.006761,0.026439,,,
66,2.2,30.0,246,25,0.0,False,0.074049,-0.425454,-0.067778,,,
66,2.2,30.0,246,26,0.0,False,-0.006013,-0.339813,0.004935,,,
66,2.2,30.0,246,27,0.0,False,0.115388,-0.792334,0.016231,,,
66,2.2,30.0,246,28,0.0,False,0.031179,-0.228078,0.337497,,,
66,2.2,30.0,246,29,0.0,False,0.096474,-0.827536,0.037421,,,
66,2.2,30.0,246,30,0.0,False,0.040947549641897084,-0.202567,0.33693,,,
66,2.2,30.0,246,31,0.0,False,0.068445,-0.845158,0.039593,,,
66,2.2,30.0,246,32,0.0,False,0.024206977439794025,-0.165871,0.413585,,,
67,2.2333333333333334,30.0,247,0,0.980803,True,0.022586,0.395448,0.023822,0.052806,0.341978,0.042898
67,2.2333333333333334,30.0,247,1,0.968176,True,0.015078,0.386853,0.016098,0.043617,0.336279,0.025865
67,2.2333333333333334,30.0,247,2,0.965406,True,0.016607,0.387852,0.025069,0.045847,0.336941,0.036493
67,2.2333333333333334,30.0,247,3,0.973457,True,0.014644,0.387727,0.022292,0.042926,0.337223,0.034122
67,2.2333333333333334,30.0,247,4,0.981967,True,0.021577,0.382451,0.000976,0.050857,0.331323,0.015122
67,2.2333333333333334,30.0,247,5,0.983377,True,0.022175,0.381347,-0.009671,0.050512,0.329778,0.003491
67,2.2333333333333334,30.0,247,6,0.989989,True,0.023047,0.36774,0.00836,0.049764,0.316631,0.022657
67,2.2333333333333334,30.0,247,7,0.981997,True,0.057711,0.406385,0.038418,0.079263,0.367983,0.026548
67,2.2333333333333334,30.0,247,8,0.986659,True,2.1e-05,0.346559,0.018528,0.00283,0.32276,0.015781
67,2.2333333333333334,30.0,247,9,0.976139,True,0.059493,0.405529,0.041768,0.081471,0.357681,0.05768
67,2.2333333333333334,30.0,247,10,0.983172,True,0.036008,0.366501,0.01234,0.052384,0.320395,0.029595
67,2.2333333333333334,30.0,247,11,0.999939,True,0.159542,0.404927,0.10053,0.162809,0.386327,0.119109
67,2.2333333333333334,30.0,247,12,0.999793,True,-0.014711,0.403586,0.151135,-0.05016,0.40949,0.187885
67,2.2333333333333334,30.0,247,13,0.768221,True,0.181734,0.471201,0.107828,0.185917,0.486761,0.150419
67,2.2333333333333334,30.0,247,14,0.537866,True,-0.210821,0.240783,0.148789,-0.275878,0.256229,0.168163
67,2.2333333333333334,30.0,247,15,0.787987,True,0.235291,0.56695,0.181325,0.261948,0.594261,0.203073
67,2.2333333333333334,30.0,247,16,0.581438,True,-0.20633719662965672,0.139025,0.197488,-0.253761,0.129478,0.23315
67,2.2333333333333334,30.0,247,17,0.787256,True,0.245711,0.600874,0.195513,0.274912,0.62592,0.210753
67,2.2333333333333334,30.0,247,18,0.582019,True,-0.17881295358661875,0.115742,0.176018,-0.209988,0.107623,0.216969
67,2.2333333333333334,30.0,247,19,0.786666,True,0.236444,0.600643,0.187991,0.258548,0.619875,0.204787
67,2.2333333333333334,30.0,247,20,0.580674,True,-0.1182200621322436,0.135556,0.174682,-0.142914,0.120671,0.215851
67,2.2333333333333334,30.0,247,21,0.755627,True,0.240756,0.549851,0.183329,0.263918,0.574026,0.199437
67,2.2333333333333334,30.0,247,22,0.558057,True,-0.19364384632812764,0.140338,0.19733,-0.231438,0.133016,0.236951
67,2.2333333333333334,30.0,247,23,0.999989,True,0.050092,0.003864,0.017339,0.059838,0.000478,0.023958
67,2.2333333333333334,30.0,247,24,0.999965,True,-0.047224,-0.000194,-0.014264,-0.056994,0.003744,-0.020887
67,2.2333333333333334,30.0,247,25,0.886808,True,0.066313,-0.421316,-0.00475,0.04822,-0.442231,0.008447
67,2.2333333333333334,30.0,247,26,0.668486,True,-0.054857,-0.322919,-0.0639,-0.066772,-0.35004,-0.093471
67,2.2333333333333334,30.0,247,27,0.879557,True,0.053109,-0.792743,0.09258,0.059207,-0.812632,0.159605
67,2.2333333333333334,30.0,247,28,0.57177,True,-0.154097,-0.168587,0.271097,-0.192881,-0.227662,0.29369
67,2.2333333333333334,30.0,247,29,0.819198,True,0.027652,-0.830058,0.112837,0.030204,-0.848914,0.180372
67,2.2333333333333334,30.0,247,30,0.628878,True,-0.17019457210451733,-0.138486,0.271849,-0.217442,-0.203358,0.294364
67,2.2333333333333334,30.0,247,31,0.839158,True,0.033952,-0.855004,0.111208,0.025115,-0.892926,0.178108
67,2.2333333333333334,30.0,247,32,0.593661,True,-0.2180675377998908,-0.099546,0.357375,-0.250655,-0.156303,0.368788
68,2.2666666666666666,30.0,248,0,0.982706,True,-0.14919,0.432694,-0.100937,-0.201814,0.502476,-0.097121
68,2.2666666666666666,30.0,248,1,0.97132,True,-0.163352,0.426594,-0.099607,-0.220391,0.507445,-0.092863
68,2.2666666666666666,30.0,248,2,0.968831,True,-0.161783,0.425794,-0.091237,-0.219049,0.508204,-0.086249
68,2.2666666666666666,30.0,248,3,0.976093,True,-0.164102,0.425557,-0.095118,-0.220608,0.506795,-0.09004
68,2.2666666666666666,30.0,248,4,0.983742,True,-0.161256,0.42281,-0.124732,-0.220746,0.504184,-0.114301
68,2.2666666666666666,30.0,248,5,0.98501,True,-0.159785,0.422024,-0.134847,-0.219638,0.503301,-0.122311
68,2.2666666666666666,30.0,248,6,0.99096,True,-0.157512,0.409656,-0.115792,-0.214805,0.489798,-0.104729
68,2.2666666666666666,30.0,248,7,0.983791,True,-0.087411,0.436803,-0.045062,-0.139365,0.520084,-0.009664
68,2.2666666666666666,30.0,248,8,0.987937,True,-0.150695,0.36608,-0.096286,-0.213774,0.424534,-0.039549
68,2.2666666666666666,30.0,248,9,0.978513,True,-0.08953,0.444645,-0.074803,-0.134127,0.508109,-0.0658
68,2.2666666666666666,30.0,248,10,0.984825,True,-0.112384,0.401873,-0.114939,-0.157578,0.460081,-0.095481
68,2.2666666666666666,30.0,248,11,0.999944,True,0.109428,0.423684,0.071848,0.10441,0.460224,0.090098
68,2.2666666666666666,30.0,248,12,0.999799,True,-0.121075,0.420474,0.015223,-0.174935,0.446599,0.05953
68,2.2666666666666666,30.0,248,13,0.782321,True,0.237136,0.499939,0.083748,0.254343,0.538029,0.10058
68,2.2666666666666666,30.0,248,14,0.580703,True,-0.320711,0.244428,-0.017108,-0.380464,0.260997,0.068777
68,2.2666666666666666,30.0,248,15,0.808394,True,0.371094,0.588338,0.152117,0.431767,0.6134,0.174895
68,2.2666666666666666,30.0,248,16,0.611959,True,-0.386777,0.137569,0.014763,-0.450757,0.162106,0.069263
68,2.2666666666666666,30.0,248,17,0.807573,True,0.398864,0.618179,0.174715,0.465369,0.640532,0.19684
68,2.2666666666666666,30.0,248,18,0.607399,True,-0.375769,0.109727,-0.010424,-0.43544,0.144747,0.044022
68,2.2666666666666666,30.0,248,19,0.807202,True,0.387328,0.620648,0.153207,0.447873,0.639843,0.164854
68,2.2666666666666666,30.0,248,20,0.605601,True,-0.3351104354337767,0.131561,-0.014376,-0.384636,0.171142,0.03748
68,2.2666666666666666,30.0,248,21,0.778988,True,0.381412,0.571531,0.14641,0.440801,0.595033,0.178914
68,2.2666666666666666,30.0,248,22,0.582172,True,-0.377151,0.131717,0.011099,-0.437197,0.163784,0.064241
68,2.2666666666666666,30.0,248,23,0.999989,True,0.06,-0.001742,0.05872,0.065949,-0.003071,0.057703
68,2.2666666666666666,30.0,248,24,0.999962,True,-0.057147,0.0054,-0.055017,-0.062676,0.00661,-0.054302
68,2.2666666666666666,30.0,248,25,0.896355,True,0.032488,-0.415651,0.060235,0.047392,-0.412123,0.030091
68,2.2666666666666666,30.0,248,26,0.70115,True,-0.084811,-0.302486,-0.117845,-0.117755,-0.279425,-0.129007
68,2.2666666666666666,30.0,248,27,0.891271,True,-0.036761,-0.800372,0.148462,-0.037653,-0.780795,0.113674
68,2.2666666666666666,30.0,248,28,0.604246,True,-0.299178,-0.107191,0.169005,-0.349511,-0.068453,0.225913
68,2.2666666666666666,30.0,248,29,0.836261,True,-0.067658,-0.841134,0.166109,-0.069563,-0.820721,0.128644
68,2.2666666666666666,30.0,248,30,0.65699,True,-0.333293,-0.072057,0.166463,-0.379349,-0.033469,0.236924
68,2.2666666666666666,30.0,248,31,0.854572,True,-0.035545,-0.875094,0.154429,0.001197,-0.849045,0.112817
68,2.2666666666666666,30.0,248,32,0.624315,True,-0.403212,-0.033188,0.249223,-0.447035,0.00361,0.361922
69,2.3,30.0,249,0,0.984434,True,-0.284325,0.467623,-0.240175,-0.292647,0.482256,-0.305866
69,2.3,30.0,249,1,0.974184,True,-0.302104,0.460357,-0.231706,-0.309392,0.470915,-0.296882
69,2.3,30.0,249,2,0.971945,True,-0.300972,0.457195,-0.223311,-0.308753,0.470214,-0.288373
69,2.3,30.0,249,3,0.978481,True,-0.303312,0.456795,-0.227822,-0.310698,0.469622,-0.293481
69,2.3,30.0,249,4,0.985366,True,-0.302853,0.457158,-0.26566,-0.312113,0.467313,-0.33245
69,2.3,30.0,249,5,0.986507,True,-0.300337,0.456638,-0.275875,-0.308923,0.466429,-0.343517
69,2.3,30.0,249,6,0.991862,True,-0.297024,0.446041,-0.255324,-0.305629,0.453951,-0.321911
69,2.3,30.0,249,7,0.985411,True,-0.203337,0.450807,-0.153662,-0.211555,0.47932,-0.214865
69,2.3,30.0,249,8,0.989139,True,-0.260197,0.366731,-0.231306,-0.26293,0.406358,-0.291734
69,2.3,30.0,249,9,0.98066,True,-0.208907,0.480054,-0.207474,-0.216742,0.494033,-0.271506
69,2.3,30.0,249,10,0.98634,True,-0.226207,0.434329,-0.257792,-0.230242,0.446318,-0.322799
69,2.3,30.0,249,11,0.99995,True,0.052175,0.436133,0.000663,0.058507,0.44677,-0.042477
69,2.3,30.0,249,12,0.999818,True,-0.18403,0.418515,-0.136744,-0.179975,0.418928,-0.194643
69,2.3,30.0,249,13,0.80246,True,0.260707,0.521451,0.01613,0.265251,0.528029,-0.042168
69,2.3,30.0,249,14,0.62259,True,-0.351681,0.221972,-0.194752,-0.334968,0.239073,-0.265473
69,2.3,30.0,249,15,0.827069,True,0.443999,0.604021,0.082925,0.456189,0.601366,0.005361
69,2.3,30.0,249,16,0.65027,False,-0.485939,0.113623,-0.18650034996487888,-0.478513,0.142492,-0.33321
69,2.3,30.0,249,17,0.826183,True,0.480862,0.631658,0.113976,0.493665,0.628179,0.031525
69,2.3,30.0,249,18,0.645693,False,-0.493682,0.082701,-0.2166555197246318,-0.489423,0.092422,-0.371533
69,2.3,30.0,249,19,0.825985,True,0.466648,0.639103,0.082397,0.485457,0.633592,-0.006164
69,2.3,30.0,249,20,0.643967,False,-0.456717,0.107352,-0.22342144160696517,-0.452595,0.122385,-0.380775
69,2.3,30.0,249,21,0.800576,True,0.457916,0.588806,0.06944,0.472534,0.585334,-0.013283
69,2.3,30.0,249,22,0.622562,False,-0.482483,0.102245,-0.19449556939130436,-0.475373,0.117569,-0.345575
69,2.3,30.0,249,23,0.99999,True,0.058782,-0.005159,0.091467,0.055812,-0.004931,0.088177
69,2.3,30.0,249,24,0.999965,True,-0.056125,0.008753,-0.087325,-0.053184,0.008733,-0.08399
69,2.3,30.0,249,25,0.90627,True,-0.015112,-0.410148,0.112085,0.032933,-0.40871,0.125243
69,2.3,30.0,249,26,0.731027,True,-0.092645,-0.286342,-0.147637,-0.107827,-0.280325,-0.124861
69,2.3,30.0,249,27,0.902105,True,-0.127614,-0.807719,0.176066,-0.129868,-0.763939,0.200612
69,2.3,30.0,249,28,0.643799,True,-0.38209,-0.066058,0.055489,-0.418498,-0.07592,0.024766
69,2.3,30.0,249,29,0.852564,True,-0.162142,-0.851924,0.190556,-0.165036,-0.801529,0.217146
69,2.3,30.0,249,30,0.691256,True,-0.425593,-0.027106,0.046371,-0.460494,-0.037598,0.008642
69,2.3,30.0,249,31,0.86906,True,-0.119629,-0.898166,0.167507,-0.10977,-0.835688,0.191717
69,2.3,30.0,249,32,0.66186,True,-0.506512,0.009728,0.116023,-0.546442,-0.01043,0.040254
70,2.3333333333333335,30.0,250,0,0.98599,True,-0.359093,0.481307,-0.355727,-0.343618,0.463134,-0.423881
70,2.3333333333333335,30.0,250,1,0.976766,True,-0.377578,0.471263,-0.344387,-0.358968,0.449982,-0.410409
70,2.3333333333333335,30.0,250,2,0.974751,True,-0.377045,0.466002,-0.335448,-0.358251,0.443094,-0.400737
70,2.3333333333333335,30.0,250,3,0.980633,True,-0.379271,0.465399,-0.340109,-0.360955,0.442695,-0.405298
70,2.3333333333333335,30.0,250,4,0.986829,True,-0.378817,0.468203,-0.383225,-0.358005,0.448447,-0.454846
70,2.3333333333333335,30.0,250,5,0.987857,True,-0.37564,0.467728,-0.393983,-0.353733,0.447816,-0.466518
70,2.3333333333333335,30.0,250,6,0.992676,True,-0.371788,0.458916,-0.372004,-0.351023,0.4412,-0.443118
70,2.3333333333333335,30.0,250,7,0.98687,True,-0.269236,0.441829,-0.25593,-0.254809,0.399877,-0.322508
70,2.3333333333333335,30.0,250,8,0.990225,True,-0.312534,0.34438,-0.347265,-0.281776,0.302047,-0.439133
70,2.3333333333333335,30.0,250,9,0.982594,True,-0.277974,0.493531,-0.318663,-0.266141,0.474582,-0.387292
70,2.3333333333333335,30.0,250,10,0.987706,True,-0.286092,0.445824,-0.375272,-0.270576,0.429063,-0.453067
70,2.3333333333333335,30.0,250,11,0.999955,True,0.002041,0.436879,-0.081472,-0.021238,0.41222,-0.139636
70,2.3333333333333335,30.0,250,12,0.999836,True,-0.201369,0.39588,-0.256227,-0.155271,0.373242,-0.337616
70,2.3333333333333335,30.0,250,13,0.821904,True,0.250465,0.529943,-0.058858,0.222582,0.508415,-0.112561
70,2.3333333333333335,30.0,250,14,0.660326,True,-0.312175,0.179068,-0.328875,-0.227721,0.149312,-0.423737
70,2.3333333333333335,30.0,250,15,0.84432,True,0.445947,0.613041,0.009844,0.378199,0.5988,-0.02258
70,2.3333333333333335,30.0,250,16,0.685208,True,-0.489904,0.073657,-0.351649,-0.420224,0.037079,-0.471165
70,2.3333333333333335,30.0,250,17,0.8435,True,0.482828,0.642088,0.046396,0.405518,0.628414,0.019135
70,2.3333333333333335,30.0,250,18,0.681037,True,-0.512144,0.04375,-0.387201,-0.450034,0.005839,-0.507423
70,2.3333333333333335,30.0,250,19,0.843336,True,0.46423,0.653824,0.009866,0.39678,0.646765,-0.019923
70,2.3333333333333335,30.0,250,20,0.679467,True,-0.491518,0.071213,-0.395259,-0.438727,0.02716,-0.51664
70,2.3333333333333335,30.0,250,21,0.820466,True,0.461255,0.600099,-0.009269,0.394702,0.587978,-0.041709
70,2.3333333333333335,30.0,250,22,0.660159,True,-0.494301,0.060819,-0.362343,-0.431189,0.021417,-0.484205
70,2.3333333333333335,30.0,250,23,0.999991,True,0.051028,-0.005752,0.110161,0.039731,-0.004635,0.112928
70,2.3333333333333335,30.0,250,24,0.999968,True,-0.048722,0.009398,-0.10578,-0.037616,0.008272,-0.108241
70,2.3333333333333335,30.0,250,25,0.915433,True,-0.057254,-0.407723,0.13725,-0.094137,-0.40164,0.150776
70,2.3333333333333335,30.0,250,26,0.757923,True,-0.085289,-0.282949,-0.153596,-0.065446,-0.282195,-0.146741
70,2.3333333333333335,30.0,250,27,0.911878,True,-0.189376,-0.795286,0.178795,-0.190912,-0.764453,0.175171
70,2.3333333333333335,30.0,250,28,0.679415,True,-0.403666,-0.075617,-0.039595,-0.345152,-0.120368,-0.085616
70,2.3333333333333335,30.0,250,29,0.867286,True,-0.225621,-0.839915,0.191014,-0.222305,-0.806324,0.188501
70,2.3333333333333335,30.0,250,30,0.722126,True,-0.447571,-0.037297,-0.055797,-0.392382,-0.087012,-0.10758
70,2.3333333333333335,30.0,250,31,0.882136,True,-0.185883,-0.901701,0.161446,-0.195205,-0.85952,0.165533
70,2.3333333333333335,30.0,250,32,0.695671,True,-0.528102,-0.004043,-0.007492,-0.476551,-0.056796,-0.074775
71,2.3666666666666667,30.0,251,0,0.987391,True,-0.361552,0.463801,-0.429333,-0.35016,0.455369,-0.415913
71,2.3666666666666667,30.0,251,1,0.979089,True,-0.378629,0.452499,-0.420504,-0.364655,0.446718,-0.402724
71,2.3666666666666667,30.0,251,2,0.977276,True,-0.378452,0.446266,-0.410676,-0.363832,0.436863,-0.39341
71,2.3666666666666667,30.0,251,3,0.98257,True,-0.380648,0.445356,-0.415098,-0.366199,0.436343,-0.397439
71,2.3666666666666667,30.0,251,4,0.988146,True,-0.377847,0.449214,-0.459011,-0.364246,0.444573,-0.445688
71,2.3666666666666667,30.0,251,5,0.989071,True,-0.374613,0.448398,-0.470477,-0.360104,0.444709,-0.45709
71,2.3666666666666667,30.0,251,6,0.993408,True,-0.370618,0.440883,-0.447404,-0.355877,0.438953,-0.434186
71,2.3666666666666667,30.0,251,7,0.988183,True,-0.276602,0.413512,-0.333849,-0.262615,0.389273,-0.315169
71,2.3666666666666667,30.0,251,8,0.991203,True,-0.30386,0.304953,-0.422924,-0.287721,0.283153,-0.423775
71,2.3666666666666667,30.0,251,9,0.984335,True,-0.286454,0.475635,-0.389931,-0.274822,0.468731,-0.377798
71,2.3666666666666667,30.0,251,10,0.988936,True,-0.283683,0.426514,-0.446987,-0.277554,0.422907,-0.441247
71,2.3666666666666667,30.0,251,11,0.999959,True,-0.032471,0.423424,-0.149727,-0.02973,0.409647,-0.136299
71,2.3666666666666667,30.0,251,12,0.999852,True,-0.179869,0.356516,-0.313042,-0.168235,0.360667,-0.319119
71,2.3666666666666667,30.0,251,13,0.839387,True,0.207777,0.525712,-0.11322,0.211127,0.497433,-0.113999
71,2.3666666666666667,30.0,251,14,0.694288,True,-0.220713,0.126644,-0.385688,-0.218379,0.1294,-0.381382
71,2.3666666666666667,30.0,251,15,0.859853,True,0.382378,0.6184,-0.03767,0.369357,0.594849,-0.039203
71,2.3666666666666667,30.0,251,16,0.716661,True,-0.404573,0.027285,-0.435738,-0.418836,0.020528,-0.416189
71,2.3666666666666667,30.0,251,17,0.859097,True,0.410985,0.652644,-0.00085,0.398973,0.625318,0.000177
71,2.3666666666666667,30.0,251,18,0.712865,True,-0.431451,0.002607,-0.475853,-0.448324,-0.003901,-0.45164
71,2.3666666666666667,30.0,251,19,0.858962,True,0.387297,0.665443,-0.040061,0.388617,0.645056,-0.040766
71,2.3666666666666667,30.0,251,20,0.711444,True,-0.426243,0.03189,-0.482849,-0.442664,0.021354,-0.460852
71,2.3666666666666667,30.0,251,21,0.838377,True,0.396771,0.607486,-0.058132,0.386517,0.584995,-0.060148
71,2.3666666666666667,30.0,251,22,0.694032,True,-0.415975,0.017365,-0.446106,-0.431204,0.011924,-0.42875
71,2.3666666666666667,30.0,251,23,0.999992,True,0.04083,-0.00381,0.112376,0.038981,-0.004353,0.112438
71,2.3666666666666667,30.0,251,24,0.999971,True,-0.038989,0.007762,-0.107917,-0.037186,0.007936,-0.108368
71,2.3666666666666667,30.0,251,25,0.923737,True,-0.076185,-0.409314,0.128467,-0.108041,-0.40149,0.136618
71,2.3666666666666667,30.0,251,26,0.782129,True,-0.073683,-0.295208,-0.140464,-0.051404,-0.287743,-0.141809
71,2.3666666666666667,30.0,251,27,0.92068,True,-0.196191,-0.739336,0.167136,-0.180014,-0.781575,0.159227
71,2.3666666666666667,30.0,251,28,0.711471,True,-0.376776,-0.159738,-0.092086,-0.353304,-0.137995,-0.093813
71,2.3666666666666667,30.0,251,29,0.880543,True,-0.231639,-0.778147,0.179375,-0.209776,-0.827933,0.171961
71,2.3666666666666667,30.0,251,30,0.749909,True,-0.414179,-0.129796,-0.113402,-0.403852,-0.106257,-0.116807
71,2.3666666666666667,30.0,251,31,0.893911,True,-0.198816,-0.853346,0.153486,-0.186909,-0.890834,0.144605
71,2.3666666666666667,30.0,251,32,0.726101,True,-0.485394,-0.101767,-0.093247,-0.487873,-0.069134,-0.091934
72,2.4,30.0,252,0,0.988652,True,-0.292332,0.419735,-0.460196,-0.297012,0.467069,-0.326812
72,2.4,30.0,252,1,0.98118,True,-0.306408,0.410265,-0.458117,-0.319024,0.441199,-0.320903
72,2.4,30.0,252,2,0.979548,True,-0.306072,0.404495,-0.447223,-0.318466,0.435447,-0.31083
72,2.4,30.0,252,3,0.984313,True,-0.308443,0.403167,-0.45109,-0.320648,0.434806,-0.314187
72,2.4,30.0,252,4,0.989332,True,-0.30159,0.40707,-0.492074,-0.315469,0.440781,-0.357171
72,2.4,30.0,252,5,0.990164,True,-0.298661,0.405539,-0.504093,-0.311686,0.440166,-0.367679
72,2.4,30.0,252,6,0.994068,True,-0.294691,0.398595,-0.480286,-0.306893,0.43206,-0.345609
72,2.4,30.0,252,7,0.989365,True,-0.227948,0.375673,-0.381304,-0.24772,0.39224,-0.251549
72,2.4,30.0,252,8,0.992082,True,-0.238444,0.260933,-0.456121,-0.252657,0.290242,-0.336952
72,2.4,30.0,252,9,0.985901,True,-0.234558,0.430853,-0.420171,-0.232331,0.477914,-0.293099
72,2.4,30.0,252,10,0.990042,True,-0.221442,0.380753,-0.472674,-0.228987,0.431376,-0.347392
72,2.4,30.0,252,11,0.999963,True,-0.050229,0.396686,-0.192937,-0.058068,0.412558,-0.109289
72,2.4,30.0,252,12,0.999866,True,-0.12744,0.309972,-0.304263,-0.141521,0.349952,-0.235592
72,2.4,30.0,252,13,0.851419,True,0.13617,0.511222,-0.136788,0.161063,0.524333,-0.028823
72,2.4,30.0,252,14,0.724152,True,-0.096258,0.076961,-0.363962,-0.179395,0.077368,-0.33785
72,2.4,30.0,252,15,0.873685,True,0.266114,0.622151,-0.044913,0.355736,0.641063,0.123602
72,2.4,30.0,252,16,0.744047,True,-0.249224,-0.015671,-0.428023,-0.323809,-0.019433,-0.436023
72,2.4,30.0,252,17,0.87293,True,0.280262,0.664243,-0.013033,0.385984,0.687806,0.178494
72,2.4,30.0,252,18,0.740195,True,-0.268686,-0.032899,-0.470361,-0.344976,-0.024697,-0.485892
72,2.4,30.0,252,19,0.872856,True,0.253944,0.674564,-0.05595,0.330703,0.699685,0.140239
72,2.4,30.0,252,20,0.738723,True,-0.274664,-0.003514,-0.474587,-0.337583,0.008371,-0.486289
72,2.4,30.0,252,21,0.854301,True,0.278226,0.61251,-0.061125,0.366351,0.634185,0.106358
72,2.4,30.0,252,22,0.722156,True,-0.26465,-0.019995,-0.435582,-0.332534,-0.018537,-0.444878
72,2.4,30.0,252,23,0.999992,True,0.029478,-0.000364,0.098541,0.026541,-0.003906,0.10755
72,2.4,30.0,252,24,0.999973,True,-0.028177,0.00488,-0.094105,-0.025429,0.007599,-0.102725
72,2.4,30.0,252,25,0.929582,True,-0.065314,-0.411749,0.088174,-0.07971,-0.401263,0.103565
72,2.4,30.0,252,26,0.803841,True,-0.063521,-0.317529,-0.11322,-0.029426,-0.304308,-0.1434
72,2.4,30.0,252,27,0.928417,True,-0.136808,-0.630685,0.151392,-0.163534,-0.778144,0.127808
72,2.4,30.0,252,28,0.740112,True,-0.310925,-0.313495,-0.092048,-0.283162,-0.151881,-0.097428
72,2.4,30.0,252,29,0.892229,True,-0.16768,-0.656631,0.166773,-0.197126,-0.824622,0.136378
72,2.4,30.0,252,30,0.774729,True,-0.34066,-0.300105,-0.115621,-0.320916,-0.117947,-0.122213
72,2.4,30.0,252,31,0.904303,True,-0.137495,-0.734114,0.156812,-0.178438,-0.885823,0.124964
72,2.4,30.0,252,32,0.753334,True,-0.398657,-0.278934,-0.127461,-0.389989,-0.089763,-0.08443
73,2.433333333333333,30.0,253,0,0.985302,True,-0.165556,0.366747,-0.452277,-0.253064,0.369016,-0.481005
73,2.433333333333333,30.0,253,1,0.977114,True,-0.174942,0.360841,-0.458296,-0.250738,0.371181,-0.494184
73,2.433333333333333,30.0,253,2,0.974272,True,-0.17399,0.3565,-0.446188,-0.253257,0.368324,-0.479707
73,2.433333333333333,30.0,253,3,0.981195,True,-0.176686,0.354793,-0.449208,-0.255087,0.366735,-0.48357
73,2.433333333333333,30.0,253,4,0.987848,True,-0.165011,0.358838,-0.485886,-0.239165,0.35996,-0.5081
73,2.433333333333333,30.0,253,5,0.988661,True,-0.162345,0.356472,-0.49797,-0.242091,0.356933,-0.520399
73,2.433333333333333,30.0,253,6,0.992785,True,-0.158372,0.349422,-0.473788,-0.239256,0.348938,-0.496587
73,2.433333333333333,30.0,253,7,0.986724,True,-0.13486,0.339424,-0.395731,-0.171071,0.373257,-0.43721
73,2.433333333333333,30.0,253,8,0.988608,True,-0.127679,0.225947,-0.452181,-0.18871,0.231816,-0.431401
73,2.433333333333333,30.0,253,9,0.984896,True,-0.133333,0.376282,-0.413366,-0.216982,0.379038,-0.436034
73,2.433333333333333,30.0,253,10,0.987387,True,-0.112619,0.326188,-0.459352,-0.176942,0.320443,-0.46741
73,2.433333333333333,30.0,253,11,0.999919,True,-0.054867,0.362184,-0.211052,-0.046489,0.408685,-0.24884
73,2.433333333333333,30.0,253,12,0.999502,True,-0.051479,0.269649,-0.247501,-0.098149,0.248795,-0.231663
73,2.433333333333333,30.0,253,13,0.770547,True,0.043317,0.489571,-0.135222,0.016141,0.543935,-0.209376
73,2.433333333333333,30.0,253,14,0.652683,True,0.042347,0.04049,-0.287636,0.039648,0.053838,-0.248492
73,2.433333333333333,30.0,253,15,0.794998,True,0.115383,0.623526,-0.01367,0.061479,0.630971,-0.186453
73,2.433333333333333,30.0,253,16,0.670668,True,-0.054667,-0.046649,-0.344835,-0.058787,-0.007622,-0.29572
73,2.433333333333333,30.0,253,17,0.796479,True,0.112042,0.674326,0.010345,0.054147,0.682431,-0.19596
73,2.433333333333333,30.0,253,18,0.667303,True,-0.060326195383141955,-0.056443,-0.386191,-0.064902,-0.020474,-0.332385
73,2.433333333333333,30.0,253,19,0.798331,True,0.088518,0.680599,-0.036275,0.034108,0.677383,-0.20589
73,2.433333333333333,30.0,253,20,0.66603,True,-0.07100908224994897,-0.0285,-0.387244,-0.089082,0.018693,-0.332926
73,2.433333333333333,30.0,253,21,0.780398,True,0.125286,0.614535,-0.020292,0.069744,0.618567,-0.190512
73,2.433333333333333,30.0,253,22,0.650842,True,-0.07024,-0.044957,-0.349071,-0.080245,-0.003261,-0.299657
73,2.433333333333333,30.0,253,23,0.99997,True,0.016109,0.003214,0.071917,0.026241,0.006667,0.066454
73,2.433333333333333,30.0,253,24,0.999963,True,-0.015364,0.001962,-0.067542,-0.025068,-0.000716,-0.061914
73,2.433333333333333,30.0,253,25,0.841758,True,-0.03337,-0.409518,0.028314,-0.04738,-0.423163,-0.000158
73,2.433333333333333,30.0,253,26,0.764033,True,-0.051231,-0.338059,-0.075367,-0.082144,-0.352647,-0.051321
73,2.433333333333333,30.0,253,27,0.839757,True,-0.02397,-0.491199,0.136439,-0.14753,-0.435111,0.144508
73,2.433333333333333,30.0,253,28,0.733429,False,-0.206834,-0.490606,-0.044121,-0.243,-0.789378,-0.025799
73,2.433333333333333,30.0,253,29,0.806494,True,-0.045841,-0.500564,0.157735,-0.184198,-0.431937,0.169914
73,2.433333333333333,30.0,253,30,0.717261,False,-0.233722,-0.497445,-0.067692,-0.246838,-0.831138,-0.040333
73,2.433333333333333,30.0,253,31,0.819167,False,-0.013436,-0.563973,0.172241,-0.161925,-0.450024,0.158426
73,2.433333333333333,30.0,253,32,0.723224,False,-0.278844,-0.4904910106949948,-0.108062,-0.23719,-0.857617,-0.07419
74,2.466666666666667,30.0,254,0,0.986722,True,-0.008015,0.328372,-0.406876,0.053052,0.29044,-0.507723
74,2.466666666666667,30.0,254,1,0.979351,True,-0.010735,0.324379,-0.41946,0.040157,0.292801,-0.526733
74,2.466666666666667,30.0,254,2,0.976765,True,-0.009142,0.321576,-0.405894,0.042683,0.291401,-0.512696
74,2.466666666666667,30.0,254,3,0.983032,True,-0.01209,0.319737,-0.407815,0.040386,0.288037,-0.514475
74,2.466666666666667,30.0,254,4,0.989044,True,0.00426,0.324911,-0.440848,0.051015,0.295283,-0.547561
74,2.466666666666667,30.0,254,5,0.98977,True,0.006873,0.321924,-0.452298,0.056044,0.290964,-0.559818
74,2.466666666666667,30.0,254,6,0.99349,True,0.010945,0.314254,-0.428209,0.060409,0.282723,-0.534611
74,2.466666666666667,30.0,254,7,0.988011,True,-0.016069,0.314958,-0.374827,0.020848,0.293743,-0.489633
74,2.466666666666667,30.0,254,8,0.989691,True,0.008803,0.211105,-0.413864,0.035063,0.194566,-0.52713
74,2.466666666666667,30.0,254,9,0.986364,True,-0.004079,0.334968,-0.371071,0.053799,0.294933,-0.468133
74,2.466666666666667,30.0,254,10,0.988614,True,0.019963,0.286731,-0.411474,0.070758,0.249515,-0.509072
74,2.466666666666667,30.0,254,11,0.999924,True,-0.04988,0.330411,-0.209797,-0.023112,0.301912,-0.327511
74,2.466666666666667,30.0,254,12,0.999543,True,0.037542,0.249095,-0.166336,0.052667,0.22631,-0.280668
74,2.466666666666667,30.0,254,13,0.706735,True,-0.055972,0.465423,-0.122921,0.017244,0.431528,-0.21709
74,2.466666666666667,30.0,254,14,0.590802,True,0.172945,0.024664,-0.186806,0.215011,0.00498,-0.243306
74,2.466666666666667,30.0,254,15,0.74293,True,-0.044963,0.620793,0.038215,-0.001157,0.623587,-0.084894
74,2.466666666666667,30.0,254,16,0.608461,True,0.138501,-0.058115,-0.215855,0.191039,-0.078659,-0.280402
74,2.466666666666667,30.0,254,17,0.746512,True,-0.06529,0.679278,0.054371,-0.041714,0.677033,-0.073262
74,2.466666666666667,30.0,254,18,0.605434,True,0.1624699795429132,-0.061405,-0.253069,0.213735,-0.078944,-0.327707
74,2.466666666666667,30.0,254,19,0.749385,True,-0.0804,0.682608,0.009744,-0.06145,0.681367,-0.086835
74,2.466666666666667,30.0,254,20,0.604228,True,0.15261243713308953,-0.035201,-0.251915,0.200836,-0.055743,-0.329162
74,2.466666666666667,30.0,254,21,0.728896,True,-0.036207,0.612246,0.0442,0.001259,0.611438,-0.088566
74,2.466666666666667,30.0,254,22,0.589184,True,0.126163,-0.051351,-0.218261,0.177425,-0.071593,-0.27246
74,2.466666666666667,30.0,254,23,0.999972,True,0.000398,0.005733,0.038012,0.01218,0.007469,0.040963
74,2.466666666666667,30.0,254,24,0.999966,True,-0.000115,-3.4e-05,-0.033714,-0.011467,-0.001256,-0.037974
74,2.466666666666667,30.0,254,25,0.783477,True,0.00156,-0.399573,-0.034186,0.065198,-0.43349,-0.008911
74,2.466666666666667,30.0,254,26,0.720905,True,-0.029163,-0.344919,-0.029271,-0.065815,-0.351892,0.001617
74,2.466666666666667,30.0,254,27,0.775268,True,0.10632,-0.371268,0.12074,0.178457,-0.359488,0.145184
74,2.466666666666667,30.0,254,28,0.731893,True,-0.067044,-0.618115,0.038202,-0.084842,-0.745104,0.075483
74,2.466666666666667,30.0,254,29,0.738795,True,0.096354,-0.366783,0.148908,0.168391,-0.34966,0.169733
74,2.466666666666667,30.0,254,30,0.675304,True,-0.097212,-0.640678,0.015897,-0.090128,-0.782628,0.053899
74,2.466666666666667,30.0,254,31,0.761886,True,0.127737,-0.404402,0.186885,0.188259,-0.335979,0.197692
74,2.466666666666667,30.0,254,32,0.706506,True,-0.129861,-0.632627,-0.039132,-0.117803,-0.789775,-0.054552
75,2.5,30.0,255,0,0.988017,False,0.145888,0.323494,-0.326145,0.166682,0.315306,-0.031653
75,2.5,30.0,255,1,0.981383,False,0.151478,0.316821,-0.342481,0.172829,0.307813,-0.039336
75,2.5,30.0,255,2,0.979046,False,0.153199,0.315072,-0.327259,0.177651,0.308018,-0.029653
75,2.5,30.0,255,3,0.984705,False,0.150328,0.313436,-0.327978,0.172368,0.305558,-0.029441
75,2.5,30.0,255,4,0.990127,False,0.170519,0.320658,-0.358288,0.197861,0.316688,-0.056507
75,2.5,30.0,255,5,0.990778,False,0.173102,0.317459,-0.368536,0.202166,0.312812,-0.066625
75,2.5,30.0,255,6,0.994132,False,0.177329,0.308734,-0.345145,0.205903,0.304938,-0.043262
75,2.5,30.0,255,7,0.989192,False,0.105151,0.31022,-0.320278,0.112715,0.29574,-0.059207
75,2.5,30.0,255,8,0.990701,False,0.144344,0.222528,-0.341688,0.177955,0.22167,-0.061025
75,2.5,30.0,255,9,0.987688,False,0.125288,0.325767,-0.295481,0.14079,0.320024,-0.025441
75,2.5,30.0,255,10,0.989729,False,0.148175,0.281578,-0.331894,0.16392,0.277619,-0.053332
75,2.5,30.0,255,11,0.999931,True,-0.035507,0.313582,-0.195755,-0.042894,0.287974,-0.060142
75,2.5,30.0,255,12,0.999587,True,0.123444,0.256561,-0.078285,0.150857,0.260626,0.066315
75,2.5,30.0,255,13,0.730735,True,-0.140575,0.444893,-0.11449,-0.194641,0.422604,0.018465
75,2.5,30.0,255,14,0.540107,True,0.270414,0.03319,-0.080937,0.288004,0.042798,0.018977
75,2.5,30.0,255,15,0.759882,True,-0.184853,0.613678,0.083338,-0.223961,0.60646,0.267426
75,2.5,30.0,255,16,0.553463,True,0.286484,-0.044319,-0.067815,0.298174,-0.046427,0.036463
75,2.5,30.0,255,17,0.757167,True,-0.218653,0.677236,0.093589,-0.244084,0.673455,0.306491
75,2.5,30.0,255,18,0.550448,True,0.322875,-0.041691,-0.098362,0.341638,-0.054914,0.019633
75,2.5,30.0,255,19,0.758461,False,-0.222781,0.680202,0.061494,-0.23446,0.679285,0.313539
75,2.5,30.0,255,20,0.548729,True,0.319076,-0.016032,-0.096969,0.341289,-0.042927,0.021133
75,2.5,30.0,255,21,0.735536,True,-0.176175,0.605568,0.101045,-0.208272,0.602993,0.281271
75,2.5,30.0,255,22,0.534754,True,0.279211,-0.033652,-0.070652,0.291685,-0.042791,0.029636
75,2.5,30.0,255,23,0.999975,True,-0.015291,0.00664,0.00328,-0.025824,0.006088,-0.003648
75,2.5,30.0,255,24,0.99997,True,0.015365,-0.000715,0.000885,0.025384,-0.000278,0.008914
75,2.5,30.0,255,25,0.803651,True,0.024392,-0.384743,-0.084139,0.043671,-0.380598,-0.121548
75,2.5,30.0,255,26,0.710543,True,0.004508,-0.333101,0.021739,0.009481,-0.353919,-0.017065
75,2.5,30.0,255,27,0.784672,True,0.210147,-0.323906,0.099389,0.299611,-0.251004,0.057078
75,2.5,30.0,255,28,0.746912,True,0.08778,-0.636425,0.137654,-0.044231,-0.834323,0.069457
75,2.5,30.0,255,29,0.748403,True,0.211233,-0.314311,0.132682,0.310274,-0.236021,0.089018
75,2.5,30.0,255,30,0.673759,True,0.053171,-0.662867,0.117362,-0.054539,-0.882467,0.039573
75,2.5,30.0,255,31,0.773555,True,0.228694,-0.327147,0.182175,0.36764,-0.205922,0.186205
75,2.5,30.0,255,32,0.718879,True,0.035946,-0.656091,0.069083,-0.123623,-0.860513,-0.033284
76,2.533333333333333,30.0,256,0,0.989041,True,0.262538,0.356435,-0.221065,0.269065,0.324988,-0.142867
76,2.533333333333333,30.0,256,1,0.983165,True,0.276592,0.342255,-0.238835,0.283878,0.318854,-0.154959
76,2.533333333333333,30.0,256,2,0.981002,True,0.277671,0.34107,-0.222205,0.285484,0.314721,-0.14377
76,2.533333333333333,30.0,256,3,0.986158,True,0.275301,0.339866,-0.221912,0.282996,0.315523,-0.14409
76,2.533333333333333,30.0,256,4,0.991087,True,0.298102,0.349123,-0.249207,0.305767,0.321549,-0.172586
76,2.533333333333333,30.0,256,5,0.991668,True,0.300374,0.346085,-0.258212,0.307994,0.320901,-0.184051
76,2.533333333333333,30.0,256,6,0.994706,True,0.304788,0.335914,-0.236102,0.31343,0.311734,-0.161053
76,2.533333333333333,30.0,256,7,0.990169,True,0.204345,0.327926,-0.241816,0.198952,0.318731,-0.126646
76,2.533333333333333,30.0,256,8,0.991601,True,0.250385,0.258644,-0.242089,0.253836,0.235301,-0.1647
76,2.533333333333333,30.0,256,9,0.988779,True,0.226539,0.353637,-0.196976,0.228371,0.326009,-0.127043
76,2.533333333333333,30.0,256,10,0.990689,True,0.245005,0.314952,-0.229532,0.247189,0.279556,-0.157768
76,2.533333333333333,30.0,256,11,0.999931,True,-0.010489,0.319,-0.173086,-0.028765,0.313335,-0.147907
76,2.533333333333333,30.0,256,12,0.999621,True,0.186289,0.290258,0.007643,0.181292,0.274117,-0.002669
76,2.533333333333333,30.0,256,13,0.742662,True,-0.189906,0.432766,-0.117052,-0.209429,0.438535,-0.077465
76,2.533333333333333,30.0,256,14,0.50586,True,0.312248,0.064768,0.02462,0.297023,0.05459,0.004045
76,2.533333333333333,30.0,256,15,0.769339,True,-0.276008,0.603615,0.098783,-0.282259,0.601302,0.204828
76,2.533333333333333,30.0,256,16,0.522482,True,0.35354,-0.004912,0.082022,0.338379,-0.025888,0.062614
76,2.533333333333333,30.0,256,17,0.763082,True,-0.31795,0.668761,0.105517,-0.320986,0.667157,0.196588
76,2.533333333333333,30.0,256,18,0.518079,True,0.400246,0.003422,0.059926,0.383138,-0.013866,0.039854
76,2.533333333333333,30.0,256,19,0.763195,True,-0.312833,0.673349,0.094626,-0.318612,0.666166,0.295127
76,2.533333333333333,30.0,256,20,0.516478,True,0.404744,0.030127,0.059237,0.390418,0.01085,0.042655
76,2.533333333333333,30.0,256,21,0.733273,True,-0.267027,0.595792,0.123479,-0.273863,0.592414,0.252917
76,2.533333333333333,30.0,256,22,0.49788,True,0.351217,0.008642,0.077208,0.337805,-0.012002,0.055209
76,2.533333333333333,30.0,256,23,0.999977,True,-0.026193,0.006191,-0.026224,-0.028418,0.006228,-0.028135
76,2.533333333333333,30.0,256,24,0.999973,True,0.026424,-0.000331,0.030105,0.028254,-0.000616,0.032267
76,2.533333333333333,30.0,256,25,0.813426,True,0.031834,-0.372323,-0.113028,0.00916,-0.329559,-0.117284
76,2.533333333333333,30.0,256,26,0.670169,True,0.04004,-0.307656,0.070677,0.028082,-0.320514,0.035827
76,2.533333333333333,30.0,256,27,0.772968,True,0.257513,-0.37159,0.069777,0.292521,-0.266291,0.097108
76,2.533333333333333,30.0,256,28,0.698304,False,0.215113,-0.537713,0.234913,0.315514,-0.370143,0.23153
76,2.533333333333333,30.0,256,29,0.726366,True,0.26472,-0.367554,0.104253,0.306044,-0.254603,0.141491
76,2.533333333333333,30.0,256,30,0.630039,False,0.181761,-0.554388,0.217386,0.34741,-0.358814,0.217623
76,2.533333333333333,30.0,256,31,0.764912,True,0.253627,-0.368567,0.14784,0.356268,-0.247399,0.207122
76,2.533333333333333,30.0,256,32,0.672838,False,0.184717,-0.542689,0.196183,0.43538,-0.344069,0.224944
77,2.566666666666667,30.0,257,0,0.989902,True,0.316841,0.41419,-0.114028,0.293982,0.409896,-0.16763
77,2.566666666666667,30.0,257,1,0.984771,True,0.337073,0.390539,-0.131956,0.311777,0.381365,-0.181571
77,2.566666666666667,30.0,257,2,0.982804,True,0.336989,0.389816,-0.114922,0.310064,0.379666,-0.155303
77,2.566666666666667,30.0,257,3,0.987465,True,0.33539,0.389067,-0.114116,0.309534,0.379155,-0.15265
77,2.566666666666667,30.0,257,4,0.991942,True,0.359289,0.3994,-0.137197,0.330916,0.393289,-0.1883
77,2.566666666666667,30.0,257,5,0.992464,True,0.3609,0.396719,-0.145519,0.332159,0.390125,-0.188137
77,2.566666666666667,30.0,257,6,0.995213,True,0.365646,0.384891,-0.125027,0.337445,0.378327,-0.170249
77,2.566666666666667,30.0,257,7,0.991106,True,0.259396,0.362904,-0.155663,0.236798,0.345271,-0.222036
77,2.566666666666667,30.0,257,8,0.992409,True,0.302874,0.30924,-0.133442,0.273355,0.296962,-0.209812
77,2.566666666666667,30.0,257,9,0.989716,True,0.27728,0.406713,-0.096501,0.257264,0.399017,-0.135389
77,2.566666666666667,30.0,257,10,0.99153,True,0.290048,0.373423,-0.123937,0.270134,0.371573,-0.184256
77,2.566666666666667,30.0,257,11,0.999933,True,0.02283,0.343965,-0.142912,-0.006865,0.32842,-0.222613
77,2.566666666666667,30.0,257,12,0.99963,True,0.20754,0.338269,0.084926,0.191743,0.332639,-0.032692
77,2.566666666666667,30.0,257,13,0.755813,True,-0.192914,0.429455,-0.126684,-0.213509,0.432818,-0.188207
77,2.566666666666667,30.0,257,14,0.479285,True,0.284827,0.11236,0.129081,0.271639,0.084726,0.025717
77,2.566666666666667,30.0,257,15,0.784154,True,-0.300794,0.592246,0.079755,-0.318129,0.584898,-0.02227
77,2.566666666666667,30.0,257,16,0.516913,True,0.322579,0.051406,0.220869,0.331411,0.019275,0.121274
77,2.566666666666667,30.0,257,17,0.77765,True,-0.345009,0.655759,0.084836,-0.367271,0.650818,-0.020128
77,2.566666666666667,30.0,257,18,0.512299,True,0.370463,0.064668,0.208189,0.378178,0.034786,0.100661
77,2.566666666666667,30.0,257,19,0.776891,True,-0.335282,0.661976,0.095147,-0.35601,0.661161,0.008235
77,2.566666666666667,30.0,257,20,0.51182,True,0.382981,0.092852,0.20357,0.389306,0.071453,0.095222
77,2.566666666666667,30.0,257,21,0.741318,True,-0.291755,0.584373,0.104799,-0.3075,0.577412,-0.002092
77,2.566666666666667,30.0,257,22,0.483797,True,0.323665,0.066655,0.213925,0.333865,0.038127,0.111645
77,2.566666666666667,30.0,257,23,0.999978,True,-0.027614,0.005185,-0.04564,-0.028958,0.003929,-0.032866
77,2.566666666666667,30.0,257,24,0.999971,True,0.028309,0.000469,0.048972,0.029509,0.00179,0.035473
77,2.566666666666667,30.0,257,25,0.829795,True,0.031025,-0.368976,-0.119538,0.010397,-0.371723,-0.094096
77,2.566666666666667,30.0,257,26,0.636357,True,0.059807,-0.280444,0.106435,0.094972,-0.241602,0.132167
77,2.566666666666667,30.0,257,27,0.794085,False,0.245227,-0.491711,0.03642,0.189186,-0.74333,0.094132
77,2.566666666666667,30.0,257,28,0.659182,True,0.267303,-0.371369,0.310309,0.356265,-0.232258,0.34593
77,2.566666666666667,30.0,257,29,0.746708,False,0.25168,-0.500812,0.067798,0.196454,-0.780421,0.129041
77,2.566666666666667,30.0,257,30,0.616816,True,0.243004,-0.369533,0.296349,0.380681,-0.216607,0.335751
77,2.566666666666667,30.0,257,31,0.784149,False,0.207205,-0.505682,0.092015,0.080179,-0.818677,0.130359
77,2.566666666666667,30.0,257,32,0.637631,True,0.266712,-0.346941,0.312741,0.427646,-0.211354,0.370754
78,2.6,30.0,258,0,0.99062,True,0.296543,0.474015,-0.032514,0.289165,0.540425,-0.038692
78,2.6,30.0,258,1,0.986139,True,0.318344,0.443083,-0.049563,0.316633,0.503503,-0.057673
78,2.6,30.0,258,2,0.984366,True,0.317155,0.443039,-0.0337,0.314081,0.504595,-0.042498
78,2.6,30.0,258,3,0.988589,True,0.3163,0.442623,-0.03303,0.314173,0.503252,-0.04187
78,2.6,30.0,258,4,0.992657,True,0.339391,0.452918,-0.051547,0.333653,0.515356,-0.055425
78,2.6,30.0,258,5,0.99314,True,0.340262,0.450632,-0.059976,0.334395,0.512132,-0.066371
78,2.6,30.0,258,6,0.995645,True,0.345727,0.437322,-0.041088,0.339894,0.498296,-0.046757
78,2.6,30.0,258,7,0.991911,True,0.254645,0.403626,-0.078735,0.262301,0.44772,-0.086907
78,2.6,30.0,258,8,0.993103,True,0.287499,0.359081,-0.042829,0.283552,0.412819,-0.02983
78,2.6,30.0,258,9,0.990455,True,0.26501,0.463403,-0.01949,0.259881,0.524542,-0.027654
78,2.6,30.0,258,10,0.992213,True,0.27255,0.433846,-0.041258,0.264614,0.498719,-0.040687
78,2.6,30.0,258,11,0.999936,True,0.05558,0.377167,-0.105829,0.064062,0.417759,-0.121895
78,2.6,30.0,258,12,0.999617,True,0.17586,0.384361,0.142835,0.175309,0.424242,0.166825
78,2.6,30.0,258,13,0.779907,True,-0.152728,0.430982,-0.132039,-0.13356,0.441745,-0.167744
78,2.6,30.0,258,14,0.441839,True,0.187247,0.164816,0.223545,0.20674,0.212392,0.249339
78,2.6,30.0,258,15,0.805284,True,-0.257329,0.580278,0.041251,-0.249637,0.598632,-0.005532
78,2.6,30.0,258,16,0.489239,True,0.199893,0.108087,0.331915,0.262804,0.164356,0.360393
78,2.6,30.0,258,17,0.799125,True,-0.298331,0.640414,0.045981,-0.294324,0.661605,-0.000605
78,2.6,30.0,258,18,0.491723,True,0.241593,0.124146,0.328246,0.316349,0.180325,0.351516
78,2.6,30.0,258,19,0.798249,True,-0.288921,0.646464,0.067929,-0.284014,0.670199,0.017455
78,2.6,30.0,258,20,0.491546,True,0.260555,0.152638,0.31913,0.344845,0.218602,0.344796
78,2.6,30.0,258,21,0.764953,True,-0.24849,0.572161,0.060854,-0.242367,0.591586,0.006732
78,2.6,30.0,258,22,0.461287,True,0.202621,0.123391,0.32367,0.271834,0.181492,0.354561
78,2.6,30.0,258,23,0.999979,True,-0.017686,0.004436,-0.051759,-0.025937,0.004329,-0.061634
78,2.6,30.0,258,24,0.999971,True,0.018892,0.001058,0.054202,0.026594,0.001159,0.063726
78,2.6,30.0,258,25,0.846708,True,0.030683,-0.376303,-0.106524,0.012653,-0.391991,-0.107027
78,2.6,30.0,258,26,0.620278,True,0.048745,-0.262407,0.117724,0.066287,-0.24292,0.160035
78,2.6,30.0,258,27,0.814434,True,0.19192,-0.632249,0.01096,0.148887,-0.78151,-0.046894
78,2.6,30.0,258,28,0.6425,True,0.217796,-0.21084,0.348537,0.244985,-0.132233,0.378226
78,2.6,30.0,258,29,0.77091,True,0.191913,-0.656298,0.036682,0.14329,-0.819695,-0.029442
78,2.6,30.0,258,30,0.633041,True,0.205261,-0.190013,0.338601,0.26296,-0.104001,0.365124
78,2.6,30.0,258,31,0.805217,True,0.125031,-0.673454,0.038601,0.060757,-0.855871,-0.052852
78,2.6,30.0,258,32,0.638476,True,0.241087,-0.153083,0.390109,0.309383,-0.06562,0.409845
79,2.6333333333333333,30.0,259,0,0.983124,True,0.204067,0.516291,0.000925,0.257489,0.519133,0.054856
79,2.6333333333333333,30.0,259,1,0.98131,True,0.222034,0.482901,-0.01342,0.279372,0.482325,0.036153
79,2.6333333333333333,30.0,259,2,0.979954,True,0.220282,0.483735,-0.000166,0.277931,0.483494,0.047977
79,2.6333333333333333,30.0,259,3,0.986149,True,0.219904,0.483509,-0.000186,0.27693,0.483252,0.04716
79,2.6333333333333333,30.0,259,4,0.988685,True,0.239852,0.493325,-0.016131,0.302024,0.48964,0.039573
79,2.6333333333333333,30.0,259,5,0.98869,True,0.240306,0.491405,-0.025169,0.301764,0.488029,0.027788
79,2.6333333333333333,30.0,259,6,0.993182,True,0.247021,0.477213,-0.007558,0.306302,0.47281,0.045915
79,2.6333333333333333,30.0,259,7,0.990928,True,0.186431,0.437669,-0.025013,0.244204,0.439378,-0.009074
79,2.6333333333333333,30.0,259,8,0.989338,True,0.20391,0.394515,0.003934,0.264822,0.393741,0.06066
79,2.6333333333333333,30.0,259,9,0.98796,True,0.18978,0.504815,0.013395,0.240831,0.510749,0.057882
79,2.6333333333333333,30.0,259,10,0.989437,True,0.193437,0.476529,-0.004952,0.244011,0.480633,0.04914
79,2.6333333333333333,30.0,259,11,0.99994,True,0.07561,0.405798,-0.06636,0.120484,0.411455,-0.03695
79,2.6333333333333333,30.0,259,12,0.999486,True,0.092423,0.415845,0.165619,0.142567,0.420936,0.229652
79,2.6333333333333333,30.0,259,13,0.796591,True,-0.083731,0.432149,-0.124035,-0.067044,0.425507,-0.11978
79,2.6333333333333333,30.0,259,14,0.397771,True,0.03379,0.210256,0.28556,0.063589,0.204677,0.319129
79,2.6333333333333333,30.0,259,15,0.818216,True,-0.159213,0.56774,0.004996,-0.160081,0.556622,-0.00035
79,2.6333333333333333,30.0,259,16,0.440407,True,0.012909,0.147443,0.39137,-0.027754,0.157568,0.441241
79,2.6333333333333333,30.0,259,17,0.809955,True,-0.192597,0.624757,0.010712,-0.190085,0.606218,0.011873
79,2.6333333333333333,30.0,259,18,0.442692,True,0.044459,0.162969,0.394105,-0.009485,0.173623,0.452865
79,2.6333333333333333,30.0,259,19,0.80744,True,-0.186877,0.628636,0.030839,-0.187168,0.612556,0.018632
79,2.6333333333333333,30.0,259,20,0.442536,True,0.068257,0.190262,0.381572,0.005695,0.195235,0.435578
79,2.6333333333333333,30.0,259,21,0.76685,True,-0.150362,0.559733,0.016175,-0.152084,0.547374,0.009868
79,2.6333333333333333,30.0,259,22,0.415345,True,0.016245,0.160976,0.382701,-0.032751,0.169389,0.432602
79,2.6333333333333333,30.0,259,23,0.99998,True,0.001498,0.00435,-0.043543,0.007071,0.004073,-0.050961
79,2.6333333333333333,30.0,259,24,0.999967,True,-5.6e-05,0.001163,0.044809,-0.004056,0.001211,0.053422
79,2.6333333333333333,30.0,259,25,0.858345,True,0.033277,-0.390481,-0.077552,0.052118,-0.392782,-0.083183
79,2.6333333333333333,30.0,259,26,0.563958,True,0.003926,-0.257184,0.099785,-0.001703,-0.270893,0.096955
79,2.6333333333333333,30.0,259,27,0.819475,True,0.121326,-0.744083,0.006507,0.132851,-0.74224,-0.009552
79,2.6333333333333333,30.0,259,28,0.579081,True,0.077368,-0.108885,0.344137,0.03344,-0.110676,0.341501
79,2.6333333333333333,30.0,259,29,0.750457,True,0.112293,-0.779971,0.026661,0.12147,-0.776724,0.008021
79,2.6333333333333333,30.0,259,30,0.574428,True,0.071168,-0.075183,0.337797,0.029184,-0.075278,0.334109
79,2.6333333333333333,30.0,259,31,0.796631,True,0.045431,-0.807736,0.012811,0.055024,-0.812332,-0.009438
79,2.6333333333333333,30.0,259,32,0.576267,True,0.102555,-0.02456,0.411813,0.074407,-0.01416,0.40559
80,2.6666666666666665,30.0,260,0,0.0,False,0.057335,0.533419,-0.024081,,,
80,2.6666666666666665,30.0,260,1,0.0,False,0.067511,0.501637,-0.03307,,,
80,2.6666666666666665,30.0,260,2,0.0,False,0.065837,0.50323,-0.022951,,,
80,2.6666666666666665,30.0,260,3,0.0,False,0.065597,0.503089,-0.023927,,,
80,2.6666666666666665,30.0,260,4,0.0,False,0.080094,0.512826,-0.041467,,,
80,2.6666666666666665,30.0,260,5,0.0,False,0.0807,0.51123,-0.051111,,,
80,2.6666666666666665,30.0,260,6,0.0,False,0.088969,0.496948,-0.034209,,,
80,2.6666666666666665,30.0,260,7,0.0,False,0.067899,0.456712,-0.005985,,,
80,2.6666666666666665,30.0,260,8,0.0,False,0.068708,0.408246,-0.008247,,,
80,2.6666666666666665,30.0,260,9,0.0,False,0.066016,0.523626,-0.007489,,,
80,2.6666666666666665,30.0,260,10,0.0,False,0.0672,0.494288,-0.027558,,,
80,2.6666666666666665,30.0,260,11,0.0,False,0.074797,0.422397,-0.035058,,,
80,2.6666666666666665,30.0,260,12,0.0,False,-0.025977,0.428084,0.13901,,,
80,2.6666666666666665,30.0,260,13,0.0,False,-0.003974,0.430161,-0.103977,,,
80,2.6666666666666665,30.0,260,14,0.0,False,-0.145124,0.239088,0.286268,,,
80,2.6666666666666665,30.0,260,15,0.0,False,-0.031749,0.555194,-0.016246,,,
80,2.6666666666666665,30.0,260,16,0.0,False,-0.19612253972111043,0.158366,0.375184,,,
80,2.6666666666666665,30.0,260,17,0.0,False,-0.055034,0.610629,-0.007376,,,
80,2.6666666666666665,30.0,260,18,0.0,False,-0.16866730844369135,0.169927,0.379274,,,
80,2.6666666666666665,30.0,260,19,0.0,False,-0.054612,0.612059,0.000594,,,
80,2.6666666666666665,30.0,260,20,0.0,False,-0.14826230089420578,0.195933,0.365658,,,
80,2.6666666666666665,30.0,260,21,0.0,False,-0.022315,0.548274,-0.013474,,,
80,2.6666666666666665,30.0,260,22,0.0,False,-0.19240818113098646,0.168703,0.366359,,,
80,2.6666666666666665,30.0,260,23,0.0,False,0.024803,0.004837,-0.022564,,,
80,2.6666666666666665,30.0,260,24,0.0,False,-0.023574,0.000901,0.022619,,,
80,2.6666666666666665,30.0,260,25,0.0,False,0.034253,-0.405436,-0.035818,,,
80,2.6666666666666665,30.0,260,26,0.0,False,-0.062558,-0.260727,0.058576,,,
80,2.6666666666666665,30.0,260,27,0.0,False,0.048829,-0.805247,0.029363,,,
80,2.6666666666666665,30.0,260,28,0.0,False,-0.110984,-0.075444,0.302566,,,
80,2.6666666666666665,30.0,260,29,0.0,False,0.031228,-0.847908,0.045947,,,
80,2.6666666666666665,30.0,260,30,0.0,False,-0.120747,-0.036991,0.298086,,,
80,2.6666666666666665,30.0,260,31,0.0,False,-0.013337,-0.87963,0.025136,,,
80,2.6666666666666665,30.0,260,32,0.0,False,-0.10224792392372536,0.022631,0.377195,,,
81,2.7,30.0,261,0,0.0,False,-0.112219,0.529639,-0.102219,,,
81,2.7,30.0,261,1,0.0,False,-0.110805,0.49982,-0.103489,,,
81,2.7,30.0,261,2,0.0,False,-0.111981,0.501675,-0.095853,,,
81,2.7,30.0,261,3,0.0,False,-0.112377,0.50152,-0.09773,,,
81,2.7,30.0,261,4,0.0,False,-0.104629,0.511847,-0.121444,,,
81,2.7,30.0,261,5,0.0,False,-0.103329,0.510523,-0.131396,,,
81,2.7,30.0,261,6,0.0,False,-0.093803,0.496788,-0.114472,,,
81,2.7,30.0,261,7,0.0,False,-0.072097,0.457972,-0.029245,,,
81,2.7,30.0,261,8,0.0,False,-0.086174,0.399764,-0.078097,,,
81,2.7,30.0,261,9,0.0,False,-0.078851,0.524164,-0.077911,,,
81,2.7,30.0,261,10,0.0,False,-0.078958,0.492149,-0.105681,,,
81,2.7,30.0,261,11,0.0,False,0.05401,0.426694,-0.023977,,,
81,2.7,30.0,261,12,0.0,False,-0.149616,0.423512,0.060673,,,
81,2.7,30.0,261,13,0.0,False,0.070975,0.426597,-0.082203,,,
81,2.7,30.0,261,14,0.0,False,-0.307682,0.245739,0.207961,,,
81,2.7,30.0,261,15,0.0,False,0.093501,0.544938,-0.022539,,,
81,2.7,30.0,261,16,0.0,False,-0.386494,0.140166,0.273185,,,
81,2.7,30.0,261,17,0.0,False,0.08006,0.600026,-0.007213,,,
81,2.7,30.0,261,18,0.0,False,-0.37853575383536386,0.145674,0.272276,,,
81,2.7,30.0,261,19,0.0,False,0.074397,0.601214,-0.015553,,,
81,2.7,30.0,261,20,0.0,False,-0.349866,0.172142,0.260121,,,
81,2.7,30.0,261,21,0.0,False,0.103864,0.540289,-0.026324,,,
81,2.7,30.0,261,22,0.0,False,-0.383506,0.14671,0.263831,,,
81,2.7,30.0,261,23,0.0,False,0.046085,0.005535,0.007156,,,
81,2.7,30.0,261,24,0.0,False,-0.045436,0.000574,-0.00794,,,
81,2.7,30.0,261,25,0.0,False,0.027233,-0.416302,0.014128,,,
81,2.7,30.0,261,26,0.0,False,-0.128275,-0.266528,0.008054,,,
81,2.7,30.0,261,27,0.0,False,-0.020052,-0.8229,0.073302,,,
81,2.7,30.0,261,28,0.0,False,-0.293246,-0.088407,0.235255,,,
81,2.7,30.0,261,29,0.0,False,-0.044239,-0.868047,0.088521,,,
81,2.7,30.0,261,30,0.0,False,-0.31427,-0.051329,0.229643,,,
81,2.7,30.0,261,31,0.0,False,-0.055173,-0.899484,0.065024,,,
81,2.7,30.0,261,32,0.0,False,-0.33671233238338255,0.010595,0.296706,,,
82,2.7333333333333334,30.0,262,0,0.984811,True,-0.266855,0.513947,-0.211217,-0.310816,0.514335,-0.197934
82,2.7333333333333334,30.0,262,1,0.983178,True,-0.27238,0.482537,-0.204122,-0.324547,0.488884,-0.190234
82,2.7333333333333334,30.0,262,2,0.981958,True,-0.272922,0.483975,-0.197556,-0.32511,0.490408,-0.185161
82,2.7333333333333334,30.0,262,3,0.987534,True,-0.273691,0.483672,-0.200078,-0.325343,0.490467,-0.187072
82,2.7333333333333334,30.0,262,4,0.989816,True,-0.272027,0.49476,-0.232847,-0.325468,0.501941,-0.222072
82,2.7333333333333334,30.0,262,5,0.98982,True,-0.269744,0.493623,-0.242862,-0.322957,0.500962,-0.229887
82,2.7333333333333334,30.0,262,6,0.993864,True,-0.259848,0.480693,-0.22517,-0.309661,0.488455,-0.213802
82,2.7333333333333334,30.0,262,7,0.991835,True,-0.19838,0.443096,-0.091353,-0.254205,0.451122,-0.040955
82,2.7333333333333334,30.0,262,8,0.990403,True,-0.222476,0.373094,-0.18579,-0.279122,0.383839,-0.170641
82,2.7333333333333334,30.0,262,9,0.989163,True,-0.211304,0.515306,-0.178262,-0.253318,0.511861,-0.159479
82,2.7333333333333334,30.0,262,10,0.990492,True,-0.211566,0.479719,-0.21775,-0.252201,0.477952,-0.199723
82,2.7333333333333334,30.0,262,11,0.999946,True,0.021586,0.422711,-0.037594,0.000169,0.421503,-0.02049
82,2.7333333333333334,30.0,262,12,0.999536,True,-0.245661,0.407311,-0.052667,-0.315666,0.406696,-0.038342
82,2.7333333333333334,30.0,262,13,0.742814,True,0.129321,0.42715,-0.068735,0.125957,0.437977,-0.046511
82,2.7333333333333334,30.0,262,14,0.433095,True,-0.41297,0.229607,0.061045,-0.50371,0.258201,0.17871
82,2.7333333333333334,30.0,262,15,0.785117,True,0.185767,0.541032,-0.019368,0.204695,0.549003,0.004379
82,2.7333333333333334,30.0,262,16,0.430381,True,-0.518096,0.101118,0.101732,-0.555021,0.120771,0.191908
82,2.7333333333333334,30.0,262,17,0.775284,True,0.179087,0.595415,0.005646,0.195817,0.607775,0.017675
82,2.7333333333333334,30.0,262,18,0.422181,True,-0.521337,0.100819,0.09051,-0.548196,0.124042,0.184382
82,2.7333333333333334,30.0,262,19,0.779323,True,0.16653,0.599619,-0.017907,0.184411,0.602284,0.003633
82,2.7333333333333334,30.0,262,20,0.421956,True,-0.497179,0.129844,0.081376,-0.514847,0.149176,0.175893
82,2.7333333333333334,30.0,262,21,0.735742,True,0.196671,0.539243,-0.027413,0.215583,0.546034,-0.004242
82,2.7333333333333334,30.0,262,22,0.397716,True,-0.517553,0.104123,0.091219,-0.546923,0.125157,0.182536
82,2.7333333333333334,30.0,262,23,0.999982,True,0.060109,0.006108,0.040129,0.064275,0.006814,0.041512
82,2.7333333333333334,30.0,262,24,0.999969,True,-0.060166,0.000398,-0.041015,-0.065524,-0.000151,-0.044506
82,2.7333333333333334,30.0,262,25,0.803304,True,0.009509,-0.421025,0.064389,0.01853,-0.42323,0.052824
82,2.7333333333333334,30.0,262,26,0.570912,True,-0.169835,-0.271421,-0.037874,-0.1841,-0.276201,-0.049383
82,2.7333333333333334,30.0,262,27,0.81526,True,-0.083249,-0.818033,0.121006,-0.080509,-0.823641,0.111635
82,2.7333333333333334,30.0,262,28,0.533173,True,-0.425731,-0.11915,0.153472,-0.456971,-0.131491,0.157656
82,2.7333333333333334,30.0,262,29,0.759614,True,-0.112064,-0.863246,0.135911,-0.109842,-0.870519,0.127107
82,2.7333333333333334,30.0,262,30,0.543447,True,-0.459583,-0.086045,0.143409,-0.496454,-0.098609,0.154579
82,2.7333333333333334,30.0,262,31,0.802401,True,-0.092671,-0.896127,0.108256,-0.08819,-0.894125,0.113812
82,2.7333333333333334,30.0,262,32,0.547581,True,-0.511088,-0.027125,0.186342,-0.563141,-0.038443,0.226652
83,2.7666666666666666,30.0,263,0,0.98632,True,-0.372815,0.492465,-0.314414,-0.385291,0.501624,-0.276262
83,2.7666666666666666,30.0,263,1,0.984833,True,-0.38235,0.455189,-0.300791,-0.391761,0.479535,-0.261451
83,2.7666666666666666,30.0,263,2,0.98373,True,-0.382258,0.455674,-0.293838,-0.391473,0.48314,-0.253817
83,2.7666666666666666,30.0,263,3,0.988764,True,-0.383529,0.455091,-0.296775,-0.392646,0.481958,-0.258325
83,2.7666666666666666,30.0,263,4,0.990821,True,-0.385167,0.466221,-0.338581,-0.398468,0.499547,-0.29723
83,2.7666666666666666,30.0,263,5,0.990826,True,-0.381987,0.465139,-0.348595,-0.395749,0.497143,-0.307551
83,2.7666666666666666,30.0,263,6,0.994468,True,-0.372711,0.45293,-0.329647,-0.386896,0.485329,-0.289117
83,2.7666666666666666,30.0,263,7,0.992644,True,-0.282152,0.416936,-0.170992,-0.286596,0.44448,-0.132569
83,2.7666666666666666,30.0,263,8,0.991343,True,-0.308512,0.334789,-0.295578,-0.324481,0.369771,-0.247799
83,2.7666666666666666,30.0,263,9,0.99024,True,-0.301723,0.502362,-0.275057,-0.313136,0.504662,-0.23989
83,2.7666666666666666,30.0,263,10,0.991431,True,-0.300802,0.462786,-0.326578,-0.316244,0.46597,-0.289507
83,2.7666666666666666,30.0,263,11,0.999951,True,-0.01254,0.414666,-0.066826,-0.012889,0.424512,-0.036892
83,2.7666666666666666,30.0,263,12,0.999579,True,-0.290053,0.383659,-0.167588,-0.287905,0.399062,-0.144521
83,2.7666666666666666,30.0,263,13,0.706922,True,0.161381,0.438576,-0.065121,0.159833,0.438047,-0.06308
83,2.7666666666666666,30.0,263,14,0.488851,True,-0.434878,0.195466,-0.112949,-0.432947,0.202962,-0.166083
83,2.7666666666666666,30.0,263,15,0.768582,True,0.223706,0.546776,-0.01034,0.236725,0.549947,-0.062747
83,2.7666666666666666,30.0,263,16,0.483948,False,-0.569235,0.053761,-0.095309,-0.57181,0.0453,-0.220478
83,2.7666666666666666,30.0,263,17,0.76501,True,0.21915,0.598478,0.024936,0.238087,0.60433,-0.04064
83,2.7666666666666666,30.0,263,18,0.47394,False,-0.585057,0.050059,-0.11924600469029151,-0.586156,0.032067,-0.256264
83,2.7666666666666666,30.0,263,19,0.773621,True,0.199224,0.607044,-0.009308,0.221813,0.605557,-0.06597
83,2.7666666666666666,30.0,263,20,0.47298,False,-0.570244,0.081937,-0.12553601536539347,-0.568272,0.067873,-0.262103
83,2.7666666666666666,30.0,263,21,0.731462,True,0.234153,0.54705,-0.020673,0.248225,0.548325,-0.07891
83,2.7666666666666666,30.0,263,22,0.448796,False,-0.573745,0.054037,-0.107427,-0.574309,0.043682,-0.232781
83,2.7666666666666666,30.0,263,23,0.999983,True,0.063624,0.006439,0.070694,0.062971,0.006175,0.069712
83,2.7666666666666666,30.0,263,24,0.999971,True,-0.064303,0.000338,-0.070834,-0.063516,0.000333,-0.069402
83,2.7666666666666666,30.0,263,25,0.796921,True,-0.016307,-0.420552,0.104414,-0.029968,-0.42695,0.11936
83,2.7666666666666666,30.0,263,26,0.609471,True,-0.172405,-0.277007,-0.072056,-0.197993,-0.266495,-0.085523
83,2.7666666666666666,30.0,263,27,0.830374,True,-0.136605,-0.808862,0.152599,-0.159096,-0.811015,0.176755
83,2.7666666666666666,30.0,263,28,0.564474,True,-0.484203,-0.149537,0.066849,-0.486912,-0.114789,0.096259
83,2.7666666666666666,30.0,263,29,0.780924,True,-0.168839,-0.853232,0.16693,-0.191629,-0.854689,0.192634
83,2.7666666666666666,30.0,263,30,0.580606,True,-0.526908,-0.120063,0.050361,-0.525966,-0.08244,0.081927
83,2.7666666666666666,30.0,263,31,0.819208,True,-0.133185,-0.89318,0.131901,-0.146325,-0.884946,0.155041
83,2.7666666666666666,30.0,263,32,0.583298,True,-0.598112,-0.065097,0.066192,-0.593808,-0.019019,0.09052
84,2.8,30.0,264,0,0.987682,True,-0.408161,0.465739,-0.371162,-0.37111,0.441341,-0.379012
84,2.8,30.0,264,1,0.986337,True,-0.419487,0.422064,-0.355047,-0.378967,0.395313,-0.361945
84,2.8,30.0,264,2,0.985346,True,-0.418776,0.421513,-0.346703,-0.378852,0.392214,-0.352626
84,2.8,30.0,264,3,0.989879,True,-0.420519,0.420596,-0.350051,-0.380335,0.39226,-0.356504
84,2.8,30.0,264,4,0.991733,True,-0.421448,0.430393,-0.398121,-0.38181,0.394755,-0.406307
84,2.8,30.0,264,5,0.991739,True,-0.417837,0.429171,-0.408163,-0.378626,0.39504,-0.418625
84,2.8,30.0,264,6,0.995017,True,-0.409684,0.41746,-0.387962,-0.371933,0.383189,-0.397081
84,2.8,30.0,264,7,0.993378,True,-0.308724,0.386753,-0.233085,-0.272815,0.373549,-0.256693
84,2.8,30.0,264,8,0.992201,True,-0.327999,0.293061,-0.366345,-0.291217,0.260613,-0.383978
84,2.8,30.0,264,9,0.991212,True,-0.331698,0.483884,-0.33007,-0.297875,0.465943,-0.340079
84,2.8,30.0,264,10,0.992282,True,-0.328161,0.440286,-0.39029,-0.296032,0.419114,-0.405489
84,2.8,30.0,264,11,0.999955,True,-0.041515,0.404735,-0.092112,-0.01965,0.39412,-0.106039
84,2.8,30.0,264,12,0.999617,True,-0.273933,0.355003,-0.246012,-0.231177,0.346142,-0.277091
84,2.8,30.0,264,13,0.695528,True,0.159344,0.463338,-0.064199,0.164887,0.425463,-0.096222
84,2.8,30.0,264,14,0.539844,True,-0.369154,0.152549,-0.25668,-0.311077,0.141217,-0.343922
84,2.8,30.0,264,15,0.757702,True,0.202936,0.560436,0.004442,0.262664,0.523412,-0.05185
84,2.8,30.0,264,16,0.534976,True,-0.531226,0.009943,-0.260083,-0.501773,0.002815,-0.386737
84,2.8,30.0,264,17,0.757483,True,0.19664,0.607041,0.046135,0.272432,0.57096,0.009612
84,2.8,30.0,264,18,0.52547,True,-0.558132,0.005936,-0.293527,-0.533943,-0.005915,-0.425917
84,2.8,30.0,264,19,0.77089,True,0.170743,0.617256,0.007768,0.257559,0.597224,-0.051598
84,2.8,30.0,264,20,0.524417,True,-0.557152,0.038145,-0.298647,-0.53701,0.030235,-0.432383
84,2.8,30.0,264,21,0.736051,True,0.212131,0.560329,-0.006584,0.277953,0.527713,-0.053401
84,2.8,30.0,264,22,0.502134,True,-0.542615,0.008502,-0.273796,-0.516972,0.00045,-0.402517
84,2.8,30.0,264,23,0.999984,True,0.055539,0.006624,0.093789,0.057113,0.006072,0.091907
84,2.8,30.0,264,24,0.999973,True,-0.056666,0.000136,-0.092557,-0.057264,0.000468,-0.089387
84,2.8,30.0,264,25,0.815022,True,-0.04427,-0.418394,0.124503,-0.044619,-0.427313,0.145335
84,2.8,30.0,264,26,0.648411,True,-0.134896,-0.28635,-0.09416,-0.157004,-0.268693,-0.07465
84,2.8,30.0,264,27,0.84706,True,-0.173124,-0.803954,0.155432,-0.159293,-0.810085,0.202582
84,2.8,30.0,264,28,0.607887,True,-0.461139,-0.173345,-0.013313,-0.426615,-0.14903,-0.009553
84,2.8,30.0,264,29,0.80265,True,-0.208097,-0.847288,0.16843,-0.192001,-0.855673,0.219507
84,2.8,30.0,264,30,0.622419,True,-0.50587,-0.145713,-0.035512,-0.468612,-0.121558,-0.037793
84,2.8,30.0,264,31,0.837023,True,-0.173351,-0.898648,0.12578,-0.150551,-0.913314,0.169009
84,2.8,30.0,264,32,0.624843,True,-0.580934,-0.090842,-0.039737,-0.527583,-0.072019,-0.07194
85,2.8333333333333335,30.0,265,0,0.988914,True,-0.365546,0.432237,-0.355353,-0.36759,0.439032,-0.440404
85,2.8333333333333335,30.0,265,1,0.987703,True,-0.377707,0.387406,-0.341885,-0.378055,0.380325,-0.426885
85,2.8333333333333335,30.0,265,2,0.986811,True,-0.376424,0.386259,-0.331687,-0.37671,0.378187,-0.415658
85,2.8333333333333335,30.0,265,3,0.990891,True,-0.378387,0.38509,-0.335658,-0.379206,0.376323,-0.418074
85,2.8333333333333335,30.0,265,4,0.99256,True,-0.37481,0.392216,-0.385594,-0.370905,0.385277,-0.471091
85,2.8333333333333335,30.0,265,5,0.992565,True,-0.37147,0.390604,-0.395721,-0.367115,0.383142,-0.479874
85,2.8333333333333335,30.0,265,6,0.995515,True,-0.364263,0.379213,-0.374701,-0.361253,0.37162,-0.457833
85,2.8333333333333335,30.0,265,7,0.99404,True,-0.277099,0.360561,-0.247124,-0.272503,0.335876,-0.332491
85,2.8333333333333335,30.0,265,8,0.992981,True,-0.28071,0.256902,-0.369876,-0.267525,0.241981,-0.454408
85,2.8333333333333335,30.0,265,9,0.992091,True,-0.295953,0.45541,-0.317974,-0.295556,0.46304,-0.398838
85,2.8333333333333335,30.0,265,10,0.993053,True,-0.288732,0.408429,-0.381298,-0.285312,0.418375,-0.46243
85,2.8333333333333335,30.0,265,11,0.999959,True,-0.061917,0.393334,-0.095476,-0.074568,0.390447,-0.133169
85,2.8333333333333335,30.0,265,12,0.999654,True,-0.20248,0.323936,-0.261912,-0.191746,0.317842,-0.296734
85,2.8333333333333335,30.0,265,13,0.657471,True,0.120435,0.495463,-0.057659,0.131034,0.461107,-0.01905
85,2.8333333333333335,30.0,265,14,0.584862,True,-0.231292,0.111639,-0.323085,-0.249985,0.082647,-0.302894
85,2.8333333333333335,30.0,265,15,0.756764,True,0.137629,0.57375,0.02617,0.084427,0.513007,0.20865
85,2.8333333333333335,30.0,265,16,0.579051,True,-0.407717,-0.022511,-0.343051,-0.407835,-0.039997,-0.269571
85,2.8333333333333335,30.0,265,17,0.760546,True,0.128517,0.61386,0.067341,0.058263,0.54565,0.276074
85,2.8333333333333335,30.0,265,18,0.569813,True,-0.440271,-0.025013,-0.380832,-0.431831,-0.034971,-0.310131
85,2.8333333333333335,30.0,265,19,0.774474,True,0.101214,0.619822,0.031809,0.019368,0.559136,0.240315
85,2.8333333333333335,30.0,265,20,0.56806,True,-0.45362,0.003098,-0.387068,-0.435529,-0.005513,-0.305155
85,2.8333333333333335,30.0,265,21,0.743042,True,0.145901,0.569864,0.015964,0.088885,0.509232,0.197521
85,2.8333333333333335,30.0,265,22,0.545809,True,-0.425544,-0.02471,-0.357819,-0.425206,-0.040116,-0.281046
85,2.8333333333333335,30.0,265,23,0.999986,True,0.036716,0.006837,0.105035,0.030914,0.00715,0.106062
85,2.8333333333333335,30.0,265,24,0.999976,True,-0.038096,-0.000491,-0.102249,-0.031989,-0.000555,-0.103216
85,2.8333333333333335,30.0,265,25,0.832365,True,-0.068088,-0.419187,0.119543,-0.061594,-0.403855,0.105513
85,2.8333333333333335,30.0,265,26,0.683491,True,-0.068871,-0.299802,-0.105096,-0.010555,-0.309057,-0.084045
85,2.8333333333333335,30.0,265,27,0.862232,True,-0.185509,-0.804059,0.128633,-0.171495,-0.787953,0.085269
85,2.8333333333333335,30.0,265,28,0.647064,True,-0.360413,-0.190244,-0.071279,-0.340111,-0.237654,-0.081429
85,2.8333333333333335,30.0,265,29,0.822249,True,-0.222311,-0.846374,0.139973,-0.206025,-0.827004,0.089353
85,2.8333333333333335,30.0,265,30,0.660128,True,-0.39978,-0.162716,-0.096002,-0.376313,-0.21845,-0.111569
85,2.8333333333333335,30.0,265,31,0.853232,True,-0.201862,-0.908091,0.093873,-0.185183,-0.88746,0.029582
85,2.8333333333333335,30.0,265,32,0.66233,True,-0.461437,-0.102156,-0.107215,-0.43739,-0.185216,-0.135785
86,2.8666666666666667,30.0,266,0,0.990013,True,-0.252076,0.394655,-0.272896,-0.29778,0.445424,-0.367348
86,2.8666666666666667,30.0,266,1,0.988917,True,-0.264423,0.356914,-0.266888,-0.308211,0.389728,-0.359708
86,2.8666666666666667,30.0,266,2,0.988114,True,-0.262763,0.355908,-0.254757,-0.307014,0.389021,-0.349233
86,2.8666666666666667,30.0,266,3,0.99179,True,-0.264523,0.354678,-0.25949,-0.308956,0.387449,-0.351716
86,2.8666666666666667,30.0,266,4,0.993298,True,-0.254102,0.358654,-0.306713,-0.302517,0.396042,-0.399812
86,2.8666666666666667,30.0,266,5,0.993305,True,-0.251665,0.356403,-0.317125,-0.297707,0.39384,-0.411092
86,2.8666666666666667,30.0,266,6,0.995959,True,-0.24492,0.345208,-0.295752,-0.291891,0.381698,-0.388828
86,2.8666666666666667,30.0,266,7,0.994632,True,-0.195459,0.344243,-0.208814,-0.226262,0.352194,-0.289736
86,2.8666666666666667,30.0,266,8,0.993672,True,-0.178139,0.234255,-0.307967,-0.217907,0.25759,-0.392417
86,2.8666666666666667,30.0,266,9,0.992871,True,-0.201216,0.416994,-0.243581,-0.23908,0.466003,-0.332244
86,2.8666666666666667,30.0,266,10,0.993736,True,-0.190063,0.368433,-0.303901,-0.227438,0.421504,-0.392679
86,2.8666666666666667,30.0,266,11,0.999963,True,-0.071288,0.380648,-0.07455,-0.066912,0.395014,-0.137204
86,2.8666666666666667,30.0,266,12,0.999681,True,-0.090394,0.29533,-0.214482,-0.145543,0.316848,-0.28239
86,2.8666666666666667,30.0,266,13,0.64804,True,0.051027,0.521858,-0.045929,0.079472,0.596515,-0.12143
86,2.8666666666666667,30.0,266,14,0.620241,True,-0.049625,0.08134,-0.297359,-0.081573,0.096696,-0.372034
86,2.8666666666666667,30.0,266,15,0.746278,True,0.053717,0.576773,0.052732,0.050705,0.719578,-0.068802
86,2.8666666666666667,30.0,266,16,0.617259,True,-0.215007,-0.040694,-0.323383,-0.262562,-0.028746,-0.428439
86,2.8666666666666667,30.0,266,17,0.754314,True,0.043708,0.610874,0.087206,0.030797,0.758037,-0.052981
86,2.8666666666666667,30.0,266,18,0.607862,True,-0.244061,-0.042322,-0.358872,-0.306379,-0.030587,-0.46387
86,2.8666666666666667,30.0,266,19,0.769963,True,0.022156,0.607272,0.059757,-0.001868,0.758852,-0.073625
86,2.8666666666666667,30.0,266,20,0.605553,True,-0.26703,-0.022373,-0.367789,-0.343104,-0.01091,-0.479774
86,2.8666666666666667,30.0,266,21,0.743062,True,0.062745,0.566263,0.044937,0.054379,0.712621,-0.081905
86,2.8666666666666667,30.0,266,22,0.583839,True,-0.23621,-0.042808,-0.338275,-0.285958,-0.031066,-0.44548
86,2.8666666666666667,30.0,266,23,0.999987,True,0.009912,0.007179,0.100931,0.018798,0.006709,0.100403
86,2.8666666666666667,30.0,266,24,0.999976,True,-0.011312,-0.001601,-0.096876,-0.020921,-0.00016,-0.097463
86,2.8666666666666667,30.0,266,25,0.839456,True,-0.083068,-0.426134,0.090651,-0.091613,-0.416704,0.089896
86,2.8666666666666667,30.0,266,26,0.712364,True,0.007343,-0.313707,-0.101806,-0.017101,-0.315439,-0.096712
86,2.8666666666666667,30.0,266,27,0.874134,True,-0.169376,-0.806415,0.080756,-0.20315,-0.813952,0.071122
86,2.8666666666666667,30.0,266,28,0.678306,True,-0.196648,-0.201373,-0.089555,-0.280578,-0.197496,-0.097414
86,2.8666666666666667,30.0,266,29,0.838388,True,-0.206183,-0.847754,0.090924,-0.242945,-0.856925,0.083518
86,2.8666666666666667,30.0,266,30,0.691417,True,-0.224196,-0.173296,-0.113028,-0.318678,-0.164328,-0.124093
86,2.8666666666666667,30.0,266,31,0.865442,True,-0.206525,-0.913191,0.047688,-0.265367,-0.939099,0.047417
86,2.8666666666666667,30.0,266,32,0.692567,True,-0.2622600174172022,-0.104003,-0.11914,-0.386866,-0.084818,-0.111606
87,2.9,30.0,267,0,0.0,False,-0.088633,0.363204,-0.162422,,,
87,2.9,30.0,267,1,0.0,False,-0.099435,0.337746,-0.167071,,,
87,2.9,30.0,267,2,0.0,False,-0.097807,0.337516,-0.153162,,,
87,2.9,30.0,267,3,0.0,False,-0.098967,0.336437,-0.158339,,,
87,2.9,30.0,267,4,0.0,False,-0.081345,0.338142,-0.199248,,,
87,2.9,30.0,267,5,0.0,False,-0.080052,0.335097,-0.210396,,,
87,2.9,30.0,267,6,0.0,False,-0.073549,0.323927,-0.188738,,,
87,2.9,30.0,267,7,0.0,False,-0.077989,0.33927,-0.145775,,,
87,2.9,30.0,267,8,0.0,False,-0.03941,0.22974,-0.213499,,,
87,2.9,30.0,267,9,0.0,False,-0.06491,0.378093,-0.143074,,,
87,2.9,30.0,267,10,0.0,False,-0.050519,0.331015,-0.195128,,,
87,2.9,30.0,267,11,0.0,False,-0.066483,0.367862,-0.046935,,,
87,2.9,30.0,267,12,0.0,False,0.041693,0.276356,-0.128204,,,
87,2.9,30.0,267,13,0.0,False,-0.032797,0.529068,-0.041675,,,
87,2.9,30.0,267,14,0.0,False,0.141277,0.065955,-0.200665,,,
87,2.9,30.0,267,15,0.0,False,-0.023212,0.56545,0.074046,,,
87,2.9,30.0,267,16,0.0,False,0.012835812428506054,-0.044729,-0.215798,,,
87,2.9,30.0,267,17,0.0,False,-0.030956,0.595946,0.099593,,,
87,2.9,30.0,267,18,0.0,False,-0.0023819031556010922,-0.047846,-0.243855,,,
87,2.9,30.0,267,19,0.0,False,-0.039635,0.581954,0.082408,,,
87,2.9,30.0,267,20,0.0,False,-0.03267570376008502,-0.037407,-0.255604,,,
87,2.9,30.0,267,21,0.0,False,-0.011192,0.547587,0.070057,,,
87,2.9,30.0,267,22,0.0,False,-0.006729849948674623,-0.045895,-0.229797,,,
87,2.9,30.0,267,23,0.0,False,-0.020192,0.007611,0.079954,,,
87,2.9,30.0,267,24,0.0,False,0.019066,-0.002939,-0.075247,,,
87,2.9,30.0,267,25,0.0,False,-0.086634,-0.438775,0.044257,,,
87,2.9,30.0,267,26,0.0,False,0.075887,-0.322746,-0.078017,,,
87,2.9,30.0,267,27,0.0,False,-0.12548,-0.808029,0.023688,,,
87,2.9,30.0,267,28,0.0,False,0.002223,-0.208443,-0.056816,,,
87,2.9,30.0,267,29,0.0,False,-0.159491,-0.848412,0.033679,,,
87,2.9,30.0,267,30,0.0,False,-0.013268956611273726,-0.180461,-0.076834,,,
87,2.9,30.0,267,31,0.0,False,-0.181273,-0.908921,-0.001816,,,
87,2.9,30.0,267,32,0.0,False,-0.003026331537114957,-0.105406,-0.072055,,,
88,2.933333333333333,30.0,268,0,0.989222,True,0.092529,0.35194,-0.07256,0.102784,0.290698,0.111984
88,2.933333333333333,30.0,268,1,0.988119,True,0.086445,0.336437,-0.088647,0.090768,0.294039,0.094787
88,2.933333333333333,30.0,268,2,0.985312,True,0.087536,0.337224,-0.073339,0.093403,0.294756,0.111216
88,2.933333333333333,30.0,268,3,0.990217,True,0.087118,0.336433,-0.078096,0.092483,0.294443,0.102332
88,2.933333333333333,30.0,268,4,0.99345,True,0.110581,0.337871,-0.110531,0.120161,0.289114,0.073075
88,2.933333333333333,30.0,268,5,0.993434,True,0.110974,0.334067,-0.122968,0.116808,0.285476,0.062232
88,2.933333333333333,30.0,268,6,0.99617,True,0.116937,0.322634,-0.10068,0.126006,0.275547,0.081976
88,2.933333333333333,30.0,268,7,0.992577,True,0.05615,0.343283,-0.098242,0.058562,0.335278,0.061029
88,2.933333333333333,30.0,268,8,0.993754,True,0.111173,0.243509,-0.129352,0.12195,0.20822,0.042378
88,2.933333333333333,30.0,268,9,0.991658,True,0.086884,0.354715,-0.062447,0.093223,0.306913,0.110693
88,2.933333333333333,30.0,268,10,0.993643,True,0.10305,0.312627,-0.102515,0.108964,0.254555,0.071679
88,2.933333333333333,30.0,268,11,0.99996,True,-0.044596,0.357267,-0.038088,-0.055536,0.344383,0.053599
88,2.933333333333333,30.0,268,12,0.999708,True,0.170039,0.2738,-0.036893,0.210213,0.244313,0.073989
88,2.933333333333333,30.0,268,13,0.619307,True,-0.109813,0.510776,-0.061222,-0.158347,0.480068,0.003346
88,2.933333333333333,30.0,268,14,0.646421,True,0.305748,0.066057,-0.073633,0.348812,0.058701,0.009018
88,2.933333333333333,30.0,268,15,0.699501,True,-0.078072,0.544443,0.073533,-0.109991,0.434108,0.077022
88,2.933333333333333,30.0,268,16,0.631568,True,0.24686286349769077,-0.034239,-0.060088,0.254799,-0.037699,0.008335
88,2.933333333333333,30.0,268,17,0.705777,True,-0.081446,0.575007,0.091691,-0.100363,0.460925,0.086332
88,2.933333333333333,30.0,268,18,0.611021,True,0.25180838928848254,-0.040612,-0.078884,0.260173,-0.037664,-0.008918
88,2.933333333333333,30.0,268,19,0.720727,True,-0.073351,0.555182,0.084346,-0.082484,0.418857,0.082563
88,2.933333333333333,30.0,268,20,0.60693,True,0.23279079110214665,-0.037179,-0.092426,0.243401,-0.034639,-0.022977
88,2.933333333333333,30.0,268,21,0.694397,True,-0.061621,0.521231,0.073997,-0.090096,0.404603,0.079422
88,2.933333333333333,30.0,268,22,0.585469,True,0.2324925526872086,-0.033347,-0.072471,0.237627,-0.037661,-0.004094
88,2.933333333333333,30.0,268,23,0.999988,True,-0.047413,0.007998,0.044292,-0.052796,0.008621,0.061249
88,2.933333333333333,30.0,268,24,0.999978,True,0.046853,-0.004064,-0.039644,0.052026,-0.005911,-0.054865
88,2.933333333333333,30.0,268,25,0.853635,True,-0.078082,-0.452911,-0.010309,-0.07584,-0.462296,0.002927
88,2.933333333333333,30.0,268,26,0.73221,True,0.124497,-0.323776,-0.031089,0.153783,-0.335594,-0.086941
88,2.933333333333333,30.0,268,27,0.884307,True,-0.060271,-0.807635,-0.032476,-0.047447,-0.813358,-0.015125
88,2.933333333333333,30.0,268,28,0.638661,True,0.196237,-0.213646,0.024389,0.24446,-0.19872,-0.030499
88,2.933333333333333,30.0,268,29,0.851484,True,-0.088455,-0.847045,-0.021838,-0.078061,-0.851926,-0.00604
88,2.933333333333333,30.0,268,30,0.66241,True,0.20577045815456968,-0.187039,0.007757,0.25657,-0.169229,-0.035384
88,2.933333333333333,30.0,268,31,0.873868,True,-0.129558,-0.896612,-0.048335,-0.10249,-0.893467,-0.032661
88,2.933333333333333,30.0,268,32,0.653292,True,0.2479817701115299,-0.114643,0.022776,0.328915,-0.077197,-0.018064
89,2.966666666666667,30.0,269,0,0.990267,True,0.254259,0.369907,-0.03098,0.291987,0.350191,0.014519
89,2.966666666666667,30.0,269,1,0.989295,True,0.256316,0.355649,-0.056783,0.289779,0.360025,-0.010554
89,2.966666666666667,30.0,269,2,0.986758,True,0.256537,0.357304,-0.040742,0.28948,0.363121,0.004636
89,2.966666666666667,30.0,269,3,0.991177,True,0.256635,0.35682,-0.044064,0.291018,0.362246,0.00142
89,2.966666666666667,30.0,269,4,0.994101,True,0.283546,0.360124,-0.06711,0.321102,0.363041,-0.024583
89,2.966666666666667,30.0,269,5,0.994085,True,0.283559,0.355814,-0.081104,0.322424,0.358299,-0.036803
89,2.966666666666667,30.0,269,6,0.996551,True,0.288387,0.343784,-0.057896,0.325368,0.345521,-0.015228
89,2.966666666666667,30.0,269,7,0.993303,True,0.184563,0.35323,-0.089036,0.203012,0.371493,-0.036096
89,2.966666666666667,30.0,269,8,0.994374,True,0.246845,0.272029,-0.07981,0.2775,0.288104,-0.051264
89,2.966666666666667,30.0,269,9,0.992435,True,0.22436,0.359711,-0.027641,0.258652,0.322387,0.019497
89,2.966666666666667,30.0,269,10,0.994259,True,0.240211,0.325098,-0.053782,0.276372,0.287164,-0.011066
89,2.966666666666667,30.0,269,11,0.999958,True,-0.005405,0.351319,-0.060626,-0.013696,0.351749,0.031554
89,2.966666666666667,30.0,269,12,0.999733,True,0.271689,0.290462,0.037235,0.29712,0.274558,0.074872
89,2.966666666666667,30.0,269,13,0.640341,True,-0.160419,0.470772,-0.109134,-0.149797,0.479471,0.012623
89,2.966666666666667,30.0,269,14,0.636209,True,0.412215,0.080386,0.046014,0.423338,0.069403,0.099059
89,2.966666666666667,30.0,269,15,0.699606,True,-0.108376,0.522416,0.038947,-0.084415,0.532415,0.213078
89,2.966666666666667,30.0,269,16,0.655049,True,0.409358,-0.006462,0.096885,0.448098,0.009825,0.170334
89,2.966666666666667,30.0,269,17,0.703384,True,-0.1076,0.556821,0.052076,-0.085432,0.566197,0.241569
89,2.966666666666667,30.0,269,18,0.635752,True,0.435693,-0.015051,0.085074,0.482619,-0.000203,0.15697
89,2.966666666666667,30.0,269,19,0.715972,True,-0.0838,0.538423,0.053237,-0.062718,0.558058,0.237283
89,2.966666666666667,30.0,269,20,0.63166,True,0.450158640413305,-0.013004,0.071154,0.482528,-0.003557,0.145181
89,2.966666666666667,30.0,269,21,0.684942,True,-0.087902,0.497781,0.043431,-0.064126,0.507348,0.221123
89,2.966666666666667,30.0,269,22,0.605653,True,0.403439,-0.002111,0.086273,0.44285,0.016967,0.161151
89,2.966666666666667,30.0,269,23,0.999988,True,-0.065219,0.008151,0.000862,-0.070313,0.008137,-0.004998
89,2.966666666666667,30.0,269,24,0.99998,True,0.065423,-0.004595,0.003189,0.071269,-0.004764,0.009037
89,2.966666666666667,30.0,269,25,0.867752,True,-0.058307,-0.462981,-0.063231,-0.065941,-0.467381,-0.086193
89,2.966666666666667,30.0,269,26,0.728939,True,0.147798,-0.318102,0.030869,0.138769,-0.314869,0.053532
89,2.966666666666667,30.0,269,27,0.89483,True,0.015172,-0.806272,-0.080465,0.012964,-0.803485,-0.105578
89,2.966666666666667,30.0,269,28,0.632533,True,0.342744,-0.218492,0.136226,0.38208,-0.228868,0.179925
89,2.966666666666667,30.0,269,29,0.864843,True,-0.005149,-0.844671,-0.06904,-0.005343,-0.842332,-0.09539
89,2.966666666666667,30.0,269,30,0.676879,True,0.362474,-0.194143,0.121768,0.404829,-0.20894,0.159425
89,2.966666666666667,30.0,269,31,0.883098,True,-0.062807,-0.882591,-0.088724,-0.06792,-0.874001,-0.11388
89,2.966666666666667,30.0,269,32,0.634177,True,0.422482,-0.134276,0.144058,0.45856,-0.164438,0.182018
90,3.0,30.0,270,0,0.991238,True,0.363882,0.413629,-0.03146,0.366844,0.437219,-0.148307
90,3.0,30.0,270,1,0.990364,True,0.37577,0.391595,-0.063383,0.384292,0.405119,-0.184429
90,3.0,30.0,270,2,0.988081,True,0.375184,0.393815,-0.047509,0.383093,0.406865,-0.167517
90,3.0,30.0,270,3,0.992059,True,0.375323,0.393562,-0.04888,0.383381,0.406834,-0.167289
90,3.0,30.0,270,4,0.99469,True,0.402812,0.399766,-0.062535,0.403745,0.417635,-0.17869
90,3.0,30.0,270,5,0.994677,True,0.402905,0.395367,-0.077754,0.405184,0.413395,-0.197001
90,3.0,30.0,270,6,0.996896,True,0.406177,0.382532,-0.053932,0.407467,0.400771,-0.170247
90,3.0,30.0,270,7,0.993972,True,0.28536,0.367924,-0.10934,0.295904,0.372003,-0.213272
90,3.0,30.0,270,8,0.994937,True,0.342346,0.309863,-0.059397,0.332225,0.330994,-0.156726
90,3.0,30.0,270,9,0.993187,True,0.321142,0.393244,-0.031758,0.323896,0.412392,-0.14152
90,3.0,30.0,270,10,0.994831,True,0.333939,0.366481,-0.044013,0.33265,0.396009,-0.151008
90,3.0,30.0,270,11,0.999959,True,0.046642,0.351206,-0.103137,0.05361,0.356761,-0.192782
90,3.0,30.0,270,12,0.999758,True,0.328716,0.323224,0.091816,0.309412,0.351496,0.018069
90,3.0,30.0,270,13,0.674841,True,-0.171839,0.41986,-0.170023,-0.141235,0.427604,-0.259712
90,3.0,30.0,270,14,0.6316,True,0.438979,0.106947,0.135235,0.423192,0.120141,0.030644
90,3.0,30.0,270,15,0.72838,False,-0.118714,0.504318,-0.025061,-0.087589,0.532806,-0.223572
90,3.0,30.0,270,16,0.681021,True,0.483046,0.040972,0.214596,0.503065,0.019331,0.07285
90,3.0,30.0,270,17,0.731483,False,-0.116281,0.544977,-0.01639,-0.09134,0.567125,-0.226019
90,3.0,30.0,270,18,0.664237,True,0.526598,0.034059,0.2039,0.551614,0.001,0.054187
90,3.0,30.0,270,19,0.742613,False,-0.08227,0.533952,-0.007787,-0.058889,0.563093,-0.221481
90,3.0,30.0,270,20,0.66049,True,0.540217,0.041134,0.190794,0.57002,0.003266,0.04202
90,3.0,30.0,270,21,0.712595,False,-0.09661,0.482313,-0.017811,-0.0658,0.510388,-0.217813
90,3.0,30.0,270,22,0.632136,True,0.485937,0.049997,0.205355,0.510994,0.024444,0.062247
90,3.0,30.0,270,23,0.999989,True,-0.06847,0.007829,-0.039719,-0.065741,0.00687,-0.04354
90,3.0,30.0,270,24,0.999981,True,0.06949,-0.004351,0.042994,0.067199,-0.003318,0.046146
90,3.0,30.0,270,25,0.880858,True,-0.029764,-0.465257,-0.105766,-0.024045,-0.462612,-0.102062
90,3.0,30.0,270,26,0.729587,True,0.145594,-0.310514,0.088612,0.142977,-0.304833,0.099271
90,3.0,30.0,270,27,0.905162,True,0.087238,-0.806144,-0.113683,0.089462,-0.798566,-0.09553
90,3.0,30.0,270,28,0.638142,True,0.410013,-0.222494,0.251585,0.421201,-0.227885,0.271331
90,3.0,30.0,270,29,0.877974,True,0.07479,-0.843502,-0.101951,0.077507,-0.836395,-0.080625
90,3.0,30.0,270,30,0.699598,True,0.438546,-0.200273,0.238708,0.450111,-0.208288,0.255934
90,3.0,30.0,270,31,0.894372,True,0.004382,-0.873803,-0.11878,0.010635,-0.871482,-0.098429
90,3.0,30.0,270,32,0.645008,True,0.508177,-0.159527,0.26712,0.517798,-0.179608,0.280082
91,3.033333333333333,30.0,271,0,0.992105,True,0.400879,0.467349,-0.049624,0.386812,0.471392,-0.157582
91,3.033333333333333,30.0,271,1,0.991324,True,0.421119,0.43428,-0.08325,0.407504,0.424791,-0.189483
91,3.033333333333333,30.0,271,2,0.989268,True,0.420188,0.436839,-0.06845,0.406267,0.426378,-0.174208
91,3.033333333333333,30.0,271,3,0.992848,True,0.419899,0.436694,-0.068224,0.405578,0.426249,-0.172904
91,3.033333333333333,30.0,271,4,0.995219,True,0.444895,0.445143,-0.073547,0.428131,0.437395,-0.183241
91,3.033333333333333,30.0,271,5,0.995207,True,0.445293,0.441093,-0.08913,0.428777,0.433133,-0.200388
91,3.033333333333333,30.0,271,6,0.997205,True,0.447132,0.427514,-0.065662,0.431212,0.419491,-0.174572
91,3.033333333333333,30.0,271,7,0.994571,True,0.34069,0.387474,-0.132606,0.325567,0.371235,-0.217829
91,3.033333333333333,30.0,271,8,0.995442,True,0.378135,0.351034,-0.048832,0.349927,0.33946,-0.158396
91,3.033333333333333,30.0,271,9,0.993856,True,0.359906,0.441255,-0.050084,0.344857,0.449361,-0.150219
91,3.033333333333333,30.0,271,10,0.995344,True,0.366543,0.420786,-0.050857,0.349671,0.432736,-0.152889
91,3.033333333333333,30.0,271,11,0.999961,True,0.101992,0.355932,-0.139276,0.097241,0.350931,-0.205891
91,3.033333333333333,30.0,271,12,0.999779,True,0.330538,0.364101,0.133418,0.297375,0.367519,0.050545
91,3.033333333333333,30.0,271,13,0.706676,True,-0.140858,0.370038,-0.216944,-0.149401,0.354403,-0.274902
91,3.033333333333333,30.0,271,14,0.579042,True,0.379206,0.142714,0.18407,0.366962,0.138938,0.139957
91,3.033333333333333,30.0,271,15,0.754794,True,-0.113942,0.487973,-0.096055,-0.127747,0.504239,-0.214502
91,3.033333333333333,30.0,271,16,0.67752,True,0.445915,0.104024,0.266499,0.4484,0.075462,0.252749
91,3.033333333333333,30.0,271,17,0.757327,True,-0.11411,0.534695,-0.092991,-0.131464,0.559602,-0.213389
91,3.033333333333333,30.0,271,18,0.670486,True,0.499623,0.102849,0.249858,0.505037,0.069136,0.245895
91,3.033333333333333,30.0,271,19,0.767136,True,-0.077697,0.533176,-0.078073,-0.090733,0.556867,-0.19989
91,3.033333333333333,30.0,271,20,0.667271,True,0.527233,0.119377,0.238584,0.536426,0.08948,0.238106
91,3.033333333333333,30.0,271,21,0.738422,True,-0.093832,0.471106,-0.087487,-0.106041,0.488898,-0.207668
91,3.033333333333333,30.0,271,22,0.63101,True,0.456362,0.117732,0.258065,0.461225,0.087233,0.246385
91,3.033333333333333,30.0,271,23,0.999989,True,-0.05531,0.00675,-0.06648,-0.054051,0.006439,-0.067572
91,3.033333333333333,30.0,271,24,0.999981,True,0.057042,-0.003323,0.069126,0.054939,-0.002709,0.069034
91,3.033333333333333,30.0,271,25,0.89263,True,0.003423,-0.459759,-0.131207,0.002258,-0.460591,-0.114896
91,3.033333333333333,30.0,271,26,0.681377,True,0.120348,-0.305751,0.120271,0.110836,-0.305364,0.125863
91,3.033333333333333,30.0,271,27,0.914417,True,0.142069,-0.808532,-0.125288,0.127552,-0.798991,-0.097287
91,3.033333333333333,30.0,271,28,0.60687,True,0.386439,-0.222942,0.343513,0.35948,-0.227301,0.335997
91,3.033333333333333,30.0,271,29,0.889668,True,0.13517,-0.844838,-0.113734,0.119501,-0.833659,-0.082757
91,3.033333333333333,30.0,271,30,0.701381,True,0.416891,-0.201862,0.332972,0.385177,-0.206507,0.324393
91,3.033333333333333,30.0,271,31,0.904597,True,0.058692,-0.873393,-0.131611,0.049056,-0.853649,-0.09891
91,3.033333333333333,30.0,271,32,0.635609,True,0.482824,-0.180559,0.368886,0.449313,-0.171692,0.347284
92,3.066666666666667,30.0,272,0,0.992888,True,0.359877,0.51176,-0.070074,0.359832,0.51874,-0.05663
92,3.066666666666667,30.0,272,1,0.992189,True,0.383897,0.47149,-0.101216,0.385173,0.466581,-0.086505
92,3.066666666666667,30.0,272,2,0.990338,True,0.383228,0.474302,-0.088097,0.38389,0.469178,-0.074142
92,3.066666666666667,30.0,272,3,0.993559,True,0.382285,0.474138,-0.087294,0.38279,0.468884,-0.072847
92,3.066666666666667,30.0,272,4,0.995696,True,0.401819,0.483009,-0.087027,0.408413,0.479188,-0.073741
92,3.066666666666667,30.0,272,5,0.995686,True,0.402601,0.479603,-0.10202,0.40911,0.475086,-0.087864
92,3.066666666666667,30.0,272,6,0.997484,True,0.403772,0.465586,-0.079995,0.411387,0.460405,-0.066195
92,3.066666666666667,30.0,272,7,0.995112,True,0.338589,0.410641,-0.141746,0.32936,0.38539,-0.16154
92,3.066666666666667,30.0,272,8,0.995898,True,0.344328,0.389588,-0.040696,0.369713,0.369425,-0.036323
92,3.066666666666667,30.0,272,9,0.994466,True,0.334277,0.483901,-0.066803,0.329193,0.493133,-0.061867
92,3.066666666666667,30.0,272,10,0.995808,True,0.332416,0.467409,-0.061127,0.338487,0.473924,-0.057214
92,3.066666666666667,30.0,272,11,0.999965,True,0.14761,0.362881,-0.149049,0.144889,0.352059,-0.168192
92,3.066666666666667,30.0,272,12,0.9998,True,0.274827,0.403487,0.160165,0.290525,0.387805,0.157305
92,3.066666666666667,30.0,272,13,0.735939,True,-0.074738,0.330662,-0.230339,-0.139291,0.323283,-0.291604
92,3.066666666666667,30.0,272,14,0.534027,True,0.243803,0.183068,0.190002,0.30493,0.171674,0.283478
92,3.066666666666667,30.0,272,15,0.779264,True,-0.096662,0.467857,-0.147908,-0.111115,0.441722,-0.306126
92,3.066666666666667,30.0,272,16,0.692891,True,0.310244,0.169077,0.246554,0.3589,0.138215,0.41057
92,3.066666666666667,30.0,272,17,0.781527,True,-0.10488,0.517499,-0.151083,-0.119357,0.48997,-0.316873
92,3.066666666666667,30.0,272,18,0.690757,True,0.366951,0.174331,0.219615,0.411955,0.136446,0.41563
92,3.066666666666667,30.0,272,19,0.790344,True,-0.07394,0.523873,-0.132163,-0.090514,0.497381,-0.295652
92,3.066666666666667,30.0,272,20,0.687743,True,0.404577,0.200876,0.211278,0.446073,0.165904,0.405507
92,3.066666666666667,30.0,272,21,0.764366,True,-0.082209,0.456432,-0.139265,-0.097186,0.433203,-0.301058
92,3.066666666666667,30.0,272,22,0.649847,True,0.326024,0.18527,0.238684,0.370868,0.151695,0.406738
92,3.066666666666667,30.0,272,23,0.99999,True,-0.028426,0.004748,-0.072452,-0.042826,0.00512,-0.085655
92,3.066666666666667,30.0,272,24,0.999982,True,0.030613,-0.001606,0.07469,0.044231,-0.001044,0.087515
92,3.066666666666667,30.0,272,25,0.903354,True,0.035535,-0.449844,-0.135697,0.025122,-0.458672,-0.156677
92,3.066666666666667,30.0,272,26,0.655546,True,0.075489,-0.304877,0.113783,0.08161,-0.284591,0.148696
92,3.066666666666667,30.0,272,27,0.922942,True,0.167728,-0.81257,-0.11117,0.1823,-0.82407,-0.162903
92,3.066666666666667,30.0,272,28,0.589713,True,0.28057,-0.215712,0.393029,0.278894,-0.190226,0.385551
92,3.066666666666667,30.0,272,29,0.900592,True,0.162318,-0.847862,-0.099695,0.180294,-0.860662,-0.151359
92,3.066666666666667,30.0,272,30,0.716145,True,0.305818,-0.194498,0.386035,0.302682,-0.164723,0.375615
92,3.066666666666667,30.0,272,31,0.9141,True,0.089983,-0.879309,-0.121181,0.093193,-0.898576,-0.175209
92,3.066666666666667,30.0,272,32,0.649678,True,0.358319,-0.186217,0.430908,0.349072,-0.150566,0.416733
93,3.1,30.0,273,0,0.993562,True,0.250068,0.534861,-0.09757,0.283046,0.568262,0.003121
93,3.1,30.0,273,1,0.992947,True,0.271846,0.494461,-0.122971,0.304929,0.531185,-0.024374
93,3.1,30.0,273,2,0.991284,True,0.271848,0.497513,-0.111656,0.305042,0.535521,-0.012639
93,3.1,30.0,273,3,0.994189,True,0.270349,0.497197,-0.11134,0.303644,0.535091,-0.01218
93,3.1,30.0,273,4,0.996102,True,0.28226,0.504741,-0.110213,0.323416,0.539872,-0.008486
93,3.1,30.0,273,5,0.996095,True,0.283526,0.502018,-0.124011,0.323839,0.538212,-0.020472
93,3.1,30.0,273,6,0.997719,True,0.285223,0.487956,-0.103938,0.325319,0.523989,-0.001656
93,3.1,30.0,273,7,0.995597,True,0.275149,0.433277,-0.142716,0.276323,0.463289,-0.071353
93,3.1,30.0,273,8,0.996277,True,0.244572,0.419692,-0.047899,0.291015,0.435,0.048756
93,3.1,30.0,273,9,0.995001,True,0.248678,0.507721,-0.086789,0.271728,0.545772,-0.000708
93,3.1,30.0,273,10,0.996198,True,0.238353,0.493081,-0.081793,0.27028,0.518853,0.006457
93,3.1,30.0,273,11,0.999968,True,0.170787,0.369729,-0.132725,0.169612,0.394724,-0.102438
93,3.1,30.0,273,12,0.999772,True,0.169465,0.433563,0.157419,0.236335,0.438997,0.237222
93,3.1,30.0,273,13,0.762281,True,0.010094,0.307977,-0.210317,0.032655,0.32812,-0.13919
93,3.1,30.0,273,14,0.480988,True,0.06105,0.22207,0.156398,0.067617,0.23199,0.213492
93,3.1,30.0,273,15,0.80118,True,-0.068949,0.441363,-0.166467,-0.093837,0.460656,0.009891
93,3.1,30.0,273,16,0.624405,True,0.12106817946625512,0.217302,0.172532,0.017486,0.31331,0.258851
93,3.1,30.0,273,17,0.803033,True,-0.090536,0.488757,-0.173759,-0.09688,0.51022,0.011081
93,3.1,30.0,273,18,0.62387,True,0.17379496896349508,0.224924,0.136669,0.046597,0.352406,0.19367
93,3.1,30.0,273,19,0.810839,True,-0.071504,0.499379,-0.154845,-0.077146,0.515625,0.038035
93,3.1,30.0,273,20,0.621271,True,0.205664,0.258178,0.132245,0.077795,0.385044,0.177465
93,3.1,30.0,273,21,0.786703,True,-0.062697,0.433999,-0.158862,-0.084108,0.452836,0.020717
93,3.1,30.0,273,22,0.587257,True,0.127791,0.231635,0.165447,0.025742,0.335205,0.241579
93,3.1,30.0,273,23,0.99999,True,0.00527,0.002001,-0.057536,-3e-06,0.006475,-0.067851
93,3.1,30.0,273,24,0.99998,True,-0.003029,0.000568,0.059397,0.003236,-0.003827,0.070568
93,3.1,30.0,273,25,0.912986,True,0.060001,-0.439883,-0.118755,0.069518,-0.427769,-0.119981
93,3.1,30.0,273,26,0.6339,True,0.0154,-0.304369,0.074038,0.025064,-0.312612,0.103258
93,3.1,30.0,273,27,0.930468,True,0.156943,-0.815879,-0.074018,0.163167,-0.82199,-0.117823
93,3.1,30.0,273,28,0.547,True,0.11529,-0.197133,0.392634,0.137829,-0.199408,0.409491
93,3.1,30.0,273,29,0.909431,True,0.148498,-0.85033,-0.061955,0.154528,-0.857222,-0.117631
93,3.1,30.0,273,30,0.697373,True,0.128902,-0.174632,0.389259,0.156671,-0.175202,0.406393
93,3.1,30.0,273,31,0.922288,True,0.091933,-0.886516,-0.087669,0.093506,-0.893277,-0.136919
93,3.1,30.0,273,32,0.618452,True,0.161539,-0.168074,0.441783,0.184453,-0.174335,0.484136
94,3.1333333333333333,30.0,274,0,0.992804,True,0.093257,0.536977,-0.14364,0.091923,0.52192,-0.101935
94,3.1333333333333333,30.0,274,1,0.991838,True,0.107681,0.501411,-0.161258,0.112267,0.494491,-0.117782
94,3.1333333333333333,30.0,274,2,0.990025,True,0.108401,0.504661,-0.151423,0.114368,0.497012,-0.108897
94,3.1333333333333333,30.0,274,3,0.993515,True,0.106643,0.504056,-0.152175,0.111993,0.496626,-0.111162
94,3.1333333333333333,30.0,274,4,0.994742,True,0.110515,0.509605,-0.156021,0.107184,0.501554,-0.106541
94,3.1333333333333333,30.0,274,5,0.994602,True,0.112402,0.507365,-0.168502,0.108418,0.49941,-0.119157
94,3.1333333333333333,30.0,274,6,0.996819,True,0.11578,0.493569,-0.150019,0.108253,0.486187,-0.102547
94,3.1333333333333333,30.0,274,7,0.995205,True,0.158538,0.449614,-0.153158,0.227283,0.455696,-0.084356
94,3.1333333333333333,30.0,274,8,0.992956,True,0.098267,0.436013,-0.087296,0.09147,0.442658,-0.019414
94,3.1333333333333333,30.0,274,9,0.994212,True,0.118366,0.512258,-0.123139,0.13818,0.495887,-0.071366
94,3.1333333333333333,30.0,274,10,0.995001,True,0.102692,0.497498,-0.126337,0.098965,0.487446,-0.066569
94,3.1333333333333333,30.0,274,11,0.999967,True,0.164009,0.376148,-0.105711,0.198634,0.374688,-0.047891
94,3.1333333333333333,30.0,274,12,0.999737,True,0.034728,0.450085,0.111824,0.020808,0.463985,0.176698
94,3.1333333333333333,30.0,274,13,0.753165,True,0.092729,0.305849,-0.171224,0.137797,0.302214,-0.114433
94,3.1333333333333333,30.0,274,14,0.440005,True,-0.128831,0.253435,0.094115,-0.161819,0.257106,0.018066
94,3.1333333333333333,30.0,274,15,0.777805,True,-0.034254,0.411401,-0.151404,-0.000515,0.410738,-0.11348
94,3.1333333333333333,30.0,274,16,0.56467,True,-0.10474600754031238,0.234283,0.07894,-0.074116,0.227102,-0.139868
94,3.1333333333333333,30.0,274,17,0.772452,True,-0.071905,0.451278,-0.157384,-0.043813,0.44988,-0.123586
94,3.1333333333333333,30.0,274,18,0.564121,True,-0.062162317385592414,0.237795,0.040598,-0.007529,0.226641,-0.202575
94,3.1333333333333333,30.0,274,19,0.777617,True,-0.068949,0.462291,-0.143457,-0.043684,0.469165,-0.114814
94,3.1333333333333333,30.0,274,20,0.56178,True,-0.019593153043409722,0.272365,0.040339,0.048821,0.266349,-0.193667
94,3.1333333333333333,30.0,274,21,0.738821,True,-0.036808,0.406109,-0.14607,-0.007378,0.404936,-0.107698
94,3.1333333333333333,30.0,274,22,0.530585,True,-0.08826907670211746,0.24195,0.072985,-0.04559,0.242355,-0.142642
94,3.1333333333333333,30.0,274,23,0.999986,True,0.036947,-0.000893,-0.027998,0.060505,-0.004709,-0.010751
94,3.1333333333333333,30.0,274,24,0.999964,True,-0.035096,0.002796,0.029344,-0.057734,0.005592,0.014125
94,3.1333333333333333,30.0,274,25,0.886812,True,0.071001,-0.43253,-0.083519,0.075748,-0.424642,-0.073299
94,3.1333333333333333,30.0,274,26,0.585504,True,-0.053129,-0.298981,0.019066,-0.053711,-0.317545,-0.047344
94,3.1333333333333333,30.0,274,27,0.89617,True,0.110489,-0.81622,-0.023829,0.120909,-0.811647,0.051187
94,3.1333333333333333,30.0,274,28,0.49317,True,-0.078075,-0.167066,0.345686,-0.071106,-0.207306,0.359914
94,3.1333333333333333,30.0,274,29,0.830231,True,0.095516,-0.850287,-0.010622,0.107034,-0.844687,0.071153
94,3.1333333333333333,30.0,274,30,0.628741,True,-0.07523215883862652,-0.142415,0.344001,-0.069591,-0.188397,0.364529
94,3.1333333333333333,30.0,274,31,0.870464,True,0.063731,-0.890573,-0.03936,0.075143,-0.888519,0.033736
94,3.1333333333333333,30.0,274,32,0.557782,True,-0.0663451619437296,-0.125366,0.399272,-0.046133,-0.195002,0.407277
95,3.1666666666666665,30.0,275,0,0.0,False,-0.079591,0.527292,-0.206144,,,
95,3.1666666666666665,30.0,275,1,0.0,False,-0.07495,0.496735,-0.215198,,,
95,3.1666666666666665,30.0,275,2,0.0,False,-0.07374,0.500061,-0.206311,,,
95,3.1666666666666665,30.0,275,3,0.0,False,-0.075456,0.499041,-0.20812,,,
95,3.1666666666666665,30.0,275,4,0.0,False,-0.077819,0.50316,-0.22185,,,
95,3.1666666666666665,30.0,275,5,0.0,False,-0.07528,0.501094,-0.233155,,,
95,3.1666666666666665,30.0,275,6,0.0,False,-0.069635,0.48774,-0.21536,,,
95,3.1666666666666665,30.0,275,7,0.0,False,0.011407,0.455406,-0.180545,,,
95,3.1666666666666665,30.0,275,8,0.0,False,-0.06243,0.435118,-0.15711,,,
95,3.1666666666666665,30.0,275,9,0.0,False,-0.03145,0.507019,-0.176596,,,
95,3.1666666666666665,30.0,275,10,0.0,False,-0.047405,0.489755,-0.193449,,,
95,3.1666666666666665,30.0,275,11,0.0,False,0.128333,0.383706,-0.081777,,,
95,3.1666666666666665,30.0,275,12,0.0,False,-0.099245,0.452353,0.029005,,,
95,3.1666666666666665,30.0,275,13,0.0,False,0.154872,0.325497,-0.125862,,,
95,3.1666666666666665,30.0,275,14,0.0,False,-0.2851,0.271627,0.020231,,,
95,3.1666666666666665,30.0,275,15,0.0,False,0.003306,0.38461,-0.106018,,,
95,3.1666666666666665,30.0,275,16,0.0,False,-0.3179586907767237,0.2176,-0.000705,,,
95,3.1666666666666665,30.0,275,17,0.0,False,-0.047898,0.413763,-0.103417,,,
95,3.1666666666666665,30.0,275,18,0.0,False,-0.29014144504188366,0.21263,-0.034496,,,
95,3.1666666666666665,30.0,275,19,0.0,False,-0.062288,0.422114,-0.098918,,,
95,3.1666666666666665,30.0,275,20,0.0,False,-0.24965582588304908,0.243613,-0.031306,,,
95,3.1666666666666665,30.0,275,21,0.0,False,-0.006406,0.379676,-0.104273,,,
95,3.1666666666666665,30.0,275,22,0.0,False,-0.3038858539124309,0.215911,-0.005539,,,
95,3.1666666666666665,30.0,275,23,0.0,False,0.059175,-0.003174,0.006921,,,
95,3.1666666666666665,30.0,275,24,0.0,False,-0.058018,0.004599,-0.006123,,,
95,3.1666666666666665,30.0,275,25,0.0,False,0.065442,-0.427362,-0.036835,,,
95,3.1666666666666665,30.0,275,26,0.0,False,-0.119683,-0.286387,-0.0317,,,
95,3.1666666666666665,30.0,275,27,0.0,False,0.039202,-0.812693,0.025951,,,
95,3.1666666666666665,30.0,275,28,0.0,False,-0.264609,-0.131525,0.263336,,,
95,3.1666666666666665,30.0,275,29,0.0,False,0.01639,-0.847226,0.039983,,,
95,3.1666666666666665,30.0,275,30,0.0,False,-0.28534960726792746,-0.104337,0.259919,,,
95,3.1666666666666665,30.0,275,31,0.0,False,0.012343,-0.889861,0.010471,,,
95,3.1666666666666665,30.0,275,32,0.0,False,-0.3022934580506758,-0.068684,0.311195,,,
96,3.2,30.0,276,0,0.993523,True,-0.234741,0.515544,-0.264089,-0.253997,0.503084,-0.335632
96,3.2,30.0,276,1,0.992654,True,-0.239369,0.486662,-0.26517,-0.268833,0.475426,-0.337676
96,3.2,30.0,276,2,0.991022,True,-0.237937,0.489869,-0.256737,-0.268285,0.479247,-0.329171
96,3.2,30.0,276,3,0.994163,True,-0.239451,0.488381,-0.259271,-0.2693,0.477624,-0.331201
96,3.2,30.0,276,4,0.995268,True,-0.244588,0.49226,-0.284762,-0.274329,0.48082,-0.363604
96,3.2,30.0,276,5,0.995142,True,-0.241571,0.490116,-0.295028,-0.269855,0.478509,-0.374178
96,3.2,30.0,276,6,0.997137,True,-0.233929,0.477309,-0.277072,-0.258199,0.465708,-0.355039
96,3.2,30.0,276,7,0.995684,True,-0.133593,0.450288,-0.212576,-0.195436,0.447332,-0.273876
96,3.2,30.0,276,8,0.993659,True,-0.202249,0.417357,-0.231603,-0.238823,0.422549,-0.316355
96,3.2,30.0,276,9,0.99479,True,-0.17033,0.502229,-0.228897,-0.19896,0.484539,-0.296785
96,3.2,30.0,276,10,0.9955,True,-0.181902,0.479662,-0.260837,-0.198892,0.465368,-0.335985
96,3.2,30.0,276,11,0.99997,True,0.072975,0.393836,-0.062177,0.056145,0.378352,-0.092935
96,3.2,30.0,276,12,0.999763,True,-0.202197,0.442174,-0.063591,-0.252598,0.434081,-0.136532
96,3.2,30.0,276,13,0.68846,True,0.186236,0.36405,-0.076751,0.177546,0.339542,-0.126701
96,3.2,30.0,276,14,0.452268,True,-0.379961,0.272901,-0.048461,-0.432368,0.276173,-0.032644
96,3.2,30.0,276,15,0.70549,True,0.040513,0.368418,-0.031596,0.036419,0.3544,-0.108687
96,3.2,30.0,276,16,0.525892,True,-0.46933,0.176798,-0.051197,-0.514617,0.169046,0.033574
96,3.2,30.0,276,17,0.700089,True,-0.015921,0.387156,-0.014196,-0.027391,0.377351,-0.098009
96,3.2,30.0,276,18,0.516823,True,-0.459363,0.164302,-0.077828,-0.507114,0.150539,0.032702
96,3.2,30.0,276,19,0.704909,True,-0.045333,0.390674,-0.021591,-0.051469,0.372989,-0.100767
96,3.2,30.0,276,20,0.513592,True,-0.427263,0.189266,-0.072356,-0.478379,0.172746,0.038947
96,3.2,30.0,276,21,0.668355,True,0.027294,0.362647,-0.034392,0.02486,0.349556,-0.110816
96,3.2,30.0,276,22,0.484241,True,-0.46348,0.166869,-0.055454,-0.50966,0.148261,0.031478
96,3.2,30.0,276,23,0.999988,True,0.068396,-0.004339,0.038982,0.06278,-0.004092,0.036357
96,3.2,30.0,276,24,0.999967,True,-0.06794,0.00568,-0.038412,-0.063441,0.005827,-0.038226
96,3.2,30.0,276,25,0.80554,True,0.044363,-0.421987,0.011424,0.052285,-0.430328,-0.008622
96,3.2,30.0,276,26,0.538023,True,-0.171148,-0.269921,-0.068146,-0.176394,-0.268278,-0.054555
96,3.2,30.0,276,27,0.84023,True,-0.038425,-0.805916,0.063447,-0.029279,-0.806633,0.026333
96,3.2,30.0,276,28,0.444589,True,-0.411898,-0.101739,0.160729,-0.452404,-0.071584,0.14404
96,3.2,30.0,276,29,0.784763,True,-0.067929,-0.842074,0.076962,-0.060653,-0.843163,0.040198
96,3.2,30.0,276,30,0.569352,True,-0.44651,-0.072361,0.15207,-0.493672,-0.038627,0.133543
96,3.2,30.0,276,31,0.829349,True,-0.047984,-0.885526,0.048917,-0.028962,-0.884239,0.016658
96,3.2,30.0,276,32,0.504986,True,-0.488625,-0.017515,0.193905,-0.543692,0.037442,0.188055
97,3.2333333333333334,30.0,277,0,0.994168,True,-0.34398,0.504991,-0.292196,-0.367409,0.500324,-0.284442
97,3.2333333333333334,30.0,277,1,0.993384,True,-0.355597,0.474393,-0.28748,-0.378827,0.47024,-0.282985
97,3.2333333333333334,30.0,277,2,0.991913,True,-0.354074,0.477228,-0.279101,-0.377313,0.472113,-0.273621
97,3.2333333333333334,30.0,277,3,0.994744,True,-0.355372,0.475377,-0.282078,-0.37825,0.470917,-0.276513
97,3.2333333333333334,30.0,277,4,0.995739,True,-0.359556,0.480007,-0.317309,-0.38077,0.475908,-0.310018
97,3.2333333333333334,30.0,277,5,0.995625,True,-0.356355,0.477721,-0.326641,-0.377976,0.473711,-0.319839
97,3.2333333333333334,30.0,277,6,0.997422,True,-0.347651,0.465568,-0.308103,-0.369007,0.461085,-0.300855
97,3.2333333333333334,30.0,277,7,0.996114,True,-0.245061,0.437409,-0.228096,-0.275118,0.438517,-0.238498
97,3.2333333333333334,30.0,277,8,0.994286,True,-0.294526,0.387226,-0.277998,-0.309726,0.392163,-0.271666
97,3.2333333333333334,30.0,277,9,0.995309,True,-0.271001,0.500655,-0.255759,-0.294876,0.497803,-0.253394
97,3.2333333333333334,30.0,277,10,0.995946,True,-0.27571,0.470472,-0.299843,-0.295726,0.463979,-0.295422
97,3.2333333333333334,30.0,277,11,0.999972,True,0.011148,0.405417,-0.040174,0.00078,0.409823,-0.06462
97,3.2333333333333334,30.0,277,12,0.999784,True,-0.255351,0.422365,-0.132527,-0.259725,0.421423,-0.132962
97,3.2333333333333334,30.0,277,13,0.625872,True,0.184556,0.413748,-0.022462,0.158692,0.418831,-0.064542
97,3.2333333333333334,30.0,277,14,0.49314,True,-0.405417,0.256224,-0.102764,-0.393828,0.252476,-0.065622
97,3.2333333333333334,30.0,277,15,0.641934,True,0.074045,0.368831,0.064313,0.038402,0.379688,-0.000981
97,3.2333333333333334,30.0,277,16,0.552037,True,-0.5487,0.126515,-0.079895,-0.567444,0.123409,0.00295
97,3.2333333333333334,30.0,277,17,0.640145,True,0.024081,0.380942,0.09854,-0.014988,0.382319,0.03202
97,3.2333333333333334,30.0,277,18,0.537808,True,-0.556148,0.112168,-0.102697,-0.581732,0.102425,-0.013937
97,3.2333333333333334,30.0,277,19,0.645326,True,-0.014147,0.377885,0.079516,-0.053686,0.379743,0.011135
97,3.2333333333333334,30.0,277,20,0.531401,True,-0.531727,0.131668,-0.095835,-0.561089,0.119467,-0.013114
97,3.2333333333333334,30.0,277,21,0.610469,True,0.062196,0.361245,0.056964,0.024851,0.368317,-0.009672
97,3.2333333333333334,30.0,277,22,0.497587,True,-0.550143,0.112717,-0.084446,-0.573458,0.107005,-0.004202
97,3.2333333333333334,30.0,277,23,0.999989,True,0.065149,-0.004414,0.063336,0.060723,-0.003954,0.059145
97,3.2333333333333334,30.0,277,24,0.99997,True,-0.065117,0.006101,-0.062395,-0.060855,0.005728,-0.059044
97,3.2333333333333334,30.0,277,25,0.760723,True,0.012899,-0.4149,0.050612,0.00811,-0.430332,0.070247
97,3.2333333333333334,30.0,277,26,0.546343,True,-0.194928,-0.25704,-0.09179,-0.204303,-0.243149,-0.086385
97,3.2333333333333334,30.0,277,27,0.836986,True,-0.103457,-0.797676,0.081134,-0.150938,-0.805544,0.066246
97,3.2333333333333334,30.0,277,28,0.435094,True,-0.496678,-0.088914,0.053761,-0.518546,-0.065352,0.051815
97,3.2333333333333334,30.0,277,29,0.788957,True,-0.136848,-0.836611,0.092431,-0.188617,-0.841891,0.074156
97,3.2333333333333334,30.0,277,30,0.573311,True,-0.539459,-0.058482,0.037538,-0.563806,-0.032608,0.034524
97,3.2333333333333334,30.0,277,31,0.830082,True,-0.100918,-0.880221,0.067214,-0.156749,-0.881737,0.04903
97,3.2333333333333334,30.0,277,32,0.509821,True,-0.602892,0.009455,0.068231,-0.640419,0.047797,0.066564
98,3.2666666666666666,30.0,278,0,0.994751,True,-0.390888,0.491121,-0.281309,-0.386119,0.499641,-0.278803
98,3.2666666666666666,30.0,278,1,0.994045,True,-0.407038,0.458157,-0.274592,-0.394072,0.468168,-0.268374
98,3.2666666666666666,30.0,278,2,0.992721,True,-0.405406,0.460322,-0.265784,-0.392452,0.471462,-0.258713
98,3.2666666666666666,30.0,278,3,0.99527,True,-0.406529,0.458418,-0.269194,-0.393808,0.469086,-0.26246
98,3.2666666666666666,30.0,278,4,0.996165,True,-0.407057,0.464041,-0.309252,-0.395032,0.474412,-0.304659
98,3.2666666666666666,30.0,278,5,0.996062,True,-0.403871,0.461782,-0.317946,-0.392391,0.472468,-0.313835
98,3.2666666666666666,30.0,278,6,0.99768,True,-0.395148,0.450391,-0.298774,-0.384964,0.460467,-0.294923
98,3.2666666666666666,30.0,278,7,0.996503,True,-0.303976,0.420703,-0.217523,-0.284442,0.424512,-0.225967
98,3.2666666666666666,30.0,278,8,0.994857,True,-0.327512,0.35118,-0.280891,-0.309004,0.342499,-0.282803
98,3.2666666666666666,30.0,278,9,0.995778,True,-0.317019,0.496113,-0.246953,-0.312076,0.506372,-0.245328
98,3.2666666666666666,30.0,278,10,0.996351,True,-0.314435,0.457593,-0.297475,-0.310878,0.466946,-0.300535
98,3.2666666666666666,30.0,278,11,0.999975,True,-0.045338,0.414102,-0.0149,-0.040192,0.422055,-0.026805
98,3.2666666666666666,30.0,278,12,0.999805,True,-0.256064,0.395349,-0.160033,-0.230918,0.403018,-0.169804
98,3.2666666666666666,30.0,278,13,0.569306,True,0.15167,0.463618,0.029689,0.151749,0.487786,0.053867
98,3.2666666666666666,30.0,278,14,0.541334,True,-0.368566,0.223902,-0.143689,-0.319989,0.24381,-0.175239
98,3.2666666666666666,30.0,278,15,0.5892,True,0.097344,0.388581,0.156908,0.087017,0.396505,0.202518
98,3.2666666666666666,30.0,278,16,0.594013,True,-0.546253,0.07883,-0.106565,-0.525525,0.082463,-0.166592
98,3.2666666666666666,30.0,278,17,0.592225,True,0.064425,0.39965,0.204089,0.052651,0.402676,0.255667
98,3.2666666666666666,30.0,278,18,0.579849,True,-0.565374,0.069152,-0.131787,-0.553111,0.069971,-0.200233
98,3.2666666666666666,30.0,278,19,0.598532,True,0.026441,0.388424,0.176292,0.002506,0.395126,0.228098
98,3.2666666666666666,30.0,278,20,0.572916,True,-0.547961,0.085775,-0.124208,-0.539164,0.084774,-0.195017
98,3.2666666666666666,30.0,278,21,0.567073,True,0.091806,0.378093,0.146269,0.077364,0.386052,0.193888
98,3.2666666666666666,30.0,278,22,0.538459,True,-0.553318,0.066343,-0.112312,-0.536462,0.071343,-0.173563
98,3.2666666666666666,30.0,278,23,0.99999,True,0.052254,-0.003802,0.078601,0.053235,-0.003723,0.08398
98,3.2666666666666666,30.0,278,24,0.999973,True,-0.05229,0.006165,-0.076746,-0.053105,0.005642,-0.080709
98,3.2666666666666666,30.0,278,25,0.765332,True,-0.021298,-0.407659,0.072508,-0.021598,-0.402258,0.093172
98,3.2666666666666666,30.0,278,26,0.587112,True,-0.182807,-0.254578,-0.109174,-0.186616,-0.243102,-0.079371
98,3.2666666666666666,30.0,278,27,0.849534,True,-0.144352,-0.790635,0.075675,-0.159127,-0.787677,0.11239
98,3.2666666666666666,30.0,278,28,0.487439,True,-0.507655,-0.098186,-0.042598,-0.495272,-0.094239,0.000827
98,3.2666666666666666,30.0,278,29,0.807776,True,-0.178599,-0.833063,0.083662,-0.193236,-0.831651,0.125093
98,3.2666666666666666,30.0,278,30,0.613979,True,-0.550922,-0.068313,-0.067008,-0.538788,-0.064884,-0.023249
98,3.2666666666666666,30.0,278,31,0.843554,True,-0.135173,-0.877207,0.061354,-0.148817,-0.880031,0.102157
98,3.2666666666666666,30.0,278,32,0.555841,True,-0.630714,0.004751,-0.045212,-0.62012,0.007435,-0.017064
99,3.3,30.0,279,0,0.995276,True,-0.372586,0.466694,-0.247223,-0.349774,0.482103,-0.32772
99,3.3,30.0,279,1,0.994641,True,-0.3915,0.433776,-0.243371,-0.36979,0.438877,-0.320318
99,3.3,30.0,279,2,0.993449,True,-0.389708,0.43497,-0.233395,-0.367865,0.439376,-0.310388
99,3.3,30.0,279,3,0.995743,True,-0.39066,0.433456,-0.237467,-0.369434,0.437438,-0.314013
99,3.3,30.0,279,4,0.996548,True,-0.38628,0.439544,-0.276926,-0.36392,0.443734,-0.357554
99,3.3,30.0,279,5,0.996456,True,-0.383049,0.437653,-0.28566,-0.360236,0.441496,-0.366161
99,3.3,30.0,279,6,0.997912,True,-0.374928,0.427052,-0.265853,-0.353206,0.431646,-0.345499
99,3.3,30.0,279,7,0.996852,True,-0.307583,0.402224,-0.194143,-0.283573,0.386282,-0.252843
99,3.3,30.0,279,8,0.995371,True,-0.302867,0.314564,-0.254312,-0.281221,0.295756,-0.334113
99,3.3,30.0,279,9,0.9962,True,-0.305666,0.479282,-0.216164,-0.283252,0.497824,-0.291889
99,3.3,30.0,279,10,0.996716,True,-0.295806,0.433712,-0.267302,-0.273953,0.45046,-0.346486
99,3.3,30.0,279,11,0.999978,True,-0.089638,0.414388,0.000287,-0.083133,0.41628,-0.0355
99,3.3,30.0,279,12,0.999824,True,-0.213193,0.362945,-0.154302,-0.184357,0.349582,-0.200573
99,3.3,30.0,279,13,0.570034,True,0.090901,0.503462,0.059801,0.129852,0.511291,0.044516
99,3.3,30.0,279,14,0.581055,True,-0.281113,0.181781,-0.178891,-0.244847,0.167471,-0.230808
99,3.3,30.0,279,15,0.617969,True,0.099994,0.425686,0.208496,0.126845,0.400385,0.24768
99,3.3,30.0,279,16,0.622532,True,-0.46363,0.040206,-0.148556,-0.435071,0.03715,-0.233781
99,3.3,30.0,279,17,0.616231,True,0.089308,0.440573,0.25993,0.122466,0.419159,0.310012
99,3.3,30.0,279,18,0.604269,True,-0.486408,0.038497,-0.180497,-0.462226,0.041934,-0.272081
99,3.3,30.0,279,19,0.623662,True,0.060764,0.420126,0.227831,0.091935,0.408786,0.271887
99,3.3,30.0,279,20,0.594748,True,-0.475521,0.05515,-0.17377,-0.455858,0.061433,-0.265553
99,3.3,30.0,279,21,0.594891,True,0.104487,0.411209,0.196916,0.135312,0.394853,0.233897
99,3.3,30.0,279,22,0.554554,True,-0.473997,0.032429,-0.156326,-0.448302,0.033765,-0.242555
99,3.3,30.0,279,23,0.999991,True,0.03268,-0.002913,0.085391,0.036113,-0.000724,0.086559
99,3.3,30.0,279,24,0.999974,True,-0.032586,0.006118,-0.082436,-0.036077,0.004094,-0.082883
99,3.3,30.0,279,25,0.76855,True,-0.050396,-0.404253,0.073767,-0.057255,-0.389516,0.060619
99,3.3,30.0,279,26,0.625961,True,-0.133649,-0.264227,-0.122813,-0.136275,-0.272091,-0.132644
99,3.3,30.0,279,27,0.860651,True,-0.159797,-0.787893,0.047366,-0.135443,-0.785462,0.043786
99,3.3,30.0,279,28,0.534681,True,-0.443335,-0.126036,-0.11411,-0.37641,-0.169447,-0.168841
99,3.3,30.0,279,29,0.824636,True,-0.192846,-0.833785,0.052141,-0.164462,-0.831493,0.04509
99,3.3,30.0,279,30,0.649954,True,-0.480547,-0.098245,-0.145791,-0.417467,-0.146194,-0.203409
99,3.3,30.0,279,31,0.856218,True,-0.148272,-0.879996,0.031697,-0.121526,-0.882435,0.018425
99,3.3,30.0,279,32,0.597898,True,-0.570141,-0.024844,-0.128547,-0.49266,-0.086578,-0.19904
100,3.3333333333333335,30.0,280,0,0.995748,True,-0.298265,0.429455,-0.220584,-0.309722,0.427099,-0.157024
100,3.3333333333333335,30.0,280,1,0.995176,True,-0.318546,0.400026,-0.224215,-0.332433,0.395211,-0.164962
100,3.3333333333333335,30.0,280,2,0.994103,True,-0.316634,0.400034,-0.212248,-0.330516,0.395248,-0.155866
100,3.3333333333333335,30.0,280,3,0.996168,True,-0.317352,0.399298,-0.217215,-0.330717,0.394437,-0.160089
100,3.3333333333333335,30.0,280,4,0.996893,True,-0.307899,0.405017,-0.252578,-0.317775,0.403079,-0.193951
100,3.3333333333333335,30.0,280,5,0.99681,True,-0.304356,0.403836,-0.262281,-0.314597,0.401537,-0.201855
100,3.3333333333333335,30.0,280,6,0.99812,True,-0.296872,0.3939,-0.241678,-0.306679,0.391907,-0.181963
100,3.3333333333333335,30.0,280,7,0.997167,True,-0.26533,0.381895,-0.185613,-0.274195,0.370336,-0.140969
100,3.3333333333333335,30.0,280,8,0.995832,True,-0.230962,0.280475,-0.231724,-0.231975,0.285822,-0.187274
100,3.3333333333333335,30.0,280,9,0.996579,True,-0.246104,0.446365,-0.19227,-0.257092,0.443297,-0.136972
100,3.3333333333333335,30.0,280,10,0.997043,True,-0.22831,0.396587,-0.240115,-0.237585,0.397827,-0.179112
100,3.3333333333333335,30.0,280,11,0.99998,True,-0.120094,0.403325,-0.015076,-0.134963,0.397414,0.022472
100,3.3333333333333335,30.0,280,12,0.999838,True,-0.139672,0.327968,-0.140512,-0.147751,0.338121,-0.111066
100,3.3333333333333335,30.0,280,13,0.551251,True,0.008419,0.527996,0.046608,-0.001669,0.495186,0.076648
100,3.3333333333333335,30.0,280,14,0.590288,True,-0.154058,0.138957,-0.214632,-0.213941,0.131268,-0.165245
100,3.3333333333333335,30.0,280,15,0.64907,True,0.072746,0.473986,0.190071,0.093952,0.445817,0.227901
100,3.3333333333333335,30.0,280,16,0.643002,True,-0.313088,0.01339,-0.209658,-0.354072,0.007044,-0.13263
100,3.3333333333333335,30.0,280,17,0.646579,True,0.082187,0.494961,0.235849,0.095757,0.468836,0.274566
100,3.3333333333333335,30.0,280,18,0.624765,True,-0.332227,0.01834,-0.247618,-0.357893,0.020633,-0.163018
100,3.3333333333333335,30.0,280,19,0.654057,True,0.068999,0.465671,0.204049,0.083834,0.429874,0.243929
100,3.3333333333333335,30.0,280,20,0.61282,True,-0.32862,0.036711,-0.245304,-0.342814,0.036772,-0.160492
100,3.3333333333333335,30.0,280,21,0.626839,True,0.088723,0.454943,0.180268,0.106798,0.422055,0.216865
100,3.3333333333333335,30.0,280,22,0.569076,True,-0.325196,0.010883,-0.220143,-0.357524,0.005845,-0.140503
100,3.3333333333333335,30.0,280,23,0.999991,True,0.008719,-0.00196,0.084636,0.001971,-0.002942,0.079078
100,3.3333333333333335,30.0,280,24,0.999976,True,-0.008542,0.006012,-0.080774,-0.001243,0.007291,-0.074955
100,3.3333333333333335,30.0,280,25,0.77758,True,-0.068655,-0.408005,0.056539,-0.059579,-0.40747,0.045927
100,3.3333333333333335,30.0,280,26,0.658726,True,-0.054234,-0.281097,-0.127485,-0.046053,-0.282662,-0.125315
100,3.3333333333333335,30.0,280,27,0.871377,True,-0.155041,-0.791838,0.001601,-0.123801,-0.791685,-0.007526
100,3.3333333333333335,30.0,280,28,0.562233,True,-0.309884,-0.161646,-0.147068,-0.342949,-0.156625,-0.110484
100,3.3333333333333335,30.0,280,29,0.839947,True,-0.186118,-0.840406,0.0044,-0.153147,-0.840614,-0.006331
100,3.3333333333333335,30.0,280,30,0.675863,True,-0.337007,-0.136789,-0.183857,-0.352704,-0.130182,-0.142148
100,3.3333333333333335,30.0,280,31,0.866859,True,-0.144629,-0.891266,-0.015718,-0.11484,-0.890715,-0.015394
100,3.3333333333333335,30.0,280,32,0.625414,True,-0.426183,-0.063299,-0.167065,-0.395742,-0.068944,-0.100172
101,3.3666666666666667,30.0,281,0,0.996171,True,-0.186311,0.386882,-0.225197,-0.249715,0.426543,-0.1057
101,3.3666666666666667,30.0,281,1,0.995657,True,-0.206045,0.362713,-0.238948,-0.263752,0.4037,-0.112002
101,3.3666666666666667,30.0,281,2,0.99469,True,-0.204194,0.361521,-0.2246,-0.262257,0.40369,-0.100063
101,3.3666666666666667,30.0,281,3,0.99655,True,-0.204601,0.361671,-0.230447,-0.26254,0.402991,-0.105443
101,3.3666666666666667,30.0,281,4,0.997203,True,-0.19045,0.366515,-0.261369,-0.254675,0.40813,-0.133094
101,3.3666666666666667,30.0,281,5,0.997128,True,-0.186364,0.366169,-0.272752,-0.251797,0.406886,-0.142383
101,3.3666666666666667,30.0,281,6,0.998307,True,-0.179196,0.356602,-0.251118,-0.24422,0.396884,-0.12306
101,3.3666666666666667,30.0,281,7,0.997449,True,-0.191913,0.359885,-0.211942,-0.225437,0.408977,-0.058567
101,3.3666666666666667,30.0,281,8,0.996244,True,-0.127876,0.251341,-0.241136,-0.204638,0.290357,-0.080546
101,3.3666666666666667,30.0,281,9,0.996917,True,-0.155157,0.404202,-0.198416,-0.2024,0.441876,-0.074613
101,3.3666666666666667,30.0,281,10,0.997331,True,-0.128789,0.353684,-0.241305,-0.191745,0.386823,-0.110078
101,3.3666666666666667,30.0,281,11,0.999981,True,-0.137747,0.383364,-0.070763,-0.135714,0.41145,0.078123
101,3.3666666666666667,30.0,281,12,0.999834,True,-0.049135,0.296027,-0.13978,-0.114247,0.326847,-0.007102
101,3.3666666666666667,30.0,281,13,0.523008,True,-0.083857,0.538811,-0.015211,-0.088696,0.57761,0.105716
101,3.3666666666666667,30.0,281,14,0.572683,True,-0.001351,0.106477,-0.247061,-0.06994,0.140997,-0.137266
101,3.3666666666666667,30.0,281,15,0.66843,True,0.015322,0.52642,0.102538,0.028984,0.606049,0.189976
101,3.3666666666666667,30.0,281,16,0.629261,True,-0.118264,0.000954,-0.274056,-0.157632,0.025506,-0.128818
101,3.3666666666666667,30.0,281,17,0.665095,True,0.036732,0.55319,0.135632,0.065309,0.636,0.2186
101,3.3666666666666667,30.0,281,18,0.609086,True,-0.13174178562976507,0.008542,-0.312776,-0.165395,0.02884,-0.169625
101,3.3666666666666667,30.0,281,19,0.673452,True,0.039388,0.517534,0.107588,0.075062,0.593688,0.191655
101,3.3666666666666667,30.0,281,20,0.595275,True,-0.133689,0.028471,-0.319806,-0.160789,0.049705,-0.170614
101,3.3666666666666667,30.0,281,21,0.647665,True,0.041528,0.50327,0.096645,0.058039,0.577561,0.181454
101,3.3666666666666667,30.0,281,22,0.549107,True,-0.131617,0.002247,-0.287535,-0.166342,0.025254,-0.137101
101,3.3666666666666667,30.0,281,23,0.999992,True,-0.017425,-0.0011,0.07662,-0.00785,-0.004986,0.071877
101,3.3666666666666667,30.0,281,24,0.999977,True,0.01751,0.005883,-0.072235,0.008583,0.009557,-0.067974
101,3.3666666666666667,30.0,281,25,0.789275,True,-0.074071,-0.418766,0.027229,-0.085841,-0.414371,0.036411
101,3.3666666666666667,30.0,281,26,0.686602,True,0.041866,-0.295819,-0.114425,0.016157,-0.285147,-0.123434
101,3.3666666666666667,30.0,281,27,0.881013,True,-0.135678,-0.802469,-0.049667,-0.147663,-0.796668,-0.013714
101,3.3666666666666667,30.0,281,28,0.567759,True,-0.123272,-0.190023,-0.131451,-0.225727,-0.122521,-0.110295
101,3.3666666666666667,30.0,281,29,0.853324,True,-0.164697,-0.85239,-0.046867,-0.179297,-0.84801,-0.009179
101,3.3666666666666667,30.0,281,30,0.682061,True,-0.138789,-0.167798,-0.170168,-0.255684,-0.093278,-0.145718
101,3.3666666666666667,30.0,281,31,0.874723,True,-0.130515,-0.910412,-0.067903,-0.158918,-0.895634,-0.030935
101,3.3666666666666667,30.0,281,32,0.634354,True,-0.2139568244046942,-0.092485,-0.151366,-0.381565,-0.016535,-0.119674
102,3.4,30.0,282,0,0.996553,True,-0.059943,0.354091,-0.260674,0.007363,0.312108,-0.306644
102,3.4,30.0,282,1,0.996091,True,-0.07629,0.333809,-0.283971,-0.017659,0.303685,-0.332032
102,3.4,30.0,282,2,0.995221,True,-0.074779,0.331689,-0.267732,-0.015373,0.300444,-0.311467
102,3.4,30.0,282,3,0.996895,True,-0.074869,0.332474,-0.274077,-0.016168,0.303135,-0.320409
102,3.4,30.0,282,4,0.997483,True,-0.05665,0.336614,-0.302695,0.004847,0.303036,-0.348477
102,3.4,30.0,282,5,0.997415,True,-0.052091,0.33685,-0.315805,0.010301,0.304559,-0.364991
102,3.4,30.0,282,6,0.998476,True,-0.044925,0.32722,-0.293107,0.016789,0.294702,-0.34044
102,3.4,30.0,282,7,0.997704,True,-0.102235,0.339239,-0.268088,-0.072196,0.326387,-0.336172
102,3.4,30.0,282,8,0.996618,True,-0.013666,0.231033,-0.283667,0.038497,0.21132,-0.342636
102,3.4,30.0,282,9,0.997225,True,-0.052329,0.367957,-0.234652,0.001849,0.323686,-0.282002
102,3.4,30.0,282,10,0.997597,True,-0.018588,0.31987,-0.272072,0.044582,0.275927,-0.324767
102,3.4,30.0,282,11,0.999983,True,-0.142945,0.362136,-0.153461,-0.127075,0.346757,-0.241516
102,3.4,30.0,282,12,0.999847,True,0.043576,0.275021,-0.152481,0.081828,0.238947,-0.207118
102,3.4,30.0,282,13,0.555958,True,-0.167874,0.542959,-0.107357,-0.158811,0.538892,-0.204677
102,3.4,30.0,282,14,0.569598,True,0.154444,0.094502,-0.259127,0.208414,0.061532,-0.346304
102,3.4,30.0,282,15,0.694674,True,-0.059656,0.578767,-0.021208,-0.069785,0.55862,-0.146409
102,3.4,30.0,282,16,0.574968,True,0.08562621677174481,0.00713,-0.307344,0.106987,0.002787,-0.418229
102,3.4,30.0,282,17,0.689603,True,-0.036881,0.610252,-0.002797,-0.044407,0.596655,-0.135537
102,3.4,30.0,282,18,0.555417,True,0.08987891983138634,0.014072,-0.34,0.09811,0.017815,-0.461014
102,3.4,30.0,282,19,0.697943,True,-0.022575,0.57266,-0.025191,-0.028335,0.569044,-0.152974
102,3.4,30.0,282,20,0.54259,True,0.07313325891540384,0.03411,-0.359911,0.071766,0.038708,-0.4728
102,3.4,30.0,282,21,0.673528,True,-0.026843,0.553166,-0.022349,-0.035815,0.53869,-0.142392
102,3.4,30.0,282,22,0.499932,True,0.07114988766217868,0.010432,-0.323305,0.084568,0.00929,-0.440501
102,3.4,30.0,282,23,0.999993,True,-0.042739,-0.000622,0.061098,-0.046078,0.001696,0.067921
102,3.4,30.0,282,24,0.999979,True,0.04261,0.005966,-0.056577,0.04507,0.003865,-0.065013
102,3.4,30.0,282,25,0.804354,True,-0.068571,-0.43294,-0.00603,-0.08266,-0.440369,0.014048
102,3.4,30.0,282,26,0.690037,True,0.137473,-0.298786,-0.079203,0.147719,-0.309139,-0.108518
102,3.4,30.0,282,27,0.888383,True,-0.104265,-0.816406,-0.090908,-0.135158,-0.808898,-0.111371
102,3.4,30.0,282,28,0.551674,True,0.08744965615555868,-0.196311,-0.067306,0.119698,-0.236088,-0.171875
102,3.4,30.0,282,29,0.864859,True,-0.130968,-0.866082,-0.085859,-0.159805,-0.856109,-0.10481
102,3.4,30.0,282,30,0.664238,True,0.07707807084994055,-0.175052,-0.104255,0.117079,-0.218719,-0.221055
102,3.4,30.0,282,31,0.883093,True,-0.11024,-0.931416,-0.108385,-0.122056,-0.913313,-0.131365
102,3.4,30.0,282,32,0.630841,False,0.04658288698178259,-0.09737,-0.082593,0.168401,-0.125163,-0.228688
103,3.433333333333333,30.0,283,0,0.99686,True,0.058695,0.34582,-0.302396,0.072907,0.328269,-0.322894
103,3.433333333333333,30.0,283,1,0.996466,True,0.048951,0.325518,-0.331693,0.065537,0.305155,-0.358751
103,3.433333333333333,30.0,283,2,0.995671,True,0.049832,0.323013,-0.314788,0.066236,0.302379,-0.339766
103,3.433333333333333,30.0,283,3,0.997188,True,0.049931,0.323959,-0.320965,0.066632,0.303446,-0.345081
103,3.433333333333333,30.0,283,4,0.997728,True,0.07138,0.328083,-0.349679,0.087078,0.307014,-0.367483
103,3.433333333333333,30.0,283,5,0.997667,True,0.075949,0.328318,-0.36384,0.091966,0.307739,-0.382327
103,3.433333333333333,30.0,283,6,0.998625,True,0.083163,0.318119,-0.340428,0.099207,0.297822,-0.358722
103,3.433333333333333,30.0,283,7,0.997918,True,-0.009187,0.325891,-0.325793,0.006944,0.312203,-0.359449
103,3.433333333333333,30.0,283,8,0.99694,True,0.091245,0.224747,-0.331561,0.11573,0.212045,-0.34578
103,3.433333333333333,30.0,283,9,0.997474,True,0.04507,0.352873,-0.277411,0.057693,0.33918,-0.297546
103,3.433333333333333,30.0,283,10,0.997817,True,0.082111,0.309424,-0.308727,0.098298,0.29647,-0.328785
103,3.433333333333333,30.0,283,11,0.999983,True,-0.133358,0.348879,-0.232045,-0.12079,0.338989,-0.267918
103,3.433333333333333,30.0,283,12,0.999852,True,0.122859,0.271848,-0.158813,0.143376,0.265511,-0.175697
103,3.433333333333333,30.0,283,13,0.59578,True,-0.223215,0.548788,-0.197388,-0.22897,0.529694,-0.214009
103,3.433333333333333,30.0,283,14,0.608081,True,0.283693,0.108863,-0.228653,0.316173,0.096504,-0.246074
103,3.433333333333333,30.0,283,15,0.721958,True,-0.130373,0.630329,-0.135633,-0.147212,0.614718,-0.13285
103,3.433333333333333,30.0,283,16,0.608935,True,0.262706,0.03666,-0.270293,0.304907,0.022008,-0.288049
103,3.433333333333333,30.0,283,17,0.717689,True,-0.115112,0.666476,-0.129505,-0.138262,0.644938,-0.128136
103,3.433333333333333,30.0,283,18,0.591075,True,0.277004,0.042705,-0.291821,0.317296,0.02156,-0.321383
103,3.433333333333333,30.0,283,19,0.725275,True,-0.09463,0.632316,-0.145494,-0.112475,0.609547,-0.143738
103,3.433333333333333,30.0,283,20,0.579271,True,0.258042,0.061447,-0.323645,0.296001,0.049604,-0.344234
103,3.433333333333333,30.0,283,21,0.702723,True,-0.095922,0.604761,-0.132592,-0.113331,0.589129,-0.128788
103,3.433333333333333,30.0,283,22,0.538585,True,0.248212,0.041169,-0.287341,0.290054,0.025524,-0.308532
103,3.433333333333333,30.0,283,23,0.999993,True,-0.063208,-0.000905,0.038339,-0.060346,0.001507,0.042053
103,3.433333333333333,30.0,283,24,0.999981,True,0.062895,0.006651,-0.03401,0.059789,0.004089,-0.036092
103,3.433333333333333,30.0,283,25,0.823636,True,-0.056182,-0.446163,-0.036339,-0.031745,-0.457994,-0.070283
103,3.433333333333333,30.0,283,26,0.713944,True,0.216268,-0.284267,-0.0261,0.250007,-0.306533,-0.03626
103,3.433333333333333,30.0,283,27,0.899394,True,-0.061632,-0.827854,-0.1108,-0.04173,-0.83885,-0.155616
103,3.433333333333333,30.0,283,28,0.578456,True,0.283587,-0.172014,0.03216,0.352793,-0.21867,0.03446
103,3.433333333333333,30.0,283,29,0.878094,True,-0.085191,-0.875563,-0.101576,-0.067966,-0.886134,-0.145644
103,3.433333333333333,30.0,283,30,0.686183,True,0.2908767080172532,-0.149145,0.00026,0.360767,-0.200575,0.003871
103,3.433333333333333,30.0,283,31,0.894528,True,-0.085522,-0.943961,-0.125968,-0.067302,-0.965129,-0.17752
103,3.433333333333333,30.0,283,32,0.652288,True,0.29591540487736806,-0.070615,0.024958,0.413531,-0.110057,0.044138
104,3.466666666666667,30.0,284,0,0.997168,True,0.154085,0.367829,-0.319867,0.14667,0.355683,-0.373571
104,3.466666666666667,30.0,284,1,0.996818,True,0.153407,0.343096,-0.350382,0.145118,0.326607,-0.413364
104,3.466666666666667,30.0,284,2,0.9961,True,0.153442,0.340912,-0.334067,0.144914,0.324723,-0.395176
104,3.466666666666667,30.0,284,3,0.997466,True,0.153475,0.341592,-0.339346,0.145232,0.324927,-0.398479
104,3.466666666666667,30.0,284,4,0.997955,True,0.177134,0.346458,-0.368497,0.172243,0.331425,-0.423264
104,3.466666666666667,30.0,284,5,0.9979,True,0.181043,0.346033,-0.382726,0.177083,0.33116,-0.43853
104,3.466666666666667,30.0,284,6,0.998762,True,0.188025,0.33476,-0.359244,0.18438,0.320371,-0.413522
104,3.466666666666667,30.0,284,7,0.998124,True,0.077052,0.325432,-0.353961,0.061564,0.307606,-0.424501
104,3.466666666666667,30.0,284,8,0.997245,True,0.171861,0.236241,-0.348234,0.179266,0.223226,-0.413562
104,3.466666666666667,30.0,284,9,0.997721,True,0.125422,0.36571,-0.297158,0.113689,0.359183,-0.349947
104,3.466666666666667,30.0,284,10,0.998032,True,0.159836,0.327844,-0.321288,0.155595,0.321103,-0.381032
104,3.466666666666667,30.0,284,11,0.999984,True,-0.105341,0.349405,-0.277698,-0.119834,0.337257,-0.334067
104,3.466666666666667,30.0,284,12,0.999861,True,0.17619,0.288645,-0.136558,0.184176,0.28241,-0.206716
104,3.466666666666667,30.0,284,13,0.63288,True,-0.233661,0.561111,-0.258518,-0.248152,0.543007,-0.307011
104,3.466666666666667,30.0,284,14,0.643516,True,0.360046,0.149181,-0.145471,0.367793,0.146445,-0.208266
104,3.466666666666667,30.0,284,15,0.745072,True,-0.174531,0.680331,-0.20873,-0.1831,0.646107,-0.256409
104,3.466666666666667,30.0,284,16,0.629679,True,0.377299,0.091901,-0.14438,0.374717,0.071726,-0.274719
104,3.466666666666667,30.0,284,17,0.740498,True,-0.171078,0.722206,-0.210373,-0.180515,0.67641,-0.252759
104,3.466666666666667,30.0,284,18,0.608683,True,0.405036,0.099295,-0.153233,0.405025,0.065558,-0.248178
104,3.466666666666667,30.0,284,19,0.747298,True,-0.147498,0.696293,-0.219848,-0.154012,0.643512,-0.269224
104,3.466666666666667,30.0,284,20,0.597734,True,0.386324,0.116573,-0.190794,0.38606,0.073702,-0.324219
104,3.466666666666667,30.0,284,21,0.724647,True,-0.143414,0.657339,-0.203111,-0.150826,0.618673,-0.253468
104,3.466666666666667,30.0,284,22,0.552764,True,0.364534,0.097992,-0.160637,0.362571,0.072944,-0.285211
104,3.466666666666667,30.0,284,23,0.999994,True,-0.074648,-0.002163,0.010328,-0.079809,-0.002959,0.015318
104,3.466666666666667,30.0,284,24,0.999983,True,0.074278,0.008194,-0.006425,0.079414,0.009062,-0.010685
104,3.466666666666667,30.0,284,25,0.84113,True,-0.040199,-0.455848,-0.060328,-0.031697,-0.454296,-0.064018
104,3.466666666666667,30.0,284,26,0.734078,True,0.266525,-0.252613,0.035014,0.254982,-0.241418,0.076126
104,3.466666666666667,30.0,284,27,0.90939,True,-0.01024,-0.831454,-0.109592,-0.017065,-0.835523,-0.11023
104,3.466666666666667,30.0,284,28,0.610173,True,0.42633,-0.121444,0.146603,0.42894,-0.135516,0.228159
104,3.466666666666667,30.0,284,29,0.890124,True,-0.029576,-0.875518,-0.095422,-0.037525,-0.881176,-0.105651
104,3.466666666666667,30.0,284,30,0.709917,True,0.439723,-0.094845,0.12166,0.445123,-0.111242,0.209584
104,3.466666666666667,30.0,284,31,0.904886,True,-0.056874,-0.938796,-0.122793,-0.049812,-0.954176,-0.130392
104,3.466666666666667,30.0,284,32,0.673135,True,0.47452,-0.01795,0.149795,0.507436,-0.056842,0.242846
105,3.5,30.0,285,0,0.997448,True,0.219657,0.413453,-0.300312,0.200009,0.430575,-0.355826
105,3.5,30.0,285,1,0.997135,True,0.228788,0.381472,-0.328209,0.210175,0.4021,-0.368739
105,3.5,30.0,285,2,0.996489,True,0.227891,0.380299,-0.313075,0.209155,0.400904,-0.360773
105,3.5,30.0,285,3,0.997718,True,0.227564,0.380533,-0.316925,0.209093,0.400596,-0.367681
105,3.5,30.0,285,4,0.998159,True,0.252359,0.386688,-0.344145,0.232087,0.40973,-0.417052
105,3.5,30.0,285,5,0.998109,True,0.255092,0.385183,-0.357712,0.234669,0.407731,-0.427596
105,3.5,30.0,285,6,0.998885,True,0.261337,0.372437,-0.334787,0.241337,0.394608,-0.406676
105,3.5,30.0,285,7,0.99831,True,0.148915,0.339087,-0.341778,0.135509,0.345953,-0.347348
105,3.5,30.0,285,8,0.99752,True,0.222894,0.264842,-0.316274,0.202506,0.279134,-0.385438
105,3.5,30.0,285,9,0.997942,True,0.183535,0.401369,-0.281338,0.165604,0.409596,-0.33402
105,3.5,30.0,285,10,0.998226,True,0.210156,0.36891,-0.297494,0.189543,0.380049,-0.345009
105,3.5,30.0,285,11,0.99998,True,-0.058488,0.362608,-0.283009,-0.096825,0.364142,-0.273342
105,3.5,30.0,285,12,0.999868,True,0.19873,0.321522,-0.082218,0.188084,0.336171,-0.111424
105,3.5,30.0,285,13,0.667789,True,-0.194203,0.578074,-0.28438,-0.199895,0.594772,-0.278756
105,3.5,30.0,285,14,0.670488,True,0.372358,0.209743,-0.025466,0.367832,0.242271,-0.025742
105,3.5,30.0,285,15,0.768941,True,-0.177311,0.723121,-0.236579,-0.176196,0.749726,-0.230951
105,3.5,30.0,285,16,0.65912,True,0.416111,0.170659,0.046827,0.427873,0.19217,0.076635
105,3.5,30.0,285,17,0.76465,True,-0.184816,0.771147,-0.241496,-0.18546,0.800121,-0.233977
105,3.5,30.0,285,18,0.639864,True,0.456152,0.181599,0.05002640359883906,0.471345,0.202786,0.068268
105,3.5,30.0,285,19,0.770663,True,-0.158295,0.756307,-0.245087,-0.167842,0.784555,-0.238889
105,3.5,30.0,285,20,0.63008,True,0.445001,0.198704,0.01478199765600002,0.467293,0.215093,0.041981
105,3.5,30.0,285,21,0.748818,True,-0.153178,0.70445,-0.23048,-0.15191,0.731432,-0.225574
105,3.5,30.0,285,22,0.585189,True,0.407506,0.179146,0.033026,0.422173,0.199692,0.061119
105,3.5,30.0,285,23,0.999994,True,-0.074302,-0.004194,-0.018975,-0.07617,-0.005276,-0.025646
105,3.5,30.0,285,24,0.999984,True,0.073992,0.010429,0.022369,0.076139,0.011362,0.028337
105,3.5,30.0,285,25,0.857,True,-0.021939,-0.460928,-0.078654,-0.02603,-0.452084,-0.069116
105,3.5,30.0,285,26,0.756309,True,0.28249,-0.210281,0.095692,0.266449,-0.193891,0.13811
105,3.5,30.0,285,27,0.918436,True,0.043955,-0.825369,-0.099674,0.049506,-0.834869,-0.090201
105,3.5,30.0,285,28,0.644862,True,0.491159,-0.063099,0.259659,0.469697,-0.035849,0.317701
105,3.5,30.0,285,29,0.901058,True,0.029479,-0.864537,-0.081692,0.0361,-0.876468,-0.069052
105,3.5,30.0,285,30,0.736928,True,0.509831,-0.032831,0.241825,0.487129,-0.0051,0.301056
105,3.5,30.0,285,31,0.914347,True,-0.025291,-0.914279,-0.113958,-0.033149,-0.934415,-0.094681
105,3.5,30.0,285,32,0.701326,True,0.569347,0.039821,0.27419,0.532408,0.064674,0.332403
106,3.533333333333333,30.0,286,0,0.997652,True,0.255664,0.467286,-0.25858,0.263742,0.476293,-0.208067
106,3.533333333333333,30.0,286,1,0.997404,True,0.273247,0.427961,-0.282328,0.284691,0.435358,-0.233257
106,3.533333333333333,30.0,286,2,0.996816,True,0.271495,0.428293,-0.268184,0.283007,0.435855,-0.217773
106,3.533333333333333,30.0,286,3,0.997926,True,0.270615,0.428156,-0.270457,0.282011,0.435449,-0.21911
106,3.533333333333333,30.0,286,4,0.998336,True,0.295553,0.435977,-0.29229,0.304893,0.442236,-0.235014
106,3.533333333333333,30.0,286,5,0.998292,True,0.297057,0.433395,-0.30504,0.305822,0.439346,-0.248546
106,3.533333333333333,30.0,286,6,0.998993,True,0.302068,0.419025,-0.282942,0.31106,0.424886,-0.225933
106,3.533333333333333,30.0,286,7,0.998469,True,0.200596,0.362468,-0.305805,0.213265,0.369083,-0.266851
106,3.533333333333333,30.0,286,8,0.997763,True,0.247691,0.304944,-0.251508,0.24753,0.307362,-0.194057
106,3.533333333333333,30.0,286,9,0.998097,True,0.218546,0.446366,-0.244007,0.227211,0.457015,-0.195927
106,3.533333333333333,30.0,286,10,0.998376,True,0.235364,0.418422,-0.252769,0.238971,0.42774,-0.202477
106,3.533333333333333,30.0,286,11,0.999976,True,-4.7e-05,0.38095,-0.264348,0.009516,0.38516,-0.231503
106,3.533333333333333,30.0,286,12,0.999838,True,0.194505,0.362655,-0.017814,0.189216,0.370024,0.031624
106,3.533333333333333,30.0,286,13,0.700027,True,-0.115996,0.591843,-0.287307,-0.143098,0.582136,-0.250525
106,3.533333333333333,30.0,286,14,0.619245,True,0.329728,0.281987,0.091582,0.336688,0.275945,0.139751
106,3.533333333333333,30.0,286,15,0.791288,True,-0.135139,0.747864,-0.237842,-0.13325,0.735769,-0.206082
106,3.533333333333333,30.0,286,16,0.632493,True,0.388675,0.266153,0.240112,0.420119,0.276196,0.292722
106,3.533333333333333,30.0,286,17,0.787237,True,-0.149198,0.800028,-0.242662,-0.146501,0.790937,-0.215156
106,3.533333333333333,30.0,286,18,0.622515,True,0.438675,0.280896,0.268994521327675,0.474567,0.304331,0.288948
106,3.533333333333333,30.0,286,19,0.792522,True,-0.121572,0.796198,-0.242235,-0.138215,0.792695,-0.209483
106,3.533333333333333,30.0,286,20,0.613254,True,0.441764,0.299718,0.2426335470083952,0.477518,0.326471,0.273638
106,3.533333333333333,30.0,286,21,0.77153,True,-0.1194,0.733847,-0.23344,-0.115417,0.723391,-0.200791
106,3.533333333333333,30.0,286,22,0.564221,True,0.386483,0.277423,0.229629,0.418658,0.291221,0.281278
106,3.533333333333333,30.0,286,23,0.999994,True,-0.062472,-0.006361,-0.044605,-0.066087,-0.006256,-0.052677
106,3.533333333333333,30.0,286,24,0.999983,True,0.062282,0.012705,0.047598,0.065842,0.012518,0.055095
106,3.533333333333333,30.0,286,25,0.871273,True,-0.002962,-0.45914,-0.093822,-0.018517,-0.447845,-0.086092
106,3.533333333333333,30.0,286,26,0.757247,True,0.263598,-0.16829,0.151571,0.268637,-0.187295,0.126313
106,3.533333333333333,30.0,286,27,0.926542,True,0.091776,-0.812403,-0.096802,0.091252,-0.811335,-0.072822
106,3.533333333333333,30.0,286,28,0.65734,True,0.474528,-0.021298,0.363731,0.491687,-0.002306,0.323153
106,3.533333333333333,30.0,286,29,0.910722,True,0.081837,-0.846377,-0.077952,0.082269,-0.844678,-0.046566
106,3.533333333333333,30.0,286,30,0.754217,True,0.495745,0.009664,0.351757,0.510451,0.032395,0.309204
106,3.533333333333333,30.0,286,31,0.922771,True,0.005749,-0.878761,-0.116041,-0.003474,-0.875473,-0.076997
106,3.533333333333333,30.0,286,32,0.714704,True,0.562915,0.075054,0.388863,0.570072,0.097068,0.335609
107,3.566666666666667,30.0,287,0,0.997797,True,0.264775,0.513079,-0.225201,0.272407,0.516366,-0.191599
107,3.566666666666667,30.0,287,1,0.99762,True,0.287498,0.469031,-0.245512,0.291147,0.474786,-0.215228
107,3.566666666666667,30.0,287,2,0.997082,True,0.285164,0.471017,-0.231855,0.28963,0.475995,-0.200311
107,3.566666666666667,30.0,287,3,0.99809,True,0.283742,0.470684,-0.232817,0.288195,0.475966,-0.199971
107,3.566666666666667,30.0,287,4,0.998482,True,0.307933,0.480457,-0.247463,0.313024,0.48318,-0.211561
107,3.566666666666667,30.0,287,5,0.998444,True,0.308647,0.477164,-0.259752,0.313073,0.479915,-0.223708
107,3.566666666666667,30.0,287,6,0.999082,True,0.312186,0.461404,-0.238215,0.316517,0.46484,-0.201521
107,3.566666666666667,30.0,287,7,0.998598,True,0.227255,0.388343,-0.275677,0.235877,0.39789,-0.249161
107,3.566666666666667,30.0,287,8,0.997972,True,0.252228,0.348153,-0.192031,0.253627,0.351518,-0.158929
107,3.566666666666667,30.0,287,9,0.998148,True,0.23102,0.486195,-0.21419,0.243661,0.492944,-0.177957
107,3.566666666666667,30.0,287,10,0.998457,True,0.239664,0.46151,-0.218092,0.249358,0.466021,-0.184364
107,3.566666666666667,30.0,287,11,0.999965,True,0.055427,0.395028,-0.24617,0.072104,0.406697,-0.213802
107,3.566666666666667,30.0,287,12,0.99973,True,0.173144,0.403638,0.022918,0.181067,0.402037,0.06439
107,3.566666666666667,30.0,287,13,0.722744,True,-0.025435,0.593886,-0.282876,-0.029337,0.609377,-0.225773
107,3.566666666666667,30.0,287,14,0.557826,True,0.256944,0.356468,0.161349,0.254611,0.335244,0.191673
107,3.566666666666667,30.0,287,15,0.801032,True,-0.055636,0.74575,-0.235143,-0.060519,0.767505,-0.159753
107,3.566666666666667,30.0,287,16,0.569753,True,0.322937,0.368433,0.362083,0.300686,0.354251,0.388462
107,3.566666666666667,30.0,287,17,0.797111,True,-0.070946,0.797839,-0.237963,-0.080998,0.830525,-0.160964
107,3.566666666666667,30.0,287,18,0.561183,True,0.379832,0.386009,0.373105,0.351246,0.38482,0.395246
107,3.566666666666667,30.0,287,19,0.80044,True,-0.052934,0.802224,-0.236745,-0.07857,0.831995,-0.16024
107,3.566666666666667,30.0,287,20,0.552821,True,0.400591,0.40781,0.359825,0.357857,0.408196,0.385717
107,3.566666666666667,30.0,287,21,0.770909,True,-0.047327,0.73526,-0.234346,-0.055347,0.755587,-0.156687
107,3.566666666666667,30.0,287,22,0.508656,True,0.328216,0.382157,0.354754,0.29932,0.371223,0.379951
107,3.566666666666667,30.0,287,23,0.999993,True,-0.043035,-0.007792,-0.061956,-0.044934,-0.006604,-0.054727
107,3.566666666666667,30.0,287,24,0.999981,True,0.043038,0.014106,0.064783,0.046044,0.012919,0.057138
107,3.566666666666667,30.0,287,25,0.884052,True,0.01119,-0.445559,-0.106092,-0.017391,-0.435403,-0.098619
107,3.566666666666667,30.0,287,26,0.721099,True,0.21297,-0.138846,0.197499,0.226904,-0.161622,0.102054
107,3.566666666666667,30.0,287,27,0.933713,True,0.122128,-0.798191,-0.106682,0.1046,-0.780935,-0.068267
107,3.566666666666667,30.0,287,28,0.625424,True,0.392075,-0.010631,0.452735,0.400726,0.009364,0.308452
107,3.566666666666667,30.0,287,29,0.918642,True,0.11542,-0.827944,-0.090322,0.09774,-0.80874,-0.048926
107,3.566666666666667,30.0,287,30,0.742393,True,0.412862,0.016499,0.444677,0.41506,0.043381,0.297006
107,3.566666666666667,30.0,287,31,0.930028,True,0.02834,-0.846145,-0.131612,0.009757,-0.802526,-0.086733
107,3.566666666666667,30.0,287,32,0.691484,True,0.473882,0.071438,0.485563,0.470629,0.1117,0.332777
108,3.6,30.0,288,0,0.998016,True,0.249122,0.54075,-0.223328,0.24097,0.538849,-0.162905
108,3.6,30.0,288,1,0.997857,True,0.272262,0.496452,-0.241969,0.262688,0.488443,-0.181427
108,3.6,30.0,288,2,0.997373,True,0.269805,0.499804,-0.228515,0.259869,0.49181,-0.166624
108,3.6,30.0,288,3,0.99828,True,0.268054,0.499412,-0.228721,0.257472,0.492035,-0.167576
108,3.6,30.0,288,4,0.998634,True,0.290548,0.511079,-0.237831,0.283966,0.502429,-0.176789
108,3.6,30.0,288,5,0.9986,True,0.291153,0.507575,-0.250212,0.284475,0.498397,-0.190494
108,3.6,30.0,288,6,0.999173,True,0.293364,0.491055,-0.228535,0.286485,0.482218,-0.168476
108,3.6,30.0,288,7,0.998738,True,0.225802,0.41106,-0.271225,0.211278,0.399376,-0.227364
108,3.6,30.0,288,8,0.998175,True,0.239005,0.386115,-0.171625,0.230542,0.366605,-0.130326
108,3.6,30.0,288,9,0.998331,True,0.221805,0.511702,-0.213558,0.210894,0.506418,-0.157847
108,3.6,30.0,288,10,0.998611,True,0.225741,0.488763,-0.216815,0.217807,0.48426,-0.165145
108,3.6,30.0,288,11,0.999968,True,0.093173,0.399388,-0.241603,0.092001,0.404317,-0.212849
108,3.6,30.0,288,12,0.999754,True,0.144368,0.437584,0.017857,0.15056,0.415438,0.039772
108,3.6,30.0,288,13,0.750403,True,0.046549,0.582487,-0.275672,0.054135,0.597583,-0.301249
108,3.6,30.0,288,14,0.505371,True,0.182011,0.423523,0.15866,0.225391,0.406455,0.185872
108,3.6,30.0,288,15,0.820843,True,0.044831,0.72029,-0.238268,0.015298,0.77185,-0.324016
108,3.6,30.0,288,16,0.519242,True,0.249016,0.465486,0.367495,0.252711,0.44046,0.46369
108,3.6,30.0,288,17,0.817294,True,0.032118,0.768301,-0.238662,0.002373,0.829054,-0.332853
108,3.6,30.0,288,18,0.513643,True,0.309115,0.486137,0.374962,0.305771,0.45239,0.488822
108,3.6,30.0,288,19,0.820294,True,0.018857,0.776826,-0.240436,-0.001102,0.849858,-0.330083
108,3.6,30.0,288,20,0.505784,True,0.345601,0.510854,0.370487,0.329628,0.479335,0.48552
108,3.6,30.0,288,21,0.793607,True,0.048243,0.711417,-0.24233,0.014481,0.771353,-0.327543
108,3.6,30.0,288,22,0.465636,True,0.260667,0.48092,0.362252,0.257522,0.454364,0.462763
108,3.6,30.0,288,23,0.999994,True,-0.021809,-0.007831,-0.067718,-0.02561,-0.006938,-0.062888
108,3.6,30.0,288,24,0.999983,True,0.022169,0.013931,0.070583,0.024863,0.0134,0.06636
108,3.6,30.0,288,25,0.895642,True,0.011453,-0.416401,-0.110916,0.01554,-0.434271,-0.095482
108,3.6,30.0,288,26,0.67731,True,0.136149,-0.129473,0.222138,0.146841,-0.081216,0.23551
108,3.6,30.0,288,27,0.940326,True,0.124856,-0.787883,-0.11784,0.126986,-0.787812,-0.093433
108,3.6,30.0,288,28,0.601655,True,0.269468,-0.024225,0.511926,0.300836,0.036162,0.543875
108,3.6,30.0,288,29,0.926715,True,0.119502,-0.815389,-0.105693,0.123338,-0.812845,-0.081257
108,3.6,30.0,288,30,0.746353,True,0.286772,-0.004025,0.505676,0.333964,0.061562,0.539781
108,3.6,30.0,288,31,0.937,True,0.031444,-0.827796,-0.143796,0.034344,-0.828962,-0.128983
108,3.6,30.0,288,32,0.691411,True,0.334511,0.039471,0.547015,0.403139,0.128558,0.594941
109,3.6333333333333333,30.0,289,0,0.99818,True,0.210373,0.549091,-0.25374,0.204545,0.565905,-0.246346
109,3.6333333333333333,30.0,289,1,0.998044,True,0.228816,0.509321,-0.272098,0.225696,0.528261,-0.260762
109,3.6333333333333333,30.0,289,2,0.997606,True,0.226748,0.513346,-0.258895,0.222863,0.533561,-0.248811
109,3.6333333333333333,30.0,289,3,0.998432,True,0.224963,0.512942,-0.258959,0.221358,0.532725,-0.248119
109,3.6333333333333333,30.0,289,4,0.998751,True,0.244539,0.525646,-0.267072,0.23638,0.545521,-0.247697
109,3.6333333333333333,30.0,289,5,0.99872,True,0.245589,0.522351,-0.279949,0.237448,0.542603,-0.258217
109,3.6333333333333333,30.0,289,6,0.999242,True,0.246924,0.505889,-0.257392,0.237759,0.523854,-0.238696
109,3.6333333333333333,30.0,289,7,0.998851,True,0.197196,0.429043,-0.289753,0.207147,0.449277,-0.274381
109,3.6333333333333333,30.0,289,8,0.998326,True,0.205669,0.412536,-0.19843,0.186693,0.431731,-0.142218
109,3.6333333333333333,30.0,289,9,0.998443,True,0.192836,0.521438,-0.24217,0.193228,0.53429,-0.238754
109,3.6333333333333333,30.0,289,10,0.998693,True,0.194582,0.498484,-0.249657,0.187164,0.512968,-0.235162
109,3.6333333333333333,30.0,289,11,0.999969,True,0.107883,0.395705,-0.245271,0.143966,0.40357,-0.254561
109,3.6333333333333333,30.0,289,12,0.999731,True,0.113128,0.459906,-0.029197,0.096843,0.473961,0.013235
109,3.6333333333333333,30.0,289,13,0.772232,True,0.082084,0.566814,-0.258539,0.156859,0.583384,-0.259213
109,3.6333333333333333,30.0,289,14,0.460968,True,0.120465,0.473951,0.090025,0.02521,0.533375,0.101365
109,3.6333333333333333,30.0,289,15,0.820134,True,0.145591,0.690892,-0.239797,0.173675,0.667605,-0.158843
109,3.6333333333333333,30.0,289,16,0.469324,True,0.179689,0.543702,0.261699,0.097125,0.608951,0.256642
109,3.6333333333333333,30.0,289,17,0.810082,True,0.136718,0.733489,-0.238418,0.172035,0.687494,-0.14061
109,3.6333333333333333,30.0,289,18,0.464466,True,0.238225,0.569827,0.260634,0.164531,0.628058,0.256657
109,3.6333333333333333,30.0,289,19,0.812542,True,0.069596,0.74288,-0.246077,0.168938,0.686698,-0.152276
109,3.6333333333333333,30.0,289,20,0.457422,True,0.283344,0.596236,0.259903,0.2408,0.651698,0.25177
109,3.6333333333333333,30.0,289,21,0.781369,True,0.14681,0.681978,-0.248932,0.175717,0.652127,-0.172005
109,3.6333333333333333,30.0,289,22,0.421359,True,0.194384,0.559996,0.256919,0.124495,0.62278,0.249505
109,3.6333333333333333,30.0,289,23,0.99999,True,-0.003195,-0.006639,-0.060455,0.014856,-0.008202,-0.064365
109,3.6333333333333333,30.0,289,24,0.999967,True,0.00413,0.01235,0.063434,-0.014259,0.014075,0.067486
109,3.6333333333333333,30.0,289,25,0.905584,True,-0.007456,-0.376598,-0.101278,0.049215,-0.420611,-0.126568
109,3.6333333333333333,30.0,289,26,0.611932,True,0.040017,-0.136668,0.211514,0.019648,-0.130306,0.301013
109,3.6333333333333333,30.0,289,27,0.945942,True,0.095998,-0.783835,-0.108808,0.119527,-0.789389,-0.170832
109,3.6333333333333333,30.0,289,28,0.545774,True,0.130283,-0.036524,0.520137,0.065799,-0.094406,0.627432
109,3.6333333333333333,30.0,289,29,0.93267,True,0.090029,-0.811287,-0.09981,0.112404,-0.818207,-0.169904
109,3.6333333333333333,30.0,289,30,0.690537,True,0.141522,-0.02238,0.513767,0.070579,-0.089605,0.623311
109,3.6333333333333333,30.0,289,31,0.942933,True,0.007787,-0.826971,-0.128505,0.035724,-0.839355,-0.235737
109,3.6333333333333333,30.0,289,32,0.636195,True,0.174665,0.014061,0.550323,0.083318,-0.079403,0.663578
110,3.6666666666666665,30.0,290,0,0.998351,True,0.151295,0.544008,-0.297866,0.176274,0.5344,-0.439752
110,3.6666666666666665,30.0,290,1,0.99823,True,0.161091,0.511865,-0.316023,0.19769,0.500206,-0.453705
110,3.6666666666666665,30.0,290,2,0.997833,True,0.159748,0.515622,-0.303184,0.194249,0.503455,-0.439269
110,3.6666666666666665,30.0,290,3,0.998578,True,0.158155,0.515206,-0.303561,0.192558,0.502841,-0.440298
110,3.6666666666666665,30.0,290,4,0.99887,True,0.173356,0.527248,-0.315692,0.202836,0.518381,-0.453085
110,3.6666666666666665,30.0,290,5,0.998843,True,0.175068,0.524396,-0.328984,0.204902,0.516433,-0.468179
110,3.6666666666666665,30.0,290,6,0.999314,True,0.176052,0.508648,-0.305367,0.20621,0.500009,-0.443827
110,3.6666666666666665,30.0,290,7,0.998959,True,0.147805,0.443738,-0.311559,0.186875,0.434424,-0.418272
110,3.6666666666666665,30.0,290,8,0.998484,True,0.149299,0.424329,-0.253371,0.180135,0.434984,-0.369037
110,3.6666666666666665,30.0,290,9,0.998559,True,0.147879,0.520059,-0.281836,0.167592,0.513409,-0.411167
110,3.6666666666666665,30.0,290,10,0.998795,True,0.147316,0.495292,-0.297721,0.166172,0.487213,-0.430911
110,3.6666666666666665,30.0,290,11,0.999956,True,0.107212,0.391046,-0.241694,0.159796,0.387354,-0.335273
110,3.6666666666666665,30.0,290,12,0.999667,True,0.078315,0.469115,-0.093337,0.007827,0.492086,-0.1963
110,3.6666666666666665,30.0,290,13,0.789361,True,0.087533,0.562369,-0.223297,0.221166,0.577534,-0.349719
110,3.6666666666666665,30.0,290,14,0.434618,False,0.067027,0.50149,-0.011951,-0.085398,0.45185,-0.304563
110,3.6666666666666665,30.0,290,15,0.812681,True,0.227107,0.682945,-0.223411,0.2602,0.704931,-0.305413
110,3.6666666666666665,30.0,290,16,0.428222,False,0.102965,0.590479,0.094542,-0.035072,0.466857,-0.405298
110,3.6666666666666665,30.0,290,17,0.798931,True,0.220932,0.721716,-0.220998,0.254282,0.741084,-0.309182
110,3.6666666666666665,30.0,290,18,0.424717,False,0.154024,0.623723,0.082266,0.011684,0.472394,-0.455703
110,3.6666666666666665,30.0,290,19,0.800464,True,0.094463,0.73087,-0.235337,0.24906,0.75415,-0.322634
110,3.6666666666666665,30.0,290,20,0.418586,False,0.198849,0.649998,0.080671,0.083257,0.499965,-0.456223
110,3.6666666666666665,30.0,290,21,0.765814,True,0.227777,0.673285,-0.236596,0.264112,0.694903,-0.316197
110,3.6666666666666665,30.0,290,22,0.384749,False,0.116477,0.60659,0.088561,-0.00579,0.475399,-0.416339
110,3.6666666666666665,30.0,290,23,0.999986,True,0.012243,-0.005477,-0.041206,0.045223,-0.020965,-0.058299
110,3.6666666666666665,30.0,290,24,0.99995,True,-0.010628,0.010695,0.044308,-0.044641,0.025564,0.062195
110,3.6666666666666665,30.0,290,25,0.914472,True,-0.039375,-0.342548,-0.07369,0.06152,-0.416031,-0.112389
110,3.6666666666666665,30.0,290,26,0.558351,True,-0.067761,-0.145161,0.160958,-0.108717,-0.056798,0.226829
110,3.6666666666666665,30.0,290,27,0.95063,True,0.042293,-0.785622,-0.065067,0.127867,-0.788691,-0.165934
110,3.6666666666666665,30.0,290,28,0.50039,True,-0.012445,-0.020358,0.466759,-0.11762,-0.085682,0.535436
110,3.6666666666666665,30.0,290,29,0.93362,True,0.033918,-0.81461,-0.056113,0.116992,-0.818663,-0.165007
110,3.6666666666666665,30.0,290,30,0.634738,True,-0.008635,-0.007361,0.458903,-0.115881,-0.081332,0.528832
110,3.6666666666666665,30.0,290,31,0.947386,True,-0.038051,-0.839207,-0.074735,0.055164,-0.845301,-0.179466
110,3.6666666666666665,30.0,290,32,0.588665,True,0.011626,0.032383,0.485671,-0.10251,-0.054329,0.553865
111,3.7,30.0,291,0,0.998359,True,0.077108,0.534345,-0.332698,0.056461,0.521902,-0.249674
111,3.7,30.0,291,1,0.998318,True,0.076959,0.509578,-0.349356,0.047531,0.490323,-0.28306
111,3.7,30.0,291,2,0.997929,True,0.076333,0.512151,-0.336809,0.050782,0.493259,-0.271951
111,3.7,30.0,291,3,0.998649,True,0.075008,0.511717,-0.337707,0.04966,0.493054,-0.27293
111,3.7,30.0,291,4,0.998922,True,0.084672,0.521316,-0.357001,0.074985,0.506884,-0.296111
111,3.7,30.0,291,5,0.998886,True,0.086987,0.518972,-0.369869,0.07828,0.503531,-0.306388
111,3.7,30.0,291,6,0.999334,True,0.087985,0.50414,-0.346103,0.080059,0.4914,-0.282401
111,3.7,30.0,291,7,0.998955,True,0.087755,0.456554,-0.316363,0.032633,0.427879,-0.293795
111,3.7,30.0,291,8,0.998476,True,0.07279,0.422156,-0.306038,0.114715,0.407079,-0.296019
111,3.7,30.0,291,9,0.998521,True,0.092151,0.514729,-0.310897,0.060969,0.505501,-0.242908
111,3.7,30.0,291,10,0.998704,True,0.08721,0.486813,-0.337482,0.080709,0.482271,-0.267919
111,3.7,30.0,291,11,0.999702,True,0.104637,0.392433,-0.219456,-0.046592,0.35639,-0.175839
111,3.7,30.0,291,12,0.999626,True,0.036703,0.46762,-0.146718,0.161058,0.458143,-0.152169
111,3.7,30.0,291,13,0.714455,True,0.085707,0.579171,-0.170656,-0.157462,0.445964,-0.050658
111,3.7,30.0,291,14,0.411662,True,0.004901,0.50661,-0.107233,0.262264,0.556222,-0.163083
111,3.7,30.0,291,15,0.732303,False,0.27492,0.709087,-0.176981,-0.147845,0.525372,0.152632
111,3.7,30.0,291,16,0.388297,True,-0.001947,0.60104,-0.067793,0.286886,0.759827,-0.140304
111,3.7,30.0,291,17,0.720204,False,0.268925,0.746554,-0.173167,-0.166089,0.567075,0.196435
111,3.7,30.0,291,18,0.385188,True,0.035916,0.636918,-0.090324,0.335055,0.819142,-0.169166
111,3.7,30.0,291,19,0.721567,False,0.105442,0.756286,-0.192672,-0.145215,0.566996,0.179976
111,3.7,30.0,291,20,0.379088,True,0.074023,0.661029,-0.095343,0.333449,0.840806,-0.169633
111,3.7,30.0,291,21,0.690245,False,0.275225,0.698852,-0.192135,-0.137243,0.513665,0.157782
111,3.7,30.0,291,22,0.348183,True,0.00723,0.615615,-0.076055,0.276534,0.786369,-0.145822
111,3.7,30.0,291,23,0.99998,True,0.026745,-0.006055,-0.013745,-0.039185,0.015813,-0.004718
111,3.7,30.0,291,24,0.999954,True,-0.024593,0.010787,0.017044,0.043542,-0.010921,0.007509
111,3.7,30.0,291,25,0.872034,True,-0.068154,-0.333302,-0.032383,-0.26179,-0.130909,-0.010379
111,3.7,30.0,291,26,0.599396,True,-0.177837,-0.137325,0.0837,-0.087965,-0.332451,-0.005241
111,3.7,30.0,291,27,0.908175,False,-0.020073,-0.791515,0.008647,-0.146277,0.214482,0.073916
111,3.7,30.0,291,28,0.548987,False,-0.154333,0.033689,0.366657,0.003002,-0.735197,0.04673
111,3.7,30.0,291,29,0.902998,False,-0.032356,-0.822646,0.020674,-0.157173,0.261702,0.096001
111,3.7,30.0,291,30,0.664363,False,-0.157695,0.051843,0.356847,-0.000587,-0.768738,0.020726
111,3.7,30.0,291,31,0.895845,False,-0.088897,-0.856881,0.005823,-0.189683,0.360421,0.147428
111,3.7,30.0,291,32,0.619628,False,-0.147963,0.107365,0.371619,0.019684,-0.774507,-0.009213
112,3.7333333333333334,30.0,292,0,0.998448,True,-0.00382,0.52749,-0.344354,0.007595,0.531298,-0.356338
112,3.7333333333333334,30.0,292,1,0.998357,True,-0.012156,0.506383,-0.357556,-0.007313,0.52159,-0.354543
112,3.7333333333333334,30.0,292,2,0.997957,True,-0.012369,0.507172,-0.345095,-0.008133,0.521949,-0.344328
112,3.7333333333333334,30.0,292,3,0.998661,True,-0.013471,0.506729,-0.346528,-0.008907,0.521497,-0.346614
112,3.7333333333333334,30.0,292,4,0.998966,True,-0.009438,0.513168,-0.373434,-0.011231,0.52389,-0.382972
112,3.7333333333333334,30.0,292,5,0.998935,True,-0.006611,0.511275,-0.384382,-0.008458,0.522253,-0.394154
112,3.7333333333333334,30.0,292,6,0.99936,True,-0.005512,0.497123,-0.362414,-0.007665,0.508013,-0.372719
112,3.7333333333333334,30.0,292,7,0.998946,True,0.027249,0.466746,-0.296873,0.029292,0.488396,-0.295646
112,3.7333333333333334,30.0,292,8,0.998483,True,-0.011987,0.410116,-0.333912,-0.044915,0.414578,-0.339077
112,3.7333333333333334,30.0,292,9,0.998482,True,0.03175,0.511454,-0.317268,0.046742,0.514453,-0.319116
112,3.7333333333333334,30.0,292,10,0.998664,True,0.020845,0.479962,-0.354502,0.02741,0.479516,-0.366638
112,3.7333333333333334,30.0,292,11,0.99972,True,0.107443,0.40177,-0.179274,0.139903,0.411379,-0.178598
112,3.7333333333333334,30.0,292,12,0.999574,True,-0.010238,0.460938,-0.175075,-0.030271,0.452846,-0.174579
112,3.7333333333333334,30.0,292,13,0.70793,False,0.093898,0.612135,-0.110733,0.243248,0.645243,-0.10811
112,3.7333333333333334,30.0,292,14,0.440221,False,-0.071848,0.49785,-0.168231,-0.177319,0.490413,-0.179718
112,3.7333333333333334,30.0,292,15,0.720292,False,0.280604,0.757304,-0.1019,0.292274,0.817513,-0.062033
112,3.7333333333333334,30.0,292,16,0.398621,False,-0.135196,0.584481,-0.175158,-0.3162,0.576378,-0.187241
112,3.7333333333333334,30.0,292,17,0.705506,False,0.271934,0.794749,-0.094805,0.281818,0.862638,-0.053656
112,3.7333333333333334,30.0,292,18,0.385463,False,-0.113565,0.609454,-0.204059,-0.31705,0.599372,-0.22016
112,3.7333333333333334,30.0,292,19,0.709629,False,0.112951,0.806166,-0.116505,0.266082,0.878729,-0.079679
112,3.7333333333333334,30.0,292,20,0.378459,False,-0.084153,0.629318,-0.21254,-0.288655,0.620824,-0.229072
112,3.7333333333333334,30.0,292,21,0.68113,False,0.279797,0.74687,-0.116432,0.28893,0.809157,-0.079755
112,3.7333333333333334,30.0,292,22,0.34807,False,-0.131347,0.596279,-0.185709,-0.31257,0.589861,-0.198814
112,3.7333333333333334,30.0,292,23,0.999979,True,0.041571,-0.009097,0.016285,0.051618,-0.008561,0.022014
112,3.7333333333333334,30.0,292,24,0.999949,True,-0.039235,0.013487,-0.012604,-0.04941,0.013318,-0.019373
112,3.7333333333333334,30.0,292,25,0.881925,True,-0.07878,-0.355108,0.012331,-0.056029,-0.384819,0.038923
112,3.7333333333333334,30.0,292,26,0.623808,True,-0.276967,-0.108078,0.005659,-0.315116,-0.07727,-0.01216
112,3.7333333333333334,30.0,292,27,0.914961,False,-0.072923,-0.799546,0.091102,-0.06578,-0.731521,0.146723
112,3.7333333333333334,30.0,292,28,0.55165,False,-0.288561,0.110034,0.254803,-0.404061,0.127826,0.149162
112,3.7333333333333334,30.0,292,29,0.901041,False,-0.090106,-0.83262,0.107668,-0.07937,-0.762589,0.165326
112,3.7333333333333334,30.0,292,30,0.650479,False,-0.297563,0.137535,0.243338,-0.414435,0.162188,0.133071
112,3.7333333333333334,30.0,292,31,0.900413,False,-0.1244,-0.873526,0.088291,-0.167723,-0.801993,0.13446
112,3.7333333333333334,30.0,292,32,0.614709,False,-0.296097,0.217202,0.247666,-0.403691,0.270853,0.134204
113,3.7666666666666666,30.0,293,0,0.998494,True,-0.080223,0.526263,-0.332012,-0.076024,0.525171,-0.328657
113,3.7666666666666666,30.0,293,1,0.998329,True,-0.093192,0.503698,-0.340415,-0.088314,0.510867,-0.346806
113,3.7666666666666666,30.0,293,2,0.997877,True,-0.093339,0.502593,-0.327916,-0.088958,0.510722,-0.331749
113,3.7666666666666666,30.0,293,3,0.998603,True,-0.094293,0.502162,-0.329786,-0.089933,0.510259,-0.331817
113,3.7666666666666666,30.0,293,4,0.998986,True,-0.09451,0.506362,-0.362698,-0.095496,0.513246,-0.354726
113,3.7666666666666666,30.0,293,5,0.998964,True,-0.091124,0.50476,-0.370528,-0.092913,0.511446,-0.366744
113,3.7666666666666666,30.0,293,6,0.999377,True,-0.090074,0.490952,-0.352195,-0.092245,0.497568,-0.344704
113,3.7666666666666666,30.0,293,7,0.998911,True,-0.026444,0.471769,-0.260953,-0.010738,0.479996,-0.237628
113,3.7666666666666666,30.0,293,8,0.998508,True,-0.087325,0.393948,-0.332122,-0.106693,0.402455,-0.313645
113,3.7666666666666666,30.0,293,9,0.998483,True,-0.026267,0.512457,-0.301717,-0.016177,0.511762,-0.301379
113,3.7666666666666666,30.0,293,10,0.998679,True,-0.042224,0.477817,-0.347439,-0.044627,0.473977,-0.337156
113,3.7666666666666666,30.0,293,11,0.999737,True,0.110573,0.414872,-0.131813,0.140552,0.426984,-0.105376
113,3.7666666666666666,30.0,293,12,0.999583,True,-0.05237,0.454366,-0.181463,-0.073284,0.447743,-0.145637
113,3.7666666666666666,30.0,293,13,0.691471,True,0.108048,0.64354,-0.056339,0.216117,0.696392,-0.070006
113,3.7666666666666666,30.0,293,14,0.486802,True,-0.142853,0.487251,-0.190335,-0.246186,0.474698,-0.143344
113,3.7666666666666666,30.0,293,15,0.711787,True,0.241874,0.798993,-0.014909,0.249,0.886748,-0.0494
113,3.7666666666666666,30.0,293,16,0.441158,True,-0.260759,0.560033,-0.213441,-0.380361,0.52484,-0.15263
113,3.7666666666666666,30.0,293,17,0.701701,True,0.228017,0.836057,-0.002224,0.235547,0.927925,-0.044056
113,3.7666666666666666,30.0,293,18,0.422313,True,-0.253887,0.555998,-0.244629,-0.379319,0.534776,-0.185293
113,3.7666666666666666,30.0,293,19,0.707914,True,0.110867,0.848766,-0.023094,0.218917,0.941116,-0.063697
113,3.7666666666666666,30.0,293,20,0.413339,True,-0.232481,0.569728,-0.254505,-0.345666,0.551882,-0.194941
113,3.7666666666666666,30.0,293,21,0.679815,True,0.239238,0.78822,-0.026481,0.245123,0.876412,-0.061109
113,3.7666666666666666,30.0,293,22,0.381773,True,-0.261675,0.568708,-0.225188,-0.374527,0.533285,-0.16404
113,3.7666666666666666,30.0,293,23,0.99998,True,0.053967,-0.013271,0.043355,0.066618,-0.016776,0.046604
113,3.7666666666666666,30.0,293,24,0.999951,True,-0.051803,0.017588,-0.039111,-0.064761,0.021145,-0.042489
113,3.7666666666666666,30.0,293,25,0.893179,True,-0.068611,-0.393046,0.049991,-0.035374,-0.424837,0.051583
113,3.7666666666666666,30.0,293,26,0.660174,True,-0.346662,-0.072861,-0.050763,-0.347715,-0.046023,-0.072493
113,3.7666666666666666,30.0,293,27,0.923128,True,-0.104647,-0.807449,0.158961,-0.071644,-0.799239,0.164047
113,3.7666666666666666,30.0,293,28,0.590177,True,-0.396301,0.178643,0.162954,-0.470624,0.231978,0.126698
113,3.7666666666666666,30.0,293,29,0.909219,True,-0.126842,-0.841927,0.179627,-0.093943,-0.833747,0.1842
113,3.7666666666666666,30.0,293,30,0.676033,True,-0.409029,0.21568,0.150163,-0.48435,0.275761,0.114921
113,3.7666666666666666,30.0,293,31,0.909308,True,-0.133659,-0.885291,0.152996,-0.111309,-0.882019,0.137724
113,3.7666666666666666,30.0,293,32,0.644534,True,-0.412652,0.319624,0.147876,-0.487027,0.38598,0.109128
114,3.8,30.0,294,0,0.998629,True,-0.139882,0.527986,-0.302668,-0.141925,0.52369,-0.330939
114,3.8,30.0,294,1,0.99847,True,-0.154423,0.500719,-0.306698,-0.156497,0.494482,-0.334602
114,3.8,30.0,294,2,0.998051,True,-0.154631,0.498104,-0.294237,-0.157397,0.490598,-0.320985
114,3.8,30.0,294,3,0.998715,True,-0.155476,0.497715,-0.296404,-0.158722,0.490495,-0.323556
114,3.8,30.0,294,4,0.999077,True,-0.157403,0.501604,-0.332721,-0.162631,0.490492,-0.359708
114,3.8,30.0,294,5,0.99906,True,-0.153432,0.500017,-0.338358,-0.158988,0.489103,-0.370877
114,3.8,30.0,294,6,0.999434,True,-0.152596,0.486539,-0.323233,-0.158301,0.476201,-0.350327
114,3.8,30.0,294,7,0.999003,True,-0.069544,0.469335,-0.223118,-0.069029,0.469306,-0.240902
114,3.8,30.0,294,8,0.998641,True,-0.137384,0.37816,-0.309942,-0.143249,0.362734,-0.33518
114,3.8,30.0,294,9,0.998613,True,-0.07405,0.51527,-0.272138,-0.074704,0.507231,-0.29718
114,3.8,30.0,294,10,0.998796,True,-0.091775,0.478183,-0.32274,-0.093984,0.471468,-0.350437
114,3.8,30.0,294,11,0.99976,True,0.101812,0.424922,-0.089376,0.116905,0.432965,-0.112729
114,3.8,30.0,294,12,0.999619,True,-0.074359,0.448979,-0.176797,-0.082064,0.444755,-0.195973
114,3.8,30.0,294,13,0.674856,True,0.108263,0.657008,-0.016137,0.176528,0.7066,-0.046877
114,3.8,30.0,294,14,0.536518,True,-0.170335,0.481889,-0.1881,-0.237411,0.451854,-0.280878
114,3.8,30.0,294,15,0.704995,True,0.164953,0.812173,0.058417,0.186635,0.875334,0.030689
114,3.8,30.0,294,16,0.495997,True,-0.32354,0.542936,-0.2029,-0.442641,0.457578,-0.370773
114,3.8,30.0,294,17,0.699755,True,0.144252,0.848199,0.07735,0.172395,0.901775,0.048613
114,3.8,30.0,294,18,0.478348,True,-0.325949,0.498888,-0.234727,-0.461814,0.435041,-0.403281
114,3.8,30.0,294,19,0.708253,True,0.081945,0.859465,0.059198,0.157368,0.915113,0.03117
114,3.8,30.0,294,20,0.469948,True,-0.312385,0.505395,-0.243136,-0.441099,0.436056,-0.421232
114,3.8,30.0,294,21,0.682793,True,0.160504,0.800093,0.051097,0.186129,0.86124,0.024227
114,3.8,30.0,294,22,0.440436,True,-0.328568,0.54934,-0.214225,-0.446725,0.451929,-0.387047
114,3.8,30.0,294,23,0.999982,True,0.057977,-0.015673,0.063812,0.060307,-0.018433,0.068226
114,3.8,30.0,294,24,0.999954,True,-0.05614,0.020236,-0.058986,-0.058693,0.022662,-0.06222
114,3.8,30.0,294,25,0.903733,True,-0.048645,-0.419668,0.074739,-0.033622,-0.453837,0.075917
114,3.8,30.0,294,26,0.693805,True,-0.36611,-0.059065,-0.079614,-0.353941,-0.036497,-0.078781
114,3.8,30.0,294,27,0.930712,True,-0.114035,-0.812499,0.19915,-0.121374,-0.819821,0.19178
114,3.8,30.0,294,28,0.629686,True,-0.44961,0.215286,0.10033,-0.485466,0.242451,0.112352
114,3.8,30.0,294,29,0.918016,True,-0.140276,-0.847913,0.222348,-0.151938,-0.855523,0.214068
114,3.8,30.0,294,30,0.70637,True,-0.464583,0.258839,0.085793,-0.500286,0.289478,0.098522
114,3.8,30.0,294,31,0.918104,True,-0.120916,-0.890462,0.194528,-0.100567,-0.895654,0.165075
114,3.8,30.0,294,32,0.678217,True,-0.467902,0.379931,0.080421,-0.508449,0.42456,0.083662
115,3.8333333333333335,30.0,295,0,0.998628,True,-0.173155,0.526411,-0.262461,-0.188292,0.512726,-0.251874
115,3.8333333333333335,30.0,295,1,0.998444,True,-0.188432,0.495355,-0.264502,-0.20241,0.475174,-0.248081
115,3.8333333333333335,30.0,295,2,0.998009,True,-0.18852,0.491978,-0.25224,-0.202093,0.471099,-0.237319
115,3.8333333333333335,30.0,295,3,0.998708,True,-0.189267,0.491632,-0.254643,-0.203108,0.47016,-0.240422
115,3.8333333333333335,30.0,295,4,0.999077,True,-0.189962,0.49673,-0.291492,-0.200574,0.473917,-0.277763
115,3.8333333333333335,30.0,295,5,0.99907,True,-0.185859,0.49478,-0.299405,-0.198206,0.472106,-0.285386
115,3.8333333333333335,30.0,295,6,0.999437,True,-0.185034,0.482076,-0.283053,-0.19545,0.457796,-0.267693
115,3.8333333333333335,30.0,295,7,0.999027,True,-0.100156,0.459349,-0.192415,-0.098721,0.449074,-0.188261
115,3.8333333333333335,30.0,295,8,0.998652,True,-0.155073,0.364138,-0.278911,-0.157348,0.344662,-0.263911
115,3.8333333333333335,30.0,295,9,0.998621,True,-0.104488,0.514252,-0.234736,-0.11545,0.506472,-0.224112
115,3.8333333333333335,30.0,295,10,0.998792,True,-0.120387,0.47513,-0.285945,-0.132201,0.465608,-0.274222
115,3.8333333333333335,30.0,295,11,0.999778,True,0.073576,0.427279,-0.057988,0.111875,0.432224,-0.073879
115,3.8333333333333335,30.0,295,12,0.99963,True,-0.065453,0.440853,-0.166144,-0.093032,0.421582,-0.133298
115,3.8333333333333335,30.0,295,13,0.649676,True,0.079729,0.6504,0.008532,0.141719,0.688022,0.002699
115,3.8333333333333335,30.0,295,14,0.557742,True,-0.128312,0.478903,-0.179517,-0.22124,0.419136,-0.081287
115,3.8333333333333335,30.0,295,15,0.696687,True,0.067624,0.798255,0.097546,0.181173,0.851042,0.137833
115,3.8333333333333335,30.0,295,16,0.530328,True,-0.288366,0.532682,-0.176475,-0.379022,0.436485,-0.021854
115,3.8333333333333335,30.0,295,17,0.697185,True,0.039981,0.833599,0.120374,0.15146,0.894315,0.161261
115,3.8333333333333335,30.0,295,18,0.512983,True,-0.29311,0.455464,-0.209992,-0.38036,0.432487,-0.040974
115,3.8333333333333335,30.0,295,19,0.706535,True,0.019497,0.838873,0.105261,0.114254,0.898233,0.148567
115,3.8333333333333335,30.0,295,20,0.502739,True,-0.288756,0.455239,-0.21504,-0.364403,0.440204,-0.048911
115,3.8333333333333335,30.0,295,21,0.682002,True,0.062285,0.783327,0.094194,0.167278,0.838102,0.13399
115,3.8333333333333335,30.0,295,22,0.471797,True,-0.297496,0.538265,-0.18613,-0.383387,0.440419,-0.032404
115,3.8333333333333335,30.0,295,23,0.999983,True,0.048863,-0.013936,0.076092,0.061243,-0.018067,0.059149
115,3.8333333333333335,30.0,295,24,0.999957,True,-0.047279,0.018926,-0.070877,-0.06011,0.022413,-0.053944
115,3.8333333333333335,30.0,295,25,0.913131,True,-0.033885,-0.41602,0.085089,-0.022159,-0.45138,0.05298
115,3.8333333333333335,30.0,295,26,0.723239,True,-0.320949,-0.084407,-0.090059,-0.345588,-0.042994,-0.05391
115,3.8333333333333335,30.0,295,27,0.937418,True,-0.107594,-0.812495,0.209376,-0.11108,-0.816658,0.165784
115,3.8333333333333335,30.0,295,28,0.662785,True,-0.427151,0.215981,0.055792,-0.453265,0.216521,0.142315
115,3.8333333333333335,30.0,295,29,0.92558,True,-0.13614,-0.848633,0.23309,-0.13987,-0.851957,0.186595
115,3.8333333333333335,30.0,295,30,0.730883,True,-0.44355,0.262201,0.038288,-0.467977,0.259374,0.129183
115,3.8333333333333335,30.0,295,31,0.925672,True,-0.100209,-0.889095,0.214388,-0.090323,-0.892101,0.165348
115,3.8333333333333335,30.0,295,32,0.70482,True,-0.439617,0.39111,0.031771,-0.470356,0.388474,0.136612
116,3.8666666666666667,30.0,296,0,0.998713,True,-0.176333,0.51595,-0.211273,-0.195497,0.545415,-0.125369
116,3.8666666666666667,30.0,296,1,0.998567,True,-0.193622,0.485683,-0.214571,-0.203821,0.502676,-0.127923
116,3.8666666666666667,30.0,296,2,0.998158,True,-0.19323,0.482481,-0.2025,-0.203324,0.501097,-0.116202
116,3.8666666666666667,30.0,296,3,0.998815,True,-0.193909,0.482089,-0.205389,-0.203483,0.50074,-0.120396
116,3.8666666666666667,30.0,296,4,0.999142,True,-0.190619,0.488474,-0.240032,-0.193195,0.514232,-0.159722
116,3.8666666666666667,30.0,296,5,0.999135,True,-0.18768,0.485748,-0.257113,-0.190527,0.511941,-0.169885
116,3.8666666666666667,30.0,296,6,0.999478,True,-0.18594,0.474455,-0.232084,-0.187229,0.498781,-0.151588
116,3.8666666666666667,30.0,296,7,0.999095,True,-0.116591,0.444369,-0.165447,-0.12125,0.445844,-0.093397
116,3.8666666666666667,30.0,296,8,0.998701,True,-0.143359,0.350952,-0.24212,-0.130877,0.379499,-0.177469
116,3.8666666666666667,30.0,296,9,0.998614,True,-0.113764,0.504338,-0.1888,-0.136228,0.529923,-0.109066
116,3.8666666666666667,30.0,296,10,0.998762,True,-0.125897,0.463338,-0.236617,-0.138557,0.498006,-0.161805
116,3.8666666666666667,30.0,296,11,0.999781,True,0.030436,0.421914,-0.034585,-0.008949,0.406103,0.044657
116,3.8666666666666667,30.0,296,12,0.999641,True,-0.028008,0.425062,-0.142643,-0.03639,0.47791,-0.102164
116,3.8666666666666667,30.0,296,13,0.587003,True,0.02791,0.63541,0.02327,-0.105879,0.470256,0.130959
116,3.8666666666666667,30.0,296,14,0.595602,True,-0.026815,0.469481,-0.169702,0.019657,0.599155,-0.07551
116,3.8666666666666667,30.0,296,15,0.633174,True,-0.022598,0.775719,0.101007,-0.18095,0.510458,0.249172
116,3.8666666666666667,30.0,296,16,0.569436,True,-0.167882,0.516741,-0.15371,-0.077321,0.779235,0.014869
116,3.8666666666666667,30.0,296,17,0.637555,True,-0.054882,0.811501,0.123125,-0.218532,0.528269,0.29085
116,3.8666666666666667,30.0,296,18,0.550743,False,-0.169234,0.430782,-0.190432,-0.060369,0.833746,-0.013106
116,3.8666666666666667,30.0,296,19,0.646249,True,-0.057048,0.805912,0.110238,-0.216862,0.526548,0.2754
116,3.8666666666666667,30.0,296,20,0.538185,False,-0.17484,0.426172,-0.192329,-0.074625,0.861708,-0.000272
116,3.8666666666666667,30.0,296,21,0.622607,True,-0.02715,0.756479,0.099811,-0.178669,0.491024,0.247702
116,3.8666666666666667,30.0,296,22,0.503924,True,-0.181069,0.52262,-0.161447,-0.092868,0.802778,0.014577
116,3.8666666666666667,30.0,296,23,0.999985,True,0.027292,-0.008315,0.07971,0.028423,-0.018166,0.085679
116,3.8666666666666667,30.0,296,24,0.999961,True,-0.02581,0.013541,-0.074407,-0.027373,0.022789,-0.080628
116,3.8666666666666667,30.0,296,25,0.914849,True,-0.031958,-0.387354,0.080688,-0.041856,-0.450223,0.079862
116,3.8666666666666667,30.0,296,26,0.748599,True,-0.213678,-0.13928,-0.094169,-0.260319,-0.057015,-0.066429
116,3.8666666666666667,30.0,296,27,0.941572,True,-0.09364,-0.807641,0.190889,-0.101773,-0.813483,0.14564
116,3.8666666666666667,30.0,296,28,0.692478,True,-0.330349,0.196077,0.016191,-0.316085,0.149563,0.063717
116,3.8666666666666667,30.0,296,29,0.931116,True,-0.122732,-0.844527,0.212788,-0.130543,-0.850583,0.163221
116,3.8666666666666667,30.0,296,30,0.753531,True,-0.347699,0.24219,-0.005414,-0.333124,0.191155,0.043423
116,3.8666666666666667,30.0,296,31,0.929511,True,-0.08454,-0.883352,0.20917,-0.083132,-0.884767,0.158225
116,3.8666666666666667,30.0,296,32,0.72927,True,-0.331382,0.372755,-0.011883,-0.336012,0.310742,0.070868
117,3.9,30.0,297,0,0.99544,True,-0.152639,0.495631,-0.144632,-0.129126,0.520412,-0.179978
117,3.9,30.0,297,1,0.994956,True,-0.173557,0.471426,-0.151643,-0.156183,0.501309,-0.179585
117,3.9,30.0,297,2,0.992791,True,-0.172385,0.46937,-0.139399,-0.15502,0.499529,-0.165902
117,3.9,30.0,297,3,0.995975,True,-0.173057,0.468712,-0.143536,-0.155366,0.498768,-0.170732
117,3.9,30.0,297,4,0.997433,True,-0.16343,0.475146,-0.173863,-0.146966,0.50836,-0.201859
117,3.9,30.0,297,5,0.997189,True,-0.163581,0.471316,-0.205132,-0.142793,0.503256,-0.212506
117,3.9,30.0,297,6,0.998317,True,-0.159321,0.461808,-0.165421,-0.141347,0.496646,-0.196788
117,3.9,30.0,297,7,0.99555,True,-0.117408,0.428499,-0.129977,-0.128221,0.44488,-0.137988
117,3.9,30.0,297,8,0.994116,True,-0.111146,0.337844,-0.192905,-0.112824,0.361343,-0.190973
117,3.9,30.0,297,9,0.995245,True,-0.103003,0.484723,-0.128929,-0.086169,0.506071,-0.158742
117,3.9,30.0,297,10,0.994559,True,-0.111244,0.442335,-0.170704,-0.086664,0.460587,-0.203606
117,3.9,30.0,297,11,0.999718,True,-0.013983,0.412317,-0.010856,-0.032323,0.419193,-0.024701
117,3.9,30.0,297,12,0.999629,True,0.022922,0.400926,-0.094184,0.043111,0.408726,-0.150456
117,3.9,30.0,297,13,0.533987,True,-0.025662,0.625359,0.037033,-0.031775,0.674513,-0.005965
117,3.9,30.0,297,14,0.547383,True,0.091679,0.448283,-0.147343,0.171378,0.465114,-0.238857
117,3.9,30.0,297,15,0.575312,True,-0.077434,0.758378,0.088711,-0.069133,0.816603,0.005011
117,3.9,30.0,297,16,0.516095,True,-0.01504,0.486324,-0.130281,0.05729,0.494518,-0.292086
117,3.9,30.0,297,17,0.580533,True,-0.109295,0.794814,0.105796,-0.090489,0.872281,0.014215
117,3.9,30.0,297,18,0.499779,True,-0.009733,0.420745,-0.169567,0.059422,0.516263,-0.352654
117,3.9,30.0,297,19,0.588852,True,-0.1095,0.774855,0.094041,-0.108085,0.850313,0.009992
117,3.9,30.0,297,20,0.487901,True,-0.022749,0.415185,-0.170322,0.04342,0.497202,-0.351328
117,3.9,30.0,297,21,0.566853,True,-0.079002,0.734087,0.087077,-0.069254,0.799088,0.009265
117,3.9,30.0,297,22,0.456301,True,-0.031075,0.49283,-0.136813,0.04087,0.494754,-0.298774
117,3.9,30.0,297,23,0.999968,True,-0.000558,-0.001839,0.074547,-0.006567,0.010695,0.079367
117,3.9,30.0,297,24,0.999961,True,0.001994,0.006613,-0.069386,0.009204,-0.004955,-0.074104
117,3.9,30.0,297,25,0.823907,True,-0.039642,-0.359565,0.060888,-0.03467,-0.205844,0.092969
117,3.9,30.0,297,26,0.753617,True,-0.066926,-0.189158,-0.096219,-0.090089,-0.312113,-0.117586
117,3.9,30.0,297,27,0.847754,False,-0.077951,-0.801514,0.144401,-0.055433,0.103275,0.27452
117,3.9,30.0,297,28,0.699815,False,-0.185438,0.177606,-0.018837,-0.213391,-0.707749,-0.110674
117,3.9,30.0,297,29,0.840403,False,-0.106529,-0.839296,0.161928,-0.082967,0.139291,0.304954
117,3.9,30.0,297,30,0.725058,False,-0.203083,0.222247,-0.044397,-0.230212,-0.743315,-0.14046
117,3.9,30.0,297,31,0.837406,False,-0.078841,-0.87742,0.169654,-0.082553,0.206129,0.351941
117,3.9,30.0,297,32,0.707393,False,-0.17504,0.353908,-0.048684,-0.177128,-0.747281,-0.206449
118,3.933333333333333,30.0,298,0,0.994803,True,-0.110077,0.469568,-0.060408,-0.107278,0.436348,-0.229677
118,3.933333333333333,30.0,298,1,0.994324,True,-0.134718,0.454349,-0.071842,-0.123783,0.424739,-0.256723
118,3.933333333333333,30.0,298,2,0.991125,True,-0.132711,0.454278,-0.058755,-0.123816,0.4225,-0.244301
118,3.933333333333333,30.0,298,3,0.995382,True,-0.133431,0.453048,-0.06531,-0.124741,0.422305,-0.245904
118,3.933333333333333,30.0,298,4,0.997129,True,-0.115656,0.457963,-0.090323,-0.125464,0.422799,-0.26957
118,3.933333333333333,30.0,298,5,0.996748,True,-0.12069,0.452901,-0.134757,-0.124752,0.419636,-0.280831
118,3.933333333333333,30.0,298,6,0.998145,True,-0.112168,0.444996,-0.080355,-0.124198,0.410876,-0.260281
118,3.933333333333333,30.0,298,7,0.994338,True,-0.102726,0.4155,-0.075789,-0.089285,0.39977,-0.262138
118,3.933333333333333,30.0,298,8,0.99182,True,-0.067801,0.325688,-0.123115,-0.063777,0.293312,-0.264058
118,3.933333333333333,30.0,298,9,0.992888,True,-0.077428,0.459411,-0.05205,-0.064578,0.432117,-0.218719
118,3.933333333333333,30.0,298,10,0.992573,True,-0.082186,0.4169,-0.087125,-0.080552,0.383039,-0.250743
118,3.933333333333333,30.0,298,11,0.999708,True,-0.046647,0.402578,0.01954,-0.044894,0.402538,-0.128085
118,3.933333333333333,30.0,298,12,0.99941,True,0.068916,0.373227,-0.015289,0.096251,0.339612,-0.162906
118,3.933333333333333,30.0,298,13,0.488689,True,-0.060138,0.624422,0.05666,-0.012819,0.652703,-0.096751
118,3.933333333333333,30.0,298,14,0.495404,True,0.180362,0.418731,-0.096095,0.199498,0.345718,-0.204796
118,3.933333333333333,30.0,298,15,0.521502,True,-0.079619,0.74234,0.088339,-0.03765,0.813471,-0.053159
118,3.933333333333333,30.0,298,16,0.465696,True,0.112321,0.446549,-0.088771,0.104698,0.304174,-0.214939
118,3.933333333333333,30.0,298,17,0.527873,True,-0.104111,0.777301,0.098688,-0.071556,0.82736,-0.048745
118,3.933333333333333,30.0,298,18,0.451396,True,0.125452,0.419584,-0.127089,0.099025,0.294997,-0.256231
118,3.933333333333333,30.0,298,19,0.535559,True,-0.104994,0.741803,0.08727,-0.087234,0.796833,-0.069918
118,3.933333333333333,30.0,298,20,0.440616,True,0.111138,0.416201,-0.129175,0.07458,0.292847,-0.266327
118,3.933333333333333,30.0,298,21,0.515508,True,-0.075834,0.713171,0.083919,-0.038427,0.772005,-0.059486
118,3.933333333333333,30.0,298,22,0.4121,True,0.096073,0.453474,-0.095237,0.083526,0.301834,-0.225936
118,3.933333333333333,30.0,298,23,0.999971,True,-0.026944,0.001743,0.061101,-0.040826,0.008371,0.0705
118,3.933333333333333,30.0,298,24,0.999963,True,0.028243,0.001545,-0.056141,0.042185,-0.002673,-0.065595
118,3.933333333333333,30.0,298,25,0.795828,True,-0.048101,-0.360402,0.026284,-0.055252,-0.38011,0.046991
118,3.933333333333333,30.0,298,26,0.701056,True,0.0863,-0.196226,-0.091941,0.15722,-0.241429,-0.102546
118,3.933333333333333,30.0,298,27,0.826901,False,-0.062733,-0.799425,0.072154,-0.058568,-0.747198,0.051986
118,3.933333333333333,30.0,298,28,0.635921,False,-0.028569,0.176019,-0.038234,0.022352,0.001947,-0.047975
118,3.933333333333333,30.0,298,29,0.811544,False,-0.090607,-0.838264,0.08301,-0.08431,-0.785594,0.06258
118,3.933333333333333,30.0,298,30,0.661763,False,-0.045409,0.218482,-0.065812,0.003388,0.051124,-0.075209
118,3.933333333333333,30.0,298,31,0.79669,False,-0.080621,-0.875916,0.09018,-0.079385,-0.841048,0.056736
118,3.933333333333333,30.0,298,32,0.643562,False,-0.013188,0.355087,-0.064021,0.029095,0.185583,-0.050113
119,3.966666666666667,30.0,299,0,0.995024,True,-0.05742,0.44324,0.037527,-0.064721,0.431558,0.14775
119,3.966666666666667,30.0,299,1,0.994657,True,-0.084125,0.436902,0.022327,-0.104051,0.431016,0.131087
119,3.966666666666667,30.0,299,2,0.991605,True,-0.081455,0.439399,0.036966,-0.098859,0.432841,0.14329
119,3.966666666666667,30.0,299,3,0.995613,True,-0.082235,0.43732,0.026832,-0.099837,0.431179,0.134225
119,3.966666666666667,30.0,299,4,0.997313,True,-0.055203,0.439673,0.007093,-0.05966,0.430931,0.122177
119,3.966666666666667,30.0,299,5,0.99696,False,-0.066156,0.43345,-0.044093,-0.079274,0.424488,0.12095
119,3.966666666666667,30.0,299,6,0.998272,True,-0.052115,0.426544,0.019316,-0.05801,0.41719,0.137369
119,3.966666666666667,30.0,299,7,0.994645,True,-0.075292,0.407059,-0.002398,-0.08059,0.401332,0.085559
119,3.966666666666667,30.0,299,8,0.992337,False,-0.019873,0.315972,-0.032013,-0.024532,0.309462,0.146081
119,3.966666666666667,30.0,299,9,0.992762,True,-0.043489,0.433723,0.03862,-0.053191,0.421216,0.143255
119,3.966666666666667,30.0,299,10,0.992723,True,-0.044716,0.392833,0.009373,-0.060412,0.381178,0.126906
119,3.966666666666667,30.0,299,11,0.999714,True,-0.062856,0.395003,0.057101,-0.053986,0.391272,0.13869
119,3.966666666666667,30.0,299,12,0.999399,True,0.099373,0.347926,0.088243,0.103188,0.337788,0.236045
119,3.966666666666667,30.0,299,13,0.46437,True,-0.068462,0.628239,0.083557,-0.074025,0.643532,0.192107
119,3.966666666666667,30.0,299,14,0.4536,False,0.217314,0.388759,-0.00991,0.221496,0.367297,0.279198
119,3.966666666666667,30.0,299,15,0.490898,False,-0.030685,0.715094,0.11586,-0.050392,0.774872,0.377598
119,3.966666666666667,30.0,299,16,0.432786,False,0.186014,0.40976,-0.018178,0.221486,0.368661,0.380781
119,3.966666666666667,30.0,299,17,0.496183,False,-0.041105,0.744619,0.120539,-0.07273,0.824665,0.388366
119,3.966666666666667,30.0,299,18,0.421395,False,0.207109,0.423643,-0.050734,0.256972,0.427075,0.37747
119,3.966666666666667,30.0,299,19,0.501798,False,-0.036565,0.694361,0.109026,-0.070686,0.766461,0.391464
119,3.966666666666667,30.0,299,20,0.410162,False,0.198635,0.424335,-0.055898,0.255293,0.441837,0.372658
119,3.966666666666667,30.0,299,21,0.481555,False,-0.019524,0.681737,0.107201,-0.044053,0.743709,0.36573
119,3.966666666666667,30.0,299,22,0.383396,False,0.172673,0.416839,-0.025558,0.210108,0.382232,0.382204
119,3.966666666666667,30.0,299,23,0.999973,True,-0.047294,0.000534,0.041044,-0.044456,-0.002145,0.027394
119,3.966666666666667,30.0,299,24,0.999966,True,0.048289,0.000248,-0.036206,0.044796,0.001029,-0.022845
119,3.966666666666667,30.0,299,25,0.815063,True,-0.050707,-0.401027,-0.019825,-0.062099,-0.413772,-0.056464
119,3.966666666666667,30.0,299,26,0.711139,True,0.221573,-0.144398,-0.076204,0.268848,-0.133536,-0.08638
119,3.966666666666667,30.0,299,27,0.840335,True,-0.047861,-0.804677,-0.019647,-0.064938,-0.784621,-0.071151
119,3.966666666666667,30.0,299,28,0.616449,True,0.114993,0.194359,-0.033077,0.160554,0.2032,-0.00263
119,3.966666666666667,30.0,299,29,0.823831,True,-0.07533,-0.844682,-0.016978,-0.092971,-0.824272,-0.076418
119,3.966666666666667,30.0,299,30,0.652269,True,0.100251,0.233985,-0.05975,0.143734,0.249259,-0.028704
119,3.966666666666667,30.0,299,31,0.803056,True,-0.085063,-0.881169,-0.024064,-0.091766,-0.867196,-0.087354
119,3.966666666666667,30.0,299,32,0.615284,True,0.125737,0.380582,-0.047094,0.190037,0.395241,-0.000328
120,4.0,30.0,300,0,0.995504,True,-0.000985,0.418845,0.142145,0.00572,0.421999,0.207105
120,4.0,30.0,300,1,0.995174,True,-0.02799,0.420202,0.123992,-0.024576,0.42549,0.197364
120,4.0,30.0,300,2,0.992415,True,-0.024849,0.42555,0.140631,-0.020354,0.433188,0.215291
120,4.0,30.0,300,3,0.996034,True,-0.025678,0.422466,0.126219,-0.021551,0.428787,0.196769
120,4.0,30.0,300,4,0.997573,True,0.011068,0.421871,0.111392,0.021504,0.428991,0.178819
120,4.0,30.0,300,5,0.997254,True,-0.006132,0.41461,0.059474,0.000689,0.419684,0.178162
120,4.0,30.0,300,6,0.998438,True,0.013996,0.408167,0.126202,0.025677,0.415249,0.194859
120,4.0,30.0,300,7,0.995164,True,-0.04055,0.401976,0.082229,-0.042428,0.404692,0.161656
120,4.0,30.0,300,8,0.993075,True,0.0294,0.308581,0.072212,0.031292,0.316875,0.193625
120,4.0,30.0,300,9,0.993411,True,-0.006219,0.409834,0.13621,-0.005233,0.410252,0.201902
120,4.0,30.0,300,10,0.993399,True,-0.003583,0.371854,0.111773,0.00039,0.375386,0.172094
120,4.0,30.0,300,11,0.99974,True,-0.067725,0.389368,0.098507,-0.072228,0.389507,0.160467
120,4.0,30.0,300,12,0.999429,True,0.11706,0.326511,0.204403,0.109644,0.327657,0.258038
120,4.0,30.0,300,13,0.504552,True,-0.059052,0.632289,0.1148,-0.078333,0.642816,0.161276
120,4.0,30.0,300,14,0.45565,True,0.216162,0.362065,0.100012,0.205357,0.376218,0.218562
120,4.0,30.0,300,15,0.536315,True,0.049356,0.6745,0.165383,0.024884,0.696328,0.27263
120,4.0,30.0,300,16,0.459451,True,0.219035,0.380571,0.074444,0.214225,0.415615,0.236826
120,4.0,30.0,300,17,0.537852,True,0.057097,0.695353,0.166074,0.044396,0.727613,0.269547
120,4.0,30.0,300,18,0.447377,True,0.248033,0.430512,0.051019,0.249852,0.481003,0.221414
120,4.0,30.0,300,19,0.542254,True,0.073082,0.631476,0.154274,0.069354,0.65888,0.26507
120,4.0,30.0,300,20,0.434236,True,0.250135,0.436001,0.042043,0.253017,0.486546,0.214231
120,4.0,30.0,300,21,0.523249,True,0.069047,0.637522,0.151904,0.049838,0.66416,0.256522
120,4.0,30.0,300,22,0.4103,True,0.210713,0.387699,0.065636,0.207008,0.423821,0.232025
120,4.0,30.0,300,23,0.999976,True,-0.062541,-0.004236,0.017278,-0.061267,-0.004488,0.017062
120,4.0,30.0,300,24,0.999968,True,0.063107,0.001888,-0.012471,0.06212,0.002039,-0.01262
120,4.0,30.0,300,25,0.833469,True,-0.047555,-0.469479,-0.072079,-0.056807,-0.463253,-0.085462
120,4.0,30.0,300,26,0.737657,True,0.337772,-0.050954,-0.050892,0.34618,-0.070842,-0.072953
120,4.0,30.0,300,27,0.855707,True,-0.032794,-0.815658,-0.121803,-0.032623,-0.815111,-0.137726
120,4.0,30.0,300,28,0.641174,True,0.242854,0.225173,-0.0087,0.229402,0.205999,-0.038316
120,4.0,30.0,300,29,0.840555,True,-0.060146,-0.85687,-0.127986,-0.060392,-0.856122,-0.145982
120,4.0,30.0,300,30,0.68016,True,0.231098,0.261437,-0.032282,0.217815,0.240922,-0.073465
120,4.0,30.0,300,31,0.820654,True,-0.089398,-0.891382,-0.158133,-0.087618,-0.886899,-0.173592
120,4.0,30.0,300,32,0.63791,True,0.241927,0.421287,-0.005333,0.235548,0.397999,-0.063963
